repo,date,user,activity,month,weekday,hour
lsf,2026-09-15 21:13:57+00:00,Jonimz,Commit,2026-09,Tuesday,21
lsf,2026-09-15 20:31:16+00:00,Jonimz,Commit,2026-09,Tuesday,20
lsf,2026-09-15 20:21:38+00:00,Jonimz,Commit,2026-09,Tuesday,20
lsf,2026-09-15 15:26:07+00:00,bakobagassas,Commit,2026-09,Tuesday,15
lsf,2026-09-14 15:57:31+00:00,fritzj2,Commit,2026-09,Monday,15
lsf,2026-09-14 15:16:02+00:00,fritzj2,Commit,2026-09,Monday,15
lsf,2026-09-14 14:24:02+00:00,fritzj2,Commit,2026-09,Monday,14
lsf,2026-09-14 14:07:03+00:00,fritzj2,Commit,2026-09,Monday,14
lsf,2026-09-08 21:14:40+00:00,ArtemKurasov,Commit,2026-09,Tuesday,21
lsf,2026-09-04 18:18:59+00:00,Kafui123,Commit,2026-09,Friday,18
lsf,2026-09-03 18:50:18+00:00,Kafui123,Commit,2026-09,Thursday,18
lsf,2026-09-01 21:35:42+00:00,ArtemKurasov,Commit,2026-09,Tuesday,21
lsf,2026-09-01 19:42:52+00:00,Kafui123,Commit,2026-09,Tuesday,19
lsf,2026-08-31 15:16:14+00:00,Jonimz,Commit,2026-08,Monday,15
lsf,2026-08-27 22:13:34+00:00,Kafui123,Commit,2026-08,Thursday,22
lsf,2026-08-20 19:55:22+00:00,Kafui123,Commit,2026-08,Thursday,19
lsf,2026-08-19 14:26:41+00:00,MImran2002,Commit,2026-08,Wednesday,14
lsf,2026-08-19 14:25:31+00:00,MImran2002,Commit,2026-08,Wednesday,14
lsf,2026-07-30 19:10:15+00:00,brightfietsop-ux,Commit,2026-07,Thursday,19
lsf,2026-07-30 19:06:45+00:00,brightfietsop-ux,Commit,2026-07,Thursday,19
lsf,2026-07-08 17:54:30+00:00,MImran2002,Commit,2026-07,Wednesday,17
lsf,2026-07-06 23:10:31+00:00,BhushanSah,Commit,2026-07,Monday,23
lsf,2026-07-06 20:30:57+00:00,BhushanSah,Commit,2026-07,Monday,20
lsf,2026-07-06 18:42:26+00:00,MImran2002,Commit,2026-07,Monday,18
lsf,2026-07-01 14:38:24+00:00,MImran2002,Commit,2026-07,Wednesday,14
lsf,2026-07-01 14:26:08+00:00,MImran2002,Commit,2026-07,Wednesday,14
lsf,2026-07-01 13:56:10+00:00,johnlolonga19,Commit,2026-07,Wednesday,13
lsf,2026-06-30 20:58:13+00:00,sheggen,Commit,2026-06,Tuesday,20
lsf,2026-06-23 15:55:40+00:00,NYABUTOA,Commit,2026-06,Tuesday,15
lsf,2026-06-22 21:18:07+00:00,BetterRocket,Commit,2026-06,Monday,21
lsf,2026-06-22 21:11:20+00:00,BetterRocket,Commit,2026-06,Monday,21
lsf,2026-06-22 21:03:08+00:00,BetterRocket,Commit,2026-06,Monday,21
lsf,2026-06-22 21:01:48+00:00,BetterRocket,Commit,2026-06,Monday,21
lsf,2026-06-22 20:56:43+00:00,BetterRocket,Commit,2026-06,Monday,20
lsf,2026-06-22 20:20:27+00:00,BhushanSah,Commit,2026-06,Monday,20
lsf,2026-06-22 18:11:10+00:00,BhushanSah,Commit,2026-06,Monday,18
lsf,2026-06-22 17:48:13+00:00,BhushanSah,Commit,2026-06,Monday,17
lsf,2026-06-22 16:04:24+00:00,BhushanSah,Commit,2026-06,Monday,16
lsf,2026-06-22 15:36:04+00:00,BhushanSah,Commit,2026-06,Monday,15
lsf,2026-06-20 16:48:48+00:00,BhushanSah,Commit,2026-06,Saturday,16
lsf,2026-06-19 14:17:28+00:00,BhushanSah,Commit,2026-06,Friday,14
lsf,2026-06-18 20:50:31+00:00,ACBerea,Commit,2026-06,Thursday,20
lsf,2026-06-18 19:58:05+00:00,ACBerea,Commit,2026-06,Thursday,19
lsf,2026-06-18 19:00:55+00:00,ACBerea,Commit,2026-06,Thursday,19
lsf,2026-06-18 17:37:00+00:00,ACBerea,Commit,2026-06,Thursday,17
lsf,2026-06-18 17:16:26+00:00,ACBerea,Commit,2026-06,Thursday,17
lsf,2026-06-18 16:00:25+00:00,ACBerea,Commit,2026-06,Thursday,16
lsf,2026-06-18 14:47:03+00:00,ACBerea,Commit,2026-06,Thursday,14
lsf,2026-06-17 21:23:54+00:00,ACBerea,Commit,2026-06,Wednesday,21
lsf,2026-06-12 21:25:45+00:00,MImran2002,Commit,2026-06,Friday,21
lsf,2026-06-12 21:23:31+00:00,MImran2002,Commit,2026-06,Friday,21
lsf,2026-06-12 21:22:58+00:00,MImran2002,Commit,2026-06,Friday,21
lsf,2026-06-12 21:20:22+00:00,MImran2002,Commit,2026-06,Friday,21
lsf,2026-06-12 20:02:29+00:00,MImran2002,Commit,2026-06,Friday,20
lsf,2026-06-12 20:00:49+00:00,MImran2002,Commit,2026-06,Friday,20
lsf,2026-06-12 20:00:17+00:00,MImran2002,Commit,2026-06,Friday,20
lsf,2026-06-12 19:59:02+00:00,MImran2002,Commit,2026-06,Friday,19
lsf,2026-06-12 19:53:56+00:00,MImran2002,Commit,2026-06,Friday,19
lsf,2026-06-12 19:49:07+00:00,MImran2002,Commit,2026-06,Friday,19
lsf,2026-06-12 19:31:53+00:00,MImran2002,Commit,2026-06,Friday,19
lsf,2026-06-12 18:14:27+00:00,MImran2002,Commit,2026-06,Friday,18
lsf,2026-06-12 18:04:50+00:00,MImran2002,Commit,2026-06,Friday,18
lsf,2026-06-12 17:46:09+00:00,MImran2002,Commit,2026-06,Friday,17
lsf,2026-06-11 15:22:04+00:00,MImran2002,Commit,2026-06,Thursday,15
lsf,2026-06-11 15:16:09+00:00,MImran2002,Commit,2026-06,Thursday,15
lsf,2026-06-08 16:11:23+00:00,MImran2002,Commit,2026-06,Monday,16
lsf,2026-06-08 15:46:05+00:00,MImran2002,Commit,2026-06,Monday,15
lsf,2026-06-08 15:21:00+00:00,MImran2002,Commit,2026-06,Monday,15
lsf,2026-06-08 15:19:17+00:00,MImran2002,Commit,2026-06,Monday,15
lsf,2026-06-08 15:05:09+00:00,MImran2002,Commit,2026-06,Monday,15
lsf,2026-06-05 20:20:55+00:00,MImran2002,Commit,2026-06,Friday,20
lsf,2026-06-05 20:04:14+00:00,MImran2002,Commit,2026-06,Friday,20
lsf,2026-06-05 16:57:08+00:00,MImran2002,Commit,2026-06,Friday,16
lsf,2026-05-02 17:50:04+00:00,Jonimz,Commit,2026-05,Saturday,17
lsf,2026-04-21 19:36:24+00:00,bakobagassas,Commit,2026-04,Tuesday,19
lsf,2026-04-16 20:08:25+00:00,Kafui123,Commit,2026-04,Thursday,20
lsf,2026-04-16 19:28:47+00:00,Kafui123,Commit,2026-04,Thursday,19
lsf,2026-04-15 21:51:49+00:00,Kafui123,Commit,2026-04,Wednesday,21
lsf,2026-04-15 20:44:47+00:00,Kafui123,Commit,2026-04,Wednesday,20
lsf,2026-04-14 20:36:10+00:00,MImran2002,Commit,2026-04,Tuesday,20
lsf,2026-04-14 20:28:29+00:00,RueHaile,Commit,2026-04,Tuesday,20
lsf,2026-04-13 23:10:22+00:00,Jonimz,Commit,2026-04,Monday,23
lsf,2026-04-09 21:35:27+00:00,RueHaile,Commit,2026-04,Thursday,21
lsf,2026-04-09 20:04:04+00:00,JohnCox2211,Commit,2026-04,Thursday,20
lsf,2026-04-09 19:55:04+00:00,RueHaile,Commit,2026-04,Thursday,19
lsf,2026-04-08 23:59:32+00:00,Jonimz,Commit,2026-04,Wednesday,23
lsf,2026-04-08 23:51:36+00:00,Jonimz,Commit,2026-04,Wednesday,23
lsf,2026-04-08 23:39:25+00:00,Jonimz,Commit,2026-04,Wednesday,23
lsf,2026-04-06 22:01:12+00:00,RueHaile,Commit,2026-04,Monday,22
lsf,2026-04-06 21:59:58+00:00,RueHaile,Commit,2026-04,Monday,21
lsf,2026-04-06 20:27:34+00:00,JohnCox2211,Commit,2026-04,Monday,20
lsf,2026-04-06 20:25:27+00:00,RueHaile,Commit,2026-04,Monday,20
lsf,2026-04-06 20:05:44+00:00,JohnCox2211,Commit,2026-04,Monday,20
lsf,2026-04-03 23:45:07+00:00,RueHaile,Commit,2026-04,Friday,23
lsf,2026-04-02 18:52:35+00:00,Kafui123,Commit,2026-04,Thursday,18
lsf,2026-04-02 17:36:07+00:00,Kafui123,Commit,2026-04,Thursday,17
lsf,2026-04-01 21:04:10+00:00,JohnCox2211,Commit,2026-04,Wednesday,21
lsf,2026-04-01 21:01:31+00:00,JohnCox2211,Commit,2026-04,Wednesday,21
lsf,2026-04-01 19:16:47+00:00,Arohasina,Commit,2026-04,Wednesday,19
lsf,2026-04-01 04:10:25+00:00,Kafui123,Commit,2026-04,Wednesday,4
lsf,2026-03-31 20:48:40+00:00,Kafui123,Commit,2026-03,Tuesday,20
lsf,2026-03-31 20:28:37+00:00,JohnCox2211,Commit,2026-03,Tuesday,20
lsf,2026-03-31 20:28:17+00:00,JohnCox2211,Commit,2026-03,Tuesday,20
lsf,2026-03-31 20:24:36+00:00,Kafui123,Commit,2026-03,Tuesday,20
lsf,2026-03-31 20:06:27+00:00,JohnCox2211,Commit,2026-03,Tuesday,20
lsf,2026-03-31 19:28:54+00:00,JohnCox2211,Commit,2026-03,Tuesday,19
lsf,2026-03-31 18:49:37+00:00,JohnCox2211,Commit,2026-03,Tuesday,18
lsf,2026-03-31 18:12:13+00:00,JohnCox2211,Commit,2026-03,Tuesday,18
lsf,2026-03-30 22:22:49+00:00,Jonimz,Commit,2026-03,Monday,22
lsf,2026-03-27 20:28:23+00:00,Kafui123,Commit,2026-03,Friday,20
lsf,2026-03-27 20:22:10+00:00,Kafui123,Commit,2026-03,Friday,20
lsf,2026-03-26 20:59:44+00:00,Kafui123,Commit,2026-03,Thursday,20
lsf,2026-03-26 19:52:29+00:00,JohnCox2211,Commit,2026-03,Thursday,19
lsf,2026-03-25 20:55:44+00:00,Arohasina,Commit,2026-03,Wednesday,20
lsf,2026-03-24 21:17:52+00:00,MImran2002,Commit,2026-03,Tuesday,21
lsf,2026-03-24 21:04:16+00:00,MImran2002,Commit,2026-03,Tuesday,21
lsf,2026-03-24 19:55:23+00:00,JohnCox2211,Commit,2026-03,Tuesday,19
lsf,2026-03-24 16:23:39+00:00,RueHaile,Commit,2026-03,Tuesday,16
lsf,2026-03-24 16:15:20+00:00,RueHaile,Commit,2026-03,Tuesday,16
lsf,2026-03-24 15:41:55+00:00,RueHaile,Commit,2026-03,Tuesday,15
lsf,2026-03-23 20:00:15+00:00,RueHaile,Commit,2026-03,Monday,20
lsf,2026-03-22 22:49:22+00:00,MImran2002,Commit,2026-03,Sunday,22
lsf,2026-03-18 14:11:19+00:00,MImran2002,Commit,2026-03,Wednesday,14
lsf,2026-03-17 21:15:19+00:00,RueHaile,Commit,2026-03,Tuesday,21
lsf,2026-03-17 18:10:32+00:00,Kafui123,Commit,2026-03,Tuesday,18
lsf,2026-03-16 18:43:46+00:00,Jonimz,Commit,2026-03,Monday,18
lsf,2026-03-10 18:11:52+00:00,JohnCox2211,Commit,2026-03,Tuesday,18
lsf,2026-03-02 23:25:49+00:00,RueHaile,Commit,2026-03,Monday,23
lsf,2026-03-02 21:10:03+00:00,RueHaile,Commit,2026-03,Monday,21
lsf,2026-02-26 20:36:31+00:00,Kafui123,Commit,2026-02,Thursday,20
lsf,2026-02-25 21:58:51+00:00,JohnCox2211,Commit,2026-02,Wednesday,21
lsf,2026-02-25 21:44:39+00:00,JohnCox2211,Commit,2026-02,Wednesday,21
lsf,2026-02-17 21:01:24+00:00,RueHaile,Commit,2026-02,Tuesday,21
lsf,2026-02-17 20:39:34+00:00,RueHaile,Commit,2026-02,Tuesday,20
lsf,2026-02-16 21:38:07+00:00,JohnCox2211,Commit,2026-02,Monday,21
lsf,2026-02-16 20:54:09+00:00,RueHaile,Commit,2026-02,Monday,20
lsf,2026-02-11 21:24:19+00:00,JohnCox2211,Commit,2026-02,Wednesday,21
lsf,2026-02-11 20:15:45+00:00,JohnCox2211,Commit,2026-02,Wednesday,20
lsf,2026-02-10 23:07:58+00:00,RueHaile,Commit,2026-02,Tuesday,23
lsf,2026-02-10 22:06:30+00:00,JohnCox2211,Commit,2026-02,Tuesday,22
lsf,2026-02-10 22:01:54+00:00,JohnCox2211,Commit,2026-02,Tuesday,22
lsf,2026-02-05 20:24:23+00:00,Meatchema,Commit,2026-02,Thursday,20
lsf,2026-02-02 21:39:30+00:00,RueHaile,Commit,2026-02,Monday,21
lsf,2026-01-29 20:31:13+00:00,JohnCox2211,Commit,2026-01,Thursday,20
lsf,2026-01-29 20:26:10+00:00,RueHaile,Commit,2026-01,Thursday,20
lsf,2026-01-29 20:13:47+00:00,JohnCox2211,Commit,2026-01,Thursday,20
lsf,2026-01-28 21:50:31+00:00,JohnCox2211,Commit,2026-01,Wednesday,21
lsf,2026-01-22 21:49:43+00:00,JohnCox2211,Commit,2026-01,Thursday,21
lsf,2026-01-22 21:49:19+00:00,JohnCox2211,Commit,2026-01,Thursday,21
lsf,2026-01-21 23:15:05+00:00,MImran2002,Commit,2026-01,Wednesday,23
lsf,2026-01-20 20:07:03+00:00,JohnCox2211,Commit,2026-01,Tuesday,20
lsf,2026-01-17 02:57:58+00:00,RueHaile,Commit,2026-01,Saturday,2
lsf,2025-11-24 13:43:39+00:00,Meatchema,Commit,2025-11,Monday,13
lsf,2025-11-21 04:20:38+00:00,RueHaile,Commit,2025-11,Friday,4
lsf,2025-11-20 21:34:57+00:00,RueHaile,Commit,2025-11,Thursday,21
lsf,2025-11-20 21:24:12+00:00,MImran2002,Commit,2025-11,Thursday,21
lsf,2025-11-20 21:23:45+00:00,MImran2002,Commit,2025-11,Thursday,21
lsf,2025-11-20 21:23:15+00:00,MImran2002,Commit,2025-11,Thursday,21
lsf,2025-11-19 16:27:50+00:00,ojmakinde,Commit,2025-11,Wednesday,16
lsf,2025-11-18 20:11:55+00:00,ojmakinde,Commit,2025-11,Tuesday,20
lsf,2025-11-17 19:40:39+00:00,RueHaile,Commit,2025-11,Monday,19
lsf,2025-11-17 19:36:52+00:00,RueHaile,Commit,2025-11,Monday,19
lsf,2025-11-14 22:18:42+00:00,MImran2002,Commit,2025-11,Friday,22
lsf,2025-11-14 15:30:49+00:00,MImran2002,Commit,2025-11,Friday,15
lsf,2025-11-14 15:28:35+00:00,MImran2002,Commit,2025-11,Friday,15
lsf,2025-11-14 15:28:31+00:00,MImran2002,Commit,2025-11,Friday,15
lsf,2025-11-12 19:44:52+00:00,JohnCox2211,Commit,2025-11,Wednesday,19
lsf,2025-11-12 18:59:59+00:00,ojmakinde,Commit,2025-11,Wednesday,18
lsf,2025-11-12 18:55:46+00:00,ojmakinde,Commit,2025-11,Wednesday,18
lsf,2025-11-11 20:58:08+00:00,Meatchema,Commit,2025-11,Tuesday,20
lsf,2025-11-11 20:32:31+00:00,JohnCox2211,Commit,2025-11,Tuesday,20
lsf,2025-11-11 16:54:06+00:00,ojmakinde,Commit,2025-11,Tuesday,16
lsf,2025-11-11 15:26:17+00:00,ojmakinde,Commit,2025-11,Tuesday,15
lsf,2025-11-10 22:45:14+00:00,RueHaile,Commit,2025-11,Monday,22
lsf,2025-11-10 19:13:11+00:00,MImran2002,Commit,2025-11,Monday,19
lsf,2025-11-10 19:12:45+00:00,MImran2002,Commit,2025-11,Monday,19
lsf,2025-11-10 19:12:05+00:00,MImran2002,Commit,2025-11,Monday,19
lsf,2025-11-10 17:06:36+00:00,eunsungw,Commit,2025-11,Monday,17
lsf,2025-11-10 14:56:14+00:00,Meatchema,Commit,2025-11,Monday,14
lsf,2025-11-10 14:53:21+00:00,Meatchema,Commit,2025-11,Monday,14
lsf,2025-11-07 19:59:07+00:00,eunsungw,Commit,2025-11,Friday,19
lsf,2025-11-06 14:41:40+00:00,MImran2002,Commit,2025-11,Thursday,14
lsf,2025-11-06 01:07:59+00:00,MImran2002,Commit,2025-11,Thursday,1
lsf,2025-11-05 20:24:53+00:00,JohnCox2211,Commit,2025-11,Wednesday,20
lsf,2025-11-04 22:43:28+00:00,JohnCox2211,Commit,2025-11,Tuesday,22
lsf,2025-11-04 22:41:17+00:00,JohnCox2211,Commit,2025-11,Tuesday,22
lsf,2025-11-04 22:34:46+00:00,MImran2002,Commit,2025-11,Tuesday,22
lsf,2025-11-04 22:24:17+00:00,MImran2002,Commit,2025-11,Tuesday,22
lsf,2025-11-04 22:21:43+00:00,MImran2002,Commit,2025-11,Tuesday,22
lsf,2025-11-04 22:07:35+00:00,JohnCox2211,Commit,2025-11,Tuesday,22
lsf,2025-11-04 22:07:29+00:00,JohnCox2211,Commit,2025-11,Tuesday,22
lsf,2025-11-04 20:48:18+00:00,JohnCox2211,Commit,2025-11,Tuesday,20
lsf,2025-11-04 20:26:14+00:00,JohnCox2211,Commit,2025-11,Tuesday,20
lsf,2025-11-04 20:22:54+00:00,JohnCox2211,Commit,2025-11,Tuesday,20
lsf,2025-11-04 20:15:27+00:00,JohnCox2211,Commit,2025-11,Tuesday,20
lsf,2025-11-03 23:31:49+00:00,MImran2002,Commit,2025-11,Monday,23
lsf,2025-11-03 21:18:28+00:00,JohnCox2211,Commit,2025-11,Monday,21
lsf,2025-10-29 22:17:08+00:00,JohnCox2211,Commit,2025-10,Wednesday,22
lsf,2025-10-29 19:27:10+00:00,JohnCox2211,Commit,2025-10,Wednesday,19
lsf,2025-10-29 19:25:16+00:00,JohnCox2211,Commit,2025-10,Wednesday,19
lsf,2025-10-23 21:33:09+00:00,JohnCox2211,Commit,2025-10,Thursday,21
lsf,2025-10-23 21:32:09+00:00,JohnCox2211,Commit,2025-10,Thursday,21
lsf,2025-10-23 20:59:07+00:00,JohnCox2211,Commit,2025-10,Thursday,20
lsf,2025-10-22 21:42:05+00:00,JohnCox2211,Commit,2025-10,Wednesday,21
lsf,2025-10-22 18:32:48+00:00,JohnCox2211,Commit,2025-10,Wednesday,18
lsf,2025-10-15 22:10:30+00:00,JohnCox2211,Commit,2025-10,Wednesday,22
lsf,2025-10-15 19:59:54+00:00,JohnCox2211,Commit,2025-10,Wednesday,19
lsf,2025-10-15 19:50:28+00:00,JohnCox2211,Commit,2025-10,Wednesday,19
lsf,2025-10-15 19:47:24+00:00,JohnCox2211,Commit,2025-10,Wednesday,19
lsf,2025-10-15 19:27:26+00:00,JohnCox2211,Commit,2025-10,Wednesday,19
lsf,2025-10-15 19:11:04+00:00,ojmakinde,Commit,2025-10,Wednesday,19
lsf,2025-10-15 19:06:00+00:00,ojmakinde,Commit,2025-10,Wednesday,19
lsf,2025-10-14 16:16:35+00:00,ojmakinde,Commit,2025-10,Tuesday,16
lsf,2025-10-13 22:23:52+00:00,MImran2002,Commit,2025-10,Monday,22
lsf,2025-10-10 23:09:14+00:00,MImran2002,Commit,2025-10,Friday,23
lsf,2025-10-10 22:14:39+00:00,MImran2002,Commit,2025-10,Friday,22
lsf,2025-10-10 21:57:16+00:00,MImran2002,Commit,2025-10,Friday,21
lsf,2025-10-10 21:48:44+00:00,MImran2002,Commit,2025-10,Friday,21
lsf,2025-10-08 21:36:36+00:00,JohnCox2211,Commit,2025-10,Wednesday,21
lsf,2025-09-30 20:54:37+00:00,JohnCox2211,Commit,2025-09,Tuesday,20
lsf,2025-09-30 20:54:26+00:00,JohnCox2211,Commit,2025-09,Tuesday,20
lsf,2025-09-30 19:42:59+00:00,JohnCox2211,Commit,2025-09,Tuesday,19
lsf,2025-09-30 19:35:08+00:00,JohnCox2211,Commit,2025-09,Tuesday,19
lsf,2025-09-30 19:04:19+00:00,JohnCox2211,Commit,2025-09,Tuesday,19
lsf,2025-09-30 15:30:51+00:00,Karina-Agliullova,Commit,2025-09,Tuesday,15
lsf,2025-09-29 22:14:26+00:00,MImran2002,Commit,2025-09,Monday,22
lsf,2025-09-29 21:28:03+00:00,JohnCox2211,Commit,2025-09,Monday,21
lsf,2025-09-29 21:15:05+00:00,JohnCox2211,Commit,2025-09,Monday,21
lsf,2025-09-29 20:46:17+00:00,JohnCox2211,Commit,2025-09,Monday,20
lsf,2025-09-29 20:40:12+00:00,JohnCox2211,Commit,2025-09,Monday,20
lsf,2025-09-29 19:57:37+00:00,JohnCox2211,Commit,2025-09,Monday,19
lsf,2025-09-25 21:36:43+00:00,JohnCox2211,Commit,2025-09,Thursday,21
lsf,2025-09-25 21:34:16+00:00,JohnCox2211,Commit,2025-09,Thursday,21
lsf,2025-09-23 21:28:25+00:00,MImran2002,Commit,2025-09,Tuesday,21
lsf,2025-09-23 21:28:02+00:00,JohnCox2211,Commit,2025-09,Tuesday,21
lsf,2025-09-23 21:18:50+00:00,MImran2002,Commit,2025-09,Tuesday,21
lsf,2025-09-23 19:23:23+00:00,JohnCox2211,Commit,2025-09,Tuesday,19
lsf,2025-09-22 21:55:06+00:00,JohnCox2211,Commit,2025-09,Monday,21
lsf,2025-09-19 20:20:44+00:00,MImran2002,Commit,2025-09,Friday,20
lsf,2025-09-19 20:12:35+00:00,MImran2002,Commit,2025-09,Friday,20
lsf,2025-09-19 19:54:06+00:00,RueHaile,Commit,2025-09,Friday,19
lsf,2025-09-15 20:38:59+00:00,JohnCox2211,Commit,2025-09,Monday,20
lsf,2025-09-12 22:17:08+00:00,MImran2002,Commit,2025-09,Friday,22
lsf,2025-09-12 14:16:32+00:00,Ali Ramazani,Commit,2025-09,Friday,14
lsf,2025-09-11 20:05:35+00:00,JohnCox2211,Commit,2025-09,Thursday,20
lsf,2025-09-11 18:16:39+00:00,JohnCox2211,Commit,2025-09,Thursday,18
lsf,2025-09-11 16:33:32+00:00,ojmakinde,Commit,2025-09,Thursday,16
lsf,2025-09-11 16:31:44+00:00,ojmakinde,Commit,2025-09,Thursday,16
lsf,2025-09-10 23:36:07+00:00,MImran2002,Commit,2025-09,Wednesday,23
lsf,2025-09-10 20:48:20+00:00,JohnCox2211,Commit,2025-09,Wednesday,20
lsf,2025-09-10 19:31:26+00:00,ojmakinde,Commit,2025-09,Wednesday,19
lsf,2025-09-10 19:08:21+00:00,ojmakinde,Commit,2025-09,Wednesday,19
lsf,2025-09-10 18:51:25+00:00,ojmakinde,Commit,2025-09,Wednesday,18
lsf,2025-09-08 22:42:17+00:00,MImran2002,Commit,2025-09,Monday,22
lsf,2025-09-08 22:06:24+00:00,MImran2002,Commit,2025-09,Monday,22
lsf,2025-09-08 20:37:21+00:00,JohnCox2211,Commit,2025-09,Monday,20
lsf,2025-09-08 20:07:48+00:00,JohnCox2211,Commit,2025-09,Monday,20
lsf,2025-09-08 19:39:47+00:00,JohnCox2211,Commit,2025-09,Monday,19
lsf,2025-09-08 19:10:29+00:00,JohnCox2211,Commit,2025-09,Monday,19
lsf,2025-09-05 20:01:20+00:00,ojmakinde,Commit,2025-09,Friday,20
lsf,2025-09-05 19:34:47+00:00,ojmakinde,Commit,2025-09,Friday,19
lsf,2025-09-05 18:53:41+00:00,ojmakinde,Commit,2025-09,Friday,18
lsf,2025-09-05 18:35:36+00:00,ojmakinde,Commit,2025-09,Friday,18
lsf,2025-09-05 18:26:55+00:00,ojmakinde,Commit,2025-09,Friday,18
lsf,2025-09-05 18:08:08+00:00,ojmakinde,Commit,2025-09,Friday,18
lsf,2025-09-05 17:48:18+00:00,ojmakinde,Commit,2025-09,Friday,17
lsf,2025-09-05 16:20:58+00:00,ojmakinde,Commit,2025-09,Friday,16
lsf,2025-09-05 15:25:41+00:00,ojmakinde,Commit,2025-09,Friday,15
lsf,2025-09-05 15:10:03+00:00,ojmakinde,Commit,2025-09,Friday,15
lsf,2025-09-04 21:23:56+00:00,ojmakinde,Commit,2025-09,Thursday,21
lsf,2025-09-04 20:20:36+00:00,JohnCox2211,Commit,2025-09,Thursday,20
lsf,2025-09-03 21:03:45+00:00,JohnCox2211,Commit,2025-09,Wednesday,21
lsf,2025-09-03 20:47:59+00:00,JohnCox2211,Commit,2025-09,Wednesday,20
lsf,2025-09-03 20:46:33+00:00,JohnCox2211,Commit,2025-09,Wednesday,20
lsf,2025-09-02 19:12:02+00:00,JohnCox2211,Commit,2025-09,Tuesday,19
lsf,2025-08-29 19:58:23+00:00,ojmakinde,Commit,2025-08,Friday,19
lsf,2025-08-29 19:58:23+00:00,ojmakinde,Commit,2025-08,Friday,19
lsf,2025-08-29 18:48:50+00:00,ojmakinde,Commit,2025-08,Friday,18
lsf,2025-08-29 17:43:25+00:00,ojmakinde,Commit,2025-08,Friday,17
lsf,2025-08-28 21:17:17+00:00,ojmakinde,Commit,2025-08,Thursday,21
lsf,2025-08-28 20:10:56+00:00,ojmakinde,Commit,2025-08,Thursday,20
lsf,2025-08-28 19:30:22+00:00,ojmakinde,Commit,2025-08,Thursday,19
lsf,2025-08-28 18:53:15+00:00,ojmakinde,Commit,2025-08,Thursday,18
lsf,2025-08-22 19:14:41+00:00,ojmakinde,Commit,2025-08,Friday,19
lsf,2025-08-22 15:18:04+00:00,ojmakinde,Commit,2025-08,Friday,15
lsf,2025-08-01 15:19:37+00:00,BesherKitaz,Commit,2025-08,Friday,15
lsf,2025-08-01 15:19:11+00:00,BesherKitaz,Commit,2025-08,Friday,15
lsf,2025-07-30 17:32:45+00:00,BesherKitaz,Commit,2025-07,Wednesday,17
lsf,2025-07-30 17:26:13+00:00,BesherKitaz,Commit,2025-07,Wednesday,17
lsf,2025-07-30 15:48:17+00:00,BesherKitaz,Commit,2025-07,Wednesday,15
lsf,2025-07-29 20:06:06+00:00,Jsmi8334,Commit,2025-07,Tuesday,20
lsf,2025-07-29 17:32:10+00:00,Jsmi8334,Commit,2025-07,Tuesday,17
lsf,2025-07-28 18:42:35+00:00,Arohasina,Commit,2025-07,Monday,18
lsf,2025-07-28 18:09:59+00:00,Arohasina,Commit,2025-07,Monday,18
lsf,2025-07-28 15:51:15+00:00,Arohasina,Commit,2025-07,Monday,15
lsf,2025-07-28 15:32:48+00:00,BesherKitaz,Commit,2025-07,Monday,15
lsf,2025-07-28 15:26:46+00:00,BesherKitaz,Commit,2025-07,Monday,15
lsf,2025-07-22 21:56:05+00:00,BesherKitaz,Commit,2025-07,Tuesday,21
lsf,2025-07-14 21:06:31+00:00,BesherKitaz,Commit,2025-07,Monday,21
lsf,2025-07-10 18:46:01+00:00,Meatchema,Commit,2025-07,Thursday,18
lsf,2025-07-09 20:16:52+00:00,BesherKitaz,Commit,2025-07,Wednesday,20
lsf,2025-07-21 13:30:35+00:00,Arohasina,Commit,2025-07,Monday,13
lsf,2025-07-18 18:54:54+00:00,jjijon7000,Commit,2025-07,Friday,18
lsf,2025-07-18 15:28:43+00:00,jjijon7000,Commit,2025-07,Friday,15
lsf,2025-07-18 13:50:31+00:00,GalinaP7,Commit,2025-07,Friday,13
lsf,2025-07-17 15:18:21+00:00,Arohasina,Commit,2025-07,Thursday,15
lsf,2025-07-16 19:55:47+00:00,GalinaP7,Commit,2025-07,Wednesday,19
lsf,2025-07-14 21:06:31+00:00,BesherKitaz,Commit,2025-07,Monday,21
lsf,2025-07-14 20:24:54+00:00,BesherKitaz,Commit,2025-07,Monday,20
lsf,2025-07-14 15:42:54+00:00,GalinaP7,Commit,2025-07,Monday,15
lsf,2025-07-14 14:54:15+00:00,GalinaP7,Commit,2025-07,Monday,14
lsf,2025-07-14 14:53:19+00:00,GalinaP7,Commit,2025-07,Monday,14
lsf,2025-07-11 20:41:12+00:00,RueHaile,Commit,2025-07,Friday,20
lsf,2025-07-11 15:51:23+00:00,GalinaP7,Commit,2025-07,Friday,15
lsf,2025-07-11 12:06:23+00:00,GalinaP7,Commit,2025-07,Friday,12
lsf,2025-07-10 20:50:23+00:00,Meatchema,Commit,2025-07,Thursday,20
lsf,2025-07-10 20:24:08+00:00,RueHaile,Commit,2025-07,Thursday,20
lsf,2025-07-10 18:46:01+00:00,Meatchema,Commit,2025-07,Thursday,18
lsf,2025-07-10 12:37:27+00:00,GalinaP7,Commit,2025-07,Thursday,12
lsf,2025-07-09 20:42:26+00:00,RueHaile,Commit,2025-07,Wednesday,20
lsf,2025-07-09 20:16:52+00:00,BesherKitaz,Commit,2025-07,Wednesday,20
lsf,2025-07-08 06:28:44+00:00,RueHaile,Commit,2025-07,Tuesday,6
lsf,2025-07-07 00:44:17+00:00,GalinaP7,Commit,2025-07,Monday,0
lsf,2025-07-03 17:54:30+00:00,BesherKitaz,Commit,2025-07,Thursday,17
lsf,2025-07-03 15:59:42+00:00,BesherKitaz,Commit,2025-07,Thursday,15
lsf,2025-07-03 15:37:15+00:00,BesherKitaz,Commit,2025-07,Thursday,15
lsf,2025-07-03 13:36:55+00:00,Meatchema,Commit,2025-07,Thursday,13
lsf,2025-07-02 20:42:03+00:00,RueHaile,Commit,2025-07,Wednesday,20
lsf,2025-07-02 20:32:00+00:00,RueHaile,Commit,2025-07,Wednesday,20
lsf,2025-07-02 20:02:17+00:00,BesherKitaz,Commit,2025-07,Wednesday,20
lsf,2025-07-02 15:37:25+00:00,RueHaile,Commit,2025-07,Wednesday,15
lsf,2025-07-02 15:35:22+00:00,GalinaP7,Commit,2025-07,Wednesday,15
lsf,2025-07-02 15:33:11+00:00,GalinaP7,Commit,2025-07,Wednesday,15
lsf,2025-07-01 20:59:05+00:00,Meatchema,Commit,2025-07,Tuesday,20
lsf,2025-07-01 18:46:31+00:00,Meatchema,Commit,2025-07,Tuesday,18
lsf,2025-06-30 14:09:00+00:00,RueHaile,Commit,2025-06,Monday,14
lsf,2025-06-30 13:43:58+00:00,GalinaP7,Commit,2025-06,Monday,13
lsf,2025-06-26 19:22:08+00:00,mathew2005,Commit,2025-06,Thursday,19
lsf,2025-06-26 18:46:15+00:00,GalinaP7,Commit,2025-06,Thursday,18
lsf,2025-06-26 18:20:32+00:00,mathew2005,Commit,2025-06,Thursday,18
lsf,2025-06-26 18:10:20+00:00,mathew2005,Commit,2025-06,Thursday,18
lsf,2025-06-26 18:10:20+00:00,mathew2005,Commit,2025-06,Thursday,18
lsf,2025-06-26 14:39:42+00:00,GalinaP7,Commit,2025-06,Thursday,14
lsf,2025-06-25 18:59:47+00:00,jjijon7000,Commit,2025-06,Wednesday,18
lsf,2025-06-25 18:56:04+00:00,GalinaP7,Commit,2025-06,Wednesday,18
lsf,2025-05-02 16:25:31+00:00,WackyWeaver,Commit,2025-05,Friday,16
lsf,2025-04-30 20:55:13+00:00,WackyWeaver,Commit,2025-04,Wednesday,20
lsf,2025-04-30 20:53:01+00:00,WackyWeaver,Commit,2025-04,Wednesday,20
lsf,2025-04-30 20:52:02+00:00,WackyWeaver,Commit,2025-04,Wednesday,20
lsf,2025-04-29 18:41:36+00:00,WackyWeaver,Commit,2025-04,Tuesday,18
lsf,2025-04-28 18:25:42+00:00,WackyWeaver,Commit,2025-04,Monday,18
lsf,2025-04-26 04:24:38+00:00,ojmakinde,Commit,2025-04,Saturday,4
lsf,2025-04-26 04:21:01+00:00,ojmakinde,Commit,2025-04,Saturday,4
lsf,2025-04-25 23:17:59+00:00,ojmakinde,Commit,2025-04,Friday,23
lsf,2025-04-25 22:09:16+00:00,ojmakinde,Commit,2025-04,Friday,22
lsf,2025-04-24 16:37:35+00:00,ojmakinde,Commit,2025-04,Thursday,16
lsf,2025-04-21 19:09:53+00:00,ojmakinde,Commit,2025-04,Monday,19
lsf,2025-04-18 17:01:25+00:00,ojmakinde,Commit,2025-04,Friday,17
lsf,2025-04-18 16:41:57+00:00,ojmakinde,Commit,2025-04,Friday,16
lsf,2025-04-17 20:27:53+00:00,ojmakinde,Commit,2025-04,Thursday,20
lsf,2025-04-16 19:52:05+00:00,WackyWeaver,Commit,2025-04,Wednesday,19
lsf,2025-04-14 21:15:23+00:00,ojmakinde,Commit,2025-04,Monday,21
lsf,2025-04-14 19:46:35+00:00,WackyWeaver,Commit,2025-04,Monday,19
lsf,2025-04-11 20:18:19+00:00,ojmakinde,Commit,2025-04,Friday,20
lsf,2025-04-11 19:51:17+00:00,ojmakinde,Commit,2025-04,Friday,19
lsf,2025-04-11 18:26:56+00:00,WackyWeaver,Commit,2025-04,Friday,18
lsf,2025-04-11 15:48:08+00:00,WackyWeaver,Commit,2025-04,Friday,15
lsf,2025-04-11 02:05:12+00:00,ojmakinde,Commit,2025-04,Friday,2
lsf,2025-04-01 18:09:24+00:00,Karina-Agliullova,Commit,2025-04,Tuesday,18
lsf,2025-03-28 19:07:15+00:00,ojmakinde,Commit,2025-03,Friday,19
lsf,2025-03-28 18:59:09+00:00,ojmakinde,Commit,2025-03,Friday,18
lsf,2025-02-20 22:19:37+00:00,Karina-Agliullova,Commit,2025-02,Thursday,22
lsf,2025-02-18 16:09:42+00:00,Karina-Agliullova,Commit,2025-02,Tuesday,16
lsf,2025-02-17 15:35:09+00:00,Karina-Agliullova,Commit,2025-02,Monday,15
lsf,2025-02-13 21:22:56+00:00,Karina-Agliullova,Commit,2025-02,Thursday,21
lsf,2025-02-12 16:04:18+00:00,Karina-Agliullova,Commit,2025-02,Wednesday,16
lsf,2025-02-10 16:48:39+00:00,Karina-Agliullova,Commit,2025-02,Monday,16
lsf,2025-02-04 22:54:11+00:00,Karina-Agliullova,Commit,2025-02,Tuesday,22
lsf,2025-01-29 21:56:53+00:00,Karina-Agliullova,Commit,2025-01,Wednesday,21
lsf,2025-01-09 16:00:57+00:00,Karina-Agliullova,Commit,2025-01,Thursday,16
lsf,2025-01-09 14:03:16+00:00,Karina-Agliullova,Commit,2025-01,Thursday,14
lsf,2024-11-22 20:18:52+00:00,bledsoef,Commit,2024-11,Friday,20
lsf,2024-11-22 20:10:06+00:00,bledsoef,Commit,2024-11,Friday,20
lsf,2024-11-19 18:52:39+00:00,bledsoef,Commit,2024-11,Tuesday,18
lsf,2024-11-18 20:09:11+00:00,bledsoef,Commit,2024-11,Monday,20
lsf,2024-11-18 20:07:56+00:00,hoerstl,Commit,2024-11,Monday,20
lsf,2024-11-11 20:42:41+00:00,hoerstl,Commit,2024-11,Monday,20
lsf,2024-11-11 20:42:01+00:00,hoerstl,Commit,2024-11,Monday,20
lsf,2024-11-08 20:12:58+00:00,WackyWeaver,Commit,2024-11,Friday,20
lsf,2024-11-08 20:05:35+00:00,WackyWeaver,Commit,2024-11,Friday,20
lsf,2024-11-08 20:05:13+00:00,WackyWeaver,Commit,2024-11,Friday,20
lsf,2024-11-05 20:58:53+00:00,bledsoef,Commit,2024-11,Tuesday,20
lsf,2024-11-05 19:07:19+00:00,bledsoef,Commit,2024-11,Tuesday,19
lsf,2024-11-05 19:00:39+00:00,bledsoef,Commit,2024-11,Tuesday,19
lsf,2024-11-05 16:55:21+00:00,stevensonmichel,Commit,2024-11,Tuesday,16
lsf,2024-10-31 18:03:44+00:00,bledsoef,Commit,2024-10,Thursday,18
lsf,2024-10-30 19:54:54+00:00,WackyWeaver,Commit,2024-10,Wednesday,19
lsf,2024-10-29 19:08:51+00:00,bledsoef,Commit,2024-10,Tuesday,19
lsf,2024-10-29 18:53:28+00:00,bledsoef,Commit,2024-10,Tuesday,18
lsf,2024-10-29 18:52:54+00:00,bledsoef,Commit,2024-10,Tuesday,18
lsf,2024-10-29 18:52:44+00:00,bledsoef,Commit,2024-10,Tuesday,18
lsf,2024-10-29 18:52:25+00:00,WackyWeaver,Commit,2024-10,Tuesday,18
lsf,2024-10-29 18:52:12+00:00,WackyWeaver,Commit,2024-10,Tuesday,18
lsf,2024-10-29 18:51:11+00:00,bledsoef,Commit,2024-10,Tuesday,18
lsf,2024-10-29 18:50:08+00:00,bledsoef,Commit,2024-10,Tuesday,18
lsf,2024-10-29 18:49:51+00:00,bledsoef,Commit,2024-10,Tuesday,18
lsf,2024-10-29 18:45:18+00:00,bledsoef,Commit,2024-10,Tuesday,18
lsf,2024-10-29 18:37:10+00:00,bledsoef,Commit,2024-10,Tuesday,18
lsf,2024-10-29 18:32:21+00:00,bledsoef,Commit,2024-10,Tuesday,18
lsf,2024-10-29 18:27:30+00:00,bledsoef,Commit,2024-10,Tuesday,18
lsf,2024-10-29 18:23:46+00:00,bledsoef,Commit,2024-10,Tuesday,18
lsf,2024-10-28 20:42:01+00:00,WackyWeaver,Commit,2024-10,Monday,20
lsf,2024-10-25 18:53:08+00:00,WackyWeaver,Commit,2024-10,Friday,18
lsf,2024-10-22 20:40:13+00:00,bledsoef,Commit,2024-10,Tuesday,20
lsf,2024-10-22 13:33:15+00:00,bledsoef,Commit,2024-10,Tuesday,13
lsf,2024-10-22 13:29:50+00:00,bledsoef,Commit,2024-10,Tuesday,13
lsf,2024-10-21 19:57:18+00:00,bledsoef,Commit,2024-10,Monday,19
lsf,2024-10-18 19:02:00+00:00,bledsoef,Commit,2024-10,Friday,19
lsf,2024-10-18 18:37:12+00:00,bledsoef,Commit,2024-10,Friday,18
lsf,2024-10-17 20:57:26+00:00,bledsoef,Commit,2024-10,Thursday,20
lsf,2024-10-17 20:32:42+00:00,bledsoef,Commit,2024-10,Thursday,20
lsf,2024-10-17 20:31:27+00:00,bledsoef,Commit,2024-10,Thursday,20
lsf,2024-10-17 20:31:06+00:00,WackyWeaver,Commit,2024-10,Thursday,20
lsf,2024-10-17 20:15:34+00:00,bledsoef,Commit,2024-10,Thursday,20
lsf,2024-10-17 20:15:29+00:00,bledsoef,Commit,2024-10,Thursday,20
lsf,2024-10-17 20:14:44+00:00,WackyWeaver,Commit,2024-10,Thursday,20
lsf,2024-10-17 18:41:33+00:00,bledsoef,Commit,2024-10,Thursday,18
lsf,2024-10-17 18:36:11+00:00,bledsoef,Commit,2024-10,Thursday,18
lsf,2024-10-17 18:35:30+00:00,WackyWeaver,Commit,2024-10,Thursday,18
lsf,2024-10-17 18:35:12+00:00,WackyWeaver,Commit,2024-10,Thursday,18
lsf,2024-10-17 18:02:28+00:00,bledsoef,Commit,2024-10,Thursday,18
lsf,2024-10-17 17:42:36+00:00,bledsoef,Commit,2024-10,Thursday,17
lsf,2024-10-17 17:32:16+00:00,WackyWeaver,Commit,2024-10,Thursday,17
lsf,2024-10-15 19:50:24+00:00,WackyWeaver,Commit,2024-10,Tuesday,19
lsf,2024-10-15 19:50:20+00:00,WackyWeaver,Commit,2024-10,Tuesday,19
lsf,2024-10-15 19:31:44+00:00,bledsoef,Commit,2024-10,Tuesday,19
lsf,2024-10-11 05:48:54+00:00,bledsoef,Commit,2024-10,Friday,5
lsf,2024-10-11 05:08:47+00:00,bledsoef,Commit,2024-10,Friday,5
lsf,2024-10-11 04:40:58+00:00,bledsoef,Commit,2024-10,Friday,4
lsf,2024-10-11 04:21:08+00:00,bledsoef,Commit,2024-10,Friday,4
lsf,2024-10-11 04:20:58+00:00,bledsoef,Commit,2024-10,Friday,4
lsf,2024-10-10 20:31:00+00:00,WackyWeaver,Commit,2024-10,Thursday,20
lsf,2024-10-10 19:07:22+00:00,bledsoef,Commit,2024-10,Thursday,19
lsf,2024-10-10 18:59:12+00:00,bledsoef,Commit,2024-10,Thursday,18
lsf,2024-10-10 18:42:00+00:00,bledsoef,Commit,2024-10,Thursday,18
lsf,2024-10-10 18:41:48+00:00,bledsoef,Commit,2024-10,Thursday,18
lsf,2024-10-09 19:16:31+00:00,hoerstl,Commit,2024-10,Wednesday,19
lsf,2024-10-04 20:26:44+00:00,WackyWeaver,Commit,2024-10,Friday,20
lsf,2024-10-04 20:24:52+00:00,WackyWeaver,Commit,2024-10,Friday,20
lsf,2024-10-04 19:06:41+00:00,stevensonmichel,Commit,2024-10,Friday,19
lsf,2024-10-04 18:44:57+00:00,bledsoef,Commit,2024-10,Friday,18
lsf,2024-10-03 20:58:24+00:00,WackyWeaver,Commit,2024-10,Thursday,20
lsf,2024-10-03 20:23:00+00:00,WackyWeaver,Commit,2024-10,Thursday,20
lsf,2024-10-01 19:27:57+00:00,bledsoef,Commit,2024-10,Tuesday,19
lsf,2024-10-01 18:44:57+00:00,bledsoef,Commit,2024-10,Tuesday,18
lsf,2024-09-26 21:52:04+00:00,WackyWeaver,Commit,2024-09,Thursday,21
lsf,2024-09-25 20:41:34+00:00,WackyWeaver,Commit,2024-09,Wednesday,20
lsf,2024-09-25 20:39:33+00:00,WackyWeaver,Commit,2024-09,Wednesday,20
lsf,2024-09-25 20:23:59+00:00,WackyWeaver,Commit,2024-09,Wednesday,20
lsf,2024-09-24 19:39:57+00:00,bledsoef,Commit,2024-09,Tuesday,19
lsf,2024-09-24 19:03:29+00:00,bledsoef,Commit,2024-09,Tuesday,19
lsf,2024-09-24 18:13:17+00:00,WackyWeaver,Commit,2024-09,Tuesday,18
lsf,2024-09-19 21:16:12+00:00,bledsoef,Commit,2024-09,Thursday,21
lsf,2024-09-19 20:02:34+00:00,bledsoef,Commit,2024-09,Thursday,20
lsf,2024-09-19 18:34:01+00:00,bledsoef,Commit,2024-09,Thursday,18
lsf,2024-09-19 17:35:16+00:00,bledsoef,Commit,2024-09,Thursday,17
lsf,2024-09-19 17:31:39+00:00,bledsoef,Commit,2024-09,Thursday,17
lsf,2024-09-12 18:41:53+00:00,WackyWeaver,Commit,2024-09,Thursday,18
lsf,2024-09-12 18:06:21+00:00,WackyWeaver,Commit,2024-09,Thursday,18
lsf,2024-09-10 18:22:37+00:00,WackyWeaver,Commit,2024-09,Tuesday,18
lsf,2024-09-06 05:21:19+00:00,bledsoef,Commit,2024-09,Friday,5
lsf,2024-09-06 04:53:32+00:00,bledsoef,Commit,2024-09,Friday,4
lsf,2024-09-06 04:36:28+00:00,bledsoef,Commit,2024-09,Friday,4
lsf,2024-09-06 04:03:31+00:00,bledsoef,Commit,2024-09,Friday,4
lsf,2024-09-06 04:00:42+00:00,bledsoef,Commit,2024-09,Friday,4
lsf,2024-09-06 03:55:44+00:00,bledsoef,Commit,2024-09,Friday,3
lsf,2024-09-06 03:55:07+00:00,bledsoef,Commit,2024-09,Friday,3
lsf,2024-08-29 20:17:30+00:00,bledsoef,Commit,2024-08,Thursday,20
lsf,2024-04-15 17:28:07+00:00,AndersonStettner,Commit,2024-04,Monday,17
lsf,2024-04-15 17:17:07+00:00,AndersonStettner,Commit,2024-04,Monday,17
lsf,2024-04-15 15:31:35+00:00,AndersonStettner,Commit,2024-04,Monday,15
lsf,2024-04-15 15:23:52+00:00,AndersonStettner,Commit,2024-04,Monday,15
lsf,2024-04-15 14:58:43+00:00,AndersonStettner,Commit,2024-04,Monday,14
lsf,2024-04-12 20:04:23+00:00,AndersonStettner,Commit,2024-04,Friday,20
lsf,2024-04-02 18:17:42+00:00,AndersonStettner,Commit,2024-04,Tuesday,18
lsf,2024-04-02 13:08:28+00:00,AndersonStettner,Commit,2024-04,Tuesday,13
lsf,2024-03-21 19:40:28+00:00,hoerstl,Commit,2024-03,Thursday,19
lsf,2023-11-17 16:34:47+00:00,AndersonStettner,Commit,2023-11,Friday,16
lsf,2023-11-17 15:59:35+00:00,AndersonStettner,Commit,2023-11,Friday,15
lsf,2023-11-17 15:41:42+00:00,AndersonStettner,Commit,2023-11,Friday,15
lsf,2023-10-11 18:18:43+00:00,AndersonStettner,Commit,2023-10,Wednesday,18
lsf,2023-10-11 18:16:48+00:00,AndersonStettner,Commit,2023-10,Wednesday,18
lsf,2023-09-26 15:22:27+00:00,AndersonStettner,Commit,2023-09,Tuesday,15
lsf,2023-09-20 18:57:10+00:00,AndersonStettner,Commit,2023-09,Wednesday,18
lsf,2023-09-20 11:47:42+00:00,AndersonStettner,Commit,2023-09,Wednesday,11
lsf,2023-09-20 11:26:25+00:00,AndersonStettner,Commit,2023-09,Wednesday,11
lsf,2023-09-19 20:46:19+00:00,AndersonStettner,Commit,2023-09,Tuesday,20
lsf,2023-09-19 19:54:54+00:00,AndersonStettner,Commit,2023-09,Tuesday,19
lsf,2023-09-18 17:15:07+00:00,AndersonStettner,Commit,2023-09,Monday,17
lsf,2023-09-18 15:55:23+00:00,AndersonStettner,Commit,2023-09,Monday,15
lsf,2023-09-18 14:48:38+00:00,AndersonStettner,Commit,2023-09,Monday,14
lsf,2023-09-18 14:48:18+00:00,AndersonStettner,Commit,2023-09,Monday,14
lsf,2023-09-15 18:22:00+00:00,AndersonStettner,Commit,2023-09,Friday,18
lsf,2023-09-15 18:10:52+00:00,AndersonStettner,Commit,2023-09,Friday,18
lsf,2023-09-15 14:54:32+00:00,AndersonStettner,Commit,2023-09,Friday,14
lsf,2023-08-31 17:26:35+00:00,AndersonStettner,Commit,2023-08,Thursday,17
lsf,2023-08-31 13:39:37+00:00,AndersonStettner,Commit,2023-08,Thursday,13
lsf,2023-08-31 13:37:52+00:00,AndersonStettner,Commit,2023-08,Thursday,13
lsf,2023-08-31 13:35:42+00:00,AndersonStettner,Commit,2023-08,Thursday,13
lsf,2023-08-30 15:48:19+00:00,AndersonStettner,Commit,2023-08,Wednesday,15
lsf,2023-08-30 15:45:08+00:00,AndersonStettner,Commit,2023-08,Wednesday,15
lsf,2023-08-30 15:40:17+00:00,AndersonStettner,Commit,2023-08,Wednesday,15
lsf,2023-08-30 14:16:07+00:00,AndersonStettner,Commit,2023-08,Wednesday,14
lsf,2023-08-30 14:14:23+00:00,AndersonStettner,Commit,2023-08,Wednesday,14
lsf,2023-08-25 17:08:54+00:00,AndersonStettner,Commit,2023-08,Friday,17
lsf,2023-08-25 16:47:21+00:00,AndersonStettner,Commit,2023-08,Friday,16
lsf,2023-08-25 16:42:22+00:00,AndersonStettner,Commit,2023-08,Friday,16
lsf,2024-03-12 21:45:50+00:00,hoerstl,Commit,2024-03,Tuesday,21
lsf,2024-03-12 21:42:11+00:00,hoerstl,Commit,2024-03,Tuesday,21
lsf,2024-02-22 19:24:59+00:00,hoerstl,Commit,2024-02,Thursday,19
lsf,2024-02-22 19:13:34+00:00,hoerstl,Commit,2024-02,Thursday,19
lsf,2024-02-22 18:59:18+00:00,hoerstl,Commit,2024-02,Thursday,18
lsf,2024-02-20 18:36:00+00:00,hoerstl,Commit,2024-02,Tuesday,18
lsf,2024-02-09 16:46:27+00:00,andersoncedu,Commit,2024-02,Friday,16
lsf,2024-02-06 20:37:15+00:00,hoerstl,Commit,2024-02,Tuesday,20
lsf,2024-02-06 20:33:50+00:00,hoerstl,Commit,2024-02,Tuesday,20
lsf,2024-02-06 20:14:20+00:00,hoerstl,Commit,2024-02,Tuesday,20
lsf,2024-02-06 21:54:38+00:00,doucoureb,Commit,2024-02,Tuesday,21
lsf,2024-02-06 19:12:05+00:00,hoerstl,Commit,2024-02,Tuesday,19
lsf,2024-02-06 19:08:50+00:00,hoerstl,Commit,2024-02,Tuesday,19
lsf,2024-02-06 18:53:22+00:00,hoerstl,Commit,2024-02,Tuesday,18
lsf,2024-02-06 14:57:54+00:00,hoerstl,Commit,2024-02,Tuesday,14
lsf,2024-02-01 23:24:39+00:00,hoerstl,Commit,2024-02,Thursday,23
lsf,2024-02-01 23:24:09+00:00,hoerstl,Commit,2024-02,Thursday,23
lsf,2024-02-01 22:03:40+00:00,hoerstl,Commit,2024-02,Thursday,22
lsf,2024-02-01 17:37:13+00:00,andersoncedu,Commit,2024-02,Thursday,17
lsf,2024-02-01 17:27:57+00:00,andersoncedu,Commit,2024-02,Thursday,17
lsf,2024-01-31 06:00:31+00:00,doucoureb,Commit,2024-01,Wednesday,6
lsf,2024-01-30 20:59:29+00:00,hoerstl,Commit,2024-01,Tuesday,20
lsf,2024-01-25 23:11:53+00:00,hoerstl,Commit,2024-01,Thursday,23
lsf,2024-01-25 18:27:17+00:00,hoerstl,Commit,2024-01,Thursday,18
lsf,2024-01-23 22:51:09+00:00,hoerstl,Commit,2024-01,Tuesday,22
lsf,2024-01-23 20:50:31+00:00,hoerstl,Commit,2024-01,Tuesday,20
lsf,2024-01-18 23:06:43+00:00,hoerstl,Commit,2024-01,Thursday,23
lsf,2024-01-18 21:15:54+00:00,hoerstl,Commit,2024-01,Thursday,21
lsf,2024-01-18 17:18:55+00:00,andersoncedu,Commit,2024-01,Thursday,17
lsf,2024-01-11 21:25:53+00:00,hoerstl,Commit,2024-01,Thursday,21
lsf,2023-12-12 19:16:42+00:00,andersoncedu,Commit,2023-12,Tuesday,19
lsf,2023-12-08 17:13:39+00:00,hoerstl,Commit,2023-12,Friday,17
lsf,2023-12-08 16:58:44+00:00,AndersonStettner,Commit,2023-12,Friday,16
lsf,2023-12-08 16:22:51+00:00,hoerstl,Commit,2023-12,Friday,16
lsf,2023-12-07 23:02:56+00:00,hoerstl,Commit,2023-12,Thursday,23
lsf,2023-12-07 22:35:35+00:00,hoerstl,Commit,2023-12,Thursday,22
lsf,2023-12-06 17:05:58+00:00,hoerstl,Commit,2023-12,Wednesday,17
lsf,2023-12-06 17:04:50+00:00,hoerstl,Commit,2023-12,Wednesday,17
lsf,2023-12-06 16:25:33+00:00,hoerstl,Commit,2023-12,Wednesday,16
lsf,2023-12-06 16:09:37+00:00,hoerstl,Commit,2023-12,Wednesday,16
lsf,2023-12-01 17:18:38+00:00,stevensonmichel,Commit,2023-12,Friday,17
lsf,2023-12-01 16:14:44+00:00,AndersonStettner,Commit,2023-12,Friday,16
lsf,2023-11-30 20:30:11+00:00,hoerstl,Commit,2023-11,Thursday,20
lsf,2023-11-30 19:34:20+00:00,AndersonStettner,Commit,2023-11,Thursday,19
lsf,2023-11-30 19:31:58+00:00,AndersonStettner,Commit,2023-11,Thursday,19
lsf,2023-11-28 22:59:05+00:00,hoerstl,Commit,2023-11,Tuesday,22
lsf,2023-11-27 16:52:09+00:00,hoerstl,Commit,2023-11,Monday,16
lsf,2023-11-27 16:19:24+00:00,hoerstl,Commit,2023-11,Monday,16
lsf,2023-11-20 18:21:02+00:00,stevensonmichel,Commit,2023-11,Monday,18
lsf,2023-11-20 16:30:26+00:00,AndersonStettner,Commit,2023-11,Monday,16
lsf,2023-11-20 16:15:00+00:00,stevensonmichel,Commit,2023-11,Monday,16
lsf,2023-11-17 16:34:47+00:00,AndersonStettner,Commit,2023-11,Friday,16
lsf,2023-11-17 15:59:35+00:00,AndersonStettner,Commit,2023-11,Friday,15
lsf,2023-11-17 15:41:42+00:00,AndersonStettner,Commit,2023-11,Friday,15
lsf,2023-11-15 16:58:39+00:00,hoerstl,Commit,2023-11,Wednesday,16
lsf,2023-11-15 16:04:12+00:00,hoerstl,Commit,2023-11,Wednesday,16
lsf,2023-11-14 22:52:31+00:00,hoerstl,Commit,2023-11,Tuesday,22
lsf,2023-11-13 17:45:11+00:00,hoerstl,Commit,2023-11,Monday,17
lsf,2023-11-13 16:01:41+00:00,stevensonmichel,Commit,2023-11,Monday,16
lsf,2023-11-09 14:11:31+00:00,AndersonStettner,Commit,2023-11,Thursday,14
lsf,2023-11-07 16:42:44+00:00,AndersonStettner,Commit,2023-11,Tuesday,16
lsf,2023-11-03 13:34:50+00:00,andersoncedu,Commit,2023-11,Friday,13
lsf,2023-11-02 17:07:56+00:00,andersoncedu,Commit,2023-11,Thursday,17
lsf,2023-10-25 17:31:16+00:00,AndersonStettner,Commit,2023-10,Wednesday,17
lsf,2023-10-23 15:47:23+00:00,hoerstl,Commit,2023-10,Monday,15
lsf,2023-10-23 15:46:58+00:00,hoerstl,Commit,2023-10,Monday,15
lsf,2023-10-20 12:59:00+00:00,andersoncedu,Commit,2023-10,Friday,12
lsf,2023-10-19 21:37:55+00:00,hoerstl,Commit,2023-10,Thursday,21
lsf,2023-10-17 13:51:09+00:00,AndersonStettner,Commit,2023-10,Tuesday,13
lsf,2023-10-17 13:00:05+00:00,hoerstl,Commit,2023-10,Tuesday,13
lsf,2023-10-13 16:12:47+00:00,hoerstl,Commit,2023-10,Friday,16
lsf,2023-10-12 21:49:39+00:00,hoerstl,Commit,2023-10,Thursday,21
lsf,2023-10-12 21:46:09+00:00,hoerstl,Commit,2023-10,Thursday,21
lsf,2023-10-12 21:38:55+00:00,hoerstl,Commit,2023-10,Thursday,21
lsf,2023-10-12 21:24:31+00:00,hoerstl,Commit,2023-10,Thursday,21
lsf,2023-10-12 19:16:35+00:00,hoerstl,Commit,2023-10,Thursday,19
lsf,2023-10-11 18:18:43+00:00,AndersonStettner,Commit,2023-10,Wednesday,18
lsf,2023-10-11 18:16:58+00:00,AndersonStettner,Commit,2023-10,Wednesday,18
lsf,2023-10-11 18:16:48+00:00,AndersonStettner,Commit,2023-10,Wednesday,18
lsf,2023-10-06 16:04:15+00:00,andersoncedu,Commit,2023-10,Friday,16
lsf,2023-10-06 13:14:35+00:00,andersoncedu,Commit,2023-10,Friday,13
lsf,2023-10-06 12:10:51+00:00,andersoncedu,Commit,2023-10,Friday,12
lsf,2023-10-05 12:37:54+00:00,AndersonStettner,Commit,2023-10,Thursday,12
lsf,2023-10-03 16:03:30+00:00,andersoncedu,Commit,2023-10,Tuesday,16
lsf,2023-09-27 15:53:26+00:00,hoerstl,Commit,2023-09,Wednesday,15
lsf,2023-09-26 15:22:27+00:00,AndersonStettner,Commit,2023-09,Tuesday,15
lsf,2023-09-22 15:01:01+00:00,andersoncedu,Commit,2023-09,Friday,15
lsf,2023-09-22 13:29:28+00:00,andersoncedu,Commit,2023-09,Friday,13
lsf,2023-09-22 13:15:38+00:00,andersoncedu,Commit,2023-09,Friday,13
lsf,2023-09-22 12:46:01+00:00,andersoncedu,Commit,2023-09,Friday,12
lsf,2023-09-21 15:04:49+00:00,andersoncedu,Commit,2023-09,Thursday,15
lsf,2023-09-20 18:57:10+00:00,AndersonStettner,Commit,2023-09,Wednesday,18
lsf,2023-09-20 11:47:42+00:00,AndersonStettner,Commit,2023-09,Wednesday,11
lsf,2023-09-20 11:43:39+00:00,AndersonStettner,Commit,2023-09,Wednesday,11
lsf,2023-09-20 11:26:25+00:00,AndersonStettner,Commit,2023-09,Wednesday,11
lsf,2023-09-19 20:46:19+00:00,AndersonStettner,Commit,2023-09,Tuesday,20
lsf,2023-09-19 19:54:54+00:00,AndersonStettner,Commit,2023-09,Tuesday,19
lsf,2023-09-19 19:25:32+00:00,andersoncedu,Commit,2023-09,Tuesday,19
lsf,2023-09-19 15:13:10+00:00,andersoncedu,Commit,2023-09,Tuesday,15
lsf,2023-09-19 14:39:46+00:00,andersoncedu,Commit,2023-09,Tuesday,14
lsf,2023-09-18 17:15:07+00:00,AndersonStettner,Commit,2023-09,Monday,17
lsf,2023-09-18 16:50:04+00:00,AndersonStettner,Commit,2023-09,Monday,16
lsf,2023-09-18 15:55:23+00:00,AndersonStettner,Commit,2023-09,Monday,15
lsf,2023-09-18 15:05:12+00:00,hoerstl,Commit,2023-09,Monday,15
lsf,2023-09-18 14:48:38+00:00,AndersonStettner,Commit,2023-09,Monday,14
lsf,2023-09-18 14:48:18+00:00,AndersonStettner,Commit,2023-09,Monday,14
lsf,2023-09-15 18:22:00+00:00,AndersonStettner,Commit,2023-09,Friday,18
lsf,2023-09-15 18:10:52+00:00,AndersonStettner,Commit,2023-09,Friday,18
lsf,2023-09-15 16:32:18+00:00,hoerstl,Commit,2023-09,Friday,16
lsf,2023-09-15 15:56:19+00:00,andersoncedu,Commit,2023-09,Friday,15
lsf,2023-09-15 14:56:05+00:00,hoerstl,Commit,2023-09,Friday,14
lsf,2023-09-15 14:54:32+00:00,AndersonStettner,Commit,2023-09,Friday,14
lsf,2023-09-15 12:18:58+00:00,andersoncedu,Commit,2023-09,Friday,12
lsf,2023-09-12 22:01:28+00:00,hoerstl,Commit,2023-09,Tuesday,22
lsf,2023-09-12 21:56:10+00:00,hoerstl,Commit,2023-09,Tuesday,21
lsf,2023-09-12 21:36:42+00:00,hoerstl,Commit,2023-09,Tuesday,21
lsf,2023-09-12 21:15:40+00:00,hoerstl,Commit,2023-09,Tuesday,21
lsf,2023-09-11 15:57:56+00:00,stevensonmichel,Commit,2023-09,Monday,15
lsf,2023-09-11 15:16:07+00:00,stevensonmichel,Commit,2023-09,Monday,15
lsf,2023-09-08 18:36:50+00:00,stevensonmichel,Commit,2023-09,Friday,18
lsf,2023-09-08 15:54:27+00:00,andersoncedu,Commit,2023-09,Friday,15
lsf,2023-09-08 15:48:34+00:00,hoerstl,Commit,2023-09,Friday,15
lsf,2023-09-08 15:35:41+00:00,hoerstl,Commit,2023-09,Friday,15
lsf,2023-09-08 15:26:52+00:00,hoerstl,Commit,2023-09,Friday,15
lsf,2023-09-06 15:35:48+00:00,hoerstl,Commit,2023-09,Wednesday,15
lsf,2023-09-06 15:32:16+00:00,hoerstl,Commit,2023-09,Wednesday,15
lsf,2023-09-06 15:08:56+00:00,hoerstl,Commit,2023-09,Wednesday,15
lsf,2023-09-05 19:54:41+00:00,hoerstl,Commit,2023-09,Tuesday,19
lsf,2023-09-05 19:31:03+00:00,andersoncedu,Commit,2023-09,Tuesday,19
lsf,2023-09-05 19:21:57+00:00,hoerstl,Commit,2023-09,Tuesday,19
lsf,2023-09-05 19:11:23+00:00,hoerstl,Commit,2023-09,Tuesday,19
lsf,2023-09-05 13:45:14+00:00,hoerstl,Commit,2023-09,Tuesday,13
lsf,2023-09-05 13:26:03+00:00,hoerstl,Commit,2023-09,Tuesday,13
lsf,2023-09-01 14:27:46+00:00,andersoncedu,Commit,2023-09,Friday,14
lsf,2023-09-01 14:23:23+00:00,andersoncedu,Commit,2023-09,Friday,14
lsf,2023-09-01 12:18:18+00:00,andersoncedu,Commit,2023-09,Friday,12
lsf,2023-08-31 17:26:35+00:00,AndersonStettner,Commit,2023-08,Thursday,17
lsf,2023-08-31 14:20:56+00:00,hoerstl,Commit,2023-08,Thursday,14
lsf,2023-08-31 13:39:37+00:00,AndersonStettner,Commit,2023-08,Thursday,13
lsf,2023-08-31 13:37:52+00:00,AndersonStettner,Commit,2023-08,Thursday,13
lsf,2023-08-31 13:35:42+00:00,AndersonStettner,Commit,2023-08,Thursday,13
lsf,2023-08-30 15:48:19+00:00,AndersonStettner,Commit,2023-08,Wednesday,15
lsf,2023-08-30 15:45:08+00:00,AndersonStettner,Commit,2023-08,Wednesday,15
lsf,2023-08-30 15:40:17+00:00,AndersonStettner,Commit,2023-08,Wednesday,15
lsf,2023-08-30 15:39:44+00:00,hoerstl,Commit,2023-08,Wednesday,15
lsf,2023-08-30 14:16:07+00:00,AndersonStettner,Commit,2023-08,Wednesday,14
lsf,2023-08-30 14:14:23+00:00,AndersonStettner,Commit,2023-08,Wednesday,14
lsf,2023-08-30 13:25:15+00:00,AndersonStettner,Commit,2023-08,Wednesday,13
lsf,2023-08-30 13:07:00+00:00,AndersonStettner,Commit,2023-08,Wednesday,13
lsf,2023-08-25 17:08:54+00:00,AndersonStettner,Commit,2023-08,Friday,17
lsf,2023-08-25 16:47:21+00:00,AndersonStettner,Commit,2023-08,Friday,16
lsf,2023-08-25 16:42:22+00:00,AndersonStettner,Commit,2023-08,Friday,16
lsf,2023-08-25 15:05:09+00:00,andersoncedu,Commit,2023-08,Friday,15
lsf,2023-07-25 19:15:40+00:00,AndersonStettner,Commit,2023-07,Tuesday,19
lsf,2023-07-25 16:40:05+00:00,AndersonStettner,Commit,2023-07,Tuesday,16
lsf,2023-07-24 21:22:32+00:00,AndersonStettner,Commit,2023-07,Monday,21
lsf,2023-07-24 20:26:55+00:00,AndersonStettner,Commit,2023-07,Monday,20
lsf,2023-07-24 16:26:21+00:00,AndersonStettner,Commit,2023-07,Monday,16
lsf,2023-07-24 14:14:24+00:00,AndersonStettner,Commit,2023-07,Monday,14
lsf,2023-07-21 20:13:33+00:00,AndersonStettner,Commit,2023-07,Friday,20
lsf,2023-07-21 20:06:01+00:00,AndersonStettner,Commit,2023-07,Friday,20
lsf,2023-07-21 15:55:55+00:00,AndersonStettner,Commit,2023-07,Friday,15
lsf,2023-07-21 13:09:32+00:00,AndersonStettner,Commit,2023-07,Friday,13
lsf,2023-07-19 20:58:23+00:00,AndersonStettner,Commit,2023-07,Wednesday,20
lsf,2023-07-19 18:43:12+00:00,AndersonStettner,Commit,2023-07,Wednesday,18
lsf,2023-07-19 18:12:03+00:00,AndersonStettner,Commit,2023-07,Wednesday,18
lsf,2023-07-18 20:47:37+00:00,AndersonStettner,Commit,2023-07,Tuesday,20
lsf,2023-07-18 20:40:37+00:00,AndersonStettner,Commit,2023-07,Tuesday,20
lsf,2023-07-18 18:28:12+00:00,AndersonStettner,Commit,2023-07,Tuesday,18
lsf,2023-07-18 16:32:30+00:00,AndersonStettner,Commit,2023-07,Tuesday,16
lsf,2023-07-18 16:17:55+00:00,AndersonStettner,Commit,2023-07,Tuesday,16
lsf,2023-07-18 16:17:24+00:00,AndersonStettner,Commit,2023-07,Tuesday,16
lsf,2023-07-18 15:54:29+00:00,AndersonStettner,Commit,2023-07,Tuesday,15
lsf,2023-07-18 15:50:21+00:00,AndersonStettner,Commit,2023-07,Tuesday,15
lsf,2023-07-18 14:57:53+00:00,AndersonStettner,Commit,2023-07,Tuesday,14
lsf,2023-07-18 14:54:22+00:00,AndersonStettner,Commit,2023-07,Tuesday,14
lsf,2023-07-18 14:53:10+00:00,AndersonStettner,Commit,2023-07,Tuesday,14
lsf,2023-07-18 14:40:00+00:00,AndersonStettner,Commit,2023-07,Tuesday,14
lsf,2023-06-14 19:02:08+00:00,AndersonStettner,Commit,2023-06,Wednesday,19
lsf,2023-06-14 18:59:57+00:00,AndersonStettner,Commit,2023-06,Wednesday,18
lsf,2023-03-23 20:02:45+00:00,tylerpar99,Commit,2023-03,Thursday,20
lsf,2023-03-23 19:24:17+00:00,tylerpar99,Commit,2023-03,Thursday,19
lsf,2023-03-01 19:55:59+00:00,tylerpar99,Commit,2023-03,Wednesday,19
lsf,2023-02-24 21:07:43+00:00,Madina Solijonova,Commit,2023-02,Friday,21
lsf,2023-02-23 21:40:03+00:00,Madina Solijonova,Commit,2023-02,Thursday,21
lsf,2023-02-23 20:09:17+00:00,tylerpar99,Commit,2023-02,Thursday,20
lsf,2023-02-10 20:08:05+00:00,tylerpar99,Commit,2023-02,Friday,20
lsf,2023-02-09 20:40:55+00:00,tylerpar99,Commit,2023-02,Thursday,20
lsf,2023-02-08 21:58:59+00:00,tylerpar99,Commit,2023-02,Wednesday,21
lsf,2023-02-07 20:49:50+00:00,Madina Solijonova,Commit,2023-02,Tuesday,20
lsf,2023-02-06 21:55:33+00:00,tylerpar99,Commit,2023-02,Monday,21
lsf,2023-02-03 21:27:22+00:00,tylerpar99,Commit,2023-02,Friday,21
lsf,2023-02-02 21:26:05+00:00,tylerpar99,Commit,2023-02,Thursday,21
lsf,2023-02-01 20:46:18+00:00,tylerpar99,Commit,2023-02,Wednesday,20
lsf,2023-01-27 21:29:18+00:00,tylerpar99,Commit,2023-01,Friday,21
lsf,2023-01-27 20:41:25+00:00,tylerpar99,Commit,2023-01,Friday,20
lsf,2023-01-26 21:56:04+00:00,tylerpar99,Commit,2023-01,Thursday,21
lsf,2023-01-25 21:56:32+00:00,tylerpar99,Commit,2023-01,Wednesday,21
lsf,2023-01-26 21:17:53+00:00,tylerpar99,Commit,2023-01,Thursday,21
lsf,2023-01-27 21:08:26+00:00,tylerpar99,Commit,2023-01,Friday,21
lsf,2023-01-25 21:56:32+00:00,tylerpar99,Commit,2023-01,Wednesday,21
lsf,2023-01-26 21:17:53+00:00,tylerpar99,Commit,2023-01,Thursday,21
lsf,2023-02-10 20:41:48+00:00,tylerpar99,Commit,2023-02,Friday,20
lsf,2023-02-10 21:37:52+00:00,tylerpar99,Commit,2023-02,Friday,21
lsf,2023-02-10 21:39:47+00:00,tylerpar99,Commit,2023-02,Friday,21
lsf,2023-01-19 21:48:22+00:00,sreynit02,Commit,2023-01,Thursday,21
lsf,2023-04-26 19:24:25+00:00,tylerpar99,Commit,2023-04,Wednesday,19
lsf,2023-01-13 20:55:00+00:00,sreynit02,Commit,2023-01,Friday,20
lsf,2023-03-23 20:08:05+00:00,sreynit02,Commit,2023-03,Thursday,20
lsf,2023-03-23 20:02:45+00:00,tylerpar99,Commit,2023-03,Thursday,20
lsf,2023-03-23 19:24:17+00:00,tylerpar99,Commit,2023-03,Thursday,19
lsf,2023-03-20 20:45:56+00:00,tylerpar99,Commit,2023-03,Monday,20
lsf,2023-03-16 19:54:23+00:00,tylerpar99,Commit,2023-03,Thursday,19
lsf,2023-03-01 19:55:59+00:00,tylerpar99,Commit,2023-03,Wednesday,19
lsf,2023-02-24 21:07:43+00:00,Madina Solijonova,Commit,2023-02,Friday,21
lsf,2023-02-23 21:40:03+00:00,Madina Solijonova,Commit,2023-02,Thursday,21
lsf,2023-02-23 20:09:17+00:00,tylerpar99,Commit,2023-02,Thursday,20
lsf,2023-02-16 21:04:38+00:00,tylerpar99,Commit,2023-02,Thursday,21
lsf,2023-02-16 20:02:51+00:00,Madina Solijonova,Commit,2023-02,Thursday,20
lsf,2023-02-15 20:05:46+00:00,tylerpar99,Commit,2023-02,Wednesday,20
lsf,2023-02-15 20:04:36+00:00,tylerpar99,Commit,2023-02,Wednesday,20
lsf,2023-02-15 20:04:01+00:00,tylerpar99,Commit,2023-02,Wednesday,20
lsf,2023-02-15 19:42:01+00:00,tylerpar99,Commit,2023-02,Wednesday,19
lsf,2023-02-14 14:05:41+00:00,bledsoef,Commit,2023-02,Tuesday,14
lsf,2023-02-13 20:48:01+00:00,bledsoef,Commit,2023-02,Monday,20
lsf,2023-02-13 20:24:53+00:00,tylerpar99,Commit,2023-02,Monday,20
lsf,2023-02-13 20:19:35+00:00,tylerpar99,Commit,2023-02,Monday,20
lsf,2023-02-13 20:18:18+00:00,tylerpar99,Commit,2023-02,Monday,20
lsf,2023-02-13 19:59:48+00:00,bledsoef,Commit,2023-02,Monday,19
lsf,2023-02-13 19:52:04+00:00,bledsoef,Commit,2023-02,Monday,19
lsf,2023-02-10 21:46:53+00:00,sreynit02,Commit,2023-02,Friday,21
lsf,2023-02-10 21:39:47+00:00,tylerpar99,Commit,2023-02,Friday,21
lsf,2023-02-10 21:37:52+00:00,tylerpar99,Commit,2023-02,Friday,21
lsf,2023-02-10 21:37:19+00:00,tylerpar99,Commit,2023-02,Friday,21
lsf,2023-02-10 21:12:08+00:00,sreynit02,Commit,2023-02,Friday,21
lsf,2023-02-10 21:01:14+00:00,sreynit02,Commit,2023-02,Friday,21
lsf,2023-02-10 20:54:51+00:00,tylerpar99,Commit,2023-02,Friday,20
lsf,2023-02-10 20:53:34+00:00,tylerpar99,Commit,2023-02,Friday,20
lsf,2023-02-10 20:52:09+00:00,tylerpar99,Commit,2023-02,Friday,20
lsf,2023-02-10 20:44:02+00:00,tylerpar99,Commit,2023-02,Friday,20
lsf,2023-02-10 20:41:48+00:00,tylerpar99,Commit,2023-02,Friday,20
lsf,2023-02-10 20:08:05+00:00,tylerpar99,Commit,2023-02,Friday,20
lsf,2023-02-09 20:40:55+00:00,tylerpar99,Commit,2023-02,Thursday,20
lsf,2023-02-09 15:42:51+00:00,AndersonStettner,Commit,2023-02,Thursday,15
lsf,2023-02-08 21:58:59+00:00,tylerpar99,Commit,2023-02,Wednesday,21
lsf,2023-02-07 20:49:50+00:00,Madina Solijonova,Commit,2023-02,Tuesday,20
lsf,2023-02-06 21:55:33+00:00,tylerpar99,Commit,2023-02,Monday,21
lsf,2023-02-03 21:27:22+00:00,tylerpar99,Commit,2023-02,Friday,21
lsf,2023-02-02 21:26:05+00:00,tylerpar99,Commit,2023-02,Thursday,21
lsf,2023-02-01 20:46:18+00:00,tylerpar99,Commit,2023-02,Wednesday,20
lsf,2023-01-31 20:15:10+00:00,AndersonStettner,Commit,2023-01,Tuesday,20
lsf,2023-01-30 15:30:19+00:00,sreynit02,Commit,2023-01,Monday,15
lsf,2023-01-27 21:29:18+00:00,tylerpar99,Commit,2023-01,Friday,21
lsf,2023-01-27 21:08:26+00:00,tylerpar99,Commit,2023-01,Friday,21
lsf,2023-01-27 20:41:25+00:00,tylerpar99,Commit,2023-01,Friday,20
lsf,2023-01-27 19:59:39+00:00,sreynit02,Commit,2023-01,Friday,19
lsf,2023-01-26 21:56:04+00:00,tylerpar99,Commit,2023-01,Thursday,21
lsf,2023-01-26 21:17:53+00:00,tylerpar99,Commit,2023-01,Thursday,21
lsf,2023-01-25 21:56:32+00:00,tylerpar99,Commit,2023-01,Wednesday,21
lsf,2023-01-25 20:02:05+00:00,tylerpar99,Commit,2023-01,Wednesday,20
lsf,2023-01-23 20:44:02+00:00,tylerpar99,Commit,2023-01,Monday,20
lsf,2023-01-20 20:51:19+00:00,tylerpar99,Commit,2023-01,Friday,20
lsf,2023-01-19 21:49:41+00:00,tylerpar99,Commit,2023-01,Thursday,21
lsf,2023-01-18 20:30:03+00:00,tylerpar99,Commit,2023-01,Wednesday,20
lsf,2023-01-18 19:51:27+00:00,tylerpar99,Commit,2023-01,Wednesday,19
lsf,2023-01-18 15:25:02+00:00,gahimbaref,Commit,2023-01,Wednesday,15
lsf,2023-01-17 20:31:46+00:00,Madina Solijonova,Commit,2023-01,Tuesday,20
lsf,2023-01-17 19:49:03+00:00,tylerpar99,Commit,2023-01,Tuesday,19
lsf,2023-01-13 20:55:00+00:00,sreynit02,Commit,2023-01,Friday,20
lsf,2023-01-12 19:59:40+00:00,tylerpar99,Commit,2023-01,Thursday,19
lsf,2023-01-09 19:11:21+00:00,bledsoef,Commit,2023-01,Monday,19
lsf,2022-12-15 16:21:46+00:00,bledsoef,Commit,2022-12,Thursday,16
lsf,2022-12-14 16:34:18+00:00,tylerpar99,Commit,2022-12,Wednesday,16
lsf,2022-12-14 15:16:42+00:00,tylerpar99,Commit,2022-12,Wednesday,15
lsf,2022-12-14 12:42:29+00:00,tylerpar99,Commit,2022-12,Wednesday,12
lsf,2022-12-09 14:54:22+00:00,bledsoef,Commit,2022-12,Friday,14
lsf,2022-12-09 14:05:24+00:00,tylerpar99,Commit,2022-12,Friday,14
lsf,2022-12-09 14:04:19+00:00,tylerpar99,Commit,2022-12,Friday,14
lsf,2022-12-09 13:07:32+00:00,bledsoef,Commit,2022-12,Friday,13
lsf,2022-12-06 17:08:46+00:00,sheggen,Commit,2022-12,Tuesday,17
lsf,2022-12-05 16:31:07+00:00,sheggen,Commit,2022-12,Monday,16
lsf,2022-12-05 15:33:22+00:00,bledsoef,Commit,2022-12,Monday,15
lsf,2022-12-05 15:07:54+00:00,sheggen,Commit,2022-12,Monday,15
lsf,2022-12-01 21:04:12+00:00,bledsoef,Commit,2022-12,Thursday,21
lsf,2022-11-30 14:55:55+00:00,bledsoef,Commit,2022-11,Wednesday,14
lsf,2022-11-30 13:45:24+00:00,tylerpar99,Commit,2022-11,Wednesday,13
lsf,2022-11-28 12:59:17+00:00,tylerpar99,Commit,2022-11,Monday,12
lsf,2022-11-18 20:56:35+00:00,bledsoef,Commit,2022-11,Friday,20
lsf,2022-11-18 20:41:53+00:00,sreynit02,Commit,2022-11,Friday,20
lsf,2022-11-18 19:00:28+00:00,tylerpar99,Commit,2022-11,Friday,19
lsf,2022-11-18 14:58:57+00:00,bledsoef,Commit,2022-11,Friday,14
lsf,2022-11-18 13:30:20+00:00,tylerpar99,Commit,2022-11,Friday,13
lsf,2022-11-17 21:24:15+00:00,sreynit02,Commit,2022-11,Thursday,21
lsf,2022-11-16 22:01:35+00:00,sreynit02,Commit,2022-11,Wednesday,22
lsf,2022-11-16 21:00:16+00:00,sreynit02,Commit,2022-11,Wednesday,21
lsf,2022-11-16 13:34:16+00:00,tylerpar99,Commit,2022-11,Wednesday,13
lsf,2022-11-16 13:20:22+00:00,tylerpar99,Commit,2022-11,Wednesday,13
lsf,2022-11-16 13:14:45+00:00,tylerpar99,Commit,2022-11,Wednesday,13
lsf,2022-11-14 13:15:38+00:00,tylerpar99,Commit,2022-11,Monday,13
lsf,2022-11-14 12:52:27+00:00,tylerpar99,Commit,2022-11,Monday,12
lsf,2022-11-11 18:39:45+00:00,tylerpar99,Commit,2022-11,Friday,18
lsf,2022-11-11 13:52:48+00:00,tylerpar99,Commit,2022-11,Friday,13
lsf,2022-11-09 14:13:36+00:00,AndersonStettner,Commit,2022-11,Wednesday,14
lsf,2022-11-10 21:40:25+00:00,sreynit02,Commit,2022-11,Thursday,21
lsf,2022-11-10 21:26:55+00:00,sreynit02,Commit,2022-11,Thursday,21
lsf,2022-11-10 15:30:56+00:00,AndersonStettner,Commit,2022-11,Thursday,15
lsf,2022-11-10 14:34:51+00:00,AndersonStettner,Commit,2022-11,Thursday,14
lsf,2022-11-09 21:00:48+00:00,sreynit02,Commit,2022-11,Wednesday,21
lsf,2022-11-09 14:44:04+00:00,tylerpar99,Commit,2022-11,Wednesday,14
lsf,2022-11-09 14:13:36+00:00,AndersonStettner,Commit,2022-11,Wednesday,14
lsf,2022-11-09 14:07:56+00:00,AndersonStettner,Commit,2022-11,Wednesday,14
lsf,2022-11-09 14:02:17+00:00,tylerpar99,Commit,2022-11,Wednesday,14
lsf,2022-11-04 14:34:12+00:00,tylerpar99,Commit,2022-11,Friday,14
lsf,2022-11-03 13:17:02+00:00,AndersonStettner,Commit,2022-11,Thursday,13
lsf,2022-11-02 14:16:02+00:00,bledsoef,Commit,2022-11,Wednesday,14
lsf,2022-11-02 14:09:18+00:00,tylerpar99,Commit,2022-11,Wednesday,14
lsf,2022-11-02 14:00:24+00:00,tylerpar99,Commit,2022-11,Wednesday,14
lsf,2022-10-31 19:26:32+00:00,AndersonStettner,Commit,2022-10,Monday,19
lsf,2022-10-31 14:25:34+00:00,tylerpar99,Commit,2022-10,Monday,14
lsf,2022-10-31 13:44:53+00:00,AndersonStettner,Commit,2022-10,Monday,13
lsf,2022-10-31 13:41:06+00:00,tylerpar99,Commit,2022-10,Monday,13
lsf,2022-10-28 17:47:19+00:00,AndersonStettner,Commit,2022-10,Friday,17
lsf,2022-10-28 14:36:52+00:00,bledsoef,Commit,2022-10,Friday,14
lsf,2022-10-28 12:21:28+00:00,bledsoef,Commit,2022-10,Friday,12
lsf,2022-10-28 12:16:01+00:00,tylerpar99,Commit,2022-10,Friday,12
lsf,2022-10-26 14:29:58+00:00,tylerpar99,Commit,2022-10,Wednesday,14
lsf,2022-10-26 13:40:54+00:00,tylerpar99,Commit,2022-10,Wednesday,13
lsf,2022-10-24 14:26:19+00:00,tylerpar99,Commit,2022-10,Monday,14
lsf,2022-10-17 13:31:19+00:00,tylerpar99,Commit,2022-10,Monday,13
lsf,2022-10-17 13:04:51+00:00,tylerpar99,Commit,2022-10,Monday,13
lsf,2022-10-17 12:29:51+00:00,tylerpar99,Commit,2022-10,Monday,12
lsf,2022-10-14 18:42:58+00:00,sreynit02,Commit,2022-10,Friday,18
lsf,2022-10-14 18:21:50+00:00,sreynit02,Commit,2022-10,Friday,18
lsf,2022-10-14 18:19:10+00:00,sreynit02,Commit,2022-10,Friday,18
lsf,2022-10-14 12:28:17+00:00,tylerpar99,Commit,2022-10,Friday,12
lsf,2022-10-14 12:27:50+00:00,tylerpar99,Commit,2022-10,Friday,12
lsf,2022-10-14 12:24:55+00:00,bledsoef,Commit,2022-10,Friday,12
lsf,2022-10-14 12:19:59+00:00,tylerpar99,Commit,2022-10,Friday,12
lsf,2022-10-13 19:52:41+00:00,sreynit02,Commit,2022-10,Thursday,19
lsf,2022-10-13 19:38:50+00:00,AndersonStettner,Commit,2022-10,Thursday,19
lsf,2022-10-12 19:48:24+00:00,sreynit02,Commit,2022-10,Wednesday,19
lsf,2022-10-12 19:45:52+00:00,sreynit02,Commit,2022-10,Wednesday,19
lsf,2022-10-12 14:27:03+00:00,bledsoef,Commit,2022-10,Wednesday,14
lsf,2022-10-10 19:20:00+00:00,tylerpar99,Commit,2022-10,Monday,19
lsf,2022-10-10 18:37:54+00:00,tylerpar99,Commit,2022-10,Monday,18
lsf,2022-10-07 19:44:22+00:00,tylerpar99,Commit,2022-10,Friday,19
lsf,2022-10-07 18:27:52+00:00,tylerpar99,Commit,2022-10,Friday,18
lsf,2022-10-07 13:43:08+00:00,tylerpar99,Commit,2022-10,Friday,13
lsf,2022-10-07 12:47:46+00:00,tylerpar99,Commit,2022-10,Friday,12
lsf,2022-10-03 12:32:45+00:00,tylerpar99,Commit,2022-10,Monday,12
lsf,2022-09-30 14:03:52+00:00,bledsoef,Commit,2022-09,Friday,14
lsf,2022-09-28 13:35:21+00:00,tylerpar99,Commit,2022-09,Wednesday,13
lsf,2022-09-26 14:21:20+00:00,bledsoef,Commit,2022-09,Monday,14
lsf,2022-09-23 20:07:28+00:00,sreynit02,Commit,2022-09,Friday,20
lsf,2022-09-23 18:49:23+00:00,tylerpar99,Commit,2022-09,Friday,18
lsf,2022-09-22 19:02:04+00:00,martinj2-dot,Commit,2022-09,Thursday,19
lsf,2022-09-22 14:57:36+00:00,martinj2-dot,Commit,2022-09,Thursday,14
lsf,2022-09-21 13:49:47+00:00,bledsoef,Commit,2022-09,Wednesday,13
lsf,2022-09-19 14:01:43+00:00,tylerpar99,Commit,2022-09,Monday,14
lsf,2022-09-16 19:44:05+00:00,bledsoef,Commit,2022-09,Friday,19
lsf,2022-09-16 17:59:07+00:00,tylerpar99,Commit,2022-09,Friday,17
lsf,2022-09-16 13:28:18+00:00,tylerpar99,Commit,2022-09,Friday,13
lsf,2022-09-16 12:34:47+00:00,bledsoef,Commit,2022-09,Friday,12
lsf,2022-09-16 12:02:15+00:00,tylerpar99,Commit,2022-09,Friday,12
lsf,2022-09-14 17:59:19+00:00,sreynit02,Commit,2022-09,Wednesday,17
lsf,2022-09-14 14:21:42+00:00,tylerpar99,Commit,2022-09,Wednesday,14
lsf,2022-09-09 19:58:29+00:00,tylerpar99,Commit,2022-09,Friday,19
lsf,2022-09-09 13:40:14+00:00,bledsoef,Commit,2022-09,Friday,13
lsf,2022-09-07 14:25:25+00:00,tylerpar99,Commit,2022-09,Wednesday,14
lsf,2022-09-05 17:29:56+00:00,sreynit02,Commit,2022-09,Monday,17
lsf,2022-09-05 14:17:58+00:00,bledsoef,Commit,2022-09,Monday,14
lsf,2022-09-05 13:08:53+00:00,tylerpar99,Commit,2022-09,Monday,13
lsf,2022-09-05 02:17:41+00:00,sreynit02,Commit,2022-09,Monday,2
lsf,2022-09-02 20:42:17+00:00,bledsoef,Commit,2022-09,Friday,20
lsf,2022-08-30 13:53:42+00:00,AndersonStettner,Commit,2022-08,Tuesday,13
lsf,2022-08-29 20:56:02+00:00,sreynit02,Commit,2022-08,Monday,20
lsf,2022-08-25 20:03:08+00:00,thawpt,Commit,2022-08,Thursday,20
lsf,2022-08-24 21:05:34+00:00,sreynit02,Commit,2022-08,Wednesday,21
lsf,2022-08-24 20:49:54+00:00,thawpt,Commit,2022-08,Wednesday,20
lsf,2022-06-01 20:30:33+00:00,AndersonStettner,Commit,2022-06,Wednesday,20
lsf,2022-06-01 20:30:04+00:00,AndersonStettner,Commit,2022-06,Wednesday,20
lsf,2022-06-01 20:18:15+00:00,AndersonStettner,Commit,2022-06,Wednesday,20
lsf,2022-05-07 00:32:20+00:00,sheggen,Commit,2022-05,Saturday,0
lsf,2022-05-06 16:21:27+00:00,sheggen,Commit,2022-05,Friday,16
lsf,2022-04-26 15:01:53+00:00,sheggen,Commit,2022-04,Tuesday,15
lsf,2022-04-26 14:00:38+00:00,sheggen,Commit,2022-04,Tuesday,14
lsf,2022-04-21 15:51:22+00:00,bryantal,Commit,2022-04,Thursday,15
lsf,2022-04-19 22:44:22+00:00,bryantal,Commit,2022-04,Tuesday,22
lsf,2022-04-14 21:07:57+00:00,bryantal,Commit,2022-04,Thursday,21
lsf,2022-04-14 20:56:57+00:00,bryantal,Commit,2022-04,Thursday,20
lsf,2022-04-14 19:45:32+00:00,bryantal,Commit,2022-04,Thursday,19
lsf,2022-04-12 14:50:51+00:00,sheggen,Commit,2022-04,Tuesday,14
lsf,2022-04-12 13:54:20+00:00,bryantal,Commit,2022-04,Tuesday,13
lsf,2022-04-11 21:05:09+00:00,bryantal,Commit,2022-04,Monday,21
lsf,2022-04-11 20:29:09+00:00,sheggen,Commit,2022-04,Monday,20
lsf,2022-04-11 17:58:44+00:00,sheggen,Commit,2022-04,Monday,17
lsf,2022-04-11 17:45:11+00:00,sheggen,Commit,2022-04,Monday,17
lsf,2022-04-11 17:43:58+00:00,sheggen,Commit,2022-04,Monday,17
lsf,2022-04-11 17:09:36+00:00,sheggen,Commit,2022-04,Monday,17
lsf,2022-04-11 16:57:59+00:00,sheggen,Commit,2022-04,Monday,16
lsf,2022-04-08 20:38:46+00:00,sheggen,Commit,2022-04,Friday,20
lsf,2022-04-08 20:38:19+00:00,sheggen,Commit,2022-04,Friday,20
lsf,2022-04-08 20:37:55+00:00,sheggen,Commit,2022-04,Friday,20
lsf,2022-04-08 20:37:36+00:00,sheggen,Commit,2022-04,Friday,20
lsf,2022-04-08 20:37:08+00:00,sheggen,Commit,2022-04,Friday,20
lsf,2022-03-24 21:55:17+00:00,bryantal,Commit,2022-03,Thursday,21
lsf,2022-03-23 17:47:13+00:00,sheggen,Commit,2022-03,Wednesday,17
lsf,2022-03-22 21:03:49+00:00,bryantal,Commit,2022-03,Tuesday,21
lsf,2022-03-22 19:16:28+00:00,sheggen,Commit,2022-03,Tuesday,19
lsf,2022-03-22 17:58:11+00:00,sheggen,Commit,2022-03,Tuesday,17
lsf,2022-03-21 20:40:49+00:00,sheggen,Commit,2022-03,Monday,20
lsf,2022-03-21 20:29:56+00:00,sheggen,Commit,2022-03,Monday,20
lsf,2022-03-21 20:29:42+00:00,sheggen,Commit,2022-03,Monday,20
lsf,2022-03-21 20:28:52+00:00,sheggen,Commit,2022-03,Monday,20
lsf,2022-03-21 20:28:11+00:00,sheggen,Commit,2022-03,Monday,20
lsf,2022-03-16 14:53:02+00:00,bryantal,Commit,2022-03,Wednesday,14
lsf,2022-03-04 15:41:08+00:00,sheggen,Commit,2022-03,Friday,15
lsf,2022-03-04 15:39:58+00:00,sheggen,Commit,2022-03,Friday,15
lsf,2022-03-04 15:39:35+00:00,sheggen,Commit,2022-03,Friday,15
lsf,2022-03-04 15:39:19+00:00,sheggen,Commit,2022-03,Friday,15
lsf,2022-03-04 15:38:50+00:00,sheggen,Commit,2022-03,Friday,15
lsf,2022-03-04 15:38:36+00:00,sheggen,Commit,2022-03,Friday,15
lsf,2022-03-04 15:38:07+00:00,sheggen,Commit,2022-03,Friday,15
lsf,2022-03-04 15:37:43+00:00,sheggen,Commit,2022-03,Friday,15
lsf,2022-02-28 21:46:17+00:00,sheggen,Commit,2022-02,Monday,21
lsf,2022-02-28 19:22:36+00:00,sheggen,Commit,2022-02,Monday,19
lsf,2022-02-28 15:44:04+00:00,bryantal,Commit,2022-02,Monday,15
lsf,2022-02-28 15:42:38+00:00,bryantal,Commit,2022-02,Monday,15
lsf,2022-02-24 18:02:11+00:00,Karina-Agliullova,Commit,2022-02,Thursday,18
lsf,2022-02-24 18:01:49+00:00,Karina-Agliullova,Commit,2022-02,Thursday,18
lsf,2022-02-24 18:00:05+00:00,Karina-Agliullova,Commit,2022-02,Thursday,18
lsf,2022-02-24 17:57:56+00:00,Karina-Agliullova,Commit,2022-02,Thursday,17
lsf,2022-02-24 17:54:59+00:00,Karina-Agliullova,Commit,2022-02,Thursday,17
lsf,2022-02-24 17:50:48+00:00,Karina-Agliullova,Commit,2022-02,Thursday,17
lsf,2022-01-20 22:51:56+00:00,Karina-Agliullova,Commit,2022-01,Thursday,22
lsf,2022-01-20 22:10:09+00:00,Karina-Agliullova,Commit,2022-01,Thursday,22
lsf,2022-01-12 17:25:27+00:00,sheggen,Commit,2022-01,Wednesday,17
lsf,2022-01-11 19:26:14+00:00,sheggen,Commit,2022-01,Tuesday,19
lsf,2022-01-11 19:24:12+00:00,sheggen,Commit,2022-01,Tuesday,19
lsf,2022-01-11 19:20:42+00:00,sheggen,Commit,2022-01,Tuesday,19
lsf,2022-01-11 18:43:38+00:00,sheggen,Commit,2022-01,Tuesday,18
lsf,2022-01-07 20:23:48+00:00,sheggen,Commit,2022-01,Friday,20
lsf,2022-01-07 20:23:27+00:00,sheggen,Commit,2022-01,Friday,20
lsf,2022-01-07 20:23:07+00:00,sheggen,Commit,2022-01,Friday,20
lsf,2022-01-07 20:22:40+00:00,sheggen,Commit,2022-01,Friday,20
lsf,2022-01-07 20:22:18+00:00,sheggen,Commit,2022-01,Friday,20
lsf,2022-01-07 20:21:51+00:00,sheggen,Commit,2022-01,Friday,20
lsf,2022-01-07 20:21:25+00:00,sheggen,Commit,2022-01,Friday,20
lsf,2022-01-07 20:20:44+00:00,sheggen,Commit,2022-01,Friday,20
lsf,2022-01-07 20:20:16+00:00,sheggen,Commit,2022-01,Friday,20
lsf,2022-01-07 20:19:49+00:00,sheggen,Commit,2022-01,Friday,20
lsf,2022-01-07 20:19:17+00:00,sheggen,Commit,2022-01,Friday,20
lsf,2021-12-10 05:01:04+00:00,Karina-Agliullova,Commit,2021-12,Friday,5
lsf,2021-12-08 04:16:47+00:00,Karina-Agliullova,Commit,2021-12,Wednesday,4
lsf,2021-12-01 22:08:38+00:00,Karina-Agliullova,Commit,2021-12,Wednesday,22
lsf,2021-12-01 21:08:53+00:00,Karina-Agliullova,Commit,2021-12,Wednesday,21
lsf,2021-11-30 22:20:55+00:00,Karina-Agliullova,Commit,2021-11,Tuesday,22
lsf,2021-11-30 22:15:32+00:00,Karina-Agliullova,Commit,2021-11,Tuesday,22
lsf,2021-11-30 21:40:39+00:00,Karina-Agliullova,Commit,2021-11,Tuesday,21
lsf,2021-11-30 20:45:18+00:00,Karina-Agliullova,Commit,2021-11,Tuesday,20
lsf,2021-11-30 20:35:54+00:00,Karina-Agliullova,Commit,2021-11,Tuesday,20
lsf,2021-11-30 20:00:27+00:00,Karina-Agliullova,Commit,2021-11,Tuesday,20
lsf,2021-11-29 07:00:10+00:00,Karina-Agliullova,Commit,2021-11,Monday,7
lsf,2021-11-27 01:23:57+00:00,Karina-Agliullova,Commit,2021-11,Saturday,1
lsf,2021-11-27 01:14:18+00:00,Karina-Agliullova,Commit,2021-11,Saturday,1
lsf,2021-11-25 23:09:10+00:00,Karina-Agliullova,Commit,2021-11,Thursday,23
lsf,2021-11-25 22:53:11+00:00,Karina-Agliullova,Commit,2021-11,Thursday,22
lsf,2021-11-25 22:13:17+00:00,Karina-Agliullova,Commit,2021-11,Thursday,22
lsf,2021-11-23 21:55:13+00:00,Karina-Agliullova,Commit,2021-11,Tuesday,21
lsf,2021-11-23 20:51:56+00:00,Karina-Agliullova,Commit,2021-11,Tuesday,20
lsf,2021-11-18 18:05:20+00:00,Hila Manalai,Commit,2021-11,Thursday,18
lsf,2021-09-09 19:19:47+00:00,Karina-Agliullova,Commit,2021-09,Thursday,19
lsf,2021-09-09 19:18:19+00:00,Karina-Agliullova,Commit,2021-09,Thursday,19
lsf,2021-09-07 21:46:30+00:00,Hila Manalai,Commit,2021-09,Tuesday,21
lsf,2021-09-07 21:35:23+00:00,Hila Manalai,Commit,2021-09,Tuesday,21
lsf,2021-09-07 18:50:22+00:00,Hila Manalai,Commit,2021-09,Tuesday,18
lsf,2021-09-02 21:01:02+00:00,Hila Manalai,Commit,2021-09,Thursday,21
lsf,2021-09-02 20:09:29+00:00,Karina-Agliullova,Commit,2021-09,Thursday,20
lsf,2021-09-02 18:43:10+00:00,Hila Manalai,Commit,2021-09,Thursday,18
lsf,2021-08-31 18:34:51+00:00,Hila Manalai,Commit,2021-08,Tuesday,18
lsf,2021-08-30 13:59:15+00:00,Hila Manalai,Commit,2021-08,Monday,13
lsf,2021-08-24 18:02:52+00:00,Hila Manalai,Commit,2021-08,Tuesday,18
lsf,2021-08-23 19:52:24+00:00,Hila Manalai,Commit,2021-08,Monday,19
lsf,2021-06-18 16:12:06+00:00,romano-w,Commit,2021-06,Friday,16
lsf,2021-05-21 15:25:25+00:00,Hila Manalai,Commit,2021-05,Friday,15
lsf,2021-05-21 15:22:38+00:00,sreynit02,Commit,2021-05,Friday,15
lsf,2021-05-21 15:19:14+00:00,May Jue,Commit,2021-05,Friday,15
lsf,2021-05-05 13:09:59+00:00,Hila Manalai,Commit,2021-05,Wednesday,13
lsf,2021-05-03 18:47:53+00:00,Hila Manalai,Commit,2021-05,Monday,18
lsf,2021-05-03 18:46:49+00:00,Hila Manalai,Commit,2021-05,Monday,18
lsf,2021-04-26 14:53:44+00:00,Hila Manalai,Commit,2021-04,Monday,14
lsf,2021-04-15 16:03:29+00:00,romano-w,Commit,2021-04,Thursday,16
lsf,2021-04-15 16:02:23+00:00,romano-w,Commit,2021-04,Thursday,16
lsf,2021-04-15 15:25:25+00:00,Luis Riera,Commit,2021-04,Thursday,15
lsf,2021-04-15 15:06:25+00:00,Luis Riera,Commit,2021-04,Thursday,15
lsf,2021-04-15 15:05:28+00:00,Luis Riera,Commit,2021-04,Thursday,15
lsf,2021-04-02 19:12:58+00:00,sreynit02,Commit,2021-04,Friday,19
lsf,2021-03-23 19:13:57+00:00,sreynit02,Commit,2021-03,Tuesday,19
lsf,2021-03-22 15:51:53+00:00,romano-w,Commit,2021-03,Monday,15
lsf,2021-03-19 20:23:36+00:00,sreynit02,Commit,2021-03,Friday,20
lsf,2021-03-19 20:05:43+00:00,sreynit02,Commit,2021-03,Friday,20
lsf,2021-03-17 14:46:09+00:00,romano-w,Commit,2021-03,Wednesday,14
lsf,2021-03-16 19:35:09+00:00,sreynit02,Commit,2021-03,Tuesday,19
lsf,2021-03-16 18:28:31+00:00,sreynit02,Commit,2021-03,Tuesday,18
lsf,2021-03-16 18:06:14+00:00,sreynit02,Commit,2021-03,Tuesday,18
lsf,2021-03-15 16:08:09+00:00,Luis Riera,Commit,2021-03,Monday,16
lsf,2021-03-12 20:08:52+00:00,sreynit02,Commit,2021-03,Friday,20
lsf,2021-03-12 19:10:17+00:00,sreynit02,Commit,2021-03,Friday,19
lsf,2021-03-09 19:32:12+00:00,sreynit02,Commit,2021-03,Tuesday,19
lsf,2021-03-09 19:08:02+00:00,sreynit02,Commit,2021-03,Tuesday,19
lsf,2021-03-05 21:13:19+00:00,sreynit02,Commit,2021-03,Friday,21
lsf,2021-03-05 20:09:55+00:00,sreynit02,Commit,2021-03,Friday,20
lsf,2021-03-05 19:56:16+00:00,sreynit02,Commit,2021-03,Friday,19
lsf,2021-03-04 15:06:41+00:00,May Jue,Commit,2021-03,Thursday,15
lsf,2021-03-04 14:19:06+00:00,May Jue,Commit,2021-03,Thursday,14
lsf,2021-03-03 19:43:45+00:00,mupotsal,Commit,2021-03,Wednesday,19
lsf,2021-03-03 18:55:48+00:00,May Jue,Commit,2021-03,Wednesday,18
lsf,2021-03-03 18:35:08+00:00,mupotsal,Commit,2021-03,Wednesday,18
lsf,2021-03-03 14:39:18+00:00,mupotsal,Commit,2021-03,Wednesday,14
lsf,2021-03-01 14:52:08+00:00,mupotsal,Commit,2021-03,Monday,14
lsf,2021-02-24 14:43:57+00:00,May Jue,Commit,2021-02,Wednesday,14
lsf,2021-02-24 14:06:06+00:00,mupotsal,Commit,2021-02,Wednesday,14
lsf,2021-02-23 21:14:33+00:00,mupotsal,Commit,2021-02,Tuesday,21
lsf,2021-02-23 21:04:17+00:00,mupotsal,Commit,2021-02,Tuesday,21
lsf,2021-02-23 16:12:46+00:00,Hila Manalai,Commit,2021-02,Tuesday,16
lsf,2021-02-23 15:52:00+00:00,Hila Manalai,Commit,2021-02,Tuesday,15
lsf,2021-02-23 15:51:32+00:00,Hila Manalai,Commit,2021-02,Tuesday,15
lsf,2021-02-22 17:05:41+00:00,mupotsal,Commit,2021-02,Monday,17
lsf,2021-02-22 17:03:54+00:00,mupotsal,Commit,2021-02,Monday,17
lsf,2021-02-22 16:28:47+00:00,May Jue,Commit,2021-02,Monday,16
lsf,2021-02-20 04:20:46+00:00,mupotsal,Commit,2021-02,Saturday,4
lsf,2021-02-20 03:47:18+00:00,mupotsal,Commit,2021-02,Saturday,3
lsf,2021-02-17 14:42:40+00:00,May Jue,Commit,2021-02,Wednesday,14
lsf,2021-02-17 14:37:33+00:00,May Jue,Commit,2021-02,Wednesday,14
lsf,2021-02-16 19:55:44+00:00,Hila Manalai,Commit,2021-02,Tuesday,19
lsf,2021-02-16 18:30:38+00:00,Hila Manalai,Commit,2021-02,Tuesday,18
lsf,2021-02-16 16:27:37+00:00,Hila Manalai,Commit,2021-02,Tuesday,16
lsf,2021-02-15 16:46:24+00:00,mupotsal,Commit,2021-02,Monday,16
lsf,2021-02-15 16:29:37+00:00,mupotsal,Commit,2021-02,Monday,16
lsf,2021-02-15 16:28:21+00:00,mupotsal,Commit,2021-02,Monday,16
lsf,2021-02-12 21:20:22+00:00,Jamaliela,Commit,2021-02,Friday,21
lsf,2021-02-12 19:15:59+00:00,GuillermoCruz32,Commit,2021-02,Friday,19
lsf,2021-02-12 18:55:29+00:00,Elaheh Jamali,Commit,2021-02,Friday,18
lsf,2021-02-12 18:52:02+00:00,Elaheh Jamali,Commit,2021-02,Friday,18
lsf,2021-02-12 18:34:54+00:00,May Jue,Commit,2021-02,Friday,18
lsf,2021-02-11 17:15:59+00:00,mupotsal,Commit,2021-02,Thursday,17
lsf,2021-02-11 16:51:48+00:00,mupotsal,Commit,2021-02,Thursday,16
lsf,2021-02-11 15:25:01+00:00,May Jue,Commit,2021-02,Thursday,15
lsf,2021-02-11 14:15:48+00:00,mupotsal,Commit,2021-02,Thursday,14
lsf,2021-02-10 19:52:10+00:00,May Jue,Commit,2021-02,Wednesday,19
lsf,2021-02-09 18:59:13+00:00,Hila Manalai,Commit,2021-02,Tuesday,18
lsf,2021-02-09 17:16:02+00:00,Hila Manalai,Commit,2021-02,Tuesday,17
lsf,2021-02-08 17:01:51+00:00,mupotsal,Commit,2021-02,Monday,17
lsf,2021-02-03 20:53:16+00:00,Hila Manalai,Commit,2021-02,Wednesday,20
lsf,2021-02-03 17:25:24+00:00,Hila Manalai,Commit,2021-02,Wednesday,17
lsf,2021-02-03 16:38:02+00:00,Elaheh Jamali,Commit,2021-02,Wednesday,16
lsf,2021-02-03 16:27:16+00:00,Elaheh Jamali,Commit,2021-02,Wednesday,16
lsf,2021-02-01 22:47:57+00:00,Jamaliela,Commit,2021-02,Monday,22
lsf,2021-01-28 17:52:00+00:00,Elaheh Jamali,Commit,2021-01,Thursday,17
lsf,2021-01-28 17:50:23+00:00,Elaheh Jamali,Commit,2021-01,Thursday,17
lsf,2021-01-28 17:33:57+00:00,Elaheh Jamali,Commit,2021-01,Thursday,17
lsf,2021-01-28 16:07:25+00:00,Elaheh Jamali,Commit,2021-01,Thursday,16
lsf,2021-01-28 04:54:41+00:00,Elaheh Jamali,Commit,2021-01,Thursday,4
lsf,2021-01-28 04:52:47+00:00,Elaheh Jamali,Commit,2021-01,Thursday,4
lsf,2021-01-28 04:41:33+00:00,Elaheh Jamali,Commit,2021-01,Thursday,4
lsf,2021-01-28 04:32:52+00:00,Elaheh Jamali,Commit,2021-01,Thursday,4
lsf,2021-01-27 16:08:07+00:00,Guillermo Cruz,Commit,2021-01,Wednesday,16
lsf,2021-01-27 16:07:30+00:00,Jamaliela,Commit,2021-01,Wednesday,16
lsf,2021-01-27 16:04:01+00:00,Jamaliela,Commit,2021-01,Wednesday,16
lsf,2021-01-25 16:35:29+00:00,Elaheh Jamali,Commit,2021-01,Monday,16
lsf,2021-01-25 16:31:33+00:00,Elaheh Jamali,Commit,2021-01,Monday,16
lsf,2021-01-18 18:52:58+00:00,Elaheh Jamali,Commit,2021-01,Monday,18
lsf,2021-01-18 17:31:35+00:00,GuillermoCruz32,Commit,2021-01,Monday,17
lsf,2021-01-14 18:26:01+00:00,Elaheh Jamali,Commit,2021-01,Thursday,18
lsf,2021-01-14 18:07:57+00:00,Elaheh Jamali,Commit,2021-01,Thursday,18
lsf,2021-01-14 15:58:51+00:00,GuillermoCruz32,Commit,2021-01,Thursday,15
lsf,2021-01-13 17:52:46+00:00,GuillermoCruz32,Commit,2021-01,Wednesday,17
lsf,2021-01-11 20:25:49+00:00,May Jue,Commit,2021-01,Monday,20
lsf,2021-01-11 20:24:22+00:00,May Jue,Commit,2021-01,Monday,20
lsf,2021-01-11 20:18:01+00:00,Jamaliela,Commit,2021-01,Monday,20
lsf,2021-01-08 17:54:28+00:00,Hila Manalai,Commit,2021-01,Friday,17
lsf,2021-01-07 19:39:15+00:00,Hila Manalai,Commit,2021-01,Thursday,19
lsf,2021-01-06 21:40:26+00:00,Hila Manalai,Commit,2021-01,Wednesday,21
lsf,2021-01-06 21:30:54+00:00,Hila Manalai,Commit,2021-01,Wednesday,21
lsf,2021-01-05 22:04:49+00:00,Hila Manalai,Commit,2021-01,Tuesday,22
lsf,2021-01-05 22:04:07+00:00,Hila Manalai,Commit,2021-01,Tuesday,22
lsf,2021-01-05 17:48:58+00:00,ovezovs,Commit,2021-01,Tuesday,17
lsf,2021-01-05 15:41:01+00:00,Hila Manalai,Commit,2021-01,Tuesday,15
lsf,2021-01-05 15:33:22+00:00,Hila Manalai,Commit,2021-01,Tuesday,15
lsf,2021-01-04 21:56:31+00:00,Hila Manalai,Commit,2021-01,Monday,21
lsf,2021-01-04 17:10:55+00:00,Hila Manalai,Commit,2021-01,Monday,17
lsf,2021-01-02 20:49:09+00:00,Hila Manalai,Commit,2021-01,Saturday,20
lsf,2021-01-02 14:46:00+00:00,ovezovs,Commit,2021-01,Saturday,14
lsf,2020-12-30 20:03:17+00:00,Hila Manalai,Commit,2020-12,Wednesday,20
lsf,2020-12-29 20:06:13+00:00,ovezovs,Commit,2020-12,Tuesday,20
lsf,2020-12-24 18:10:57+00:00,ovezovs,Commit,2020-12,Thursday,18
lsf,2020-12-23 20:01:00+00:00,ovezovs,Commit,2020-12,Wednesday,20
lsf,2020-12-22 19:08:08+00:00,Hila Manalai,Commit,2020-12,Tuesday,19
lsf,2020-12-22 13:48:06+00:00,ovezovs,Commit,2020-12,Tuesday,13
lsf,2020-12-21 13:13:02+00:00,Hila Manalai,Commit,2020-12,Monday,13
lsf,2020-12-09 16:11:32+00:00,May Jue,Commit,2020-12,Wednesday,16
lsf,2020-12-09 15:23:53+00:00,escalerapadronl,Commit,2020-12,Wednesday,15
lsf,2020-12-07 15:26:50+00:00,escalerapadronl,Commit,2020-12,Monday,15
lsf,2020-12-07 15:17:44+00:00,escalerapadronl,Commit,2020-12,Monday,15
lsf,2020-12-04 22:13:23+00:00,Jamaliela,Commit,2020-12,Friday,22
lsf,2020-12-04 22:07:33+00:00,Hila Manalai,Commit,2020-12,Friday,22
lsf,2020-12-04 19:56:36+00:00,May Jue,Commit,2020-12,Friday,19
lsf,2020-12-04 17:25:41+00:00,May Jue,Commit,2020-12,Friday,17
lsf,2020-12-03 20:58:50+00:00,Jamaliela,Commit,2020-12,Thursday,20
lsf,2020-12-03 20:56:45+00:00,Jamaliela,Commit,2020-12,Thursday,20
lsf,2020-12-03 20:51:05+00:00,Hila Manalai,Commit,2020-12,Thursday,20
lsf,2020-12-03 20:46:47+00:00,Jamaliela,Commit,2020-12,Thursday,20
lsf,2020-12-03 18:05:53+00:00,May Jue,Commit,2020-12,Thursday,18
lsf,2020-11-23 16:12:46+00:00,May Jue,Commit,2020-11,Monday,16
lsf,2020-11-19 19:00:13+00:00,Elaheh Jamali,Commit,2020-11,Thursday,19
lsf,2020-11-19 17:59:39+00:00,Elaheh Jamali,Commit,2020-11,Thursday,17
lsf,2020-11-11 16:00:25+00:00,Jamaliela,Commit,2020-11,Wednesday,16
lsf,2020-11-11 15:42:57+00:00,Guillermo Cruz,Commit,2020-11,Wednesday,15
lsf,2020-11-11 15:35:15+00:00,Jamaliela,Commit,2020-11,Wednesday,15
lsf,2020-11-11 14:05:50+00:00,Jamaliela,Commit,2020-11,Wednesday,14
lsf,2020-11-04 22:38:56+00:00,bryantal,Commit,2020-11,Wednesday,22
lsf,2020-11-03 19:10:05+00:00,Elaheh Jamali,Commit,2020-11,Tuesday,19
lsf,2020-11-03 12:47:57+00:00,Jamaliela,Commit,2020-11,Tuesday,12
lsf,2020-11-02 20:34:49+00:00,Elaheh Jamali,Commit,2020-11,Monday,20
lsf,2020-11-02 18:12:48+00:00,Elaheh Jamali,Commit,2020-11,Monday,18
lsf,2020-11-02 16:13:22+00:00,GuillermoCruz32,Commit,2020-11,Monday,16
lsf,2020-10-28 21:17:46+00:00,Elaheh Jamali,Commit,2020-10,Wednesday,21
lsf,2020-10-28 17:16:04+00:00,Elaheh Jamali,Commit,2020-10,Wednesday,17
lsf,2020-10-27 16:28:01+00:00,Elaheh Jamali,Commit,2020-10,Tuesday,16
lsf,2020-10-27 16:09:30+00:00,Elaheh Jamali,Commit,2020-10,Tuesday,16
lsf,2020-10-26 21:37:07+00:00,GuillermoCruz32,Commit,2020-10,Monday,21
lsf,2020-10-26 20:33:00+00:00,Elaheh Jamali,Commit,2020-10,Monday,20
lsf,2020-10-22 18:38:06+00:00,Elaheh Jamali,Commit,2020-10,Thursday,18
lsf,2020-10-22 02:22:07+00:00,Elaheh Jamali,Commit,2020-10,Thursday,2
lsf,2020-10-21 15:17:04+00:00,Hila Manalai,Commit,2020-10,Wednesday,15
lsf,2020-10-21 15:09:14+00:00,Hila Manalai,Commit,2020-10,Wednesday,15
lsf,2020-10-21 12:53:12+00:00,Hila Manalai,Commit,2020-10,Wednesday,12
lsf,2020-10-19 15:01:57+00:00,Hila Manalai,Commit,2020-10,Monday,15
lsf,2020-10-18 00:49:21+00:00,Hila Manalai,Commit,2020-10,Sunday,0
lsf,2020-10-18 00:04:01+00:00,Hila Manalai,Commit,2020-10,Sunday,0
lsf,2020-10-17 19:49:56+00:00,Hila Manalai,Commit,2020-10,Saturday,19
lsf,2020-10-15 16:37:26+00:00,GuillermoCruz32,Commit,2020-10,Thursday,16
lsf,2020-10-14 18:55:00+00:00,Hila Manalai,Commit,2020-10,Wednesday,18
lsf,2020-10-14 01:39:41+00:00,Elaheh Jamali,Commit,2020-10,Wednesday,1
lsf,2020-10-14 01:04:51+00:00,GuillermoCruz32,Commit,2020-10,Wednesday,1
lsf,2020-10-13 23:57:58+00:00,Elaheh Jamali,Commit,2020-10,Tuesday,23
lsf,2020-10-12 16:21:59+00:00,Hila Manalai,Commit,2020-10,Monday,16
lsf,2020-10-12 15:48:59+00:00,GuillermoCruz32,Commit,2020-10,Monday,15
lsf,2020-10-11 17:58:17+00:00,Hila Manalai,Commit,2020-10,Sunday,17
lsf,2020-10-11 14:34:19+00:00,Hila Manalai,Commit,2020-10,Sunday,14
lsf,2020-10-09 16:28:46+00:00,Hila Manalai,Commit,2020-10,Friday,16
lsf,2020-10-07 15:42:12+00:00,May Jue,Commit,2020-10,Wednesday,15
lsf,2020-10-07 14:25:00+00:00,May Jue,Commit,2020-10,Wednesday,14
lsf,2020-10-05 17:53:36+00:00,Elaheh Jamali,Commit,2020-10,Monday,17
lsf,2020-10-05 17:51:00+00:00,Elaheh Jamali,Commit,2020-10,Monday,17
lsf,2020-10-05 17:48:34+00:00,Elaheh Jamali,Commit,2020-10,Monday,17
lsf,2020-10-05 16:21:59+00:00,Hila Manalai,Commit,2020-10,Monday,16
lsf,2020-09-30 17:43:34+00:00,Elaheh Jamali,Commit,2020-09,Wednesday,17
lsf,2020-09-28 15:55:07+00:00,Elaheh Jamali,Commit,2020-09,Monday,15
lsf,2020-09-28 15:51:34+00:00,Elaheh Jamali,Commit,2020-09,Monday,15
lsf,2020-09-28 15:13:27+00:00,Hila Manalai,Commit,2020-09,Monday,15
lsf,2020-09-25 18:09:06+00:00,GuillermoCruz32,Commit,2020-09,Friday,18
lsf,2020-09-25 16:58:10+00:00,Hila Manalai,Commit,2020-09,Friday,16
lsf,2020-09-25 16:39:29+00:00,Hila Manalai,Commit,2020-09,Friday,16
lsf,2020-09-25 16:37:04+00:00,Hila Manalai,Commit,2020-09,Friday,16
lsf,2020-09-24 21:15:07+00:00,Elaheh Jamali,Commit,2020-09,Thursday,21
lsf,2020-09-23 19:25:07+00:00,Elaheh Jamali,Commit,2020-09,Wednesday,19
lsf,2020-09-23 18:37:45+00:00,Luis Riera,Commit,2020-09,Wednesday,18
lsf,2020-09-23 16:34:06+00:00,Elaheh Jamali,Commit,2020-09,Wednesday,16
lsf,2020-09-23 15:43:44+00:00,Elaheh Jamali,Commit,2020-09,Wednesday,15
lsf,2020-09-23 15:29:00+00:00,Luis Riera,Commit,2020-09,Wednesday,15
lsf,2020-09-23 15:21:15+00:00,Luis Riera,Commit,2020-09,Wednesday,15
lsf,2020-09-23 13:52:19+00:00,Jamaliela,Commit,2020-09,Wednesday,13
lsf,2020-09-22 23:05:34+00:00,GuillermoCruz32,Commit,2020-09,Tuesday,23
lsf,2020-09-22 19:52:49+00:00,GuillermoCruz32,Commit,2020-09,Tuesday,19
lsf,2020-09-22 19:50:26+00:00,GuillermoCruz32,Commit,2020-09,Tuesday,19
lsf,2020-09-22 15:26:16+00:00,Hila Manalai,Commit,2020-09,Tuesday,15
lsf,2020-09-22 15:17:18+00:00,Jamaliela,Commit,2020-09,Tuesday,15
lsf,2020-09-21 17:02:43+00:00,Elaheh Jamali,Commit,2020-09,Monday,17
lsf,2020-09-21 15:30:16+00:00,Elaheh Jamali,Commit,2020-09,Monday,15
lsf,2020-09-21 14:42:23+00:00,Hila Manalai,Commit,2020-09,Monday,14
lsf,2020-09-21 14:34:26+00:00,Hila Manalai,Commit,2020-09,Monday,14
lsf,2020-09-21 14:23:46+00:00,Hila Manalai,Commit,2020-09,Monday,14
lsf,2020-09-20 22:04:19+00:00,GuillermoCruz32,Commit,2020-09,Sunday,22
lsf,2020-09-20 21:53:53+00:00,GuillermoCruz32,Commit,2020-09,Sunday,21
lsf,2020-09-18 19:52:53+00:00,Hila Manalai,Commit,2020-09,Friday,19
lsf,2020-09-17 18:58:22+00:00,Luis Riera,Commit,2020-09,Thursday,18
lsf,2020-09-17 15:52:12+00:00,GuillermoCruz32,Commit,2020-09,Thursday,15
lsf,2020-09-16 19:44:38+00:00,Elaheh Jamali,Commit,2020-09,Wednesday,19
lsf,2020-09-16 15:39:07+00:00,Hila Manalai,Commit,2020-09,Wednesday,15
lsf,2020-09-16 14:40:16+00:00,Hila Manalai,Commit,2020-09,Wednesday,14
lsf,2020-09-16 14:05:54+00:00,Luis Riera,Commit,2020-09,Wednesday,14
lsf,2020-09-14 21:33:16+00:00,Guillermo Cruz,Commit,2020-09,Monday,21
lsf,2020-09-14 21:29:06+00:00,Jamaliela,Commit,2020-09,Monday,21
lsf,2020-09-14 21:26:43+00:00,Jamaliela,Commit,2020-09,Monday,21
lsf,2020-09-14 21:26:04+00:00,Jamaliela,Commit,2020-09,Monday,21
lsf,2020-09-14 17:00:37+00:00,bryantal,Commit,2020-09,Monday,17
lsf,2020-09-14 16:56:54+00:00,Hila Manalai,Commit,2020-09,Monday,16
lsf,2020-09-14 15:27:53+00:00,Elaheh Jamali,Commit,2020-09,Monday,15
lsf,2020-09-14 14:53:41+00:00,GuillermoCruz32,Commit,2020-09,Monday,14
lsf,2020-09-11 19:39:12+00:00,Luis Riera,Commit,2020-09,Friday,19
lsf,2020-09-10 22:09:51+00:00,Elaheh Jamali,Commit,2020-09,Thursday,22
lsf,2020-09-10 15:46:03+00:00,GuillermoCruz32,Commit,2020-09,Thursday,15
lsf,2020-09-10 15:14:18+00:00,GuillermoCruz32,Commit,2020-09,Thursday,15
lsf,2020-09-09 18:56:50+00:00,GuillermoCruz32,Commit,2020-09,Wednesday,18
lsf,2020-09-09 16:23:03+00:00,Hila Manalai,Commit,2020-09,Wednesday,16
lsf,2020-09-09 16:19:50+00:00,Hila Manalai,Commit,2020-09,Wednesday,16
lsf,2020-09-08 21:32:59+00:00,Elaheh Jamali,Commit,2020-09,Tuesday,21
lsf,2020-09-08 12:56:35+00:00,Guillermo Cruz,Commit,2020-09,Tuesday,12
lsf,2020-09-08 12:56:15+00:00,Jamaliela,Commit,2020-09,Tuesday,12
lsf,2020-09-08 12:55:20+00:00,Jamaliela,Commit,2020-09,Tuesday,12
lsf,2020-09-07 16:46:29+00:00,Elaheh Jamali,Commit,2020-09,Monday,16
lsf,2020-09-07 16:15:54+00:00,Hila Manalai,Commit,2020-09,Monday,16
lsf,2020-09-07 15:24:27+00:00,Elaheh Jamali,Commit,2020-09,Monday,15
lsf,2020-09-04 21:18:15+00:00,Elaheh Jamali,Commit,2020-09,Friday,21
lsf,2020-09-04 21:01:20+00:00,GuillermoCruz32,Commit,2020-09,Friday,21
lsf,2020-09-04 20:11:46+00:00,Elaheh Jamali,Commit,2020-09,Friday,20
lsf,2020-09-04 19:51:57+00:00,Elaheh Jamali,Commit,2020-09,Friday,19
lsf,2020-09-04 16:33:22+00:00,Hila Manalai,Commit,2020-09,Friday,16
lsf,2020-09-04 16:15:45+00:00,Hila Manalai,Commit,2020-09,Friday,16
lsf,2020-09-04 15:58:31+00:00,Hila Manalai,Commit,2020-09,Friday,15
lsf,2020-09-02 16:29:05+00:00,Hila Manalai,Commit,2020-09,Wednesday,16
lsf,2020-08-31 16:51:21+00:00,Elaheh Jamali,Commit,2020-08,Monday,16
lsf,2020-08-31 16:46:21+00:00,Hila Manalai,Commit,2020-08,Monday,16
lsf,2020-08-31 16:33:34+00:00,Hila Manalai,Commit,2020-08,Monday,16
lsf,2020-08-31 16:18:47+00:00,Hila Manalai,Commit,2020-08,Monday,16
lsf,2020-08-31 16:16:10+00:00,Hila Manalai,Commit,2020-08,Monday,16
lsf,2020-08-31 16:10:45+00:00,Elaheh Jamali,Commit,2020-08,Monday,16
lsf,2020-08-31 15:40:18+00:00,Hila Manalai,Commit,2020-08,Monday,15
lsf,2020-08-31 15:10:18+00:00,Elaheh Jamali,Commit,2020-08,Monday,15
lsf,2020-08-31 15:06:11+00:00,Elaheh Jamali,Commit,2020-08,Monday,15
lsf,2020-08-31 15:02:19+00:00,Elaheh Jamali,Commit,2020-08,Monday,15
lsf,2020-08-31 14:56:01+00:00,Elaheh Jamali,Commit,2020-08,Monday,14
lsf,2020-08-31 14:49:23+00:00,Elaheh Jamali,Commit,2020-08,Monday,14
lsf,2020-08-31 14:09:39+00:00,GuillermoCruz32,Commit,2020-08,Monday,14
lsf,2020-08-31 12:59:13+00:00,Hila Manalai,Commit,2020-08,Monday,12
lsf,2020-08-28 14:52:22+00:00,Hila Manalai,Commit,2020-08,Friday,14
lsf,2020-08-28 14:45:43+00:00,Hila Manalai,Commit,2020-08,Friday,14
lsf,2020-08-28 14:40:39+00:00,Hila Manalai,Commit,2020-08,Friday,14
lsf,2020-08-28 13:49:27+00:00,Hila Manalai,Commit,2020-08,Friday,13
lsf,2020-08-28 12:36:03+00:00,Hila Manalai,Commit,2020-08,Friday,12
lsf,2020-08-28 12:34:50+00:00,Hila Manalai,Commit,2020-08,Friday,12
lsf,2020-08-28 03:04:17+00:00,Elaheh Jamali,Commit,2020-08,Friday,3
lsf,2020-08-27 15:28:01+00:00,Jamaliela,Commit,2020-08,Thursday,15
lsf,2020-08-27 14:55:07+00:00,escalerapadronl,Commit,2020-08,Thursday,14
lsf,2020-08-26 21:49:23+00:00,Elaheh Jamali,Commit,2020-08,Wednesday,21
lsf,2020-08-26 15:28:57+00:00,Hila Manalai,Commit,2020-08,Wednesday,15
lsf,2020-08-26 15:11:36+00:00,Hila Manalai,Commit,2020-08,Wednesday,15
lsf,2020-08-26 13:39:11+00:00,Hila Manalai,Commit,2020-08,Wednesday,13
lsf,2020-08-25 21:20:15+00:00,Elaheh Jamali,Commit,2020-08,Tuesday,21
lsf,2020-08-24 16:06:50+00:00,Hila Manalai,Commit,2020-08,Monday,16
lsf,2020-08-24 15:32:53+00:00,Hila Manalai,Commit,2020-08,Monday,15
lsf,2020-08-24 14:59:01+00:00,GuillermoCruz32,Commit,2020-08,Monday,14
lsf,2020-08-21 02:29:30+00:00,Elaheh Jamali,Commit,2020-08,Friday,2
lsf,2020-08-20 20:07:14+00:00,Jamaliela,Commit,2020-08,Thursday,20
lsf,2020-08-20 20:05:30+00:00,Hila Manalai,Commit,2020-08,Thursday,20
lsf,2020-08-20 20:03:51+00:00,Hila Manalai,Commit,2020-08,Thursday,20
lsf,2020-08-20 20:02:52+00:00,Hila Manalai,Commit,2020-08,Thursday,20
lsf,2020-08-20 20:02:34+00:00,Hila Manalai,Commit,2020-08,Thursday,20
lsf,2020-08-20 18:45:03+00:00,GuillermoCruz32,Commit,2020-08,Thursday,18
lsf,2020-08-19 18:26:28+00:00,Elaheh Jamali,Commit,2020-08,Wednesday,18
lsf,2020-08-19 16:36:26+00:00,Elaheh Jamali,Commit,2020-08,Wednesday,16
lsf,2020-08-19 16:15:25+00:00,Hila Manalai,Commit,2020-08,Wednesday,16
lsf,2020-08-19 15:42:27+00:00,Hila Manalai,Commit,2020-08,Wednesday,15
lsf,2020-08-19 15:41:27+00:00,Hila Manalai,Commit,2020-08,Wednesday,15
lsf,2020-08-19 15:24:24+00:00,Hila Manalai,Commit,2020-08,Wednesday,15
lsf,2020-08-19 15:15:42+00:00,Elaheh Jamali,Commit,2020-08,Wednesday,15
lsf,2020-08-19 14:12:50+00:00,Hila Manalai,Commit,2020-08,Wednesday,14
lsf,2020-08-18 15:51:58+00:00,GuillermoCruz32,Commit,2020-08,Tuesday,15
lsf,2020-08-18 00:00:45+00:00,Elaheh Jamali,Commit,2020-08,Tuesday,0
lsf,2020-08-17 16:26:14+00:00,Hila Manalai,Commit,2020-08,Monday,16
lsf,2020-08-17 14:24:28+00:00,Hila Manalai,Commit,2020-08,Monday,14
lsf,2020-08-05 03:47:10+00:00,sheggen,Commit,2020-08,Wednesday,3
lsf,2020-08-05 02:58:17+00:00,sheggen,Commit,2020-08,Wednesday,2
lsf,2020-07-31 20:45:52+00:00,Bekzodjon Rakhimov,Commit,2020-07,Friday,20
lsf,2020-07-30 21:06:46+00:00,mupotsal,Commit,2020-07,Thursday,21
lsf,2020-07-28 19:10:11+00:00,Guillermo Cruz,Commit,2020-07,Tuesday,19
lsf,2020-07-28 18:28:08+00:00,GuillermoCruz32,Commit,2020-07,Tuesday,18
lsf,2020-07-28 15:01:46+00:00,GuillermoCruz32,Commit,2020-07,Tuesday,15
lsf,2020-07-28 15:01:10+00:00,GuillermoCruz32,Commit,2020-07,Tuesday,15
lsf,2020-07-28 13:19:57+00:00,mupotsal,Commit,2020-07,Tuesday,13
lsf,2020-07-28 13:19:20+00:00,sreynit02,Commit,2020-07,Tuesday,13
lsf,2020-07-28 13:09:23+00:00,escalerapadronl,Commit,2020-07,Tuesday,13
lsf,2020-07-28 13:07:31+00:00,Guillermo Cruz,Commit,2020-07,Tuesday,13
lsf,2020-07-27 18:16:52+00:00,escalerapadronl,Commit,2020-07,Monday,18
lsf,2020-07-27 17:37:29+00:00,Bekzodjon Rakhimov,Commit,2020-07,Monday,17
lsf,2020-07-27 16:09:35+00:00,GuillermoCruz32,Commit,2020-07,Monday,16
lsf,2020-07-27 15:53:42+00:00,Sreynit Khatt,Commit,2020-07,Monday,15
lsf,2020-07-27 15:49:45+00:00,GuillermoCruz32,Commit,2020-07,Monday,15
lsf,2020-07-27 15:21:09+00:00,mupotsal,Commit,2020-07,Monday,15
lsf,2020-07-27 15:20:44+00:00,mupotsal,Commit,2020-07,Monday,15
lsf,2020-07-27 15:19:37+00:00,mupotsal,Commit,2020-07,Monday,15
lsf,2020-07-27 15:17:58+00:00,GuillermoCruz32,Commit,2020-07,Monday,15
lsf,2020-07-27 15:17:55+00:00,mupotsal,Commit,2020-07,Monday,15
lsf,2020-07-27 15:16:52+00:00,Bekzodjon Rakhimov,Commit,2020-07,Monday,15
lsf,2020-07-27 15:15:12+00:00,Sreynit Khatt,Commit,2020-07,Monday,15
lsf,2020-07-27 15:09:52+00:00,Sreynit Khatt,Commit,2020-07,Monday,15
lsf,2020-07-27 13:03:03+00:00,mupotsal,Commit,2020-07,Monday,13
lsf,2020-07-27 12:56:09+00:00,mupotsal,Commit,2020-07,Monday,12
lsf,2020-07-27 12:38:35+00:00,mupotsal,Commit,2020-07,Monday,12
lsf,2020-07-27 12:34:17+00:00,romano-w,Commit,2020-07,Monday,12
lsf,2020-07-27 12:33:07+00:00,bryantal,Commit,2020-07,Monday,12
lsf,2020-07-27 12:32:28+00:00,sreynit02,Commit,2020-07,Monday,12
lsf,2020-07-24 21:08:52+00:00,Bekzodjon Rakhimov,Commit,2020-07,Friday,21
lsf,2020-07-24 20:46:45+00:00,mupotsal,Commit,2020-07,Friday,20
lsf,2020-07-24 19:33:42+00:00,mupotsal,Commit,2020-07,Friday,19
lsf,2020-07-24 19:33:16+00:00,Hila Manalai,Commit,2020-07,Friday,19
lsf,2020-07-24 18:48:10+00:00,GuillermoCruz32,Commit,2020-07,Friday,18
lsf,2020-07-24 18:05:17+00:00,bryantal,Commit,2020-07,Friday,18
lsf,2020-07-24 18:01:04+00:00,GuillermoCruz32,Commit,2020-07,Friday,18
lsf,2020-07-24 18:00:14+00:00,GuillermoCruz32,Commit,2020-07,Friday,18
lsf,2020-07-24 16:34:19+00:00,romano-w,Commit,2020-07,Friday,16
lsf,2020-07-24 16:26:46+00:00,romano-w,Commit,2020-07,Friday,16
lsf,2020-07-24 16:26:06+00:00,romano-w,Commit,2020-07,Friday,16
lsf,2020-07-24 15:50:11+00:00,romano-w,Commit,2020-07,Friday,15
lsf,2020-07-24 15:46:27+00:00,Sreynit Khatt,Commit,2020-07,Friday,15
lsf,2020-07-24 15:35:08+00:00,mupotsal,Commit,2020-07,Friday,15
lsf,2020-07-24 15:31:22+00:00,GuillermoCruz32,Commit,2020-07,Friday,15
lsf,2020-07-24 15:30:12+00:00,GuillermoCruz32,Commit,2020-07,Friday,15
lsf,2020-07-24 15:26:14+00:00,mupotsal,Commit,2020-07,Friday,15
lsf,2020-07-24 15:19:39+00:00,mupotsal,Commit,2020-07,Friday,15
lsf,2020-07-24 15:05:53+00:00,mupotsal,Commit,2020-07,Friday,15
lsf,2020-07-24 14:52:13+00:00,romano-w,Commit,2020-07,Friday,14
lsf,2020-07-24 14:51:33+00:00,romano-w,Commit,2020-07,Friday,14
lsf,2020-07-24 14:43:00+00:00,Bekzodjon Rakhimov,Commit,2020-07,Friday,14
lsf,2020-07-24 14:19:40+00:00,Bekzodjon Rakhimov,Commit,2020-07,Friday,14
lsf,2020-07-24 12:49:14+00:00,escalerapadronl,Commit,2020-07,Friday,12
lsf,2020-07-24 12:37:35+00:00,escalerapadronl,Commit,2020-07,Friday,12
lsf,2020-07-24 12:32:31+00:00,Bekzodjon Rakhimov,Commit,2020-07,Friday,12
lsf,2020-07-24 12:32:19+00:00,Bekzodjon Rakhimov,Commit,2020-07,Friday,12
lsf,2020-07-24 11:18:16+00:00,sreynit02,Commit,2020-07,Friday,11
lsf,2020-07-23 21:57:59+00:00,Sreynit Khatt,Commit,2020-07,Thursday,21
lsf,2020-07-23 21:54:35+00:00,GuillermoCruz32,Commit,2020-07,Thursday,21
lsf,2020-07-23 20:55:08+00:00,Sreynit Khatt,Commit,2020-07,Thursday,20
lsf,2020-07-23 20:05:22+00:00,Hila Manalai,Commit,2020-07,Thursday,20
lsf,2020-07-23 19:49:57+00:00,Sreynit Khatt,Commit,2020-07,Thursday,19
lsf,2020-07-23 19:48:52+00:00,Sreynit Khatt,Commit,2020-07,Thursday,19
lsf,2020-07-23 19:14:48+00:00,escalerapadronl,Commit,2020-07,Thursday,19
lsf,2020-07-23 19:13:54+00:00,escalerapadronl,Commit,2020-07,Thursday,19
lsf,2020-07-23 17:14:37+00:00,Luis Riera,Commit,2020-07,Thursday,17
lsf,2020-07-23 16:54:48+00:00,GuillermoCruz32,Commit,2020-07,Thursday,16
lsf,2020-07-23 16:17:02+00:00,sreynit02,Commit,2020-07,Thursday,16
lsf,2020-07-23 16:13:48+00:00,GuillermoCruz32,Commit,2020-07,Thursday,16
lsf,2020-07-23 16:12:36+00:00,GuillermoCruz32,Commit,2020-07,Thursday,16
lsf,2020-07-23 15:10:56+00:00,Bekzodjon Rakhimov,Commit,2020-07,Thursday,15
lsf,2020-07-23 14:07:58+00:00,Sreynit Khatt,Commit,2020-07,Thursday,14
lsf,2020-07-23 14:01:41+00:00,Sreynit Khatt,Commit,2020-07,Thursday,14
lsf,2020-07-23 13:04:51+00:00,GuillermoCruz32,Commit,2020-07,Thursday,13
lsf,2020-07-23 12:34:58+00:00,sreynit02,Commit,2020-07,Thursday,12
lsf,2020-07-23 12:34:20+00:00,Bekzodjon Rakhimov,Commit,2020-07,Thursday,12
lsf,2020-07-23 12:30:25+00:00,Hila Manalai,Commit,2020-07,Thursday,12
lsf,2020-07-22 22:01:06+00:00,Sreynit Khatt,Commit,2020-07,Wednesday,22
lsf,2020-07-22 21:40:46+00:00,Sreynit Khatt,Commit,2020-07,Wednesday,21
lsf,2020-07-22 21:40:15+00:00,Sreynit Khatt,Commit,2020-07,Wednesday,21
lsf,2020-07-22 21:30:37+00:00,GuillermoCruz32,Commit,2020-07,Wednesday,21
lsf,2020-07-22 21:30:20+00:00,Sreynit Khatt,Commit,2020-07,Wednesday,21
lsf,2020-07-22 21:28:16+00:00,Sreynit Khatt,Commit,2020-07,Wednesday,21
lsf,2020-07-22 20:58:00+00:00,Sreynit Khatt,Commit,2020-07,Wednesday,20
lsf,2020-07-22 20:28:01+00:00,romano-w,Commit,2020-07,Wednesday,20
lsf,2020-07-22 19:43:24+00:00,Sreynit Khatt,Commit,2020-07,Wednesday,19
lsf,2020-07-22 19:42:37+00:00,Sreynit Khatt,Commit,2020-07,Wednesday,19
lsf,2020-07-22 19:10:53+00:00,Bekzodjon Rakhimov,Commit,2020-07,Wednesday,19
lsf,2020-07-22 16:11:01+00:00,Sreynit Khatt,Commit,2020-07,Wednesday,16
lsf,2020-07-22 15:18:34+00:00,Hila Manalai,Commit,2020-07,Wednesday,15
lsf,2020-07-22 15:14:01+00:00,romano-w,Commit,2020-07,Wednesday,15
lsf,2020-07-22 14:36:00+00:00,Bekzodjon Rakhimov,Commit,2020-07,Wednesday,14
lsf,2020-07-22 14:25:46+00:00,Hila Manalai,Commit,2020-07,Wednesday,14
lsf,2020-07-22 14:12:55+00:00,Hila Manalai,Commit,2020-07,Wednesday,14
lsf,2020-07-22 12:33:28+00:00,Guillermo Cruz,Commit,2020-07,Wednesday,12
lsf,2020-07-21 22:18:11+00:00,Sreynit Khatt,Commit,2020-07,Tuesday,22
lsf,2020-07-21 22:17:20+00:00,Sreynit Khatt,Commit,2020-07,Tuesday,22
lsf,2020-07-21 21:26:29+00:00,GuillermoCruz32,Commit,2020-07,Tuesday,21
lsf,2020-07-21 19:25:49+00:00,Sreynit Khatt,Commit,2020-07,Tuesday,19
lsf,2020-07-21 19:04:06+00:00,GuillermoCruz32,Commit,2020-07,Tuesday,19
lsf,2020-07-21 18:57:01+00:00,GuillermoCruz32,Commit,2020-07,Tuesday,18
lsf,2020-07-21 17:56:25+00:00,Bekzodjon Rakhimov,Commit,2020-07,Tuesday,17
lsf,2020-07-21 17:53:55+00:00,Bekzodjon Rakhimov,Commit,2020-07,Tuesday,17
lsf,2020-07-21 16:24:46+00:00,Hila Manalai,Commit,2020-07,Tuesday,16
lsf,2020-07-21 15:27:24+00:00,Hila Manalai,Commit,2020-07,Tuesday,15
lsf,2020-07-21 14:23:21+00:00,Hila Manalai,Commit,2020-07,Tuesday,14
lsf,2020-07-21 13:38:58+00:00,Hila Manalai,Commit,2020-07,Tuesday,13
lsf,2020-07-21 13:06:15+00:00,Hila Manalai,Commit,2020-07,Tuesday,13
lsf,2020-07-21 13:01:52+00:00,Hila Manalai,Commit,2020-07,Tuesday,13
lsf,2020-07-21 12:44:08+00:00,Hila Manalai,Commit,2020-07,Tuesday,12
lsf,2020-07-21 11:02:44+00:00,escalerapadronl,Commit,2020-07,Tuesday,11
lsf,2020-07-21 11:01:33+00:00,Guillermo Cruz,Commit,2020-07,Tuesday,11
lsf,2020-07-20 21:48:25+00:00,Sreynit Khatt,Commit,2020-07,Monday,21
lsf,2020-07-20 21:34:01+00:00,Bekzodjon Rakhimov,Commit,2020-07,Monday,21
lsf,2020-07-20 21:24:02+00:00,Sreynit Khatt,Commit,2020-07,Monday,21
lsf,2020-07-20 20:34:49+00:00,Sreynit Khatt,Commit,2020-07,Monday,20
lsf,2020-07-20 20:34:08+00:00,Sreynit Khatt,Commit,2020-07,Monday,20
lsf,2020-07-20 20:30:16+00:00,GuillermoCruz32,Commit,2020-07,Monday,20
lsf,2020-07-20 20:26:39+00:00,GuillermoCruz32,Commit,2020-07,Monday,20
lsf,2020-07-20 20:09:27+00:00,GuillermoCruz32,Commit,2020-07,Monday,20
lsf,2020-07-20 20:07:31+00:00,GuillermoCruz32,Commit,2020-07,Monday,20
lsf,2020-07-20 17:44:22+00:00,escalerapadronl,Commit,2020-07,Monday,17
lsf,2020-07-20 17:43:33+00:00,escalerapadronl,Commit,2020-07,Monday,17
lsf,2020-07-20 13:27:46+00:00,romano-w,Commit,2020-07,Monday,13
lsf,2020-07-17 21:56:37+00:00,GuillermoCruz32,Commit,2020-07,Friday,21
lsf,2020-07-17 21:09:27+00:00,escalerapadronl,Commit,2020-07,Friday,21
lsf,2020-07-17 17:54:38+00:00,escalerapadronl,Commit,2020-07,Friday,17
lsf,2020-07-17 17:53:02+00:00,escalerapadronl,Commit,2020-07,Friday,17
lsf,2020-07-17 17:12:56+00:00,GuillermoCruz32,Commit,2020-07,Friday,17
lsf,2020-07-17 16:30:12+00:00,GuillermoCruz32,Commit,2020-07,Friday,16
lsf,2020-07-17 16:04:50+00:00,romano-w,Commit,2020-07,Friday,16
lsf,2020-07-17 15:53:44+00:00,mupotsal,Commit,2020-07,Friday,15
lsf,2020-07-17 15:32:53+00:00,romano-w,Commit,2020-07,Friday,15
lsf,2020-07-17 15:30:48+00:00,romano-w,Commit,2020-07,Friday,15
lsf,2020-07-17 15:22:46+00:00,root,Commit,2020-07,Friday,15
lsf,2020-07-17 15:20:50+00:00,Hila Manalai,Commit,2020-07,Friday,15
lsf,2020-07-17 15:16:35+00:00,root,Commit,2020-07,Friday,15
lsf,2020-07-17 15:16:20+00:00,root,Commit,2020-07,Friday,15
lsf,2020-07-17 15:13:51+00:00,sreynit02,Commit,2020-07,Friday,15
lsf,2020-07-17 14:36:59+00:00,root,Commit,2020-07,Friday,14
lsf,2020-07-17 14:35:24+00:00,Hila Manalai,Commit,2020-07,Friday,14
lsf,2020-07-17 13:44:41+00:00,escalerapadronl,Commit,2020-07,Friday,13
lsf,2020-07-16 21:02:12+00:00,escalerapadronl,Commit,2020-07,Thursday,21
lsf,2020-07-16 20:39:40+00:00,GuillermoCruz32,Commit,2020-07,Thursday,20
lsf,2020-07-16 19:32:00+00:00,GuillermoCruz32,Commit,2020-07,Thursday,19
lsf,2020-07-16 19:25:26+00:00,Sreynit Khatt,Commit,2020-07,Thursday,19
lsf,2020-07-16 19:18:24+00:00,mupotsal,Commit,2020-07,Thursday,19
lsf,2020-07-16 18:23:28+00:00,mupotsal,Commit,2020-07,Thursday,18
lsf,2020-07-16 17:20:38+00:00,Hila Manalai,Commit,2020-07,Thursday,17
lsf,2020-07-16 17:09:59+00:00,Hila Manalai,Commit,2020-07,Thursday,17
lsf,2020-07-16 17:01:27+00:00,Hila Manalai,Commit,2020-07,Thursday,17
lsf,2020-07-16 16:31:24+00:00,Hila Manalai,Commit,2020-07,Thursday,16
lsf,2020-07-16 16:23:16+00:00,GuillermoCruz32,Commit,2020-07,Thursday,16
lsf,2020-07-16 15:52:23+00:00,mupotsal,Commit,2020-07,Thursday,15
lsf,2020-07-16 15:25:41+00:00,mupotsal,Commit,2020-07,Thursday,15
lsf,2020-07-16 15:07:37+00:00,Hila Manalai,Commit,2020-07,Thursday,15
lsf,2020-07-16 15:03:49+00:00,Hila Manalai,Commit,2020-07,Thursday,15
lsf,2020-07-16 15:00:29+00:00,Hila Manalai,Commit,2020-07,Thursday,15
lsf,2020-07-16 13:08:39+00:00,Hila Manalai,Commit,2020-07,Thursday,13
lsf,2020-07-16 12:47:12+00:00,romano-w,Commit,2020-07,Thursday,12
lsf,2020-07-16 12:44:58+00:00,sreynit02,Commit,2020-07,Thursday,12
lsf,2020-07-16 12:44:37+00:00,sreynit02,Commit,2020-07,Thursday,12
lsf,2020-07-16 12:43:55+00:00,Hila Manalai,Commit,2020-07,Thursday,12
lsf,2020-07-16 12:43:17+00:00,Guillermo Cruz,Commit,2020-07,Thursday,12
lsf,2020-07-15 21:08:51+00:00,Bekzodjon Rakhimov,Commit,2020-07,Wednesday,21
lsf,2020-07-15 20:24:41+00:00,GuillermoCruz32,Commit,2020-07,Wednesday,20
lsf,2020-07-15 20:23:51+00:00,GuillermoCruz32,Commit,2020-07,Wednesday,20
lsf,2020-07-15 20:11:24+00:00,GuillermoCruz32,Commit,2020-07,Wednesday,20
lsf,2020-07-15 20:10:06+00:00,GuillermoCruz32,Commit,2020-07,Wednesday,20
lsf,2020-07-15 19:57:40+00:00,Sreynit Khatt,Commit,2020-07,Wednesday,19
lsf,2020-07-15 19:19:23+00:00,bryantal,Commit,2020-07,Wednesday,19
lsf,2020-07-15 17:57:42+00:00,Bekzodjon Rakhimov,Commit,2020-07,Wednesday,17
lsf,2020-07-15 17:54:24+00:00,Bekzodjon Rakhimov,Commit,2020-07,Wednesday,17
lsf,2020-07-15 17:47:06+00:00,bryantal,Commit,2020-07,Wednesday,17
lsf,2020-07-15 17:42:13+00:00,bryantal,Commit,2020-07,Wednesday,17
lsf,2020-07-15 17:10:01+00:00,Sreynit Khatt,Commit,2020-07,Wednesday,17
lsf,2020-07-15 16:10:30+00:00,bryantal,Commit,2020-07,Wednesday,16
lsf,2020-07-15 16:01:37+00:00,bryantal,Commit,2020-07,Wednesday,16
lsf,2020-07-15 15:15:17+00:00,bryantal,Commit,2020-07,Wednesday,15
lsf,2020-07-15 15:02:17+00:00,Guillermo Cruz,Commit,2020-07,Wednesday,15
lsf,2020-07-15 14:43:05+00:00,GuillermoCruz32,Commit,2020-07,Wednesday,14
lsf,2020-07-15 14:41:20+00:00,GuillermoCruz32,Commit,2020-07,Wednesday,14
lsf,2020-07-15 14:31:58+00:00,romano-w,Commit,2020-07,Wednesday,14
lsf,2020-07-15 14:02:44+00:00,None,Commit,2020-07,Wednesday,14
lsf,2020-07-15 12:28:50+00:00,Bekzodjon Rakhimov,Commit,2020-07,Wednesday,12
lsf,2020-07-15 12:14:57+00:00,romano-w,Commit,2020-07,Wednesday,12
lsf,2020-07-15 12:13:39+00:00,Hila Manalai,Commit,2020-07,Wednesday,12
lsf,2020-07-14 22:02:58+00:00,GuillermoCruz32,Commit,2020-07,Tuesday,22
lsf,2020-07-14 21:03:15+00:00,None,Commit,2020-07,Tuesday,21
lsf,2020-07-14 20:46:36+00:00,Hila Manalai,Commit,2020-07,Tuesday,20
lsf,2020-07-14 20:35:42+00:00,Hila Manalai,Commit,2020-07,Tuesday,20
lsf,2020-07-14 20:33:26+00:00,sreynit02,Commit,2020-07,Tuesday,20
lsf,2020-07-14 20:30:11+00:00,romano-w,Commit,2020-07,Tuesday,20
lsf,2020-07-14 19:56:04+00:00,romano-w,Commit,2020-07,Tuesday,19
lsf,2020-07-14 19:51:20+00:00,Bekzodjon Rakhimov,Commit,2020-07,Tuesday,19
lsf,2020-07-14 19:20:32+00:00,romano-w,Commit,2020-07,Tuesday,19
lsf,2020-07-14 19:15:17+00:00,romano-w,Commit,2020-07,Tuesday,19
lsf,2020-07-14 18:57:07+00:00,Sreynit Khatt,Commit,2020-07,Tuesday,18
lsf,2020-07-14 18:22:13+00:00,Hila Manalai,Commit,2020-07,Tuesday,18
lsf,2020-07-14 18:09:58+00:00,Hila Manalai,Commit,2020-07,Tuesday,18
lsf,2020-07-14 18:04:23+00:00,Hila Manalai,Commit,2020-07,Tuesday,18
lsf,2020-07-14 17:18:31+00:00,None,Commit,2020-07,Tuesday,17
lsf,2020-07-14 16:20:30+00:00,romano-w,Commit,2020-07,Tuesday,16
lsf,2020-07-14 15:53:02+00:00,Hila Manalai,Commit,2020-07,Tuesday,15
lsf,2020-07-14 15:20:14+00:00,Hila Manalai,Commit,2020-07,Tuesday,15
lsf,2020-07-14 15:04:24+00:00,GuillermoCruz32,Commit,2020-07,Tuesday,15
lsf,2020-07-14 15:00:23+00:00,Hila Manalai,Commit,2020-07,Tuesday,15
lsf,2020-07-14 14:58:57+00:00,GuillermoCruz32,Commit,2020-07,Tuesday,14
lsf,2020-07-14 14:58:00+00:00,Hila Manalai,Commit,2020-07,Tuesday,14
lsf,2020-07-14 14:45:41+00:00,romano-w,Commit,2020-07,Tuesday,14
lsf,2020-07-14 14:44:02+00:00,romano-w,Commit,2020-07,Tuesday,14
lsf,2020-07-14 13:58:17+00:00,Hila Manalai,Commit,2020-07,Tuesday,13
lsf,2020-07-14 13:46:10+00:00,Hila Manalai,Commit,2020-07,Tuesday,13
lsf,2020-07-14 13:43:16+00:00,Hila Manalai,Commit,2020-07,Tuesday,13
lsf,2020-07-14 13:10:37+00:00,sreynit02,Commit,2020-07,Tuesday,13
lsf,2020-07-14 13:04:01+00:00,romano-w,Commit,2020-07,Tuesday,13
lsf,2020-07-13 22:53:04+00:00,romano-w,Commit,2020-07,Monday,22
lsf,2020-07-13 22:22:07+00:00,romano-w,Commit,2020-07,Monday,22
lsf,2020-07-13 21:53:58+00:00,escalerapadronl,Commit,2020-07,Monday,21
lsf,2020-07-13 21:44:14+00:00,GuillermoCruz32,Commit,2020-07,Monday,21
lsf,2020-07-13 21:34:49+00:00,Hila Manalai,Commit,2020-07,Monday,21
lsf,2020-07-13 21:23:35+00:00,romano-w,Commit,2020-07,Monday,21
lsf,2020-07-13 21:19:06+00:00,romano-w,Commit,2020-07,Monday,21
lsf,2020-07-13 20:58:09+00:00,Hila Manalai,Commit,2020-07,Monday,20
lsf,2020-07-13 19:33:37+00:00,Guillermo Cruz,Commit,2020-07,Monday,19
lsf,2020-07-13 19:25:55+00:00,GuillermoCruz32,Commit,2020-07,Monday,19
lsf,2020-07-13 19:24:14+00:00,GuillermoCruz32,Commit,2020-07,Monday,19
lsf,2020-07-13 19:23:28+00:00,romano-w,Commit,2020-07,Monday,19
lsf,2020-07-13 19:21:08+00:00,Hila Manalai,Commit,2020-07,Monday,19
lsf,2020-07-13 19:17:36+00:00,romano-w,Commit,2020-07,Monday,19
lsf,2020-07-13 19:17:11+00:00,romano-w,Commit,2020-07,Monday,19
lsf,2020-07-13 19:05:31+00:00,Hila Manalai,Commit,2020-07,Monday,19
lsf,2020-07-13 18:53:32+00:00,Hila Manalai,Commit,2020-07,Monday,18
lsf,2020-07-13 18:43:41+00:00,Hila Manalai,Commit,2020-07,Monday,18
lsf,2020-07-13 18:40:52+00:00,Hila Manalai,Commit,2020-07,Monday,18
lsf,2020-07-13 18:23:49+00:00,Hila Manalai,Commit,2020-07,Monday,18
lsf,2020-07-13 18:23:02+00:00,Hila Manalai,Commit,2020-07,Monday,18
lsf,2020-07-13 18:04:26+00:00,Hila Manalai,Commit,2020-07,Monday,18
lsf,2020-07-13 17:02:42+00:00,Sreynit Khatt,Commit,2020-07,Monday,17
lsf,2020-07-13 17:00:35+00:00,GuillermoCruz32,Commit,2020-07,Monday,17
lsf,2020-07-13 16:50:12+00:00,GuillermoCruz32,Commit,2020-07,Monday,16
lsf,2020-07-13 16:00:11+00:00,Sreynit Khatt,Commit,2020-07,Monday,16
lsf,2020-07-13 15:47:03+00:00,romano-w,Commit,2020-07,Monday,15
lsf,2020-07-13 14:38:43+00:00,romano-w,Commit,2020-07,Monday,14
lsf,2020-07-13 14:38:15+00:00,Sreynit Khatt,Commit,2020-07,Monday,14
lsf,2020-07-13 14:37:27+00:00,Sreynit Khatt,Commit,2020-07,Monday,14
lsf,2020-07-13 12:43:23+00:00,Hila Manalai,Commit,2020-07,Monday,12
lsf,2020-07-13 11:21:20+00:00,Hila Manalai,Commit,2020-07,Monday,11
lsf,2020-07-13 11:20:05+00:00,Guillermo Cruz,Commit,2020-07,Monday,11
lsf,2020-07-11 15:55:30+00:00,Sreynit Khatt,Commit,2020-07,Saturday,15
lsf,2020-07-10 21:38:43+00:00,GuillermoCruz32,Commit,2020-07,Friday,21
lsf,2020-07-10 21:17:39+00:00,escalerapadronl,Commit,2020-07,Friday,21
lsf,2020-07-10 21:13:36+00:00,romano-w,Commit,2020-07,Friday,21
lsf,2020-07-10 21:10:32+00:00,romano-w,Commit,2020-07,Friday,21
lsf,2020-07-10 20:41:50+00:00,Hila Manalai,Commit,2020-07,Friday,20
lsf,2020-07-10 20:36:00+00:00,romano-w,Commit,2020-07,Friday,20
lsf,2020-07-10 20:30:04+00:00,Hila Manalai,Commit,2020-07,Friday,20
lsf,2020-07-10 17:53:47+00:00,escalerapadronl,Commit,2020-07,Friday,17
lsf,2020-07-10 17:00:06+00:00,GuillermoCruz32,Commit,2020-07,Friday,17
lsf,2020-07-10 16:49:43+00:00,GuillermoCruz32,Commit,2020-07,Friday,16
lsf,2020-07-10 16:35:08+00:00,Hila Manalai,Commit,2020-07,Friday,16
lsf,2020-07-10 15:48:28+00:00,Guillermo Cruz,Commit,2020-07,Friday,15
lsf,2020-07-10 15:05:07+00:00,GuillermoCruz32,Commit,2020-07,Friday,15
lsf,2020-07-10 14:39:04+00:00,Hila Manalai,Commit,2020-07,Friday,14
lsf,2020-07-10 14:38:04+00:00,Bekzodjon Rakhimov,Commit,2020-07,Friday,14
lsf,2020-07-10 14:25:56+00:00,Bekzodjon Rakhimov,Commit,2020-07,Friday,14
lsf,2020-07-10 13:02:46+00:00,Hila Manalai,Commit,2020-07,Friday,13
lsf,2020-07-09 22:20:21+00:00,Sreynit Khatt,Commit,2020-07,Thursday,22
lsf,2020-07-09 21:15:23+00:00,Sreynit Khatt,Commit,2020-07,Thursday,21
lsf,2020-07-09 21:00:53+00:00,escalerapadronl,Commit,2020-07,Thursday,21
lsf,2020-07-09 20:45:24+00:00,GuillermoCruz32,Commit,2020-07,Thursday,20
lsf,2020-07-09 20:39:19+00:00,Hila Manalai,Commit,2020-07,Thursday,20
lsf,2020-07-09 20:38:08+00:00,Sreynit Khatt,Commit,2020-07,Thursday,20
lsf,2020-07-09 20:37:02+00:00,Hila Manalai,Commit,2020-07,Thursday,20
lsf,2020-07-09 20:36:56+00:00,Sreynit Khatt,Commit,2020-07,Thursday,20
lsf,2020-07-09 20:28:08+00:00,Hila Manalai,Commit,2020-07,Thursday,20
lsf,2020-07-09 16:29:55+00:00,Hila Manalai,Commit,2020-07,Thursday,16
lsf,2020-07-09 15:52:19+00:00,Hila Manalai,Commit,2020-07,Thursday,15
lsf,2020-07-09 15:51:39+00:00,Hila Manalai,Commit,2020-07,Thursday,15
lsf,2020-07-09 15:45:59+00:00,Hila Manalai,Commit,2020-07,Thursday,15
lsf,2020-07-09 15:02:39+00:00,Hila Manalai,Commit,2020-07,Thursday,15
lsf,2020-07-09 13:56:45+00:00,Hila Manalai,Commit,2020-07,Thursday,13
lsf,2020-07-09 12:38:58+00:00,Hila Manalai,Commit,2020-07,Thursday,12
lsf,2020-07-09 12:36:05+00:00,escalerapadronl,Commit,2020-07,Thursday,12
lsf,2020-07-09 12:32:47+00:00,Hila Manalai,Commit,2020-07,Thursday,12
lsf,2020-07-09 12:28:33+00:00,Hila Manalai,Commit,2020-07,Thursday,12
lsf,2020-07-09 12:27:40+00:00,escalerapadronl,Commit,2020-07,Thursday,12
lsf,2020-07-09 12:22:39+00:00,Hila Manalai,Commit,2020-07,Thursday,12
lsf,2020-07-09 11:37:03+00:00,romano-w,Commit,2020-07,Thursday,11
lsf,2020-07-09 01:17:23+00:00,sreynit02,Commit,2020-07,Thursday,1
lsf,2020-07-09 00:03:40+00:00,Hila Manalai,Commit,2020-07,Thursday,0
lsf,2020-07-09 00:03:01+00:00,Bekzodjon Rakhimov,Commit,2020-07,Thursday,0
lsf,2020-07-08 22:42:59+00:00,Hila Manalai,Commit,2020-07,Wednesday,22
lsf,2020-07-08 22:40:35+00:00,romano-w,Commit,2020-07,Wednesday,22
lsf,2020-07-08 21:16:40+00:00,escalerapadronl,Commit,2020-07,Wednesday,21
lsf,2020-07-08 20:57:16+00:00,Hila Manalai,Commit,2020-07,Wednesday,20
lsf,2020-07-08 20:30:31+00:00,romano-w,Commit,2020-07,Wednesday,20
lsf,2020-07-08 20:21:53+00:00,Hila Manalai,Commit,2020-07,Wednesday,20
lsf,2020-07-08 20:21:12+00:00,romano-w,Commit,2020-07,Wednesday,20
lsf,2020-07-08 19:56:11+00:00,None,Commit,2020-07,Wednesday,19
lsf,2020-07-08 19:01:02+00:00,Hila Manalai,Commit,2020-07,Wednesday,19
lsf,2020-07-08 18:44:17+00:00,romano-w,Commit,2020-07,Wednesday,18
lsf,2020-07-08 18:35:52+00:00,romano-w,Commit,2020-07,Wednesday,18
lsf,2020-07-08 17:58:54+00:00,Hila Manalai,Commit,2020-07,Wednesday,17
lsf,2020-07-08 17:52:07+00:00,Hila Manalai,Commit,2020-07,Wednesday,17
lsf,2020-07-08 17:17:25+00:00,Hila Manalai,Commit,2020-07,Wednesday,17
lsf,2020-07-08 16:58:20+00:00,sreynit02,Commit,2020-07,Wednesday,16
lsf,2020-07-08 16:53:02+00:00,Sreynit Khatt,Commit,2020-07,Wednesday,16
lsf,2020-07-08 16:32:09+00:00,romano-w,Commit,2020-07,Wednesday,16
lsf,2020-07-08 16:17:28+00:00,Sreynit Khatt,Commit,2020-07,Wednesday,16
lsf,2020-07-08 16:13:11+00:00,Sreynit Khatt,Commit,2020-07,Wednesday,16
lsf,2020-07-08 16:06:47+00:00,romano-w,Commit,2020-07,Wednesday,16
lsf,2020-07-08 15:50:58+00:00,Sreynit Khatt,Commit,2020-07,Wednesday,15
lsf,2020-07-08 15:26:00+00:00,Sreynit Khatt,Commit,2020-07,Wednesday,15
lsf,2020-07-08 13:58:17+00:00,Bekzodjon Rakhimov,Commit,2020-07,Wednesday,13
lsf,2020-07-07 21:14:30+00:00,romano-w,Commit,2020-07,Tuesday,21
lsf,2020-07-07 21:04:50+00:00,escalerapadronl,Commit,2020-07,Tuesday,21
lsf,2020-07-07 20:52:45+00:00,romano-w,Commit,2020-07,Tuesday,20
lsf,2020-07-07 20:51:43+00:00,romano-w,Commit,2020-07,Tuesday,20
lsf,2020-07-07 18:47:05+00:00,Sreynit Khatt,Commit,2020-07,Tuesday,18
lsf,2020-07-07 17:48:32+00:00,Luis Riera,Commit,2020-07,Tuesday,17
lsf,2020-07-07 17:36:14+00:00,Bekzodjon Rakhimov,Commit,2020-07,Tuesday,17
lsf,2020-07-07 16:44:43+00:00,Guillermo Cruz,Commit,2020-07,Tuesday,16
lsf,2020-07-07 16:25:22+00:00,romano-w,Commit,2020-07,Tuesday,16
lsf,2020-07-07 16:02:11+00:00,GuillermoCruz32,Commit,2020-07,Tuesday,16
lsf,2020-07-07 16:01:30+00:00,Bekzodjon Rakhimov,Commit,2020-07,Tuesday,16
lsf,2020-07-07 15:59:06+00:00,Bekzodjon Rakhimov,Commit,2020-07,Tuesday,15
lsf,2020-07-07 15:08:57+00:00,romano-w,Commit,2020-07,Tuesday,15
lsf,2020-07-07 14:44:22+00:00,Bekzodjon Rakhimov,Commit,2020-07,Tuesday,14
lsf,2020-07-07 14:30:13+00:00,romano-w,Commit,2020-07,Tuesday,14
lsf,2020-07-07 13:55:30+00:00,GuillermoCruz32,Commit,2020-07,Tuesday,13
lsf,2020-07-07 12:51:08+00:00,GuillermoCruz32,Commit,2020-07,Tuesday,12
lsf,2020-07-06 21:21:43+00:00,romano-w,Commit,2020-07,Monday,21
lsf,2020-07-06 21:07:29+00:00,Bekzodjon Rakhimov,Commit,2020-07,Monday,21
lsf,2020-07-06 19:33:18+00:00,GuillermoCruz32,Commit,2020-07,Monday,19
lsf,2020-07-06 19:26:53+00:00,GuillermoCruz32,Commit,2020-07,Monday,19
lsf,2020-07-06 14:29:02+00:00,Hila Manalai,Commit,2020-07,Monday,14
lsf,2020-07-06 13:49:56+00:00,Hila Manalai,Commit,2020-07,Monday,13
lsf,2020-07-02 21:02:47+00:00,Hila Manalai,Commit,2020-07,Thursday,21
lsf,2020-07-02 21:00:46+00:00,Bekzodjon Rakhimov,Commit,2020-07,Thursday,21
lsf,2020-07-02 20:04:38+00:00,romano-w,Commit,2020-07,Thursday,20
lsf,2020-07-02 19:24:49+00:00,Sreynit Khatt,Commit,2020-07,Thursday,19
lsf,2020-07-02 18:43:07+00:00,Sreynit Khatt,Commit,2020-07,Thursday,18
lsf,2020-07-02 18:40:35+00:00,romano-w,Commit,2020-07,Thursday,18
lsf,2020-07-02 18:39:50+00:00,romano-w,Commit,2020-07,Thursday,18
lsf,2020-07-02 17:23:33+00:00,Hila Manalai,Commit,2020-07,Thursday,17
lsf,2020-07-02 16:36:53+00:00,GuillermoCruz32,Commit,2020-07,Thursday,16
lsf,2020-07-02 16:13:07+00:00,GuillermoCruz32,Commit,2020-07,Thursday,16
lsf,2020-07-02 16:02:19+00:00,GuillermoCruz32,Commit,2020-07,Thursday,16
lsf,2020-07-02 16:01:34+00:00,GuillermoCruz32,Commit,2020-07,Thursday,16
lsf,2020-07-02 15:49:17+00:00,GuillermoCruz32,Commit,2020-07,Thursday,15
lsf,2020-07-02 15:33:58+00:00,GuillermoCruz32,Commit,2020-07,Thursday,15
lsf,2020-07-02 15:19:39+00:00,sreynit02,Commit,2020-07,Thursday,15
lsf,2020-07-02 15:03:04+00:00,GuillermoCruz32,Commit,2020-07,Thursday,15
lsf,2020-07-02 14:52:05+00:00,GuillermoCruz32,Commit,2020-07,Thursday,14
lsf,2020-07-02 14:47:53+00:00,romano-w,Commit,2020-07,Thursday,14
lsf,2020-07-02 14:45:19+00:00,romano-w,Commit,2020-07,Thursday,14
lsf,2020-07-02 14:20:20+00:00,GuillermoCruz32,Commit,2020-07,Thursday,14
lsf,2020-07-01 21:54:44+00:00,GuillermoCruz32,Commit,2020-07,Wednesday,21
lsf,2020-07-01 20:56:56+00:00,Bekzodjon Rakhimov,Commit,2020-07,Wednesday,20
lsf,2020-07-01 20:51:43+00:00,romano-w,Commit,2020-07,Wednesday,20
lsf,2020-07-01 19:41:28+00:00,Sreynit Khatt,Commit,2020-07,Wednesday,19
lsf,2020-07-01 18:25:03+00:00,GuillermoCruz32,Commit,2020-07,Wednesday,18
lsf,2020-07-01 18:00:38+00:00,GuillermoCruz32,Commit,2020-07,Wednesday,18
lsf,2020-07-01 17:18:03+00:00,Hila Manalai,Commit,2020-07,Wednesday,17
lsf,2020-07-01 16:08:09+00:00,romano-w,Commit,2020-07,Wednesday,16
lsf,2020-07-01 16:07:31+00:00,None,Commit,2020-07,Wednesday,16
lsf,2020-07-01 14:39:12+00:00,Guillermo Cruz,Commit,2020-07,Wednesday,14
lsf,2020-07-01 14:34:06+00:00,Guillermo Cruz,Commit,2020-07,Wednesday,14
lsf,2020-06-30 21:39:30+00:00,GuillermoCruz32,Commit,2020-06,Tuesday,21
lsf,2020-06-30 21:02:10+00:00,romano-w,Commit,2020-06,Tuesday,21
lsf,2020-06-30 20:56:59+00:00,Hila Manalai,Commit,2020-06,Tuesday,20
lsf,2020-06-30 20:56:57+00:00,Bekzodjon Rakhimov,Commit,2020-06,Tuesday,20
lsf,2020-06-30 20:23:20+00:00,Sreynit Khatt,Commit,2020-06,Tuesday,20
lsf,2020-06-30 20:22:21+00:00,romano-w,Commit,2020-06,Tuesday,20
lsf,2020-06-30 20:18:09+00:00,Sreynit Khatt,Commit,2020-06,Tuesday,20
lsf,2020-06-30 20:04:53+00:00,romano-w,Commit,2020-06,Tuesday,20
lsf,2020-06-30 19:48:12+00:00,romano-w,Commit,2020-06,Tuesday,19
lsf,2020-06-30 19:36:43+00:00,romano-w,Commit,2020-06,Tuesday,19
lsf,2020-06-30 16:33:50+00:00,Hila Manalai,Commit,2020-06,Tuesday,16
lsf,2020-06-30 16:13:55+00:00,romano-w,Commit,2020-06,Tuesday,16
lsf,2020-06-30 15:50:10+00:00,Hila Manalai,Commit,2020-06,Tuesday,15
lsf,2020-06-30 14:43:08+00:00,Bekzodjon Rakhimov,Commit,2020-06,Tuesday,14
lsf,2020-06-30 14:35:38+00:00,Bekzodjon Rakhimov,Commit,2020-06,Tuesday,14
lsf,2020-06-30 13:56:15+00:00,Hila Manalai,Commit,2020-06,Tuesday,13
lsf,2020-06-30 13:26:28+00:00,Bekzodjon Rakhimov,Commit,2020-06,Tuesday,13
lsf,2020-06-30 12:47:38+00:00,Hila Manalai,Commit,2020-06,Tuesday,12
lsf,2020-06-30 12:31:52+00:00,Hila Manalai,Commit,2020-06,Tuesday,12
lsf,2020-06-30 11:13:17+00:00,sreynit02,Commit,2020-06,Tuesday,11
lsf,2020-06-29 21:58:56+00:00,GuillermoCruz32,Commit,2020-06,Monday,21
lsf,2020-06-29 21:37:06+00:00,romano-w,Commit,2020-06,Monday,21
lsf,2020-06-29 21:31:21+00:00,Bekzodjon Rakhimov,Commit,2020-06,Monday,21
lsf,2020-06-29 20:18:24+00:00,Sreynit Khatt,Commit,2020-06,Monday,20
lsf,2020-06-29 18:55:45+00:00,romano-w,Commit,2020-06,Monday,18
lsf,2020-06-29 16:17:37+00:00,None,Commit,2020-06,Monday,16
lsf,2020-06-29 16:09:54+00:00,romano-w,Commit,2020-06,Monday,16
lsf,2020-06-29 14:19:32+00:00,Bekzodjon Rakhimov,Commit,2020-06,Monday,14
lsf,2020-06-29 14:11:26+00:00,Bekzodjon Rakhimov,Commit,2020-06,Monday,14
lsf,2020-06-29 13:11:15+00:00,escalerapadronl,Commit,2020-06,Monday,13
lsf,2020-06-29 13:04:03+00:00,Hila Manalai,Commit,2020-06,Monday,13
lsf,2020-06-27 15:58:03+00:00,escalerapadronl,Commit,2020-06,Saturday,15
lsf,2020-06-26 21:07:04+00:00,escalerapadronl,Commit,2020-06,Friday,21
lsf,2020-06-26 20:47:19+00:00,romano-w,Commit,2020-06,Friday,20
lsf,2020-06-26 20:32:42+00:00,GuillermoCruz32,Commit,2020-06,Friday,20
lsf,2020-06-26 20:25:30+00:00,None,Commit,2020-06,Friday,20
lsf,2020-06-26 19:38:27+00:00,romano-w,Commit,2020-06,Friday,19
lsf,2020-06-26 19:35:17+00:00,escalerapadronl,Commit,2020-06,Friday,19
lsf,2020-06-26 17:23:42+00:00,None,Commit,2020-06,Friday,17
lsf,2020-06-26 17:23:16+00:00,None,Commit,2020-06,Friday,17
lsf,2020-06-26 17:13:34+00:00,romano-w,Commit,2020-06,Friday,17
lsf,2020-06-26 14:20:30+00:00,Luis Riera,Commit,2020-06,Friday,14
lsf,2020-06-26 13:01:17+00:00,Bekzodjon Rakhimov,Commit,2020-06,Friday,13
lsf,2020-06-26 12:59:47+00:00,Bekzodjon Rakhimov,Commit,2020-06,Friday,12
lsf,2020-06-25 22:06:15+00:00,Bekzodjon Rakhimov,Commit,2020-06,Thursday,22
lsf,2020-06-25 21:15:36+00:00,GuillermoCruz32,Commit,2020-06,Thursday,21
lsf,2020-06-25 21:12:55+00:00,Bekzodjon Rakhimov,Commit,2020-06,Thursday,21
lsf,2020-06-25 17:14:04+00:00,GuillermoCruz32,Commit,2020-06,Thursday,17
lsf,2020-06-25 17:03:15+00:00,Hila Manalai,Commit,2020-06,Thursday,17
lsf,2020-06-25 16:33:19+00:00,None,Commit,2020-06,Thursday,16
lsf,2020-06-25 14:04:45+00:00,Hila Manalai,Commit,2020-06,Thursday,14
lsf,2020-06-25 13:04:53+00:00,sreynit02,Commit,2020-06,Thursday,13
lsf,2020-06-24 21:29:41+00:00,GuillermoCruz32,Commit,2020-06,Wednesday,21
lsf,2020-06-24 21:06:08+00:00,escalerapadronl,Commit,2020-06,Wednesday,21
lsf,2020-06-24 20:10:24+00:00,Sreynit Khatt,Commit,2020-06,Wednesday,20
lsf,2020-06-24 20:06:21+00:00,Bekzodjon Rakhimov,Commit,2020-06,Wednesday,20
lsf,2020-06-24 19:47:35+00:00,None,Commit,2020-06,Wednesday,19
lsf,2020-06-24 19:45:29+00:00,None,Commit,2020-06,Wednesday,19
lsf,2020-06-24 19:32:21+00:00,romano-w,Commit,2020-06,Wednesday,19
lsf,2020-06-24 17:55:08+00:00,romano-w,Commit,2020-06,Wednesday,17
lsf,2020-06-24 12:39:04+00:00,escalerapadronl,Commit,2020-06,Wednesday,12
lsf,2020-06-24 12:37:21+00:00,escalerapadronl,Commit,2020-06,Wednesday,12
lsf,2020-06-23 21:29:01+00:00,GuillermoCruz32,Commit,2020-06,Tuesday,21
lsf,2020-06-23 20:22:31+00:00,Bekzodjon Rakhimov,Commit,2020-06,Tuesday,20
lsf,2020-06-23 19:51:18+00:00,Bekzodjon Rakhimov,Commit,2020-06,Tuesday,19
lsf,2020-06-23 14:27:59+00:00,None,Commit,2020-06,Tuesday,14
lsf,2020-06-23 12:57:03+00:00,bryantal,Commit,2020-06,Tuesday,12
lsf,2020-06-23 12:46:25+00:00,romano-w,Commit,2020-06,Tuesday,12
lsf,2020-06-23 12:44:38+00:00,romano-w,Commit,2020-06,Tuesday,12
lsf,2020-06-23 11:38:36+00:00,romano-w,Commit,2020-06,Tuesday,11
lsf,2020-06-23 00:10:45+00:00,romano-w,Commit,2020-06,Tuesday,0
lsf,2020-06-22 21:37:04+00:00,GuillermoCruz32,Commit,2020-06,Monday,21
lsf,2020-06-22 17:08:15+00:00,None,Commit,2020-06,Monday,17
lsf,2020-06-22 16:58:03+00:00,None,Commit,2020-06,Monday,16
lsf,2020-06-22 16:23:59+00:00,romano-w,Commit,2020-06,Monday,16
lsf,2020-06-22 15:50:20+00:00,romano-w,Commit,2020-06,Monday,15
lsf,2020-06-22 14:10:06+00:00,romano-w,Commit,2020-06,Monday,14
lsf,2020-06-19 21:23:37+00:00,GuillermoCruz32,Commit,2020-06,Friday,21
lsf,2020-06-19 21:07:25+00:00,Hila Manalai,Commit,2020-06,Friday,21
lsf,2020-06-19 21:02:18+00:00,Hila Manalai,Commit,2020-06,Friday,21
lsf,2020-06-19 19:37:31+00:00,romano-w,Commit,2020-06,Friday,19
lsf,2020-06-19 19:18:05+00:00,romano-w,Commit,2020-06,Friday,19
lsf,2020-06-19 15:20:14+00:00,romano-w,Commit,2020-06,Friday,15
lsf,2020-06-19 15:19:14+00:00,romano-w,Commit,2020-06,Friday,15
lsf,2020-06-19 15:11:07+00:00,Bekzodjon Rakhimov,Commit,2020-06,Friday,15
lsf,2020-06-19 15:01:56+00:00,romano-w,Commit,2020-06,Friday,15
lsf,2020-06-18 21:08:44+00:00,Bekzodjon Rakhimov,Commit,2020-06,Thursday,21
lsf,2020-06-18 20:56:54+00:00,Hila Manalai,Commit,2020-06,Thursday,20
lsf,2020-06-18 20:00:54+00:00,romano-w,Commit,2020-06,Thursday,20
lsf,2020-06-18 19:13:11+00:00,romano-w,Commit,2020-06,Thursday,19
lsf,2020-06-18 17:31:03+00:00,GuillermoCruz32,Commit,2020-06,Thursday,17
lsf,2020-06-18 17:26:58+00:00,romano-w,Commit,2020-06,Thursday,17
lsf,2020-06-18 16:01:27+00:00,romano-w,Commit,2020-06,Thursday,16
lsf,2020-06-18 15:29:40+00:00,Hila Manalai,Commit,2020-06,Thursday,15
lsf,2020-06-18 14:57:07+00:00,romano-w,Commit,2020-06,Thursday,14
lsf,2020-06-18 12:34:58+00:00,Hila Manalai,Commit,2020-06,Thursday,12
lsf,2020-06-17 22:00:05+00:00,romano-w,Commit,2020-06,Wednesday,22
lsf,2020-06-17 21:59:18+00:00,romano-w,Commit,2020-06,Wednesday,21
lsf,2020-06-17 21:03:14+00:00,bryantal,Commit,2020-06,Wednesday,21
lsf,2020-06-17 20:52:53+00:00,None,Commit,2020-06,Wednesday,20
lsf,2020-06-17 20:39:26+00:00,romano-w,Commit,2020-06,Wednesday,20
lsf,2020-06-17 20:32:54+00:00,escalerapadronl,Commit,2020-06,Wednesday,20
lsf,2020-06-17 20:15:30+00:00,escalerapadronl,Commit,2020-06,Wednesday,20
lsf,2020-06-17 18:10:49+00:00,romano-w,Commit,2020-06,Wednesday,18
lsf,2020-06-16 21:57:45+00:00,romano-w,Commit,2020-06,Tuesday,21
lsf,2020-06-16 21:28:17+00:00,Hila Manalai,Commit,2020-06,Tuesday,21
lsf,2020-06-16 21:28:01+00:00,romano-w,Commit,2020-06,Tuesday,21
lsf,2020-06-16 21:05:03+00:00,Sreynit Khatt,Commit,2020-06,Tuesday,21
lsf,2020-06-16 19:54:00+00:00,romano-w,Commit,2020-06,Tuesday,19
lsf,2020-06-16 18:40:59+00:00,Hila Manalai,Commit,2020-06,Tuesday,18
lsf,2020-06-16 18:04:38+00:00,romano-w,Commit,2020-06,Tuesday,18
lsf,2020-06-16 17:58:06+00:00,romano-w,Commit,2020-06,Tuesday,17
lsf,2020-06-16 16:25:25+00:00,Hila Manalai,Commit,2020-06,Tuesday,16
lsf,2020-06-16 15:31:55+00:00,Hila Manalai,Commit,2020-06,Tuesday,15
lsf,2020-06-16 15:29:04+00:00,Guillermo Cruz,Commit,2020-06,Tuesday,15
lsf,2020-06-16 15:27:06+00:00,audreymcraft,Commit,2020-06,Tuesday,15
lsf,2020-06-16 14:41:05+00:00,romano-w,Commit,2020-06,Tuesday,14
lsf,2020-06-16 14:30:05+00:00,Bekzodjon Rakhimov,Commit,2020-06,Tuesday,14
lsf,2020-06-16 14:17:22+00:00,romano-w,Commit,2020-06,Tuesday,14
lsf,2020-06-16 14:11:15+00:00,None,Commit,2020-06,Tuesday,14
lsf,2020-06-16 13:44:43+00:00,audreymcraft,Commit,2020-06,Tuesday,13
lsf,2020-06-16 12:35:39+00:00,Hila Manalai,Commit,2020-06,Tuesday,12
lsf,2020-06-16 12:29:50+00:00,Hila Manalai,Commit,2020-06,Tuesday,12
lsf,2020-06-15 21:59:32+00:00,Bekzodjon Rakhimov,Commit,2020-06,Monday,21
lsf,2020-06-15 21:44:10+00:00,Sreynit Khatt,Commit,2020-06,Monday,21
lsf,2020-06-15 20:39:49+00:00,Bekzodjon Rakhimov,Commit,2020-06,Monday,20
lsf,2020-06-15 20:37:17+00:00,romano-w,Commit,2020-06,Monday,20
lsf,2020-06-15 20:05:38+00:00,None,Commit,2020-06,Monday,20
lsf,2020-06-15 19:50:12+00:00,romano-w,Commit,2020-06,Monday,19
lsf,2020-06-15 19:40:10+00:00,None,Commit,2020-06,Monday,19
lsf,2020-06-15 19:38:20+00:00,None,Commit,2020-06,Monday,19
lsf,2020-06-15 18:23:30+00:00,Bekzodjon Rakhimov,Commit,2020-06,Monday,18
lsf,2020-06-15 17:50:57+00:00,None,Commit,2020-06,Monday,17
lsf,2020-06-15 17:46:04+00:00,Hila Manalai,Commit,2020-06,Monday,17
lsf,2020-06-15 17:43:36+00:00,None,Commit,2020-06,Monday,17
lsf,2020-06-15 17:25:20+00:00,Hila Manalai,Commit,2020-06,Monday,17
lsf,2020-06-15 17:02:18+00:00,GuillermoCruz32,Commit,2020-06,Monday,17
lsf,2020-06-15 16:50:13+00:00,Bekzodjon Rakhimov,Commit,2020-06,Monday,16
lsf,2020-06-15 16:43:58+00:00,Hila Manalai,Commit,2020-06,Monday,16
lsf,2020-06-15 16:34:35+00:00,romano-w,Commit,2020-06,Monday,16
lsf,2020-06-15 16:24:20+00:00,GuillermoCruz32,Commit,2020-06,Monday,16
lsf,2020-06-15 16:01:50+00:00,Bekzodjon Rakhimov,Commit,2020-06,Monday,16
lsf,2020-06-15 15:46:41+00:00,bryantal,Commit,2020-06,Monday,15
lsf,2020-06-15 15:44:36+00:00,bryantal,Commit,2020-06,Monday,15
lsf,2020-06-15 15:42:55+00:00,romano-w,Commit,2020-06,Monday,15
lsf,2020-06-15 15:39:09+00:00,Hila Manalai,Commit,2020-06,Monday,15
lsf,2020-06-15 14:21:45+00:00,Hila Manalai,Commit,2020-06,Monday,14
lsf,2020-06-15 12:35:14+00:00,Hila Manalai,Commit,2020-06,Monday,12
lsf,2020-06-12 21:20:54+00:00,GuillermoCruz32,Commit,2020-06,Friday,21
lsf,2020-06-12 21:08:13+00:00,Sreynit Khatt,Commit,2020-06,Friday,21
lsf,2020-06-12 21:07:47+00:00,Hila Manalai,Commit,2020-06,Friday,21
lsf,2020-06-12 20:17:44+00:00,Bekzodjon Rakhimov,Commit,2020-06,Friday,20
lsf,2020-06-12 20:15:27+00:00,Bekzodjon Rakhimov,Commit,2020-06,Friday,20
lsf,2020-06-12 19:59:45+00:00,romano-w,Commit,2020-06,Friday,19
lsf,2020-06-12 19:37:01+00:00,Hila Manalai,Commit,2020-06,Friday,19
lsf,2020-06-12 19:14:51+00:00,GuillermoCruz32,Commit,2020-06,Friday,19
lsf,2020-06-12 19:13:53+00:00,GuillermoCruz32,Commit,2020-06,Friday,19
lsf,2020-06-12 17:51:33+00:00,Hila Manalai,Commit,2020-06,Friday,17
lsf,2020-06-12 17:29:30+00:00,romano-w,Commit,2020-06,Friday,17
lsf,2020-06-12 16:09:27+00:00,Hila Manalai,Commit,2020-06,Friday,16
lsf,2020-06-12 15:13:36+00:00,Bekzodjon Rakhimov,Commit,2020-06,Friday,15
lsf,2020-06-12 15:02:38+00:00,romano-w,Commit,2020-06,Friday,15
lsf,2020-06-12 14:48:18+00:00,Bekzodjon Rakhimov,Commit,2020-06,Friday,14
lsf,2020-06-12 14:42:19+00:00,romano-w,Commit,2020-06,Friday,14
lsf,2020-06-12 14:41:37+00:00,romano-w,Commit,2020-06,Friday,14
lsf,2020-06-12 14:40:01+00:00,romano-w,Commit,2020-06,Friday,14
lsf,2020-06-12 14:36:48+00:00,romano-w,Commit,2020-06,Friday,14
lsf,2020-06-11 21:30:22+00:00,Bekzodjon Rakhimov,Commit,2020-06,Thursday,21
lsf,2020-06-11 21:02:17+00:00,Sreynit Khatt,Commit,2020-06,Thursday,21
lsf,2020-06-11 20:53:21+00:00,None,Commit,2020-06,Thursday,20
lsf,2020-06-11 19:56:56+00:00,None,Commit,2020-06,Thursday,19
lsf,2020-06-11 19:52:41+00:00,None,Commit,2020-06,Thursday,19
lsf,2020-06-11 19:44:07+00:00,GuillermoCruz32,Commit,2020-06,Thursday,19
lsf,2020-06-11 19:43:16+00:00,GuillermoCruz32,Commit,2020-06,Thursday,19
lsf,2020-06-11 19:28:10+00:00,audreymcraft,Commit,2020-06,Thursday,19
lsf,2020-06-11 16:59:25+00:00,GuillermoCruz32,Commit,2020-06,Thursday,16
lsf,2020-06-11 16:25:43+00:00,romano-w,Commit,2020-06,Thursday,16
lsf,2020-06-11 16:01:50+00:00,Bekzodjon Rakhimov,Commit,2020-06,Thursday,16
lsf,2020-06-11 14:53:11+00:00,romano-w,Commit,2020-06,Thursday,14
lsf,2020-06-11 14:33:32+00:00,romano-w,Commit,2020-06,Thursday,14
lsf,2020-06-11 14:33:02+00:00,romano-w,Commit,2020-06,Thursday,14
lsf,2020-06-11 14:32:18+00:00,bryantal,Commit,2020-06,Thursday,14
lsf,2020-06-11 14:32:01+00:00,None,Commit,2020-06,Thursday,14
lsf,2020-06-11 13:10:55+00:00,Bekzodjon Rakhimov,Commit,2020-06,Thursday,13
lsf,2020-06-11 13:00:16+00:00,None,Commit,2020-06,Thursday,13
lsf,2020-06-10 21:27:56+00:00,None,Commit,2020-06,Wednesday,21
lsf,2020-06-10 21:16:48+00:00,Sreynit Khatt,Commit,2020-06,Wednesday,21
lsf,2020-06-10 20:47:20+00:00,Hila Manalai,Commit,2020-06,Wednesday,20
lsf,2020-06-10 20:37:31+00:00,romano-w,Commit,2020-06,Wednesday,20
lsf,2020-06-10 20:35:49+00:00,Luis Riera,Commit,2020-06,Wednesday,20
lsf,2020-06-10 20:34:42+00:00,Bekzodjon Rakhimov,Commit,2020-06,Wednesday,20
lsf,2020-06-10 20:18:33+00:00,Luis Riera,Commit,2020-06,Wednesday,20
lsf,2020-06-10 20:17:18+00:00,Bekzodjon Rakhimov,Commit,2020-06,Wednesday,20
lsf,2020-06-10 20:11:14+00:00,Bekzodjon Rakhimov,Commit,2020-06,Wednesday,20
lsf,2020-06-10 20:10:08+00:00,None,Commit,2020-06,Wednesday,20
lsf,2020-06-10 20:01:56+00:00,None,Commit,2020-06,Wednesday,20
lsf,2020-06-10 19:52:05+00:00,bryantal,Commit,2020-06,Wednesday,19
lsf,2020-06-10 19:48:51+00:00,bryantal,Commit,2020-06,Wednesday,19
lsf,2020-06-10 19:27:01+00:00,mupotsal,Commit,2020-06,Wednesday,19
lsf,2020-06-10 19:26:34+00:00,mupotsal,Commit,2020-06,Wednesday,19
lsf,2020-06-10 19:12:53+00:00,romano-w,Commit,2020-06,Wednesday,19
lsf,2020-06-10 19:00:20+00:00,Hila Manalai,Commit,2020-06,Wednesday,19
lsf,2020-06-10 18:41:12+00:00,Guillermo Cruz,Commit,2020-06,Wednesday,18
lsf,2020-06-10 18:38:00+00:00,Hila Manalai,Commit,2020-06,Wednesday,18
lsf,2020-06-10 18:16:08+00:00,GuillermoCruz32,Commit,2020-06,Wednesday,18
lsf,2020-06-10 16:46:58+00:00,romano-w,Commit,2020-06,Wednesday,16
lsf,2020-06-10 16:16:16+00:00,romano-w,Commit,2020-06,Wednesday,16
lsf,2020-06-10 16:02:37+00:00,romano-w,Commit,2020-06,Wednesday,16
lsf,2020-06-10 15:59:33+00:00,None,Commit,2020-06,Wednesday,15
lsf,2020-06-10 15:59:10+00:00,romano-w,Commit,2020-06,Wednesday,15
lsf,2020-06-10 15:46:10+00:00,GuillermoCruz32,Commit,2020-06,Wednesday,15
lsf,2020-06-10 15:37:02+00:00,GuillermoCruz32,Commit,2020-06,Wednesday,15
lsf,2020-06-10 14:57:24+00:00,None,Commit,2020-06,Wednesday,14
lsf,2020-06-10 14:55:38+00:00,romano-w,Commit,2020-06,Wednesday,14
lsf,2020-06-10 14:55:00+00:00,None,Commit,2020-06,Wednesday,14
lsf,2020-06-10 14:10:28+00:00,None,Commit,2020-06,Wednesday,14
lsf,2020-06-10 14:06:55+00:00,Luis Riera,Commit,2020-06,Wednesday,14
lsf,2020-06-10 12:32:26+00:00,None,Commit,2020-06,Wednesday,12
lsf,2020-06-10 12:29:12+00:00,Guillermo Cruz,Commit,2020-06,Wednesday,12
lsf,2020-06-10 12:24:32+00:00,Bekzodjon Rakhimov,Commit,2020-06,Wednesday,12
lsf,2020-06-09 21:18:51+00:00,None,Commit,2020-06,Tuesday,21
lsf,2020-06-09 21:01:35+00:00,romano-w,Commit,2020-06,Tuesday,21
lsf,2020-06-09 20:58:48+00:00,Will Romano,Commit,2020-06,Tuesday,20
lsf,2020-06-09 20:58:08+00:00,Luis Riera,Commit,2020-06,Tuesday,20
lsf,2020-06-09 20:44:45+00:00,None,Commit,2020-06,Tuesday,20
lsf,2020-06-09 20:08:40+00:00,GuillermoCruz32,Commit,2020-06,Tuesday,20
lsf,2020-06-09 20:05:14+00:00,GuillermoCruz32,Commit,2020-06,Tuesday,20
lsf,2020-06-09 19:57:20+00:00,None,Commit,2020-06,Tuesday,19
lsf,2020-06-09 19:16:37+00:00,None,Commit,2020-06,Tuesday,19
lsf,2020-06-09 19:13:41+00:00,GuillermoCruz32,Commit,2020-06,Tuesday,19
lsf,2020-06-09 18:42:37+00:00,None,Commit,2020-06,Tuesday,18
lsf,2020-06-09 17:48:56+00:00,Luis Riera,Commit,2020-06,Tuesday,17
lsf,2020-06-09 17:32:52+00:00,GuillermoCruz32,Commit,2020-06,Tuesday,17
lsf,2020-06-09 16:02:41+00:00,None,Commit,2020-06,Tuesday,16
lsf,2020-06-09 15:53:22+00:00,Hila Manalai,Commit,2020-06,Tuesday,15
lsf,2020-06-09 15:30:29+00:00,None,Commit,2020-06,Tuesday,15
lsf,2020-06-09 14:56:30+00:00,Hila Manalai,Commit,2020-06,Tuesday,14
lsf,2020-06-09 13:42:02+00:00,bryantal,Commit,2020-06,Tuesday,13
lsf,2020-06-09 13:40:50+00:00,bryantal,Commit,2020-06,Tuesday,13
lsf,2020-06-09 11:55:36+00:00,Hila Manalai,Commit,2020-06,Tuesday,11
lsf,2020-06-09 11:54:58+00:00,Hila Manalai,Commit,2020-06,Tuesday,11
lsf,2020-06-09 11:53:49+00:00,Guillermo Cruz,Commit,2020-06,Tuesday,11
lsf,2020-06-08 22:12:55+00:00,None,Commit,2020-06,Monday,22
lsf,2020-06-08 22:02:09+00:00,romano-w,Commit,2020-06,Monday,22
lsf,2020-06-08 20:17:21+00:00,Hila Manalai,Commit,2020-06,Monday,20
lsf,2020-06-08 19:26:06+00:00,Hila Manalai,Commit,2020-06,Monday,19
lsf,2020-06-08 19:22:41+00:00,Hila Manalai,Commit,2020-06,Monday,19
lsf,2020-06-08 19:21:34+00:00,Hila Manalai,Commit,2020-06,Monday,19
lsf,2020-06-08 18:56:02+00:00,romano-w,Commit,2020-06,Monday,18
lsf,2020-06-08 18:51:29+00:00,romano-w,Commit,2020-06,Monday,18
lsf,2020-06-08 18:44:44+00:00,romano-w,Commit,2020-06,Monday,18
lsf,2020-06-08 18:41:51+00:00,romano-w,Commit,2020-06,Monday,18
lsf,2020-06-08 18:39:51+00:00,romano-w,Commit,2020-06,Monday,18
lsf,2020-06-08 18:38:46+00:00,romano-w,Commit,2020-06,Monday,18
lsf,2020-06-08 18:35:51+00:00,romano-w,Commit,2020-06,Monday,18
lsf,2020-06-08 18:34:42+00:00,romano-w,Commit,2020-06,Monday,18
lsf,2020-06-08 18:32:42+00:00,romano-w,Commit,2020-06,Monday,18
lsf,2020-06-08 18:31:06+00:00,romano-w,Commit,2020-06,Monday,18
lsf,2020-06-08 18:27:30+00:00,romano-w,Commit,2020-06,Monday,18
lsf,2020-06-08 18:23:44+00:00,romano-w,Commit,2020-06,Monday,18
lsf,2020-06-08 18:21:19+00:00,romano-w,Commit,2020-06,Monday,18
lsf,2020-06-08 18:19:28+00:00,romano-w,Commit,2020-06,Monday,18
lsf,2020-06-08 18:17:23+00:00,romano-w,Commit,2020-06,Monday,18
lsf,2020-06-08 18:15:53+00:00,romano-w,Commit,2020-06,Monday,18
lsf,2020-06-08 18:13:26+00:00,romano-w,Commit,2020-06,Monday,18
lsf,2020-06-08 18:12:35+00:00,GuillermoCruz32,Commit,2020-06,Monday,18
lsf,2020-06-08 18:10:22+00:00,romano-w,Commit,2020-06,Monday,18
lsf,2020-06-08 18:05:09+00:00,romano-w,Commit,2020-06,Monday,18
lsf,2020-06-08 18:03:03+00:00,GuillermoCruz32,Commit,2020-06,Monday,18
lsf,2020-06-08 17:55:10+00:00,romano-w,Commit,2020-06,Monday,17
lsf,2020-06-08 17:47:23+00:00,Hila Manalai,Commit,2020-06,Monday,17
lsf,2020-06-08 17:46:09+00:00,Hila Manalai,Commit,2020-06,Monday,17
lsf,2020-06-08 17:39:38+00:00,romano-w,Commit,2020-06,Monday,17
lsf,2020-06-08 17:39:11+00:00,Hila Manalai,Commit,2020-06,Monday,17
lsf,2020-06-08 17:38:42+00:00,Hila Manalai,Commit,2020-06,Monday,17
lsf,2020-06-08 16:48:22+00:00,GuillermoCruz32,Commit,2020-06,Monday,16
lsf,2020-06-08 16:25:03+00:00,romano-w,Commit,2020-06,Monday,16
lsf,2020-06-08 16:22:45+00:00,romano-w,Commit,2020-06,Monday,16
lsf,2020-06-08 16:20:10+00:00,romano-w,Commit,2020-06,Monday,16
lsf,2020-06-08 16:18:29+00:00,romano-w,Commit,2020-06,Monday,16
lsf,2020-06-08 16:14:03+00:00,romano-w,Commit,2020-06,Monday,16
lsf,2020-06-08 16:10:28+00:00,romano-w,Commit,2020-06,Monday,16
lsf,2020-06-08 15:55:10+00:00,romano-w,Commit,2020-06,Monday,15
lsf,2020-06-08 15:48:06+00:00,romano-w,Commit,2020-06,Monday,15
lsf,2020-06-08 15:46:15+00:00,Hila Manalai,Commit,2020-06,Monday,15
lsf,2020-06-08 15:43:37+00:00,romano-w,Commit,2020-06,Monday,15
lsf,2020-06-08 15:41:38+00:00,romano-w,Commit,2020-06,Monday,15
lsf,2020-06-08 15:03:21+00:00,romano-w,Commit,2020-06,Monday,15
lsf,2020-06-08 15:00:21+00:00,romano-w,Commit,2020-06,Monday,15
lsf,2020-06-08 14:44:37+00:00,romano-w,Commit,2020-06,Monday,14
lsf,2020-06-08 14:40:38+00:00,Hila Manalai,Commit,2020-06,Monday,14
lsf,2020-06-08 14:39:07+00:00,bryantal,Commit,2020-06,Monday,14
lsf,2020-06-08 14:26:20+00:00,Hila Manalai,Commit,2020-06,Monday,14
lsf,2020-06-08 14:17:14+00:00,Hila Manalai,Commit,2020-06,Monday,14
lsf,2020-06-08 14:06:41+00:00,Hila Manalai,Commit,2020-06,Monday,14
lsf,2020-06-08 14:03:28+00:00,Hila Manalai,Commit,2020-06,Monday,14
lsf,2020-06-08 13:07:13+00:00,Hila Manalai,Commit,2020-06,Monday,13
lsf,2020-06-05 12:16:51+00:00,Hila Manalai,Commit,2020-06,Friday,12
lsf,2020-06-05 11:46:18+00:00,bryantal,Commit,2020-06,Friday,11
lsf,2020-06-04 19:53:56+00:00,GuillermoCruz32,Commit,2020-06,Thursday,19
lsf,2020-06-04 19:50:40+00:00,GuillermoCruz32,Commit,2020-06,Thursday,19
lsf,2020-06-04 16:12:11+00:00,Hila Manalai,Commit,2020-06,Thursday,16
lsf,2020-06-04 16:11:13+00:00,Hila Manalai,Commit,2020-06,Thursday,16
lsf,2020-06-04 16:04:11+00:00,bryantal,Commit,2020-06,Thursday,16
lsf,2020-06-04 15:54:30+00:00,bryantal,Commit,2020-06,Thursday,15
lsf,2020-06-04 15:50:39+00:00,bryantal,Commit,2020-06,Thursday,15
lsf,2020-06-04 15:14:23+00:00,Hila Manalai,Commit,2020-06,Thursday,15
lsf,2020-06-04 15:06:25+00:00,Hila Manalai,Commit,2020-06,Thursday,15
lsf,2020-06-04 14:43:32+00:00,Hila Manalai,Commit,2020-06,Thursday,14
lsf,2020-06-04 14:21:46+00:00,Hila Manalai,Commit,2020-06,Thursday,14
lsf,2020-06-04 14:18:20+00:00,Hila Manalai,Commit,2020-06,Thursday,14
lsf,2020-06-04 14:15:12+00:00,Hila Manalai,Commit,2020-06,Thursday,14
lsf,2020-06-04 13:15:53+00:00,escalerapadronl,Commit,2020-06,Thursday,13
lsf,2020-06-04 13:12:28+00:00,escalerapadronl,Commit,2020-06,Thursday,13
lsf,2020-06-04 12:59:14+00:00,escalerapadronl,Commit,2020-06,Thursday,12
lsf,2020-06-03 22:17:05+00:00,escalerapadronl,Commit,2020-06,Wednesday,22
lsf,2020-06-03 22:16:09+00:00,Guillermo Cruz,Commit,2020-06,Wednesday,22
lsf,2020-06-03 18:28:49+00:00,GuillermoCruz32,Commit,2020-06,Wednesday,18
lsf,2020-06-03 16:02:33+00:00,Hila Manalai,Commit,2020-06,Wednesday,16
lsf,2020-06-03 16:01:21+00:00,Hila Manalai,Commit,2020-06,Wednesday,16
lsf,2020-06-03 14:04:55+00:00,bryantal,Commit,2020-06,Wednesday,14
lsf,2020-06-03 13:34:40+00:00,Hila Manalai,Commit,2020-06,Wednesday,13
lsf,2020-06-03 12:42:23+00:00,Hila Manalai,Commit,2020-06,Wednesday,12
lsf,2020-06-02 20:41:28+00:00,escalerapadronl,Commit,2020-06,Tuesday,20
lsf,2020-06-02 20:06:59+00:00,escalerapadronl,Commit,2020-06,Tuesday,20
lsf,2020-06-02 15:50:55+00:00,bryantal,Commit,2020-06,Tuesday,15
lsf,2020-06-02 14:52:30+00:00,Hila Manalai,Commit,2020-06,Tuesday,14
lsf,2020-06-02 14:42:18+00:00,Hila Manalai,Commit,2020-06,Tuesday,14
lsf,2020-06-01 20:57:48+00:00,bryantal,Commit,2020-06,Monday,20
lsf,2020-06-01 20:16:53+00:00,escalerapadronl,Commit,2020-06,Monday,20
lsf,2020-06-01 17:28:52+00:00,Hila Manalai,Commit,2020-06,Monday,17
lsf,2020-06-01 15:14:21+00:00,GuillermoCruz32,Commit,2020-06,Monday,15
lsf,2020-05-29 20:54:17+00:00,GuillermoCruz32,Commit,2020-05,Friday,20
lsf,2020-05-29 19:31:20+00:00,escalerapadronl,Commit,2020-05,Friday,19
lsf,2020-05-29 16:04:05+00:00,Hila Manalai,Commit,2020-05,Friday,16
lsf,2020-05-29 15:53:35+00:00,escalerapadronl,Commit,2020-05,Friday,15
lsf,2020-05-29 15:25:41+00:00,Hila Manalai,Commit,2020-05,Friday,15
lsf,2020-05-29 13:25:59+00:00,GuillermoCruz32,Commit,2020-05,Friday,13
lsf,2020-05-28 21:00:56+00:00,escalerapadronl,Commit,2020-05,Thursday,21
lsf,2020-05-28 17:17:34+00:00,GuillermoCruz32,Commit,2020-05,Thursday,17
lsf,2020-05-28 16:02:56+00:00,Hila Manalai,Commit,2020-05,Thursday,16
lsf,2020-05-28 15:19:53+00:00,GuillermoCruz32,Commit,2020-05,Thursday,15
lsf,2020-05-28 15:01:23+00:00,escalerapadronl,Commit,2020-05,Thursday,15
lsf,2020-05-27 21:03:52+00:00,escalerapadronl,Commit,2020-05,Wednesday,21
lsf,2020-05-27 16:19:57+00:00,GuillermoCruz32,Commit,2020-05,Wednesday,16
lsf,2020-05-27 16:05:42+00:00,GuillermoCruz32,Commit,2020-05,Wednesday,16
lsf,2020-05-27 16:02:17+00:00,Hila Manalai,Commit,2020-05,Wednesday,16
lsf,2020-05-27 15:58:53+00:00,GuillermoCruz32,Commit,2020-05,Wednesday,15
lsf,2020-05-27 15:57:53+00:00,GuillermoCruz32,Commit,2020-05,Wednesday,15
lsf,2020-05-27 15:15:26+00:00,Hila Manalai,Commit,2020-05,Wednesday,15
lsf,2020-05-27 14:44:56+00:00,Hila Manalai,Commit,2020-05,Wednesday,14
lsf,2020-05-27 12:45:47+00:00,Hila Manalai,Commit,2020-05,Wednesday,12
lsf,2020-05-26 20:39:46+00:00,Hila Manalai,Commit,2020-05,Tuesday,20
lsf,2020-05-26 18:50:56+00:00,Hila Manalai,Commit,2020-05,Tuesday,18
lsf,2020-05-26 18:50:00+00:00,escalerapadronl,Commit,2020-05,Tuesday,18
lsf,2020-05-26 15:34:47+00:00,Hila Manalai,Commit,2020-05,Tuesday,15
lsf,2020-05-25 18:05:57+00:00,Hila Manalai,Commit,2020-05,Monday,18
lsf,2020-05-25 17:13:53+00:00,Hila Manalai,Commit,2020-05,Monday,17
lsf,2020-05-25 15:37:40+00:00,Hila Manalai,Commit,2020-05,Monday,15
lsf,2020-05-25 15:28:28+00:00,Hila Manalai,Commit,2020-05,Monday,15
lsf,2020-05-22 20:49:59+00:00,GuillermoCruz32,Commit,2020-05,Friday,20
lsf,2020-05-22 16:11:26+00:00,Hila Manalai,Commit,2020-05,Friday,16
lsf,2020-05-22 14:28:55+00:00,escalerapadronl,Commit,2020-05,Friday,14
lsf,2020-05-22 14:03:23+00:00,escalerapadronl,Commit,2020-05,Friday,14
lsf,2020-05-22 14:00:52+00:00,Hila Manalai,Commit,2020-05,Friday,14
lsf,2020-05-22 13:58:02+00:00,Hila Manalai,Commit,2020-05,Friday,13
lsf,2020-05-21 17:45:24+00:00,escalerapadronl,Commit,2020-05,Thursday,17
lsf,2020-05-21 15:55:42+00:00,Hila Manalai,Commit,2020-05,Thursday,15
lsf,2020-05-21 15:48:03+00:00,GuillermoCruz32,Commit,2020-05,Thursday,15
lsf,2020-05-21 13:03:30+00:00,ovezovs,Commit,2020-05,Thursday,13
lsf,2020-05-20 21:08:36+00:00,escalerapadronl,Commit,2020-05,Wednesday,21
lsf,2020-05-20 20:48:27+00:00,ovezovs,Commit,2020-05,Wednesday,20
lsf,2020-05-20 18:47:56+00:00,GuillermoCruz32,Commit,2020-05,Wednesday,18
lsf,2020-05-20 15:56:16+00:00,Hila Manalai,Commit,2020-05,Wednesday,15
lsf,2020-05-19 21:04:39+00:00,Guillermo Cruz,Commit,2020-05,Tuesday,21
lsf,2020-05-19 21:03:00+00:00,Guillermo Cruz,Commit,2020-05,Tuesday,21
lsf,2020-05-19 21:00:52+00:00,escalerapadronl,Commit,2020-05,Tuesday,21
lsf,2020-05-19 20:10:06+00:00,escalerapadronl,Commit,2020-05,Tuesday,20
lsf,2020-05-19 19:02:56+00:00,GuillermoCruz32,Commit,2020-05,Tuesday,19
lsf,2020-05-19 17:40:01+00:00,GuillermoCruz32,Commit,2020-05,Tuesday,17
lsf,2020-05-19 17:30:41+00:00,ovezovs,Commit,2020-05,Tuesday,17
lsf,2020-05-19 17:22:18+00:00,escalerapadronl,Commit,2020-05,Tuesday,17
lsf,2020-05-19 17:22:17+00:00,GuillermoCruz32,Commit,2020-05,Tuesday,17
lsf,2020-05-19 17:20:32+00:00,GuillermoCruz32,Commit,2020-05,Tuesday,17
lsf,2020-05-19 17:17:07+00:00,GuillermoCruz32,Commit,2020-05,Tuesday,17
lsf,2020-05-19 17:04:28+00:00,GuillermoCruz32,Commit,2020-05,Tuesday,17
lsf,2020-05-19 15:58:47+00:00,ovezovs,Commit,2020-05,Tuesday,15
lsf,2020-05-19 15:56:50+00:00,Hila Manalai,Commit,2020-05,Tuesday,15
lsf,2020-05-19 15:55:27+00:00,Hila Manalai,Commit,2020-05,Tuesday,15
lsf,2020-05-19 15:50:47+00:00,ovezovs,Commit,2020-05,Tuesday,15
lsf,2020-05-19 15:49:59+00:00,ovezovs,Commit,2020-05,Tuesday,15
lsf,2020-05-19 15:40:22+00:00,ovezovs,Commit,2020-05,Tuesday,15
lsf,2020-05-19 15:15:14+00:00,escalerapadronl,Commit,2020-05,Tuesday,15
lsf,2020-05-19 14:22:46+00:00,Hila Manalai,Commit,2020-05,Tuesday,14
lsf,2020-05-19 14:18:03+00:00,Hila Manalai,Commit,2020-05,Tuesday,14
lsf,2020-05-19 14:10:11+00:00,Luis Riera,Commit,2020-05,Tuesday,14
lsf,2020-05-19 14:07:38+00:00,Hila Manalai,Commit,2020-05,Tuesday,14
lsf,2020-05-19 13:59:59+00:00,Hila Manalai,Commit,2020-05,Tuesday,13
lsf,2020-05-19 13:58:40+00:00,Hila Manalai,Commit,2020-05,Tuesday,13
lsf,2020-05-19 13:58:00+00:00,Luis Riera,Commit,2020-05,Tuesday,13
lsf,2020-05-19 12:43:56+00:00,Jamaliela,Commit,2020-05,Tuesday,12
lsf,2020-05-18 21:02:36+00:00,escalerapadronl,Commit,2020-05,Monday,21
lsf,2020-05-18 20:53:14+00:00,Luis Riera,Commit,2020-05,Monday,20
lsf,2020-05-18 20:38:10+00:00,Luis Riera,Commit,2020-05,Monday,20
lsf,2020-05-18 20:29:47+00:00,Luis Riera,Commit,2020-05,Monday,20
lsf,2020-05-18 20:28:16+00:00,ovezovs,Commit,2020-05,Monday,20
lsf,2020-05-18 20:04:25+00:00,ovezovs,Commit,2020-05,Monday,20
lsf,2020-05-18 19:48:37+00:00,GuillermoCruz32,Commit,2020-05,Monday,19
lsf,2020-05-18 19:43:11+00:00,GuillermoCruz32,Commit,2020-05,Monday,19
lsf,2020-05-18 19:01:23+00:00,ovezovs,Commit,2020-05,Monday,19
lsf,2020-05-18 18:02:22+00:00,Luis Riera,Commit,2020-05,Monday,18
lsf,2020-05-18 15:56:20+00:00,Hila Manalai,Commit,2020-05,Monday,15
lsf,2020-05-18 15:24:07+00:00,Hila Manalai,Commit,2020-05,Monday,15
lsf,2020-05-18 14:47:46+00:00,Luis Riera,Commit,2020-05,Monday,14
lsf,2020-05-18 14:47:21+00:00,Hila Manalai,Commit,2020-05,Monday,14
lsf,2020-05-18 14:36:43+00:00,GuillermoCruz32,Commit,2020-05,Monday,14
lsf,2020-05-16 18:05:31+00:00,Hila Manalai,Commit,2020-05,Saturday,18
lsf,2020-05-16 15:31:41+00:00,ovezovs,Commit,2020-05,Saturday,15
lsf,2020-05-16 15:28:14+00:00,Hila Manalai,Commit,2020-05,Saturday,15
lsf,2020-05-16 15:05:34+00:00,Hila Manalai,Commit,2020-05,Saturday,15
lsf,2020-05-15 21:20:40+00:00,ovezovs,Commit,2020-05,Friday,21
lsf,2020-05-15 20:32:41+00:00,GuillermoCruz32,Commit,2020-05,Friday,20
lsf,2020-05-15 20:30:29+00:00,ovezovs,Commit,2020-05,Friday,20
lsf,2020-05-15 18:04:32+00:00,Luis Riera,Commit,2020-05,Friday,18
lsf,2020-05-15 15:59:08+00:00,elajamali,Commit,2020-05,Friday,15
lsf,2020-05-15 15:21:00+00:00,elajamali,Commit,2020-05,Friday,15
lsf,2020-05-15 13:24:30+00:00,GuillermoCruz32,Commit,2020-05,Friday,13
lsf,2020-05-14 21:00:37+00:00,GuillermoCruz32,Commit,2020-05,Thursday,21
lsf,2020-05-14 20:26:42+00:00,ovezovs,Commit,2020-05,Thursday,20
lsf,2020-05-14 19:17:59+00:00,ovezovs,Commit,2020-05,Thursday,19
lsf,2020-05-14 17:52:30+00:00,Luis Riera,Commit,2020-05,Thursday,17
lsf,2020-05-14 16:18:20+00:00,Hila Manalai,Commit,2020-05,Thursday,16
lsf,2020-05-14 14:56:28+00:00,ovezovs,Commit,2020-05,Thursday,14
lsf,2020-05-14 14:09:05+00:00,ovezovs,Commit,2020-05,Thursday,14
lsf,2020-05-13 21:03:10+00:00,GuillermoCruz32,Commit,2020-05,Wednesday,21
lsf,2020-05-13 20:36:22+00:00,ovezovs,Commit,2020-05,Wednesday,20
lsf,2020-05-13 17:19:03+00:00,Luis Riera,Commit,2020-05,Wednesday,17
lsf,2020-05-13 16:09:11+00:00,elajamali,Commit,2020-05,Wednesday,16
lsf,2020-05-13 16:05:54+00:00,ovezovs,Commit,2020-05,Wednesday,16
lsf,2020-05-13 15:00:52+00:00,ovezovs,Commit,2020-05,Wednesday,15
lsf,2020-05-12 21:08:15+00:00,elajamali,Commit,2020-05,Tuesday,21
lsf,2020-05-12 20:58:42+00:00,escalerapadronl,Commit,2020-05,Tuesday,20
lsf,2020-05-12 20:54:35+00:00,ovezovs,Commit,2020-05,Tuesday,20
lsf,2020-05-12 17:59:56+00:00,Luis Riera,Commit,2020-05,Tuesday,17
lsf,2020-05-12 16:07:22+00:00,ovezovs,Commit,2020-05,Tuesday,16
lsf,2020-05-12 16:00:35+00:00,Hila Manalai,Commit,2020-05,Tuesday,16
lsf,2020-05-12 14:30:18+00:00,Hila Manalai,Commit,2020-05,Tuesday,14
lsf,2020-05-11 21:26:25+00:00,ovezovs,Commit,2020-05,Monday,21
lsf,2020-05-11 21:23:34+00:00,ovezovs,Commit,2020-05,Monday,21
lsf,2020-05-11 21:20:18+00:00,ovezovs,Commit,2020-05,Monday,21
lsf,2020-05-11 20:56:48+00:00,GuillermoCruz32,Commit,2020-05,Monday,20
lsf,2020-05-11 19:20:22+00:00,Jamaliela,Commit,2020-05,Monday,19
lsf,2020-05-11 19:17:40+00:00,elajamali,Commit,2020-05,Monday,19
lsf,2020-05-11 17:17:45+00:00,ovezovs,Commit,2020-05,Monday,17
lsf,2020-05-11 17:17:20+00:00,Luis Riera,Commit,2020-05,Monday,17
lsf,2020-05-11 17:04:27+00:00,Luis Riera,Commit,2020-05,Monday,17
lsf,2020-05-11 16:58:20+00:00,Luis Riera,Commit,2020-05,Monday,16
lsf,2020-05-11 16:48:15+00:00,Luis Riera,Commit,2020-05,Monday,16
lsf,2020-05-11 16:00:11+00:00,ovezovs,Commit,2020-05,Monday,16
lsf,2020-05-11 15:57:29+00:00,ovezovs,Commit,2020-05,Monday,15
lsf,2020-05-11 15:44:24+00:00,elajamali,Commit,2020-05,Monday,15
lsf,2020-05-11 15:40:46+00:00,elajamali,Commit,2020-05,Monday,15
lsf,2020-05-11 14:36:02+00:00,Hila Manalai,Commit,2020-05,Monday,14
lsf,2020-05-11 14:29:51+00:00,Luis Riera,Commit,2020-05,Monday,14
lsf,2020-05-06 17:42:29+00:00,elajamali,Commit,2020-05,Wednesday,17
lsf,2020-05-06 14:58:24+00:00,Hila Manalai,Commit,2020-05,Wednesday,14
lsf,2020-05-06 13:47:25+00:00,elajamali,Commit,2020-05,Wednesday,13
lsf,2020-05-05 18:00:26+00:00,elajamali,Commit,2020-05,Tuesday,18
lsf,2020-05-05 17:38:04+00:00,elajamali,Commit,2020-05,Tuesday,17
lsf,2020-05-05 15:14:59+00:00,Hila Manalai,Commit,2020-05,Tuesday,15
lsf,2020-05-11 13:52:42+00:00,Jamaliela,Commit,2020-05,Monday,13
lsf,2020-05-11 13:05:54+00:00,escalerapadronl,Commit,2020-05,Monday,13
lsf,2020-05-11 13:05:07+00:00,Guillermo Cruz,Commit,2020-05,Monday,13
lsf,2020-05-05 15:14:59+00:00,Hila Manalai,Commit,2020-05,Tuesday,15
lsf,2020-05-05 15:09:42+00:00,Hila Manalai,Commit,2020-05,Tuesday,15
lsf,2020-05-11 12:52:16+00:00,Hila Manalai,Commit,2020-05,Monday,12
lsf,2020-05-11 12:31:11+00:00,Hila Manalai,Commit,2020-05,Monday,12
lsf,2020-05-11 12:30:36+00:00,Hila Manalai,Commit,2020-05,Monday,12
lsf,2020-05-11 12:25:45+00:00,Hila Manalai,Commit,2020-05,Monday,12
lsf,2020-05-08 21:01:49+00:00,ovezovs,Commit,2020-05,Friday,21
lsf,2020-05-08 20:08:45+00:00,ovezovs,Commit,2020-05,Friday,20
lsf,2020-05-08 19:48:12+00:00,Luis Riera,Commit,2020-05,Friday,19
lsf,2020-05-08 19:35:29+00:00,GuillermoCruz32,Commit,2020-05,Friday,19
lsf,2020-05-08 19:21:48+00:00,ovezovs,Commit,2020-05,Friday,19
lsf,2020-05-08 18:03:14+00:00,ovezovs,Commit,2020-05,Friday,18
lsf,2020-05-08 17:55:12+00:00,ovezovs,Commit,2020-05,Friday,17
lsf,2020-05-08 17:45:49+00:00,escalerapadronl,Commit,2020-05,Friday,17
lsf,2020-05-08 17:38:06+00:00,escalerapadronl,Commit,2020-05,Friday,17
lsf,2020-05-08 17:24:24+00:00,Luis Riera,Commit,2020-05,Friday,17
lsf,2020-05-08 16:34:51+00:00,Luis Riera,Commit,2020-05,Friday,16
lsf,2020-05-08 16:05:57+00:00,ovezovs,Commit,2020-05,Friday,16
lsf,2020-05-08 15:53:33+00:00,Hila Manalai,Commit,2020-05,Friday,15
lsf,2020-05-08 15:36:11+00:00,Hila Manalai,Commit,2020-05,Friday,15
lsf,2020-05-08 15:35:34+00:00,Hila Manalai,Commit,2020-05,Friday,15
lsf,2020-05-08 15:34:47+00:00,Hila Manalai,Commit,2020-05,Friday,15
lsf,2020-05-08 15:19:40+00:00,Jamaliela,Commit,2020-05,Friday,15
lsf,2020-05-08 14:10:07+00:00,Luis Riera,Commit,2020-05,Friday,14
lsf,2020-05-08 13:49:17+00:00,escalerapadronl,Commit,2020-05,Friday,13
lsf,2020-05-08 13:32:23+00:00,Guillermo Cruz,Commit,2020-05,Friday,13
lsf,2020-05-07 22:05:01+00:00,ovezovs,Commit,2020-05,Thursday,22
lsf,2020-05-07 18:46:31+00:00,GuillermoCruz32,Commit,2020-05,Thursday,18
lsf,2020-05-07 15:54:11+00:00,GuillermoCruz32,Commit,2020-05,Thursday,15
lsf,2020-05-07 15:31:34+00:00,ovezovs,Commit,2020-05,Thursday,15
lsf,2020-05-07 15:27:36+00:00,elajamali,Commit,2020-05,Thursday,15
lsf,2020-05-07 15:24:22+00:00,ovezovs,Commit,2020-05,Thursday,15
lsf,2020-05-07 15:21:37+00:00,Hila Manalai,Commit,2020-05,Thursday,15
lsf,2020-05-07 14:11:56+00:00,elajamali,Commit,2020-05,Thursday,14
lsf,2020-05-07 14:08:58+00:00,escalerapadronl,Commit,2020-05,Thursday,14
lsf,2020-05-07 14:07:49+00:00,GuillermoCruz32,Commit,2020-05,Thursday,14
lsf,2020-05-07 14:03:01+00:00,GuillermoCruz32,Commit,2020-05,Thursday,14
lsf,2020-05-06 20:41:42+00:00,GuillermoCruz32,Commit,2020-05,Wednesday,20
lsf,2020-05-06 18:28:35+00:00,escalerapadronl,Commit,2020-05,Wednesday,18
lsf,2020-05-06 16:54:07+00:00,escalerapadronl,Commit,2020-05,Wednesday,16
lsf,2020-05-06 14:01:05+00:00,Luis Riera,Commit,2020-05,Wednesday,14
lsf,2020-05-06 13:33:13+00:00,Luis Riera,Commit,2020-05,Wednesday,13
lsf,2020-05-06 12:14:00+00:00,Hila Manalai,Commit,2020-05,Wednesday,12
lsf,2020-05-05 20:27:08+00:00,GuillermoCruz32,Commit,2020-05,Tuesday,20
lsf,2020-05-05 20:25:04+00:00,GuillermoCruz32,Commit,2020-05,Tuesday,20
lsf,2020-05-05 19:43:56+00:00,ovezovs,Commit,2020-05,Tuesday,19
lsf,2020-05-05 17:52:33+00:00,Guillermo Cruz,Commit,2020-05,Tuesday,17
lsf,2020-05-05 17:52:07+00:00,Guillermo Cruz,Commit,2020-05,Tuesday,17
lsf,2020-05-05 17:51:34+00:00,Hila Manalai,Commit,2020-05,Tuesday,17
lsf,2020-05-05 17:50:33+00:00,Guillermo Cruz,Commit,2020-05,Tuesday,17
lsf,2020-05-05 17:14:26+00:00,Hila Manalai,Commit,2020-05,Tuesday,17
lsf,2020-05-05 15:36:10+00:00,Luis Riera,Commit,2020-05,Tuesday,15
lsf,2020-05-05 13:30:05+00:00,GuillermoCruz32,Commit,2020-05,Tuesday,13
lsf,2020-05-04 21:16:38+00:00,Luis Riera,Commit,2020-05,Monday,21
lsf,2020-05-04 20:15:33+00:00,GuillermoCruz32,Commit,2020-05,Monday,20
lsf,2020-05-04 20:07:25+00:00,GuillermoCruz32,Commit,2020-05,Monday,20
lsf,2020-05-04 18:32:21+00:00,GuillermoCruz32,Commit,2020-05,Monday,18
lsf,2020-05-04 17:55:43+00:00,Hila Manalai,Commit,2020-05,Monday,17
lsf,2020-04-28 18:28:36+00:00,BriaW,Commit,2020-04,Tuesday,18
lsf,2020-04-09 13:16:20+00:00,BriaW,Commit,2020-04,Thursday,13
lsf,2020-03-23 15:56:47+00:00,BriaW,Commit,2020-03,Monday,15
lsf,2020-03-23 15:51:34+00:00,BriaW,Commit,2020-03,Monday,15
lsf,2020-03-20 20:15:02+00:00,BriaW,Commit,2020-03,Friday,20
lsf,2020-03-19 22:02:49+00:00,BriaW,Commit,2020-03,Thursday,22
lsf,2020-03-19 18:14:13+00:00,Hila Manalai,Commit,2020-03,Thursday,18
lsf,2020-03-19 17:51:21+00:00,GuillermoCruz32,Commit,2020-03,Thursday,17
lsf,2020-03-19 17:50:26+00:00,Jamaliela,Commit,2020-03,Thursday,17
lsf,2020-03-12 15:12:42+00:00,OtienoAnne,Commit,2020-03,Thursday,15
lsf,2020-03-11 20:44:31+00:00,GuillermoCruz32,Commit,2020-03,Wednesday,20
lsf,2020-03-11 19:52:45+00:00,GuillermoCruz32,Commit,2020-03,Wednesday,19
lsf,2020-03-11 18:57:25+00:00,elajamali,Commit,2020-03,Wednesday,18
lsf,2020-03-11 18:38:24+00:00,elajamali,Commit,2020-03,Wednesday,18
lsf,2020-03-11 17:57:57+00:00,elajamali,Commit,2020-03,Wednesday,17
lsf,2020-03-11 17:47:12+00:00,elajamali,Commit,2020-03,Wednesday,17
lsf,2020-03-10 16:11:02+00:00,OtienoAnne,Commit,2020-03,Tuesday,16
lsf,2020-03-10 15:43:44+00:00,Hila Manalai,Commit,2020-03,Tuesday,15
lsf,2020-03-10 14:10:45+00:00,OtienoAnne,Commit,2020-03,Tuesday,14
lsf,2020-03-09 21:04:40+00:00,GuillermoCruz32,Commit,2020-03,Monday,21
lsf,2020-03-09 19:22:29+00:00,Luis Riera,Commit,2020-03,Monday,19
lsf,2020-03-09 18:54:31+00:00,GuillermoCruz32,Commit,2020-03,Monday,18
lsf,2020-03-09 18:54:03+00:00,GuillermoCruz32,Commit,2020-03,Monday,18
lsf,2020-03-09 18:51:43+00:00,GuillermoCruz32,Commit,2020-03,Monday,18
lsf,2020-03-09 17:32:38+00:00,elajamali,Commit,2020-03,Monday,17
lsf,2020-03-09 17:05:08+00:00,elajamali,Commit,2020-03,Monday,17
lsf,2020-03-09 17:04:49+00:00,elajamali,Commit,2020-03,Monday,17
lsf,2020-03-09 15:50:43+00:00,Hila Manalai,Commit,2020-03,Monday,15
lsf,2020-03-06 21:30:34+00:00,grrdsoto,Commit,2020-03,Friday,21
lsf,2020-03-05 16:27:30+00:00,Alex Bryant,Commit,2020-03,Thursday,16
lsf,2020-03-04 22:28:49+00:00,Alex Bryant,Commit,2020-03,Wednesday,22
lsf,2020-03-04 18:23:42+00:00,Alex Bryant,Commit,2020-03,Wednesday,18
lsf,2020-03-03 14:51:04+00:00,Alex Bryant,Commit,2020-03,Tuesday,14
lsf,2020-03-02 19:18:17+00:00,Alex Bryant,Commit,2020-03,Monday,19
lsf,2020-02-28 19:47:11+00:00,Alex Bryant,Commit,2020-02,Friday,19
lsf,2020-02-27 22:12:11+00:00,Alex Bryant,Commit,2020-02,Thursday,22
lsf,2020-02-27 17:21:04+00:00,OtienoAnne,Commit,2020-02,Thursday,17
lsf,2020-02-27 16:52:35+00:00,GuillermoCruz32,Commit,2020-02,Thursday,16
lsf,2020-02-27 16:46:19+00:00,Alex Bryant,Commit,2020-02,Thursday,16
lsf,2020-02-27 16:37:01+00:00,Alex Bryant,Commit,2020-02,Thursday,16
lsf,2020-02-27 16:13:43+00:00,Alex Bryant,Commit,2020-02,Thursday,16
lsf,2020-02-27 16:12:54+00:00,Alex Bryant,Commit,2020-02,Thursday,16
lsf,2020-02-27 16:11:56+00:00,Luis Riera,Commit,2020-02,Thursday,16
lsf,2020-02-27 14:12:13+00:00,Luis Riera,Commit,2020-02,Thursday,14
lsf,2020-02-26 22:15:42+00:00,GuillermoCruz32,Commit,2020-02,Wednesday,22
lsf,2020-02-26 18:22:02+00:00,elajamali,Commit,2020-02,Wednesday,18
lsf,2020-02-26 18:21:34+00:00,GuillermoCruz32,Commit,2020-02,Wednesday,18
lsf,2020-02-26 16:54:00+00:00,Hila Manalai,Commit,2020-02,Wednesday,16
lsf,2020-02-25 21:57:44+00:00,GuillermoCruz32,Commit,2020-02,Tuesday,21
lsf,2020-02-25 21:56:05+00:00,bryantal,Commit,2020-02,Tuesday,21
lsf,2020-02-25 21:53:52+00:00,bryantal,Commit,2020-02,Tuesday,21
lsf,2020-02-25 21:50:36+00:00,Hila Manalai,Commit,2020-02,Tuesday,21
lsf,2020-02-25 21:47:48+00:00,Alex Bryant,Commit,2020-02,Tuesday,21
lsf,2020-02-25 21:47:24+00:00,GuillermoCruz32,Commit,2020-02,Tuesday,21
lsf,2020-02-24 22:06:04+00:00,Hila Manalai,Commit,2020-02,Monday,22
lsf,2020-02-24 21:56:11+00:00,GuillermoCruz32,Commit,2020-02,Monday,21
lsf,2020-02-24 16:50:17+00:00,Hila Manalai,Commit,2020-02,Monday,16
lsf,2020-02-21 15:30:47+00:00,GuillermoCruz32,Commit,2020-02,Friday,15
lsf,2020-02-20 16:16:38+00:00,OtienoAnne,Commit,2020-02,Thursday,16
lsf,2020-02-20 15:15:59+00:00,Alex Bryant,Commit,2020-02,Thursday,15
lsf,2020-02-20 15:07:23+00:00,Luis Riera,Commit,2020-02,Thursday,15
lsf,2020-02-20 15:02:29+00:00,Luis Riera,Commit,2020-02,Thursday,15
lsf,2020-02-19 22:03:07+00:00,GuillermoCruz32,Commit,2020-02,Wednesday,22
lsf,2020-02-19 16:51:50+00:00,Hila Manalai,Commit,2020-02,Wednesday,16
lsf,2020-02-18 22:02:28+00:00,Luis Riera,Commit,2020-02,Tuesday,22
lsf,2020-02-18 21:55:43+00:00,elajamali,Commit,2020-02,Tuesday,21
lsf,2020-02-18 21:52:34+00:00,GuillermoCruz32,Commit,2020-02,Tuesday,21
lsf,2020-02-18 21:33:57+00:00,Alex Bryant,Commit,2020-02,Tuesday,21
lsf,2020-02-18 20:33:41+00:00,Alex Bryant,Commit,2020-02,Tuesday,20
lsf,2020-02-18 18:59:10+00:00,elajamali,Commit,2020-02,Tuesday,18
lsf,2020-02-18 18:58:48+00:00,elajamali,Commit,2020-02,Tuesday,18
lsf,2020-02-18 18:48:59+00:00,elajamali,Commit,2020-02,Tuesday,18
lsf,2020-02-18 17:33:40+00:00,OtienoAnne,Commit,2020-02,Tuesday,17
lsf,2020-02-18 16:55:32+00:00,Hila Manalai,Commit,2020-02,Tuesday,16
lsf,2020-02-18 15:06:07+00:00,Hila Manalai,Commit,2020-02,Tuesday,15
lsf,2020-02-18 15:05:32+00:00,Hila Manalai,Commit,2020-02,Tuesday,15
lsf,2020-02-17 21:57:54+00:00,elajamali,Commit,2020-02,Monday,21
lsf,2020-02-17 21:40:10+00:00,elajamali,Commit,2020-02,Monday,21
lsf,2020-02-17 21:37:48+00:00,elajamali,Commit,2020-02,Monday,21
lsf,2020-02-17 21:29:29+00:00,GuillermoCruz32,Commit,2020-02,Monday,21
lsf,2020-02-17 21:07:45+00:00,elajamali,Commit,2020-02,Monday,21
lsf,2020-02-17 21:07:09+00:00,elajamali,Commit,2020-02,Monday,21
lsf,2020-02-17 19:40:54+00:00,GuillermoCruz32,Commit,2020-02,Monday,19
lsf,2020-02-17 16:31:34+00:00,Hila Manalai,Commit,2020-02,Monday,16
lsf,2020-02-17 15:00:11+00:00,Hila Manalai,Commit,2020-02,Monday,15
lsf,2020-02-14 17:33:34+00:00,Alex Bryant,Commit,2020-02,Friday,17
lsf,2020-02-13 22:38:56+00:00,GuillermoCruz32,Commit,2020-02,Thursday,22
lsf,2020-02-13 22:38:31+00:00,Jamaliela,Commit,2020-02,Thursday,22
lsf,2020-02-13 22:33:58+00:00,GuillermoCruz32,Commit,2020-02,Thursday,22
lsf,2020-02-13 18:59:27+00:00,Alex Bryant,Commit,2020-02,Thursday,18
lsf,2020-02-13 17:22:35+00:00,Alex Bryant,Commit,2020-02,Thursday,17
lsf,2020-02-13 17:22:03+00:00,Alex Bryant,Commit,2020-02,Thursday,17
lsf,2020-02-13 17:19:00+00:00,Luis Riera,Commit,2020-02,Thursday,17
lsf,2020-02-13 17:17:02+00:00,OtienoAnne,Commit,2020-02,Thursday,17
lsf,2020-02-13 16:47:14+00:00,GuillermoCruz32,Commit,2020-02,Thursday,16
lsf,2020-02-13 15:31:09+00:00,Luis Riera,Commit,2020-02,Thursday,15
lsf,2020-02-12 22:12:04+00:00,elajamali,Commit,2020-02,Wednesday,22
lsf,2020-02-12 19:41:24+00:00,elajamali,Commit,2020-02,Wednesday,19
lsf,2020-02-12 19:40:43+00:00,elajamali,Commit,2020-02,Wednesday,19
lsf,2020-02-12 17:00:33+00:00,Hila Manalai,Commit,2020-02,Wednesday,17
lsf,2020-02-11 21:59:11+00:00,GuillermoCruz32,Commit,2020-02,Tuesday,21
lsf,2020-02-11 21:51:47+00:00,Luis Riera,Commit,2020-02,Tuesday,21
lsf,2020-02-11 20:45:41+00:00,GuillermoCruz32,Commit,2020-02,Tuesday,20
lsf,2020-02-11 19:55:18+00:00,GuillermoCruz32,Commit,2020-02,Tuesday,19
lsf,2020-02-11 19:50:08+00:00,GuillermoCruz32,Commit,2020-02,Tuesday,19
lsf,2020-02-11 19:39:04+00:00,GuillermoCruz32,Commit,2020-02,Tuesday,19
lsf,2020-02-11 19:28:45+00:00,GuillermoCruz32,Commit,2020-02,Tuesday,19
lsf,2020-02-11 19:25:37+00:00,GuillermoCruz32,Commit,2020-02,Tuesday,19
lsf,2020-02-11 18:25:09+00:00,elajamali,Commit,2020-02,Tuesday,18
lsf,2020-02-11 17:02:01+00:00,OtienoAnne,Commit,2020-02,Tuesday,17
lsf,2020-02-11 16:44:57+00:00,Hila Manalai,Commit,2020-02,Tuesday,16
lsf,2020-02-10 22:07:51+00:00,elajamali,Commit,2020-02,Monday,22
lsf,2020-02-10 22:00:02+00:00,GuillermoCruz32,Commit,2020-02,Monday,22
lsf,2020-02-10 21:21:26+00:00,Luis Riera,Commit,2020-02,Monday,21
lsf,2020-02-10 20:30:36+00:00,Luis Riera,Commit,2020-02,Monday,20
lsf,2020-02-10 20:17:46+00:00,Luis Riera,Commit,2020-02,Monday,20
lsf,2020-02-10 18:43:44+00:00,elajamali,Commit,2020-02,Monday,18
lsf,2020-02-10 18:43:12+00:00,elajamali,Commit,2020-02,Monday,18
lsf,2020-02-07 20:59:59+00:00,GuillermoCruz32,Commit,2020-02,Friday,20
lsf,2020-02-07 19:36:37+00:00,Alex Bryant,Commit,2020-02,Friday,19
lsf,2020-02-07 19:23:21+00:00,GuillermoCruz32,Commit,2020-02,Friday,19
lsf,2020-02-07 19:16:15+00:00,GuillermoCruz32,Commit,2020-02,Friday,19
lsf,2020-02-06 21:51:30+00:00,Alex Bryant,Commit,2020-02,Thursday,21
lsf,2020-02-06 16:04:59+00:00,Hila Manalai,Commit,2020-02,Thursday,16
lsf,2020-02-06 14:33:55+00:00,Luis Riera,Commit,2020-02,Thursday,14
lsf,2020-02-05 22:21:40+00:00,elajamali,Commit,2020-02,Wednesday,22
lsf,2020-02-05 19:01:28+00:00,elajamali,Commit,2020-02,Wednesday,19
lsf,2020-02-05 16:31:00+00:00,BriaW,Commit,2020-02,Wednesday,16
lsf,2020-02-04 21:59:24+00:00,elajamali,Commit,2020-02,Tuesday,21
lsf,2020-02-04 20:54:44+00:00,elajamali,Commit,2020-02,Tuesday,20
lsf,2020-02-04 20:51:45+00:00,Alex Bryant,Commit,2020-02,Tuesday,20
lsf,2020-02-04 20:41:29+00:00,Luis Riera,Commit,2020-02,Tuesday,20
lsf,2020-02-04 20:24:42+00:00,GuillermoCruz32,Commit,2020-02,Tuesday,20
lsf,2020-02-04 18:34:13+00:00,GuillermoCruz32,Commit,2020-02,Tuesday,18
lsf,2020-02-04 18:01:21+00:00,BriaW,Commit,2020-02,Tuesday,18
lsf,2020-02-04 16:36:00+00:00,OtienoAnne,Commit,2020-02,Tuesday,16
lsf,2020-02-04 14:38:53+00:00,BriaW,Commit,2020-02,Tuesday,14
lsf,2020-02-03 19:29:22+00:00,GuillermoCruz32,Commit,2020-02,Monday,19
lsf,2020-02-03 19:27:05+00:00,GuillermoCruz32,Commit,2020-02,Monday,19
lsf,2020-02-03 18:32:40+00:00,elajamali,Commit,2020-02,Monday,18
lsf,2020-02-03 16:49:51+00:00,Hila Manalai,Commit,2020-02,Monday,16
lsf,2020-02-03 15:27:58+00:00,BriaW,Commit,2020-02,Monday,15
lsf,2020-01-31 22:00:53+00:00,BriaW,Commit,2020-01,Friday,22
lsf,2020-01-31 18:20:44+00:00,BriaW,Commit,2020-01,Friday,18
lsf,2020-01-31 14:46:41+00:00,BriaW,Commit,2020-01,Friday,14
lsf,2020-01-30 18:53:17+00:00,OtienoAnne,Commit,2020-01,Thursday,18
lsf,2020-01-30 17:36:52+00:00,OtienoAnne,Commit,2020-01,Thursday,17
lsf,2020-01-30 17:33:41+00:00,OtienoAnne,Commit,2020-01,Thursday,17
lsf,2020-01-30 17:03:41+00:00,OtienoAnne,Commit,2020-01,Thursday,17
lsf,2020-01-29 20:45:22+00:00,BriaW,Commit,2020-01,Wednesday,20
lsf,2020-01-29 20:31:00+00:00,elajamali,Commit,2020-01,Wednesday,20
lsf,2020-01-29 20:04:15+00:00,elajamali,Commit,2020-01,Wednesday,20
lsf,2020-01-29 19:12:20+00:00,elajamali,Commit,2020-01,Wednesday,19
lsf,2020-01-29 19:11:39+00:00,elajamali,Commit,2020-01,Wednesday,19
lsf,2020-01-29 18:37:07+00:00,BriaW,Commit,2020-01,Wednesday,18
lsf,2020-01-29 16:42:57+00:00,Hila Manalai,Commit,2020-01,Wednesday,16
lsf,2020-01-29 13:26:25+00:00,BriaW,Commit,2020-01,Wednesday,13
lsf,2020-01-28 22:43:07+00:00,BriaW,Commit,2020-01,Tuesday,22
lsf,2020-01-28 22:39:40+00:00,BriaW,Commit,2020-01,Tuesday,22
lsf,2020-01-28 22:18:41+00:00,Hila Manalai,Commit,2020-01,Tuesday,22
lsf,2020-01-28 21:37:39+00:00,GuillermoCruz32,Commit,2020-01,Tuesday,21
lsf,2020-01-28 21:21:40+00:00,BriaW,Commit,2020-01,Tuesday,21
lsf,2020-01-28 21:13:19+00:00,Luis Riera,Commit,2020-01,Tuesday,21
lsf,2020-01-28 21:02:43+00:00,BriaW,Commit,2020-01,Tuesday,21
lsf,2020-01-28 20:53:59+00:00,BriaW,Commit,2020-01,Tuesday,20
lsf,2020-01-28 20:52:46+00:00,GuillermoCruz32,Commit,2020-01,Tuesday,20
lsf,2020-01-28 20:48:33+00:00,Luis Riera,Commit,2020-01,Tuesday,20
lsf,2020-01-28 20:19:40+00:00,elajamali,Commit,2020-01,Tuesday,20
lsf,2020-01-28 20:08:45+00:00,BriaW,Commit,2020-01,Tuesday,20
lsf,2020-01-28 19:48:36+00:00,elajamali,Commit,2020-01,Tuesday,19
lsf,2020-01-28 19:37:24+00:00,GuillermoCruz32,Commit,2020-01,Tuesday,19
lsf,2020-01-28 19:33:56+00:00,GuillermoCruz32,Commit,2020-01,Tuesday,19
lsf,2020-01-28 19:30:01+00:00,elajamali,Commit,2020-01,Tuesday,19
lsf,2020-01-28 19:20:32+00:00,GuillermoCruz32,Commit,2020-01,Tuesday,19
lsf,2020-01-28 19:17:59+00:00,GuillermoCruz32,Commit,2020-01,Tuesday,19
lsf,2020-01-28 18:53:03+00:00,sheggen,Commit,2020-01,Tuesday,18
lsf,2020-01-28 18:21:12+00:00,sheggen,Commit,2020-01,Tuesday,18
lsf,2020-01-28 17:20:50+00:00,sheggen,Commit,2020-01,Tuesday,17
lsf,2020-01-28 17:19:32+00:00,sheggen,Commit,2020-01,Tuesday,17
lsf,2020-01-28 17:18:49+00:00,sheggen,Commit,2020-01,Tuesday,17
lsf,2020-01-28 17:04:16+00:00,OtienoAnne,Commit,2020-01,Tuesday,17
lsf,2020-01-28 17:02:25+00:00,Hila Manalai,Commit,2020-01,Tuesday,17
lsf,2020-01-28 17:01:54+00:00,Hila Manalai,Commit,2020-01,Tuesday,17
lsf,2020-01-28 16:57:38+00:00,BriaW,Commit,2020-01,Tuesday,16
lsf,2020-01-27 22:33:16+00:00,BriaW,Commit,2020-01,Monday,22
lsf,2020-01-27 19:44:32+00:00,GuillermoCruz32,Commit,2020-01,Monday,19
lsf,2020-01-27 17:01:02+00:00,BriaW,Commit,2020-01,Monday,17
lsf,2020-01-27 16:17:07+00:00,BriaW,Commit,2020-01,Monday,16
lsf,2020-01-24 22:13:15+00:00,BriaW,Commit,2020-01,Friday,22
lsf,2020-01-24 20:34:45+00:00,BriaW,Commit,2020-01,Friday,20
lsf,2020-01-24 16:51:29+00:00,Jamaliela,Commit,2020-01,Friday,16
lsf,2020-01-24 16:47:42+00:00,Bria Williams,Commit,2020-01,Friday,16
lsf,2020-01-13 16:49:40+00:00,Hila Manalai,Commit,2020-01,Monday,16
lsf,2020-01-23 17:06:28+00:00,OtienoAnne,Commit,2020-01,Thursday,17
lsf,2020-01-23 15:30:54+00:00,OtienoAnne,Commit,2020-01,Thursday,15
lsf,2020-01-22 21:30:50+00:00,GuillermoCruz32,Commit,2020-01,Wednesday,21
lsf,2020-01-22 21:28:26+00:00,GuillermoCruz32,Commit,2020-01,Wednesday,21
lsf,2020-01-22 21:28:18+00:00,elajamali,Commit,2020-01,Wednesday,21
lsf,2020-01-22 20:57:59+00:00,GuillermoCruz32,Commit,2020-01,Wednesday,20
lsf,2020-01-22 20:49:28+00:00,Bria Williams,Commit,2020-01,Wednesday,20
lsf,2020-01-22 20:43:48+00:00,BriaW,Commit,2020-01,Wednesday,20
lsf,2020-01-22 20:39:51+00:00,BriaW,Commit,2020-01,Wednesday,20
lsf,2020-01-22 20:12:55+00:00,elajamali,Commit,2020-01,Wednesday,20
lsf,2020-01-22 20:03:31+00:00,Hila Manalai,Commit,2020-01,Wednesday,20
lsf,2020-01-22 20:00:21+00:00,Jamaliela,Commit,2020-01,Wednesday,20
lsf,2020-01-22 19:59:12+00:00,Luis Riera,Commit,2020-01,Wednesday,19
lsf,2020-01-22 18:53:51+00:00,GuillermoCruz32,Commit,2020-01,Wednesday,18
lsf,2020-01-22 18:34:30+00:00,GuillermoCruz32,Commit,2020-01,Wednesday,18
lsf,2020-01-22 18:31:58+00:00,elajamali,Commit,2020-01,Wednesday,18
lsf,2020-01-22 18:25:45+00:00,elajamali,Commit,2020-01,Wednesday,18
lsf,2020-01-22 18:19:00+00:00,GuillermoCruz32,Commit,2020-01,Wednesday,18
lsf,2020-01-22 16:52:05+00:00,Hila Manalai,Commit,2020-01,Wednesday,16
lsf,2020-01-22 16:10:04+00:00,Hila Manalai,Commit,2020-01,Wednesday,16
lsf,2019-11-01 16:06:45+00:00,Hila Manalai,Commit,2019-11,Friday,16
lsf,2020-01-21 21:57:07+00:00,BriaW,Commit,2020-01,Tuesday,21
lsf,2020-01-21 21:47:47+00:00,BriaW,Commit,2020-01,Tuesday,21
lsf,2020-01-21 21:04:08+00:00,elajamali,Commit,2020-01,Tuesday,21
lsf,2020-01-21 20:44:32+00:00,Luis Riera,Commit,2020-01,Tuesday,20
lsf,2020-01-21 20:24:06+00:00,GuillermoCruz32,Commit,2020-01,Tuesday,20
lsf,2020-01-21 20:14:25+00:00,elajamali,Commit,2020-01,Tuesday,20
lsf,2020-01-21 19:50:00+00:00,BriaW,Commit,2020-01,Tuesday,19
lsf,2020-01-21 18:07:54+00:00,elajamali,Commit,2020-01,Tuesday,18
lsf,2020-01-21 17:59:48+00:00,elajamali,Commit,2020-01,Tuesday,17
lsf,2020-01-21 17:59:11+00:00,elajamali,Commit,2020-01,Tuesday,17
lsf,2020-01-21 17:05:41+00:00,OtienoAnne,Commit,2020-01,Tuesday,17
lsf,2020-01-21 16:53:45+00:00,Hila Manalai,Commit,2020-01,Tuesday,16
lsf,2020-01-21 16:22:09+00:00,bryantal,Commit,2020-01,Tuesday,16
lsf,2020-01-21 16:19:03+00:00,Jamaliela,Commit,2020-01,Tuesday,16
lsf,2020-01-21 15:54:11+00:00,Hila Manalai,Commit,2020-01,Tuesday,15
lsf,2020-01-21 15:00:58+00:00,Hila Manalai,Commit,2020-01,Tuesday,15
lsf,2020-01-21 14:57:07+00:00,Hila Manalai,Commit,2020-01,Tuesday,14
lsf,2020-01-21 14:47:57+00:00,Hila Manalai,Commit,2020-01,Tuesday,14
lsf,2020-01-21 14:47:09+00:00,Hila Manalai,Commit,2020-01,Tuesday,14
lsf,2020-01-20 22:11:03+00:00,elajamali,Commit,2020-01,Monday,22
lsf,2020-01-20 22:03:46+00:00,elajamali,Commit,2020-01,Monday,22
lsf,2020-01-20 19:47:22+00:00,GuillermoCruz32,Commit,2020-01,Monday,19
lsf,2020-01-20 19:46:40+00:00,elajamali,Commit,2020-01,Monday,19
lsf,2020-01-20 18:42:17+00:00,elajamali,Commit,2020-01,Monday,18
lsf,2020-01-20 18:36:10+00:00,Jamaliela,Commit,2020-01,Monday,18
lsf,2020-01-20 18:29:56+00:00,GuillermoCruz32,Commit,2020-01,Monday,18
lsf,2020-01-20 18:26:56+00:00,GuillermoCruz32,Commit,2020-01,Monday,18
lsf,2020-01-20 18:26:02+00:00,elajamali,Commit,2020-01,Monday,18
lsf,2020-01-20 18:23:10+00:00,GuillermoCruz32,Commit,2020-01,Monday,18
lsf,2020-01-20 18:12:28+00:00,Jamaliela,Commit,2020-01,Monday,18
lsf,2020-01-20 18:11:28+00:00,GuillermoCruz32,Commit,2020-01,Monday,18
lsf,2020-01-20 18:07:21+00:00,GuillermoCruz32,Commit,2020-01,Monday,18
lsf,2020-01-20 17:54:19+00:00,elajamali,Commit,2020-01,Monday,17
lsf,2020-01-20 17:31:54+00:00,elajamali,Commit,2020-01,Monday,17
lsf,2020-01-20 16:49:30+00:00,GuillermoCruz32,Commit,2020-01,Monday,16
lsf,2020-01-20 16:45:30+00:00,GuillermoCruz32,Commit,2020-01,Monday,16
lsf,2020-01-20 16:42:29+00:00,GuillermoCruz32,Commit,2020-01,Monday,16
lsf,2020-01-20 15:11:31+00:00,GuillermoCruz32,Commit,2020-01,Monday,15
lsf,2020-01-17 19:19:25+00:00,GuillermoCruz32,Commit,2020-01,Friday,19
lsf,2020-01-17 19:01:50+00:00,GuillermoCruz32,Commit,2020-01,Friday,19
lsf,2020-01-17 18:33:00+00:00,GuillermoCruz32,Commit,2020-01,Friday,18
lsf,2020-01-16 20:21:47+00:00,Luis Riera,Commit,2020-01,Thursday,20
lsf,2020-01-16 17:01:37+00:00,Alex Bryant,Commit,2020-01,Thursday,17
lsf,2020-01-15 22:07:16+00:00,elajamali,Commit,2020-01,Wednesday,22
lsf,2020-01-15 19:49:33+00:00,GuillermoCruz32,Commit,2020-01,Wednesday,19
lsf,2020-01-15 18:35:46+00:00,barnetth,Commit,2020-01,Wednesday,18
lsf,2020-01-15 18:13:49+00:00,GuillermoCruz32,Commit,2020-01,Wednesday,18
lsf,2020-01-15 16:58:31+00:00,Hila Manalai,Commit,2020-01,Wednesday,16
lsf,2020-01-15 16:46:05+00:00,Hila Manalai,Commit,2020-01,Wednesday,16
lsf,2020-01-14 22:48:18+00:00,Luis Riera,Commit,2020-01,Tuesday,22
lsf,2020-01-14 21:57:39+00:00,Hila Manalai,Commit,2020-01,Tuesday,21
lsf,2020-01-14 21:36:57+00:00,GuillermoCruz32,Commit,2020-01,Tuesday,21
lsf,2020-01-14 21:31:44+00:00,Hila Manalai,Commit,2020-01,Tuesday,21
lsf,2020-01-14 21:30:57+00:00,Hila Manalai,Commit,2020-01,Tuesday,21
lsf,2020-01-14 19:57:25+00:00,GuillermoCruz32,Commit,2020-01,Tuesday,19
lsf,2020-01-14 19:22:24+00:00,elajamali,Commit,2020-01,Tuesday,19
lsf,2020-01-14 18:33:56+00:00,GuillermoCruz32,Commit,2020-01,Tuesday,18
lsf,2020-01-14 18:18:37+00:00,elajamali,Commit,2020-01,Tuesday,18
lsf,2020-01-14 16:49:59+00:00,Hila Manalai,Commit,2020-01,Tuesday,16
lsf,2020-01-14 15:22:46+00:00,BriaW,Commit,2020-01,Tuesday,15
lsf,2020-01-13 21:58:53+00:00,elajamali,Commit,2020-01,Monday,21
lsf,2020-01-13 21:14:49+00:00,Hila Manalai,Commit,2020-01,Monday,21
lsf,2020-01-13 20:41:57+00:00,elajamali,Commit,2020-01,Monday,20
lsf,2020-01-13 20:20:38+00:00,BriaW,Commit,2020-01,Monday,20
lsf,2020-01-13 18:32:41+00:00,elajamali,Commit,2020-01,Monday,18
lsf,2020-01-13 18:32:05+00:00,elajamali,Commit,2020-01,Monday,18
lsf,2020-01-13 16:49:40+00:00,Hila Manalai,Commit,2020-01,Monday,16
lsf,2020-01-10 22:01:33+00:00,BriaW,Commit,2020-01,Friday,22
lsf,2020-01-10 15:35:17+00:00,BriaW,Commit,2020-01,Friday,15
lsf,2020-01-09 19:41:39+00:00,GuillermoCruz32,Commit,2020-01,Thursday,19
lsf,2020-01-09 15:17:38+00:00,BriaW,Commit,2020-01,Thursday,15
lsf,2020-01-08 20:16:24+00:00,GuillermoCruz32,Commit,2020-01,Wednesday,20
lsf,2020-01-08 20:12:01+00:00,GuillermoCruz32,Commit,2020-01,Wednesday,20
lsf,2020-01-08 20:11:50+00:00,Alex Bryant,Commit,2020-01,Wednesday,20
lsf,2020-01-08 18:53:13+00:00,elajamali,Commit,2020-01,Wednesday,18
lsf,2020-01-08 16:47:43+00:00,Hila Manalai,Commit,2020-01,Wednesday,16
lsf,2020-01-07 23:00:17+00:00,elajamali,Commit,2020-01,Tuesday,23
lsf,2020-01-07 22:20:04+00:00,elajamali,Commit,2020-01,Tuesday,22
lsf,2020-01-07 20:43:25+00:00,elajamali,Commit,2020-01,Tuesday,20
lsf,2020-01-06 21:33:09+00:00,elajamali,Commit,2020-01,Monday,21
lsf,2020-01-02 20:37:55+00:00,wgs1862019,Commit,2020-01,Thursday,20
lsf,2020-01-02 20:24:12+00:00,wgs1862019,Commit,2020-01,Thursday,20
lsf,2019-12-20 15:26:36+00:00,Hila Manalai,Commit,2019-12,Friday,15
lsf,2019-12-20 15:05:02+00:00,Hila Manalai,Commit,2019-12,Friday,15
lsf,2019-12-19 21:53:23+00:00,Hila Manalai,Commit,2019-12,Thursday,21
lsf,2019-12-18 22:02:15+00:00,Hila Manalai,Commit,2019-12,Wednesday,22
lsf,2019-12-17 20:59:37+00:00,Hila Manalai,Commit,2019-12,Tuesday,20
lsf,2019-12-17 18:20:55+00:00,Hila Manalai,Commit,2019-12,Tuesday,18
lsf,2019-12-17 13:29:02+00:00,May Jue,Commit,2019-12,Tuesday,13
lsf,2019-12-16 22:13:04+00:00,Hila Manalai,Commit,2019-12,Monday,22
lsf,2019-12-12 19:05:41+00:00,GuillermoCruz32,Commit,2019-12,Thursday,19
lsf,2019-12-12 17:40:05+00:00,elajamali,Commit,2019-12,Thursday,17
lsf,2019-12-12 17:26:01+00:00,elajamali,Commit,2019-12,Thursday,17
lsf,2019-12-11 16:01:41+00:00,GuillermoCruz32,Commit,2019-12,Wednesday,16
lsf,2019-12-11 16:00:47+00:00,elajamali,Commit,2019-12,Wednesday,16
lsf,2019-12-11 15:48:24+00:00,elajamali,Commit,2019-12,Wednesday,15
lsf,2019-12-10 22:58:03+00:00,elajamali,Commit,2019-12,Tuesday,22
lsf,2019-12-10 22:52:23+00:00,elajamali,Commit,2019-12,Tuesday,22
lsf,2019-12-10 22:50:25+00:00,elajamali,Commit,2019-12,Tuesday,22
lsf,2019-12-10 22:42:58+00:00,Luis Riera,Commit,2019-12,Tuesday,22
lsf,2019-12-10 21:58:15+00:00,Luis Riera,Commit,2019-12,Tuesday,21
lsf,2019-12-10 21:57:44+00:00,Luis Riera,Commit,2019-12,Tuesday,21
lsf,2019-12-10 21:57:39+00:00,elajamali,Commit,2019-12,Tuesday,21
lsf,2019-12-10 21:56:46+00:00,Alex Bryant,Commit,2019-12,Tuesday,21
lsf,2019-12-10 21:21:11+00:00,elajamali,Commit,2019-12,Tuesday,21
lsf,2019-12-10 21:20:36+00:00,elajamali,Commit,2019-12,Tuesday,21
lsf,2019-12-10 21:17:44+00:00,Luis Riera,Commit,2019-12,Tuesday,21
lsf,2019-12-10 21:17:17+00:00,elajamali,Commit,2019-12,Tuesday,21
lsf,2019-12-10 21:07:32+00:00,Luis Riera,Commit,2019-12,Tuesday,21
lsf,2019-12-10 19:11:50+00:00,GuillermoCruz32,Commit,2019-12,Tuesday,19
lsf,2019-12-10 19:09:35+00:00,Jamaliela,Commit,2019-12,Tuesday,19
lsf,2019-12-10 15:57:35+00:00,GuillermoCruz32,Commit,2019-12,Tuesday,15
lsf,2019-12-10 14:22:10+00:00,May,Commit,2019-12,Tuesday,14
lsf,2019-12-09 22:10:14+00:00,elajamali,Commit,2019-12,Monday,22
lsf,2019-12-09 21:58:31+00:00,BriaW,Commit,2019-12,Monday,21
lsf,2019-12-09 20:54:04+00:00,elajamali,Commit,2019-12,Monday,20
lsf,2019-12-09 20:46:08+00:00,elajamali,Commit,2019-12,Monday,20
lsf,2019-12-09 20:43:17+00:00,elajamali,Commit,2019-12,Monday,20
lsf,2019-12-09 20:13:11+00:00,elajamali,Commit,2019-12,Monday,20
lsf,2019-12-09 18:43:17+00:00,elajamali,Commit,2019-12,Monday,18
lsf,2019-12-06 20:46:37+00:00,Hila Manalai,Commit,2019-12,Friday,20
lsf,2019-12-05 23:05:59+00:00,elajamali,Commit,2019-12,Thursday,23
lsf,2019-12-05 20:01:24+00:00,elajamali,Commit,2019-12,Thursday,20
lsf,2019-12-05 19:58:13+00:00,Alex Bryant,Commit,2019-12,Thursday,19
lsf,2019-12-05 19:33:06+00:00,Alex Bryant,Commit,2019-12,Thursday,19
lsf,2019-12-05 18:52:59+00:00,Alex Bryant,Commit,2019-12,Thursday,18
lsf,2019-12-05 18:47:55+00:00,Alex Bryant,Commit,2019-12,Thursday,18
lsf,2019-12-05 17:26:10+00:00,Alex Bryant,Commit,2019-12,Thursday,17
lsf,2019-12-04 23:00:06+00:00,Alex Bryant,Commit,2019-12,Wednesday,23
lsf,2019-12-04 22:35:46+00:00,GuillermoCruz32,Commit,2019-12,Wednesday,22
lsf,2019-12-04 22:14:53+00:00,Luis Riera,Commit,2019-12,Wednesday,22
lsf,2019-12-03 22:51:30+00:00,GuillermoCruz32,Commit,2019-12,Tuesday,22
lsf,2019-12-03 22:23:59+00:00,Luis Riera,Commit,2019-12,Tuesday,22
lsf,2019-12-03 22:21:33+00:00,Luis Riera,Commit,2019-12,Tuesday,22
lsf,2019-12-03 20:55:16+00:00,GuillermoCruz32,Commit,2019-12,Tuesday,20
lsf,2019-12-03 20:54:30+00:00,elajamali,Commit,2019-12,Tuesday,20
lsf,2019-12-03 20:37:08+00:00,elajamali,Commit,2019-12,Tuesday,20
lsf,2019-12-03 02:38:34+00:00,elajamali,Commit,2019-12,Tuesday,2
lsf,2019-12-02 23:58:08+00:00,GuillermoCruz32,Commit,2019-12,Monday,23
lsf,2019-12-02 22:47:56+00:00,Alex Bryant,Commit,2019-12,Monday,22
lsf,2019-11-26 22:46:12+00:00,elajamali,Commit,2019-11,Tuesday,22
lsf,2019-11-26 21:43:57+00:00,elajamali,Commit,2019-11,Tuesday,21
lsf,2019-11-26 18:49:18+00:00,elajamali,Commit,2019-11,Tuesday,18
lsf,2019-11-26 02:09:18+00:00,elajamali,Commit,2019-11,Tuesday,2
lsf,2019-11-26 02:06:37+00:00,elajamali,Commit,2019-11,Tuesday,2
lsf,2019-11-25 23:59:47+00:00,Luis Riera,Commit,2019-11,Monday,23
lsf,2019-11-25 23:37:48+00:00,Luis Riera,Commit,2019-11,Monday,23
lsf,2019-11-25 23:14:45+00:00,Luis Riera,Commit,2019-11,Monday,23
lsf,2019-11-25 23:06:24+00:00,Luis Riera,Commit,2019-11,Monday,23
lsf,2019-11-25 22:55:02+00:00,elajamali,Commit,2019-11,Monday,22
lsf,2019-11-25 21:56:03+00:00,Luis Riera,Commit,2019-11,Monday,21
lsf,2019-11-25 21:55:16+00:00,May,Commit,2019-11,Monday,21
lsf,2019-11-25 20:15:41+00:00,May,Commit,2019-11,Monday,20
lsf,2019-11-25 19:02:03+00:00,Hila Manalai,Commit,2019-11,Monday,19
lsf,2019-11-24 06:33:12+00:00,Hila Manalai,Commit,2019-11,Sunday,6
lsf,2019-11-20 22:55:54+00:00,elajamali,Commit,2019-11,Wednesday,22
lsf,2019-11-20 22:54:06+00:00,May,Commit,2019-11,Wednesday,22
lsf,2019-11-20 22:53:29+00:00,Alex Bryant,Commit,2019-11,Wednesday,22
lsf,2019-11-20 22:42:43+00:00,May,Commit,2019-11,Wednesday,22
lsf,2019-11-20 22:33:11+00:00,May,Commit,2019-11,Wednesday,22
lsf,2019-11-20 21:10:27+00:00,elajamali,Commit,2019-11,Wednesday,21
lsf,2019-11-20 21:09:44+00:00,Luis Riera,Commit,2019-11,Wednesday,21
lsf,2019-11-20 21:08:34+00:00,elajamali,Commit,2019-11,Wednesday,21
lsf,2019-11-20 21:08:04+00:00,elajamali,Commit,2019-11,Wednesday,21
lsf,2019-11-20 20:36:40+00:00,phuyalb16,Commit,2019-11,Wednesday,20
lsf,2019-11-20 17:48:04+00:00,phuyalb16,Commit,2019-11,Wednesday,17
lsf,2019-11-20 17:42:01+00:00,phuyalb16,Commit,2019-11,Wednesday,17
lsf,2019-11-19 21:08:37+00:00,Luis Riera,Commit,2019-11,Tuesday,21
lsf,2019-11-19 20:46:30+00:00,May,Commit,2019-11,Tuesday,20
lsf,2019-11-19 20:41:34+00:00,GuillermoCruz32,Commit,2019-11,Tuesday,20
lsf,2019-11-19 19:51:16+00:00,elajamali,Commit,2019-11,Tuesday,19
lsf,2019-11-19 19:36:39+00:00,elajamali,Commit,2019-11,Tuesday,19
lsf,2019-11-19 16:39:01+00:00,Anne Achieng,Commit,2019-11,Tuesday,16
lsf,2019-11-18 22:55:46+00:00,Alex Bryant,Commit,2019-11,Monday,22
lsf,2019-11-18 22:49:33+00:00,May,Commit,2019-11,Monday,22
lsf,2019-11-18 21:29:12+00:00,BriaW,Commit,2019-11,Monday,21
lsf,2019-11-18 19:03:35+00:00,phuyalb16,Commit,2019-11,Monday,19
lsf,2019-11-15 22:01:29+00:00,Hila Manalai,Commit,2019-11,Friday,22
lsf,2019-11-14 21:26:23+00:00,Luis Riera,Commit,2019-11,Thursday,21
lsf,2019-11-13 22:56:26+00:00,elajamali,Commit,2019-11,Wednesday,22
lsf,2019-11-13 22:39:27+00:00,May,Commit,2019-11,Wednesday,22
lsf,2019-11-13 22:26:40+00:00,elajamali,Commit,2019-11,Wednesday,22
lsf,2019-11-13 22:20:10+00:00,elajamali,Commit,2019-11,Wednesday,22
lsf,2019-11-13 22:19:31+00:00,phuyalb16,Commit,2019-11,Wednesday,22
lsf,2019-11-13 21:35:39+00:00,elajamali,Commit,2019-11,Wednesday,21
lsf,2019-11-12 23:13:41+00:00,elajamali,Commit,2019-11,Tuesday,23
lsf,2019-11-12 22:09:32+00:00,May,Commit,2019-11,Tuesday,22
lsf,2019-11-11 22:58:59+00:00,elajamali,Commit,2019-11,Monday,22
lsf,2019-11-11 22:09:29+00:00,elajamali,Commit,2019-11,Monday,22
lsf,2019-11-11 22:09:12+00:00,elajamali,Commit,2019-11,Monday,22
lsf,2019-11-11 22:07:04+00:00,elajamali,Commit,2019-11,Monday,22
lsf,2019-11-11 21:23:40+00:00,phuyalb16,Commit,2019-11,Monday,21
lsf,2019-11-11 18:38:15+00:00,jamal Aw Yonis,Commit,2019-11,Monday,18
lsf,2019-11-08 20:06:27+00:00,Hila Manalai,Commit,2019-11,Friday,20
lsf,2019-11-07 23:29:57+00:00,elajamali,Commit,2019-11,Thursday,23
lsf,2019-11-07 22:25:31+00:00,elajamali,Commit,2019-11,Thursday,22
lsf,2019-11-07 21:56:11+00:00,elajamali,Commit,2019-11,Thursday,21
lsf,2019-11-07 20:22:15+00:00,Alex Bryant,Commit,2019-11,Thursday,20
lsf,2019-11-07 19:32:25+00:00,bryantal,Commit,2019-11,Thursday,19
lsf,2019-11-06 23:01:26+00:00,May,Commit,2019-11,Wednesday,23
lsf,2019-11-06 22:22:56+00:00,Alex Bryant,Commit,2019-11,Wednesday,22
lsf,2019-11-06 22:08:48+00:00,jamal Aw Yonis,Commit,2019-11,Wednesday,22
lsf,2019-11-06 22:06:54+00:00,jamal Aw Yonis,Commit,2019-11,Wednesday,22
lsf,2019-11-06 21:39:47+00:00,jamal Aw Yonis,Commit,2019-11,Wednesday,21
lsf,2019-11-06 20:28:04+00:00,phuyalb16,Commit,2019-11,Wednesday,20
lsf,2019-11-06 19:41:13+00:00,May,Commit,2019-11,Wednesday,19
lsf,2019-11-06 18:19:50+00:00,jamal Aw Yonis,Commit,2019-11,Wednesday,18
lsf,2019-11-06 17:42:42+00:00,jamal Aw Yonis,Commit,2019-11,Wednesday,17
lsf,2019-11-05 20:38:12+00:00,phuyalb16,Commit,2019-11,Tuesday,20
lsf,2019-11-05 20:24:26+00:00,phuyalb16,Commit,2019-11,Tuesday,20
lsf,2019-11-05 20:23:21+00:00,phuyalb16,Commit,2019-11,Tuesday,20
lsf,2019-11-05 20:13:42+00:00,Alex Bryant,Commit,2019-11,Tuesday,20
lsf,2019-11-04 22:53:49+00:00,Luis Riera,Commit,2019-11,Monday,22
lsf,2019-11-04 22:00:46+00:00,OtienoAnne,Commit,2019-11,Monday,22
lsf,2019-11-04 21:40:31+00:00,Alex Bryant,Commit,2019-11,Monday,21
lsf,2019-11-04 21:36:24+00:00,Luis Riera,Commit,2019-11,Monday,21
lsf,2019-11-04 21:32:15+00:00,Luis Riera,Commit,2019-11,Monday,21
lsf,2019-11-04 21:22:09+00:00,Alex Bryant,Commit,2019-11,Monday,21
lsf,2019-11-04 19:54:31+00:00,BriaW,Commit,2019-11,Monday,19
lsf,2019-11-04 19:45:20+00:00,BriaW,Commit,2019-11,Monday,19
lsf,2019-11-01 16:31:11+00:00,Hila Manalai,Commit,2019-11,Friday,16
lsf,2019-10-31 21:15:25+00:00,elajamali,Commit,2019-10,Thursday,21
lsf,2019-10-31 21:04:42+00:00,elajamali,Commit,2019-10,Thursday,21
lsf,2019-10-31 21:03:48+00:00,elajamali,Commit,2019-10,Thursday,21
lsf,2019-10-31 20:46:22+00:00,elajamali,Commit,2019-10,Thursday,20
lsf,2019-10-31 19:14:07+00:00,BriaW,Commit,2019-10,Thursday,19
lsf,2019-10-31 19:04:55+00:00,Alex Bryant,Commit,2019-10,Thursday,19
lsf,2019-10-31 18:49:11+00:00,BriaW,Commit,2019-10,Thursday,18
lsf,2019-10-31 18:43:47+00:00,BriaW,Commit,2019-10,Thursday,18
lsf,2019-10-30 22:01:56+00:00,Alex Bryant,Commit,2019-10,Wednesday,22
lsf,2019-10-30 21:53:53+00:00,May,Commit,2019-10,Wednesday,21
lsf,2019-10-30 20:50:54+00:00,Luis Riera,Commit,2019-10,Wednesday,20
lsf,2019-10-30 20:47:11+00:00,wgs1862019,Commit,2019-10,Wednesday,20
lsf,2019-10-30 20:46:36+00:00,OtienoAnne,Commit,2019-10,Wednesday,20
lsf,2019-10-30 20:43:23+00:00,Kat Adams & Bria Williams,Commit,2019-10,Wednesday,20
lsf,2019-10-30 20:37:11+00:00,Kat Adams & Bria Williams,Commit,2019-10,Wednesday,20
lsf,2019-10-30 20:35:52+00:00,Kat Adams & Bria Williams,Commit,2019-10,Wednesday,20
lsf,2019-10-30 20:33:30+00:00,Kat Adams & Bria Williams,Commit,2019-10,Wednesday,20
lsf,2019-10-30 20:22:30+00:00,Kat Adams & Bria Williams,Commit,2019-10,Wednesday,20
lsf,2019-10-30 18:25:11+00:00,BriaW,Commit,2019-10,Wednesday,18
lsf,2019-10-29 22:10:37+00:00,elajamali,Commit,2019-10,Tuesday,22
lsf,2019-10-29 20:41:45+00:00,elajamali,Commit,2019-10,Tuesday,20
lsf,2019-10-29 20:14:00+00:00,elajamali,Commit,2019-10,Tuesday,20
lsf,2019-10-29 19:41:46+00:00,Luis Riera,Commit,2019-10,Tuesday,19
lsf,2019-10-29 19:38:27+00:00,Luis Riera,Commit,2019-10,Tuesday,19
lsf,2019-10-29 19:11:36+00:00,Alex Bryant,Commit,2019-10,Tuesday,19
lsf,2019-10-29 19:11:16+00:00,Alex Bryant,Commit,2019-10,Tuesday,19
lsf,2019-10-29 18:47:51+00:00,elajamali,Commit,2019-10,Tuesday,18
lsf,2019-10-29 18:32:12+00:00,elajamali,Commit,2019-10,Tuesday,18
lsf,2019-10-28 21:51:50+00:00,Luis Riera,Commit,2019-10,Monday,21
lsf,2019-10-28 21:49:40+00:00,elajamali,Commit,2019-10,Monday,21
lsf,2019-10-28 20:08:34+00:00,Luis Riera,Commit,2019-10,Monday,20
lsf,2019-10-28 17:37:56+00:00,jamal Aw Yonis,Commit,2019-10,Monday,17
lsf,2019-10-28 17:29:40+00:00,jamal Aw Yonis,Commit,2019-10,Monday,17
lsf,2019-10-28 17:13:14+00:00,jamal Aw Yonis,Commit,2019-10,Monday,17
lsf,2019-10-28 15:53:20+00:00,jamal Aw Yonis,Commit,2019-10,Monday,15
lsf,2019-10-28 15:51:55+00:00,jamal Aw Yonis,Commit,2019-10,Monday,15
lsf,2019-10-25 20:04:30+00:00,Hila Manalai,Commit,2019-10,Friday,20
lsf,2019-10-24 21:15:11+00:00,phuyalb16,Commit,2019-10,Thursday,21
lsf,2019-10-24 20:59:05+00:00,Alex Bryant,Commit,2019-10,Thursday,20
lsf,2019-10-24 18:26:24+00:00,Alex Bryant,Commit,2019-10,Thursday,18
lsf,2019-10-24 17:38:35+00:00,Alex Bryant,Commit,2019-10,Thursday,17
lsf,2019-10-24 16:12:12+00:00,Alex Bryant,Commit,2019-10,Thursday,16
lsf,2019-10-23 21:34:50+00:00,Alex Bryant,Commit,2019-10,Wednesday,21
lsf,2019-10-23 16:36:02+00:00,Alex Bryant,Commit,2019-10,Wednesday,16
lsf,2019-10-23 15:53:10+00:00,Luis Riera,Commit,2019-10,Wednesday,15
lsf,2019-10-23 15:52:30+00:00,Alex Bryant,Commit,2019-10,Wednesday,15
lsf,2019-10-22 20:20:52+00:00,GuillermoCruz32,Commit,2019-10,Tuesday,20
lsf,2019-10-22 19:42:35+00:00,phuyalb16,Commit,2019-10,Tuesday,19
lsf,2019-10-22 19:30:50+00:00,May,Commit,2019-10,Tuesday,19
lsf,2019-10-22 18:44:39+00:00,Luis Riera,Commit,2019-10,Tuesday,18
lsf,2019-10-21 21:12:51+00:00,May,Commit,2019-10,Monday,21
lsf,2019-10-21 20:45:16+00:00,OtienoAnne,Commit,2019-10,Monday,20
lsf,2019-10-21 20:33:05+00:00,GuillermoCruz32,Commit,2019-10,Monday,20
lsf,2019-10-21 13:50:33+00:00,Jamaliela,Commit,2019-10,Monday,13
lsf,2019-10-18 21:05:42+00:00,BriaW,Commit,2019-10,Friday,21
lsf,2019-10-18 18:42:23+00:00,BriaW,Commit,2019-10,Friday,18
lsf,2019-10-18 13:15:19+00:00,BriaW,Commit,2019-10,Friday,13
lsf,2019-10-17 22:11:55+00:00,elajamali,Commit,2019-10,Thursday,22
lsf,2019-10-17 21:15:00+00:00,phuyalb16,Commit,2019-10,Thursday,21
lsf,2019-10-17 20:58:46+00:00,Alex Bryant,Commit,2019-10,Thursday,20
lsf,2019-10-17 18:50:44+00:00,Alex Bryant,Commit,2019-10,Thursday,18
lsf,2019-10-16 23:24:52+00:00,elajamali,Commit,2019-10,Wednesday,23
lsf,2019-10-16 21:42:40+00:00,Luis Riera,Commit,2019-10,Wednesday,21
lsf,2019-10-16 19:47:19+00:00,GuillermoCruz32,Commit,2019-10,Wednesday,19
lsf,2019-10-16 19:44:59+00:00,GuillermoCruz32,Commit,2019-10,Wednesday,19
lsf,2019-10-16 18:36:00+00:00,GuillermoCruz32,Commit,2019-10,Wednesday,18
lsf,2019-10-16 16:33:20+00:00,Alex Bryant,Commit,2019-10,Wednesday,16
lsf,2019-10-16 15:26:48+00:00,Luis Riera,Commit,2019-10,Wednesday,15
lsf,2019-10-15 22:29:20+00:00,elajamali,Commit,2019-10,Tuesday,22
lsf,2019-10-15 20:08:26+00:00,elajamali,Commit,2019-10,Tuesday,20
lsf,2019-10-15 16:11:39+00:00,BriaW,Commit,2019-10,Tuesday,16
lsf,2019-10-14 21:57:38+00:00,elajamali,Commit,2019-10,Monday,21
lsf,2019-10-14 21:03:25+00:00,GuillermoCruz32,Commit,2019-10,Monday,21
lsf,2019-10-14 20:58:12+00:00,Luis Riera,Commit,2019-10,Monday,20
lsf,2019-10-14 20:57:01+00:00,BriaW,Commit,2019-10,Monday,20
lsf,2019-10-14 20:12:07+00:00,Luis Riera,Commit,2019-10,Monday,20
lsf,2019-10-14 19:50:26+00:00,OtienoAnne,Commit,2019-10,Monday,19
lsf,2019-10-14 19:39:56+00:00,BriaW,Commit,2019-10,Monday,19
lsf,2019-10-14 19:38:47+00:00,BriaW,Commit,2019-10,Monday,19
lsf,2019-10-14 19:08:05+00:00,jamal Aw Yonis,Commit,2019-10,Monday,19
lsf,2019-10-14 16:10:35+00:00,jamal Aw Yonis,Commit,2019-10,Monday,16
lsf,2019-10-14 15:55:06+00:00,BriaW,Commit,2019-10,Monday,15
lsf,2019-10-11 20:09:17+00:00,BriaW,Commit,2019-10,Friday,20
lsf,2019-10-11 19:24:55+00:00,BriaW,Commit,2019-10,Friday,19
lsf,2019-10-11 18:12:43+00:00,BriaW,Commit,2019-10,Friday,18
lsf,2019-10-10 21:30:12+00:00,elajamali,Commit,2019-10,Thursday,21
lsf,2019-10-10 21:17:15+00:00,Alex Bryant,Commit,2019-10,Thursday,21
lsf,2019-10-10 18:57:53+00:00,Alex Bryant,Commit,2019-10,Thursday,18
lsf,2019-10-10 17:32:24+00:00,Alex Bryant,Commit,2019-10,Thursday,17
lsf,2019-10-10 17:11:03+00:00,BriaW,Commit,2019-10,Thursday,17
lsf,2019-10-10 17:09:36+00:00,BriaW,Commit,2019-10,Thursday,17
lsf,2019-10-09 21:54:04+00:00,Luis Riera,Commit,2019-10,Wednesday,21
lsf,2019-10-09 21:50:29+00:00,Luis Riera,Commit,2019-10,Wednesday,21
lsf,2019-10-09 21:38:47+00:00,GuillermoCruz32,Commit,2019-10,Wednesday,21
lsf,2019-10-09 21:09:55+00:00,BriaW,Commit,2019-10,Wednesday,21
lsf,2019-10-09 18:23:59+00:00,BriaW,Commit,2019-10,Wednesday,18
lsf,2019-10-09 17:46:16+00:00,phuyalb16,Commit,2019-10,Wednesday,17
lsf,2019-10-09 16:59:44+00:00,phuyalb16,Commit,2019-10,Wednesday,16
lsf,2019-10-09 16:33:00+00:00,Alex Bryant,Commit,2019-10,Wednesday,16
lsf,2019-10-08 21:46:11+00:00,elajamali,Commit,2019-10,Tuesday,21
lsf,2019-10-08 20:04:02+00:00,BriaW,Commit,2019-10,Tuesday,20
lsf,2019-10-08 16:53:40+00:00,OtienoAnne,Commit,2019-10,Tuesday,16
lsf,2019-10-07 21:52:09+00:00,elajamali,Commit,2019-10,Monday,21
lsf,2019-10-07 21:06:00+00:00,BriaW,Commit,2019-10,Monday,21
lsf,2019-10-07 20:35:50+00:00,GuillermoCruz32,Commit,2019-10,Monday,20
lsf,2019-10-07 20:22:49+00:00,elajamali,Commit,2019-10,Monday,20
lsf,2019-10-07 17:44:21+00:00,BriaW,Commit,2019-10,Monday,17
lsf,2019-10-03 21:46:50+00:00,elajamali,Commit,2019-10,Thursday,21
lsf,2019-10-03 20:39:18+00:00,Alex Bryant,Commit,2019-10,Thursday,20
lsf,2019-10-03 18:06:33+00:00,Alex Bryant,Commit,2019-10,Thursday,18
lsf,2019-10-02 21:51:05+00:00,Luis Riera,Commit,2019-10,Wednesday,21
lsf,2019-10-02 21:50:24+00:00,GuillermoCruz32,Commit,2019-10,Wednesday,21
lsf,2019-10-02 21:46:33+00:00,elajamali,Commit,2019-10,Wednesday,21
lsf,2019-10-02 21:07:57+00:00,BriaW,Commit,2019-10,Wednesday,21
lsf,2019-10-02 18:56:57+00:00,phuyalb16,Commit,2019-10,Wednesday,18
lsf,2019-10-02 17:37:08+00:00,phuyalb16,Commit,2019-10,Wednesday,17
lsf,2019-10-02 17:21:27+00:00,phuyalb16,Commit,2019-10,Wednesday,17
lsf,2019-10-02 16:53:21+00:00,phuyalb16,Commit,2019-10,Wednesday,16
lsf,2019-10-02 16:26:48+00:00,Alex Bryant,Commit,2019-10,Wednesday,16
lsf,2019-10-02 15:37:51+00:00,Luis Riera,Commit,2019-10,Wednesday,15
lsf,2019-10-01 22:54:14+00:00,elajamali,Commit,2019-10,Tuesday,22
lsf,2019-10-01 20:50:59+00:00,phuyalb16,Commit,2019-10,Tuesday,20
lsf,2019-10-01 20:31:47+00:00,BriaW,Commit,2019-10,Tuesday,20
lsf,2019-10-01 17:37:43+00:00,elajamali,Commit,2019-10,Tuesday,17
lsf,2019-10-01 17:24:46+00:00,elajamali,Commit,2019-10,Tuesday,17
lsf,2019-09-30 21:57:27+00:00,elajamali,Commit,2019-09,Monday,21
lsf,2019-09-30 21:21:31+00:00,BriaW,Commit,2019-09,Monday,21
lsf,2019-09-30 21:07:00+00:00,BriaW,Commit,2019-09,Monday,21
lsf,2019-09-30 21:04:55+00:00,elajamali,Commit,2019-09,Monday,21
lsf,2019-09-30 19:24:12+00:00,phuyalb16,Commit,2019-09,Monday,19
lsf,2019-09-27 19:25:13+00:00,GuillermoCruz32,Commit,2019-09,Friday,19
lsf,2019-09-26 22:35:15+00:00,elajamali,Commit,2019-09,Thursday,22
lsf,2019-09-26 21:51:04+00:00,BriaW,Commit,2019-09,Thursday,21
lsf,2019-09-26 20:56:44+00:00,Alex Bryant,Commit,2019-09,Thursday,20
lsf,2019-09-26 18:38:20+00:00,BriaW,Commit,2019-09,Thursday,18
lsf,2019-09-25 21:58:43+00:00,GuillermoCruz32,Commit,2019-09,Wednesday,21
lsf,2019-09-25 21:53:03+00:00,Luis Riera,Commit,2019-09,Wednesday,21
lsf,2019-09-25 21:52:18+00:00,Luis Riera,Commit,2019-09,Wednesday,21
lsf,2019-09-25 21:51:57+00:00,elajamali,Commit,2019-09,Wednesday,21
lsf,2019-09-25 18:26:57+00:00,phuyalb16,Commit,2019-09,Wednesday,18
lsf,2019-09-25 17:07:05+00:00,phuyalb16,Commit,2019-09,Wednesday,17
lsf,2019-09-25 16:19:32+00:00,Alex Bryant,Commit,2019-09,Wednesday,16
lsf,2019-09-24 20:56:12+00:00,GuillermoCruz32,Commit,2019-09,Tuesday,20
lsf,2019-09-24 20:45:54+00:00,Luis Riera,Commit,2019-09,Tuesday,20
lsf,2019-09-24 18:52:02+00:00,BriaW,Commit,2019-09,Tuesday,18
lsf,2019-09-23 22:02:32+00:00,elajamali,Commit,2019-09,Monday,22
lsf,2019-09-23 21:20:32+00:00,BriaW,Commit,2019-09,Monday,21
lsf,2019-09-23 21:12:29+00:00,BriaW,Commit,2019-09,Monday,21
lsf,2019-09-23 19:51:28+00:00,phuyalb16,Commit,2019-09,Monday,19
lsf,2019-09-23 19:44:57+00:00,phuyalb16,Commit,2019-09,Monday,19
lsf,2019-09-23 19:31:19+00:00,phuyalb16,Commit,2019-09,Monday,19
lsf,2019-09-23 19:22:50+00:00,BriaW,Commit,2019-09,Monday,19
lsf,2019-09-23 19:22:19+00:00,BriaW,Commit,2019-09,Monday,19
lsf,2019-09-19 18:33:08+00:00,Alex Bryant,Commit,2019-09,Thursday,18
lsf,2019-09-19 18:00:16+00:00,Alex Bryant,Commit,2019-09,Thursday,18
lsf,2019-09-18 19:23:01+00:00,jamal Aw Yonis,Commit,2019-09,Wednesday,19
lsf,2019-09-18 15:33:10+00:00,Alex Bryant,Commit,2019-09,Wednesday,15
lsf,2019-09-18 15:32:51+00:00,Alex Bryant,Commit,2019-09,Wednesday,15
lsf,2019-09-17 22:07:54+00:00,elajamali,Commit,2019-09,Tuesday,22
lsf,2019-09-17 22:06:36+00:00,BriaW,Commit,2019-09,Tuesday,22
lsf,2019-09-17 22:05:03+00:00,jamal Aw Yonis,Commit,2019-09,Tuesday,22
lsf,2019-09-17 21:39:58+00:00,jamal Aw Yonis,Commit,2019-09,Tuesday,21
lsf,2019-09-17 19:55:44+00:00,Luis Riera,Commit,2019-09,Tuesday,19
lsf,2019-09-16 22:01:40+00:00,elajamali,Commit,2019-09,Monday,22
lsf,2019-09-16 21:17:23+00:00,BriaW,Commit,2019-09,Monday,21
lsf,2019-09-16 21:13:49+00:00,Luis Riera,Commit,2019-09,Monday,21
lsf,2019-09-16 21:03:49+00:00,Luis Riera,Commit,2019-09,Monday,21
lsf,2019-09-16 16:54:44+00:00,phuyalb16,Commit,2019-09,Monday,16
lsf,2019-09-14 20:52:25+00:00,BriaW,Commit,2019-09,Saturday,20
lsf,2019-09-13 21:13:07+00:00,Hila Manalai,Commit,2019-09,Friday,21
lsf,2019-09-13 21:03:36+00:00,Hila Manalai,Commit,2019-09,Friday,21
lsf,2019-09-13 17:11:53+00:00,Hila Manalai,Commit,2019-09,Friday,17
lsf,2019-09-12 22:10:03+00:00,elajamali,Commit,2019-09,Thursday,22
lsf,2019-09-12 21:33:55+00:00,BriaW,Commit,2019-09,Thursday,21
lsf,2019-09-12 21:05:53+00:00,Alex Bryant,Commit,2019-09,Thursday,21
lsf,2019-09-12 19:03:26+00:00,Alex Bryant,Commit,2019-09,Thursday,19
lsf,2019-09-12 18:11:24+00:00,elajamali,Commit,2019-09,Thursday,18
lsf,2019-09-12 18:10:10+00:00,elajamali,Commit,2019-09,Thursday,18
lsf,2019-09-12 18:09:28+00:00,elajamali,Commit,2019-09,Thursday,18
lsf,2019-09-12 16:51:11+00:00,Alex Bryant,Commit,2019-09,Thursday,16
lsf,2019-09-12 16:10:31+00:00,Alex Bryant,Commit,2019-09,Thursday,16
lsf,2019-09-11 21:47:16+00:00,Alex Bryant,Commit,2019-09,Wednesday,21
lsf,2019-09-11 21:21:16+00:00,BriaW,Commit,2019-09,Wednesday,21
lsf,2019-09-11 20:22:14+00:00,jamal Aw Yonis,Commit,2019-09,Wednesday,20
lsf,2019-09-11 20:01:11+00:00,jamal Aw Yonis,Commit,2019-09,Wednesday,20
lsf,2019-09-11 18:53:08+00:00,GuillermoCruz32,Commit,2019-09,Wednesday,18
lsf,2019-09-11 18:46:53+00:00,GuillermoCruz32,Commit,2019-09,Wednesday,18
lsf,2019-09-11 18:42:15+00:00,Kat Adams & Bria Williams,Commit,2019-09,Wednesday,18
lsf,2019-09-11 18:30:41+00:00,GuillermoCruz32,Commit,2019-09,Wednesday,18
lsf,2019-09-11 18:09:56+00:00,Kat Adams & Bria Williams,Commit,2019-09,Wednesday,18
lsf,2019-09-11 17:25:58+00:00,Hila Manalai,Commit,2019-09,Wednesday,17
lsf,2019-09-11 17:25:02+00:00,BriaW,Commit,2019-09,Wednesday,17
lsf,2019-09-11 17:24:10+00:00,BriaW,Commit,2019-09,Wednesday,17
lsf,2019-09-11 17:16:22+00:00,Kat Adams & Bria Williams,Commit,2019-09,Wednesday,17
lsf,2019-09-11 17:15:56+00:00,Kat Adams & Bria Williams,Commit,2019-09,Wednesday,17
lsf,2019-09-11 16:59:25+00:00,BriaW,Commit,2019-09,Wednesday,16
lsf,2019-09-11 16:58:30+00:00,BriaW,Commit,2019-09,Wednesday,16
lsf,2019-09-11 16:58:14+00:00,Kat Adams & Bria Williams,Commit,2019-09,Wednesday,16
lsf,2019-09-11 16:58:08+00:00,jamal Aw Yonis,Commit,2019-09,Wednesday,16
lsf,2019-09-11 16:53:33+00:00,Kat Adams & Bria Williams,Commit,2019-09,Wednesday,16
lsf,2019-09-11 16:04:50+00:00,Alex Bryant,Commit,2019-09,Wednesday,16
lsf,2019-09-11 15:57:38+00:00,Alex Bryant,Commit,2019-09,Wednesday,15
lsf,2019-09-11 15:56:35+00:00,Alex Bryant,Commit,2019-09,Wednesday,15
lsf,2019-09-10 20:35:35+00:00,BriaW,Commit,2019-09,Tuesday,20
lsf,2019-09-10 19:31:35+00:00,GuillermoCruz32,Commit,2019-09,Tuesday,19
lsf,2019-09-10 18:40:09+00:00,elajamali,Commit,2019-09,Tuesday,18
lsf,2019-09-10 16:59:25+00:00,BriaW,Commit,2019-09,Tuesday,16
lsf,2019-09-10 16:58:38+00:00,BriaW,Commit,2019-09,Tuesday,16
lsf,2019-09-10 16:55:27+00:00,phuyalb16,Commit,2019-09,Tuesday,16
lsf,2019-09-10 02:56:49+00:00,elajamali,Commit,2019-09,Tuesday,2
lsf,2019-09-09 21:56:22+00:00,BriaW,Commit,2019-09,Monday,21
lsf,2019-09-09 20:52:57+00:00,BriaW,Commit,2019-09,Monday,20
lsf,2019-09-09 16:33:14+00:00,BriaW,Commit,2019-09,Monday,16
lsf,2019-09-09 16:20:30+00:00,phuyalb16,Commit,2019-09,Monday,16
lsf,2019-09-06 20:01:25+00:00,Hila Manalai,Commit,2019-09,Friday,20
lsf,2019-09-06 19:46:05+00:00,Hila Manalai,Commit,2019-09,Friday,19
lsf,2019-09-06 19:13:40+00:00,BriaW,Commit,2019-09,Friday,19
lsf,2019-09-05 21:43:02+00:00,jamal Aw Yonis,Commit,2019-09,Thursday,21
lsf,2019-09-05 21:29:45+00:00,elajamali,Commit,2019-09,Thursday,21
lsf,2019-09-05 21:22:34+00:00,Alex Bryant,Commit,2019-09,Thursday,21
lsf,2019-09-04 23:33:37+00:00,elajamali,Commit,2019-09,Wednesday,23
lsf,2019-09-04 16:11:52+00:00,jamal Aw Yonis,Commit,2019-09,Wednesday,16
lsf,2019-09-04 16:08:40+00:00,jamal Aw Yonis,Commit,2019-09,Wednesday,16
lsf,2019-09-03 22:02:39+00:00,elajamali,Commit,2019-09,Tuesday,22
lsf,2019-09-02 22:13:18+00:00,elajamali,Commit,2019-09,Monday,22
lsf,2019-09-02 19:36:28+00:00,GuillermoCruz32,Commit,2019-09,Monday,19
lsf,2019-08-30 21:03:30+00:00,Hila Manalai,Commit,2019-08,Friday,21
lsf,2019-08-28 22:11:08+00:00,elajamali,Commit,2019-08,Wednesday,22
lsf,2019-08-28 18:36:57+00:00,Alex Bryant,Commit,2019-08,Wednesday,18
lsf,2019-08-27 22:36:44+00:00,elajamali,Commit,2019-08,Tuesday,22
lsf,2019-08-26 21:33:17+00:00,elajamali,Commit,2019-08,Monday,21
lsf,2019-08-26 21:09:56+00:00,elajamali,Commit,2019-08,Monday,21
lsf,2019-08-26 21:08:19+00:00,elajamali,Commit,2019-08,Monday,21
lsf,2019-08-26 14:20:52+00:00,BriaW,Commit,2019-08,Monday,14
lsf,2019-08-23 20:56:03+00:00,Hila Manalai,Commit,2019-08,Friday,20
lsf,2019-08-23 20:30:31+00:00,Hila Manalai,Commit,2019-08,Friday,20
lsf,2019-08-23 20:25:14+00:00,GuillermoCruz32,Commit,2019-08,Friday,20
lsf,2019-08-23 19:24:55+00:00,Hila Manalai,Commit,2019-08,Friday,19
lsf,2019-08-23 18:23:26+00:00,GuillermoCruz32,Commit,2019-08,Friday,18
lsf,2019-08-23 17:27:30+00:00,GuillermoCruz32,Commit,2019-08,Friday,17
lsf,2019-08-23 17:25:59+00:00,GuillermoCruz32,Commit,2019-08,Friday,17
lsf,2019-08-23 15:37:05+00:00,BriaW,Commit,2019-08,Friday,15
lsf,2019-08-22 21:07:48+00:00,elajamali,Commit,2019-08,Thursday,21
lsf,2019-08-22 21:01:37+00:00,BriaW,Commit,2019-08,Thursday,21
lsf,2019-08-22 19:35:13+00:00,BriaW,Commit,2019-08,Thursday,19
lsf,2019-08-22 19:04:25+00:00,elajamali,Commit,2019-08,Thursday,19
lsf,2019-08-21 19:39:12+00:00,GuillermoCruz32,Commit,2019-08,Wednesday,19
lsf,2019-08-16 20:46:17+00:00,BriaW,Commit,2019-08,Friday,20
lsf,2019-08-16 19:50:18+00:00,Hila Manalai,Commit,2019-08,Friday,19
lsf,2019-08-16 17:40:16+00:00,Alex Bryant,Commit,2019-08,Friday,17
lsf,2019-08-16 13:10:52+00:00,Hila Manalai,Commit,2019-08,Friday,13
lsf,2019-08-16 12:56:23+00:00,Hila Manalai,Commit,2019-08,Friday,12
lsf,2019-08-15 22:06:49+00:00,Alex Bryant,Commit,2019-08,Thursday,22
lsf,2019-08-15 21:39:42+00:00,BriaW,Commit,2019-08,Thursday,21
lsf,2019-08-15 20:57:00+00:00,Alex Bryant,Commit,2019-08,Thursday,20
lsf,2019-08-15 17:05:57+00:00,Alex Bryant,Commit,2019-08,Thursday,17
lsf,2019-08-14 21:09:49+00:00,BriaW,Commit,2019-08,Wednesday,21
lsf,2019-08-14 20:30:15+00:00,Hila Manalai,Commit,2019-08,Wednesday,20
lsf,2019-08-14 19:08:57+00:00,Hila Manalai,Commit,2019-08,Wednesday,19
lsf,2019-08-14 18:25:20+00:00,BriaW,Commit,2019-08,Wednesday,18
lsf,2019-08-14 16:02:56+00:00,Hila Manalai,Commit,2019-08,Wednesday,16
lsf,2019-08-14 15:54:49+00:00,Hila Manalai,Commit,2019-08,Wednesday,15
lsf,2019-08-14 15:44:28+00:00,Alex Bryant,Commit,2019-08,Wednesday,15
lsf,2019-08-14 15:39:45+00:00,Alex Bryant,Commit,2019-08,Wednesday,15
lsf,2019-08-14 15:34:05+00:00,Alex Bryant,Commit,2019-08,Wednesday,15
lsf,2019-08-14 15:32:13+00:00,Hila Manalai,Commit,2019-08,Wednesday,15
lsf,2019-08-14 15:19:47+00:00,Hila Manalai,Commit,2019-08,Wednesday,15
lsf,2019-08-13 21:09:36+00:00,Hila Manalai,Commit,2019-08,Tuesday,21
lsf,2019-08-13 21:06:06+00:00,BriaW,Commit,2019-08,Tuesday,21
lsf,2019-08-13 20:37:07+00:00,Hila Manalai,Commit,2019-08,Tuesday,20
lsf,2019-08-13 19:22:57+00:00,Hila Manalai,Commit,2019-08,Tuesday,19
lsf,2019-08-13 19:22:21+00:00,Hila Manalai,Commit,2019-08,Tuesday,19
lsf,2019-08-13 19:13:33+00:00,Alex Bryant,Commit,2019-08,Tuesday,19
lsf,2019-08-13 19:12:54+00:00,Alex Bryant,Commit,2019-08,Tuesday,19
lsf,2019-08-13 19:08:40+00:00,Hila Manalai,Commit,2019-08,Tuesday,19
lsf,2019-08-13 18:42:46+00:00,Hila Manalai,Commit,2019-08,Tuesday,18
lsf,2019-08-13 17:26:29+00:00,Hila Manalai,Commit,2019-08,Tuesday,17
lsf,2019-08-13 16:10:21+00:00,BriaW,Commit,2019-08,Tuesday,16
lsf,2019-08-13 15:29:16+00:00,Hila Manalai,Commit,2019-08,Tuesday,15
lsf,2019-08-13 15:22:46+00:00,BriaW,Commit,2019-08,Tuesday,15
lsf,2019-08-13 15:21:09+00:00,Hila Manalai,Commit,2019-08,Tuesday,15
lsf,2019-08-13 13:45:37+00:00,santoshernandezr,Commit,2019-08,Tuesday,13
lsf,2019-08-13 13:45:16+00:00,sheggen,Commit,2019-08,Tuesday,13
lsf,2019-08-13 13:38:46+00:00,Hila Manalai,Commit,2019-08,Tuesday,13
lsf,2019-08-13 13:16:59+00:00,sheggen,Commit,2019-08,Tuesday,13
lsf,2019-08-13 13:14:47+00:00,Jamaliela,Commit,2019-08,Tuesday,13
lsf,2019-08-12 21:27:56+00:00,Hila Manalai,Commit,2019-08,Monday,21
lsf,2019-08-12 21:14:13+00:00,BriaW,Commit,2019-08,Monday,21
lsf,2019-08-12 19:33:56+00:00,Hila Manalai,Commit,2019-08,Monday,19
lsf,2019-08-12 18:49:39+00:00,Alex Bryant,Commit,2019-08,Monday,18
lsf,2019-08-12 18:34:55+00:00,Alex Bryant,Commit,2019-08,Monday,18
lsf,2019-08-12 18:34:15+00:00,Hila Manalai,Commit,2019-08,Monday,18
lsf,2019-08-12 17:12:17+00:00,Alex Bryant,Commit,2019-08,Monday,17
lsf,2019-08-12 17:11:27+00:00,Hila Manalai,Commit,2019-08,Monday,17
lsf,2019-08-12 14:10:12+00:00,Hila Manalai,Commit,2019-08,Monday,14
lsf,2019-08-12 14:09:24+00:00,Alex Bryant,Commit,2019-08,Monday,14
lsf,2019-08-12 14:09:03+00:00,Hila Manalai,Commit,2019-08,Monday,14
lsf,2019-08-12 14:08:27+00:00,Hila Manalai,Commit,2019-08,Monday,14
lsf,2019-08-12 14:07:55+00:00,Alex Bryant,Commit,2019-08,Monday,14
lsf,2019-08-12 13:43:03+00:00,sheggen,Commit,2019-08,Monday,13
lsf,2019-08-12 13:41:19+00:00,May Jue,Commit,2019-08,Monday,13
lsf,2019-08-12 13:34:56+00:00,sheggen,Commit,2019-08,Monday,13
lsf,2019-08-12 13:34:05+00:00,Hila Manalai,Commit,2019-08,Monday,13
lsf,2019-08-12 13:31:41+00:00,sheggen,Commit,2019-08,Monday,13
lsf,2019-08-12 13:30:26+00:00,sheggen,Commit,2019-08,Monday,13
lsf,2019-08-12 13:18:43+00:00,sheggen,Commit,2019-08,Monday,13
lsf,2019-08-12 13:14:24+00:00,Hila Manalai,Commit,2019-08,Monday,13
lsf,2019-08-12 13:01:39+00:00,Hila Manalai,Commit,2019-08,Monday,13
lsf,2019-08-09 18:48:47+00:00,Hila Manalai,Commit,2019-08,Friday,18
lsf,2019-08-09 18:41:14+00:00,GuillermoCruz32,Commit,2019-08,Friday,18
lsf,2019-08-09 18:39:36+00:00,santoshernandezr,Commit,2019-08,Friday,18
lsf,2019-08-09 18:22:14+00:00,santoshernandezr,Commit,2019-08,Friday,18
lsf,2019-08-09 18:14:04+00:00,santoshernandezr,Commit,2019-08,Friday,18
lsf,2019-08-09 18:13:39+00:00,Hila Manalai,Commit,2019-08,Friday,18
lsf,2019-08-09 18:10:51+00:00,Hila Manalai,Commit,2019-08,Friday,18
lsf,2019-08-09 17:50:23+00:00,Alex Bryant,Commit,2019-08,Friday,17
lsf,2019-08-09 15:58:08+00:00,Luis Riera,Commit,2019-08,Friday,15
lsf,2019-08-09 15:33:01+00:00,Luis Riera,Commit,2019-08,Friday,15
lsf,2019-08-09 15:12:41+00:00,Luis Riera,Commit,2019-08,Friday,15
lsf,2019-08-09 14:54:19+00:00,Luis Riera,Commit,2019-08,Friday,14
lsf,2019-08-09 12:44:05+00:00,Hila Manalai,Commit,2019-08,Friday,12
lsf,2019-08-08 21:05:34+00:00,santoshernandezr,Commit,2019-08,Thursday,21
lsf,2019-08-08 20:21:24+00:00,GuillermoCruz32,Commit,2019-08,Thursday,20
lsf,2019-08-08 19:29:59+00:00,Alex Bryant,Commit,2019-08,Thursday,19
lsf,2019-08-08 18:36:41+00:00,Alex Bryant,Commit,2019-08,Thursday,18
lsf,2019-08-08 18:13:26+00:00,elajamali,Commit,2019-08,Thursday,18
lsf,2019-08-08 18:10:50+00:00,elajamali,Commit,2019-08,Thursday,18
lsf,2019-08-08 18:04:24+00:00,Hila Manalai,Commit,2019-08,Thursday,18
lsf,2019-08-08 17:39:11+00:00,Hila Manalai,Commit,2019-08,Thursday,17
lsf,2019-08-08 15:46:24+00:00,Alex Bryant,Commit,2019-08,Thursday,15
lsf,2019-08-08 15:40:11+00:00,Alex Bryant,Commit,2019-08,Thursday,15
lsf,2019-08-08 15:39:40+00:00,Alex Bryant,Commit,2019-08,Thursday,15
lsf,2019-08-08 15:22:21+00:00,Luis Riera,Commit,2019-08,Thursday,15
lsf,2019-08-08 14:40:49+00:00,elajamali,Commit,2019-08,Thursday,14
lsf,2019-08-08 14:35:50+00:00,Luis Riera,Commit,2019-08,Thursday,14
lsf,2019-08-08 14:30:14+00:00,Luis Riera,Commit,2019-08,Thursday,14
lsf,2019-08-08 14:07:48+00:00,elajamali,Commit,2019-08,Thursday,14
lsf,2019-08-08 12:39:20+00:00,elajamali,Commit,2019-08,Thursday,12
lsf,2019-08-07 21:46:57+00:00,elajamali,Commit,2019-08,Wednesday,21
lsf,2019-08-07 21:06:11+00:00,GuillermoCruz32,Commit,2019-08,Wednesday,21
lsf,2019-08-07 20:58:24+00:00,Hila Manalai,Commit,2019-08,Wednesday,20
lsf,2019-08-07 20:01:36+00:00,santoshernandezr,Commit,2019-08,Wednesday,20
lsf,2019-08-07 19:17:55+00:00,Luis Riera,Commit,2019-08,Wednesday,19
lsf,2019-08-07 18:01:07+00:00,Luis Riera,Commit,2019-08,Wednesday,18
lsf,2019-08-07 17:18:42+00:00,Hila Manalai,Commit,2019-08,Wednesday,17
lsf,2019-08-07 14:47:10+00:00,elajamali,Commit,2019-08,Wednesday,14
lsf,2019-08-07 12:54:03+00:00,elajamali,Commit,2019-08,Wednesday,12
lsf,2019-08-07 12:49:06+00:00,elajamali,Commit,2019-08,Wednesday,12
lsf,2019-08-06 21:25:59+00:00,elajamali,Commit,2019-08,Tuesday,21
lsf,2019-08-06 21:25:28+00:00,elajamali,Commit,2019-08,Tuesday,21
lsf,2019-08-06 21:06:16+00:00,Alex Bryant,Commit,2019-08,Tuesday,21
lsf,2019-08-06 21:03:37+00:00,Hila Manalai,Commit,2019-08,Tuesday,21
lsf,2019-08-06 21:01:07+00:00,GuillermoCruz32,Commit,2019-08,Tuesday,21
lsf,2019-08-06 18:24:20+00:00,Alex Bryant,Commit,2019-08,Tuesday,18
lsf,2019-08-06 18:23:29+00:00,elajamali,Commit,2019-08,Tuesday,18
lsf,2019-08-06 18:22:57+00:00,sheggen,Commit,2019-08,Tuesday,18
lsf,2019-08-06 18:16:13+00:00,Alex Bryant,Commit,2019-08,Tuesday,18
lsf,2019-08-06 17:07:49+00:00,Hila Manalai,Commit,2019-08,Tuesday,17
lsf,2019-08-06 15:37:10+00:00,Luis Riera,Commit,2019-08,Tuesday,15
lsf,2019-08-06 15:26:28+00:00,BriaW,Commit,2019-08,Tuesday,15
lsf,2019-08-06 13:49:26+00:00,sheggen,Commit,2019-08,Tuesday,13
lsf,2019-08-06 12:29:36+00:00,sheggen,Commit,2019-08,Tuesday,12
lsf,2019-08-06 03:22:30+00:00,sheggen,Commit,2019-08,Tuesday,3
lsf,2019-08-06 03:12:53+00:00,Jamaliela,Commit,2019-08,Tuesday,3
lsf,2019-08-06 03:12:25+00:00,sheggen,Commit,2019-08,Tuesday,3
lsf,2019-08-06 02:58:19+00:00,sheggen,Commit,2019-08,Tuesday,2
lsf,2019-08-06 02:47:13+00:00,santoshernandezr,Commit,2019-08,Tuesday,2
lsf,2019-08-06 02:46:27+00:00,Luis Riera,Commit,2019-08,Tuesday,2
lsf,2019-08-06 02:45:51+00:00,sheggen,Commit,2019-08,Tuesday,2
lsf,2019-08-06 02:45:01+00:00,sheggen,Commit,2019-08,Tuesday,2
lsf,2019-08-06 02:17:51+00:00,sheggen,Commit,2019-08,Tuesday,2
lsf,2019-08-06 02:16:12+00:00,sheggen,Commit,2019-08,Tuesday,2
lsf,2019-08-06 02:15:01+00:00,sheggen,Commit,2019-08,Tuesday,2
lsf,2019-08-06 01:11:36+00:00,santoshernandezr,Commit,2019-08,Tuesday,1
lsf,2019-08-05 22:05:20+00:00,elajamali,Commit,2019-08,Monday,22
lsf,2019-08-05 21:25:16+00:00,elajamali,Commit,2019-08,Monday,21
lsf,2019-08-05 21:23:08+00:00,elajamali,Commit,2019-08,Monday,21
lsf,2019-08-05 21:17:19+00:00,elajamali,Commit,2019-08,Monday,21
lsf,2019-08-05 21:05:10+00:00,Hila Manalai,Commit,2019-08,Monday,21
lsf,2019-08-05 20:57:37+00:00,Hila Manalai,Commit,2019-08,Monday,20
lsf,2019-08-05 20:55:54+00:00,Hila Manalai,Commit,2019-08,Monday,20
lsf,2019-08-05 20:55:11+00:00,Luis Riera,Commit,2019-08,Monday,20
lsf,2019-08-05 20:47:58+00:00,santoshernandezr,Commit,2019-08,Monday,20
lsf,2019-08-05 20:35:33+00:00,elajamali,Commit,2019-08,Monday,20
lsf,2019-08-05 20:19:37+00:00,Luis Riera,Commit,2019-08,Monday,20
lsf,2019-08-05 19:43:50+00:00,Hila Manalai,Commit,2019-08,Monday,19
lsf,2019-08-05 19:34:32+00:00,Hila Manalai,Commit,2019-08,Monday,19
lsf,2019-08-05 18:51:10+00:00,santoshernandezr,Commit,2019-08,Monday,18
lsf,2019-08-05 18:37:11+00:00,May,Commit,2019-08,Monday,18
lsf,2019-08-05 18:32:40+00:00,May,Commit,2019-08,Monday,18
lsf,2019-08-05 18:29:59+00:00,May,Commit,2019-08,Monday,18
lsf,2019-08-05 18:26:46+00:00,May,Commit,2019-08,Monday,18
lsf,2019-08-05 18:08:24+00:00,May,Commit,2019-08,Monday,18
lsf,2019-08-05 15:53:52+00:00,May,Commit,2019-08,Monday,15
lsf,2019-08-05 15:37:40+00:00,May,Commit,2019-08,Monday,15
lsf,2019-08-05 14:54:50+00:00,May,Commit,2019-08,Monday,14
lsf,2019-08-05 14:51:57+00:00,May,Commit,2019-08,Monday,14
lsf,2019-08-03 20:08:25+00:00,Hila Manalai,Commit,2019-08,Saturday,20
lsf,2019-08-02 21:57:21+00:00,Alex Bryant,Commit,2019-08,Friday,21
lsf,2019-08-02 21:35:28+00:00,May,Commit,2019-08,Friday,21
lsf,2019-08-02 21:28:23+00:00,elajamali,Commit,2019-08,Friday,21
lsf,2019-08-02 21:10:28+00:00,Hila Manalai,Commit,2019-08,Friday,21
lsf,2019-08-02 21:03:49+00:00,GuillermoCruz32,Commit,2019-08,Friday,21
lsf,2019-08-02 20:44:05+00:00,Alex Bryant,Commit,2019-08,Friday,20
lsf,2019-08-02 19:31:10+00:00,Hila Manalai,Commit,2019-08,Friday,19
lsf,2019-08-02 17:13:07+00:00,Hila Manalai,Commit,2019-08,Friday,17
lsf,2019-08-02 15:36:48+00:00,elajamali,Commit,2019-08,Friday,15
lsf,2019-08-02 15:30:05+00:00,elajamali,Commit,2019-08,Friday,15
lsf,2019-08-02 14:39:43+00:00,Luis Riera,Commit,2019-08,Friday,14
lsf,2019-08-02 13:08:58+00:00,Hila Manalai,Commit,2019-08,Friday,13
lsf,2019-08-02 13:08:55+00:00,santoshernandezr,Commit,2019-08,Friday,13
lsf,2019-08-01 21:05:35+00:00,Hila Manalai,Commit,2019-08,Thursday,21
lsf,2019-08-01 21:05:03+00:00,santoshernandezr,Commit,2019-08,Thursday,21
lsf,2019-08-01 20:46:36+00:00,santoshernandezr,Commit,2019-08,Thursday,20
lsf,2019-08-01 20:45:50+00:00,santoshernandezr,Commit,2019-08,Thursday,20
lsf,2019-08-01 20:38:49+00:00,BriaW,Commit,2019-08,Thursday,20
lsf,2019-08-01 19:55:56+00:00,BriaW,Commit,2019-08,Thursday,19
lsf,2019-08-01 19:47:19+00:00,santoshernandezr,Commit,2019-08,Thursday,19
lsf,2019-08-01 17:18:06+00:00,GuillermoCruz32,Commit,2019-08,Thursday,17
lsf,2019-08-01 17:06:34+00:00,Hila Manalai,Commit,2019-08,Thursday,17
lsf,2019-08-01 15:13:01+00:00,elajamali,Commit,2019-08,Thursday,15
lsf,2019-08-01 14:32:35+00:00,santoshernandezr,Commit,2019-08,Thursday,14
lsf,2019-08-01 14:13:30+00:00,elajamali,Commit,2019-08,Thursday,14
lsf,2019-08-01 12:24:37+00:00,Kat Adams & Bria Williams,Commit,2019-08,Thursday,12
lsf,2019-07-31 22:12:17+00:00,May,Commit,2019-07,Wednesday,22
lsf,2019-07-31 21:08:11+00:00,Hila Manalai,Commit,2019-07,Wednesday,21
lsf,2019-07-31 21:06:22+00:00,elajamali,Commit,2019-07,Wednesday,21
lsf,2019-07-31 21:05:15+00:00,Alex Bryant,Commit,2019-07,Wednesday,21
lsf,2019-07-31 20:57:44+00:00,May,Commit,2019-07,Wednesday,20
lsf,2019-07-31 20:56:44+00:00,GuillermoCruz32,Commit,2019-07,Wednesday,20
lsf,2019-07-31 20:30:39+00:00,santoshernandezr,Commit,2019-07,Wednesday,20
lsf,2019-07-31 20:04:21+00:00,Alex Bryant,Commit,2019-07,Wednesday,20
lsf,2019-07-31 20:02:12+00:00,elajamali,Commit,2019-07,Wednesday,20
lsf,2019-07-31 19:57:28+00:00,elajamali,Commit,2019-07,Wednesday,19
lsf,2019-07-31 19:56:11+00:00,elajamali,Commit,2019-07,Wednesday,19
lsf,2019-07-31 19:41:40+00:00,Alex Bryant,Commit,2019-07,Wednesday,19
lsf,2019-07-31 17:54:38+00:00,GuillermoCruz32,Commit,2019-07,Wednesday,17
lsf,2019-07-31 17:47:23+00:00,May,Commit,2019-07,Wednesday,17
lsf,2019-07-31 17:43:22+00:00,Kat Adams & Bria Williams,Commit,2019-07,Wednesday,17
lsf,2019-07-31 17:27:22+00:00,Hila Manalai,Commit,2019-07,Wednesday,17
lsf,2019-07-31 17:12:19+00:00,Kat Adams & Bria Williams,Commit,2019-07,Wednesday,17
lsf,2019-07-31 15:45:35+00:00,Kat Adams & Bria Williams,Commit,2019-07,Wednesday,15
lsf,2019-07-31 15:42:50+00:00,elajamali,Commit,2019-07,Wednesday,15
lsf,2019-07-31 15:22:48+00:00,Kat Adams & Bria Williams,Commit,2019-07,Wednesday,15
lsf,2019-07-31 15:21:33+00:00,Kat Adams & Bria Williams,Commit,2019-07,Wednesday,15
lsf,2019-07-31 15:19:46+00:00,BriaW,Commit,2019-07,Wednesday,15
lsf,2019-07-31 14:16:10+00:00,santoshernandezr,Commit,2019-07,Wednesday,14
lsf,2019-07-31 14:14:50+00:00,elajamali,Commit,2019-07,Wednesday,14
lsf,2019-07-31 14:14:12+00:00,Kat Adams & Bria Williams,Commit,2019-07,Wednesday,14
lsf,2019-07-31 12:31:53+00:00,May,Commit,2019-07,Wednesday,12
lsf,2019-07-30 22:47:46+00:00,May,Commit,2019-07,Tuesday,22
lsf,2019-07-30 21:34:10+00:00,elajamali,Commit,2019-07,Tuesday,21
lsf,2019-07-30 21:32:23+00:00,BriaW,Commit,2019-07,Tuesday,21
lsf,2019-07-30 21:31:12+00:00,elajamali,Commit,2019-07,Tuesday,21
lsf,2019-07-30 21:20:56+00:00,Hila Manalai,Commit,2019-07,Tuesday,21
lsf,2019-07-30 19:55:52+00:00,santoshernandezr,Commit,2019-07,Tuesday,19
lsf,2019-07-30 19:35:28+00:00,Kat Adams & Bria Williams,Commit,2019-07,Tuesday,19
lsf,2019-07-30 18:20:01+00:00,Kat Adams & Bria Williams,Commit,2019-07,Tuesday,18
lsf,2019-07-30 18:19:40+00:00,santoshernandezr,Commit,2019-07,Tuesday,18
lsf,2019-07-30 17:36:12+00:00,Alex Bryant,Commit,2019-07,Tuesday,17
lsf,2019-07-30 17:14:40+00:00,Kat Adams & Bria Williams,Commit,2019-07,Tuesday,17
lsf,2019-07-30 17:14:38+00:00,elajamali,Commit,2019-07,Tuesday,17
lsf,2019-07-30 15:58:37+00:00,Alex Bryant,Commit,2019-07,Tuesday,15
lsf,2019-07-30 15:54:31+00:00,Alex Bryant,Commit,2019-07,Tuesday,15
lsf,2019-07-30 15:50:42+00:00,elajamali,Commit,2019-07,Tuesday,15
lsf,2019-07-30 15:36:43+00:00,elajamali,Commit,2019-07,Tuesday,15
lsf,2019-07-30 15:35:55+00:00,Kat Adams & Bria Williams,Commit,2019-07,Tuesday,15
lsf,2019-07-30 15:29:14+00:00,Kat Adams & Bria Williams,Commit,2019-07,Tuesday,15
lsf,2019-07-30 15:05:04+00:00,Kat Adams & Bria Williams,Commit,2019-07,Tuesday,15
lsf,2019-07-30 14:32:04+00:00,May,Commit,2019-07,Tuesday,14
lsf,2019-07-30 14:23:33+00:00,Luis Riera,Commit,2019-07,Tuesday,14
lsf,2019-07-30 14:12:28+00:00,Hila Manalai,Commit,2019-07,Tuesday,14
lsf,2019-07-30 13:36:42+00:00,elajamali,Commit,2019-07,Tuesday,13
lsf,2019-07-30 13:36:12+00:00,elajamali,Commit,2019-07,Tuesday,13
lsf,2019-07-30 13:32:29+00:00,GuillermoCruz32,Commit,2019-07,Tuesday,13
lsf,2019-07-30 13:20:35+00:00,santoshernandezr,Commit,2019-07,Tuesday,13
lsf,2019-07-29 22:01:02+00:00,Hila Manalai,Commit,2019-07,Monday,22
lsf,2019-07-29 21:59:22+00:00,Hila Manalai,Commit,2019-07,Monday,21
lsf,2019-07-29 21:39:48+00:00,elajamali,Commit,2019-07,Monday,21
lsf,2019-07-29 21:14:20+00:00,GuillermoCruz32,Commit,2019-07,Monday,21
lsf,2019-07-29 21:06:08+00:00,elajamali,Commit,2019-07,Monday,21
lsf,2019-07-29 20:57:59+00:00,Kat Adams & Bria Williams,Commit,2019-07,Monday,20
lsf,2019-07-29 20:48:40+00:00,Kat Adams & Bria Williams,Commit,2019-07,Monday,20
lsf,2019-07-29 20:17:36+00:00,Kat Adams & Bria Williams,Commit,2019-07,Monday,20
lsf,2019-07-29 20:12:49+00:00,elajamali,Commit,2019-07,Monday,20
lsf,2019-07-29 20:08:51+00:00,Kat Adams & Bria Williams,Commit,2019-07,Monday,20
lsf,2019-07-29 19:35:44+00:00,Kat Adams & Bria Williams,Commit,2019-07,Monday,19
lsf,2019-07-29 17:11:24+00:00,Kat Adams & Bria Williams,Commit,2019-07,Monday,17
lsf,2019-07-29 14:37:45+00:00,Kat Adams & Bria Williams,Commit,2019-07,Monday,14
lsf,2019-07-29 13:39:49+00:00,santoshernandezr,Commit,2019-07,Monday,13
lsf,2019-07-29 12:39:31+00:00,elajamali,Commit,2019-07,Monday,12
lsf,2019-07-26 21:57:56+00:00,Kat Adams & Bria Williams,Commit,2019-07,Friday,21
lsf,2019-07-26 21:30:28+00:00,GuillermoCruz32,Commit,2019-07,Friday,21
lsf,2019-07-26 21:00:11+00:00,Hila Manalai,Commit,2019-07,Friday,21
lsf,2019-07-26 20:54:50+00:00,Kat Adams & Bria Williams,Commit,2019-07,Friday,20
lsf,2019-07-26 20:00:32+00:00,Kat Adams & Bria Williams,Commit,2019-07,Friday,20
lsf,2019-07-26 15:38:36+00:00,May,Commit,2019-07,Friday,15
lsf,2019-07-26 13:54:50+00:00,Hila Manalai,Commit,2019-07,Friday,13
lsf,2019-07-26 13:38:26+00:00,santoshernandezr,Commit,2019-07,Friday,13
lsf,2019-07-26 12:39:29+00:00,Hila Manalai,Commit,2019-07,Friday,12
lsf,2019-07-26 12:38:56+00:00,Hila Manalai,Commit,2019-07,Friday,12
lsf,2019-07-26 12:09:59+00:00,Hila Manalai,Commit,2019-07,Friday,12
lsf,2019-07-25 21:59:37+00:00,GuillermoCruz32,Commit,2019-07,Thursday,21
lsf,2019-07-25 18:57:59+00:00,BriaW,Commit,2019-07,Thursday,18
lsf,2019-07-25 17:06:23+00:00,elajamali,Commit,2019-07,Thursday,17
lsf,2019-07-25 17:05:44+00:00,elajamali,Commit,2019-07,Thursday,17
lsf,2019-07-25 15:57:58+00:00,GuillermoCruz32,Commit,2019-07,Thursday,15
lsf,2019-07-25 15:45:24+00:00,GuillermoCruz32,Commit,2019-07,Thursday,15
lsf,2019-07-25 15:44:42+00:00,GuillermoCruz32,Commit,2019-07,Thursday,15
lsf,2019-07-25 15:40:34+00:00,May,Commit,2019-07,Thursday,15
lsf,2019-07-25 15:40:09+00:00,santoshernandezr,Commit,2019-07,Thursday,15
lsf,2019-07-25 15:39:28+00:00,May,Commit,2019-07,Thursday,15
lsf,2019-07-25 15:39:27+00:00,BriaW,Commit,2019-07,Thursday,15
lsf,2019-07-25 15:38:40+00:00,santoshernandezr,Commit,2019-07,Thursday,15
lsf,2019-07-25 15:36:32+00:00,sheggen,Commit,2019-07,Thursday,15
lsf,2019-07-25 15:30:50+00:00,May,Commit,2019-07,Thursday,15
lsf,2019-07-25 15:25:00+00:00,sheggen,Commit,2019-07,Thursday,15
lsf,2019-07-25 15:23:53+00:00,sheggen,Commit,2019-07,Thursday,15
lsf,2019-07-25 15:22:28+00:00,GuillermoCruz32,Commit,2019-07,Thursday,15
lsf,2019-07-25 15:21:53+00:00,sheggen,Commit,2019-07,Thursday,15
lsf,2019-07-25 15:21:30+00:00,santoshernandezr,Commit,2019-07,Thursday,15
lsf,2019-07-25 15:13:05+00:00,GuillermoCruz32,Commit,2019-07,Thursday,15
lsf,2019-07-25 15:10:31+00:00,May,Commit,2019-07,Thursday,15
lsf,2019-07-25 15:00:09+00:00,May,Commit,2019-07,Thursday,15
lsf,2019-07-25 15:00:07+00:00,santoshernandezr,Commit,2019-07,Thursday,15
lsf,2019-07-25 14:55:59+00:00,elajamali,Commit,2019-07,Thursday,14
lsf,2019-07-25 14:54:36+00:00,BriaW,Commit,2019-07,Thursday,14
lsf,2019-07-25 14:49:14+00:00,Kat Adams & Bria Williams,Commit,2019-07,Thursday,14
lsf,2019-07-25 14:46:28+00:00,elajamali,Commit,2019-07,Thursday,14
lsf,2019-07-25 14:44:12+00:00,Kat Adams & Bria Williams,Commit,2019-07,Thursday,14
lsf,2019-07-25 14:43:24+00:00,BriaW,Commit,2019-07,Thursday,14
lsf,2019-07-25 14:31:59+00:00,santoshernandezr,Commit,2019-07,Thursday,14
lsf,2019-07-25 13:55:22+00:00,Kat Adams & Bria Williams,Commit,2019-07,Thursday,13
lsf,2019-07-25 13:43:31+00:00,Kat Adams & Bria Williams,Commit,2019-07,Thursday,13
lsf,2019-07-25 13:10:54+00:00,BriaW,Commit,2019-07,Thursday,13
lsf,2019-07-25 13:02:33+00:00,BriaW,Commit,2019-07,Thursday,13
lsf,2019-07-24 21:55:28+00:00,elajamali,Commit,2019-07,Wednesday,21
lsf,2019-07-24 21:50:20+00:00,GuillermoCruz32,Commit,2019-07,Wednesday,21
lsf,2019-07-24 20:43:33+00:00,Kat Adams & Bria Williams,Commit,2019-07,Wednesday,20
lsf,2019-07-24 20:40:41+00:00,Kat Adams & Bria Williams,Commit,2019-07,Wednesday,20
lsf,2019-07-24 19:33:34+00:00,elajamali,Commit,2019-07,Wednesday,19
lsf,2019-07-24 19:32:55+00:00,elajamali,Commit,2019-07,Wednesday,19
lsf,2019-07-24 19:05:20+00:00,Kat Adams & Bria Williams,Commit,2019-07,Wednesday,19
lsf,2019-07-24 18:51:42+00:00,Alex Bryant,Commit,2019-07,Wednesday,18
lsf,2019-07-24 18:46:18+00:00,Kat Adams & Bria Williams,Commit,2019-07,Wednesday,18
lsf,2019-07-24 17:29:50+00:00,GuillermoCruz32,Commit,2019-07,Wednesday,17
lsf,2019-07-24 15:32:20+00:00,May,Commit,2019-07,Wednesday,15
lsf,2019-07-24 15:23:41+00:00,Kat Adams & Bria Williams,Commit,2019-07,Wednesday,15
lsf,2019-07-24 15:06:20+00:00,May,Commit,2019-07,Wednesday,15
lsf,2019-07-24 15:03:54+00:00,BriaW,Commit,2019-07,Wednesday,15
lsf,2019-07-24 15:03:26+00:00,Luis Riera,Commit,2019-07,Wednesday,15
lsf,2019-07-24 15:02:09+00:00,santoshernandezr,Commit,2019-07,Wednesday,15
lsf,2019-07-24 14:28:03+00:00,Kat Adams & Bria Williams,Commit,2019-07,Wednesday,14
lsf,2019-07-24 14:13:03+00:00,Kat Adams & Bria Williams,Commit,2019-07,Wednesday,14
lsf,2019-07-24 14:12:29+00:00,Kat Adams & Bria Williams,Commit,2019-07,Wednesday,14
lsf,2019-07-24 14:12:04+00:00,Kat Adams & Bria Williams,Commit,2019-07,Wednesday,14
lsf,2019-07-24 14:10:37+00:00,Kat Adams & Bria Williams,Commit,2019-07,Wednesday,14
lsf,2019-07-24 14:10:18+00:00,Kat Adams & Bria Williams,Commit,2019-07,Wednesday,14
lsf,2019-07-24 14:08:12+00:00,Luis Riera,Commit,2019-07,Wednesday,14
lsf,2019-07-24 14:07:34+00:00,Kat Adams & Bria Williams,Commit,2019-07,Wednesday,14
lsf,2019-07-24 13:53:47+00:00,Luis Riera,Commit,2019-07,Wednesday,13
lsf,2019-07-24 13:50:35+00:00,Kat Adams & Bria Williams,Commit,2019-07,Wednesday,13
lsf,2019-07-24 13:49:05+00:00,elajamali,Commit,2019-07,Wednesday,13
lsf,2019-07-23 21:17:59+00:00,elajamali,Commit,2019-07,Tuesday,21
lsf,2019-07-23 21:17:30+00:00,May,Commit,2019-07,Tuesday,21
lsf,2019-07-23 21:14:47+00:00,santoshernandezr,Commit,2019-07,Tuesday,21
lsf,2019-07-23 21:13:51+00:00,Luis Riera,Commit,2019-07,Tuesday,21
lsf,2019-07-23 21:07:02+00:00,santoshernandezr,Commit,2019-07,Tuesday,21
lsf,2019-07-23 21:05:16+00:00,Luis Riera,Commit,2019-07,Tuesday,21
lsf,2019-07-23 20:55:46+00:00,Kat Adams & Bria Williams,Commit,2019-07,Tuesday,20
lsf,2019-07-23 19:48:14+00:00,Kat Adams & Bria Williams,Commit,2019-07,Tuesday,19
lsf,2019-07-23 19:48:01+00:00,Kat Adams & Bria Williams,Commit,2019-07,Tuesday,19
lsf,2019-07-23 19:46:05+00:00,BriaW,Commit,2019-07,Tuesday,19
lsf,2019-07-23 19:22:31+00:00,BriaW,Commit,2019-07,Tuesday,19
lsf,2019-07-23 19:17:17+00:00,BriaW,Commit,2019-07,Tuesday,19
lsf,2019-07-23 18:19:00+00:00,santoshernandezr,Commit,2019-07,Tuesday,18
lsf,2019-07-23 18:17:40+00:00,Luis Riera,Commit,2019-07,Tuesday,18
lsf,2019-07-23 17:58:02+00:00,GuillermoCruz32,Commit,2019-07,Tuesday,17
lsf,2019-07-23 17:51:02+00:00,GuillermoCruz32,Commit,2019-07,Tuesday,17
lsf,2019-07-23 17:24:06+00:00,Kat Adams & Bria Williams,Commit,2019-07,Tuesday,17
lsf,2019-07-23 15:23:55+00:00,Kat Adams & Bria Williams,Commit,2019-07,Tuesday,15
lsf,2019-07-23 15:23:18+00:00,Kat Adams & Bria Williams,Commit,2019-07,Tuesday,15
lsf,2019-07-23 14:56:39+00:00,May,Commit,2019-07,Tuesday,14
lsf,2019-07-23 14:41:12+00:00,May,Commit,2019-07,Tuesday,14
lsf,2019-07-23 14:38:40+00:00,sheggen,Commit,2019-07,Tuesday,14
lsf,2019-07-23 14:37:16+00:00,sheggen,Commit,2019-07,Tuesday,14
lsf,2019-07-23 14:19:55+00:00,santoshernandezr,Commit,2019-07,Tuesday,14
lsf,2019-07-23 14:06:32+00:00,Hila Manalai,Commit,2019-07,Tuesday,14
lsf,2019-07-23 14:05:33+00:00,Kat Adams & Bria Williams,Commit,2019-07,Tuesday,14
lsf,2019-07-23 14:04:35+00:00,elajamali,Commit,2019-07,Tuesday,14
lsf,2019-07-23 14:04:18+00:00,GuillermoCruz32,Commit,2019-07,Tuesday,14
lsf,2019-07-23 14:04:04+00:00,elajamali,Commit,2019-07,Tuesday,14
lsf,2019-07-23 13:59:46+00:00,GuillermoCruz32,Commit,2019-07,Tuesday,13
lsf,2019-07-23 13:58:24+00:00,elajamali,Commit,2019-07,Tuesday,13
lsf,2019-07-23 13:56:37+00:00,santoshernandezr,Commit,2019-07,Tuesday,13
lsf,2019-07-23 13:54:51+00:00,Hila Manalai,Commit,2019-07,Tuesday,13
lsf,2019-07-23 13:52:54+00:00,May,Commit,2019-07,Tuesday,13
lsf,2019-07-23 13:52:09+00:00,Hila Manalai,Commit,2019-07,Tuesday,13
lsf,2019-07-23 12:59:33+00:00,Hila Manalai,Commit,2019-07,Tuesday,12
lsf,2019-07-22 21:45:26+00:00,Hila Manalai,Commit,2019-07,Monday,21
lsf,2019-07-22 21:05:52+00:00,elajamali,Commit,2019-07,Monday,21
lsf,2019-07-22 20:56:55+00:00,Kat Adams & Bria Williams,Commit,2019-07,Monday,20
lsf,2019-07-22 20:50:07+00:00,Kat Adams & Bria Williams,Commit,2019-07,Monday,20
lsf,2019-07-22 20:23:57+00:00,Kat Adams & Bria Williams,Commit,2019-07,Monday,20
lsf,2019-07-22 19:40:38+00:00,Kat Adams & Bria Williams,Commit,2019-07,Monday,19
lsf,2019-07-22 19:12:22+00:00,Kat Adams & Bria Williams,Commit,2019-07,Monday,19
lsf,2019-07-22 19:10:31+00:00,BriaW,Commit,2019-07,Monday,19
lsf,2019-07-22 18:58:13+00:00,BriaW,Commit,2019-07,Monday,18
lsf,2019-07-22 18:57:51+00:00,BriaW,Commit,2019-07,Monday,18
lsf,2019-07-22 18:45:37+00:00,May,Commit,2019-07,Monday,18
lsf,2019-07-22 18:43:47+00:00,May,Commit,2019-07,Monday,18
lsf,2019-07-22 18:41:31+00:00,Kat Adams & Bria Williams,Commit,2019-07,Monday,18
lsf,2019-07-22 18:22:41+00:00,santoshernandezr,Commit,2019-07,Monday,18
lsf,2019-07-22 17:49:11+00:00,santoshernandezr,Commit,2019-07,Monday,17
lsf,2019-07-22 17:43:45+00:00,Luis Riera,Commit,2019-07,Monday,17
lsf,2019-07-22 17:43:38+00:00,elajamali,Commit,2019-07,Monday,17
lsf,2019-07-22 17:25:21+00:00,sheggen,Commit,2019-07,Monday,17
lsf,2019-07-22 17:24:28+00:00,sheggen,Commit,2019-07,Monday,17
lsf,2019-07-22 17:04:15+00:00,Kat Adams & Bria Williams,Commit,2019-07,Monday,17
lsf,2019-07-22 17:03:37+00:00,sheggen,Commit,2019-07,Monday,17
lsf,2019-07-22 16:56:31+00:00,sheggen,Commit,2019-07,Monday,16
lsf,2019-07-22 16:54:26+00:00,sheggen,Commit,2019-07,Monday,16
lsf,2019-07-22 16:36:52+00:00,Kat Adams & Bria Williams,Commit,2019-07,Monday,16
lsf,2019-07-22 16:16:48+00:00,Kat Adams & Bria Williams,Commit,2019-07,Monday,16
lsf,2019-07-22 15:52:20+00:00,Kat Adams & Bria Williams,Commit,2019-07,Monday,15
lsf,2019-07-22 15:51:51+00:00,Kat Adams & Bria Williams,Commit,2019-07,Monday,15
lsf,2019-07-22 15:40:01+00:00,Kat Adams & Bria Williams,Commit,2019-07,Monday,15
lsf,2019-07-22 15:37:59+00:00,bryantal,Commit,2019-07,Monday,15
lsf,2019-07-22 15:37:56+00:00,Kat Adams & Bria Williams,Commit,2019-07,Monday,15
lsf,2019-07-22 15:37:20+00:00,sheggen,Commit,2019-07,Monday,15
lsf,2019-07-22 15:30:47+00:00,Kat Adams & Bria Williams,Commit,2019-07,Monday,15
lsf,2019-07-22 15:29:57+00:00,BriaW,Commit,2019-07,Monday,15
lsf,2019-07-22 15:29:22+00:00,Kat Adams & Bria Williams,Commit,2019-07,Monday,15
lsf,2019-07-22 15:28:43+00:00,May,Commit,2019-07,Monday,15
lsf,2019-07-22 14:59:57+00:00,BriaW,Commit,2019-07,Monday,14
lsf,2019-07-22 14:57:19+00:00,sheggen,Commit,2019-07,Monday,14
lsf,2019-07-22 14:47:03+00:00,May,Commit,2019-07,Monday,14
lsf,2019-07-22 14:45:56+00:00,May,Commit,2019-07,Monday,14
lsf,2019-07-22 14:27:49+00:00,GuillermoCruz32,Commit,2019-07,Monday,14
lsf,2019-07-22 13:53:52+00:00,Luis Riera,Commit,2019-07,Monday,13
lsf,2019-07-22 13:09:56+00:00,santoshernandezr,Commit,2019-07,Monday,13
lsf,2019-07-22 12:50:55+00:00,elajamali,Commit,2019-07,Monday,12
lsf,2019-07-22 12:50:19+00:00,elajamali,Commit,2019-07,Monday,12
lsf,2019-07-19 21:29:40+00:00,Hila Manalai,Commit,2019-07,Friday,21
lsf,2019-07-19 20:58:04+00:00,GuillermoCruz32,Commit,2019-07,Friday,20
lsf,2019-07-19 20:37:28+00:00,sheggen,Commit,2019-07,Friday,20
lsf,2019-07-19 19:18:33+00:00,Hila Manalai,Commit,2019-07,Friday,19
lsf,2019-07-19 19:14:36+00:00,Hila Manalai,Commit,2019-07,Friday,19
lsf,2019-07-19 19:13:43+00:00,elajamali,Commit,2019-07,Friday,19
lsf,2019-07-19 19:02:34+00:00,BriaW,Commit,2019-07,Friday,19
lsf,2019-07-19 18:03:58+00:00,elajamali,Commit,2019-07,Friday,18
lsf,2019-07-19 17:20:10+00:00,BriaW,Commit,2019-07,Friday,17
lsf,2019-07-19 15:08:46+00:00,elajamali,Commit,2019-07,Friday,15
lsf,2019-07-19 15:06:54+00:00,elajamali,Commit,2019-07,Friday,15
lsf,2019-07-19 15:05:48+00:00,Hila Manalai,Commit,2019-07,Friday,15
lsf,2019-07-19 15:04:45+00:00,Hila Manalai,Commit,2019-07,Friday,15
lsf,2019-07-19 14:51:55+00:00,santoshernandezr,Commit,2019-07,Friday,14
lsf,2019-07-19 14:47:49+00:00,santoshernandezr,Commit,2019-07,Friday,14
lsf,2019-07-19 14:39:51+00:00,elajamali,Commit,2019-07,Friday,14
lsf,2019-07-19 14:34:22+00:00,santoshernandezr,Commit,2019-07,Friday,14
lsf,2019-07-19 13:30:03+00:00,elajamali,Commit,2019-07,Friday,13
lsf,2019-07-19 13:19:00+00:00,santoshernandezr,Commit,2019-07,Friday,13
lsf,2019-07-19 13:02:25+00:00,sheggen,Commit,2019-07,Friday,13
lsf,2019-07-19 12:48:20+00:00,elajamali,Commit,2019-07,Friday,12
lsf,2019-07-19 12:11:13+00:00,GuillermoCruz32,Commit,2019-07,Friday,12
lsf,2019-07-18 21:41:02+00:00,May,Commit,2019-07,Thursday,21
lsf,2019-07-18 21:37:40+00:00,May,Commit,2019-07,Thursday,21
lsf,2019-07-18 21:17:55+00:00,Kat Adams & Bria Williams,Commit,2019-07,Thursday,21
lsf,2019-07-18 21:12:06+00:00,elajamali,Commit,2019-07,Thursday,21
lsf,2019-07-18 21:09:42+00:00,elajamali,Commit,2019-07,Thursday,21
lsf,2019-07-18 21:08:28+00:00,Hila Manalai,Commit,2019-07,Thursday,21
lsf,2019-07-18 20:53:19+00:00,sheggen,Commit,2019-07,Thursday,20
lsf,2019-07-18 20:27:15+00:00,Kat Adams & Bria Williams,Commit,2019-07,Thursday,20
lsf,2019-07-18 20:18:55+00:00,sheggen,Commit,2019-07,Thursday,20
lsf,2019-07-18 20:12:38+00:00,sheggen,Commit,2019-07,Thursday,20
lsf,2019-07-18 18:52:30+00:00,Kat Adams & Bria Williams,Commit,2019-07,Thursday,18
lsf,2019-07-18 18:37:35+00:00,Alex Bryant,Commit,2019-07,Thursday,18
lsf,2019-07-18 17:43:15+00:00,Kat Adams & Bria Williams,Commit,2019-07,Thursday,17
lsf,2019-07-18 17:30:45+00:00,Kat Adams & Bria Williams,Commit,2019-07,Thursday,17
lsf,2019-07-18 17:28:37+00:00,Kat Adams & Bria Williams,Commit,2019-07,Thursday,17
lsf,2019-07-18 17:19:32+00:00,sheggen,Commit,2019-07,Thursday,17
lsf,2019-07-18 17:18:29+00:00,sheggen,Commit,2019-07,Thursday,17
lsf,2019-07-18 17:15:43+00:00,Kat Adams & Bria Williams,Commit,2019-07,Thursday,17
lsf,2019-07-18 17:14:32+00:00,Kat Adams & Bria Williams,Commit,2019-07,Thursday,17
lsf,2019-07-18 17:09:35+00:00,Kat Adams & Bria Williams,Commit,2019-07,Thursday,17
lsf,2019-07-18 15:46:50+00:00,Hila Manalai,Commit,2019-07,Thursday,15
lsf,2019-07-18 15:25:32+00:00,elajamali,Commit,2019-07,Thursday,15
lsf,2019-07-18 15:19:14+00:00,GuillermoCruz32,Commit,2019-07,Thursday,15
lsf,2019-07-18 15:14:53+00:00,BriaW,Commit,2019-07,Thursday,15
lsf,2019-07-18 15:14:04+00:00,santoshernandezr,Commit,2019-07,Thursday,15
lsf,2019-07-18 15:12:42+00:00,sheggen,Commit,2019-07,Thursday,15
lsf,2019-07-18 14:59:28+00:00,sheggen,Commit,2019-07,Thursday,14
lsf,2019-07-18 14:57:43+00:00,sheggen,Commit,2019-07,Thursday,14
lsf,2019-07-18 14:49:58+00:00,Alex Bryant,Commit,2019-07,Thursday,14
lsf,2019-07-18 14:49:13+00:00,Alex Bryant,Commit,2019-07,Thursday,14
lsf,2019-07-18 14:47:19+00:00,Hila Manalai,Commit,2019-07,Thursday,14
lsf,2019-07-18 14:45:04+00:00,BriaW,Commit,2019-07,Thursday,14
lsf,2019-07-18 14:40:40+00:00,Hila Manalai,Commit,2019-07,Thursday,14
lsf,2019-07-18 14:37:57+00:00,Hila Manalai,Commit,2019-07,Thursday,14
lsf,2019-07-18 14:36:08+00:00,Hila Manalai,Commit,2019-07,Thursday,14
lsf,2019-07-18 14:35:21+00:00,elajamali,Commit,2019-07,Thursday,14
lsf,2019-07-18 14:30:58+00:00,May,Commit,2019-07,Thursday,14
lsf,2019-07-18 13:31:28+00:00,sheggen,Commit,2019-07,Thursday,13
lsf,2019-07-18 13:03:52+00:00,sheggen,Commit,2019-07,Thursday,13
lsf,2019-07-18 13:03:05+00:00,Hila Manalai,Commit,2019-07,Thursday,13
lsf,2019-07-18 13:00:16+00:00,GuillermoCruz32,Commit,2019-07,Thursday,13
lsf,2019-07-18 12:59:55+00:00,GuillermoCruz32,Commit,2019-07,Thursday,12
lsf,2019-07-18 12:59:53+00:00,sheggen,Commit,2019-07,Thursday,12
lsf,2019-07-18 12:50:33+00:00,Hila Manalai,Commit,2019-07,Thursday,12
lsf,2019-07-18 12:49:19+00:00,elajamali,Commit,2019-07,Thursday,12
lsf,2019-07-18 12:29:02+00:00,elajamali,Commit,2019-07,Thursday,12
lsf,2019-07-18 12:28:32+00:00,elajamali,Commit,2019-07,Thursday,12
lsf,2019-07-17 22:01:42+00:00,Hila Manalai,Commit,2019-07,Wednesday,22
lsf,2019-07-17 21:41:58+00:00,sheggen,Commit,2019-07,Wednesday,21
lsf,2019-07-17 21:40:56+00:00,sheggen,Commit,2019-07,Wednesday,21
lsf,2019-07-17 21:14:08+00:00,santoshernandezr,Commit,2019-07,Wednesday,21
lsf,2019-07-17 21:03:33+00:00,elajamali,Commit,2019-07,Wednesday,21
lsf,2019-07-17 20:59:00+00:00,Alex Bryant,Commit,2019-07,Wednesday,20
lsf,2019-07-17 20:03:54+00:00,BriaW,Commit,2019-07,Wednesday,20
lsf,2019-07-17 20:02:16+00:00,BriaW,Commit,2019-07,Wednesday,20
lsf,2019-07-17 19:57:21+00:00,Kat Adams & Bria Williams,Commit,2019-07,Wednesday,19
lsf,2019-07-17 19:32:34+00:00,Kat Adams & Bria Williams,Commit,2019-07,Wednesday,19
lsf,2019-07-17 19:30:30+00:00,Kat Adams & Bria Williams,Commit,2019-07,Wednesday,19
lsf,2019-07-17 19:10:53+00:00,santoshernandezr,Commit,2019-07,Wednesday,19
lsf,2019-07-17 19:10:37+00:00,Alex Bryant,Commit,2019-07,Wednesday,19
lsf,2019-07-17 19:07:56+00:00,Kat Adams & Bria Williams,Commit,2019-07,Wednesday,19
lsf,2019-07-17 19:07:21+00:00,Alex Bryant,Commit,2019-07,Wednesday,19
lsf,2019-07-17 19:03:07+00:00,Kat Adams & Bria Williams,Commit,2019-07,Wednesday,19
lsf,2019-07-17 18:59:56+00:00,Kat Adams & Bria Williams,Commit,2019-07,Wednesday,18
lsf,2019-07-17 18:44:25+00:00,May,Commit,2019-07,Wednesday,18
lsf,2019-07-17 18:38:02+00:00,May,Commit,2019-07,Wednesday,18
lsf,2019-07-17 18:15:28+00:00,elajamali,Commit,2019-07,Wednesday,18
lsf,2019-07-17 18:06:29+00:00,Kat Adams & Bria Williams,Commit,2019-07,Wednesday,18
lsf,2019-07-17 17:52:44+00:00,Alex Bryant,Commit,2019-07,Wednesday,17
lsf,2019-07-17 17:48:27+00:00,sheggen,Commit,2019-07,Wednesday,17
lsf,2019-07-17 17:40:39+00:00,Kat Adams & Bria Williams,Commit,2019-07,Wednesday,17
lsf,2019-07-17 17:40:36+00:00,sheggen,Commit,2019-07,Wednesday,17
lsf,2019-07-17 17:37:54+00:00,elajamali,Commit,2019-07,Wednesday,17
lsf,2019-07-17 17:34:44+00:00,Hila Manalai,Commit,2019-07,Wednesday,17
lsf,2019-07-17 17:30:49+00:00,Kat Adams & Bria Williams,Commit,2019-07,Wednesday,17
lsf,2019-07-17 17:20:58+00:00,Kat Adams & Bria Williams,Commit,2019-07,Wednesday,17
lsf,2019-07-17 17:16:57+00:00,Hila Manalai,Commit,2019-07,Wednesday,17
lsf,2019-07-17 17:00:22+00:00,sheggen,Commit,2019-07,Wednesday,17
lsf,2019-07-17 16:56:46+00:00,sheggen,Commit,2019-07,Wednesday,16
lsf,2019-07-17 16:55:25+00:00,sheggen,Commit,2019-07,Wednesday,16
lsf,2019-07-17 15:29:02+00:00,Kat Adams & Bria Williams,Commit,2019-07,Wednesday,15
lsf,2019-07-17 15:01:18+00:00,May,Commit,2019-07,Wednesday,15
lsf,2019-07-17 14:46:20+00:00,elajamali,Commit,2019-07,Wednesday,14
lsf,2019-07-17 14:45:51+00:00,Hila Manalai,Commit,2019-07,Wednesday,14
lsf,2019-07-17 14:34:20+00:00,Alex Bryant,Commit,2019-07,Wednesday,14
lsf,2019-07-17 14:33:38+00:00,Alex Bryant,Commit,2019-07,Wednesday,14
lsf,2019-07-17 14:30:41+00:00,sheggen,Commit,2019-07,Wednesday,14
lsf,2019-07-17 14:28:03+00:00,sheggen,Commit,2019-07,Wednesday,14
lsf,2019-07-17 14:18:30+00:00,May,Commit,2019-07,Wednesday,14
lsf,2019-07-17 14:11:07+00:00,elajamali,Commit,2019-07,Wednesday,14
lsf,2019-07-17 14:06:58+00:00,sheggen,Commit,2019-07,Wednesday,14
lsf,2019-07-17 14:01:42+00:00,Hila Manalai,Commit,2019-07,Wednesday,14
lsf,2019-07-17 13:54:28+00:00,Hila Manalai,Commit,2019-07,Wednesday,13
lsf,2019-07-17 13:52:20+00:00,Hila Manalai,Commit,2019-07,Wednesday,13
lsf,2019-07-17 12:49:44+00:00,elajamali,Commit,2019-07,Wednesday,12
lsf,2019-07-16 20:59:42+00:00,Kat Adams & Bria Williams,Commit,2019-07,Tuesday,20
lsf,2019-07-16 20:45:09+00:00,Alex Bryant,Commit,2019-07,Tuesday,20
lsf,2019-07-16 19:14:38+00:00,Kat Adams & Bria Williams,Commit,2019-07,Tuesday,19
lsf,2019-07-16 19:06:50+00:00,Alex Bryant,Commit,2019-07,Tuesday,19
lsf,2019-07-16 19:05:00+00:00,Alex Bryant,Commit,2019-07,Tuesday,19
lsf,2019-07-16 19:03:57+00:00,sheggen,Commit,2019-07,Tuesday,19
lsf,2019-07-16 18:57:38+00:00,elajamali,Commit,2019-07,Tuesday,18
lsf,2019-07-16 18:55:26+00:00,Hila Manalai,Commit,2019-07,Tuesday,18
lsf,2019-07-16 18:52:54+00:00,elajamali,Commit,2019-07,Tuesday,18
lsf,2019-07-16 18:44:44+00:00,santoshernandezr,Commit,2019-07,Tuesday,18
lsf,2019-07-16 18:38:19+00:00,santoshernandezr,Commit,2019-07,Tuesday,18
lsf,2019-07-16 18:27:59+00:00,Luis Riera,Commit,2019-07,Tuesday,18
lsf,2019-07-16 18:26:02+00:00,santoshernandezr,Commit,2019-07,Tuesday,18
lsf,2019-07-16 18:25:28+00:00,sheggen,Commit,2019-07,Tuesday,18
lsf,2019-07-16 18:24:03+00:00,sheggen,Commit,2019-07,Tuesday,18
lsf,2019-07-16 18:22:48+00:00,santoshernandezr,Commit,2019-07,Tuesday,18
lsf,2019-07-16 18:12:56+00:00,Kat Adams & Bria Williams,Commit,2019-07,Tuesday,18
lsf,2019-07-16 18:08:32+00:00,sheggen,Commit,2019-07,Tuesday,18
lsf,2019-07-16 18:07:58+00:00,sheggen,Commit,2019-07,Tuesday,18
lsf,2019-07-16 17:58:40+00:00,Hila Manalai,Commit,2019-07,Tuesday,17
lsf,2019-07-16 17:57:40+00:00,Hila Manalai,Commit,2019-07,Tuesday,17
lsf,2019-07-16 17:55:22+00:00,elajamali,Commit,2019-07,Tuesday,17
lsf,2019-07-16 17:34:09+00:00,sheggen,Commit,2019-07,Tuesday,17
lsf,2019-07-16 17:34:03+00:00,sheggen,Commit,2019-07,Tuesday,17
lsf,2019-07-16 17:33:56+00:00,Kat Adams & Bria Williams,Commit,2019-07,Tuesday,17
lsf,2019-07-16 17:32:48+00:00,Kat Adams & Bria Williams,Commit,2019-07,Tuesday,17
lsf,2019-07-16 17:27:50+00:00,Luis Riera,Commit,2019-07,Tuesday,17
lsf,2019-07-16 17:10:57+00:00,Kat Adams & Bria Williams,Commit,2019-07,Tuesday,17
lsf,2019-07-16 16:07:54+00:00,sheggen,Commit,2019-07,Tuesday,16
lsf,2019-07-16 15:59:06+00:00,sheggen,Commit,2019-07,Tuesday,15
lsf,2019-07-16 15:52:48+00:00,santoshernandezr,Commit,2019-07,Tuesday,15
lsf,2019-07-16 15:45:21+00:00,Hila Manalai,Commit,2019-07,Tuesday,15
lsf,2019-07-16 15:41:37+00:00,sheggen,Commit,2019-07,Tuesday,15
lsf,2019-07-16 15:41:32+00:00,sheggen,Commit,2019-07,Tuesday,15
lsf,2019-07-16 15:39:44+00:00,Kat Adams & Bria Williams,Commit,2019-07,Tuesday,15
lsf,2019-07-16 15:36:37+00:00,Hila Manalai,Commit,2019-07,Tuesday,15
lsf,2019-07-16 15:34:51+00:00,Luis Riera,Commit,2019-07,Tuesday,15
lsf,2019-07-16 15:31:50+00:00,sheggen,Commit,2019-07,Tuesday,15
lsf,2019-07-16 15:28:57+00:00,sheggen,Commit,2019-07,Tuesday,15
lsf,2019-07-16 15:25:17+00:00,Kat Adams & Bria Williams,Commit,2019-07,Tuesday,15
lsf,2019-07-16 15:00:03+00:00,Hila Manalai,Commit,2019-07,Tuesday,15
lsf,2019-07-16 13:37:16+00:00,Kat Adams & Bria Williams,Commit,2019-07,Tuesday,13
lsf,2019-07-16 13:34:47+00:00,Luis Riera,Commit,2019-07,Tuesday,13
lsf,2019-07-16 13:06:42+00:00,santoshernandezr,Commit,2019-07,Tuesday,13
lsf,2019-07-15 21:32:59+00:00,Hila Manalai,Commit,2019-07,Monday,21
lsf,2019-07-15 21:30:47+00:00,elajamali,Commit,2019-07,Monday,21
lsf,2019-07-15 21:05:48+00:00,Alex Bryant,Commit,2019-07,Monday,21
lsf,2019-07-15 20:44:58+00:00,Hila Manalai,Commit,2019-07,Monday,20
lsf,2019-07-15 20:41:12+00:00,elajamali,Commit,2019-07,Monday,20
lsf,2019-07-15 20:37:02+00:00,Hila Manalai,Commit,2019-07,Monday,20
lsf,2019-07-15 20:26:00+00:00,elajamali,Commit,2019-07,Monday,20
lsf,2019-07-15 20:17:53+00:00,Alex Bryant,Commit,2019-07,Monday,20
lsf,2019-07-15 19:39:12+00:00,Kat Adams & Bria Williams,Commit,2019-07,Monday,19
lsf,2019-07-15 19:37:29+00:00,Alex Bryant,Commit,2019-07,Monday,19
lsf,2019-07-15 19:34:37+00:00,GuillermoCruz32,Commit,2019-07,Monday,19
lsf,2019-07-15 19:07:01+00:00,elajamali,Commit,2019-07,Monday,19
lsf,2019-07-15 19:03:23+00:00,Hila Manalai,Commit,2019-07,Monday,19
lsf,2019-07-15 19:03:12+00:00,Hila Manalai,Commit,2019-07,Monday,19
lsf,2019-07-15 18:59:53+00:00,Kat Adams & Bria Williams,Commit,2019-07,Monday,18
lsf,2019-07-15 18:59:16+00:00,Kat Adams & Bria Williams,Commit,2019-07,Monday,18
lsf,2019-07-15 18:51:13+00:00,May,Commit,2019-07,Monday,18
lsf,2019-07-15 18:46:21+00:00,GuillermoCruz32,Commit,2019-07,Monday,18
lsf,2019-07-15 18:45:55+00:00,sheggen,Commit,2019-07,Monday,18
lsf,2019-07-15 18:33:43+00:00,Kat Adams & Bria Williams,Commit,2019-07,Monday,18
lsf,2019-07-15 18:29:42+00:00,GuillermoCruz32,Commit,2019-07,Monday,18
lsf,2019-07-15 18:27:40+00:00,sheggen,Commit,2019-07,Monday,18
lsf,2019-07-15 18:18:59+00:00,Luis Riera,Commit,2019-07,Monday,18
lsf,2019-07-15 18:18:49+00:00,elajamali,Commit,2019-07,Monday,18
lsf,2019-07-15 18:17:30+00:00,santoshernandezr,Commit,2019-07,Monday,18
lsf,2019-07-15 18:16:26+00:00,Kat Adams & Bria Williams,Commit,2019-07,Monday,18
lsf,2019-07-15 18:12:16+00:00,elajamali,Commit,2019-07,Monday,18
lsf,2019-07-15 18:09:05+00:00,Hila Manalai,Commit,2019-07,Monday,18
lsf,2019-07-15 18:06:10+00:00,Kat Adams & Bria Williams,Commit,2019-07,Monday,18
lsf,2019-07-15 17:49:58+00:00,Kat Adams & Bria Williams,Commit,2019-07,Monday,17
lsf,2019-07-15 17:49:24+00:00,elajamali,Commit,2019-07,Monday,17
lsf,2019-07-15 17:47:22+00:00,Alex Bryant,Commit,2019-07,Monday,17
lsf,2019-07-15 17:21:30+00:00,elajamali,Commit,2019-07,Monday,17
lsf,2019-07-15 15:47:03+00:00,Kat Adams & Bria Williams,Commit,2019-07,Monday,15
lsf,2019-07-15 15:29:11+00:00,Kat Adams & Bria Williams,Commit,2019-07,Monday,15
lsf,2019-07-15 14:34:42+00:00,elajamali,Commit,2019-07,Monday,14
lsf,2019-07-15 14:34:06+00:00,elajamali,Commit,2019-07,Monday,14
lsf,2019-07-15 14:33:08+00:00,Kat Adams & Bria Williams,Commit,2019-07,Monday,14
lsf,2019-07-15 14:26:17+00:00,Kat Adams & Bria Williams,Commit,2019-07,Monday,14
lsf,2019-07-15 14:13:58+00:00,Alex Bryant,Commit,2019-07,Monday,14
lsf,2019-07-15 14:05:16+00:00,Hila Manalai,Commit,2019-07,Monday,14
lsf,2019-07-15 14:03:06+00:00,elajamali,Commit,2019-07,Monday,14
lsf,2019-07-15 13:52:26+00:00,Kat Adams & Bria Williams,Commit,2019-07,Monday,13
lsf,2019-07-15 13:51:07+00:00,Kat Adams & Bria Williams,Commit,2019-07,Monday,13
lsf,2019-07-15 13:43:33+00:00,Kat Adams & Bria Williams,Commit,2019-07,Monday,13
lsf,2019-07-15 13:36:02+00:00,elajamali,Commit,2019-07,Monday,13
lsf,2019-07-15 13:13:57+00:00,elajamali,Commit,2019-07,Monday,13
lsf,2019-07-15 13:13:36+00:00,Kat Adams & Bria Williams,Commit,2019-07,Monday,13
lsf,2019-07-15 13:06:49+00:00,Kat Adams & Bria Williams,Commit,2019-07,Monday,13
lsf,2019-07-15 13:05:27+00:00,elajamali,Commit,2019-07,Monday,13
lsf,2019-07-15 12:59:08+00:00,elajamali,Commit,2019-07,Monday,12
lsf,2019-07-15 12:42:42+00:00,Kat Adams & Bria Williams,Commit,2019-07,Monday,12
lsf,2019-07-12 22:44:32+00:00,May,Commit,2019-07,Friday,22
lsf,2019-07-12 21:14:14+00:00,elajamali,Commit,2019-07,Friday,21
lsf,2019-07-12 21:07:42+00:00,Hila Manalai,Commit,2019-07,Friday,21
lsf,2019-07-12 21:00:10+00:00,Alex Bryant,Commit,2019-07,Friday,21
lsf,2019-07-12 20:53:29+00:00,elajamali,Commit,2019-07,Friday,20
lsf,2019-07-12 20:51:48+00:00,elajamali,Commit,2019-07,Friday,20
lsf,2019-07-12 20:48:11+00:00,GuillermoCruz32,Commit,2019-07,Friday,20
lsf,2019-07-12 18:51:57+00:00,Hila Manalai,Commit,2019-07,Friday,18
lsf,2019-07-12 18:44:29+00:00,elajamali,Commit,2019-07,Friday,18
lsf,2019-07-12 17:54:23+00:00,Kat Adams & Bria Williams,Commit,2019-07,Friday,17
lsf,2019-07-12 17:46:19+00:00,Kat Adams & Bria Williams,Commit,2019-07,Friday,17
lsf,2019-07-12 17:42:12+00:00,Kat Adams & Bria Williams,Commit,2019-07,Friday,17
lsf,2019-07-12 17:38:06+00:00,Kat Adams & Bria Williams,Commit,2019-07,Friday,17
lsf,2019-07-12 17:34:05+00:00,Kat Adams & Bria Williams,Commit,2019-07,Friday,17
lsf,2019-07-12 17:31:53+00:00,Kat Adams & Bria Williams,Commit,2019-07,Friday,17
lsf,2019-07-12 17:29:42+00:00,Kat Adams & Bria Williams,Commit,2019-07,Friday,17
lsf,2019-07-12 17:19:02+00:00,Hila Manalai,Commit,2019-07,Friday,17
lsf,2019-07-12 17:17:58+00:00,May,Commit,2019-07,Friday,17
lsf,2019-07-12 17:16:03+00:00,Kat Adams & Bria Williams,Commit,2019-07,Friday,17
lsf,2019-07-12 15:47:19+00:00,Kat Adams & Bria Williams,Commit,2019-07,Friday,15
lsf,2019-07-12 15:37:59+00:00,elajamali,Commit,2019-07,Friday,15
lsf,2019-07-12 15:32:05+00:00,Kat Adams & Bria Williams,Commit,2019-07,Friday,15
lsf,2019-07-12 15:01:40+00:00,GuillermoCruz32,Commit,2019-07,Friday,15
lsf,2019-07-12 14:59:11+00:00,GuillermoCruz32,Commit,2019-07,Friday,14
lsf,2019-07-12 14:42:10+00:00,Hila Manalai,Commit,2019-07,Friday,14
lsf,2019-07-12 14:39:52+00:00,santoshernandezr,Commit,2019-07,Friday,14
lsf,2019-07-12 14:35:21+00:00,Kat Adams & Bria Williams,Commit,2019-07,Friday,14
lsf,2019-07-12 14:34:54+00:00,santoshernandezr,Commit,2019-07,Friday,14
lsf,2019-07-12 14:33:50+00:00,Kat Adams & Bria Williams,Commit,2019-07,Friday,14
lsf,2019-07-12 14:33:46+00:00,Luis Riera,Commit,2019-07,Friday,14
lsf,2019-07-12 14:23:46+00:00,GuillermoCruz32,Commit,2019-07,Friday,14
lsf,2019-07-12 14:22:36+00:00,Alex Bryant,Commit,2019-07,Friday,14
lsf,2019-07-12 13:54:59+00:00,santoshernandezr,Commit,2019-07,Friday,13
lsf,2019-07-12 13:51:04+00:00,Kat Adams & Bria Williams,Commit,2019-07,Friday,13
lsf,2019-07-12 13:46:55+00:00,elajamali,Commit,2019-07,Friday,13
lsf,2019-07-12 12:53:44+00:00,Hila Manalai,Commit,2019-07,Friday,12
lsf,2019-07-11 20:50:09+00:00,HaileyB0311,Commit,2019-07,Thursday,20
lsf,2019-07-11 20:44:15+00:00,elajamali,Commit,2019-07,Thursday,20
lsf,2019-07-11 20:09:43+00:00,elajamali,Commit,2019-07,Thursday,20
lsf,2019-07-11 20:09:28+00:00,Alex Bryant,Commit,2019-07,Thursday,20
lsf,2019-07-11 19:35:39+00:00,Kat Adams & Bria Williams,Commit,2019-07,Thursday,19
lsf,2019-07-11 17:56:16+00:00,Kat Adams & Bria Williams,Commit,2019-07,Thursday,17
lsf,2019-07-11 13:29:26+00:00,Kat Adams & Bria Williams,Commit,2019-07,Thursday,13
lsf,2019-07-11 12:58:38+00:00,sheggen,Commit,2019-07,Thursday,12
lsf,2019-07-11 12:58:30+00:00,sheggen,Commit,2019-07,Thursday,12
lsf,2019-07-09 12:50:50+00:00,Kat Adams & Bria Williams,Commit,2019-07,Tuesday,12
lsf,2019-07-09 04:18:43+00:00,sheggen,Commit,2019-07,Tuesday,4
lsf,2019-07-09 04:18:28+00:00,sheggen,Commit,2019-07,Tuesday,4
lsf,2019-07-08 17:27:45+00:00,Kat Adams & Bria Williams,Commit,2019-07,Monday,17
lsf,2019-07-08 17:21:54+00:00,Kat Adams & Bria Williams,Commit,2019-07,Monday,17
lsf,2019-07-08 12:53:57+00:00,sheggen,Commit,2019-07,Monday,12
lsf,2019-07-05 12:46:02+00:00,sheggen,Commit,2019-07,Friday,12
lsf,2019-07-05 03:20:03+00:00,sheggen,Commit,2019-07,Friday,3
lsf,2019-07-04 20:30:56+00:00,sheggen,Commit,2019-07,Thursday,20
lsf,2019-07-04 12:55:55+00:00,sheggen,Commit,2019-07,Thursday,12
lsf,2019-07-04 05:08:51+00:00,sheggen,Commit,2019-07,Thursday,5
lsf,2019-07-04 04:46:37+00:00,sheggen,Commit,2019-07,Thursday,4
lsf,2019-07-04 04:22:21+00:00,sheggen,Commit,2019-07,Thursday,4
lsf,2019-07-04 04:18:36+00:00,sheggen,Commit,2019-07,Thursday,4
lsf,2019-07-04 03:39:00+00:00,sheggen,Commit,2019-07,Thursday,3
lsf,2019-07-04 03:36:07+00:00,sheggen,Commit,2019-07,Thursday,3
lsf,2019-07-03 15:59:09+00:00,Kat Adams & Bria Williams,Commit,2019-07,Wednesday,15
lsf,2019-07-03 15:57:47+00:00,Kat Adams & Bria Williams,Commit,2019-07,Wednesday,15
lsf,2019-07-03 15:56:00+00:00,Kat Adams & Bria Williams,Commit,2019-07,Wednesday,15
lsf,2019-07-03 15:32:12+00:00,Kat Adams & Bria Williams,Commit,2019-07,Wednesday,15
lsf,2019-07-03 15:12:34+00:00,sheggen,Commit,2019-07,Wednesday,15
lsf,2019-07-03 15:12:25+00:00,sheggen,Commit,2019-07,Wednesday,15
lsf,2019-07-03 15:00:26+00:00,Kat Adams & Bria Williams,Commit,2019-07,Wednesday,15
lsf,2019-07-03 14:57:45+00:00,Kat Adams & Bria Williams,Commit,2019-07,Wednesday,14
lsf,2019-07-03 14:28:25+00:00,Kat Adams & Bria Williams,Commit,2019-07,Wednesday,14
lsf,2019-07-02 21:24:36+00:00,Kat Adams & Bria Williams,Commit,2019-07,Tuesday,21
lsf,2019-07-02 20:36:23+00:00,Kat Adams & Bria Williams,Commit,2019-07,Tuesday,20
lsf,2019-07-02 20:33:34+00:00,Kat Adams & Bria Williams,Commit,2019-07,Tuesday,20
lsf,2019-07-02 20:09:39+00:00,Kat Adams & Bria Williams,Commit,2019-07,Tuesday,20
lsf,2019-07-02 19:55:21+00:00,Kat Adams & Bria Williams,Commit,2019-07,Tuesday,19
lsf,2019-07-02 19:47:08+00:00,Kat Adams & Bria Williams,Commit,2019-07,Tuesday,19
lsf,2019-07-02 19:26:33+00:00,Kat Adams & Bria Williams,Commit,2019-07,Tuesday,19
lsf,2019-07-02 19:17:29+00:00,Kat Adams & Bria Williams,Commit,2019-07,Tuesday,19
lsf,2019-07-02 19:09:03+00:00,Kat Adams & Bria Williams,Commit,2019-07,Tuesday,19
lsf,2019-07-02 18:32:47+00:00,Kat Adams & Bria Williams,Commit,2019-07,Tuesday,18
lsf,2019-07-02 18:25:32+00:00,Kat Adams & Bria Williams,Commit,2019-07,Tuesday,18
lsf,2019-07-02 18:15:50+00:00,Kat Adams & Bria Williams,Commit,2019-07,Tuesday,18
lsf,2019-07-02 18:00:42+00:00,Kat Adams & Bria Williams,Commit,2019-07,Tuesday,18
lsf,2019-07-02 17:51:14+00:00,Kat Adams & Bria Williams,Commit,2019-07,Tuesday,17
lsf,2019-07-02 17:49:02+00:00,Kat Adams & Bria Williams,Commit,2019-07,Tuesday,17
lsf,2019-07-01 20:45:49+00:00,Kat Adams & Bria Williams,Commit,2019-07,Monday,20
lsf,2019-07-01 19:38:02+00:00,Kat Adams & Bria Williams,Commit,2019-07,Monday,19
lsf,2019-07-01 19:33:16+00:00,Kat Adams & Bria Williams,Commit,2019-07,Monday,19
lsf,2019-07-01 17:57:59+00:00,Kat Adams & Bria Williams,Commit,2019-07,Monday,17
lsf,2019-07-01 17:51:08+00:00,Kat Adams & Bria Williams,Commit,2019-07,Monday,17
lsf,2019-07-01 17:42:12+00:00,Kat Adams & Bria Williams,Commit,2019-07,Monday,17
lsf,2019-07-01 17:37:12+00:00,Kat Adams & Bria Williams,Commit,2019-07,Monday,17
lsf,2019-07-01 17:29:20+00:00,Kat Adams & Bria Williams,Commit,2019-07,Monday,17
lsf,2019-07-01 17:12:56+00:00,Kat Adams & Bria Williams,Commit,2019-07,Monday,17
lsf,2019-07-01 15:46:25+00:00,Kat Adams & Bria Williams,Commit,2019-07,Monday,15
lsf,2019-06-26 15:47:31+00:00,wgs1862019,Commit,2019-06,Wednesday,15
lsf,2019-06-26 15:46:17+00:00,wgs1862019,Commit,2019-06,Wednesday,15
lsf,2019-06-26 15:38:30+00:00,sheggen,Commit,2019-06,Wednesday,15
lsf,2022-05-31 17:01:03+00:00,bryantal,PR opened,2022-05,Tuesday,17
lsf,2022-05-31 17:06:09+00:00,bryantal,PR opened,2022-05,Tuesday,17
lsf,2022-05-31 17:07:13+00:00,bryantal,PR opened,2022-05,Tuesday,17
lsf,2022-08-03 14:12:04+00:00,,PR merged,2022-08,Wednesday,14
lsf,2022-05-31 17:19:17+00:00,bryantal,PR opened,2022-05,Tuesday,17
lsf,2022-05-31 17:20:20+00:00,bryantal,PR opened,2022-05,Tuesday,17
lsf,2022-05-31 17:21:16+00:00,bryantal,PR opened,2022-05,Tuesday,17
lsf,2022-05-31 17:22:03+00:00,bryantal,PR opened,2022-05,Tuesday,17
lsf,2022-05-31 17:23:01+00:00,bryantal,PR opened,2022-05,Tuesday,17
lsf,2022-08-24 21:10:24+00:00,sreynit02,PR opened,2022-08,Wednesday,21
lsf,2022-08-25 14:32:01+00:00,,PR merged,2022-08,Thursday,14
lsf,2022-08-25 20:10:47+00:00,thawpt,PR opened,2022-08,Thursday,20
lsf,2022-09-16 12:02:15+00:00,tylerpar99,PR merged,2022-09,Friday,12
lsf,2022-09-05 18:19:55+00:00,sreynit02,PR opened,2022-09,Monday,18
lsf,2022-11-21 15:24:07+00:00,,PR merged,2022-11,Monday,15
lsf,2022-09-19 14:15:01+00:00,bledsoef,PR opened,2022-09,Monday,14
lsf,2022-10-26 17:37:44+00:00,,PR merged,2022-10,Wednesday,17
lsf,2022-09-22 15:01:39+00:00,martinj2-dot,PR opened,2022-09,Thursday,15
lsf,2022-09-23 20:07:28+00:00,sreynit02,PR merged,2022-09,Friday,20
lsf,2022-09-30 19:26:01+00:00,bledsoef,PR opened,2022-09,Friday,19
lsf,2022-10-12 12:57:10+00:00,bledsoef,PR opened,2022-10,Wednesday,12
lsf,2022-11-21 14:54:24+00:00,,PR merged,2022-11,Monday,14
lsf,2022-10-17 13:27:25+00:00,tylerpar99,PR opened,2022-10,Monday,13
lsf,2022-12-07 20:50:38+00:00,,PR merged,2022-12,Wednesday,20
lsf,2022-12-05 13:29:22+00:00,bledsoef,PR opened,2022-12,Monday,13
lsf,2023-08-29 16:24:42+00:00,,PR merged,2023-08,Tuesday,16
lsf,2022-12-14 16:30:59+00:00,tylerpar99,PR opened,2022-12,Wednesday,16
lsf,2023-08-29 16:24:40+00:00,,PR merged,2023-08,Tuesday,16
lsf,2023-01-13 21:10:01+00:00,sreynit02,PR opened,2023-01,Friday,21
lsf,2023-01-31 20:15:10+00:00,AndersonStettner,PR merged,2023-01,Tuesday,20
lsf,2023-01-18 15:38:34+00:00,gahimbaref,PR opened,2023-01,Wednesday,15
lsf,2023-02-09 15:42:51+00:00,AndersonStettner,PR merged,2023-02,Thursday,15
lsf,2023-01-19 22:00:12+00:00,sreynit02,PR opened,2023-01,Thursday,22
lsf,2023-01-23 20:52:34+00:00,solijonovam,PR opened,2023-01,Monday,20
lsf,2023-02-10 20:27:41+00:00,,PR merged,2023-02,Friday,20
lsf,2023-01-26 21:23:56+00:00,tylerpar99,PR opened,2023-01,Thursday,21
lsf,2023-02-14 21:30:17+00:00,,PR merged,2023-02,Tuesday,21
lsf,2023-02-01 20:57:01+00:00,solijonovam,PR opened,2023-02,Wednesday,20
lsf,2023-02-10 21:46:54+00:00,sreynit02,PR merged,2023-02,Friday,21
lsf,2023-02-13 19:48:07+00:00,bledsoef,PR opened,2023-02,Monday,19
lsf,2023-02-13 19:51:14+00:00,,PR merged,2023-02,Monday,19
lsf,2023-02-21 21:47:23+00:00,tylerpar99,PR opened,2023-02,Tuesday,21
lsf,2023-02-27 20:50:15+00:00,solijonovam,PR opened,2023-02,Monday,20
lsf,2023-03-23 20:08:06+00:00,sreynit02,PR merged,2023-03,Thursday,20
lsf,2023-03-20 20:52:28+00:00,solijonovam,PR opened,2023-03,Monday,20
lsf,2025-08-18 20:50:06+00:00,,PR merged,2025-08,Monday,20
lsf,2023-04-26 19:07:12+00:00,tylerpar99,PR opened,2023-04,Wednesday,19
lsf,2023-06-14 19:00:47+00:00,AndersonStettner,PR opened,2023-06,Wednesday,19
lsf,2023-07-18 18:28:13+00:00,AndersonStettner,PR merged,2023-07,Tuesday,18
lsf,2023-08-25 15:13:48+00:00,andersoncedu,PR opened,2023-08,Friday,15
lsf,2023-10-05 12:37:54+00:00,AndersonStettner,PR merged,2023-10,Thursday,12
lsf,2023-08-25 16:44:28+00:00,AndersonStettner,PR opened,2023-08,Friday,16
lsf,2023-11-20 15:50:52+00:00,,PR merged,2023-11,Monday,15
lsf,2023-08-28 15:30:58+00:00,hoerstl,PR opened,2023-08,Monday,15
lsf,2023-09-06 15:54:46+00:00,hoerstl,PR opened,2023-09,Wednesday,15
lsf,2023-12-08 16:58:45+00:00,AndersonStettner,PR merged,2023-12,Friday,16
lsf,2023-09-08 21:17:35+00:00,gahimbaref,PR opened,2023-09,Friday,21
lsf,2023-09-12 21:32:58+00:00,hoerstl,PR opened,2023-09,Tuesday,21
lsf,2024-01-11 21:25:54+00:00,hoerstl,PR merged,2024-01,Thursday,21
lsf,2023-09-18 15:26:21+00:00,hoerstl,PR opened,2023-09,Monday,15
lsf,2023-10-17 13:51:09+00:00,AndersonStettner,PR merged,2023-10,Tuesday,13
lsf,2023-09-19 15:21:03+00:00,andersoncedu,PR opened,2023-09,Tuesday,15
lsf,2024-04-02 13:08:28+00:00,AndersonStettner,PR merged,2024-04,Tuesday,13
lsf,2023-10-03 16:07:39+00:00,andersoncedu,PR opened,2023-10,Tuesday,16
lsf,2023-10-25 17:31:16+00:00,AndersonStettner,PR merged,2023-10,Wednesday,17
lsf,2023-11-20 16:30:50+00:00,AndersonStettner,PR opened,2023-11,Monday,16
lsf,2023-11-20 16:31:37+00:00,,PR merged,2023-11,Monday,16
lsf,2024-02-13 19:30:06+00:00,doucoureb,PR opened,2024-02,Tuesday,19
lsf,2024-04-02 18:17:42+00:00,AndersonStettner,PR merged,2024-04,Tuesday,18
lsf,2024-04-15 15:05:54+00:00,AndersonStettner,PR opened,2024-04,Monday,15
lsf,2024-04-16 13:46:22+00:00,,PR merged,2024-04,Tuesday,13
lsf,2024-08-29 20:18:00+00:00,bledsoef,PR opened,2024-08,Thursday,20
lsf,2024-08-29 20:28:45+00:00,,PR merged,2024-08,Thursday,20
lsf,2024-08-29 21:14:46+00:00,bledsoef,PR opened,2024-08,Thursday,21
lsf,2024-09-06 04:44:52+00:00,bledsoef,PR opened,2024-09,Friday,4
lsf,2024-10-04 19:06:41+00:00,stevensonmichel,PR merged,2024-10,Friday,19
lsf,2024-09-06 05:21:50+00:00,bledsoef,PR opened,2024-09,Friday,5
lsf,2024-10-09 19:16:31+00:00,hoerstl,PR merged,2024-10,Wednesday,19
lsf,2024-09-19 20:03:40+00:00,bledsoef,PR opened,2024-09,Thursday,20
lsf,2024-11-05 19:06:17+00:00,,PR merged,2024-11,Tuesday,19
lsf,2024-10-17 17:34:47+00:00,WackyWeaver,PR opened,2024-10,Thursday,17
lsf,2024-11-19 19:35:01+00:00,,PR merged,2024-11,Tuesday,19
lsf,2024-11-05 17:06:21+00:00,stevensonmichel,PR opened,2024-11,Tuesday,17
lsf,2024-11-18 20:09:11+00:00,bledsoef,PR merged,2024-11,Monday,20
lsf,2024-11-22 20:14:49+00:00,bledsoef,PR opened,2024-11,Friday,20
lsf,2024-11-22 21:06:59+00:00,,PR merged,2024-11,Friday,21
lsf,2024-12-03 20:54:01+00:00,hoerstl,PR opened,2024-12,Tuesday,20
lsf,2025-02-05 21:18:11+00:00,Karina-Agliullova,PR opened,2025-02,Wednesday,21
lsf,2025-03-20 15:53:53+00:00,,PR merged,2025-03,Thursday,15
lsf,2025-03-28 19:09:37+00:00,ojmakinde,PR opened,2025-03,Friday,19
lsf,2025-03-31 14:30:24+00:00,,PR merged,2025-03,Monday,14
lsf,2025-04-01 18:12:02+00:00,Karina-Agliullova,PR opened,2025-04,Tuesday,18
lsf,2025-04-01 20:20:04+00:00,,PR merged,2025-04,Tuesday,20
lsf,2025-04-01 21:22:25+00:00,Karina-Agliullova,PR opened,2025-04,Tuesday,21
lsf,2025-04-11 15:52:16+00:00,WackyWeaver,PR opened,2025-04,Friday,15
lsf,2025-04-30 20:55:13+00:00,WackyWeaver,PR merged,2025-04,Wednesday,20
lsf,2025-04-18 17:18:32+00:00,ojmakinde,PR opened,2025-04,Friday,17
lsf,2025-04-29 20:12:13+00:00,,PR merged,2025-04,Tuesday,20
lsf,2025-05-02 16:27:06+00:00,WackyWeaver,PR opened,2025-05,Friday,16
lsf,2025-08-18 20:46:39+00:00,,PR merged,2025-08,Monday,20
lsf,2025-06-25 19:05:45+00:00,GalinaP7,PR opened,2025-06,Wednesday,19
lsf,2025-06-26 14:54:13+00:00,,PR merged,2025-06,Thursday,14
lsf,2025-06-25 19:41:13+00:00,jjijon7000,PR opened,2025-06,Wednesday,19
lsf,2025-06-26 19:15:46+00:00,,PR merged,2025-06,Thursday,19
lsf,2025-06-26 18:31:32+00:00,mathew2005,PR opened,2025-06,Thursday,18
lsf,2025-06-26 19:45:26+00:00,,PR merged,2025-06,Thursday,19
lsf,2025-06-26 18:55:21+00:00,GalinaP7,PR opened,2025-06,Thursday,18
lsf,2025-06-26 19:10:55+00:00,,PR merged,2025-06,Thursday,19
lsf,2025-07-03 14:26:42+00:00,RueHaile,PR opened,2025-07,Thursday,14
lsf,2025-07-03 14:58:08+00:00,jjijon7000,PR opened,2025-07,Thursday,14
lsf,2025-07-03 18:20:16+00:00,BesherKitaz,PR opened,2025-07,Thursday,18
lsf,2025-10-29 17:54:09+00:00,,PR merged,2025-10,Wednesday,17
lsf,2025-07-10 19:45:39+00:00,Meatchema,PR opened,2025-07,Thursday,19
lsf,2025-08-19 12:17:11+00:00,,PR merged,2025-08,Tuesday,12
lsf,2025-07-14 20:35:45+00:00,BesherKitaz,PR opened,2025-07,Monday,20
lsf,2025-07-22 20:09:56+00:00,,PR merged,2025-07,Tuesday,20
lsf,2025-07-14 21:51:35+00:00,GalinaP7,PR opened,2025-07,Monday,21
lsf,2025-07-29 15:31:27+00:00,,PR merged,2025-07,Tuesday,15
lsf,2025-07-15 14:36:34+00:00,Arohasina,PR opened,2025-07,Tuesday,14
lsf,2025-07-21 14:59:02+00:00,RueHaile,PR opened,2025-07,Monday,14
lsf,2025-07-22 00:19:10+00:00,mathew2005,PR opened,2025-07,Tuesday,0
lsf,2025-07-29 20:09:04+00:00,Jsmi8334,PR opened,2025-07,Tuesday,20
lsf,2025-08-01 15:02:58+00:00,,PR merged,2025-08,Friday,15
lsf,2025-07-30 13:48:03+00:00,jjijon7000,PR opened,2025-07,Wednesday,13
lsf,2025-08-22 15:36:36+00:00,ojmakinde,PR opened,2025-08,Friday,15
lsf,2025-09-30 15:30:51+00:00,Karina-Agliullova,PR merged,2025-09,Tuesday,15
lsf,2025-09-02 19:19:10+00:00,ojmakinde,PR opened,2025-09,Tuesday,19
lsf,2025-09-08 20:28:14+00:00,JohnCox2211,PR opened,2025-09,Monday,20
lsf,2025-11-19 19:29:34+00:00,,PR merged,2025-11,Wednesday,19
lsf,2025-09-11 16:35:03+00:00,ojmakinde,PR opened,2025-09,Thursday,16
lsf,2025-09-11 16:38:39+00:00,,PR merged,2025-09,Thursday,16
lsf,2025-09-12 14:03:21+00:00,ali-ramazani,PR opened,2025-09,Friday,14
lsf,2025-09-12 14:21:34+00:00,ali-ramazani,PR opened,2025-09,Friday,14
lsf,2025-11-24 18:02:21+00:00,,PR merged,2025-11,Monday,18
lsf,2025-09-16 18:08:35+00:00,bakobagassas,PR opened,2025-09,Tuesday,18
lsf,2025-09-16 20:23:25+00:00,JohnCox2211,PR opened,2025-09,Tuesday,20
lsf,2025-11-11 17:43:27+00:00,,PR merged,2025-11,Tuesday,17
lsf,2025-09-23 22:26:08+00:00,RueHaile,PR opened,2025-09,Tuesday,22
lsf,2025-09-29 21:11:13+00:00,JohnCox2211,PR opened,2025-09,Monday,21
lsf,2025-11-07 19:48:51+00:00,,PR merged,2025-11,Friday,19
lsf,2025-10-13 19:28:29+00:00,JohnCox2211,PR opened,2025-10,Monday,19
lsf,2025-11-11 17:49:00+00:00,,PR merged,2025-11,Tuesday,17
lsf,2025-10-16 21:44:14+00:00,RueHaile,PR opened,2025-10,Thursday,21
lsf,2025-11-25 21:25:11+00:00,,PR merged,2025-11,Tuesday,21
lsf,2025-11-13 01:43:39+00:00,Kafui123,PR opened,2025-11,Thursday,1
lsf,2025-11-13 21:25:29+00:00,Meatchema,PR opened,2025-11,Thursday,21
lsf,2025-12-17 19:50:54+00:00,BesherKitaz,PR opened,2025-12,Wednesday,19
lsf,2026-01-20 20:09:19+00:00,JohnCox2211,PR opened,2026-01,Tuesday,20
lsf,2026-01-21 23:15:06+00:00,MImran2002,PR merged,2026-01,Wednesday,23
lsf,2026-01-29 20:29:47+00:00,JohnCox2211,PR opened,2026-01,Thursday,20
lsf,2026-06-05 20:20:55+00:00,MImran2002,PR merged,2026-06,Friday,20
lsf,2026-02-02 21:40:57+00:00,RueHaile,PR opened,2026-02,Monday,21
lsf,2026-04-14 20:36:10+00:00,MImran2002,PR merged,2026-04,Tuesday,20
lsf,2026-02-27 18:33:17+00:00,ojmakinde,PR opened,2026-02,Friday,18
lsf,2026-03-04 19:13:41+00:00,MImran2002,PR opened,2026-03,Wednesday,19
lsf,2026-03-16 18:56:02+00:00,Jonimz,PR opened,2026-03,Monday,18
lsf,2026-09-16 15:08:20+00:00,,PR merged,2026-09,Wednesday,15
lsf,2026-03-16 23:19:37+00:00,MImran2002,PR opened,2026-03,Monday,23
lsf,2026-03-18 14:11:50+00:00,MImran2002,PR opened,2026-03,Wednesday,14
lsf,2026-03-25 20:55:45+00:00,Arohasina,PR merged,2026-03,Wednesday,20
lsf,2026-03-26 20:01:55+00:00,JohnCox2211,PR opened,2026-03,Thursday,20
lsf,2026-04-01 19:16:48+00:00,Arohasina,PR merged,2026-04,Wednesday,19
lsf,2026-04-02 18:53:52+00:00,Kafui123,PR opened,2026-04,Thursday,18
lsf,2026-09-15 15:26:07+00:00,bakobagassas,PR merged,2026-09,Tuesday,15
lsf,2026-06-08 16:15:05+00:00,MImran2002,PR opened,2026-06,Monday,16
lsf,2026-06-10 14:23:19+00:00,,PR merged,2026-06,Wednesday,14
lsf,2026-06-16 20:14:59+00:00,conwelld,PR opened,2026-06,Tuesday,20
lsf,2026-06-17 19:58:46+00:00,nahom70,PR opened,2026-06,Wednesday,19
lsf,2026-06-18 17:34:50+00:00,ACBerea,PR opened,2026-06,Thursday,17
lsf,2026-06-22 17:58:49+00:00,,PR merged,2026-06,Monday,17
lsf,2026-06-19 14:24:22+00:00,BhushanSah,PR opened,2026-06,Friday,14
lsf,2026-06-22 20:23:03+00:00,,PR merged,2026-06,Monday,20
lsf,2026-06-19 18:45:51+00:00,NYABUTOA,PR opened,2026-06,Friday,18
lsf,2026-06-19 20:56:44+00:00,munsakad,PR opened,2026-06,Friday,20
lsf,2026-06-22 20:41:24+00:00,fritzj2,PR opened,2026-06,Monday,20
lsf,2026-06-22 21:13:13+00:00,BetterRocket,PR opened,2026-06,Monday,21
lsf,2026-06-23 13:42:33+00:00,,PR merged,2026-06,Tuesday,13
lsf,2026-06-23 14:01:55+00:00,BhushanSah,PR opened,2026-06,Tuesday,14
lsf,2026-06-23 16:07:41+00:00,NYABUTOA,PR opened,2026-06,Tuesday,16
lsf,2026-07-01 13:56:11+00:00,johnlolonga19,PR merged,2026-07,Wednesday,13
lsf,2026-06-30 21:35:06+00:00,conwelld,PR opened,2026-06,Tuesday,21
lsf,2026-07-06 21:02:56+00:00,MImran2002,PR merged,2026-07,Monday,21
lsf,2026-07-01 14:01:33+00:00,nahom70,PR opened,2026-07,Wednesday,14
lsf,2026-07-01 14:55:01+00:00,munsakad,PR merged,2026-07,Wednesday,14
lsf,2026-07-01 14:11:04+00:00,ArtemKurasov,PR opened,2026-07,Wednesday,14
lsf,2026-07-01 14:45:45+00:00,MImran2002,PR opened,2026-07,Wednesday,14
lsf,2026-07-06 14:56:48+00:00,,PR merged,2026-07,Monday,14
lsf,2026-07-01 15:03:48+00:00,BhushanSah,PR opened,2026-07,Wednesday,15
lsf,2026-07-01 15:04:35+00:00,BhushanSah,PR merged,2026-07,Wednesday,15
lsf,2026-07-01 15:08:46+00:00,BhushanSah,PR opened,2026-07,Wednesday,15
lsf,2026-07-01 15:09:20+00:00,BhushanSah,PR merged,2026-07,Wednesday,15
lsf,2026-07-06 15:16:29+00:00,nahom70,PR opened,2026-07,Monday,15
lsf,2026-07-06 15:16:42+00:00,nahom70,PR merged,2026-07,Monday,15
lsf,2026-07-06 15:28:01+00:00,BhushanSah,PR opened,2026-07,Monday,15
lsf,2026-07-06 15:43:22+00:00,BhushanSah,PR opened,2026-07,Monday,15
lsf,2026-07-06 15:47:26+00:00,nahom70,PR opened,2026-07,Monday,15
lsf,2026-07-06 15:48:29+00:00,zhytkovd,PR opened,2026-07,Monday,15
lsf,2026-07-06 15:50:57+00:00,ArtemKurasov,PR opened,2026-07,Monday,15
lsf,2026-07-06 15:54:19+00:00,conwelld,PR opened,2026-07,Monday,15
lsf,2026-07-06 15:57:57+00:00,fritzj2,PR opened,2026-07,Monday,15
lsf,2026-07-06 19:59:01+00:00,nahom70,PR opened,2026-07,Monday,19
lsf,2026-07-06 19:59:10+00:00,nahom70,PR merged,2026-07,Monday,19
lsf,2026-07-06 20:32:20+00:00,BhushanSah,PR opened,2026-07,Monday,20
lsf,2026-07-08 17:54:30+00:00,MImran2002,PR merged,2026-07,Wednesday,17
lsf,2026-07-07 11:04:12+00:00,DanielRukwasha,PR opened,2026-07,Tuesday,11
lsf,2026-07-07 15:54:18+00:00,nahom70,PR opened,2026-07,Tuesday,15
lsf,2026-07-07 15:55:34+00:00,nahom70,PR merged,2026-07,Tuesday,15
lsf,2026-07-07 18:41:01+00:00,DanielRukwasha,PR opened,2026-07,Tuesday,18
lsf,2026-07-08 14:53:15+00:00,BhushanSah,PR opened,2026-07,Wednesday,14
lsf,2026-07-08 15:42:14+00:00,DanielRukwasha,PR opened,2026-07,Wednesday,15
lsf,2026-07-08 15:49:15+00:00,fritzj2,PR opened,2026-07,Wednesday,15
lsf,2026-07-13 17:52:51+00:00,MImran2002,PR merged,2026-07,Monday,17
lsf,2026-07-08 20:10:55+00:00,BhushanSah,PR opened,2026-07,Wednesday,20
lsf,2026-07-08 20:57:50+00:00,ArtemKurasov,PR opened,2026-07,Wednesday,20
lsf,2026-07-14 15:14:44+00:00,MImran2002,PR merged,2026-07,Tuesday,15
lsf,2026-07-09 15:15:40+00:00,conwelld,PR opened,2026-07,Thursday,15
lsf,2026-07-10 14:46:04+00:00,MImran2002,PR merged,2026-07,Friday,14
lsf,2026-07-13 14:45:36+00:00,BetterRocket,PR opened,2026-07,Monday,14
lsf,2026-07-13 20:31:36+00:00,MImran2002,PR merged,2026-07,Monday,20
lsf,2026-07-13 15:49:24+00:00,DanielRukwasha,PR opened,2026-07,Monday,15
lsf,2026-07-13 17:09:47+00:00,conwelld,PR opened,2026-07,Monday,17
lsf,2026-07-14 15:52:35+00:00,MImran2002,PR merged,2026-07,Tuesday,15
lsf,2026-07-13 21:33:44+00:00,ACBerea,PR opened,2026-07,Monday,21
lsf,2026-07-20 19:05:16+00:00,brightfietsop-ux,PR opened,2026-07,Monday,19
lsf,2026-07-20 19:11:06+00:00,conwelld,PR opened,2026-07,Monday,19
lsf,2026-07-20 19:51:50+00:00,BhushanSah,PR opened,2026-07,Monday,19
lsf,2026-07-29 20:18:02+00:00,MImran2002,PR merged,2026-07,Wednesday,20
lsf,2026-07-20 20:06:40+00:00,fritzj2,PR opened,2026-07,Monday,20
lsf,2026-07-28 17:32:34+00:00,MImran2002,PR merged,2026-07,Tuesday,17
lsf,2026-07-21 14:56:06+00:00,conwelld,PR opened,2026-07,Tuesday,14
lsf,2026-07-21 14:58:52+00:00,conwelld,PR opened,2026-07,Tuesday,14
lsf,2026-09-01 21:53:46+00:00,MImran2002,PR merged,2026-09,Tuesday,21
lsf,2026-07-21 15:49:15+00:00,BetterRocket,PR opened,2026-07,Tuesday,15
lsf,2026-07-27 12:19:40+00:00,,PR merged,2026-07,Monday,12
lsf,2026-07-21 19:34:44+00:00,NYABUTOA,PR opened,2026-07,Tuesday,19
lsf,2026-07-22 18:17:14+00:00,conwelld,PR opened,2026-07,Wednesday,18
lsf,2026-08-03 14:11:27+00:00,MImran2002,PR merged,2026-08,Monday,14
lsf,2026-07-30 16:03:55+00:00,ACBerea,PR opened,2026-07,Thursday,16
lsf,2026-08-04 21:18:29+00:00,MImran2002,PR merged,2026-08,Tuesday,21
lsf,2026-07-30 19:09:12+00:00,brightfietsop-ux,PR opened,2026-07,Thursday,19
lsf,2026-07-30 19:10:15+00:00,brightfietsop-ux,PR merged,2026-07,Thursday,19
lsf,2026-08-03 18:15:54+00:00,johnlolonga19,PR opened,2026-08,Monday,18
lsf,2026-08-03 21:33:55+00:00,NYABUTOA,PR opened,2026-08,Monday,21
lsf,2026-08-04 16:03:08+00:00,NYABUTOA,PR opened,2026-08,Tuesday,16
lsf,2026-08-04 18:29:02+00:00,BetterRocket,PR opened,2026-08,Tuesday,18
lsf,2026-08-04 20:06:58+00:00,MImran2002,PR merged,2026-08,Tuesday,20
lsf,2026-08-05 20:49:56+00:00,ArtemKurasov,PR opened,2026-08,Wednesday,20
lsf,2026-08-05 20:58:34+00:00,fritzj2,PR opened,2026-08,Wednesday,20
lsf,2026-08-25 18:35:49+00:00,MImran2002,PR merged,2026-08,Tuesday,18
lsf,2026-08-05 20:59:27+00:00,ArtemKurasov,PR opened,2026-08,Wednesday,20
lsf,2026-08-21 20:47:09+00:00,MImran2002,PR merged,2026-08,Friday,20
lsf,2026-08-07 14:16:36+00:00,nahom70,PR opened,2026-08,Friday,14
lsf,2026-08-07 20:23:07+00:00,ACBerea,PR opened,2026-08,Friday,20
lsf,2026-08-08 23:57:42+00:00,zhytkovd,PR opened,2026-08,Saturday,23
lsf,2019-06-26 17:10:07+00:00,bryantal,Issue opened,2019-06,Wednesday,17
lsf,2019-06-26 17:12:08+00:00,bryantal,Issue opened,2019-06,Wednesday,17
lsf,2019-06-26 17:15:13+00:00,bryantal,Issue opened,2019-06,Wednesday,17
lsf,2019-06-26 17:18:17+00:00,bryantal,Issue opened,2019-06,Wednesday,17
lsf,2019-06-26 17:19:55+00:00,bryantal,Issue opened,2019-06,Wednesday,17
lsf,2019-06-26 17:21:08+00:00,bryantal,Issue opened,2019-06,Wednesday,17
lsf,2019-06-26 17:23:55+00:00,bryantal,Issue opened,2019-06,Wednesday,17
lsf,2019-06-26 17:28:47+00:00,bryantal,Issue opened,2019-06,Wednesday,17
lsf,2019-06-26 17:32:49+00:00,bryantal,Issue opened,2019-06,Wednesday,17
lsf,2019-06-26 17:38:34+00:00,bryantal,Issue opened,2019-06,Wednesday,17
lsf,2019-06-26 17:42:50+00:00,bryantal,Issue opened,2019-06,Wednesday,17
lsf,2019-06-26 17:55:08+00:00,bryantal,Issue opened,2019-06,Wednesday,17
lsf,2019-06-26 18:10:03+00:00,bryantal,Issue opened,2019-06,Wednesday,18
lsf,2019-06-26 18:16:11+00:00,bryantal,Issue opened,2019-06,Wednesday,18
lsf,2019-06-26 18:22:12+00:00,bryantal,Issue opened,2019-06,Wednesday,18
lsf,2019-06-26 18:23:07+00:00,bryantal,Issue opened,2019-06,Wednesday,18
lsf,2019-06-26 18:24:16+00:00,bryantal,Issue opened,2019-06,Wednesday,18
lsf,2019-06-26 18:25:25+00:00,bryantal,Issue opened,2019-06,Wednesday,18
lsf,2019-06-26 18:30:49+00:00,bryantal,Issue opened,2019-06,Wednesday,18
lsf,2019-06-26 18:34:40+00:00,bryantal,Issue opened,2019-06,Wednesday,18
lsf,2019-06-26 18:37:16+00:00,bryantal,Issue opened,2019-06,Wednesday,18
lsf,2019-06-26 18:41:27+00:00,bryantal,Issue opened,2019-06,Wednesday,18
lsf,2019-06-26 18:44:50+00:00,bryantal,Issue opened,2019-06,Wednesday,18
lsf,2019-06-26 19:17:46+00:00,bryantal,Issue opened,2019-06,Wednesday,19
lsf,2019-06-26 19:21:31+00:00,bryantal,Issue opened,2019-06,Wednesday,19
lsf,2019-06-26 19:26:02+00:00,bryantal,Issue opened,2019-06,Wednesday,19
lsf,2019-06-26 19:29:54+00:00,bryantal,Issue opened,2019-06,Wednesday,19
lsf,2019-06-26 19:33:46+00:00,bryantal,Issue opened,2019-06,Wednesday,19
lsf,2019-07-02 15:17:46+00:00,bryantal,Issue opened,2019-07,Tuesday,15
lsf,2019-07-08 19:51:38+00:00,bryantal,Issue opened,2019-07,Monday,19
lsf,2019-07-08 19:58:45+00:00,bryantal,Issue opened,2019-07,Monday,19
lsf,2019-07-08 20:01:06+00:00,bryantal,Issue opened,2019-07,Monday,20
lsf,2019-07-08 20:03:11+00:00,bryantal,Issue opened,2019-07,Monday,20
lsf,2019-07-08 20:05:27+00:00,bryantal,Issue opened,2019-07,Monday,20
lsf,2019-07-08 20:07:27+00:00,bryantal,Issue opened,2019-07,Monday,20
lsf,2019-07-08 20:09:27+00:00,bryantal,Issue opened,2019-07,Monday,20
lsf,2019-07-08 20:30:14+00:00,bryantal,Issue opened,2019-07,Monday,20
lsf,2019-07-10 15:10:49+00:00,bryantal,Issue opened,2019-07,Wednesday,15
lsf,2019-07-10 15:20:10+00:00,bryantal,Issue opened,2019-07,Wednesday,15
lsf,2019-07-22 14:22:22+00:00,bryantal,Issue opened,2019-07,Monday,14
lsf,2019-08-06 18:19:06+00:00,bryantal,Issue opened,2019-08,Tuesday,18
lsf,2019-08-06 18:42:02+00:00,bryantal,Issue opened,2019-08,Tuesday,18
lsf,2019-08-06 19:12:54+00:00,bryantal,Issue opened,2019-08,Tuesday,19
lsf,2019-08-06 19:58:59+00:00,bryantal,Issue opened,2019-08,Tuesday,19
lsf,2019-08-06 20:10:08+00:00,bryantal,Issue opened,2019-08,Tuesday,20
lsf,2019-08-08 15:20:56+00:00,bryantal,Issue opened,2019-08,Thursday,15
lsf,2019-08-08 15:27:47+00:00,bryantal,Issue opened,2019-08,Thursday,15
lsf,2019-08-08 15:35:32+00:00,bryantal,Issue opened,2019-08,Thursday,15
lsf,2019-08-08 15:55:33+00:00,bryantal,Issue opened,2019-08,Thursday,15
lsf,2019-08-14 13:43:55+00:00,bryantal,Issue opened,2019-08,Wednesday,13
lsf,2019-08-16 19:20:43+00:00,bryantal,Issue opened,2019-08,Friday,19
lsf,2019-08-22 20:11:17+00:00,bryantal,Issue opened,2019-08,Thursday,20
lsf,2019-09-10 20:21:50+00:00,bryantal,Issue opened,2019-09,Tuesday,20
lsf,2019-09-10 20:53:18+00:00,bryantal,Issue opened,2019-09,Tuesday,20
lsf,2019-09-10 20:55:48+00:00,bryantal,Issue opened,2019-09,Tuesday,20
lsf,2019-09-11 17:54:28+00:00,bryantal,Issue opened,2019-09,Wednesday,17
lsf,2019-09-11 18:11:16+00:00,bryantal,Issue opened,2019-09,Wednesday,18
lsf,2019-09-11 18:12:15+00:00,bryantal,Issue opened,2019-09,Wednesday,18
lsf,2019-09-11 18:17:38+00:00,bryantal,Issue opened,2019-09,Wednesday,18
lsf,2019-09-11 18:18:41+00:00,bryantal,Issue opened,2019-09,Wednesday,18
lsf,2019-09-11 18:34:39+00:00,bryantal,Issue opened,2019-09,Wednesday,18
lsf,2019-09-11 18:36:23+00:00,bryantal,Issue opened,2019-09,Wednesday,18
lsf,2019-09-11 18:37:12+00:00,bryantal,Issue opened,2019-09,Wednesday,18
lsf,2019-09-11 18:43:24+00:00,bryantal,Issue opened,2019-09,Wednesday,18
lsf,2019-09-23 20:21:11+00:00,bryantal,Issue opened,2019-09,Monday,20
lsf,2019-09-26 18:26:58+00:00,bryantal,Issue opened,2019-09,Thursday,18
lsf,2019-10-01 17:35:11+00:00,bryantal,Issue opened,2019-10,Tuesday,17
lsf,2019-10-21 16:48:55+00:00,bryantal,Issue opened,2019-10,Monday,16
lsf,2019-10-21 16:50:52+00:00,bryantal,Issue opened,2019-10,Monday,16
lsf,2019-10-25 18:01:51+00:00,bryantal,Issue opened,2019-10,Friday,18
lsf,2019-10-31 21:03:43+00:00,bryantal,Issue opened,2019-10,Thursday,21
lsf,2019-11-07 17:05:33+00:00,bryantal,Issue opened,2019-11,Thursday,17
lsf,2019-12-11 16:45:07+00:00,bryantal,Issue opened,2019-12,Wednesday,16
lsf,2019-12-11 17:24:48+00:00,bryantal,Issue opened,2019-12,Wednesday,17
lsf,2019-12-17 21:18:57+00:00,bryantal,Issue opened,2019-12,Tuesday,21
lsf,2020-01-16 15:06:07+00:00,bryantal,Issue opened,2020-01,Thursday,15
lsf,2020-01-17 22:18:14+00:00,bryantal,Issue opened,2020-01,Friday,22
lsf,2020-01-27 15:19:14+00:00,bryantal,Issue opened,2020-01,Monday,15
lsf,2020-01-27 15:39:21+00:00,bryantal,Issue opened,2020-01,Monday,15
lsf,2020-01-31 18:45:54+00:00,bryantal,Issue opened,2020-01,Friday,18
lsf,2020-01-31 18:51:45+00:00,bryantal,Issue opened,2020-01,Friday,18
lsf,2020-01-31 18:55:51+00:00,bryantal,Issue opened,2020-01,Friday,18
lsf,2020-01-31 18:59:54+00:00,bryantal,Issue opened,2020-01,Friday,18
lsf,2020-01-31 19:03:25+00:00,bryantal,Issue opened,2020-01,Friday,19
lsf,2020-01-31 19:06:13+00:00,bryantal,Issue opened,2020-01,Friday,19
lsf,2020-01-31 19:09:38+00:00,bryantal,Issue opened,2020-01,Friday,19
lsf,2020-01-31 19:10:06+00:00,bryantal,Issue opened,2020-01,Friday,19
lsf,2020-01-31 19:15:07+00:00,bryantal,Issue opened,2020-01,Friday,19
lsf,2020-01-31 19:16:07+00:00,bryantal,Issue opened,2020-01,Friday,19
lsf,2020-01-31 19:22:00+00:00,bryantal,Issue opened,2020-01,Friday,19
lsf,2020-01-31 19:23:10+00:00,bryantal,Issue opened,2020-01,Friday,19
lsf,2020-01-31 19:36:35+00:00,bryantal,Issue opened,2020-01,Friday,19
lsf,2020-01-31 19:38:51+00:00,bryantal,Issue opened,2020-01,Friday,19
lsf,2020-01-31 19:47:14+00:00,bryantal,Issue opened,2020-01,Friday,19
lsf,2020-01-31 20:01:11+00:00,bryantal,Issue opened,2020-01,Friday,20
lsf,2020-01-31 20:01:36+00:00,bryantal,Issue opened,2020-01,Friday,20
lsf,2020-01-31 20:02:59+00:00,bryantal,Issue opened,2020-01,Friday,20
lsf,2020-01-31 20:16:39+00:00,bryantal,Issue opened,2020-01,Friday,20
lsf,2020-02-17 16:37:57+00:00,bryantal,Issue opened,2020-02,Monday,16
lsf,2020-02-18 19:29:34+00:00,bryantal,Issue opened,2020-02,Tuesday,19
lsf,2020-02-18 19:49:31+00:00,bryantal,Issue opened,2020-02,Tuesday,19
lsf,2020-02-25 19:12:02+00:00,bryantal,Issue opened,2020-02,Tuesday,19
lsf,2020-02-25 21:46:46+00:00,bryantal,Issue opened,2020-02,Tuesday,21
lsf,2020-03-03 14:08:39+00:00,bryantal,Issue opened,2020-03,Tuesday,14
lsf,2020-03-03 14:31:35+00:00,bryantal,Issue opened,2020-03,Tuesday,14
lsf,2020-03-11 18:22:20+00:00,bryantal,Issue opened,2020-03,Wednesday,18
lsf,2020-03-18 20:32:53+00:00,bryantal,Issue opened,2020-03,Wednesday,20
lsf,2020-03-18 21:19:58+00:00,bryantal,Issue opened,2020-03,Wednesday,21
lsf,2020-04-01 18:27:38+00:00,bryantal,Issue opened,2020-04,Wednesday,18
lsf,2020-05-04 14:23:11+00:00,bryantal,Issue opened,2020-05,Monday,14
lsf,2020-05-04 14:32:40+00:00,bryantal,Issue opened,2020-05,Monday,14
lsf,2020-05-04 18:28:17+00:00,bryantal,Issue opened,2020-05,Monday,18
lsf,2020-05-04 20:31:08+00:00,bryantal,Issue opened,2020-05,Monday,20
lsf,2020-05-04 20:46:45+00:00,bryantal,Issue opened,2020-05,Monday,20
lsf,2020-05-05 15:57:04+00:00,bryantal,Issue opened,2020-05,Tuesday,15
lsf,2020-05-05 16:02:38+00:00,bryantal,Issue opened,2020-05,Tuesday,16
lsf,2020-05-05 16:03:14+00:00,bryantal,Issue opened,2020-05,Tuesday,16
lsf,2020-05-05 16:09:44+00:00,bryantal,Issue opened,2020-05,Tuesday,16
lsf,2020-05-07 15:49:55+00:00,bryantal,Issue opened,2020-05,Thursday,15
lsf,2020-05-07 18:12:48+00:00,bryantal,Issue opened,2020-05,Thursday,18
lsf,2020-05-08 17:30:16+00:00,bryantal,Issue opened,2020-05,Friday,17
lsf,2020-05-08 19:09:27+00:00,bryantal,Issue opened,2020-05,Friday,19
lsf,2020-05-08 19:31:02+00:00,bryantal,Issue opened,2020-05,Friday,19
lsf,2020-05-12 11:58:12+00:00,bryantal,Issue opened,2020-05,Tuesday,11
lsf,2020-05-12 16:47:04+00:00,bryantal,Issue opened,2020-05,Tuesday,16
lsf,2020-05-12 17:01:17+00:00,bryantal,Issue opened,2020-05,Tuesday,17
lsf,2020-05-12 17:36:50+00:00,bryantal,Issue opened,2020-05,Tuesday,17
lsf,2020-05-12 18:01:10+00:00,bryantal,Issue opened,2020-05,Tuesday,18
lsf,2020-05-13 12:58:10+00:00,bryantal,Issue opened,2020-05,Wednesday,12
lsf,2020-05-13 13:08:49+00:00,bryantal,Issue opened,2020-05,Wednesday,13
lsf,2020-05-13 15:43:24+00:00,bryantal,Issue opened,2020-05,Wednesday,15
lsf,2020-05-13 19:10:40+00:00,bryantal,Issue opened,2020-05,Wednesday,19
lsf,2020-05-14 13:40:06+00:00,bryantal,Issue opened,2020-05,Thursday,13
lsf,2020-05-14 15:06:31+00:00,bryantal,Issue opened,2020-05,Thursday,15
lsf,2020-05-14 20:17:52+00:00,bryantal,Issue opened,2020-05,Thursday,20
lsf,2020-05-16 14:22:23+00:00,bryantal,Issue opened,2020-05,Saturday,14
lsf,2020-05-16 14:32:11+00:00,bryantal,Issue opened,2020-05,Saturday,14
lsf,2020-05-16 15:06:51+00:00,bryantal,Issue opened,2020-05,Saturday,15
lsf,2020-05-16 16:23:40+00:00,bryantal,Issue opened,2020-05,Saturday,16
lsf,2020-05-18 19:31:42+00:00,bryantal,Issue opened,2020-05,Monday,19
lsf,2020-05-19 14:44:46+00:00,bryantal,Issue opened,2020-05,Tuesday,14
lsf,2020-05-19 14:52:29+00:00,bryantal,Issue opened,2020-05,Tuesday,14
lsf,2020-05-19 16:44:20+00:00,bryantal,Issue opened,2020-05,Tuesday,16
lsf,2020-05-19 17:04:14+00:00,bryantal,Issue opened,2020-05,Tuesday,17
lsf,2020-05-20 19:40:52+00:00,bryantal,Issue opened,2020-05,Wednesday,19
lsf,2020-05-20 20:22:05+00:00,bryantal,Issue opened,2020-05,Wednesday,20
lsf,2020-05-20 20:39:48+00:00,bryantal,Issue opened,2020-05,Wednesday,20
lsf,2020-05-20 22:13:23+00:00,bryantal,Issue opened,2020-05,Wednesday,22
lsf,2020-05-20 22:57:36+00:00,bryantal,Issue opened,2020-05,Wednesday,22
lsf,2020-05-20 23:05:32+00:00,bryantal,Issue opened,2020-05,Wednesday,23
lsf,2020-05-20 23:12:37+00:00,bryantal,Issue opened,2020-05,Wednesday,23
lsf,2020-05-25 18:02:16+00:00,bryantal,Issue opened,2020-05,Monday,18
lsf,2020-05-26 16:01:04+00:00,bryantal,Issue opened,2020-05,Tuesday,16
lsf,2020-05-28 15:47:22+00:00,bryantal,Issue opened,2020-05,Thursday,15
lsf,2020-06-08 19:42:57+00:00,bryantal,Issue opened,2020-06,Monday,19
lsf,2020-06-08 19:50:12+00:00,bryantal,Issue opened,2020-06,Monday,19
lsf,2020-06-08 19:56:16+00:00,bryantal,Issue opened,2020-06,Monday,19
lsf,2020-06-08 20:02:36+00:00,bryantal,Issue opened,2020-06,Monday,20
lsf,2020-06-10 14:07:41+00:00,bryantal,Issue opened,2020-06,Wednesday,14
lsf,2020-06-10 17:19:28+00:00,bryantal,Issue opened,2020-06,Wednesday,17
lsf,2020-06-11 12:48:09+00:00,bryantal,Issue opened,2020-06,Thursday,12
lsf,2020-06-11 14:15:38+00:00,bryantal,Issue opened,2020-06,Thursday,14
lsf,2020-06-11 14:44:50+00:00,bryantal,Issue opened,2020-06,Thursday,14
lsf,2020-06-11 20:40:30+00:00,bryantal,Issue opened,2020-06,Thursday,20
lsf,2020-06-12 12:47:50+00:00,bryantal,Issue opened,2020-06,Friday,12
lsf,2020-06-12 15:24:30+00:00,bryantal,Issue opened,2020-06,Friday,15
lsf,2020-06-12 19:13:24+00:00,bryantal,Issue opened,2020-06,Friday,19
lsf,2020-06-12 19:31:06+00:00,bryantal,Issue opened,2020-06,Friday,19
lsf,2020-06-16 14:12:40+00:00,bryantal,Issue opened,2020-06,Tuesday,14
lsf,2020-06-16 14:16:08+00:00,bryantal,Issue opened,2020-06,Tuesday,14
lsf,2020-06-16 14:18:52+00:00,bryantal,Issue opened,2020-06,Tuesday,14
lsf,2020-06-23 19:26:42+00:00,bryantal,Issue opened,2020-06,Tuesday,19
lsf,2020-06-23 20:19:07+00:00,bryantal,Issue opened,2020-06,Tuesday,20
lsf,2020-06-23 20:52:56+00:00,bryantal,Issue opened,2020-06,Tuesday,20
lsf,2020-06-25 14:30:06+00:00,bryantal,Issue opened,2020-06,Thursday,14
lsf,2020-06-25 18:46:42+00:00,bryantal,Issue opened,2020-06,Thursday,18
lsf,2020-06-25 18:49:48+00:00,bryantal,Issue opened,2020-06,Thursday,18
lsf,2020-06-25 22:30:18+00:00,bryantal,Issue opened,2020-06,Thursday,22
lsf,2020-06-26 14:39:23+00:00,bryantal,Issue opened,2020-06,Friday,14
lsf,2020-06-26 20:21:33+00:00,bryantal,Issue opened,2020-06,Friday,20
lsf,2020-06-29 14:47:31+00:00,bryantal,Issue opened,2020-06,Monday,14
lsf,2020-06-29 15:07:35+00:00,bryantal,Issue opened,2020-06,Monday,15
lsf,2020-06-29 21:02:46+00:00,bryantal,Issue opened,2020-06,Monday,21
lsf,2020-07-02 14:28:04+00:00,bryantal,Issue opened,2020-07,Thursday,14
lsf,2020-07-02 14:37:10+00:00,bryantal,Issue opened,2020-07,Thursday,14
lsf,2020-07-07 14:41:00+00:00,bryantal,Issue opened,2020-07,Tuesday,14
lsf,2020-07-07 15:18:55+00:00,bryantal,Issue opened,2020-07,Tuesday,15
lsf,2020-07-07 19:29:32+00:00,bryantal,Issue opened,2020-07,Tuesday,19
lsf,2020-07-08 18:07:12+00:00,bryantal,Issue opened,2020-07,Wednesday,18
lsf,2020-07-08 18:34:04+00:00,bryantal,Issue opened,2020-07,Wednesday,18
lsf,2020-07-08 19:28:51+00:00,bryantal,Issue opened,2020-07,Wednesday,19
lsf,2020-07-08 20:16:39+00:00,bryantal,Issue opened,2020-07,Wednesday,20
lsf,2020-07-09 15:26:21+00:00,bryantal,Issue opened,2020-07,Thursday,15
lsf,2020-07-09 18:13:41+00:00,bryantal,Issue opened,2020-07,Thursday,18
lsf,2020-07-09 19:44:27+00:00,bryantal,Issue opened,2020-07,Thursday,19
lsf,2020-07-09 19:58:59+00:00,bryantal,Issue opened,2020-07,Thursday,19
lsf,2020-07-09 20:03:49+00:00,bryantal,Issue opened,2020-07,Thursday,20
lsf,2020-07-09 20:06:51+00:00,bryantal,Issue opened,2020-07,Thursday,20
lsf,2020-07-09 21:42:36+00:00,bryantal,Issue opened,2020-07,Thursday,21
lsf,2020-07-10 12:44:48+00:00,bryantal,Issue opened,2020-07,Friday,12
lsf,2020-07-10 15:11:27+00:00,bryantal,Issue opened,2020-07,Friday,15
lsf,2020-07-10 15:15:13+00:00,bryantal,Issue opened,2020-07,Friday,15
lsf,2020-07-10 15:20:51+00:00,bryantal,Issue opened,2020-07,Friday,15
lsf,2020-07-10 21:46:19+00:00,bryantal,Issue opened,2020-07,Friday,21
lsf,2020-07-13 15:04:51+00:00,bryantal,Issue opened,2020-07,Monday,15
lsf,2020-07-15 15:13:46+00:00,bryantal,Issue opened,2020-07,Wednesday,15
lsf,2020-07-15 15:34:11+00:00,bryantal,Issue opened,2020-07,Wednesday,15
lsf,2020-07-15 15:42:02+00:00,bryantal,Issue opened,2020-07,Wednesday,15
lsf,2020-07-15 17:56:12+00:00,bryantal,Issue opened,2020-07,Wednesday,17
lsf,2020-07-15 20:43:37+00:00,bryantal,Issue opened,2020-07,Wednesday,20
lsf,2020-07-15 20:52:01+00:00,bryantal,Issue opened,2020-07,Wednesday,20
lsf,2020-07-16 12:08:50+00:00,bryantal,Issue opened,2020-07,Thursday,12
lsf,2020-07-16 13:50:24+00:00,bryantal,Issue opened,2020-07,Thursday,13
lsf,2020-07-16 16:06:16+00:00,bryantal,Issue opened,2020-07,Thursday,16
lsf,2020-07-16 18:14:47+00:00,bryantal,Issue opened,2020-07,Thursday,18
lsf,2020-07-17 12:16:15+00:00,bryantal,Issue opened,2020-07,Friday,12
lsf,2020-07-17 20:17:08+00:00,bryantal,Issue opened,2020-07,Friday,20
lsf,2020-07-20 16:10:03+00:00,bryantal,Issue opened,2020-07,Monday,16
lsf,2020-07-20 19:06:30+00:00,bryantal,Issue opened,2020-07,Monday,19
lsf,2020-07-21 17:52:40+00:00,bryantal,Issue opened,2020-07,Tuesday,17
lsf,2020-07-22 13:46:11+00:00,bryantal,Issue opened,2020-07,Wednesday,13
lsf,2020-07-22 14:58:25+00:00,bryantal,Issue opened,2020-07,Wednesday,14
lsf,2020-07-22 20:30:06+00:00,bryantal,Issue opened,2020-07,Wednesday,20
lsf,2020-07-23 12:46:13+00:00,bryantal,Issue opened,2020-07,Thursday,12
lsf,2020-07-23 12:54:47+00:00,bryantal,Issue opened,2020-07,Thursday,12
lsf,2020-07-23 13:00:21+00:00,bryantal,Issue opened,2020-07,Thursday,13
lsf,2020-07-23 13:09:45+00:00,bryantal,Issue opened,2020-07,Thursday,13
lsf,2020-07-23 14:47:02+00:00,bryantal,Issue opened,2020-07,Thursday,14
lsf,2020-07-23 21:31:34+00:00,bryantal,Issue opened,2020-07,Thursday,21
lsf,2020-07-24 13:32:50+00:00,bryantal,Issue opened,2020-07,Friday,13
lsf,2020-07-24 15:53:16+00:00,bryantal,Issue opened,2020-07,Friday,15
lsf,2020-07-24 15:59:32+00:00,bryantal,Issue opened,2020-07,Friday,15
lsf,2020-07-24 18:23:16+00:00,bryantal,Issue opened,2020-07,Friday,18
lsf,2020-07-24 20:35:23+00:00,bryantal,Issue opened,2020-07,Friday,20
lsf,2020-08-04 18:39:23+00:00,bryantal,Issue opened,2020-08,Tuesday,18
lsf,2020-08-06 18:10:24+00:00,bryantal,Issue opened,2020-08,Thursday,18
lsf,2020-08-06 18:15:49+00:00,bryantal,Issue opened,2020-08,Thursday,18
lsf,2020-08-06 19:50:44+00:00,bryantal,Issue opened,2020-08,Thursday,19
lsf,2020-08-10 15:47:02+00:00,bryantal,Issue opened,2020-08,Monday,15
lsf,2020-08-20 19:06:57+00:00,bryantal,Issue opened,2020-08,Thursday,19
lsf,2020-08-20 19:24:17+00:00,bryantal,Issue opened,2020-08,Thursday,19
lsf,2020-08-20 19:44:45+00:00,bryantal,Issue opened,2020-08,Thursday,19
lsf,2020-08-20 21:52:52+00:00,bryantal,Issue opened,2020-08,Thursday,21
lsf,2020-08-21 17:36:42+00:00,bryantal,Issue opened,2020-08,Friday,17
lsf,2020-08-21 17:41:20+00:00,bryantal,Issue opened,2020-08,Friday,17
lsf,2020-08-27 19:44:09+00:00,bryantal,Issue opened,2020-08,Thursday,19
lsf,2020-08-27 20:54:57+00:00,bryantal,Issue opened,2020-08,Thursday,20
lsf,2020-08-27 21:05:50+00:00,bryantal,Issue opened,2020-08,Thursday,21
lsf,2020-08-28 12:33:40+00:00,bryantal,Issue opened,2020-08,Friday,12
lsf,2020-08-30 15:15:09+00:00,bryantal,Issue opened,2020-08,Sunday,15
lsf,2020-08-31 14:09:05+00:00,bryantal,Issue opened,2020-08,Monday,14
lsf,2020-08-31 14:09:11+00:00,bryantal,Issue opened,2020-08,Monday,14
lsf,2020-08-31 14:09:18+00:00,bryantal,Issue opened,2020-08,Monday,14
lsf,2020-09-01 18:18:43+00:00,bryantal,Issue opened,2020-09,Tuesday,18
lsf,2020-09-02 12:48:06+00:00,bryantal,Issue opened,2020-09,Wednesday,12
lsf,2020-09-02 12:57:20+00:00,bryantal,Issue opened,2020-09,Wednesday,12
lsf,2020-09-03 17:02:22+00:00,bryantal,Issue opened,2020-09,Thursday,17
lsf,2020-09-07 17:15:46+00:00,bryantal,Issue opened,2020-09,Monday,17
lsf,2020-09-09 14:17:04+00:00,bryantal,Issue opened,2020-09,Wednesday,14
lsf,2020-09-09 18:29:21+00:00,bryantal,Issue opened,2020-09,Wednesday,18
lsf,2020-09-17 21:37:48+00:00,bryantal,Issue opened,2020-09,Thursday,21
lsf,2020-09-18 17:04:57+00:00,bryantal,Issue opened,2020-09,Friday,17
lsf,2020-09-21 15:19:08+00:00,bryantal,Issue opened,2020-09,Monday,15
lsf,2020-09-21 17:55:00+00:00,bryantal,Issue opened,2020-09,Monday,17
lsf,2020-09-21 17:59:58+00:00,bryantal,Issue opened,2020-09,Monday,17
lsf,2020-09-24 16:24:36+00:00,bryantal,Issue opened,2020-09,Thursday,16
lsf,2020-09-24 17:23:35+00:00,bryantal,Issue opened,2020-09,Thursday,17
lsf,2020-09-24 17:48:37+00:00,bryantal,Issue opened,2020-09,Thursday,17
lsf,2020-09-24 19:22:32+00:00,bryantal,Issue opened,2020-09,Thursday,19
lsf,2020-09-25 17:31:43+00:00,bryantal,Issue opened,2020-09,Friday,17
lsf,2020-09-25 18:35:39+00:00,bryantal,Issue opened,2020-09,Friday,18
lsf,2020-10-01 16:28:26+00:00,bryantal,Issue opened,2020-10,Thursday,16
lsf,2020-10-09 13:20:16+00:00,bryantal,Issue opened,2020-10,Friday,13
lsf,2020-10-09 17:20:28+00:00,bryantal,Issue opened,2020-10,Friday,17
lsf,2020-10-15 19:24:10+00:00,bryantal,Issue opened,2020-10,Thursday,19
lsf,2020-11-20 20:36:45+00:00,bryantal,Issue opened,2020-11,Friday,20
lsf,2020-12-02 17:25:06+00:00,bryantal,Issue opened,2020-12,Wednesday,17
lsf,2020-12-02 17:39:45+00:00,bryantal,Issue opened,2020-12,Wednesday,17
lsf,2020-12-02 17:46:29+00:00,bryantal,Issue opened,2020-12,Wednesday,17
lsf,2020-12-02 20:50:29+00:00,bryantal,Issue opened,2020-12,Wednesday,20
lsf,2020-12-04 13:20:31+00:00,bryantal,Issue opened,2020-12,Friday,13
lsf,2020-12-10 19:42:25+00:00,bryantal,Issue opened,2020-12,Thursday,19
lsf,2020-12-15 16:00:43+00:00,bryantal,Issue opened,2020-12,Tuesday,16
lsf,2021-01-06 21:52:47+00:00,bryantal,Issue opened,2021-01,Wednesday,21
lsf,2021-01-06 21:53:03+00:00,bryantal,Issue opened,2021-01,Wednesday,21
lsf,2021-01-15 18:49:33+00:00,bryantal,Issue opened,2021-01,Friday,18
lsf,2021-01-25 15:35:24+00:00,bryantal,Issue opened,2021-01,Monday,15
lsf,2021-01-27 15:49:52+00:00,bryantal,Issue opened,2021-01,Wednesday,15
lsf,2021-01-29 14:28:47+00:00,bryantal,Issue opened,2021-01,Friday,14
lsf,2021-02-01 22:50:41+00:00,bryantal,Issue opened,2021-02,Monday,22
lsf,2021-02-01 22:53:31+00:00,bryantal,Issue opened,2021-02,Monday,22
lsf,2021-02-01 23:02:45+00:00,bryantal,Issue opened,2021-02,Monday,23
lsf,2021-02-11 17:19:20+00:00,bryantal,Issue opened,2021-02,Thursday,17
lsf,2021-02-11 17:23:37+00:00,bryantal,Issue opened,2021-02,Thursday,17
lsf,2021-02-12 19:11:35+00:00,bryantal,Issue opened,2021-02,Friday,19
lsf,2021-02-12 19:20:22+00:00,bryantal,Issue opened,2021-02,Friday,19
lsf,2021-02-12 19:29:49+00:00,bryantal,Issue opened,2021-02,Friday,19
lsf,2021-02-12 21:37:05+00:00,bryantal,Issue opened,2021-02,Friday,21
lsf,2021-02-17 15:21:51+00:00,bryantal,Issue opened,2021-02,Wednesday,15
lsf,2021-02-17 16:06:51+00:00,bryantal,Issue opened,2021-02,Wednesday,16
lsf,2021-02-17 16:08:09+00:00,bryantal,Issue opened,2021-02,Wednesday,16
lsf,2021-02-17 16:43:54+00:00,bryantal,Issue opened,2021-02,Wednesday,16
lsf,2021-03-02 15:13:20+00:00,bryantal,Issue opened,2021-03,Tuesday,15
lsf,2021-04-12 18:04:05+00:00,bryantal,Issue opened,2021-04,Monday,18
lsf,2021-04-14 13:10:04+00:00,bryantal,Issue opened,2021-04,Wednesday,13
lsf,2021-04-26 15:31:49+00:00,bryantal,Issue opened,2021-04,Monday,15
lsf,2021-05-14 18:03:06+00:00,bryantal,Issue opened,2021-05,Friday,18
lsf,2021-05-14 18:32:57+00:00,bryantal,Issue opened,2021-05,Friday,18
lsf,2021-05-14 18:41:37+00:00,bryantal,Issue opened,2021-05,Friday,18
lsf,2021-05-14 18:45:27+00:00,bryantal,Issue opened,2021-05,Friday,18
lsf,2021-05-14 18:46:59+00:00,bryantal,Issue opened,2021-05,Friday,18
lsf,2021-05-14 18:51:32+00:00,bryantal,Issue opened,2021-05,Friday,18
lsf,2021-05-17 15:16:53+00:00,bryantal,Issue opened,2021-05,Monday,15
lsf,2021-05-17 15:38:49+00:00,bryantal,Issue opened,2021-05,Monday,15
lsf,2021-05-17 15:39:18+00:00,bryantal,Issue opened,2021-05,Monday,15
lsf,2021-05-17 15:45:39+00:00,bryantal,Issue opened,2021-05,Monday,15
lsf,2021-05-17 15:51:03+00:00,bryantal,Issue opened,2021-05,Monday,15
lsf,2021-05-17 15:54:15+00:00,bryantal,Issue opened,2021-05,Monday,15
lsf,2021-05-17 16:06:13+00:00,bryantal,Issue opened,2021-05,Monday,16
lsf,2021-05-18 15:44:41+00:00,bryantal,Issue opened,2021-05,Tuesday,15
lsf,2021-05-18 18:39:46+00:00,bryantal,Issue opened,2021-05,Tuesday,18
lsf,2021-08-25 13:08:15+00:00,bryantal,Issue opened,2021-08,Wednesday,13
lsf,2021-12-10 20:36:29+00:00,bryantal,Issue opened,2021-12,Friday,20
lsf,2022-01-07 20:36:53+00:00,bryantal,Issue opened,2022-01,Friday,20
lsf,2022-04-12 15:27:36+00:00,bryantal,Issue opened,2022-04,Tuesday,15
lsf,2022-04-19 13:56:27+00:00,bryantal,Issue opened,2022-04,Tuesday,13
lsf,2022-04-19 14:04:59+00:00,bryantal,Issue opened,2022-04,Tuesday,14
lsf,2022-04-19 18:16:39+00:00,bryantal,Issue opened,2022-04,Tuesday,18
lsf,2022-04-27 14:32:05+00:00,bryantal,Issue opened,2022-04,Wednesday,14
lsf,2022-05-27 21:48:09+00:00,bryantal,Issue opened,2022-05,Friday,21
lsf,2022-05-27 21:50:50+00:00,bryantal,Issue opened,2022-05,Friday,21
lsf,2022-05-27 21:51:36+00:00,bryantal,Issue opened,2022-05,Friday,21
lsf,2022-05-27 21:55:30+00:00,bryantal,Issue opened,2022-05,Friday,21
lsf,2022-08-09 15:18:05+00:00,sheggen,Issue opened,2022-08,Tuesday,15
lsf,2022-08-09 15:20:10+00:00,sheggen,Issue opened,2022-08,Tuesday,15
lsf,2022-08-11 13:48:23+00:00,sheggen,Issue opened,2022-08,Thursday,13
lsf,2022-08-22 17:32:58+00:00,AndersonStettner,Issue opened,2022-08,Monday,17
lsf,2022-09-02 13:04:09+00:00,bledsoef,Issue opened,2022-09,Friday,13
lsf,2022-09-02 13:12:40+00:00,bledsoef,Issue opened,2022-09,Friday,13
lsf,2022-09-02 13:14:05+00:00,bledsoef,Issue opened,2022-09,Friday,13
lsf,2022-09-02 13:14:43+00:00,bledsoef,Issue opened,2022-09,Friday,13
lsf,2022-09-02 13:15:54+00:00,bledsoef,Issue opened,2022-09,Friday,13
lsf,2022-09-12 14:14:47+00:00,bledsoef,Issue opened,2022-09,Monday,14
lsf,2022-09-15 14:45:07+00:00,sheggen,Issue opened,2022-09,Thursday,14
lsf,2022-10-18 20:52:59+00:00,bledsoef,Issue opened,2022-10,Tuesday,20
lsf,2022-11-14 14:17:05+00:00,sheggen,Issue opened,2022-11,Monday,14
lsf,2022-11-14 14:29:03+00:00,bledsoef,Issue opened,2022-11,Monday,14
lsf,2022-11-17 15:15:59+00:00,martinj2-dot,Issue opened,2022-11,Thursday,15
lsf,2022-11-21 15:29:53+00:00,AndersonStettner,Issue opened,2022-11,Monday,15
lsf,2022-11-29 14:08:52+00:00,AndersonStettner,Issue opened,2022-11,Tuesday,14
lsf,2023-01-13 15:42:21+00:00,AndersonStettner,Issue opened,2023-01,Friday,15
lsf,2023-01-13 15:42:50+00:00,AndersonStettner,Issue opened,2023-01,Friday,15
lsf,2023-02-13 20:18:30+00:00,bledsoef,Issue opened,2023-02,Monday,20
lsf,2023-02-28 19:12:21+00:00,sheggen,Issue opened,2023-02,Tuesday,19
lsf,2023-04-18 19:16:09+00:00,solijonovam,Issue opened,2023-04,Tuesday,19
lsf,2023-08-21 17:10:31+00:00,AndersonStettner,Issue opened,2023-08,Monday,17
lsf,2023-08-21 17:12:03+00:00,AndersonStettner,Issue opened,2023-08,Monday,17
lsf,2023-08-21 17:13:14+00:00,AndersonStettner,Issue opened,2023-08,Monday,17
lsf,2023-09-29 11:51:56+00:00,AndersonStettner,Issue opened,2023-09,Friday,11
lsf,2024-03-26 20:22:29+00:00,AndersonStettner,Issue opened,2024-03,Tuesday,20
lsf,2024-09-05 19:59:00+00:00,bledsoef,Issue opened,2024-09,Thursday,19
lsf,2024-09-05 20:26:33+00:00,bledsoef,Issue opened,2024-09,Thursday,20
lsf,2024-09-05 20:46:50+00:00,WackyWeaver,Issue opened,2024-09,Thursday,20
lsf,2024-09-05 21:31:58+00:00,WackyWeaver,Issue opened,2024-09,Thursday,21
lsf,2024-09-05 21:39:38+00:00,WackyWeaver,Issue opened,2024-09,Thursday,21
lsf,2024-09-19 18:43:50+00:00,bledsoef,Issue opened,2024-09,Thursday,18
lsf,2024-09-24 15:44:52+00:00,bledsoef,Issue opened,2024-09,Tuesday,15
lsf,2024-10-11 18:21:07+00:00,Karina-Agliullova,Issue opened,2024-10,Friday,18
lsf,2024-10-11 18:22:08+00:00,Karina-Agliullova,Issue opened,2024-10,Friday,18
lsf,2024-10-11 18:24:29+00:00,Karina-Agliullova,Issue opened,2024-10,Friday,18
lsf,2024-10-11 18:37:43+00:00,Karina-Agliullova,Issue opened,2024-10,Friday,18
lsf,2024-10-11 18:38:18+00:00,Karina-Agliullova,Issue opened,2024-10,Friday,18
lsf,2024-10-11 18:39:07+00:00,Karina-Agliullova,Issue opened,2024-10,Friday,18
lsf,2024-10-11 18:39:48+00:00,Karina-Agliullova,Issue opened,2024-10,Friday,18
lsf,2024-10-11 18:40:31+00:00,Karina-Agliullova,Issue opened,2024-10,Friday,18
lsf,2024-10-11 18:42:49+00:00,Karina-Agliullova,Issue opened,2024-10,Friday,18
lsf,2024-10-17 15:22:36+00:00,sheggen,Issue opened,2024-10,Thursday,15
lsf,2024-10-25 19:13:00+00:00,bledsoef,Issue opened,2024-10,Friday,19
lsf,2024-11-19 03:34:50+00:00,hoerstl,Issue opened,2024-11,Tuesday,3
lsf,2024-12-03 20:46:59+00:00,hoerstl,Issue opened,2024-12,Tuesday,20
lsf,2025-03-26 20:31:11+00:00,Karina-Agliullova,Issue opened,2025-03,Wednesday,20
lsf,2025-04-11 15:46:49+00:00,WackyWeaver,Issue opened,2025-04,Friday,15
lsf,2025-04-11 23:53:55+00:00,ojmakinde,Issue opened,2025-04,Friday,23
lsf,2025-04-18 18:55:36+00:00,ojmakinde,Issue opened,2025-04,Friday,18
lsf,2025-04-18 19:52:56+00:00,ojmakinde,Issue opened,2025-04,Friday,19
lsf,2025-04-21 17:41:01+00:00,ojmakinde,Issue opened,2025-04,Monday,17
lsf,2025-04-25 19:22:29+00:00,ojmakinde,Issue opened,2025-04,Friday,19
lsf,2025-06-26 15:32:13+00:00,GalinaP7,Issue opened,2025-06,Thursday,15
lsf,2025-07-14 14:56:50+00:00,BesherKitaz,Issue opened,2025-07,Monday,14
lsf,2025-07-15 13:40:10+00:00,Arohasina,Issue opened,2025-07,Tuesday,13
lsf,2025-07-15 20:17:06+00:00,Karina-Agliullova,Issue opened,2025-07,Tuesday,20
lsf,2025-07-15 20:17:49+00:00,Karina-Agliullova,Issue opened,2025-07,Tuesday,20
lsf,2025-07-15 20:18:40+00:00,Karina-Agliullova,Issue opened,2025-07,Tuesday,20
lsf,2025-07-15 20:19:08+00:00,Karina-Agliullova,Issue opened,2025-07,Tuesday,20
lsf,2025-07-15 20:19:48+00:00,Karina-Agliullova,Issue opened,2025-07,Tuesday,20
lsf,2025-07-15 20:20:17+00:00,Karina-Agliullova,Issue opened,2025-07,Tuesday,20
lsf,2025-07-15 20:20:49+00:00,Karina-Agliullova,Issue opened,2025-07,Tuesday,20
lsf,2025-07-16 18:59:07+00:00,jjijon7000,Issue opened,2025-07,Wednesday,18
lsf,2025-07-31 17:15:42+00:00,Jsmi8334,Issue opened,2025-07,Thursday,17
lsf,2025-07-31 17:26:16+00:00,Jsmi8334,Issue opened,2025-07,Thursday,17
lsf,2025-07-31 19:38:59+00:00,Jsmi8334,Issue opened,2025-07,Thursday,19
lsf,2025-08-21 13:35:55+00:00,Karina-Agliullova,Issue opened,2025-08,Thursday,13
lsf,2025-08-21 21:12:10+00:00,bakobagassas,Issue opened,2025-08,Thursday,21
lsf,2025-08-21 21:21:21+00:00,bakobagassas,Issue opened,2025-08,Thursday,21
lsf,2025-08-21 21:25:55+00:00,bakobagassas,Issue opened,2025-08,Thursday,21
lsf,2025-08-21 21:27:39+00:00,ojmakinde,Issue opened,2025-08,Thursday,21
lsf,2025-08-22 22:11:59+00:00,bakobagassas,Issue opened,2025-08,Friday,22
lsf,2025-08-25 14:36:14+00:00,Kafui123,Issue opened,2025-08,Monday,14
lsf,2025-09-09 21:11:19+00:00,JohnCox2211,Issue opened,2025-09,Tuesday,21
lsf,2025-09-09 21:22:17+00:00,JohnCox2211,Issue opened,2025-09,Tuesday,21
lsf,2025-09-30 15:29:17+00:00,Karina-Agliullova,Issue opened,2025-09,Tuesday,15
lsf,2025-10-16 21:13:44+00:00,Kafui123,Issue opened,2025-10,Thursday,21
lsf,2025-10-17 19:53:56+00:00,Meatchema,Issue opened,2025-10,Friday,19
lsf,2025-12-03 21:38:45+00:00,Karina-Agliullova,Issue opened,2025-12,Wednesday,21
lsf,2025-12-03 21:58:31+00:00,Karina-Agliullova,Issue opened,2025-12,Wednesday,21
lsf,2026-04-10 13:47:14+00:00,BesherKitaz,Issue opened,2026-04,Friday,13
lsf,2026-05-18 20:52:58+00:00,Karina-Agliullova,Issue opened,2026-05,Monday,20
lsf,2026-05-18 20:55:45+00:00,Karina-Agliullova,Issue opened,2026-05,Monday,20
lsf,2026-05-18 20:57:59+00:00,Karina-Agliullova,Issue opened,2026-05,Monday,20
lsf,2026-05-20 14:51:10+00:00,Karina-Agliullova,Issue opened,2026-05,Wednesday,14
lsf,2026-05-20 15:17:02+00:00,Karina-Agliullova,Issue opened,2026-05,Wednesday,15
lsf,2026-05-20 15:19:52+00:00,Karina-Agliullova,Issue opened,2026-05,Wednesday,15
lsf,2026-05-20 15:22:35+00:00,Karina-Agliullova,Issue opened,2026-05,Wednesday,15
lsf,2026-05-20 18:08:29+00:00,Karina-Agliullova,Issue opened,2026-05,Wednesday,18
lsf,2026-06-18 19:14:33+00:00,conwelld,Issue opened,2026-06,Thursday,19
lsf,2026-06-23 13:55:53+00:00,BhushanSah,Issue opened,2026-06,Tuesday,13
lsf,2026-06-29 18:17:22+00:00,NYABUTOA,Issue opened,2026-06,Monday,18
lsf,2026-06-30 17:35:51+00:00,MImran2002,Issue opened,2026-06,Tuesday,17
lsf,2026-07-06 14:06:31+00:00,MImran2002,Issue opened,2026-07,Monday,14
lsf,2026-07-06 14:07:33+00:00,MImran2002,Issue opened,2026-07,Monday,14
lsf,2026-07-06 14:09:23+00:00,MImran2002,Issue opened,2026-07,Monday,14
lsf,2026-07-06 14:26:40+00:00,MImran2002,Issue opened,2026-07,Monday,14
lsf,2026-07-06 14:29:16+00:00,MImran2002,Issue opened,2026-07,Monday,14
lsf,2026-07-06 14:31:06+00:00,MImran2002,Issue opened,2026-07,Monday,14
lsf,2026-07-06 14:35:01+00:00,MImran2002,Issue opened,2026-07,Monday,14
lsf,2026-07-06 14:36:08+00:00,MImran2002,Issue opened,2026-07,Monday,14
lsf,2026-07-06 14:38:30+00:00,MImran2002,Issue opened,2026-07,Monday,14
lsf,2026-07-06 14:39:48+00:00,MImran2002,Issue opened,2026-07,Monday,14
lsf,2026-07-06 14:44:32+00:00,MImran2002,Issue opened,2026-07,Monday,14
lsf,2026-07-06 14:47:08+00:00,MImran2002,Issue opened,2026-07,Monday,14
lsf,2026-07-06 14:48:54+00:00,MImran2002,Issue opened,2026-07,Monday,14
lsf,2026-07-06 14:51:43+00:00,MImran2002,Issue opened,2026-07,Monday,14
lsf,2026-07-06 14:54:15+00:00,MImran2002,Issue opened,2026-07,Monday,14
lsf,2026-07-06 14:55:06+00:00,MImran2002,Issue opened,2026-07,Monday,14
lsf,2026-07-06 14:55:51+00:00,MImran2002,Issue opened,2026-07,Monday,14
lsf,2026-07-06 14:57:14+00:00,MImran2002,Issue opened,2026-07,Monday,14
lsf,2026-07-06 14:57:52+00:00,MImran2002,Issue opened,2026-07,Monday,14
lsf,2026-07-06 14:59:46+00:00,MImran2002,Issue opened,2026-07,Monday,14
lsf,2026-07-06 15:01:06+00:00,MImran2002,Issue opened,2026-07,Monday,15
lsf,2026-07-06 15:01:35+00:00,MImran2002,Issue opened,2026-07,Monday,15
lsf,2026-07-10 17:48:51+00:00,munsakad,Issue opened,2026-07,Friday,17
lsf,2026-07-22 17:49:50+00:00,DanielRukwasha,Issue opened,2026-07,Wednesday,17
lsf,2026-07-29 19:42:35+00:00,fritzj2,Issue opened,2026-07,Wednesday,19
lsf,2026-08-18 13:32:18+00:00,MImran2002,Issue opened,2026-08,Tuesday,13
lsf,2026-08-25 19:54:15+00:00,MImran2002,Issue opened,2026-08,Tuesday,19
lsf,2026-08-28 21:21:02+00:00,ArtemKurasov,Issue opened,2026-08,Friday,21
lsf,2019-07-08 19:50:01+00:00,bryantal,Conversation comment,2019-07,Monday,19
lsf,2019-07-08 20:10:09+00:00,bryantal,Conversation comment,2019-07,Monday,20
lsf,2019-07-10 17:31:39+00:00,bryantal,Conversation comment,2019-07,Wednesday,17
lsf,2019-07-10 18:41:25+00:00,bryantal,Conversation comment,2019-07,Wednesday,18
lsf,2019-07-10 18:46:33+00:00,bryantal,Conversation comment,2019-07,Wednesday,18
lsf,2019-07-10 18:58:11+00:00,bryantal,Conversation comment,2019-07,Wednesday,18
lsf,2019-07-10 19:21:17+00:00,bryantal,Conversation comment,2019-07,Wednesday,19
lsf,2019-07-10 19:27:33+00:00,bryantal,Conversation comment,2019-07,Wednesday,19
lsf,2019-07-10 19:48:48+00:00,bryantal,Conversation comment,2019-07,Wednesday,19
lsf,2019-07-10 19:56:45+00:00,bryantal,Conversation comment,2019-07,Wednesday,19
lsf,2019-07-10 20:21:04+00:00,bryantal,Conversation comment,2019-07,Wednesday,20
lsf,2019-07-10 20:31:44+00:00,bryantal,Conversation comment,2019-07,Wednesday,20
lsf,2019-07-16 15:52:10+00:00,bryantal,Conversation comment,2019-07,Tuesday,15
lsf,2019-07-16 15:54:26+00:00,bryantal,Conversation comment,2019-07,Tuesday,15
lsf,2019-07-16 15:56:46+00:00,bryantal,Conversation comment,2019-07,Tuesday,15
lsf,2019-07-16 15:57:24+00:00,bryantal,Conversation comment,2019-07,Tuesday,15
lsf,2019-07-17 20:07:01+00:00,bryantal,Conversation comment,2019-07,Wednesday,20
lsf,2019-07-17 20:07:52+00:00,bryantal,Conversation comment,2019-07,Wednesday,20
lsf,2019-07-17 20:09:07+00:00,bryantal,Conversation comment,2019-07,Wednesday,20
lsf,2019-07-17 20:15:14+00:00,bryantal,Conversation comment,2019-07,Wednesday,20
lsf,2019-07-17 20:16:06+00:00,bryantal,Conversation comment,2019-07,Wednesday,20
lsf,2019-07-17 20:16:29+00:00,bryantal,Conversation comment,2019-07,Wednesday,20
lsf,2019-07-17 20:16:44+00:00,bryantal,Conversation comment,2019-07,Wednesday,20
lsf,2019-07-17 20:17:06+00:00,bryantal,Conversation comment,2019-07,Wednesday,20
lsf,2019-07-17 20:17:42+00:00,bryantal,Conversation comment,2019-07,Wednesday,20
lsf,2019-07-17 20:18:53+00:00,bryantal,Conversation comment,2019-07,Wednesday,20
lsf,2019-07-17 20:19:08+00:00,bryantal,Conversation comment,2019-07,Wednesday,20
lsf,2019-07-17 20:19:55+00:00,bryantal,Conversation comment,2019-07,Wednesday,20
lsf,2019-07-18 12:43:02+00:00,bryantal,Conversation comment,2019-07,Thursday,12
lsf,2019-07-18 12:45:55+00:00,bryantal,Conversation comment,2019-07,Thursday,12
lsf,2019-07-18 13:55:38+00:00,bryantal,Conversation comment,2019-07,Thursday,13
lsf,2019-07-18 15:11:00+00:00,bryantal,Conversation comment,2019-07,Thursday,15
lsf,2019-07-22 15:38:05+00:00,bryantal,Conversation comment,2019-07,Monday,15
lsf,2019-08-06 02:13:17+00:00,bryantal,Conversation comment,2019-08,Tuesday,2
lsf,2019-08-06 19:22:53+00:00,bryantal,Conversation comment,2019-08,Tuesday,19
lsf,2019-08-14 13:32:57+00:00,bryantal,Conversation comment,2019-08,Wednesday,13
lsf,2019-08-21 13:36:37+00:00,bryantal,Conversation comment,2019-08,Wednesday,13
lsf,2019-08-21 13:41:01+00:00,bryantal,Conversation comment,2019-08,Wednesday,13
lsf,2019-08-21 18:23:27+00:00,bryantal,Conversation comment,2019-08,Wednesday,18
lsf,2019-08-22 18:14:48+00:00,bryantal,Conversation comment,2019-08,Thursday,18
lsf,2019-08-22 18:57:25+00:00,bryantal,Conversation comment,2019-08,Thursday,18
lsf,2019-08-23 12:50:12+00:00,bryantal,Conversation comment,2019-08,Friday,12
lsf,2019-08-23 13:03:44+00:00,bryantal,Conversation comment,2019-08,Friday,13
lsf,2019-08-23 13:10:09+00:00,bryantal,Conversation comment,2019-08,Friday,13
lsf,2019-08-23 18:07:04+00:00,bryantal,Conversation comment,2019-08,Friday,18
lsf,2019-08-23 19:12:55+00:00,bryantal,Conversation comment,2019-08,Friday,19
lsf,2019-08-23 19:25:30+00:00,bryantal,Conversation comment,2019-08,Friday,19
lsf,2019-08-23 19:29:52+00:00,bryantal,Conversation comment,2019-08,Friday,19
lsf,2019-08-28 12:49:43+00:00,bryantal,Conversation comment,2019-08,Wednesday,12
lsf,2019-09-09 19:17:15+00:00,bryantal,Conversation comment,2019-09,Monday,19
lsf,2019-09-10 19:57:37+00:00,bryantal,Conversation comment,2019-09,Tuesday,19
lsf,2019-09-10 20:06:12+00:00,bryantal,Conversation comment,2019-09,Tuesday,20
lsf,2019-09-10 20:07:04+00:00,bryantal,Conversation comment,2019-09,Tuesday,20
lsf,2019-09-10 20:07:30+00:00,bryantal,Conversation comment,2019-09,Tuesday,20
lsf,2019-09-10 20:07:57+00:00,bryantal,Conversation comment,2019-09,Tuesday,20
lsf,2019-09-10 20:08:55+00:00,bryantal,Conversation comment,2019-09,Tuesday,20
lsf,2019-09-10 20:09:18+00:00,bryantal,Conversation comment,2019-09,Tuesday,20
lsf,2019-09-10 20:09:51+00:00,bryantal,Conversation comment,2019-09,Tuesday,20
lsf,2019-09-10 20:10:52+00:00,bryantal,Conversation comment,2019-09,Tuesday,20
lsf,2019-09-10 20:18:06+00:00,bryantal,Conversation comment,2019-09,Tuesday,20
lsf,2019-09-10 20:33:55+00:00,bryantal,Conversation comment,2019-09,Tuesday,20
lsf,2019-09-10 20:39:22+00:00,bryantal,Conversation comment,2019-09,Tuesday,20
lsf,2019-09-10 20:41:58+00:00,bryantal,Conversation comment,2019-09,Tuesday,20
lsf,2019-09-10 20:57:54+00:00,bryantal,Conversation comment,2019-09,Tuesday,20
lsf,2019-09-11 16:21:49+00:00,bryantal,Conversation comment,2019-09,Wednesday,16
lsf,2019-09-11 16:25:52+00:00,bryantal,Conversation comment,2019-09,Wednesday,16
lsf,2019-09-11 17:45:59+00:00,bryantal,Conversation comment,2019-09,Wednesday,17
lsf,2019-10-01 17:18:01+00:00,bryantal,Conversation comment,2019-10,Tuesday,17
lsf,2019-10-01 17:31:20+00:00,bryantal,Conversation comment,2019-10,Tuesday,17
lsf,2019-10-07 20:36:52+00:00,bryantal,Conversation comment,2019-10,Monday,20
lsf,2019-10-15 19:48:45+00:00,bryantal,Conversation comment,2019-10,Tuesday,19
lsf,2019-10-16 17:43:24+00:00,bryantal,Conversation comment,2019-10,Wednesday,17
lsf,2019-10-16 20:40:06+00:00,bryantal,Conversation comment,2019-10,Wednesday,20
lsf,2019-10-16 20:40:37+00:00,bryantal,Conversation comment,2019-10,Wednesday,20
lsf,2019-10-21 16:51:07+00:00,bryantal,Conversation comment,2019-10,Monday,16
lsf,2019-10-21 16:55:40+00:00,bryantal,Conversation comment,2019-10,Monday,16
lsf,2019-10-21 16:56:11+00:00,bryantal,Conversation comment,2019-10,Monday,16
lsf,2019-10-21 16:57:33+00:00,bryantal,Conversation comment,2019-10,Monday,16
lsf,2019-10-21 17:00:18+00:00,bryantal,Conversation comment,2019-10,Monday,17
lsf,2019-10-21 17:30:32+00:00,bryantal,Conversation comment,2019-10,Monday,17
lsf,2019-10-21 18:00:15+00:00,bryantal,Conversation comment,2019-10,Monday,18
lsf,2019-10-21 18:00:34+00:00,bryantal,Conversation comment,2019-10,Monday,18
lsf,2019-10-21 18:01:16+00:00,bryantal,Conversation comment,2019-10,Monday,18
lsf,2019-10-21 18:01:37+00:00,bryantal,Conversation comment,2019-10,Monday,18
lsf,2019-10-21 18:01:59+00:00,bryantal,Conversation comment,2019-10,Monday,18
lsf,2019-10-21 18:08:20+00:00,bryantal,Conversation comment,2019-10,Monday,18
lsf,2019-10-21 18:11:12+00:00,bryantal,Conversation comment,2019-10,Monday,18
lsf,2019-10-22 19:26:12+00:00,bryantal,Conversation comment,2019-10,Tuesday,19
lsf,2019-10-22 19:27:14+00:00,bryantal,Conversation comment,2019-10,Tuesday,19
lsf,2019-10-28 19:59:11+00:00,bryantal,Conversation comment,2019-10,Monday,19
lsf,2019-10-28 19:59:38+00:00,bryantal,Conversation comment,2019-10,Monday,19
lsf,2019-10-29 13:18:08+00:00,bryantal,Conversation comment,2019-10,Tuesday,13
lsf,2019-10-29 21:58:11+00:00,bryantal,Conversation comment,2019-10,Tuesday,21
lsf,2019-10-29 22:28:53+00:00,bryantal,Conversation comment,2019-10,Tuesday,22
lsf,2019-10-30 20:35:26+00:00,bryantal,Conversation comment,2019-10,Wednesday,20
lsf,2019-10-30 20:50:57+00:00,bryantal,Conversation comment,2019-10,Wednesday,20
lsf,2019-10-31 19:23:44+00:00,bryantal,Conversation comment,2019-10,Thursday,19
lsf,2019-11-01 16:16:26+00:00,bryantal,Conversation comment,2019-11,Friday,16
lsf,2019-11-01 16:32:15+00:00,bryantal,Conversation comment,2019-11,Friday,16
lsf,2019-11-05 21:26:03+00:00,bryantal,Conversation comment,2019-11,Tuesday,21
lsf,2019-11-06 15:54:38+00:00,bryantal,Conversation comment,2019-11,Wednesday,15
lsf,2019-11-14 21:32:24+00:00,bryantal,Conversation comment,2019-11,Thursday,21
lsf,2019-11-14 21:32:53+00:00,bryantal,Conversation comment,2019-11,Thursday,21
lsf,2019-11-19 15:41:21+00:00,bryantal,Conversation comment,2019-11,Tuesday,15
lsf,2019-11-19 16:39:54+00:00,bryantal,Conversation comment,2019-11,Tuesday,16
lsf,2019-11-19 16:40:41+00:00,bryantal,Conversation comment,2019-11,Tuesday,16
lsf,2019-12-11 16:13:49+00:00,bryantal,Conversation comment,2019-12,Wednesday,16
lsf,2019-12-11 16:17:41+00:00,bryantal,Conversation comment,2019-12,Wednesday,16
lsf,2019-12-12 17:27:11+00:00,bryantal,Conversation comment,2019-12,Thursday,17
lsf,2019-12-17 21:03:26+00:00,bryantal,Conversation comment,2019-12,Tuesday,21
lsf,2019-12-18 15:06:44+00:00,bryantal,Conversation comment,2019-12,Wednesday,15
lsf,2020-01-09 15:49:23+00:00,bryantal,Conversation comment,2020-01,Thursday,15
lsf,2020-01-13 21:31:44+00:00,bryantal,Conversation comment,2020-01,Monday,21
lsf,2020-01-14 22:48:43+00:00,bryantal,Conversation comment,2020-01,Tuesday,22
lsf,2020-01-14 22:48:43+00:00,bryantal,Conversation comment,2020-01,Tuesday,22
lsf,2020-01-16 15:09:57+00:00,bryantal,Conversation comment,2020-01,Thursday,15
lsf,2020-01-16 15:57:19+00:00,bryantal,Conversation comment,2020-01,Thursday,15
lsf,2020-01-20 18:37:27+00:00,bryantal,Conversation comment,2020-01,Monday,18
lsf,2020-01-20 18:38:34+00:00,bryantal,Conversation comment,2020-01,Monday,18
lsf,2020-01-20 22:14:54+00:00,bryantal,Conversation comment,2020-01,Monday,22
lsf,2020-01-21 16:22:15+00:00,bryantal,Conversation comment,2020-01,Tuesday,16
lsf,2020-01-21 17:50:02+00:00,bryantal,Conversation comment,2020-01,Tuesday,17
lsf,2020-01-21 18:10:47+00:00,bryantal,Conversation comment,2020-01,Tuesday,18
lsf,2020-01-21 21:18:58+00:00,bryantal,Conversation comment,2020-01,Tuesday,21
lsf,2020-01-21 21:40:16+00:00,bryantal,Conversation comment,2020-01,Tuesday,21
lsf,2020-01-22 15:14:41+00:00,bryantal,Conversation comment,2020-01,Wednesday,15
lsf,2020-01-22 15:23:42+00:00,bryantal,Conversation comment,2020-01,Wednesday,15
lsf,2020-01-22 19:53:40+00:00,bryantal,Conversation comment,2020-01,Wednesday,19
lsf,2020-01-22 19:58:21+00:00,bryantal,Conversation comment,2020-01,Wednesday,19
lsf,2020-01-22 19:59:18+00:00,bryantal,Conversation comment,2020-01,Wednesday,19
lsf,2020-01-22 19:59:18+00:00,bryantal,Conversation comment,2020-01,Wednesday,19
lsf,2020-01-22 20:03:34+00:00,bryantal,Conversation comment,2020-01,Wednesday,20
lsf,2020-01-22 20:04:32+00:00,bryantal,Conversation comment,2020-01,Wednesday,20
lsf,2020-01-22 21:33:11+00:00,bryantal,Conversation comment,2020-01,Wednesday,21
lsf,2020-01-22 21:41:08+00:00,bryantal,Conversation comment,2020-01,Wednesday,21
lsf,2020-01-22 21:42:21+00:00,bryantal,Conversation comment,2020-01,Wednesday,21
lsf,2020-01-24 18:58:58+00:00,bryantal,Conversation comment,2020-01,Friday,18
lsf,2020-01-24 19:01:38+00:00,bryantal,Conversation comment,2020-01,Friday,19
lsf,2020-01-24 19:05:50+00:00,bryantal,Conversation comment,2020-01,Friday,19
lsf,2020-01-27 13:53:54+00:00,bryantal,Conversation comment,2020-01,Monday,13
lsf,2020-01-27 18:36:04+00:00,bryantal,Conversation comment,2020-01,Monday,18
lsf,2020-01-27 20:18:51+00:00,bryantal,Conversation comment,2020-01,Monday,20
lsf,2020-01-27 20:20:52+00:00,bryantal,Conversation comment,2020-01,Monday,20
lsf,2020-01-27 21:45:25+00:00,bryantal,Conversation comment,2020-01,Monday,21
lsf,2020-01-30 21:41:21+00:00,bryantal,Conversation comment,2020-01,Thursday,21
lsf,2020-01-30 21:59:55+00:00,bryantal,Conversation comment,2020-01,Thursday,21
lsf,2020-02-03 20:11:59+00:00,bryantal,Conversation comment,2020-02,Monday,20
lsf,2020-02-04 14:13:34+00:00,bryantal,Conversation comment,2020-02,Tuesday,14
lsf,2020-02-04 14:16:43+00:00,bryantal,Conversation comment,2020-02,Tuesday,14
lsf,2020-02-04 14:24:43+00:00,bryantal,Conversation comment,2020-02,Tuesday,14
lsf,2020-02-04 14:34:33+00:00,bryantal,Conversation comment,2020-02,Tuesday,14
lsf,2020-02-05 16:31:57+00:00,bryantal,Conversation comment,2020-02,Wednesday,16
lsf,2020-02-05 16:32:19+00:00,bryantal,Conversation comment,2020-02,Wednesday,16
lsf,2020-02-05 16:34:00+00:00,bryantal,Conversation comment,2020-02,Wednesday,16
lsf,2020-02-11 18:40:24+00:00,bryantal,Conversation comment,2020-02,Tuesday,18
lsf,2020-02-25 21:53:55+00:00,bryantal,Conversation comment,2020-02,Tuesday,21
lsf,2020-02-25 21:56:08+00:00,bryantal,Conversation comment,2020-02,Tuesday,21
lsf,2020-03-02 19:42:25+00:00,bryantal,Conversation comment,2020-03,Monday,19
lsf,2020-03-03 14:20:53+00:00,bryantal,Conversation comment,2020-03,Tuesday,14
lsf,2020-03-11 18:15:01+00:00,bryantal,Conversation comment,2020-03,Wednesday,18
lsf,2020-03-11 18:16:22+00:00,bryantal,Conversation comment,2020-03,Wednesday,18
lsf,2020-03-11 20:49:50+00:00,bryantal,Conversation comment,2020-03,Wednesday,20
lsf,2020-03-18 18:26:19+00:00,bryantal,Conversation comment,2020-03,Wednesday,18
lsf,2020-03-18 18:28:54+00:00,bryantal,Conversation comment,2020-03,Wednesday,18
lsf,2020-03-18 18:54:04+00:00,bryantal,Conversation comment,2020-03,Wednesday,18
lsf,2020-03-18 18:58:45+00:00,bryantal,Conversation comment,2020-03,Wednesday,18
lsf,2020-03-18 19:00:31+00:00,bryantal,Conversation comment,2020-03,Wednesday,19
lsf,2020-03-19 18:14:18+00:00,bryantal,Conversation comment,2020-03,Thursday,18
lsf,2020-04-01 18:50:26+00:00,bryantal,Conversation comment,2020-04,Wednesday,18
lsf,2020-04-01 18:51:39+00:00,bryantal,Conversation comment,2020-04,Wednesday,18
lsf,2020-04-01 18:56:09+00:00,bryantal,Conversation comment,2020-04,Wednesday,18
lsf,2020-04-03 18:06:53+00:00,bryantal,Conversation comment,2020-04,Friday,18
lsf,2020-04-07 03:32:07+00:00,bryantal,Conversation comment,2020-04,Tuesday,3
lsf,2020-04-07 03:33:18+00:00,bryantal,Conversation comment,2020-04,Tuesday,3
lsf,2020-04-07 04:33:09+00:00,bryantal,Conversation comment,2020-04,Tuesday,4
lsf,2020-04-13 19:18:25+00:00,bryantal,Conversation comment,2020-04,Monday,19
lsf,2020-04-13 19:19:47+00:00,bryantal,Conversation comment,2020-04,Monday,19
lsf,2020-04-13 19:30:43+00:00,bryantal,Conversation comment,2020-04,Monday,19
lsf,2020-04-13 19:35:54+00:00,bryantal,Conversation comment,2020-04,Monday,19
lsf,2020-05-05 15:09:58+00:00,bryantal,Conversation comment,2020-05,Tuesday,15
lsf,2020-05-05 15:36:37+00:00,bryantal,Conversation comment,2020-05,Tuesday,15
lsf,2020-05-05 20:53:41+00:00,bryantal,Conversation comment,2020-05,Tuesday,20
lsf,2020-05-06 17:53:32+00:00,bryantal,Conversation comment,2020-05,Wednesday,17
lsf,2020-05-06 18:47:41+00:00,bryantal,Conversation comment,2020-05,Wednesday,18
lsf,2020-05-06 20:02:33+00:00,bryantal,Conversation comment,2020-05,Wednesday,20
lsf,2020-05-06 20:05:37+00:00,bryantal,Conversation comment,2020-05,Wednesday,20
lsf,2020-05-06 20:05:38+00:00,bryantal,Conversation comment,2020-05,Wednesday,20
lsf,2020-05-07 12:37:33+00:00,bryantal,Conversation comment,2020-05,Thursday,12
lsf,2020-05-07 12:38:40+00:00,bryantal,Conversation comment,2020-05,Thursday,12
lsf,2020-05-07 15:21:53+00:00,bryantal,Conversation comment,2020-05,Thursday,15
lsf,2020-05-07 15:38:57+00:00,bryantal,Conversation comment,2020-05,Thursday,15
lsf,2020-05-07 15:40:24+00:00,bryantal,Conversation comment,2020-05,Thursday,15
lsf,2020-05-07 15:54:45+00:00,bryantal,Conversation comment,2020-05,Thursday,15
lsf,2020-05-07 15:55:05+00:00,bryantal,Conversation comment,2020-05,Thursday,15
lsf,2020-05-07 17:19:37+00:00,bryantal,Conversation comment,2020-05,Thursday,17
lsf,2020-05-07 19:09:42+00:00,bryantal,Conversation comment,2020-05,Thursday,19
lsf,2020-05-07 19:18:07+00:00,bryantal,Conversation comment,2020-05,Thursday,19
lsf,2020-05-07 19:18:26+00:00,bryantal,Conversation comment,2020-05,Thursday,19
lsf,2020-05-07 19:18:26+00:00,bryantal,Conversation comment,2020-05,Thursday,19
lsf,2020-05-07 20:17:34+00:00,bryantal,Conversation comment,2020-05,Thursday,20
lsf,2020-05-07 20:21:09+00:00,bryantal,Conversation comment,2020-05,Thursday,20
lsf,2020-05-07 21:54:44+00:00,bryantal,Conversation comment,2020-05,Thursday,21
lsf,2020-05-08 16:06:28+00:00,bryantal,Conversation comment,2020-05,Friday,16
lsf,2020-05-08 16:07:55+00:00,bryantal,Conversation comment,2020-05,Friday,16
lsf,2020-05-11 12:37:34+00:00,bryantal,Conversation comment,2020-05,Monday,12
lsf,2020-05-11 13:47:51+00:00,bryantal,Conversation comment,2020-05,Monday,13
lsf,2020-05-11 15:46:04+00:00,bryantal,Conversation comment,2020-05,Monday,15
lsf,2020-05-11 16:00:15+00:00,bryantal,Conversation comment,2020-05,Monday,16
lsf,2020-05-11 17:17:48+00:00,bryantal,Conversation comment,2020-05,Monday,17
lsf,2020-05-11 19:24:42+00:00,bryantal,Conversation comment,2020-05,Monday,19
lsf,2020-05-11 19:25:29+00:00,bryantal,Conversation comment,2020-05,Monday,19
lsf,2020-05-12 12:05:47+00:00,bryantal,Conversation comment,2020-05,Tuesday,12
lsf,2020-05-12 12:07:21+00:00,bryantal,Conversation comment,2020-05,Tuesday,12
lsf,2020-05-13 17:30:11+00:00,bryantal,Conversation comment,2020-05,Wednesday,17
lsf,2020-05-13 20:13:57+00:00,bryantal,Conversation comment,2020-05,Wednesday,20
lsf,2020-05-14 13:07:01+00:00,bryantal,Conversation comment,2020-05,Thursday,13
lsf,2020-05-14 20:35:00+00:00,bryantal,Conversation comment,2020-05,Thursday,20
lsf,2020-05-14 20:35:45+00:00,bryantal,Conversation comment,2020-05,Thursday,20
lsf,2020-05-15 14:42:03+00:00,bryantal,Conversation comment,2020-05,Friday,14
lsf,2020-05-15 15:21:45+00:00,bryantal,Conversation comment,2020-05,Friday,15
lsf,2020-05-15 15:27:19+00:00,bryantal,Conversation comment,2020-05,Friday,15
lsf,2020-05-15 15:28:18+00:00,bryantal,Conversation comment,2020-05,Friday,15
lsf,2020-05-15 16:07:38+00:00,bryantal,Conversation comment,2020-05,Friday,16
lsf,2020-05-15 18:46:19+00:00,bryantal,Conversation comment,2020-05,Friday,18
lsf,2020-05-15 23:27:56+00:00,bryantal,Conversation comment,2020-05,Friday,23
lsf,2020-05-16 15:23:01+00:00,bryantal,Conversation comment,2020-05,Saturday,15
lsf,2020-05-18 15:28:32+00:00,bryantal,Conversation comment,2020-05,Monday,15
lsf,2020-05-18 17:12:23+00:00,bryantal,Conversation comment,2020-05,Monday,17
lsf,2020-05-18 20:41:47+00:00,bryantal,Conversation comment,2020-05,Monday,20
lsf,2020-05-19 14:14:47+00:00,bryantal,Conversation comment,2020-05,Tuesday,14
lsf,2020-05-19 14:15:17+00:00,bryantal,Conversation comment,2020-05,Tuesday,14
lsf,2020-05-19 14:26:12+00:00,bryantal,Conversation comment,2020-05,Tuesday,14
lsf,2020-05-19 15:50:49+00:00,bryantal,Conversation comment,2020-05,Tuesday,15
lsf,2020-05-19 15:58:44+00:00,bryantal,Conversation comment,2020-05,Tuesday,15
lsf,2020-05-19 16:03:53+00:00,bryantal,Conversation comment,2020-05,Tuesday,16
lsf,2020-05-19 17:14:59+00:00,bryantal,Conversation comment,2020-05,Tuesday,17
lsf,2020-05-19 17:21:08+00:00,bryantal,Conversation comment,2020-05,Tuesday,17
lsf,2020-05-19 17:24:48+00:00,bryantal,Conversation comment,2020-05,Tuesday,17
lsf,2020-05-19 17:26:47+00:00,bryantal,Conversation comment,2020-05,Tuesday,17
lsf,2020-05-19 17:29:58+00:00,bryantal,Conversation comment,2020-05,Tuesday,17
lsf,2020-05-19 17:30:43+00:00,bryantal,Conversation comment,2020-05,Tuesday,17
lsf,2020-05-19 17:33:57+00:00,bryantal,Conversation comment,2020-05,Tuesday,17
lsf,2020-05-19 17:38:29+00:00,bryantal,Conversation comment,2020-05,Tuesday,17
lsf,2020-05-19 17:41:35+00:00,bryantal,Conversation comment,2020-05,Tuesday,17
lsf,2020-05-21 15:26:35+00:00,bryantal,Conversation comment,2020-05,Thursday,15
lsf,2020-05-21 15:57:00+00:00,bryantal,Conversation comment,2020-05,Thursday,15
lsf,2020-05-21 16:34:07+00:00,bryantal,Conversation comment,2020-05,Thursday,16
lsf,2020-05-21 17:07:52+00:00,bryantal,Conversation comment,2020-05,Thursday,17
lsf,2020-05-21 17:23:16+00:00,bryantal,Conversation comment,2020-05,Thursday,17
lsf,2020-05-21 17:26:12+00:00,bryantal,Conversation comment,2020-05,Thursday,17
lsf,2020-05-21 17:30:56+00:00,bryantal,Conversation comment,2020-05,Thursday,17
lsf,2020-05-21 17:36:53+00:00,bryantal,Conversation comment,2020-05,Thursday,17
lsf,2020-05-21 17:47:51+00:00,bryantal,Conversation comment,2020-05,Thursday,17
lsf,2020-05-21 18:47:31+00:00,bryantal,Conversation comment,2020-05,Thursday,18
lsf,2020-05-21 19:20:43+00:00,bryantal,Conversation comment,2020-05,Thursday,19
lsf,2020-05-22 00:52:29+00:00,bryantal,Conversation comment,2020-05,Friday,0
lsf,2020-05-22 19:35:56+00:00,bryantal,Conversation comment,2020-05,Friday,19
lsf,2020-05-22 19:37:34+00:00,bryantal,Conversation comment,2020-05,Friday,19
lsf,2020-05-22 19:42:36+00:00,bryantal,Conversation comment,2020-05,Friday,19
lsf,2020-05-22 19:48:41+00:00,bryantal,Conversation comment,2020-05,Friday,19
lsf,2020-05-22 19:53:49+00:00,bryantal,Conversation comment,2020-05,Friday,19
lsf,2020-05-22 20:04:38+00:00,bryantal,Conversation comment,2020-05,Friday,20
lsf,2020-05-22 20:11:47+00:00,bryantal,Conversation comment,2020-05,Friday,20
lsf,2020-05-25 15:08:49+00:00,bryantal,Conversation comment,2020-05,Monday,15
lsf,2020-05-25 15:16:33+00:00,bryantal,Conversation comment,2020-05,Monday,15
lsf,2020-05-26 14:45:26+00:00,bryantal,Conversation comment,2020-05,Tuesday,14
lsf,2020-05-27 14:53:12+00:00,bryantal,Conversation comment,2020-05,Wednesday,14
lsf,2020-05-27 14:54:58+00:00,bryantal,Conversation comment,2020-05,Wednesday,14
lsf,2020-05-27 14:56:39+00:00,bryantal,Conversation comment,2020-05,Wednesday,14
lsf,2020-05-29 16:08:58+00:00,bryantal,Conversation comment,2020-05,Friday,16
lsf,2020-06-01 17:38:46+00:00,bryantal,Conversation comment,2020-06,Monday,17
lsf,2020-06-01 17:38:53+00:00,bryantal,Conversation comment,2020-06,Monday,17
lsf,2020-06-01 17:38:57+00:00,bryantal,Conversation comment,2020-06,Monday,17
lsf,2020-06-01 19:29:57+00:00,bryantal,Conversation comment,2020-06,Monday,19
lsf,2020-06-02 15:13:34+00:00,bryantal,Conversation comment,2020-06,Tuesday,15
lsf,2020-06-02 20:28:27+00:00,bryantal,Conversation comment,2020-06,Tuesday,20
lsf,2020-06-02 20:29:54+00:00,bryantal,Conversation comment,2020-06,Tuesday,20
lsf,2020-06-03 15:35:40+00:00,bryantal,Conversation comment,2020-06,Wednesday,15
lsf,2020-06-03 16:23:05+00:00,bryantal,Conversation comment,2020-06,Wednesday,16
lsf,2020-06-08 14:48:52+00:00,bryantal,Conversation comment,2020-06,Monday,14
lsf,2020-06-08 15:58:37+00:00,bryantal,Conversation comment,2020-06,Monday,15
lsf,2020-06-08 17:04:48+00:00,bryantal,Conversation comment,2020-06,Monday,17
lsf,2020-06-08 17:39:41+00:00,bryantal,Conversation comment,2020-06,Monday,17
lsf,2020-06-08 17:42:32+00:00,bryantal,Conversation comment,2020-06,Monday,17
lsf,2020-06-08 17:42:58+00:00,bryantal,Conversation comment,2020-06,Monday,17
lsf,2020-06-08 17:44:22+00:00,bryantal,Conversation comment,2020-06,Monday,17
lsf,2020-06-08 19:35:13+00:00,bryantal,Conversation comment,2020-06,Monday,19
lsf,2020-06-08 19:56:19+00:00,bryantal,Conversation comment,2020-06,Monday,19
lsf,2020-06-08 20:24:51+00:00,bryantal,Conversation comment,2020-06,Monday,20
lsf,2020-06-09 14:53:50+00:00,bryantal,Conversation comment,2020-06,Tuesday,14
lsf,2020-06-09 20:11:53+00:00,bryantal,Conversation comment,2020-06,Tuesday,20
lsf,2020-06-09 20:13:22+00:00,bryantal,Conversation comment,2020-06,Tuesday,20
lsf,2020-06-09 20:14:39+00:00,bryantal,Conversation comment,2020-06,Tuesday,20
lsf,2020-06-09 20:15:38+00:00,bryantal,Conversation comment,2020-06,Tuesday,20
lsf,2020-06-10 13:55:43+00:00,bryantal,Conversation comment,2020-06,Wednesday,13
lsf,2020-06-10 14:23:59+00:00,bryantal,Conversation comment,2020-06,Wednesday,14
lsf,2020-06-10 14:26:47+00:00,bryantal,Conversation comment,2020-06,Wednesday,14
lsf,2020-06-10 16:25:23+00:00,bryantal,Conversation comment,2020-06,Wednesday,16
lsf,2020-06-10 19:26:35+00:00,bryantal,Conversation comment,2020-06,Wednesday,19
lsf,2020-06-10 20:29:34+00:00,bryantal,Conversation comment,2020-06,Wednesday,20
lsf,2020-06-10 20:35:50+00:00,bryantal,Conversation comment,2020-06,Wednesday,20
lsf,2020-06-11 14:26:42+00:00,bryantal,Conversation comment,2020-06,Thursday,14
lsf,2020-06-11 14:29:51+00:00,bryantal,Conversation comment,2020-06,Thursday,14
lsf,2020-06-11 14:42:25+00:00,bryantal,Conversation comment,2020-06,Thursday,14
lsf,2020-06-12 14:23:47+00:00,bryantal,Conversation comment,2020-06,Friday,14
lsf,2020-06-12 16:11:53+00:00,bryantal,Conversation comment,2020-06,Friday,16
lsf,2020-06-12 17:07:36+00:00,bryantal,Conversation comment,2020-06,Friday,17
lsf,2020-06-15 12:43:42+00:00,bryantal,Conversation comment,2020-06,Monday,12
lsf,2020-06-15 14:00:22+00:00,bryantal,Conversation comment,2020-06,Monday,14
lsf,2020-06-15 15:51:37+00:00,bryantal,Conversation comment,2020-06,Monday,15
lsf,2020-06-15 19:53:03+00:00,bryantal,Conversation comment,2020-06,Monday,19
lsf,2020-06-15 20:15:24+00:00,bryantal,Conversation comment,2020-06,Monday,20
lsf,2020-06-16 14:01:42+00:00,bryantal,Conversation comment,2020-06,Tuesday,14
lsf,2020-06-16 14:04:12+00:00,bryantal,Conversation comment,2020-06,Tuesday,14
lsf,2020-06-16 14:16:35+00:00,bryantal,Conversation comment,2020-06,Tuesday,14
lsf,2020-06-16 14:39:01+00:00,bryantal,Conversation comment,2020-06,Tuesday,14
lsf,2020-06-16 15:49:11+00:00,bryantal,Conversation comment,2020-06,Tuesday,15
lsf,2020-06-16 15:50:20+00:00,bryantal,Conversation comment,2020-06,Tuesday,15
lsf,2020-06-16 15:51:01+00:00,bryantal,Conversation comment,2020-06,Tuesday,15
lsf,2020-06-16 15:53:33+00:00,bryantal,Conversation comment,2020-06,Tuesday,15
lsf,2020-06-16 15:54:16+00:00,bryantal,Conversation comment,2020-06,Tuesday,15
lsf,2020-06-16 15:58:22+00:00,bryantal,Conversation comment,2020-06,Tuesday,15
lsf,2020-06-16 22:25:44+00:00,bryantal,Conversation comment,2020-06,Tuesday,22
lsf,2020-06-16 22:26:13+00:00,bryantal,Conversation comment,2020-06,Tuesday,22
lsf,2020-06-18 12:33:45+00:00,bryantal,Conversation comment,2020-06,Thursday,12
lsf,2020-06-18 12:35:02+00:00,bryantal,Conversation comment,2020-06,Thursday,12
lsf,2020-06-19 15:04:32+00:00,bryantal,Conversation comment,2020-06,Friday,15
lsf,2020-06-23 18:33:36+00:00,bryantal,Conversation comment,2020-06,Tuesday,18
lsf,2020-06-24 17:40:24+00:00,bryantal,Conversation comment,2020-06,Wednesday,17
lsf,2020-06-24 20:21:47+00:00,bryantal,Conversation comment,2020-06,Wednesday,20
lsf,2020-06-25 14:09:28+00:00,bryantal,Conversation comment,2020-06,Thursday,14
lsf,2020-06-25 14:10:04+00:00,bryantal,Conversation comment,2020-06,Thursday,14
lsf,2020-06-25 20:57:23+00:00,bryantal,Conversation comment,2020-06,Thursday,20
lsf,2020-06-26 20:30:29+00:00,bryantal,Conversation comment,2020-06,Friday,20
lsf,2020-06-29 20:28:21+00:00,bryantal,Conversation comment,2020-06,Monday,20
lsf,2020-06-30 12:13:06+00:00,bryantal,Conversation comment,2020-06,Tuesday,12
lsf,2020-06-30 12:41:29+00:00,bryantal,Conversation comment,2020-06,Tuesday,12
lsf,2020-06-30 12:41:32+00:00,bryantal,Conversation comment,2020-06,Tuesday,12
lsf,2020-06-30 16:02:15+00:00,bryantal,Conversation comment,2020-06,Tuesday,16
lsf,2020-06-30 16:03:25+00:00,bryantal,Conversation comment,2020-06,Tuesday,16
lsf,2020-06-30 17:23:01+00:00,bryantal,Conversation comment,2020-06,Tuesday,17
lsf,2020-06-30 20:52:21+00:00,bryantal,Conversation comment,2020-06,Tuesday,20
lsf,2020-07-01 19:51:54+00:00,bryantal,Conversation comment,2020-07,Wednesday,19
lsf,2020-07-01 19:58:38+00:00,bryantal,Conversation comment,2020-07,Wednesday,19
lsf,2020-07-01 20:02:26+00:00,bryantal,Conversation comment,2020-07,Wednesday,20
lsf,2020-07-02 20:08:28+00:00,bryantal,Conversation comment,2020-07,Thursday,20
lsf,2020-07-02 21:30:12+00:00,bryantal,Conversation comment,2020-07,Thursday,21
lsf,2020-07-06 12:33:16+00:00,bryantal,Conversation comment,2020-07,Monday,12
lsf,2020-07-08 12:24:46+00:00,bryantal,Conversation comment,2020-07,Wednesday,12
lsf,2020-07-08 12:25:37+00:00,bryantal,Conversation comment,2020-07,Wednesday,12
lsf,2020-07-08 17:20:09+00:00,bryantal,Conversation comment,2020-07,Wednesday,17
lsf,2020-07-08 18:28:51+00:00,bryantal,Conversation comment,2020-07,Wednesday,18
lsf,2020-07-08 18:34:58+00:00,bryantal,Conversation comment,2020-07,Wednesday,18
lsf,2020-07-08 19:14:10+00:00,bryantal,Conversation comment,2020-07,Wednesday,19
lsf,2020-07-08 19:29:36+00:00,bryantal,Conversation comment,2020-07,Wednesday,19
lsf,2020-07-08 20:31:13+00:00,bryantal,Conversation comment,2020-07,Wednesday,20
lsf,2020-07-09 13:03:29+00:00,bryantal,Conversation comment,2020-07,Thursday,13
lsf,2020-07-09 14:53:09+00:00,bryantal,Conversation comment,2020-07,Thursday,14
lsf,2020-07-09 14:53:31+00:00,bryantal,Conversation comment,2020-07,Thursday,14
lsf,2020-07-09 16:03:21+00:00,bryantal,Conversation comment,2020-07,Thursday,16
lsf,2020-07-09 16:04:55+00:00,bryantal,Conversation comment,2020-07,Thursday,16
lsf,2020-07-09 16:05:12+00:00,bryantal,Conversation comment,2020-07,Thursday,16
lsf,2020-07-09 16:05:38+00:00,bryantal,Conversation comment,2020-07,Thursday,16
lsf,2020-07-10 12:13:10+00:00,bryantal,Conversation comment,2020-07,Friday,12
lsf,2020-07-10 12:32:34+00:00,bryantal,Conversation comment,2020-07,Friday,12
lsf,2020-07-10 16:52:50+00:00,bryantal,Conversation comment,2020-07,Friday,16
lsf,2020-07-10 16:53:40+00:00,bryantal,Conversation comment,2020-07,Friday,16
lsf,2020-07-13 18:22:07+00:00,bryantal,Conversation comment,2020-07,Monday,18
lsf,2020-07-13 18:51:50+00:00,bryantal,Conversation comment,2020-07,Monday,18
lsf,2020-07-13 19:55:51+00:00,bryantal,Conversation comment,2020-07,Monday,19
lsf,2020-07-14 14:32:32+00:00,bryantal,Conversation comment,2020-07,Tuesday,14
lsf,2020-07-14 15:17:37+00:00,bryantal,Conversation comment,2020-07,Tuesday,15
lsf,2020-07-14 15:18:03+00:00,bryantal,Conversation comment,2020-07,Tuesday,15
lsf,2020-07-14 15:24:16+00:00,bryantal,Conversation comment,2020-07,Tuesday,15
lsf,2020-07-14 15:25:44+00:00,bryantal,Conversation comment,2020-07,Tuesday,15
lsf,2020-07-14 18:41:15+00:00,bryantal,Conversation comment,2020-07,Tuesday,18
lsf,2020-07-14 18:43:04+00:00,bryantal,Conversation comment,2020-07,Tuesday,18
lsf,2020-07-14 19:08:50+00:00,bryantal,Conversation comment,2020-07,Tuesday,19
lsf,2020-07-14 19:26:25+00:00,bryantal,Conversation comment,2020-07,Tuesday,19
lsf,2020-07-14 19:28:48+00:00,bryantal,Conversation comment,2020-07,Tuesday,19
lsf,2020-07-14 20:07:17+00:00,bryantal,Conversation comment,2020-07,Tuesday,20
lsf,2020-07-15 12:29:01+00:00,bryantal,Conversation comment,2020-07,Wednesday,12
lsf,2020-07-15 12:29:15+00:00,bryantal,Conversation comment,2020-07,Wednesday,12
lsf,2020-07-15 12:29:44+00:00,bryantal,Conversation comment,2020-07,Wednesday,12
lsf,2020-07-15 17:21:01+00:00,bryantal,Conversation comment,2020-07,Wednesday,17
lsf,2020-07-15 17:49:34+00:00,bryantal,Conversation comment,2020-07,Wednesday,17
lsf,2020-07-15 19:19:26+00:00,bryantal,Conversation comment,2020-07,Wednesday,19
lsf,2020-07-15 20:15:21+00:00,bryantal,Conversation comment,2020-07,Wednesday,20
lsf,2020-07-15 20:26:30+00:00,bryantal,Conversation comment,2020-07,Wednesday,20
lsf,2020-07-16 12:59:35+00:00,bryantal,Conversation comment,2020-07,Thursday,12
lsf,2020-07-16 13:09:33+00:00,bryantal,Conversation comment,2020-07,Thursday,13
lsf,2020-07-16 13:10:13+00:00,bryantal,Conversation comment,2020-07,Thursday,13
lsf,2020-07-16 13:10:39+00:00,bryantal,Conversation comment,2020-07,Thursday,13
lsf,2020-07-16 14:08:25+00:00,bryantal,Conversation comment,2020-07,Thursday,14
lsf,2020-07-16 14:34:21+00:00,bryantal,Conversation comment,2020-07,Thursday,14
lsf,2020-07-16 15:17:23+00:00,bryantal,Conversation comment,2020-07,Thursday,15
lsf,2020-07-16 15:41:31+00:00,bryantal,Conversation comment,2020-07,Thursday,15
lsf,2020-07-16 17:26:33+00:00,bryantal,Conversation comment,2020-07,Thursday,17
lsf,2020-07-16 19:34:19+00:00,bryantal,Conversation comment,2020-07,Thursday,19
lsf,2020-07-16 21:07:35+00:00,bryantal,Conversation comment,2020-07,Thursday,21
lsf,2020-07-17 14:58:59+00:00,bryantal,Conversation comment,2020-07,Friday,14
lsf,2020-07-17 15:30:26+00:00,bryantal,Conversation comment,2020-07,Friday,15
lsf,2020-07-17 15:30:39+00:00,bryantal,Conversation comment,2020-07,Friday,15
lsf,2020-07-17 16:02:24+00:00,bryantal,Conversation comment,2020-07,Friday,16
lsf,2020-07-17 16:58:36+00:00,bryantal,Conversation comment,2020-07,Friday,16
lsf,2020-07-17 16:59:21+00:00,bryantal,Conversation comment,2020-07,Friday,16
lsf,2020-07-17 17:14:40+00:00,bryantal,Conversation comment,2020-07,Friday,17
lsf,2020-07-21 12:14:27+00:00,bryantal,Conversation comment,2020-07,Tuesday,12
lsf,2020-07-21 18:10:42+00:00,bryantal,Conversation comment,2020-07,Tuesday,18
lsf,2020-07-22 21:21:06+00:00,bryantal,Conversation comment,2020-07,Wednesday,21
lsf,2020-07-23 12:40:40+00:00,bryantal,Conversation comment,2020-07,Thursday,12
lsf,2020-07-23 12:48:47+00:00,bryantal,Conversation comment,2020-07,Thursday,12
lsf,2020-07-23 13:09:28+00:00,bryantal,Conversation comment,2020-07,Thursday,13
lsf,2020-07-23 15:08:08+00:00,bryantal,Conversation comment,2020-07,Thursday,15
lsf,2020-07-23 15:17:38+00:00,bryantal,Conversation comment,2020-07,Thursday,15
lsf,2020-07-23 16:57:42+00:00,bryantal,Conversation comment,2020-07,Thursday,16
lsf,2020-07-23 16:58:51+00:00,bryantal,Conversation comment,2020-07,Thursday,16
lsf,2020-07-24 15:32:04+00:00,bryantal,Conversation comment,2020-07,Friday,15
lsf,2020-07-24 15:52:20+00:00,bryantal,Conversation comment,2020-07,Friday,15
lsf,2020-07-27 12:33:12+00:00,bryantal,Conversation comment,2020-07,Monday,12
lsf,2020-07-28 18:22:12+00:00,bryantal,Conversation comment,2020-07,Tuesday,18
lsf,2020-07-28 21:21:50+00:00,bryantal,Conversation comment,2020-07,Tuesday,21
lsf,2020-07-29 21:33:31+00:00,bryantal,Conversation comment,2020-07,Wednesday,21
lsf,2020-07-30 12:39:00+00:00,bryantal,Conversation comment,2020-07,Thursday,12
lsf,2020-07-30 12:39:42+00:00,bryantal,Conversation comment,2020-07,Thursday,12
lsf,2020-07-30 19:37:06+00:00,bryantal,Conversation comment,2020-07,Thursday,19
lsf,2020-07-31 20:52:06+00:00,bryantal,Conversation comment,2020-07,Friday,20
lsf,2020-08-03 17:50:22+00:00,bryantal,Conversation comment,2020-08,Monday,17
lsf,2020-08-05 18:33:53+00:00,bryantal,Conversation comment,2020-08,Wednesday,18
lsf,2020-08-17 14:33:29+00:00,bryantal,Conversation comment,2020-08,Monday,14
lsf,2020-08-18 19:26:38+00:00,bryantal,Conversation comment,2020-08,Tuesday,19
lsf,2020-08-18 19:38:21+00:00,bryantal,Conversation comment,2020-08,Tuesday,19
lsf,2020-08-19 14:20:53+00:00,bryantal,Conversation comment,2020-08,Wednesday,14
lsf,2020-08-19 15:51:36+00:00,bryantal,Conversation comment,2020-08,Wednesday,15
lsf,2020-08-19 16:21:00+00:00,bryantal,Conversation comment,2020-08,Wednesday,16
lsf,2020-08-19 16:35:20+00:00,bryantal,Conversation comment,2020-08,Wednesday,16
lsf,2020-08-19 18:42:52+00:00,bryantal,Conversation comment,2020-08,Wednesday,18
lsf,2020-08-21 00:50:18+00:00,bryantal,Conversation comment,2020-08,Friday,0
lsf,2020-08-21 00:50:30+00:00,bryantal,Conversation comment,2020-08,Friday,0
lsf,2020-08-21 00:50:43+00:00,bryantal,Conversation comment,2020-08,Friday,0
lsf,2020-08-21 00:50:59+00:00,bryantal,Conversation comment,2020-08,Friday,0
lsf,2020-08-21 02:37:05+00:00,bryantal,Conversation comment,2020-08,Friday,2
lsf,2020-08-24 14:26:10+00:00,bryantal,Conversation comment,2020-08,Monday,14
lsf,2020-08-24 15:35:38+00:00,bryantal,Conversation comment,2020-08,Monday,15
lsf,2020-08-24 16:12:50+00:00,bryantal,Conversation comment,2020-08,Monday,16
lsf,2020-08-24 16:58:13+00:00,bryantal,Conversation comment,2020-08,Monday,16
lsf,2020-08-26 13:43:57+00:00,bryantal,Conversation comment,2020-08,Wednesday,13
lsf,2020-08-26 14:02:35+00:00,bryantal,Conversation comment,2020-08,Wednesday,14
lsf,2020-08-26 15:25:09+00:00,bryantal,Conversation comment,2020-08,Wednesday,15
lsf,2020-08-28 13:47:49+00:00,bryantal,Conversation comment,2020-08,Friday,13
lsf,2020-08-28 13:58:36+00:00,bryantal,Conversation comment,2020-08,Friday,13
lsf,2020-08-28 14:43:57+00:00,bryantal,Conversation comment,2020-08,Friday,14
lsf,2020-08-28 14:46:29+00:00,bryantal,Conversation comment,2020-08,Friday,14
lsf,2020-08-29 23:58:34+00:00,bryantal,Conversation comment,2020-08,Saturday,23
lsf,2020-08-31 14:20:04+00:00,bryantal,Conversation comment,2020-08,Monday,14
lsf,2020-08-31 14:20:38+00:00,bryantal,Conversation comment,2020-08,Monday,14
lsf,2020-08-31 15:23:56+00:00,bryantal,Conversation comment,2020-08,Monday,15
lsf,2020-08-31 15:52:51+00:00,bryantal,Conversation comment,2020-08,Monday,15
lsf,2020-08-31 15:55:36+00:00,bryantal,Conversation comment,2020-08,Monday,15
lsf,2020-08-31 15:57:15+00:00,bryantal,Conversation comment,2020-08,Monday,15
lsf,2020-08-31 16:22:33+00:00,bryantal,Conversation comment,2020-08,Monday,16
lsf,2020-08-31 16:30:12+00:00,bryantal,Conversation comment,2020-08,Monday,16
lsf,2020-08-31 16:54:56+00:00,bryantal,Conversation comment,2020-08,Monday,16
lsf,2020-08-31 16:55:17+00:00,bryantal,Conversation comment,2020-08,Monday,16
lsf,2020-08-31 16:59:00+00:00,bryantal,Conversation comment,2020-08,Monday,16
lsf,2020-09-01 03:22:47+00:00,bryantal,Conversation comment,2020-09,Tuesday,3
lsf,2020-09-02 12:54:26+00:00,bryantal,Conversation comment,2020-09,Wednesday,12
lsf,2020-09-02 13:13:49+00:00,bryantal,Conversation comment,2020-09,Wednesday,13
lsf,2020-09-07 14:25:52+00:00,bryantal,Conversation comment,2020-09,Monday,14
lsf,2020-09-07 15:51:53+00:00,bryantal,Conversation comment,2020-09,Monday,15
lsf,2020-09-08 21:42:10+00:00,bryantal,Conversation comment,2020-09,Tuesday,21
lsf,2020-09-08 21:43:15+00:00,bryantal,Conversation comment,2020-09,Tuesday,21
lsf,2020-09-09 12:12:39+00:00,bryantal,Conversation comment,2020-09,Wednesday,12
lsf,2020-09-10 15:53:57+00:00,bryantal,Conversation comment,2020-09,Thursday,15
lsf,2020-09-10 22:21:59+00:00,bryantal,Conversation comment,2020-09,Thursday,22
lsf,2020-09-14 15:40:48+00:00,bryantal,Conversation comment,2020-09,Monday,15
lsf,2020-09-16 14:41:06+00:00,bryantal,Conversation comment,2020-09,Wednesday,14
lsf,2020-09-16 15:39:20+00:00,bryantal,Conversation comment,2020-09,Wednesday,15
lsf,2020-09-16 15:40:58+00:00,bryantal,Conversation comment,2020-09,Wednesday,15
lsf,2020-09-18 19:58:21+00:00,bryantal,Conversation comment,2020-09,Friday,19
lsf,2020-09-18 19:58:30+00:00,bryantal,Conversation comment,2020-09,Friday,19
lsf,2020-09-20 22:23:36+00:00,bryantal,Conversation comment,2020-09,Sunday,22
lsf,2020-09-20 22:29:05+00:00,bryantal,Conversation comment,2020-09,Sunday,22
lsf,2020-09-20 22:30:25+00:00,bryantal,Conversation comment,2020-09,Sunday,22
lsf,2020-09-20 22:31:14+00:00,bryantal,Conversation comment,2020-09,Sunday,22
lsf,2020-09-20 22:31:56+00:00,bryantal,Conversation comment,2020-09,Sunday,22
lsf,2020-09-21 14:49:04+00:00,bryantal,Conversation comment,2020-09,Monday,14
lsf,2020-09-21 15:37:46+00:00,bryantal,Conversation comment,2020-09,Monday,15
lsf,2020-09-22 19:56:01+00:00,bryantal,Conversation comment,2020-09,Tuesday,19
lsf,2020-09-23 13:21:04+00:00,bryantal,Conversation comment,2020-09,Wednesday,13
lsf,2020-09-23 17:22:19+00:00,bryantal,Conversation comment,2020-09,Wednesday,17
lsf,2020-09-23 18:37:47+00:00,bryantal,Conversation comment,2020-09,Wednesday,18
lsf,2020-09-23 19:31:59+00:00,bryantal,Conversation comment,2020-09,Wednesday,19
lsf,2020-09-24 21:25:53+00:00,bryantal,Conversation comment,2020-09,Thursday,21
lsf,2020-09-28 16:40:03+00:00,bryantal,Conversation comment,2020-09,Monday,16
lsf,2020-09-30 19:19:23+00:00,bryantal,Conversation comment,2020-09,Wednesday,19
lsf,2020-10-05 17:58:50+00:00,bryantal,Conversation comment,2020-10,Monday,17
lsf,2020-10-05 22:50:51+00:00,bryantal,Conversation comment,2020-10,Monday,22
lsf,2020-10-09 17:30:48+00:00,bryantal,Conversation comment,2020-10,Friday,17
lsf,2020-10-09 17:46:09+00:00,bryantal,Conversation comment,2020-10,Friday,17
lsf,2020-10-09 17:53:40+00:00,bryantal,Conversation comment,2020-10,Friday,17
lsf,2020-10-09 18:00:06+00:00,bryantal,Conversation comment,2020-10,Friday,18
lsf,2020-10-17 20:36:55+00:00,bryantal,Conversation comment,2020-10,Saturday,20
lsf,2020-10-18 00:55:47+00:00,bryantal,Conversation comment,2020-10,Sunday,0
lsf,2020-10-21 15:23:15+00:00,bryantal,Conversation comment,2020-10,Wednesday,15
lsf,2020-10-27 16:49:07+00:00,bryantal,Conversation comment,2020-10,Tuesday,16
lsf,2020-10-27 16:54:06+00:00,bryantal,Conversation comment,2020-10,Tuesday,16
lsf,2020-10-27 16:54:51+00:00,bryantal,Conversation comment,2020-10,Tuesday,16
lsf,2020-10-27 17:10:45+00:00,bryantal,Conversation comment,2020-10,Tuesday,17
lsf,2020-11-02 18:26:52+00:00,bryantal,Conversation comment,2020-11,Monday,18
lsf,2020-11-06 00:21:36+00:00,bryantal,Conversation comment,2020-11,Friday,0
lsf,2020-11-11 17:10:16+00:00,bryantal,Conversation comment,2020-11,Wednesday,17
lsf,2020-11-11 17:19:16+00:00,bryantal,Conversation comment,2020-11,Wednesday,17
lsf,2020-11-19 19:47:59+00:00,bryantal,Conversation comment,2020-11,Thursday,19
lsf,2021-01-06 21:55:39+00:00,bryantal,Conversation comment,2021-01,Wednesday,21
lsf,2021-01-06 21:55:51+00:00,bryantal,Conversation comment,2021-01,Wednesday,21
lsf,2021-01-07 19:37:49+00:00,bryantal,Conversation comment,2021-01,Thursday,19
lsf,2021-01-07 19:37:57+00:00,bryantal,Conversation comment,2021-01,Thursday,19
lsf,2021-01-08 17:56:12+00:00,bryantal,Conversation comment,2021-01,Friday,17
lsf,2021-01-08 17:56:23+00:00,bryantal,Conversation comment,2021-01,Friday,17
lsf,2021-01-13 16:47:25+00:00,bryantal,Conversation comment,2021-01,Wednesday,16
lsf,2021-01-13 16:49:03+00:00,bryantal,Conversation comment,2021-01,Wednesday,16
lsf,2021-01-13 16:53:31+00:00,bryantal,Conversation comment,2021-01,Wednesday,16
lsf,2021-01-13 16:54:52+00:00,bryantal,Conversation comment,2021-01,Wednesday,16
lsf,2021-01-13 16:56:09+00:00,bryantal,Conversation comment,2021-01,Wednesday,16
lsf,2021-01-13 16:57:55+00:00,bryantal,Conversation comment,2021-01,Wednesday,16
lsf,2021-01-13 17:00:03+00:00,bryantal,Conversation comment,2021-01,Wednesday,17
lsf,2021-01-13 17:01:39+00:00,bryantal,Conversation comment,2021-01,Wednesday,17
lsf,2021-01-13 17:10:29+00:00,bryantal,Conversation comment,2021-01,Wednesday,17
lsf,2021-01-13 17:11:44+00:00,bryantal,Conversation comment,2021-01,Wednesday,17
lsf,2021-01-13 17:13:02+00:00,bryantal,Conversation comment,2021-01,Wednesday,17
lsf,2021-01-13 17:17:32+00:00,bryantal,Conversation comment,2021-01,Wednesday,17
lsf,2021-01-13 17:45:38+00:00,bryantal,Conversation comment,2021-01,Wednesday,17
lsf,2021-01-18 19:01:04+00:00,bryantal,Conversation comment,2021-01,Monday,19
lsf,2021-01-28 04:57:08+00:00,bryantal,Conversation comment,2021-01,Thursday,4
lsf,2021-01-28 04:58:37+00:00,bryantal,Conversation comment,2021-01,Thursday,4
lsf,2021-01-28 05:00:03+00:00,bryantal,Conversation comment,2021-01,Thursday,5
lsf,2021-01-28 05:03:20+00:00,bryantal,Conversation comment,2021-01,Thursday,5
lsf,2021-01-28 14:11:04+00:00,bryantal,Conversation comment,2021-01,Thursday,14
lsf,2021-01-28 15:05:52+00:00,bryantal,Conversation comment,2021-01,Thursday,15
lsf,2021-01-28 16:03:22+00:00,bryantal,Conversation comment,2021-01,Thursday,16
lsf,2021-01-28 17:53:22+00:00,bryantal,Conversation comment,2021-01,Thursday,17
lsf,2021-01-29 14:09:19+00:00,bryantal,Conversation comment,2021-01,Friday,14
lsf,2021-01-29 15:05:14+00:00,bryantal,Conversation comment,2021-01,Friday,15
lsf,2021-02-03 16:24:51+00:00,bryantal,Conversation comment,2021-02,Wednesday,16
lsf,2021-02-08 15:01:05+00:00,bryantal,Conversation comment,2021-02,Monday,15
lsf,2021-02-08 16:27:48+00:00,bryantal,Conversation comment,2021-02,Monday,16
lsf,2021-02-15 16:55:36+00:00,bryantal,Conversation comment,2021-02,Monday,16
lsf,2021-02-15 16:58:49+00:00,bryantal,Conversation comment,2021-02,Monday,16
lsf,2021-02-15 19:46:49+00:00,bryantal,Conversation comment,2021-02,Monday,19
lsf,2021-02-16 15:17:35+00:00,bryantal,Conversation comment,2021-02,Tuesday,15
lsf,2021-02-16 16:34:38+00:00,bryantal,Conversation comment,2021-02,Tuesday,16
lsf,2021-02-17 12:59:47+00:00,bryantal,Conversation comment,2021-02,Wednesday,12
lsf,2021-02-17 14:26:17+00:00,bryantal,Conversation comment,2021-02,Wednesday,14
lsf,2021-03-23 17:08:22+00:00,bryantal,Conversation comment,2021-03,Tuesday,17
lsf,2021-03-23 17:15:23+00:00,bryantal,Conversation comment,2021-03,Tuesday,17
lsf,2021-03-26 17:14:31+00:00,bryantal,Conversation comment,2021-03,Friday,17
lsf,2021-04-26 15:01:37+00:00,bryantal,Conversation comment,2021-04,Monday,15
lsf,2021-05-03 18:55:36+00:00,bryantal,Conversation comment,2021-05,Monday,18
lsf,2021-05-03 18:55:57+00:00,bryantal,Conversation comment,2021-05,Monday,18
lsf,2021-05-05 15:30:19+00:00,bryantal,Conversation comment,2021-05,Wednesday,15
lsf,2021-05-05 15:30:40+00:00,bryantal,Conversation comment,2021-05,Wednesday,15
lsf,2021-05-17 18:56:44+00:00,bryantal,Conversation comment,2021-05,Monday,18
lsf,2021-05-18 18:42:05+00:00,bryantal,Conversation comment,2021-05,Tuesday,18
lsf,2021-06-04 15:52:46+00:00,bryantal,Conversation comment,2021-06,Friday,15
lsf,2021-12-07 21:10:36+00:00,bryantal,Conversation comment,2021-12,Tuesday,21
lsf,2021-12-10 20:37:41+00:00,bryantal,Conversation comment,2021-12,Friday,20
lsf,2021-12-10 20:38:21+00:00,bryantal,Conversation comment,2021-12,Friday,20
lsf,2021-12-10 20:39:24+00:00,bryantal,Conversation comment,2021-12,Friday,20
lsf,2021-12-10 20:40:25+00:00,bryantal,Conversation comment,2021-12,Friday,20
lsf,2021-12-10 20:41:08+00:00,bryantal,Conversation comment,2021-12,Friday,20
lsf,2021-12-10 20:43:11+00:00,bryantal,Conversation comment,2021-12,Friday,20
lsf,2022-04-12 15:22:39+00:00,bryantal,Conversation comment,2022-04,Tuesday,15
lsf,2022-05-31 17:07:57+00:00,bryantal,Conversation comment,2022-05,Tuesday,17
lsf,2022-05-31 17:09:26+00:00,bryantal,Conversation comment,2022-05,Tuesday,17
lsf,2022-05-31 17:15:21+00:00,bryantal,Conversation comment,2022-05,Tuesday,17
lsf,2022-05-31 17:16:18+00:00,bryantal,Conversation comment,2022-05,Tuesday,17
lsf,2022-05-31 17:16:52+00:00,bryantal,Conversation comment,2022-05,Tuesday,17
lsf,2022-05-31 17:17:30+00:00,bryantal,Conversation comment,2022-05,Tuesday,17
lsf,2022-05-31 17:17:54+00:00,bryantal,Conversation comment,2022-05,Tuesday,17
lsf,2022-05-31 17:18:28+00:00,bryantal,Conversation comment,2022-05,Tuesday,17
lsf,2022-07-25 14:28:43+00:00,Boorclark,Conversation comment,2022-07,Monday,14
lsf,2022-08-09 13:58:11+00:00,sheggen,Conversation comment,2022-08,Tuesday,13
lsf,2022-08-09 14:06:04+00:00,sheggen,Conversation comment,2022-08,Tuesday,14
lsf,2022-08-17 15:28:09+00:00,AndersonStettner,Conversation comment,2022-08,Wednesday,15
lsf,2022-08-17 15:28:56+00:00,AndersonStettner,Conversation comment,2022-08,Wednesday,15
lsf,2022-08-17 15:29:28+00:00,AndersonStettner,Conversation comment,2022-08,Wednesday,15
lsf,2022-08-17 15:30:23+00:00,AndersonStettner,Conversation comment,2022-08,Wednesday,15
lsf,2022-08-17 15:30:53+00:00,AndersonStettner,Conversation comment,2022-08,Wednesday,15
lsf,2022-08-17 15:31:15+00:00,AndersonStettner,Conversation comment,2022-08,Wednesday,15
lsf,2022-08-17 15:31:34+00:00,AndersonStettner,Conversation comment,2022-08,Wednesday,15
lsf,2022-08-17 15:32:01+00:00,AndersonStettner,Conversation comment,2022-08,Wednesday,15
lsf,2022-08-17 15:32:23+00:00,AndersonStettner,Conversation comment,2022-08,Wednesday,15
lsf,2022-08-18 17:35:27+00:00,AndersonStettner,Conversation comment,2022-08,Thursday,17
lsf,2022-08-22 17:33:44+00:00,AndersonStettner,Conversation comment,2022-08,Monday,17
lsf,2022-09-02 13:48:23+00:00,bledsoef,Conversation comment,2022-09,Friday,13
lsf,2022-09-16 13:08:22+00:00,bledsoef,Conversation comment,2022-09,Friday,13
lsf,2022-09-16 15:51:01+00:00,AndersonStettner,Conversation comment,2022-09,Friday,15
lsf,2022-09-16 15:51:58+00:00,AndersonStettner,Conversation comment,2022-09,Friday,15
lsf,2022-09-16 15:52:27+00:00,AndersonStettner,Conversation comment,2022-09,Friday,15
lsf,2022-09-16 15:52:51+00:00,AndersonStettner,Conversation comment,2022-09,Friday,15
lsf,2022-09-16 15:53:21+00:00,AndersonStettner,Conversation comment,2022-09,Friday,15
lsf,2022-09-16 15:53:47+00:00,AndersonStettner,Conversation comment,2022-09,Friday,15
lsf,2022-09-16 15:54:27+00:00,AndersonStettner,Conversation comment,2022-09,Friday,15
lsf,2022-09-16 15:55:01+00:00,AndersonStettner,Conversation comment,2022-09,Friday,15
lsf,2022-09-16 15:55:28+00:00,AndersonStettner,Conversation comment,2022-09,Friday,15
lsf,2022-09-16 15:55:53+00:00,AndersonStettner,Conversation comment,2022-09,Friday,15
lsf,2022-09-16 15:56:23+00:00,AndersonStettner,Conversation comment,2022-09,Friday,15
lsf,2022-09-16 15:57:04+00:00,AndersonStettner,Conversation comment,2022-09,Friday,15
lsf,2022-10-05 14:07:34+00:00,bledsoef,Conversation comment,2022-10,Wednesday,14
lsf,2022-10-05 14:14:28+00:00,bledsoef,Conversation comment,2022-10,Wednesday,14
lsf,2022-10-07 13:44:57+00:00,bledsoef,Conversation comment,2022-10,Friday,13
lsf,2022-10-13 14:01:25+00:00,martinj2-dot,Conversation comment,2022-10,Thursday,14
lsf,2022-10-20 14:45:48+00:00,martinj2-dot,Conversation comment,2022-10,Thursday,14
lsf,2022-10-25 19:51:51+00:00,sreynit02,Conversation comment,2022-10,Tuesday,19
lsf,2022-11-02 14:03:09+00:00,tylerpar99,Conversation comment,2022-11,Wednesday,14
lsf,2022-11-02 14:10:32+00:00,tylerpar99,Conversation comment,2022-11,Wednesday,14
lsf,2022-11-09 14:05:31+00:00,tylerpar99,Conversation comment,2022-11,Wednesday,14
lsf,2022-11-09 21:01:12+00:00,sreynit02,Conversation comment,2022-11,Wednesday,21
lsf,2022-11-11 19:35:45+00:00,Karina-Agliullova,Conversation comment,2022-11,Friday,19
lsf,2022-11-14 22:35:51+00:00,gahimbaref,Conversation comment,2022-11,Monday,22
lsf,2022-11-15 14:58:42+00:00,AndersonStettner,Conversation comment,2022-11,Tuesday,14
lsf,2022-11-16 21:50:22+00:00,sreynit02,Conversation comment,2022-11,Wednesday,21
lsf,2022-11-16 22:27:00+00:00,gahimbaref,Conversation comment,2022-11,Wednesday,22
lsf,2022-11-18 20:42:33+00:00,sreynit02,Conversation comment,2022-11,Friday,20
lsf,2022-11-21 15:30:27+00:00,AndersonStettner,Conversation comment,2022-11,Monday,15
lsf,2022-11-28 12:56:36+00:00,tylerpar99,Conversation comment,2022-11,Monday,12
lsf,2022-11-28 12:56:58+00:00,tylerpar99,Conversation comment,2022-11,Monday,12
lsf,2022-11-29 14:09:19+00:00,AndersonStettner,Conversation comment,2022-11,Tuesday,14
lsf,2022-12-07 14:28:12+00:00,tylerpar99,Conversation comment,2022-12,Wednesday,14
lsf,2022-12-14 16:32:37+00:00,tylerpar99,Conversation comment,2022-12,Wednesday,16
lsf,2023-01-13 16:42:59+00:00,AndersonStettner,Conversation comment,2023-01,Friday,16
lsf,2023-01-13 16:43:25+00:00,AndersonStettner,Conversation comment,2023-01,Friday,16
lsf,2023-01-17 20:48:03+00:00,tylerpar99,Conversation comment,2023-01,Tuesday,20
lsf,2023-01-18 18:25:36+00:00,tylerpar99,Conversation comment,2023-01,Wednesday,18
lsf,2023-01-18 19:47:34+00:00,tylerpar99,Conversation comment,2023-01,Wednesday,19
lsf,2023-01-25 21:26:16+00:00,Karina-Agliullova,Conversation comment,2023-01,Wednesday,21
lsf,2023-01-25 21:42:10+00:00,Karina-Agliullova,Conversation comment,2023-01,Wednesday,21
lsf,2023-01-25 21:46:16+00:00,Karina-Agliullova,Conversation comment,2023-01,Wednesday,21
lsf,2023-01-26 20:07:55+00:00,sreynit02,Conversation comment,2023-01,Thursday,20
lsf,2023-01-26 21:12:24+00:00,sreynit02,Conversation comment,2023-01,Thursday,21
lsf,2023-01-26 21:12:46+00:00,sreynit02,Conversation comment,2023-01,Thursday,21
lsf,2023-01-26 21:48:50+00:00,sreynit02,Conversation comment,2023-01,Thursday,21
lsf,2023-01-27 17:54:01+00:00,AndersonStettner,Conversation comment,2023-01,Friday,17
lsf,2023-01-27 18:12:35+00:00,AndersonStettner,Conversation comment,2023-01,Friday,18
lsf,2023-01-30 20:48:51+00:00,solijonovam,Conversation comment,2023-01,Monday,20
lsf,2023-01-30 21:43:33+00:00,tylerpar99,Conversation comment,2023-01,Monday,21
lsf,2023-02-10 20:22:59+00:00,tylerpar99,Conversation comment,2023-02,Friday,20
lsf,2023-02-13 20:20:17+00:00,bledsoef,Conversation comment,2023-02,Monday,20
lsf,2023-03-16 19:16:12+00:00,solijonovam,Conversation comment,2023-03,Thursday,19
lsf,2023-03-20 20:53:54+00:00,solijonovam,Conversation comment,2023-03,Monday,20
lsf,2023-04-05 18:43:57+00:00,sheggen,Conversation comment,2023-04,Wednesday,18
lsf,2023-04-26 19:09:36+00:00,tylerpar99,Conversation comment,2023-04,Wednesday,19
lsf,2023-05-10 14:00:56+00:00,AndersonStettner,Conversation comment,2023-05,Wednesday,14
lsf,2023-08-21 17:14:23+00:00,AndersonStettner,Conversation comment,2023-08,Monday,17
lsf,2023-08-21 17:15:21+00:00,AndersonStettner,Conversation comment,2023-08,Monday,17
lsf,2023-08-21 17:15:43+00:00,AndersonStettner,Conversation comment,2023-08,Monday,17
lsf,2023-08-25 15:18:58+00:00,AndersonStettner,Conversation comment,2023-08,Friday,15
lsf,2023-09-13 19:27:37+00:00,qasema,Conversation comment,2023-09,Wednesday,19
lsf,2023-09-19 15:21:52+00:00,andersoncedu,Conversation comment,2023-09,Tuesday,15
lsf,2023-09-20 21:38:58+00:00,gahimbaref,Conversation comment,2023-09,Wednesday,21
lsf,2023-09-21 15:05:17+00:00,AndersonStettner,Conversation comment,2023-09,Thursday,15
lsf,2023-09-22 16:21:40+00:00,doucoureb,Conversation comment,2023-09,Friday,16
lsf,2023-09-22 18:13:03+00:00,doucoureb,Conversation comment,2023-09,Friday,18
lsf,2023-09-26 15:02:18+00:00,andersoncedu,Conversation comment,2023-09,Tuesday,15
lsf,2023-09-26 15:54:27+00:00,andersoncedu,Conversation comment,2023-09,Tuesday,15
lsf,2023-09-28 19:39:36+00:00,solijonovam,Conversation comment,2023-09,Thursday,19
lsf,2023-09-29 11:52:25+00:00,AndersonStettner,Conversation comment,2023-09,Friday,11
lsf,2023-10-03 16:08:13+00:00,andersoncedu,Conversation comment,2023-10,Tuesday,16
lsf,2023-10-12 21:26:20+00:00,hoerstl,Conversation comment,2023-10,Thursday,21
lsf,2023-10-12 21:43:33+00:00,hoerstl,Conversation comment,2023-10,Thursday,21
lsf,2023-10-17 12:57:42+00:00,hoerstl,Conversation comment,2023-10,Tuesday,12
lsf,2023-10-23 15:53:41+00:00,hoerstl,Conversation comment,2023-10,Monday,15
lsf,2023-11-02 17:12:35+00:00,andersoncedu,Conversation comment,2023-11,Thursday,17
lsf,2023-11-07 16:27:33+00:00,andersoncedu,Conversation comment,2023-11,Tuesday,16
lsf,2023-11-10 13:03:58+00:00,andersoncedu,Conversation comment,2023-11,Friday,13
lsf,2023-11-10 13:33:35+00:00,andersoncedu,Conversation comment,2023-11,Friday,13
lsf,2023-11-17 17:38:48+00:00,stevensonmichel,Conversation comment,2023-11,Friday,17
lsf,2023-11-30 20:39:28+00:00,hoerstl,Conversation comment,2023-11,Thursday,20
lsf,2024-01-19 18:48:43+00:00,azabeli,Conversation comment,2024-01,Friday,18
lsf,2024-01-22 17:00:37+00:00,stevensonmichel,Conversation comment,2024-01,Monday,17
lsf,2024-02-08 17:53:57+00:00,andersoncedu,Conversation comment,2024-02,Thursday,17
lsf,2024-02-21 15:38:56+00:00,andersoncedu,Conversation comment,2024-02,Wednesday,15
lsf,2024-02-23 15:14:11+00:00,stevensonmichel,Conversation comment,2024-02,Friday,15
lsf,2024-03-01 17:48:17+00:00,bledsoef,Conversation comment,2024-03,Friday,17
lsf,2024-03-21 19:41:35+00:00,hoerstl,Conversation comment,2024-03,Thursday,19
lsf,2024-03-26 20:23:08+00:00,AndersonStettner,Conversation comment,2024-03,Tuesday,20
lsf,2024-08-29 20:29:22+00:00,bledsoef,Conversation comment,2024-08,Thursday,20
lsf,2024-08-29 21:17:46+00:00,bledsoef,Conversation comment,2024-08,Thursday,21
lsf,2024-09-06 04:00:00+00:00,bledsoef,Conversation comment,2024-09,Friday,4
lsf,2024-09-06 04:46:18+00:00,bledsoef,Conversation comment,2024-09,Friday,4
lsf,2024-09-06 04:46:24+00:00,bledsoef,Conversation comment,2024-09,Friday,4
lsf,2024-09-06 20:15:01+00:00,WackyWeaver,Conversation comment,2024-09,Friday,20
lsf,2024-09-06 20:16:57+00:00,WackyWeaver,Conversation comment,2024-09,Friday,20
lsf,2024-09-06 20:18:10+00:00,WackyWeaver,Conversation comment,2024-09,Friday,20
lsf,2024-09-20 13:58:35+00:00,stevensonmichel,Conversation comment,2024-09,Friday,13
lsf,2024-09-20 19:51:21+00:00,stevensonmichel,Conversation comment,2024-09,Friday,19
lsf,2024-09-23 20:34:53+00:00,WackyWeaver,Conversation comment,2024-09,Monday,20
lsf,2024-09-25 20:07:15+00:00,stevensonmichel,Conversation comment,2024-09,Wednesday,20
lsf,2024-09-25 20:43:03+00:00,WackyWeaver,Conversation comment,2024-09,Wednesday,20
lsf,2024-09-27 14:19:13+00:00,stevensonmichel,Conversation comment,2024-09,Friday,14
lsf,2024-10-03 20:14:10+00:00,bledsoef,Conversation comment,2024-10,Thursday,20
lsf,2024-10-04 14:22:50+00:00,stevensonmichel,Conversation comment,2024-10,Friday,14
lsf,2024-10-25 18:10:05+00:00,bledsoef,Conversation comment,2024-10,Friday,18
lsf,2024-10-28 17:18:33+00:00,Karina-Agliullova,Conversation comment,2024-10,Monday,17
lsf,2024-10-28 19:44:52+00:00,stevensonmichel,Conversation comment,2024-10,Monday,19
lsf,2024-11-19 03:35:52+00:00,hoerstl,Conversation comment,2024-11,Tuesday,3
lsf,2024-12-03 20:47:38+00:00,hoerstl,Conversation comment,2024-12,Tuesday,20
lsf,2024-12-03 20:54:17+00:00,hoerstl,Conversation comment,2024-12,Tuesday,20
lsf,2024-12-04 22:01:23+00:00,hoerstl,Conversation comment,2024-12,Wednesday,22
lsf,2025-04-18 19:40:23+00:00,ojmakinde,Conversation comment,2025-04,Friday,19
lsf,2025-04-25 23:45:08+00:00,FStimmler,Conversation comment,2025-04,Friday,23
lsf,2025-04-30 16:53:31+00:00,stevensonmichel,Conversation comment,2025-04,Wednesday,16
lsf,2025-06-23 02:53:18+00:00,Karina-Agliullova,Conversation comment,2025-06,Monday,2
lsf,2025-06-23 02:54:58+00:00,Karina-Agliullova,Conversation comment,2025-06,Monday,2
lsf,2025-06-26 15:25:37+00:00,GalinaP7,Conversation comment,2025-06,Thursday,15
lsf,2025-07-03 17:10:01+00:00,bakobagassas,Conversation comment,2025-07,Thursday,17
lsf,2025-07-03 17:23:46+00:00,adjagbodjouf,Conversation comment,2025-07,Thursday,17
lsf,2025-07-03 17:28:51+00:00,adjagbodjouf,Conversation comment,2025-07,Thursday,17
lsf,2025-07-03 18:23:07+00:00,PuskarC,Conversation comment,2025-07,Thursday,18
lsf,2025-07-07 15:41:03+00:00,petrosyantsa,Conversation comment,2025-07,Monday,15
lsf,2025-07-08 15:33:52+00:00,RueHaile,Conversation comment,2025-07,Tuesday,15
lsf,2025-07-11 19:56:23+00:00,BesherKitaz,Conversation comment,2025-07,Friday,19
lsf,2025-07-14 15:26:09+00:00,BesherKitaz,Conversation comment,2025-07,Monday,15
lsf,2025-07-22 14:58:36+00:00,BesherKitaz,Conversation comment,2025-07,Tuesday,14
lsf,2025-08-01 14:48:11+00:00,mathew2005,Conversation comment,2025-08,Friday,14
lsf,2025-08-28 13:49:02+00:00,ali-ramazani,Conversation comment,2025-08,Thursday,13
lsf,2025-09-08 20:30:58+00:00,JohnCox2211,Conversation comment,2025-09,Monday,20
lsf,2025-09-08 20:31:28+00:00,JohnCox2211,Conversation comment,2025-09,Monday,20
lsf,2025-09-11 18:47:47+00:00,JohnCox2211,Conversation comment,2025-09,Thursday,18
lsf,2025-09-12 14:08:51+00:00,ali-ramazani,Conversation comment,2025-09,Friday,14
lsf,2025-09-12 22:30:57+00:00,RueHaile,Conversation comment,2025-09,Friday,22
lsf,2025-09-23 19:20:01+00:00,bakobagassas,Conversation comment,2025-09,Tuesday,19
lsf,2025-09-23 19:23:25+00:00,bakobagassas,Conversation comment,2025-09,Tuesday,19
lsf,2025-09-29 19:51:10+00:00,JohnCox2211,Conversation comment,2025-09,Monday,19
lsf,2025-09-29 19:52:18+00:00,JohnCox2211,Conversation comment,2025-09,Monday,19
lsf,2025-09-30 19:44:40+00:00,JohnCox2211,Conversation comment,2025-09,Tuesday,19
lsf,2025-10-13 23:20:18+00:00,MImran2002,Conversation comment,2025-10,Monday,23
lsf,2025-10-21 23:32:26+00:00,MImran2002,Conversation comment,2025-10,Tuesday,23
lsf,2025-10-22 18:33:45+00:00,JohnCox2211,Conversation comment,2025-10,Wednesday,18
lsf,2025-10-22 23:00:18+00:00,MImran2002,Conversation comment,2025-10,Wednesday,23
lsf,2025-10-31 17:15:17+00:00,JohnCox2211,Conversation comment,2025-10,Friday,17
lsf,2025-11-03 13:58:09+00:00,Meatchema,Conversation comment,2025-11,Monday,13
lsf,2025-11-03 23:56:58+00:00,MImran2002,Conversation comment,2025-11,Monday,23
lsf,2025-11-04 00:19:30+00:00,MImran2002,Conversation comment,2025-11,Tuesday,0
lsf,2025-11-04 20:40:18+00:00,RueHaile,Conversation comment,2025-11,Tuesday,20
lsf,2025-11-04 22:35:53+00:00,MImran2002,Conversation comment,2025-11,Tuesday,22
lsf,2025-11-04 22:37:09+00:00,RueHaile,Conversation comment,2025-11,Tuesday,22
lsf,2025-11-04 22:47:31+00:00,JohnCox2211,Conversation comment,2025-11,Tuesday,22
lsf,2025-11-04 22:53:49+00:00,MImran2002,Conversation comment,2025-11,Tuesday,22
lsf,2025-11-05 20:26:42+00:00,JohnCox2211,Conversation comment,2025-11,Wednesday,20
lsf,2025-11-05 20:33:58+00:00,JohnCox2211,Conversation comment,2025-11,Wednesday,20
lsf,2025-11-07 18:21:18+00:00,bakobagassas,Conversation comment,2025-11,Friday,18
lsf,2025-11-10 18:42:34+00:00,eunsungw,Conversation comment,2025-11,Monday,18
lsf,2025-11-10 19:19:04+00:00,eunsungw,Conversation comment,2025-11,Monday,19
lsf,2025-11-10 20:33:15+00:00,JohnCox2211,Conversation comment,2025-11,Monday,20
lsf,2025-11-10 21:34:38+00:00,MImran2002,Conversation comment,2025-11,Monday,21
lsf,2025-11-10 21:35:38+00:00,MImran2002,Conversation comment,2025-11,Monday,21
lsf,2025-11-10 22:40:30+00:00,RueHaile,Conversation comment,2025-11,Monday,22
lsf,2025-11-11 20:40:24+00:00,RueHaile,Conversation comment,2025-11,Tuesday,20
lsf,2025-11-11 20:52:21+00:00,Meatchema,Conversation comment,2025-11,Tuesday,20
lsf,2025-11-11 20:57:52+00:00,Meatchema,Conversation comment,2025-11,Tuesday,20
lsf,2025-11-12 20:31:50+00:00,JohnCox2211,Conversation comment,2025-11,Wednesday,20
lsf,2025-11-17 19:03:03+00:00,ojmakinde,Conversation comment,2025-11,Monday,19
lsf,2025-11-18 00:30:18+00:00,RueHaile,Conversation comment,2025-11,Tuesday,0
lsf,2025-11-18 21:40:59+00:00,Meatchema,Conversation comment,2025-11,Tuesday,21
lsf,2025-11-18 23:32:12+00:00,RueHaile,Conversation comment,2025-11,Tuesday,23
lsf,2025-11-20 01:53:18+00:00,Kafui123,Conversation comment,2025-11,Thursday,1
lsf,2025-11-20 02:27:35+00:00,Kafui123,Conversation comment,2025-11,Thursday,2
lsf,2025-11-20 21:36:24+00:00,MImran2002,Conversation comment,2025-11,Thursday,21
lsf,2025-11-20 22:13:50+00:00,MImran2002,Conversation comment,2025-11,Thursday,22
lsf,2025-12-15 20:09:24+00:00,MImran2002,Conversation comment,2025-12,Monday,20
lsf,2026-01-21 19:47:44+00:00,JohnCox2211,Conversation comment,2026-01,Wednesday,19
lsf,2026-02-02 15:18:10+00:00,Karina-Agliullova,Conversation comment,2026-02,Monday,15
lsf,2026-02-05 20:05:33+00:00,JohnCox2211,Conversation comment,2026-02,Thursday,20
lsf,2026-02-05 20:46:27+00:00,Meatchema,Conversation comment,2026-02,Thursday,20
lsf,2026-02-10 23:13:38+00:00,RueHaile,Conversation comment,2026-02,Tuesday,23
lsf,2026-02-12 20:39:29+00:00,Meatchema,Conversation comment,2026-02,Thursday,20
lsf,2026-02-12 22:07:35+00:00,RueHaile,Conversation comment,2026-02,Thursday,22
lsf,2026-02-16 20:59:41+00:00,RueHaile,Conversation comment,2026-02,Monday,20
lsf,2026-02-19 15:50:35+00:00,RueHaile,Conversation comment,2026-02,Thursday,15
lsf,2026-02-19 21:11:11+00:00,Meatchema,Conversation comment,2026-02,Thursday,21
lsf,2026-02-20 21:46:01+00:00,RueHaile,Conversation comment,2026-02,Friday,21
lsf,2026-02-24 21:25:34+00:00,Kafui123,Conversation comment,2026-02,Tuesday,21
lsf,2026-02-25 21:19:08+00:00,JohnCox2211,Conversation comment,2026-02,Wednesday,21
lsf,2026-02-25 21:28:47+00:00,JohnCox2211,Conversation comment,2026-02,Wednesday,21
lsf,2026-03-09 19:26:55+00:00,RueHaile,Conversation comment,2026-03,Monday,19
lsf,2026-03-09 20:49:13+00:00,RueHaile,Conversation comment,2026-03,Monday,20
lsf,2026-03-10 18:11:38+00:00,JohnCox2211,Conversation comment,2026-03,Tuesday,18
lsf,2026-03-17 21:30:49+00:00,RueHaile,Conversation comment,2026-03,Tuesday,21
lsf,2026-03-18 14:26:48+00:00,MImran2002,Conversation comment,2026-03,Wednesday,14
lsf,2026-03-18 20:55:32+00:00,JohnCox2211,Conversation comment,2026-03,Wednesday,20
lsf,2026-03-18 20:57:15+00:00,JohnCox2211,Conversation comment,2026-03,Wednesday,20
lsf,2026-03-22 22:08:52+00:00,MImran2002,Conversation comment,2026-03,Sunday,22
lsf,2026-03-31 20:51:15+00:00,JohnCox2211,Conversation comment,2026-03,Tuesday,20
lsf,2026-03-31 22:05:49+00:00,RueHaile,Conversation comment,2026-03,Tuesday,22
lsf,2026-03-31 22:06:31+00:00,RueHaile,Conversation comment,2026-03,Tuesday,22
lsf,2026-04-01 21:05:14+00:00,JohnCox2211,Conversation comment,2026-04,Wednesday,21
lsf,2026-04-06 19:20:46+00:00,RueHaile,Conversation comment,2026-04,Monday,19
lsf,2026-04-09 19:40:54+00:00,RueHaile,Conversation comment,2026-04,Thursday,19
lsf,2026-04-09 22:02:00+00:00,RueHaile,Conversation comment,2026-04,Thursday,22
lsf,2026-04-14 17:15:52+00:00,Kafui123,Conversation comment,2026-04,Tuesday,17
lsf,2026-04-14 20:55:39+00:00,Arohasina,Conversation comment,2026-04,Tuesday,20
lsf,2026-04-16 20:43:22+00:00,Kafui123,Conversation comment,2026-04,Thursday,20
lsf,2026-05-18 20:54:14+00:00,Karina-Agliullova,Conversation comment,2026-05,Monday,20
lsf,2026-05-18 20:56:24+00:00,Karina-Agliullova,Conversation comment,2026-05,Monday,20
lsf,2026-05-18 20:58:39+00:00,Karina-Agliullova,Conversation comment,2026-05,Monday,20
lsf,2026-05-20 14:52:49+00:00,Karina-Agliullova,Conversation comment,2026-05,Wednesday,14
lsf,2026-05-20 15:17:28+00:00,Karina-Agliullova,Conversation comment,2026-05,Wednesday,15
lsf,2026-05-20 15:20:31+00:00,Karina-Agliullova,Conversation comment,2026-05,Wednesday,15
lsf,2026-05-20 15:23:02+00:00,Karina-Agliullova,Conversation comment,2026-05,Wednesday,15
lsf,2026-05-20 18:09:42+00:00,Karina-Agliullova,Conversation comment,2026-05,Wednesday,18
lsf,2026-06-12 21:13:43+00:00,MImran2002,Conversation comment,2026-06,Friday,21
lsf,2026-06-16 20:28:07+00:00,conwelld,Conversation comment,2026-06,Tuesday,20
lsf,2026-06-19 14:03:17+00:00,nahom70,Conversation comment,2026-06,Friday,14
lsf,2026-06-23 14:09:17+00:00,BetterRocket,Conversation comment,2026-06,Tuesday,14
lsf,2026-06-23 14:11:50+00:00,ArtemKurasov,Conversation comment,2026-06,Tuesday,14
lsf,2026-06-23 17:16:01+00:00,conwelld,Conversation comment,2026-06,Tuesday,17
lsf,2026-06-29 18:52:27+00:00,MImran2002,Conversation comment,2026-06,Monday,18
lsf,2026-07-01 15:07:18+00:00,MImran2002,Conversation comment,2026-07,Wednesday,15
lsf,2026-07-01 16:00:46+00:00,BhushanSah,Conversation comment,2026-07,Wednesday,16
lsf,2026-07-01 16:01:22+00:00,BhushanSah,Conversation comment,2026-07,Wednesday,16
lsf,2026-07-01 16:01:37+00:00,BhushanSah,Conversation comment,2026-07,Wednesday,16
lsf,2026-07-06 18:13:45+00:00,MImran2002,Conversation comment,2026-07,Monday,18
lsf,2026-07-06 18:20:56+00:00,MImran2002,Conversation comment,2026-07,Monday,18
lsf,2026-07-06 21:07:01+00:00,MImran2002,Conversation comment,2026-07,Monday,21
lsf,2026-07-06 21:11:45+00:00,MImran2002,Conversation comment,2026-07,Monday,21
lsf,2026-07-07 12:34:50+00:00,DanielRukwasha,Conversation comment,2026-07,Tuesday,12
lsf,2026-07-08 14:12:23+00:00,DanielRukwasha,Conversation comment,2026-07,Wednesday,14
lsf,2026-07-08 18:00:07+00:00,MImran2002,Conversation comment,2026-07,Wednesday,18
lsf,2026-07-08 18:02:43+00:00,MImran2002,Conversation comment,2026-07,Wednesday,18
lsf,2026-07-08 18:04:59+00:00,conwelld,Conversation comment,2026-07,Wednesday,18
lsf,2026-07-08 19:18:41+00:00,MImran2002,Conversation comment,2026-07,Wednesday,19
lsf,2026-07-09 13:16:29+00:00,DanielRukwasha,Conversation comment,2026-07,Thursday,13
lsf,2026-07-09 17:32:43+00:00,MImran2002,Conversation comment,2026-07,Thursday,17
lsf,2026-07-09 17:58:26+00:00,BetterRocket,Conversation comment,2026-07,Thursday,17
lsf,2026-07-09 18:49:21+00:00,conwelld,Conversation comment,2026-07,Thursday,18
lsf,2026-07-09 19:07:02+00:00,BhushanSah,Conversation comment,2026-07,Thursday,19
lsf,2026-07-10 20:02:42+00:00,BetterRocket,Conversation comment,2026-07,Friday,20
lsf,2026-07-21 15:12:59+00:00,DanielRukwasha,Conversation comment,2026-07,Tuesday,15
lsf,2026-07-21 15:28:59+00:00,conwelld,Conversation comment,2026-07,Tuesday,15
lsf,2026-07-21 15:39:03+00:00,fritzj2,Conversation comment,2026-07,Tuesday,15
lsf,2026-07-21 15:59:02+00:00,conwelld,Conversation comment,2026-07,Tuesday,15
lsf,2026-07-21 18:28:13+00:00,BetterRocket,Conversation comment,2026-07,Tuesday,18
lsf,2026-07-21 18:51:46+00:00,BhushanSah,Conversation comment,2026-07,Tuesday,18
lsf,2026-07-22 14:08:39+00:00,nahom70,Conversation comment,2026-07,Wednesday,14
lsf,2026-07-22 14:14:57+00:00,nahom70,Conversation comment,2026-07,Wednesday,14
lsf,2026-07-22 15:03:09+00:00,NYABUTOA,Conversation comment,2026-07,Wednesday,15
lsf,2026-07-22 15:05:13+00:00,NYABUTOA,Conversation comment,2026-07,Wednesday,15
lsf,2026-07-22 15:06:13+00:00,BhushanSah,Conversation comment,2026-07,Wednesday,15
lsf,2026-07-29 15:24:22+00:00,BhushanSah,Conversation comment,2026-07,Wednesday,15
lsf,2026-07-29 19:16:30+00:00,conwelld,Conversation comment,2026-07,Wednesday,19
lsf,2026-08-03 17:58:57+00:00,BhushanSah,Conversation comment,2026-08,Monday,17
lsf,2026-08-03 20:31:01+00:00,BhushanSah,Conversation comment,2026-08,Monday,20
lsf,2026-08-04 17:11:08+00:00,BhushanSah,Conversation comment,2026-08,Tuesday,17
lsf,2026-08-05 17:10:06+00:00,conwelld,Conversation comment,2026-08,Wednesday,17
lsf,2026-08-05 17:14:51+00:00,conwelld,Conversation comment,2026-08,Wednesday,17
lsf,2026-08-05 17:16:53+00:00,conwelld,Conversation comment,2026-08,Wednesday,17
lsf,2026-08-05 17:17:52+00:00,conwelld,Conversation comment,2026-08,Wednesday,17
lsf,2026-08-06 18:20:46+00:00,BhushanSah,Conversation comment,2026-08,Thursday,18
lsf,2026-08-20 23:04:24+00:00,MImran2002,Conversation comment,2026-08,Thursday,23
lsf,2026-09-04 18:12:26+00:00,Kafui123,Conversation comment,2026-09,Friday,18
lsf,2026-09-08 12:56:06+00:00,fritzj2,Conversation comment,2026-09,Tuesday,12
lsf,2026-09-09 14:25:37+00:00,MImran2002,Conversation comment,2026-09,Wednesday,14
lsf,2026-09-11 13:54:27+00:00,fritzj2,Conversation comment,2026-09,Friday,13
lsf,2026-09-15 12:46:18+00:00,fritzj2,Conversation comment,2026-09,Tuesday,12
lsf,2022-09-14 14:11:28+00:00,tylerpar99,Review comment,2022-09,Wednesday,14
lsf,2022-09-14 14:12:21+00:00,tylerpar99,Review comment,2022-09,Wednesday,14
lsf,2022-10-28 19:24:23+00:00,AndersonStettner,Review comment,2022-10,Friday,19
lsf,2022-10-28 19:52:20+00:00,AndersonStettner,Review comment,2022-10,Friday,19
lsf,2022-11-11 18:52:14+00:00,AndersonStettner,Review comment,2022-11,Friday,18
lsf,2022-11-14 13:16:46+00:00,tylerpar99,Review comment,2022-11,Monday,13
lsf,2022-11-16 19:46:53+00:00,AndersonStettner,Review comment,2022-11,Wednesday,19
lsf,2022-12-07 21:36:17+00:00,AndersonStettner,Review comment,2022-12,Wednesday,21
lsf,2023-02-09 15:48:54+00:00,gahimbaref,Review comment,2023-02,Thursday,15
lsf,2023-02-09 15:56:05+00:00,gahimbaref,Review comment,2023-02,Thursday,15
lsf,2023-02-09 19:52:08+00:00,tylerpar99,Review comment,2023-02,Thursday,19
lsf,2023-02-13 20:03:24+00:00,AndersonStettner,Review comment,2023-02,Monday,20
lsf,2023-02-13 20:45:22+00:00,AndersonStettner,Review comment,2023-02,Monday,20
lsf,2023-02-14 13:45:07+00:00,bledsoef,Review comment,2023-02,Tuesday,13
lsf,2023-02-14 13:50:01+00:00,bledsoef,Review comment,2023-02,Tuesday,13
lsf,2023-02-14 13:52:00+00:00,bledsoef,Review comment,2023-02,Tuesday,13
lsf,2023-02-14 13:53:08+00:00,bledsoef,Review comment,2023-02,Tuesday,13
lsf,2023-02-14 13:58:23+00:00,bledsoef,Review comment,2023-02,Tuesday,13
lsf,2023-02-14 14:00:12+00:00,bledsoef,Review comment,2023-02,Tuesday,14
lsf,2023-02-16 21:02:38+00:00,tylerpar99,Review comment,2023-02,Thursday,21
lsf,2023-03-03 16:39:47+00:00,AndersonStettner,Review comment,2023-03,Friday,16
lsf,2023-03-22 20:46:57+00:00,sreynit02,Review comment,2023-03,Wednesday,20
lsf,2023-03-24 19:49:49+00:00,sreynit02,Review comment,2023-03,Friday,19
lsf,2023-06-20 20:22:18+00:00,AndersonStettner,Review comment,2023-06,Tuesday,20
lsf,2023-06-20 20:22:25+00:00,AndersonStettner,Review comment,2023-06,Tuesday,20
lsf,2023-06-20 20:22:42+00:00,AndersonStettner,Review comment,2023-06,Tuesday,20
lsf,2023-06-20 20:22:48+00:00,AndersonStettner,Review comment,2023-06,Tuesday,20
lsf,2023-06-20 20:22:56+00:00,AndersonStettner,Review comment,2023-06,Tuesday,20
lsf,2023-06-20 20:25:00+00:00,AndersonStettner,Review comment,2023-06,Tuesday,20
lsf,2023-07-18 15:32:40+00:00,AndersonStettner,Review comment,2023-07,Tuesday,15
lsf,2023-07-18 15:32:52+00:00,AndersonStettner,Review comment,2023-07,Tuesday,15
lsf,2023-07-18 15:33:12+00:00,AndersonStettner,Review comment,2023-07,Tuesday,15
lsf,2023-07-18 15:33:22+00:00,AndersonStettner,Review comment,2023-07,Tuesday,15
lsf,2023-07-18 15:33:46+00:00,AndersonStettner,Review comment,2023-07,Tuesday,15
lsf,2023-08-29 19:29:15+00:00,hoerstl,Review comment,2023-08,Tuesday,19
lsf,2023-08-29 19:30:50+00:00,hoerstl,Review comment,2023-08,Tuesday,19
lsf,2023-08-29 19:58:28+00:00,hoerstl,Review comment,2023-08,Tuesday,19
lsf,2023-08-29 19:59:04+00:00,hoerstl,Review comment,2023-08,Tuesday,19
lsf,2023-08-29 21:10:32+00:00,hoerstl,Review comment,2023-08,Tuesday,21
lsf,2023-08-30 18:21:08+00:00,stevensonmichel,Review comment,2023-08,Wednesday,18
lsf,2023-09-11 20:24:37+00:00,qasema,Review comment,2023-09,Monday,20
lsf,2023-09-13 19:33:53+00:00,qasema,Review comment,2023-09,Wednesday,19
lsf,2023-09-15 14:56:52+00:00,hoerstl,Review comment,2023-09,Friday,14
lsf,2023-09-28 19:53:16+00:00,solijonovam,Review comment,2023-09,Thursday,19
lsf,2023-09-29 13:58:06+00:00,andersoncedu,Review comment,2023-09,Friday,13
lsf,2023-10-04 15:02:56+00:00,hoerstl,Review comment,2023-10,Wednesday,15
lsf,2023-10-04 15:05:41+00:00,hoerstl,Review comment,2023-10,Wednesday,15
lsf,2023-10-04 15:10:43+00:00,hoerstl,Review comment,2023-10,Wednesday,15
lsf,2023-10-04 15:12:34+00:00,hoerstl,Review comment,2023-10,Wednesday,15
lsf,2023-10-04 15:20:31+00:00,hoerstl,Review comment,2023-10,Wednesday,15
lsf,2023-10-04 15:21:18+00:00,hoerstl,Review comment,2023-10,Wednesday,15
lsf,2023-10-04 15:23:46+00:00,hoerstl,Review comment,2023-10,Wednesday,15
lsf,2023-10-04 15:26:43+00:00,hoerstl,Review comment,2023-10,Wednesday,15
lsf,2023-10-04 15:29:59+00:00,hoerstl,Review comment,2023-10,Wednesday,15
lsf,2023-10-04 15:33:35+00:00,hoerstl,Review comment,2023-10,Wednesday,15
lsf,2023-10-05 17:21:15+00:00,AndersonStettner,Review comment,2023-10,Thursday,17
lsf,2023-10-05 21:01:38+00:00,hoerstl,Review comment,2023-10,Thursday,21
lsf,2023-10-05 21:21:03+00:00,hoerstl,Review comment,2023-10,Thursday,21
lsf,2023-10-05 21:40:13+00:00,hoerstl,Review comment,2023-10,Thursday,21
lsf,2023-10-05 21:43:31+00:00,hoerstl,Review comment,2023-10,Thursday,21
lsf,2023-10-06 13:09:05+00:00,andersoncedu,Review comment,2023-10,Friday,13
lsf,2023-10-06 13:12:11+00:00,andersoncedu,Review comment,2023-10,Friday,13
lsf,2023-10-13 16:31:49+00:00,gahimbaref,Review comment,2023-10,Friday,16
lsf,2023-10-16 20:05:16+00:00,doucoureb,Review comment,2023-10,Monday,20
lsf,2023-10-17 13:18:04+00:00,AndersonStettner,Review comment,2023-10,Tuesday,13
lsf,2023-10-17 13:22:56+00:00,AndersonStettner,Review comment,2023-10,Tuesday,13
lsf,2023-10-20 13:01:58+00:00,andersoncedu,Review comment,2023-10,Friday,13
lsf,2023-10-20 13:02:29+00:00,andersoncedu,Review comment,2023-10,Friday,13
lsf,2023-10-27 19:49:10+00:00,qasema,Review comment,2023-10,Friday,19
lsf,2023-10-31 19:31:38+00:00,andersoncedu,Review comment,2023-10,Tuesday,19
lsf,2023-11-03 13:33:11+00:00,andersoncedu,Review comment,2023-11,Friday,13
lsf,2023-11-03 13:34:26+00:00,andersoncedu,Review comment,2023-11,Friday,13
lsf,2023-11-13 14:45:42+00:00,AndersonStettner,Review comment,2023-11,Monday,14
lsf,2023-11-15 16:22:22+00:00,hoerstl,Review comment,2023-11,Wednesday,16
lsf,2023-11-15 16:30:57+00:00,hoerstl,Review comment,2023-11,Wednesday,16
lsf,2023-11-16 21:04:52+00:00,hoerstl,Review comment,2023-11,Thursday,21
lsf,2023-11-16 21:12:25+00:00,hoerstl,Review comment,2023-11,Thursday,21
lsf,2023-11-16 21:42:18+00:00,hoerstl,Review comment,2023-11,Thursday,21
lsf,2023-11-17 16:04:21+00:00,hoerstl,Review comment,2023-11,Friday,16
lsf,2023-11-20 18:21:25+00:00,stevensonmichel,Review comment,2023-11,Monday,18
lsf,2023-11-20 18:21:30+00:00,stevensonmichel,Review comment,2023-11,Monday,18
lsf,2023-11-30 19:55:03+00:00,AndersonStettner,Review comment,2023-11,Thursday,19
lsf,2023-12-04 16:52:36+00:00,stevensonmichel,Review comment,2023-12,Monday,16
lsf,2024-02-08 18:47:35+00:00,hoerstl,Review comment,2024-02,Thursday,18
lsf,2024-02-08 18:53:58+00:00,hoerstl,Review comment,2024-02,Thursday,18
lsf,2024-02-08 19:07:02+00:00,hoerstl,Review comment,2024-02,Thursday,19
lsf,2024-02-08 19:10:22+00:00,hoerstl,Review comment,2024-02,Thursday,19
lsf,2024-02-08 19:23:13+00:00,hoerstl,Review comment,2024-02,Thursday,19
lsf,2024-02-08 19:26:27+00:00,hoerstl,Review comment,2024-02,Thursday,19
lsf,2024-02-08 19:52:08+00:00,hoerstl,Review comment,2024-02,Thursday,19
lsf,2024-02-08 19:52:22+00:00,hoerstl,Review comment,2024-02,Thursday,19
lsf,2024-02-08 19:53:13+00:00,hoerstl,Review comment,2024-02,Thursday,19
lsf,2024-02-08 19:56:18+00:00,hoerstl,Review comment,2024-02,Thursday,19
lsf,2024-02-08 21:57:47+00:00,hoerstl,Review comment,2024-02,Thursday,21
lsf,2024-02-08 22:00:22+00:00,hoerstl,Review comment,2024-02,Thursday,22
lsf,2024-02-08 22:11:52+00:00,hoerstl,Review comment,2024-02,Thursday,22
lsf,2024-02-08 22:12:15+00:00,hoerstl,Review comment,2024-02,Thursday,22
lsf,2024-02-08 22:18:31+00:00,hoerstl,Review comment,2024-02,Thursday,22
lsf,2024-02-08 22:24:46+00:00,hoerstl,Review comment,2024-02,Thursday,22
lsf,2024-02-08 22:39:21+00:00,hoerstl,Review comment,2024-02,Thursday,22
lsf,2024-02-13 22:09:18+00:00,bledsoef,Review comment,2024-02,Tuesday,22
lsf,2024-02-21 15:56:08+00:00,stevensonmichel,Review comment,2024-02,Wednesday,15
lsf,2024-02-21 15:56:47+00:00,stevensonmichel,Review comment,2024-02,Wednesday,15
lsf,2024-02-21 15:57:58+00:00,andersoncedu,Review comment,2024-02,Wednesday,15
lsf,2024-02-21 15:59:09+00:00,stevensonmichel,Review comment,2024-02,Wednesday,15
lsf,2024-02-21 16:03:04+00:00,andersoncedu,Review comment,2024-02,Wednesday,16
lsf,2024-02-21 16:03:30+00:00,stevensonmichel,Review comment,2024-02,Wednesday,16
lsf,2024-02-22 19:00:06+00:00,hoerstl,Review comment,2024-02,Thursday,19
lsf,2024-02-22 19:05:08+00:00,hoerstl,Review comment,2024-02,Thursday,19
lsf,2024-02-22 19:12:59+00:00,hoerstl,Review comment,2024-02,Thursday,19
lsf,2024-02-22 19:15:52+00:00,hoerstl,Review comment,2024-02,Thursday,19
lsf,2024-02-22 19:16:07+00:00,hoerstl,Review comment,2024-02,Thursday,19
lsf,2024-02-22 19:18:48+00:00,hoerstl,Review comment,2024-02,Thursday,19
lsf,2024-02-23 14:22:26+00:00,stevensonmichel,Review comment,2024-02,Friday,14
lsf,2024-09-10 18:04:27+00:00,bledsoef,Review comment,2024-09,Tuesday,18
lsf,2024-09-11 18:55:39+00:00,WackyWeaver,Review comment,2024-09,Wednesday,18
lsf,2024-09-25 20:06:07+00:00,stevensonmichel,Review comment,2024-09,Wednesday,20
lsf,2024-09-25 20:42:26+00:00,WackyWeaver,Review comment,2024-09,Wednesday,20
lsf,2024-11-01 20:16:16+00:00,Karina-Agliullova,Review comment,2024-11,Friday,20
lsf,2024-11-08 18:39:19+00:00,Mbeweg,Review comment,2024-11,Friday,18
lsf,2024-11-08 18:44:13+00:00,Mbeweg,Review comment,2024-11,Friday,18
lsf,2024-11-11 03:09:10+00:00,bledsoef,Review comment,2024-11,Monday,3
lsf,2024-11-11 20:45:06+00:00,hoerstl,Review comment,2024-11,Monday,20
lsf,2025-06-26 19:22:47+00:00,mathew2005,Review comment,2025-06,Thursday,19
lsf,2025-07-14 21:02:10+00:00,BesherKitaz,Review comment,2025-07,Monday,21
lsf,2025-07-14 21:03:22+00:00,BesherKitaz,Review comment,2025-07,Monday,21
lsf,2025-07-14 21:04:21+00:00,BesherKitaz,Review comment,2025-07,Monday,21
lsf,2025-07-15 17:24:06+00:00,Arohasina,Review comment,2025-07,Tuesday,17
lsf,2025-07-16 18:18:19+00:00,BesherKitaz,Review comment,2025-07,Wednesday,18
lsf,2025-07-16 20:26:00+00:00,Arohasina,Review comment,2025-07,Wednesday,20
lsf,2025-07-28 15:25:06+00:00,BesherKitaz,Review comment,2025-07,Monday,15
lsf,2025-07-30 14:37:03+00:00,BesherKitaz,Review comment,2025-07,Wednesday,14
lsf,2025-07-30 14:38:11+00:00,BesherKitaz,Review comment,2025-07,Wednesday,14
lsf,2025-07-30 14:39:44+00:00,BesherKitaz,Review comment,2025-07,Wednesday,14
lsf,2025-07-30 15:23:46+00:00,BesherKitaz,Review comment,2025-07,Wednesday,15
lsf,2025-07-30 15:25:14+00:00,BesherKitaz,Review comment,2025-07,Wednesday,15
lsf,2025-07-30 15:31:51+00:00,BesherKitaz,Review comment,2025-07,Wednesday,15
lsf,2025-07-30 16:47:01+00:00,BesherKitaz,Review comment,2025-07,Wednesday,16
lsf,2025-07-30 17:48:19+00:00,BesherKitaz,Review comment,2025-07,Wednesday,17
lsf,2025-07-30 18:04:56+00:00,BesherKitaz,Review comment,2025-07,Wednesday,18
lsf,2025-07-30 18:08:34+00:00,BesherKitaz,Review comment,2025-07,Wednesday,18
lsf,2025-08-01 15:15:14+00:00,BesherKitaz,Review comment,2025-08,Friday,15
lsf,2025-08-01 15:16:25+00:00,BesherKitaz,Review comment,2025-08,Friday,15
lsf,2025-08-01 15:27:34+00:00,BesherKitaz,Review comment,2025-08,Friday,15
lsf,2025-10-13 19:34:30+00:00,ojmakinde,Review comment,2025-10,Monday,19
lsf,2025-10-13 19:36:27+00:00,ojmakinde,Review comment,2025-10,Monday,19
lsf,2025-10-14 16:40:37+00:00,ojmakinde,Review comment,2025-10,Tuesday,16
lsf,2025-10-14 16:41:18+00:00,ojmakinde,Review comment,2025-10,Tuesday,16
lsf,2025-10-14 16:43:11+00:00,ojmakinde,Review comment,2025-10,Tuesday,16
lsf,2025-10-14 16:46:08+00:00,ojmakinde,Review comment,2025-10,Tuesday,16
lsf,2025-10-14 16:46:52+00:00,ojmakinde,Review comment,2025-10,Tuesday,16
lsf,2025-10-14 16:48:07+00:00,ojmakinde,Review comment,2025-10,Tuesday,16
lsf,2025-10-14 18:37:51+00:00,ojmakinde,Review comment,2025-10,Tuesday,18
lsf,2025-10-14 18:43:00+00:00,ojmakinde,Review comment,2025-10,Tuesday,18
lsf,2025-10-14 18:48:19+00:00,ojmakinde,Review comment,2025-10,Tuesday,18
lsf,2025-10-14 18:49:04+00:00,ojmakinde,Review comment,2025-10,Tuesday,18
lsf,2025-10-15 21:01:53+00:00,JohnCox2211,Review comment,2025-10,Wednesday,21
lsf,2025-10-20 21:01:03+00:00,RueHaile,Review comment,2025-10,Monday,21
lsf,2025-10-20 22:18:34+00:00,RueHaile,Review comment,2025-10,Monday,22
lsf,2025-10-23 21:35:23+00:00,JohnCox2211,Review comment,2025-10,Thursday,21
lsf,2025-11-03 23:35:10+00:00,MImran2002,Review comment,2025-11,Monday,23
lsf,2025-11-03 23:35:25+00:00,MImran2002,Review comment,2025-11,Monday,23
lsf,2025-11-03 23:37:24+00:00,MImran2002,Review comment,2025-11,Monday,23
lsf,2025-11-03 23:38:03+00:00,MImran2002,Review comment,2025-11,Monday,23
lsf,2025-11-03 23:50:25+00:00,MImran2002,Review comment,2025-11,Monday,23
lsf,2025-11-03 23:58:23+00:00,MImran2002,Review comment,2025-11,Monday,23
lsf,2025-11-04 20:22:56+00:00,ojmakinde,Review comment,2025-11,Tuesday,20
lsf,2025-11-04 20:52:04+00:00,MImran2002,Review comment,2025-11,Tuesday,20
lsf,2025-11-04 22:43:08+00:00,MImran2002,Review comment,2025-11,Tuesday,22
lsf,2025-11-06 00:31:44+00:00,MImran2002,Review comment,2025-11,Thursday,0
lsf,2025-11-06 01:06:22+00:00,MImran2002,Review comment,2025-11,Thursday,1
lsf,2025-11-06 01:06:44+00:00,MImran2002,Review comment,2025-11,Thursday,1
lsf,2025-11-13 13:09:42+00:00,ojmakinde,Review comment,2025-11,Thursday,13
lsf,2025-11-13 13:11:10+00:00,ojmakinde,Review comment,2025-11,Thursday,13
lsf,2025-11-13 13:11:35+00:00,ojmakinde,Review comment,2025-11,Thursday,13
lsf,2025-11-13 13:12:08+00:00,ojmakinde,Review comment,2025-11,Thursday,13
lsf,2025-11-13 13:15:59+00:00,ojmakinde,Review comment,2025-11,Thursday,13
lsf,2025-11-13 13:35:27+00:00,ojmakinde,Review comment,2025-11,Thursday,13
lsf,2025-11-13 21:03:34+00:00,Kafui123,Review comment,2025-11,Thursday,21
lsf,2025-11-13 21:04:41+00:00,Kafui123,Review comment,2025-11,Thursday,21
lsf,2025-11-14 19:03:21+00:00,ojmakinde,Review comment,2025-11,Friday,19
lsf,2025-11-14 21:17:34+00:00,Kafui123,Review comment,2025-11,Friday,21
lsf,2025-11-24 19:12:14+00:00,ojmakinde,Review comment,2025-11,Monday,19
lsf,2025-11-24 20:06:30+00:00,ojmakinde,Review comment,2025-11,Monday,20
lsf,2025-11-24 21:21:19+00:00,Kafui123,Review comment,2025-11,Monday,21
lsf,2026-02-03 20:50:05+00:00,RueHaile,Review comment,2026-02,Tuesday,20
lsf,2026-02-24 21:40:13+00:00,Kafui123,Review comment,2026-02,Tuesday,21
lsf,2026-02-24 21:52:25+00:00,Kafui123,Review comment,2026-02,Tuesday,21
lsf,2026-02-27 18:49:15+00:00,ojmakinde,Review comment,2026-02,Friday,18
lsf,2026-02-27 18:55:32+00:00,ojmakinde,Review comment,2026-02,Friday,18
lsf,2026-02-27 18:56:38+00:00,ojmakinde,Review comment,2026-02,Friday,18
lsf,2026-03-02 21:04:27+00:00,RueHaile,Review comment,2026-03,Monday,21
lsf,2026-03-02 21:08:33+00:00,RueHaile,Review comment,2026-03,Monday,21
lsf,2026-03-02 21:08:53+00:00,RueHaile,Review comment,2026-03,Monday,21
lsf,2026-03-11 19:58:11+00:00,Kafui123,Review comment,2026-03,Wednesday,19
lsf,2026-03-11 20:40:12+00:00,JohnCox2211,Review comment,2026-03,Wednesday,20
lsf,2026-03-16 17:21:18+00:00,JohnCox2211,Review comment,2026-03,Monday,17
lsf,2026-03-18 20:35:25+00:00,JohnCox2211,Review comment,2026-03,Wednesday,20
lsf,2026-03-18 21:37:20+00:00,Arohasina,Review comment,2026-03,Wednesday,21
lsf,2026-03-25 21:59:39+00:00,MImran2002,Review comment,2026-03,Wednesday,21
lsf,2026-03-25 21:59:57+00:00,MImran2002,Review comment,2026-03,Wednesday,21
lsf,2026-03-27 16:45:07+00:00,MImran2002,Review comment,2026-03,Friday,16
lsf,2026-03-27 22:50:39+00:00,MImran2002,Review comment,2026-03,Friday,22
lsf,2026-03-27 22:51:41+00:00,MImran2002,Review comment,2026-03,Friday,22
lsf,2026-03-29 02:08:43+00:00,Arohasina,Review comment,2026-03,Sunday,2
lsf,2026-03-31 18:29:04+00:00,JohnCox2211,Review comment,2026-03,Tuesday,18
lsf,2026-03-31 18:31:02+00:00,JohnCox2211,Review comment,2026-03,Tuesday,18
lsf,2026-03-31 18:32:24+00:00,JohnCox2211,Review comment,2026-03,Tuesday,18
lsf,2026-03-31 19:15:19+00:00,JohnCox2211,Review comment,2026-03,Tuesday,19
lsf,2026-03-31 19:28:32+00:00,JohnCox2211,Review comment,2026-03,Tuesday,19
lsf,2026-03-31 20:09:43+00:00,JohnCox2211,Review comment,2026-03,Tuesday,20
lsf,2026-03-31 22:03:39+00:00,RueHaile,Review comment,2026-03,Tuesday,22
lsf,2026-04-09 19:46:29+00:00,RueHaile,Review comment,2026-04,Thursday,19
lsf,2026-04-14 19:59:31+00:00,bakobagassas,Review comment,2026-04,Tuesday,19
lsf,2026-04-14 20:00:47+00:00,MImran2002,Review comment,2026-04,Tuesday,20
lsf,2026-04-14 20:01:27+00:00,MImran2002,Review comment,2026-04,Tuesday,20
lsf,2026-04-14 20:27:21+00:00,Arohasina,Review comment,2026-04,Tuesday,20
lsf,2026-04-14 20:32:49+00:00,bakobagassas,Review comment,2026-04,Tuesday,20
lsf,2026-04-14 20:33:42+00:00,bakobagassas,Review comment,2026-04,Tuesday,20
lsf,2026-04-14 20:34:21+00:00,bakobagassas,Review comment,2026-04,Tuesday,20
lsf,2026-04-14 20:38:03+00:00,bakobagassas,Review comment,2026-04,Tuesday,20
lsf,2026-04-14 20:52:43+00:00,Arohasina,Review comment,2026-04,Tuesday,20
lsf,2026-04-14 20:57:40+00:00,Arohasina,Review comment,2026-04,Tuesday,20
lsf,2026-04-14 21:13:53+00:00,MImran2002,Review comment,2026-04,Tuesday,21
lsf,2026-04-15 21:50:48+00:00,Kafui123,Review comment,2026-04,Wednesday,21
lsf,2026-04-15 21:59:41+00:00,Kafui123,Review comment,2026-04,Wednesday,21
lsf,2026-04-16 20:21:26+00:00,Kafui123,Review comment,2026-04,Thursday,20
lsf,2026-05-04 14:40:28+00:00,MImran2002,Review comment,2026-05,Monday,14
lsf,2026-05-04 14:47:48+00:00,MImran2002,Review comment,2026-05,Monday,14
lsf,2026-05-04 16:26:16+00:00,Kafui123,Review comment,2026-05,Monday,16
lsf,2026-05-05 19:20:02+00:00,Kafui123,Review comment,2026-05,Tuesday,19
lsf,2026-06-08 15:38:41+00:00,MImran2002,Review comment,2026-06,Monday,15
lsf,2026-06-09 21:08:18+00:00,MImran2002,Review comment,2026-06,Tuesday,21
lsf,2026-06-09 21:10:29+00:00,MImran2002,Review comment,2026-06,Tuesday,21
lsf,2026-06-09 21:13:20+00:00,MImran2002,Review comment,2026-06,Tuesday,21
lsf,2026-06-11 18:14:57+00:00,MImran2002,Review comment,2026-06,Thursday,18
lsf,2026-06-22 21:16:00+00:00,fritzj2,Review comment,2026-06,Monday,21
lsf,2026-06-23 20:44:29+00:00,MImran2002,Review comment,2026-06,Tuesday,20
lsf,2026-06-23 20:45:08+00:00,MImran2002,Review comment,2026-06,Tuesday,20
lsf,2026-06-23 21:07:35+00:00,MImran2002,Review comment,2026-06,Tuesday,21
lsf,2026-06-24 14:41:32+00:00,MImran2002,Review comment,2026-06,Wednesday,14
lsf,2026-06-24 18:01:43+00:00,MImran2002,Review comment,2026-06,Wednesday,18
lsf,2026-06-25 14:30:55+00:00,MImran2002,Review comment,2026-06,Thursday,14
lsf,2026-06-25 19:41:59+00:00,MImran2002,Review comment,2026-06,Thursday,19
lsf,2026-06-25 22:55:02+00:00,BhushanSah,Review comment,2026-06,Thursday,22
lsf,2026-07-01 15:17:21+00:00,MImran2002,Review comment,2026-07,Wednesday,15
lsf,2026-07-01 15:26:15+00:00,MImran2002,Review comment,2026-07,Wednesday,15
lsf,2026-07-01 15:27:27+00:00,MImran2002,Review comment,2026-07,Wednesday,15
lsf,2026-07-01 15:34:13+00:00,fritzj2,Review comment,2026-07,Wednesday,15
lsf,2026-07-01 15:35:20+00:00,MImran2002,Review comment,2026-07,Wednesday,15
lsf,2026-07-01 15:35:26+00:00,fritzj2,Review comment,2026-07,Wednesday,15
lsf,2026-07-01 15:36:35+00:00,fritzj2,Review comment,2026-07,Wednesday,15
lsf,2026-07-06 19:08:39+00:00,MImran2002,Review comment,2026-07,Monday,19
lsf,2026-07-08 19:33:58+00:00,MImran2002,Review comment,2026-07,Wednesday,19
lsf,2026-07-08 19:41:35+00:00,MImran2002,Review comment,2026-07,Wednesday,19
lsf,2026-07-08 19:41:51+00:00,MImran2002,Review comment,2026-07,Wednesday,19
lsf,2026-07-08 19:42:14+00:00,MImran2002,Review comment,2026-07,Wednesday,19
lsf,2026-07-08 19:43:02+00:00,MImran2002,Review comment,2026-07,Wednesday,19
lsf,2026-07-08 19:43:20+00:00,MImran2002,Review comment,2026-07,Wednesday,19
lsf,2026-07-08 19:44:04+00:00,MImran2002,Review comment,2026-07,Wednesday,19
lsf,2026-07-08 19:44:19+00:00,MImran2002,Review comment,2026-07,Wednesday,19
lsf,2026-07-08 19:47:53+00:00,MImran2002,Review comment,2026-07,Wednesday,19
lsf,2026-07-08 19:48:05+00:00,MImran2002,Review comment,2026-07,Wednesday,19
lsf,2026-07-08 19:48:41+00:00,MImran2002,Review comment,2026-07,Wednesday,19
lsf,2026-07-08 19:50:29+00:00,MImran2002,Review comment,2026-07,Wednesday,19
lsf,2026-07-09 15:56:13+00:00,BetterRocket,Review comment,2026-07,Thursday,15
lsf,2026-07-09 17:54:32+00:00,MImran2002,Review comment,2026-07,Thursday,17
lsf,2026-07-09 17:56:50+00:00,MImran2002,Review comment,2026-07,Thursday,17
lsf,2026-07-09 17:57:38+00:00,MImran2002,Review comment,2026-07,Thursday,17
lsf,2026-07-09 18:00:16+00:00,MImran2002,Review comment,2026-07,Thursday,18
lsf,2026-07-10 13:52:20+00:00,MImran2002,Review comment,2026-07,Friday,13
lsf,2026-07-10 13:52:50+00:00,MImran2002,Review comment,2026-07,Friday,13
lsf,2026-07-10 13:54:05+00:00,MImran2002,Review comment,2026-07,Friday,13
lsf,2026-07-10 17:42:52+00:00,fritzj2,Review comment,2026-07,Friday,17
lsf,2026-07-10 17:49:03+00:00,fritzj2,Review comment,2026-07,Friday,17
lsf,2026-07-10 17:49:53+00:00,fritzj2,Review comment,2026-07,Friday,17
lsf,2026-07-13 15:05:17+00:00,MImran2002,Review comment,2026-07,Monday,15
lsf,2026-07-13 17:20:10+00:00,MImran2002,Review comment,2026-07,Monday,17
lsf,2026-07-13 17:37:27+00:00,MImran2002,Review comment,2026-07,Monday,17
lsf,2026-07-13 18:38:33+00:00,MImran2002,Review comment,2026-07,Monday,18
lsf,2026-07-13 20:06:27+00:00,MImran2002,Review comment,2026-07,Monday,20
lsf,2026-07-13 20:26:49+00:00,MImran2002,Review comment,2026-07,Monday,20
lsf,2026-07-13 21:04:25+00:00,MImran2002,Review comment,2026-07,Monday,21
lsf,2026-07-13 21:18:38+00:00,MImran2002,Review comment,2026-07,Monday,21
lsf,2026-07-13 21:18:58+00:00,MImran2002,Review comment,2026-07,Monday,21
lsf,2026-07-14 02:00:37+00:00,MImran2002,Review comment,2026-07,Tuesday,2
lsf,2026-07-14 02:05:19+00:00,MImran2002,Review comment,2026-07,Tuesday,2
lsf,2026-07-14 02:05:46+00:00,MImran2002,Review comment,2026-07,Tuesday,2
lsf,2026-07-14 02:06:22+00:00,MImran2002,Review comment,2026-07,Tuesday,2
lsf,2026-07-14 02:08:41+00:00,MImran2002,Review comment,2026-07,Tuesday,2
lsf,2026-07-14 02:12:04+00:00,MImran2002,Review comment,2026-07,Tuesday,2
lsf,2026-07-14 02:46:05+00:00,MImran2002,Review comment,2026-07,Tuesday,2
lsf,2026-07-14 02:47:06+00:00,MImran2002,Review comment,2026-07,Tuesday,2
lsf,2026-07-14 02:49:07+00:00,MImran2002,Review comment,2026-07,Tuesday,2
lsf,2026-07-14 02:50:25+00:00,MImran2002,Review comment,2026-07,Tuesday,2
lsf,2026-07-14 14:13:40+00:00,conwelld,Review comment,2026-07,Tuesday,14
lsf,2026-07-14 14:15:46+00:00,conwelld,Review comment,2026-07,Tuesday,14
lsf,2026-07-21 15:13:46+00:00,fritzj2,Review comment,2026-07,Tuesday,15
lsf,2026-07-21 15:14:03+00:00,fritzj2,Review comment,2026-07,Tuesday,15
lsf,2026-07-21 15:15:28+00:00,fritzj2,Review comment,2026-07,Tuesday,15
lsf,2026-07-21 15:28:57+00:00,fritzj2,Review comment,2026-07,Tuesday,15
lsf,2026-07-21 15:29:07+00:00,fritzj2,Review comment,2026-07,Tuesday,15
lsf,2026-07-21 15:34:07+00:00,conwelld,Review comment,2026-07,Tuesday,15
lsf,2026-07-21 15:55:47+00:00,fritzj2,Review comment,2026-07,Tuesday,15
lsf,2026-07-21 15:55:54+00:00,fritzj2,Review comment,2026-07,Tuesday,15
lsf,2026-07-21 17:53:24+00:00,MImran2002,Review comment,2026-07,Tuesday,17
lsf,2026-07-21 17:56:14+00:00,MImran2002,Review comment,2026-07,Tuesday,17
lsf,2026-07-21 18:03:29+00:00,BetterRocket,Review comment,2026-07,Tuesday,18
lsf,2026-07-21 18:15:13+00:00,BetterRocket,Review comment,2026-07,Tuesday,18
lsf,2026-07-21 18:24:35+00:00,BetterRocket,Review comment,2026-07,Tuesday,18
lsf,2026-07-21 18:37:35+00:00,BetterRocket,Review comment,2026-07,Tuesday,18
lsf,2026-07-21 18:39:39+00:00,BetterRocket,Review comment,2026-07,Tuesday,18
lsf,2026-07-21 18:41:57+00:00,BetterRocket,Review comment,2026-07,Tuesday,18
lsf,2026-07-21 18:46:47+00:00,BhushanSah,Review comment,2026-07,Tuesday,18
lsf,2026-07-21 18:47:06+00:00,BhushanSah,Review comment,2026-07,Tuesday,18
lsf,2026-07-21 18:48:10+00:00,BhushanSah,Review comment,2026-07,Tuesday,18
lsf,2026-07-21 18:48:37+00:00,BhushanSah,Review comment,2026-07,Tuesday,18
lsf,2026-07-21 18:48:58+00:00,BhushanSah,Review comment,2026-07,Tuesday,18
lsf,2026-07-21 18:49:41+00:00,brightfietsop-ux,Review comment,2026-07,Tuesday,18
lsf,2026-07-21 18:50:17+00:00,brightfietsop-ux,Review comment,2026-07,Tuesday,18
lsf,2026-07-21 18:56:16+00:00,BetterRocket,Review comment,2026-07,Tuesday,18
lsf,2026-07-21 19:06:09+00:00,BetterRocket,Review comment,2026-07,Tuesday,19
lsf,2026-07-21 19:39:32+00:00,BetterRocket,Review comment,2026-07,Tuesday,19
lsf,2026-07-21 19:47:07+00:00,BetterRocket,Review comment,2026-07,Tuesday,19
lsf,2026-07-21 19:48:57+00:00,BetterRocket,Review comment,2026-07,Tuesday,19
lsf,2026-07-21 20:03:14+00:00,NYABUTOA,Review comment,2026-07,Tuesday,20
lsf,2026-07-21 20:21:40+00:00,DanielRukwasha,Review comment,2026-07,Tuesday,20
lsf,2026-07-21 20:45:06+00:00,MImran2002,Review comment,2026-07,Tuesday,20
lsf,2026-07-21 20:45:54+00:00,MImran2002,Review comment,2026-07,Tuesday,20
lsf,2026-07-21 20:47:04+00:00,MImran2002,Review comment,2026-07,Tuesday,20
lsf,2026-07-21 20:47:44+00:00,MImran2002,Review comment,2026-07,Tuesday,20
lsf,2026-07-21 20:48:42+00:00,MImran2002,Review comment,2026-07,Tuesday,20
lsf,2026-07-21 20:49:11+00:00,MImran2002,Review comment,2026-07,Tuesday,20
lsf,2026-07-21 20:49:34+00:00,MImran2002,Review comment,2026-07,Tuesday,20
lsf,2026-07-21 20:50:30+00:00,MImran2002,Review comment,2026-07,Tuesday,20
lsf,2026-07-22 18:09:41+00:00,brightfietsop-ux,Review comment,2026-07,Wednesday,18
lsf,2026-07-22 18:12:51+00:00,brightfietsop-ux,Review comment,2026-07,Wednesday,18
lsf,2026-07-22 18:24:31+00:00,brightfietsop-ux,Review comment,2026-07,Wednesday,18
lsf,2026-07-22 18:25:15+00:00,MImran2002,Review comment,2026-07,Wednesday,18
lsf,2026-07-22 18:26:46+00:00,MImran2002,Review comment,2026-07,Wednesday,18
lsf,2026-07-22 18:27:20+00:00,MImran2002,Review comment,2026-07,Wednesday,18
lsf,2026-07-22 18:27:43+00:00,brightfietsop-ux,Review comment,2026-07,Wednesday,18
lsf,2026-07-22 18:27:45+00:00,MImran2002,Review comment,2026-07,Wednesday,18
lsf,2026-07-22 18:33:15+00:00,MImran2002,Review comment,2026-07,Wednesday,18
lsf,2026-07-22 18:38:26+00:00,MImran2002,Review comment,2026-07,Wednesday,18
lsf,2026-07-22 18:38:45+00:00,MImran2002,Review comment,2026-07,Wednesday,18
lsf,2026-07-22 18:39:01+00:00,MImran2002,Review comment,2026-07,Wednesday,18
lsf,2026-07-22 18:40:33+00:00,MImran2002,Review comment,2026-07,Wednesday,18
lsf,2026-07-22 18:41:04+00:00,MImran2002,Review comment,2026-07,Wednesday,18
lsf,2026-07-22 18:43:57+00:00,MImran2002,Review comment,2026-07,Wednesday,18
lsf,2026-07-22 18:45:41+00:00,MImran2002,Review comment,2026-07,Wednesday,18
lsf,2026-07-22 18:46:11+00:00,MImran2002,Review comment,2026-07,Wednesday,18
lsf,2026-07-22 18:54:24+00:00,MImran2002,Review comment,2026-07,Wednesday,18
lsf,2026-07-22 19:00:08+00:00,MImran2002,Review comment,2026-07,Wednesday,19
lsf,2026-07-22 19:00:21+00:00,MImran2002,Review comment,2026-07,Wednesday,19
lsf,2026-07-22 19:02:13+00:00,MImran2002,Review comment,2026-07,Wednesday,19
lsf,2026-07-22 19:02:31+00:00,MImran2002,Review comment,2026-07,Wednesday,19
lsf,2026-07-22 19:03:07+00:00,MImran2002,Review comment,2026-07,Wednesday,19
lsf,2026-07-22 19:04:24+00:00,MImran2002,Review comment,2026-07,Wednesday,19
lsf,2026-07-22 19:05:15+00:00,MImran2002,Review comment,2026-07,Wednesday,19
lsf,2026-07-22 19:27:04+00:00,nahom70,Review comment,2026-07,Wednesday,19
lsf,2026-07-22 19:33:10+00:00,MImran2002,Review comment,2026-07,Wednesday,19
lsf,2026-07-22 19:35:41+00:00,MImran2002,Review comment,2026-07,Wednesday,19
lsf,2026-07-22 19:36:27+00:00,MImran2002,Review comment,2026-07,Wednesday,19
lsf,2026-07-22 19:37:08+00:00,MImran2002,Review comment,2026-07,Wednesday,19
lsf,2026-07-22 19:39:27+00:00,MImran2002,Review comment,2026-07,Wednesday,19
lsf,2026-07-22 19:40:31+00:00,MImran2002,Review comment,2026-07,Wednesday,19
lsf,2026-07-22 19:40:58+00:00,MImran2002,Review comment,2026-07,Wednesday,19
lsf,2026-07-22 19:42:05+00:00,MImran2002,Review comment,2026-07,Wednesday,19
lsf,2026-07-22 19:43:37+00:00,MImran2002,Review comment,2026-07,Wednesday,19
lsf,2026-07-27 15:38:08+00:00,MImran2002,Review comment,2026-07,Monday,15
lsf,2026-07-27 15:41:40+00:00,MImran2002,Review comment,2026-07,Monday,15
lsf,2026-07-27 15:46:46+00:00,MImran2002,Review comment,2026-07,Monday,15
lsf,2026-07-27 15:48:18+00:00,MImran2002,Review comment,2026-07,Monday,15
lsf,2026-07-27 19:16:50+00:00,MImran2002,Review comment,2026-07,Monday,19
lsf,2026-07-27 19:29:33+00:00,MImran2002,Review comment,2026-07,Monday,19
lsf,2026-07-27 20:47:07+00:00,MImran2002,Review comment,2026-07,Monday,20
lsf,2026-07-27 20:51:00+00:00,BhushanSah,Review comment,2026-07,Monday,20
lsf,2026-07-27 20:55:54+00:00,MImran2002,Review comment,2026-07,Monday,20
lsf,2026-07-27 20:57:15+00:00,MImran2002,Review comment,2026-07,Monday,20
lsf,2026-07-27 20:58:23+00:00,MImran2002,Review comment,2026-07,Monday,20
lsf,2026-07-27 21:00:13+00:00,MImran2002,Review comment,2026-07,Monday,21
lsf,2026-07-27 21:01:04+00:00,MImran2002,Review comment,2026-07,Monday,21
lsf,2026-07-27 21:01:33+00:00,MImran2002,Review comment,2026-07,Monday,21
lsf,2026-07-28 13:59:31+00:00,MImran2002,Review comment,2026-07,Tuesday,13
lsf,2026-07-28 14:17:00+00:00,MImran2002,Review comment,2026-07,Tuesday,14
lsf,2026-07-28 14:32:43+00:00,MImran2002,Review comment,2026-07,Tuesday,14
lsf,2026-07-28 15:38:47+00:00,MImran2002,Review comment,2026-07,Tuesday,15
lsf,2026-07-28 15:49:44+00:00,MImran2002,Review comment,2026-07,Tuesday,15
lsf,2026-07-28 15:50:11+00:00,MImran2002,Review comment,2026-07,Tuesday,15
lsf,2026-07-28 15:51:56+00:00,MImran2002,Review comment,2026-07,Tuesday,15
lsf,2026-07-28 15:54:20+00:00,MImran2002,Review comment,2026-07,Tuesday,15
lsf,2026-07-28 15:55:09+00:00,MImran2002,Review comment,2026-07,Tuesday,15
lsf,2026-07-28 15:57:25+00:00,MImran2002,Review comment,2026-07,Tuesday,15
lsf,2026-07-28 15:59:17+00:00,MImran2002,Review comment,2026-07,Tuesday,15
lsf,2026-07-28 16:00:00+00:00,MImran2002,Review comment,2026-07,Tuesday,16
lsf,2026-07-28 16:01:37+00:00,conwelld,Review comment,2026-07,Tuesday,16
lsf,2026-07-28 18:25:29+00:00,MImran2002,Review comment,2026-07,Tuesday,18
lsf,2026-07-28 18:27:57+00:00,MImran2002,Review comment,2026-07,Tuesday,18
lsf,2026-07-28 18:46:43+00:00,MImran2002,Review comment,2026-07,Tuesday,18
lsf,2026-07-28 18:56:51+00:00,MImran2002,Review comment,2026-07,Tuesday,18
lsf,2026-07-28 18:59:26+00:00,MImran2002,Review comment,2026-07,Tuesday,18
lsf,2026-07-28 19:05:42+00:00,MImran2002,Review comment,2026-07,Tuesday,19
lsf,2026-07-28 19:25:37+00:00,MImran2002,Review comment,2026-07,Tuesday,19
lsf,2026-07-28 19:35:48+00:00,MImran2002,Review comment,2026-07,Tuesday,19
lsf,2026-07-28 19:44:47+00:00,MImran2002,Review comment,2026-07,Tuesday,19
lsf,2026-07-28 19:48:46+00:00,MImran2002,Review comment,2026-07,Tuesday,19
lsf,2026-07-28 19:50:06+00:00,MImran2002,Review comment,2026-07,Tuesday,19
lsf,2026-07-28 19:51:11+00:00,MImran2002,Review comment,2026-07,Tuesday,19
lsf,2026-07-28 19:53:59+00:00,MImran2002,Review comment,2026-07,Tuesday,19
lsf,2026-07-28 19:54:43+00:00,MImran2002,Review comment,2026-07,Tuesday,19
lsf,2026-07-28 19:57:31+00:00,MImran2002,Review comment,2026-07,Tuesday,19
lsf,2026-07-28 20:00:20+00:00,MImran2002,Review comment,2026-07,Tuesday,20
lsf,2026-07-28 20:05:36+00:00,MImran2002,Review comment,2026-07,Tuesday,20
lsf,2026-07-28 20:07:17+00:00,MImran2002,Review comment,2026-07,Tuesday,20
lsf,2026-07-28 20:19:22+00:00,MImran2002,Review comment,2026-07,Tuesday,20
lsf,2026-07-28 20:21:11+00:00,MImran2002,Review comment,2026-07,Tuesday,20
lsf,2026-07-28 20:22:05+00:00,MImran2002,Review comment,2026-07,Tuesday,20
lsf,2026-07-28 20:24:28+00:00,MImran2002,Review comment,2026-07,Tuesday,20
lsf,2026-07-28 20:25:11+00:00,MImran2002,Review comment,2026-07,Tuesday,20
lsf,2026-07-28 20:25:34+00:00,MImran2002,Review comment,2026-07,Tuesday,20
lsf,2026-07-28 20:27:15+00:00,MImran2002,Review comment,2026-07,Tuesday,20
lsf,2026-07-28 20:43:13+00:00,MImran2002,Review comment,2026-07,Tuesday,20
lsf,2026-07-28 20:46:58+00:00,MImran2002,Review comment,2026-07,Tuesday,20
lsf,2026-07-28 20:49:03+00:00,MImran2002,Review comment,2026-07,Tuesday,20
lsf,2026-07-28 20:58:30+00:00,conwelld,Review comment,2026-07,Tuesday,20
lsf,2026-07-29 14:34:59+00:00,BhushanSah,Review comment,2026-07,Wednesday,14
lsf,2026-07-29 14:40:26+00:00,MImran2002,Review comment,2026-07,Wednesday,14
lsf,2026-07-29 14:48:33+00:00,MImran2002,Review comment,2026-07,Wednesday,14
lsf,2026-07-29 14:51:18+00:00,MImran2002,Review comment,2026-07,Wednesday,14
lsf,2026-07-29 14:59:31+00:00,MImran2002,Review comment,2026-07,Wednesday,14
lsf,2026-07-29 15:01:07+00:00,MImran2002,Review comment,2026-07,Wednesday,15
lsf,2026-07-29 15:02:14+00:00,MImran2002,Review comment,2026-07,Wednesday,15
lsf,2026-07-29 15:03:18+00:00,conwelld,Review comment,2026-07,Wednesday,15
lsf,2026-07-29 15:04:24+00:00,MImran2002,Review comment,2026-07,Wednesday,15
lsf,2026-07-29 15:05:31+00:00,MImran2002,Review comment,2026-07,Wednesday,15
lsf,2026-07-29 15:06:51+00:00,MImran2002,Review comment,2026-07,Wednesday,15
lsf,2026-07-29 15:09:02+00:00,MImran2002,Review comment,2026-07,Wednesday,15
lsf,2026-07-29 15:10:23+00:00,MImran2002,Review comment,2026-07,Wednesday,15
lsf,2026-07-29 15:12:28+00:00,MImran2002,Review comment,2026-07,Wednesday,15
lsf,2026-07-29 19:15:40+00:00,conwelld,Review comment,2026-07,Wednesday,19
lsf,2026-07-29 19:27:51+00:00,MImran2002,Review comment,2026-07,Wednesday,19
lsf,2026-07-29 19:31:41+00:00,MImran2002,Review comment,2026-07,Wednesday,19
lsf,2026-07-29 20:36:59+00:00,BhushanSah,Review comment,2026-07,Wednesday,20
lsf,2026-07-30 14:13:55+00:00,MImran2002,Review comment,2026-07,Thursday,14
lsf,2026-07-30 14:15:21+00:00,MImran2002,Review comment,2026-07,Thursday,14
lsf,2026-07-30 14:20:00+00:00,MImran2002,Review comment,2026-07,Thursday,14
lsf,2026-07-30 14:22:42+00:00,MImran2002,Review comment,2026-07,Thursday,14
lsf,2026-07-30 14:24:06+00:00,BhushanSah,Review comment,2026-07,Thursday,14
lsf,2026-07-30 14:24:56+00:00,BhushanSah,Review comment,2026-07,Thursday,14
lsf,2026-07-30 14:25:27+00:00,MImran2002,Review comment,2026-07,Thursday,14
lsf,2026-07-30 14:26:22+00:00,BhushanSah,Review comment,2026-07,Thursday,14
lsf,2026-07-30 14:31:29+00:00,BhushanSah,Review comment,2026-07,Thursday,14
lsf,2026-07-30 14:32:00+00:00,BhushanSah,Review comment,2026-07,Thursday,14
lsf,2026-07-30 14:33:28+00:00,MImran2002,Review comment,2026-07,Thursday,14
lsf,2026-07-30 14:34:15+00:00,MImran2002,Review comment,2026-07,Thursday,14
lsf,2026-07-30 14:34:46+00:00,MImran2002,Review comment,2026-07,Thursday,14
lsf,2026-07-30 15:01:30+00:00,MImran2002,Review comment,2026-07,Thursday,15
lsf,2026-07-30 15:10:25+00:00,MImran2002,Review comment,2026-07,Thursday,15
lsf,2026-07-30 15:12:22+00:00,MImran2002,Review comment,2026-07,Thursday,15
lsf,2026-07-30 15:13:16+00:00,MImran2002,Review comment,2026-07,Thursday,15
lsf,2026-07-30 15:15:34+00:00,MImran2002,Review comment,2026-07,Thursday,15
lsf,2026-07-30 15:26:45+00:00,MImran2002,Review comment,2026-07,Thursday,15
lsf,2026-07-30 15:35:02+00:00,MImran2002,Review comment,2026-07,Thursday,15
lsf,2026-07-30 15:50:23+00:00,ArtemKurasov,Review comment,2026-07,Thursday,15
lsf,2026-07-30 15:50:27+00:00,ArtemKurasov,Review comment,2026-07,Thursday,15
lsf,2026-07-30 15:52:20+00:00,ArtemKurasov,Review comment,2026-07,Thursday,15
lsf,2026-07-30 15:54:04+00:00,ArtemKurasov,Review comment,2026-07,Thursday,15
lsf,2026-07-30 17:09:34+00:00,MImran2002,Review comment,2026-07,Thursday,17
lsf,2026-07-30 17:11:54+00:00,MImran2002,Review comment,2026-07,Thursday,17
lsf,2026-07-30 17:11:58+00:00,BhushanSah,Review comment,2026-07,Thursday,17
lsf,2026-07-30 17:12:15+00:00,MImran2002,Review comment,2026-07,Thursday,17
lsf,2026-07-30 17:13:50+00:00,BhushanSah,Review comment,2026-07,Thursday,17
lsf,2026-07-30 17:21:33+00:00,MImran2002,Review comment,2026-07,Thursday,17
lsf,2026-07-30 17:27:31+00:00,MImran2002,Review comment,2026-07,Thursday,17
lsf,2026-07-30 17:33:42+00:00,MImran2002,Review comment,2026-07,Thursday,17
lsf,2026-07-30 18:23:06+00:00,brightfietsop-ux,Review comment,2026-07,Thursday,18
lsf,2026-07-30 22:35:55+00:00,MImran2002,Review comment,2026-07,Thursday,22
lsf,2026-07-30 22:39:33+00:00,MImran2002,Review comment,2026-07,Thursday,22
lsf,2026-07-30 22:40:52+00:00,MImran2002,Review comment,2026-07,Thursday,22
lsf,2026-08-03 13:43:08+00:00,MImran2002,Review comment,2026-08,Monday,13
lsf,2026-08-03 13:44:19+00:00,MImran2002,Review comment,2026-08,Monday,13
lsf,2026-08-03 13:45:41+00:00,MImran2002,Review comment,2026-08,Monday,13
lsf,2026-08-03 14:45:54+00:00,MImran2002,Review comment,2026-08,Monday,14
lsf,2026-08-03 14:46:45+00:00,MImran2002,Review comment,2026-08,Monday,14
lsf,2026-08-03 15:04:36+00:00,MImran2002,Review comment,2026-08,Monday,15
lsf,2026-08-03 18:48:34+00:00,MImran2002,Review comment,2026-08,Monday,18
lsf,2026-08-03 18:50:14+00:00,MImran2002,Review comment,2026-08,Monday,18
lsf,2026-08-03 18:51:59+00:00,MImran2002,Review comment,2026-08,Monday,18
lsf,2026-08-03 19:04:11+00:00,MImran2002,Review comment,2026-08,Monday,19
lsf,2026-08-03 19:06:16+00:00,MImran2002,Review comment,2026-08,Monday,19
lsf,2026-08-03 19:22:51+00:00,MImran2002,Review comment,2026-08,Monday,19
lsf,2026-08-03 19:27:35+00:00,MImran2002,Review comment,2026-08,Monday,19
lsf,2026-08-03 19:29:51+00:00,MImran2002,Review comment,2026-08,Monday,19
lsf,2026-08-03 19:30:12+00:00,MImran2002,Review comment,2026-08,Monday,19
lsf,2026-08-03 19:30:57+00:00,MImran2002,Review comment,2026-08,Monday,19
lsf,2026-08-03 19:32:48+00:00,MImran2002,Review comment,2026-08,Monday,19
lsf,2026-08-03 19:33:12+00:00,MImran2002,Review comment,2026-08,Monday,19
lsf,2026-08-03 19:34:46+00:00,MImran2002,Review comment,2026-08,Monday,19
lsf,2026-08-03 19:47:49+00:00,BhushanSah,Review comment,2026-08,Monday,19
lsf,2026-08-03 19:50:08+00:00,BhushanSah,Review comment,2026-08,Monday,19
lsf,2026-08-03 19:50:25+00:00,MImran2002,Review comment,2026-08,Monday,19
lsf,2026-08-03 19:51:29+00:00,BhushanSah,Review comment,2026-08,Monday,19
lsf,2026-08-03 19:53:14+00:00,MImran2002,Review comment,2026-08,Monday,19
lsf,2026-08-03 19:55:33+00:00,MImran2002,Review comment,2026-08,Monday,19
lsf,2026-08-03 19:56:12+00:00,MImran2002,Review comment,2026-08,Monday,19
lsf,2026-08-03 19:56:24+00:00,BhushanSah,Review comment,2026-08,Monday,19
lsf,2026-08-03 19:57:03+00:00,MImran2002,Review comment,2026-08,Monday,19
lsf,2026-08-03 19:57:22+00:00,MImran2002,Review comment,2026-08,Monday,19
lsf,2026-08-03 19:59:09+00:00,MImran2002,Review comment,2026-08,Monday,19
lsf,2026-08-03 20:00:10+00:00,MImran2002,Review comment,2026-08,Monday,20
lsf,2026-08-03 20:00:33+00:00,MImran2002,Review comment,2026-08,Monday,20
lsf,2026-08-03 20:08:10+00:00,BhushanSah,Review comment,2026-08,Monday,20
lsf,2026-08-03 20:08:26+00:00,BhushanSah,Review comment,2026-08,Monday,20
lsf,2026-08-03 20:08:38+00:00,BhushanSah,Review comment,2026-08,Monday,20
lsf,2026-08-03 20:11:14+00:00,BhushanSah,Review comment,2026-08,Monday,20
lsf,2026-08-03 20:23:12+00:00,MImran2002,Review comment,2026-08,Monday,20
lsf,2026-08-03 20:23:19+00:00,BhushanSah,Review comment,2026-08,Monday,20
lsf,2026-08-03 20:24:15+00:00,MImran2002,Review comment,2026-08,Monday,20
lsf,2026-08-03 20:27:51+00:00,MImran2002,Review comment,2026-08,Monday,20
lsf,2026-08-03 20:32:16+00:00,BhushanSah,Review comment,2026-08,Monday,20
lsf,2026-08-04 17:33:10+00:00,BhushanSah,Review comment,2026-08,Tuesday,17
lsf,2026-08-04 17:34:17+00:00,BhushanSah,Review comment,2026-08,Tuesday,17
lsf,2026-08-04 17:34:27+00:00,BhushanSah,Review comment,2026-08,Tuesday,17
lsf,2026-08-04 17:35:10+00:00,BhushanSah,Review comment,2026-08,Tuesday,17
lsf,2026-08-04 17:35:31+00:00,BhushanSah,Review comment,2026-08,Tuesday,17
lsf,2026-08-04 17:36:03+00:00,BhushanSah,Review comment,2026-08,Tuesday,17
lsf,2026-08-04 17:37:12+00:00,BhushanSah,Review comment,2026-08,Tuesday,17
lsf,2026-08-04 18:33:26+00:00,BhushanSah,Review comment,2026-08,Tuesday,18
lsf,2026-08-04 18:33:46+00:00,BhushanSah,Review comment,2026-08,Tuesday,18
lsf,2026-08-04 18:34:50+00:00,BhushanSah,Review comment,2026-08,Tuesday,18
lsf,2026-08-04 18:35:17+00:00,BhushanSah,Review comment,2026-08,Tuesday,18
lsf,2026-08-04 18:35:45+00:00,BhushanSah,Review comment,2026-08,Tuesday,18
lsf,2026-08-04 18:36:06+00:00,NYABUTOA,Review comment,2026-08,Tuesday,18
lsf,2026-08-04 18:36:39+00:00,NYABUTOA,Review comment,2026-08,Tuesday,18
lsf,2026-08-04 18:39:16+00:00,MImran2002,Review comment,2026-08,Tuesday,18
lsf,2026-08-04 18:39:47+00:00,BhushanSah,Review comment,2026-08,Tuesday,18
lsf,2026-08-04 18:45:35+00:00,MImran2002,Review comment,2026-08,Tuesday,18
lsf,2026-08-04 18:47:44+00:00,MImran2002,Review comment,2026-08,Tuesday,18
lsf,2026-08-04 18:59:18+00:00,MImran2002,Review comment,2026-08,Tuesday,18
lsf,2026-08-04 19:03:42+00:00,MImran2002,Review comment,2026-08,Tuesday,19
lsf,2026-08-04 19:32:31+00:00,NYABUTOA,Review comment,2026-08,Tuesday,19
lsf,2026-08-04 19:42:58+00:00,NYABUTOA,Review comment,2026-08,Tuesday,19
lsf,2026-08-04 19:47:01+00:00,MImran2002,Review comment,2026-08,Tuesday,19
lsf,2026-08-04 19:47:36+00:00,MImran2002,Review comment,2026-08,Tuesday,19
lsf,2026-08-04 19:47:41+00:00,ArtemKurasov,Review comment,2026-08,Tuesday,19
lsf,2026-08-04 19:48:01+00:00,MImran2002,Review comment,2026-08,Tuesday,19
lsf,2026-08-04 19:48:53+00:00,MImran2002,Review comment,2026-08,Tuesday,19
lsf,2026-08-04 19:58:22+00:00,ArtemKurasov,Review comment,2026-08,Tuesday,19
lsf,2026-08-04 21:09:35+00:00,brightfietsop-ux,Review comment,2026-08,Tuesday,21
lsf,2026-08-04 21:12:31+00:00,brightfietsop-ux,Review comment,2026-08,Tuesday,21
lsf,2026-08-04 21:29:19+00:00,johnlolonga19,Review comment,2026-08,Tuesday,21
lsf,2026-08-05 15:19:02+00:00,conwelld,Review comment,2026-08,Wednesday,15
lsf,2026-08-05 19:05:35+00:00,MImran2002,Review comment,2026-08,Wednesday,19
lsf,2026-08-05 20:24:55+00:00,MImran2002,Review comment,2026-08,Wednesday,20
lsf,2026-08-05 20:31:05+00:00,MImran2002,Review comment,2026-08,Wednesday,20
lsf,2026-08-06 18:37:19+00:00,BhushanSah,Review comment,2026-08,Thursday,18
lsf,2026-08-06 18:38:13+00:00,BhushanSah,Review comment,2026-08,Thursday,18
lsf,2026-08-06 19:25:54+00:00,MImran2002,Review comment,2026-08,Thursday,19
lsf,2026-08-06 19:26:20+00:00,BhushanSah,Review comment,2026-08,Thursday,19
lsf,2026-08-06 19:27:11+00:00,BhushanSah,Review comment,2026-08,Thursday,19
lsf,2026-08-06 19:27:33+00:00,BhushanSah,Review comment,2026-08,Thursday,19
lsf,2026-08-06 19:28:40+00:00,BhushanSah,Review comment,2026-08,Thursday,19
lsf,2026-08-06 19:29:52+00:00,BhushanSah,Review comment,2026-08,Thursday,19
lsf,2026-08-06 19:30:30+00:00,BhushanSah,Review comment,2026-08,Thursday,19
lsf,2026-08-06 19:30:54+00:00,BhushanSah,Review comment,2026-08,Thursday,19
lsf,2026-08-06 19:34:30+00:00,brightfietsop-ux,Review comment,2026-08,Thursday,19
lsf,2026-08-06 19:41:35+00:00,BhushanSah,Review comment,2026-08,Thursday,19
lsf,2026-08-06 19:53:28+00:00,BhushanSah,Review comment,2026-08,Thursday,19
lsf,2026-08-06 19:53:50+00:00,BhushanSah,Review comment,2026-08,Thursday,19
lsf,2026-08-06 19:54:27+00:00,BhushanSah,Review comment,2026-08,Thursday,19
lsf,2026-08-06 19:55:26+00:00,BhushanSah,Review comment,2026-08,Thursday,19
lsf,2026-08-06 19:57:10+00:00,BhushanSah,Review comment,2026-08,Thursday,19
lsf,2026-08-06 19:57:35+00:00,BhushanSah,Review comment,2026-08,Thursday,19
lsf,2026-08-06 19:57:55+00:00,BhushanSah,Review comment,2026-08,Thursday,19
lsf,2026-08-06 20:24:43+00:00,MImran2002,Review comment,2026-08,Thursday,20
lsf,2026-08-06 20:28:25+00:00,MImran2002,Review comment,2026-08,Thursday,20
lsf,2026-08-06 20:37:31+00:00,MImran2002,Review comment,2026-08,Thursday,20
lsf,2026-08-06 20:49:35+00:00,MImran2002,Review comment,2026-08,Thursday,20
lsf,2026-08-06 20:51:21+00:00,MImran2002,Review comment,2026-08,Thursday,20
lsf,2026-08-06 20:51:51+00:00,MImran2002,Review comment,2026-08,Thursday,20
lsf,2026-08-06 20:52:18+00:00,MImran2002,Review comment,2026-08,Thursday,20
lsf,2026-08-07 13:40:03+00:00,MImran2002,Review comment,2026-08,Friday,13
lsf,2026-08-07 13:50:40+00:00,MImran2002,Review comment,2026-08,Friday,13
lsf,2026-08-07 14:42:19+00:00,fritzj2,Review comment,2026-08,Friday,14
lsf,2026-08-07 15:50:48+00:00,fritzj2,Review comment,2026-08,Friday,15
lsf,2026-08-07 15:59:10+00:00,fritzj2,Review comment,2026-08,Friday,15
lsf,2026-08-07 17:14:51+00:00,MImran2002,Review comment,2026-08,Friday,17
lsf,2026-08-07 17:16:20+00:00,MImran2002,Review comment,2026-08,Friday,17
lsf,2026-08-07 17:46:49+00:00,MImran2002,Review comment,2026-08,Friday,17
lsf,2026-08-07 17:47:50+00:00,MImran2002,Review comment,2026-08,Friday,17
lsf,2026-08-07 17:48:10+00:00,MImran2002,Review comment,2026-08,Friday,17
lsf,2026-08-07 17:49:44+00:00,MImran2002,Review comment,2026-08,Friday,17
lsf,2026-08-07 17:50:31+00:00,MImran2002,Review comment,2026-08,Friday,17
lsf,2026-08-07 18:29:30+00:00,MImran2002,Review comment,2026-08,Friday,18
lsf,2026-08-07 18:36:29+00:00,MImran2002,Review comment,2026-08,Friday,18
lsf,2026-08-07 18:47:56+00:00,MImran2002,Review comment,2026-08,Friday,18
lsf,2026-08-19 19:20:47+00:00,MImran2002,Review comment,2026-08,Wednesday,19
lsf,2026-08-19 19:20:59+00:00,MImran2002,Review comment,2026-08,Wednesday,19
lsf,2026-08-19 19:21:17+00:00,MImran2002,Review comment,2026-08,Wednesday,19
lsf,2026-08-19 19:41:47+00:00,MImran2002,Review comment,2026-08,Wednesday,19
lsf,2026-08-19 19:45:01+00:00,MImran2002,Review comment,2026-08,Wednesday,19
lsf,2026-08-19 20:39:40+00:00,MImran2002,Review comment,2026-08,Wednesday,20
lsf,2026-08-19 20:42:32+00:00,MImran2002,Review comment,2026-08,Wednesday,20
lsf,2026-08-19 20:44:47+00:00,MImran2002,Review comment,2026-08,Wednesday,20
lsf,2026-08-20 21:22:31+00:00,MImran2002,Review comment,2026-08,Thursday,21
lsf,2026-08-20 22:30:32+00:00,MImran2002,Review comment,2026-08,Thursday,22
lsf,2026-08-20 22:43:25+00:00,MImran2002,Review comment,2026-08,Thursday,22
lsf,2026-08-20 22:58:52+00:00,MImran2002,Review comment,2026-08,Thursday,22
lsf,2026-08-21 13:28:35+00:00,fritzj2,Review comment,2026-08,Friday,13
lsf,2026-08-21 13:55:30+00:00,fritzj2,Review comment,2026-08,Friday,13
lsf,2026-08-24 14:27:33+00:00,fritzj2,Review comment,2026-08,Monday,14
lsf,2026-09-02 16:14:36+00:00,GalinaP7,Review comment,2026-09,Wednesday,16
lsf,2026-09-02 17:02:50+00:00,GalinaP7,Review comment,2026-09,Wednesday,17
lsf,2026-09-02 17:52:04+00:00,GalinaP7,Review comment,2026-09,Wednesday,17
lsf,2026-09-02 18:09:18+00:00,GalinaP7,Review comment,2026-09,Wednesday,18
lsf,2026-09-02 18:20:37+00:00,GalinaP7,Review comment,2026-09,Wednesday,18
lsf,2026-09-02 18:24:10+00:00,GalinaP7,Review comment,2026-09,Wednesday,18
lsf,2026-09-03 13:31:08+00:00,fritzj2,Review comment,2026-09,Thursday,13
lsf,2026-09-03 13:31:15+00:00,fritzj2,Review comment,2026-09,Thursday,13
lsf,2026-09-03 13:37:14+00:00,fritzj2,Review comment,2026-09,Thursday,13
lsf,2026-09-03 18:36:33+00:00,Kafui123,Review comment,2026-09,Thursday,18
lsf,2026-09-04 14:43:59+00:00,fritzj2,Review comment,2026-09,Friday,14
lsf,2026-09-08 18:41:14+00:00,MImran2002,Review comment,2026-09,Tuesday,18
lsf,2026-09-08 18:51:53+00:00,MImran2002,Review comment,2026-09,Tuesday,18
lsf,2026-09-09 18:14:08+00:00,Kafui123,Review comment,2026-09,Wednesday,18
lsf,2026-09-11 16:21:12+00:00,bakobagassas,Review comment,2026-09,Friday,16
lsf,2026-09-11 16:23:14+00:00,bakobagassas,Review comment,2026-09,Friday,16
lsf,2026-09-11 16:31:45+00:00,bakobagassas,Review comment,2026-09,Friday,16
lsf,2026-09-11 17:39:46+00:00,bakobagassas,Review comment,2026-09,Friday,17
lsf,2026-09-11 18:50:34+00:00,MImran2002,Review comment,2026-09,Friday,18
lsf,2026-09-11 19:21:50+00:00,bakobagassas,Review comment,2026-09,Friday,19
lsf,2026-09-14 14:13:13+00:00,bakobagassas,Review comment,2026-09,Monday,14
lsf,2026-09-14 15:58:33+00:00,MImran2002,Review comment,2026-09,Monday,15
lsf,2026-09-14 16:01:27+00:00,MImran2002,Review comment,2026-09,Monday,16
lsf,2026-09-14 17:27:23+00:00,MImran2002,Review comment,2026-09,Monday,17
lsf,2026-09-14 17:28:18+00:00,MImran2002,Review comment,2026-09,Monday,17
lsf,2026-09-14 17:41:21+00:00,MImran2002,Review comment,2026-09,Monday,17
lsf,2026-09-14 17:52:22+00:00,MImran2002,Review comment,2026-09,Monday,17
lsf,2026-09-14 17:57:58+00:00,MImran2002,Review comment,2026-09,Monday,17
lsf,2026-09-14 18:01:21+00:00,MImran2002,Review comment,2026-09,Monday,18
lsf,2026-09-14 18:03:06+00:00,MImran2002,Review comment,2026-09,Monday,18
lsf,2026-09-14 18:16:57+00:00,MImran2002,Review comment,2026-09,Monday,18
lsf,2026-09-14 18:17:42+00:00,MImran2002,Review comment,2026-09,Monday,18
lsf,2026-09-14 18:18:51+00:00,MImran2002,Review comment,2026-09,Monday,18
lsf,2026-09-14 18:23:53+00:00,MImran2002,Review comment,2026-09,Monday,18
lsf,2026-09-14 18:24:50+00:00,MImran2002,Review comment,2026-09,Monday,18
lsf,2026-09-14 18:26:51+00:00,MImran2002,Review comment,2026-09,Monday,18
lsf,2026-09-14 18:27:36+00:00,MImran2002,Review comment,2026-09,Monday,18
lsf,2026-09-14 18:44:17+00:00,MImran2002,Review comment,2026-09,Monday,18
lsf,2026-09-14 18:53:02+00:00,MImran2002,Review comment,2026-09,Monday,18
lsf,2022-08-09 13:34:04+00:00,AndersonStettner,PR review,2022-08,Tuesday,13
lsf,2022-09-16 11:59:55+00:00,tylerpar99,PR review,2022-09,Friday,11
lsf,2022-09-14 14:15:28+00:00,tylerpar99,PR review,2022-09,Wednesday,14
lsf,2022-09-16 13:38:26+00:00,bledsoef,PR review,2022-09,Friday,13
lsf,2022-09-16 19:03:53+00:00,tylerpar99,PR review,2022-09,Friday,19
lsf,2022-10-31 19:45:32+00:00,AndersonStettner,PR review,2022-10,Monday,19
lsf,2022-11-10 15:09:39+00:00,AndersonStettner,PR review,2022-11,Thursday,15
lsf,2022-11-11 18:49:10+00:00,AndersonStettner,PR review,2022-11,Friday,18
lsf,2022-11-18 18:42:59+00:00,AndersonStettner,PR review,2022-11,Friday,18
lsf,2022-11-18 21:58:49+00:00,gahimbaref,PR review,2022-11,Friday,21
lsf,2022-09-28 14:51:26+00:00,AndersonStettner,PR review,2022-09,Wednesday,14
lsf,2022-09-30 18:30:44+00:00,AndersonStettner,PR review,2022-09,Friday,18
lsf,2022-10-05 14:18:24+00:00,AndersonStettner,PR review,2022-10,Wednesday,14
lsf,2022-09-23 20:05:38+00:00,sreynit02,PR review,2022-09,Friday,20
lsf,2022-10-28 17:56:52+00:00,AndersonStettner,PR review,2022-10,Friday,17
lsf,2022-10-28 19:55:09+00:00,AndersonStettner,PR review,2022-10,Friday,19
lsf,2022-11-03 13:34:13+00:00,AndersonStettner,PR review,2022-11,Thursday,13
lsf,2022-11-10 21:02:41+00:00,martinj2-dot,PR review,2022-11,Thursday,21
lsf,2022-11-10 21:03:03+00:00,Karina-Agliullova,PR review,2022-11,Thursday,21
lsf,2022-11-11 18:54:02+00:00,AndersonStettner,PR review,2022-11,Friday,18
lsf,2022-11-14 13:16:46+00:00,tylerpar99,PR review,2022-11,Monday,13
lsf,2022-11-14 14:23:22+00:00,AndersonStettner,PR review,2022-11,Monday,14
lsf,2022-10-26 18:51:22+00:00,sreynit02,PR review,2022-10,Wednesday,18
lsf,2022-10-26 19:24:44+00:00,sreynit02,PR review,2022-10,Wednesday,19
lsf,2022-11-16 19:51:16+00:00,AndersonStettner,PR review,2022-11,Wednesday,19
lsf,2022-12-07 22:01:11+00:00,AndersonStettner,PR review,2022-12,Wednesday,22
lsf,2023-02-14 13:45:07+00:00,bledsoef,PR review,2023-02,Tuesday,13
lsf,2023-02-14 14:04:13+00:00,bledsoef,PR review,2023-02,Tuesday,14
lsf,2023-02-16 21:02:38+00:00,tylerpar99,PR review,2023-02,Thursday,21
lsf,2023-06-20 20:29:45+00:00,AndersonStettner,PR review,2023-06,Tuesday,20
lsf,2023-02-13 20:11:18+00:00,AndersonStettner,PR review,2023-02,Monday,20
lsf,2023-02-13 20:45:36+00:00,AndersonStettner,PR review,2023-02,Monday,20
lsf,2023-07-18 15:55:52+00:00,AndersonStettner,PR review,2023-07,Tuesday,15
lsf,2023-01-30 21:39:22+00:00,tylerpar99,PR review,2023-01,Monday,21
lsf,2023-01-31 20:15:02+00:00,AndersonStettner,PR review,2023-01,Tuesday,20
lsf,2023-01-27 17:45:30+00:00,AndersonStettner,PR review,2023-01,Friday,17
lsf,2023-02-09 15:42:44+00:00,AndersonStettner,PR review,2023-02,Thursday,15
lsf,2023-01-27 20:24:37+00:00,Karina-Agliullova,PR review,2023-01,Friday,20
lsf,2023-02-09 20:57:47+00:00,sreynit02,PR review,2023-02,Thursday,20
lsf,2023-02-08 21:58:11+00:00,sreynit02,PR review,2023-02,Wednesday,21
lsf,2023-02-10 21:46:27+00:00,sreynit02,PR review,2023-02,Friday,21
lsf,2023-02-09 15:49:31+00:00,gahimbaref,PR review,2023-02,Thursday,15
lsf,2023-02-09 15:56:06+00:00,gahimbaref,PR review,2023-02,Thursday,15
lsf,2023-02-09 19:52:08+00:00,tylerpar99,PR review,2023-02,Thursday,19
lsf,2023-02-09 20:20:14+00:00,sreynit02,PR review,2023-02,Thursday,20
lsf,2023-02-09 21:15:12+00:00,sreynit02,PR review,2023-02,Thursday,21
lsf,2023-02-10 20:42:22+00:00,sreynit02,PR review,2023-02,Friday,20
lsf,2023-03-03 16:39:47+00:00,AndersonStettner,PR review,2023-03,Friday,16
lsf,2023-03-22 21:03:31+00:00,sreynit02,PR review,2023-03,Wednesday,21
lsf,2023-08-30 18:21:08+00:00,stevensonmichel,PR review,2023-08,Wednesday,18
lsf,2023-03-22 23:09:38+00:00,sreynit02,PR review,2023-03,Wednesday,23
lsf,2023-03-24 19:50:20+00:00,sreynit02,PR review,2023-03,Friday,19
lsf,2023-08-31 15:55:39+00:00,hoerstl,PR review,2023-08,Thursday,15
lsf,2023-04-20 16:07:31+00:00,AndersonStettner,PR review,2023-04,Thursday,16
lsf,2023-08-29 21:18:07+00:00,hoerstl,PR review,2023-08,Tuesday,21
lsf,2023-10-05 12:35:52+00:00,AndersonStettner,PR review,2023-10,Thursday,12
lsf,2023-11-15 17:07:58+00:00,hoerstl,PR review,2023-11,Wednesday,17
lsf,2023-11-16 21:32:41+00:00,hoerstl,PR review,2023-11,Thursday,21
lsf,2023-11-16 21:42:18+00:00,hoerstl,PR review,2023-11,Thursday,21
lsf,2023-11-17 16:04:22+00:00,hoerstl,PR review,2023-11,Friday,16
lsf,2023-11-17 16:59:02+00:00,hoerstl,PR review,2023-11,Friday,16
lsf,2023-09-26 20:41:30+00:00,solijonovam,PR review,2023-09,Tuesday,20
lsf,2023-10-05 12:42:41+00:00,AndersonStettner,PR review,2023-10,Thursday,12
lsf,2023-11-13 14:46:23+00:00,AndersonStettner,PR review,2023-11,Monday,14
lsf,2023-11-20 18:21:25+00:00,stevensonmichel,PR review,2023-11,Monday,18
lsf,2023-11-20 18:21:30+00:00,stevensonmichel,PR review,2023-11,Monday,18
lsf,2023-11-30 19:33:28+00:00,AndersonStettner,PR review,2023-11,Thursday,19
lsf,2023-11-30 19:55:27+00:00,AndersonStettner,PR review,2023-11,Thursday,19
lsf,2023-12-04 16:52:36+00:00,stevensonmichel,PR review,2023-12,Monday,16
lsf,2023-12-07 16:29:11+00:00,AndersonStettner,PR review,2023-12,Thursday,16
lsf,2023-12-08 16:58:36+00:00,AndersonStettner,PR review,2023-12,Friday,16
lsf,2023-09-11 20:33:18+00:00,qasema,PR review,2023-09,Monday,20
lsf,2023-09-28 19:53:16+00:00,solijonovam,PR review,2023-09,Thursday,19
lsf,2023-09-28 19:56:53+00:00,solijonovam,PR review,2023-09,Thursday,19
lsf,2023-09-29 14:10:11+00:00,andersoncedu,PR review,2023-09,Friday,14
lsf,2023-10-13 16:31:49+00:00,gahimbaref,PR review,2023-10,Friday,16
lsf,2023-10-16 20:05:16+00:00,doucoureb,PR review,2023-10,Monday,20
lsf,2023-09-13 19:40:03+00:00,qasema,PR review,2023-09,Wednesday,19
lsf,2023-09-15 14:56:52+00:00,hoerstl,PR review,2023-09,Friday,14
lsf,2023-09-15 19:43:56+00:00,qasema,PR review,2023-09,Friday,19
lsf,2023-09-29 13:54:20+00:00,AndersonStettner,PR review,2023-09,Friday,13
lsf,2023-10-17 13:14:50+00:00,AndersonStettner,PR review,2023-10,Tuesday,13
lsf,2023-11-13 14:27:15+00:00,AndersonStettner,PR review,2023-11,Monday,14
lsf,2023-11-30 20:01:35+00:00,AndersonStettner,PR review,2023-11,Thursday,20
lsf,2023-12-12 17:13:02+00:00,AndersonStettner,PR review,2023-12,Tuesday,17
lsf,2023-09-27 12:12:21+00:00,AndersonStettner,PR review,2023-09,Wednesday,12
lsf,2023-10-17 12:48:39+00:00,AndersonStettner,PR review,2023-10,Tuesday,12
lsf,2023-10-17 13:51:04+00:00,AndersonStettner,PR review,2023-10,Tuesday,13
lsf,2023-10-05 17:23:18+00:00,AndersonStettner,PR review,2023-10,Thursday,17
lsf,2023-10-05 21:43:45+00:00,hoerstl,PR review,2023-10,Thursday,21
lsf,2023-10-06 13:09:05+00:00,andersoncedu,PR review,2023-10,Friday,13
lsf,2023-10-06 13:12:11+00:00,andersoncedu,PR review,2023-10,Friday,13
lsf,2023-10-17 13:25:43+00:00,AndersonStettner,PR review,2023-10,Tuesday,13
lsf,2023-10-20 13:01:58+00:00,andersoncedu,PR review,2023-10,Friday,13
lsf,2023-10-20 13:02:29+00:00,andersoncedu,PR review,2023-10,Friday,13
lsf,2023-10-27 20:39:24+00:00,qasema,PR review,2023-10,Friday,20
lsf,2023-10-31 19:31:38+00:00,andersoncedu,PR review,2023-10,Tuesday,19
lsf,2023-11-03 13:33:11+00:00,andersoncedu,PR review,2023-11,Friday,13
lsf,2023-11-03 13:34:27+00:00,andersoncedu,PR review,2023-11,Friday,13
lsf,2024-02-08 22:40:25+00:00,hoerstl,PR review,2024-02,Thursday,22
lsf,2024-03-12 21:52:12+00:00,hoerstl,PR review,2024-03,Tuesday,21
lsf,2024-04-02 13:08:22+00:00,AndersonStettner,PR review,2024-04,Tuesday,13
lsf,2023-10-20 20:07:32+00:00,qasema,PR review,2023-10,Friday,20
lsf,2023-10-25 17:31:09+00:00,AndersonStettner,PR review,2023-10,Wednesday,17
lsf,2024-02-13 22:09:18+00:00,bledsoef,PR review,2024-02,Tuesday,22
lsf,2024-02-21 16:04:20+00:00,andersoncedu,PR review,2024-02,Wednesday,16
lsf,2024-02-21 16:08:42+00:00,stevensonmichel,PR review,2024-02,Wednesday,16
lsf,2024-02-22 19:00:07+00:00,hoerstl,PR review,2024-02,Thursday,19
lsf,2024-02-22 19:05:09+00:00,hoerstl,PR review,2024-02,Thursday,19
lsf,2024-02-22 19:12:59+00:00,hoerstl,PR review,2024-02,Thursday,19
lsf,2024-02-22 19:15:52+00:00,hoerstl,PR review,2024-02,Thursday,19
lsf,2024-02-22 19:16:07+00:00,hoerstl,PR review,2024-02,Thursday,19
lsf,2024-02-22 19:18:48+00:00,hoerstl,PR review,2024-02,Thursday,19
lsf,2024-02-23 14:22:57+00:00,stevensonmichel,PR review,2024-02,Friday,14
lsf,2024-02-28 14:46:57+00:00,AndersonStettner,PR review,2024-02,Wednesday,14
lsf,2024-09-10 18:04:27+00:00,bledsoef,PR review,2024-09,Tuesday,18
lsf,2024-09-11 18:55:39+00:00,WackyWeaver,PR review,2024-09,Wednesday,18
lsf,2024-10-04 19:06:22+00:00,stevensonmichel,PR review,2024-10,Friday,19
lsf,2024-09-25 20:06:17+00:00,stevensonmichel,PR review,2024-09,Wednesday,20
lsf,2024-09-25 20:42:26+00:00,WackyWeaver,PR review,2024-09,Wednesday,20
lsf,2024-10-09 19:14:23+00:00,hoerstl,PR review,2024-10,Wednesday,19
lsf,2024-11-01 20:16:16+00:00,Karina-Agliullova,PR review,2024-11,Friday,20
lsf,2024-11-06 15:52:58+00:00,Karina-Agliullova,PR review,2024-11,Wednesday,15
lsf,2024-11-08 19:55:01+00:00,Mbeweg,PR review,2024-11,Friday,19
lsf,2024-11-11 03:11:02+00:00,bledsoef,PR review,2024-11,Monday,3
lsf,2024-11-11 20:45:06+00:00,hoerstl,PR review,2024-11,Monday,20
lsf,2024-11-18 20:09:06+00:00,bledsoef,PR review,2024-11,Monday,20
lsf,2025-02-12 16:04:09+00:00,Karina-Agliullova,PR review,2025-02,Wednesday,16
lsf,2025-04-30 16:53:08+00:00,stevensonmichel,PR review,2025-04,Wednesday,16
lsf,2025-06-26 19:22:47+00:00,mathew2005,PR review,2025-06,Thursday,19
lsf,2025-07-30 14:37:03+00:00,BesherKitaz,PR review,2025-07,Wednesday,14
lsf,2025-07-30 14:38:11+00:00,BesherKitaz,PR review,2025-07,Wednesday,14
lsf,2025-07-30 14:39:44+00:00,BesherKitaz,PR review,2025-07,Wednesday,14
lsf,2025-07-30 15:23:46+00:00,BesherKitaz,PR review,2025-07,Wednesday,15
lsf,2025-07-30 15:25:14+00:00,BesherKitaz,PR review,2025-07,Wednesday,15
lsf,2025-07-30 15:31:51+00:00,BesherKitaz,PR review,2025-07,Wednesday,15
lsf,2025-07-30 16:47:01+00:00,BesherKitaz,PR review,2025-07,Wednesday,16
lsf,2025-08-01 15:15:14+00:00,BesherKitaz,PR review,2025-08,Friday,15
lsf,2025-08-01 15:16:25+00:00,BesherKitaz,PR review,2025-08,Friday,15
lsf,2025-07-14 21:02:11+00:00,BesherKitaz,PR review,2025-07,Monday,21
lsf,2025-07-14 21:03:22+00:00,BesherKitaz,PR review,2025-07,Monday,21
lsf,2025-07-14 21:04:21+00:00,BesherKitaz,PR review,2025-07,Monday,21
lsf,2025-07-28 15:25:06+00:00,BesherKitaz,PR review,2025-07,Monday,15
lsf,2025-07-15 17:24:06+00:00,Arohasina,PR review,2025-07,Tuesday,17
lsf,2025-07-16 18:18:20+00:00,BesherKitaz,PR review,2025-07,Wednesday,18
lsf,2025-07-16 20:26:00+00:00,Arohasina,PR review,2025-07,Wednesday,20
lsf,2025-07-30 17:48:19+00:00,BesherKitaz,PR review,2025-07,Wednesday,17
lsf,2025-07-30 18:04:56+00:00,BesherKitaz,PR review,2025-07,Wednesday,18
lsf,2025-07-30 18:08:34+00:00,BesherKitaz,PR review,2025-07,Wednesday,18
lsf,2025-08-01 15:27:34+00:00,BesherKitaz,PR review,2025-08,Friday,15
lsf,2025-10-15 21:01:53+00:00,JohnCox2211,PR review,2025-10,Wednesday,21
lsf,2025-10-23 21:35:23+00:00,JohnCox2211,PR review,2025-10,Thursday,21
lsf,2025-10-13 19:43:15+00:00,ojmakinde,PR review,2025-10,Monday,19
lsf,2025-10-14 18:49:14+00:00,ojmakinde,PR review,2025-10,Tuesday,18
lsf,2025-10-20 21:01:03+00:00,RueHaile,PR review,2025-10,Monday,21
lsf,2025-10-20 22:18:35+00:00,RueHaile,PR review,2025-10,Monday,22
lsf,2025-11-06 14:41:59+00:00,ojmakinde,PR review,2025-11,Thursday,14
lsf,2025-11-07 18:28:22+00:00,eunsungw,PR review,2025-11,Friday,18
lsf,2025-11-07 18:30:00+00:00,bakobagassas,PR review,2025-11,Friday,18
lsf,2025-11-03 23:35:10+00:00,MImran2002,PR review,2025-11,Monday,23
lsf,2025-11-03 23:35:25+00:00,MImran2002,PR review,2025-11,Monday,23
lsf,2025-11-03 23:37:24+00:00,MImran2002,PR review,2025-11,Monday,23
lsf,2025-11-03 23:38:03+00:00,MImran2002,PR review,2025-11,Monday,23
lsf,2025-11-03 23:50:25+00:00,MImran2002,PR review,2025-11,Monday,23
lsf,2025-11-03 23:58:23+00:00,MImran2002,PR review,2025-11,Monday,23
lsf,2025-11-04 20:52:04+00:00,MImran2002,PR review,2025-11,Tuesday,20
lsf,2025-11-04 22:43:08+00:00,MImran2002,PR review,2025-11,Tuesday,22
lsf,2025-11-06 00:31:45+00:00,MImran2002,PR review,2025-11,Thursday,0
lsf,2025-11-06 01:06:23+00:00,MImran2002,PR review,2025-11,Thursday,1
lsf,2025-11-06 01:06:44+00:00,MImran2002,PR review,2025-11,Thursday,1
lsf,2025-11-13 13:14:13+00:00,ojmakinde,PR review,2025-11,Thursday,13
lsf,2025-11-13 13:16:10+00:00,ojmakinde,PR review,2025-11,Thursday,13
lsf,2025-11-13 13:35:27+00:00,ojmakinde,PR review,2025-11,Thursday,13
lsf,2025-11-13 21:03:34+00:00,Kafui123,PR review,2025-11,Thursday,21
lsf,2025-11-13 21:04:42+00:00,Kafui123,PR review,2025-11,Thursday,21
lsf,2025-11-14 19:03:21+00:00,ojmakinde,PR review,2025-11,Friday,19
lsf,2025-11-14 19:04:12+00:00,ojmakinde,PR review,2025-11,Friday,19
lsf,2025-11-14 21:17:34+00:00,Kafui123,PR review,2025-11,Friday,21
lsf,2025-11-17 19:00:17+00:00,ojmakinde,PR review,2025-11,Monday,19
lsf,2025-11-24 19:12:14+00:00,ojmakinde,PR review,2025-11,Monday,19
lsf,2025-11-24 20:06:30+00:00,ojmakinde,PR review,2025-11,Monday,20
lsf,2025-11-24 21:21:19+00:00,Kafui123,PR review,2025-11,Monday,21
lsf,2026-01-21 22:54:36+00:00,MImran2002,PR review,2026-01,Wednesday,22
lsf,2026-02-24 21:40:13+00:00,Kafui123,PR review,2026-02,Tuesday,21
lsf,2026-02-24 21:52:25+00:00,Kafui123,PR review,2026-02,Tuesday,21
lsf,2026-03-11 19:58:11+00:00,Kafui123,PR review,2026-03,Wednesday,19
lsf,2026-03-11 20:40:13+00:00,JohnCox2211,PR review,2026-03,Wednesday,20
lsf,2026-03-16 17:21:18+00:00,JohnCox2211,PR review,2026-03,Monday,17
lsf,2026-03-25 22:01:46+00:00,MImran2002,PR review,2026-03,Wednesday,22
lsf,2026-03-27 22:52:24+00:00,MImran2002,PR review,2026-03,Friday,22
lsf,2026-03-31 18:29:04+00:00,JohnCox2211,PR review,2026-03,Tuesday,18
lsf,2026-03-31 18:31:03+00:00,JohnCox2211,PR review,2026-03,Tuesday,18
lsf,2026-03-31 18:32:24+00:00,JohnCox2211,PR review,2026-03,Tuesday,18
lsf,2026-03-31 19:15:19+00:00,JohnCox2211,PR review,2026-03,Tuesday,19
lsf,2026-03-31 19:28:32+00:00,JohnCox2211,PR review,2026-03,Tuesday,19
lsf,2026-04-09 19:57:57+00:00,RueHaile,PR review,2026-04,Thursday,19
lsf,2026-04-14 21:13:53+00:00,MImran2002,PR review,2026-04,Tuesday,21
lsf,2026-04-14 21:25:35+00:00,MImran2002,PR review,2026-04,Tuesday,21
lsf,2026-06-05 20:05:16+00:00,MImran2002,PR review,2026-06,Friday,20
lsf,2026-02-17 17:33:56+00:00,MImran2002,PR review,2026-02,Tuesday,17
lsf,2026-02-20 13:51:41+00:00,Meatchema,PR review,2026-02,Friday,13
lsf,2026-02-27 19:01:42+00:00,ojmakinde,PR review,2026-02,Friday,19
lsf,2026-03-02 21:04:27+00:00,RueHaile,PR review,2026-03,Monday,21
lsf,2026-03-02 21:08:33+00:00,RueHaile,PR review,2026-03,Monday,21
lsf,2026-03-02 21:08:53+00:00,RueHaile,PR review,2026-03,Monday,21
lsf,2026-03-02 22:26:01+00:00,ojmakinde,PR review,2026-03,Monday,22
lsf,2026-03-12 19:17:17+00:00,JohnCox2211,PR review,2026-03,Thursday,19
lsf,2026-03-19 17:23:34+00:00,JohnCox2211,PR review,2026-03,Thursday,17
lsf,2026-04-09 20:00:24+00:00,JohnCox2211,PR review,2026-04,Thursday,20
lsf,2026-04-14 20:08:32+00:00,MImran2002,PR review,2026-04,Tuesday,20
lsf,2026-04-14 20:35:34+00:00,MImran2002,PR review,2026-04,Tuesday,20
lsf,2026-03-17 17:51:08+00:00,JohnCox2211,PR review,2026-03,Tuesday,17
lsf,2026-04-09 20:30:37+00:00,JohnCox2211,PR review,2026-04,Thursday,20
lsf,2026-05-04 14:09:15+00:00,MImran2002,PR review,2026-05,Monday,14
lsf,2026-09-11 16:21:12+00:00,bakobagassas,PR review,2026-09,Friday,16
lsf,2026-09-11 16:23:14+00:00,bakobagassas,PR review,2026-09,Friday,16
lsf,2026-09-11 16:31:45+00:00,bakobagassas,PR review,2026-09,Friday,16
lsf,2026-09-11 17:39:46+00:00,bakobagassas,PR review,2026-09,Friday,17
lsf,2026-09-11 19:21:50+00:00,bakobagassas,PR review,2026-09,Friday,19
lsf,2026-03-18 20:35:41+00:00,JohnCox2211,PR review,2026-03,Wednesday,20
lsf,2026-03-18 21:37:43+00:00,Arohasina,PR review,2026-03,Wednesday,21
lsf,2026-03-25 20:10:00+00:00,JohnCox2211,PR review,2026-03,Wednesday,20
lsf,2026-03-25 20:18:16+00:00,Arohasina,PR review,2026-03,Wednesday,20
lsf,2026-03-31 20:07:41+00:00,Arohasina,PR review,2026-03,Tuesday,20
lsf,2026-03-31 20:09:44+00:00,JohnCox2211,PR review,2026-03,Tuesday,20
lsf,2026-04-01 16:07:32+00:00,Meatchema,PR review,2026-04,Wednesday,16
lsf,2026-04-01 19:16:35+00:00,Arohasina,PR review,2026-04,Wednesday,19
lsf,2026-04-13 17:23:22+00:00,bakobagassas,PR review,2026-04,Monday,17
lsf,2026-04-14 19:59:31+00:00,bakobagassas,PR review,2026-04,Tuesday,19
lsf,2026-04-14 20:27:21+00:00,Arohasina,PR review,2026-04,Tuesday,20
lsf,2026-04-14 20:38:03+00:00,Arohasina,PR review,2026-04,Tuesday,20
lsf,2026-04-14 20:45:42+00:00,bakobagassas,PR review,2026-04,Tuesday,20
lsf,2026-04-14 20:50:49+00:00,Arohasina,PR review,2026-04,Tuesday,20
lsf,2026-04-14 20:52:43+00:00,Arohasina,PR review,2026-04,Tuesday,20
lsf,2026-04-14 20:58:09+00:00,Arohasina,PR review,2026-04,Tuesday,20
lsf,2026-04-15 21:50:48+00:00,Kafui123,PR review,2026-04,Wednesday,21
lsf,2026-04-15 21:59:41+00:00,Kafui123,PR review,2026-04,Wednesday,21
lsf,2026-04-16 20:21:26+00:00,Kafui123,PR review,2026-04,Thursday,20
lsf,2026-04-21 20:08:54+00:00,Arohasina,PR review,2026-04,Tuesday,20
lsf,2026-05-04 14:48:15+00:00,MImran2002,PR review,2026-05,Monday,14
lsf,2026-05-04 16:26:16+00:00,Kafui123,PR review,2026-05,Monday,16
lsf,2026-05-05 19:20:02+00:00,Kafui123,PR review,2026-05,Tuesday,19
lsf,2026-06-08 15:09:10+00:00,MImran2002,PR review,2026-06,Monday,15
lsf,2026-06-08 15:38:48+00:00,MImran2002,PR review,2026-06,Monday,15
lsf,2026-06-09 21:13:47+00:00,MImran2002,PR review,2026-06,Tuesday,21
lsf,2026-06-11 18:15:02+00:00,MImran2002,PR review,2026-06,Thursday,18
lsf,2026-09-03 13:38:39+00:00,fritzj2,PR review,2026-09,Thursday,13
lsf,2026-09-03 18:36:33+00:00,Kafui123,PR review,2026-09,Thursday,18
lsf,2026-09-04 15:10:49+00:00,fritzj2,PR review,2026-09,Friday,15
lsf,2026-09-08 18:52:24+00:00,MImran2002,PR review,2026-09,Tuesday,18
lsf,2026-09-09 18:14:08+00:00,Kafui123,PR review,2026-09,Wednesday,18
lsf,2026-09-14 14:13:13+00:00,bakobagassas,PR review,2026-09,Monday,14
lsf,2026-09-14 14:33:29+00:00,bakobagassas,PR review,2026-09,Monday,14
lsf,2026-09-14 19:17:22+00:00,MImran2002,PR review,2026-09,Monday,19
lsf,2026-09-15 12:36:50+00:00,fritzj2,PR review,2026-09,Tuesday,12
lsf,2026-06-17 17:23:03+00:00,fritzj2,PR review,2026-06,Wednesday,17
lsf,2026-06-17 19:13:25+00:00,fritzj2,PR review,2026-06,Wednesday,19
lsf,2026-06-23 15:44:04+00:00,MImran2002,PR review,2026-06,Tuesday,15
lsf,2026-06-23 15:52:06+00:00,MImran2002,PR review,2026-06,Tuesday,15
lsf,2026-08-05 15:19:02+00:00,conwelld,PR review,2026-08,Wednesday,15
lsf,2026-06-17 20:07:01+00:00,ArtemKurasov,PR review,2026-06,Wednesday,20
lsf,2026-06-17 20:07:35+00:00,BhushanSah,PR review,2026-06,Wednesday,20
lsf,2026-06-23 21:07:41+00:00,MImran2002,PR review,2026-06,Tuesday,21
lsf,2026-07-09 13:34:52+00:00,MImran2002,PR review,2026-07,Thursday,13
lsf,2026-06-18 18:07:58+00:00,conwelld,PR review,2026-06,Thursday,18
lsf,2026-06-24 14:24:16+00:00,MImran2002,PR review,2026-06,Wednesday,14
lsf,2026-06-25 14:32:53+00:00,MImran2002,PR review,2026-06,Thursday,14
lsf,2026-07-01 15:36:50+00:00,fritzj2,PR review,2026-07,Wednesday,15
lsf,2026-09-08 15:16:47+00:00,MImran2002,PR review,2026-09,Tuesday,15
lsf,2026-09-14 16:02:13+00:00,MImran2002,PR review,2026-09,Monday,16
lsf,2026-06-22 21:16:09+00:00,fritzj2,PR review,2026-06,Monday,21
lsf,2026-06-22 21:19:40+00:00,fritzj2,PR review,2026-06,Monday,21
lsf,2026-06-25 19:42:45+00:00,MImran2002,PR review,2026-06,Thursday,19
lsf,2026-06-25 20:14:31+00:00,MImran2002,PR review,2026-06,Thursday,20
lsf,2026-06-25 22:55:02+00:00,BhushanSah,PR review,2026-06,Thursday,22
lsf,2026-07-01 14:52:42+00:00,MImran2002,PR review,2026-07,Wednesday,14
lsf,2026-07-01 14:57:09+00:00,MImran2002,PR review,2026-07,Wednesday,14
lsf,2026-07-06 19:03:36+00:00,MImran2002,PR review,2026-07,Monday,19
lsf,2026-06-23 17:00:28+00:00,fritzj2,PR review,2026-06,Tuesday,17
lsf,2026-06-23 17:35:57+00:00,fritzj2,PR review,2026-06,Tuesday,17
lsf,2026-07-01 15:35:32+00:00,MImran2002,PR review,2026-07,Wednesday,15
lsf,2026-07-06 19:09:55+00:00,MImran2002,PR review,2026-07,Monday,19
lsf,2026-07-06 19:10:12+00:00,MImran2002,PR review,2026-07,Monday,19
lsf,2026-07-06 21:00:31+00:00,MImran2002,PR review,2026-07,Monday,21
lsf,2026-07-21 18:37:34+00:00,BetterRocket,PR review,2026-07,Tuesday,18
lsf,2026-07-21 18:39:39+00:00,BetterRocket,PR review,2026-07,Tuesday,18
lsf,2026-07-21 18:41:57+00:00,BetterRocket,PR review,2026-07,Tuesday,18
lsf,2026-07-21 18:49:41+00:00,brightfietsop-ux,PR review,2026-07,Tuesday,18
lsf,2026-07-21 18:50:17+00:00,brightfietsop-ux,PR review,2026-07,Tuesday,18
lsf,2026-07-21 18:50:33+00:00,brightfietsop-ux,PR review,2026-07,Tuesday,18
lsf,2026-07-21 18:50:35+00:00,BhushanSah,PR review,2026-07,Tuesday,18
lsf,2026-07-21 18:56:16+00:00,BetterRocket,PR review,2026-07,Tuesday,18
lsf,2026-07-21 19:06:09+00:00,BetterRocket,PR review,2026-07,Tuesday,19
lsf,2026-07-08 17:53:43+00:00,MImran2002,PR review,2026-07,Wednesday,17
lsf,2026-07-08 13:57:24+00:00,MImran2002,PR review,2026-07,Wednesday,13
lsf,2026-07-08 13:56:17+00:00,MImran2002,PR review,2026-07,Wednesday,13
lsf,2026-07-08 19:50:05+00:00,fritzj2,PR review,2026-07,Wednesday,19
lsf,2026-07-09 17:38:08+00:00,MImran2002,PR review,2026-07,Thursday,17
lsf,2026-07-08 19:50:38+00:00,MImran2002,PR review,2026-07,Wednesday,19
lsf,2026-07-09 15:56:13+00:00,BetterRocket,PR review,2026-07,Thursday,15
lsf,2026-07-13 17:20:51+00:00,MImran2002,PR review,2026-07,Monday,17
lsf,2026-07-13 17:37:35+00:00,MImran2002,PR review,2026-07,Monday,17
lsf,2026-07-13 17:50:26+00:00,MImran2002,PR review,2026-07,Monday,17
lsf,2026-07-10 17:50:52+00:00,fritzj2,PR review,2026-07,Friday,17
lsf,2026-07-14 14:53:53+00:00,MImran2002,PR review,2026-07,Tuesday,14
lsf,2026-07-09 18:00:34+00:00,MImran2002,PR review,2026-07,Thursday,18
lsf,2026-07-10 13:54:08+00:00,MImran2002,PR review,2026-07,Friday,13
lsf,2026-07-10 14:45:57+00:00,MImran2002,PR review,2026-07,Friday,14
lsf,2026-07-13 20:07:30+00:00,MImran2002,PR review,2026-07,Monday,20
lsf,2026-07-13 20:30:40+00:00,MImran2002,PR review,2026-07,Monday,20
lsf,2026-07-30 14:35:25+00:00,MImran2002,PR review,2026-07,Thursday,14
lsf,2026-08-03 20:27:55+00:00,MImran2002,PR review,2026-08,Monday,20
lsf,2026-07-14 02:50:47+00:00,MImran2002,PR review,2026-07,Tuesday,2
lsf,2026-07-14 14:13:40+00:00,conwelld,PR review,2026-07,Tuesday,14
lsf,2026-07-14 14:15:46+00:00,conwelld,PR review,2026-07,Tuesday,14
lsf,2026-07-14 15:52:29+00:00,MImran2002,PR review,2026-07,Tuesday,15
lsf,2026-07-30 14:33:18+00:00,BhushanSah,PR review,2026-07,Thursday,14
lsf,2026-07-30 15:50:23+00:00,ArtemKurasov,PR review,2026-07,Thursday,15
lsf,2026-07-30 15:50:27+00:00,ArtemKurasov,PR review,2026-07,Thursday,15
lsf,2026-07-30 15:52:20+00:00,ArtemKurasov,PR review,2026-07,Thursday,15
lsf,2026-07-30 15:54:04+00:00,ArtemKurasov,PR review,2026-07,Thursday,15
lsf,2026-07-22 20:10:34+00:00,MImran2002,PR review,2026-07,Wednesday,20
lsf,2026-07-28 20:27:50+00:00,MImran2002,PR review,2026-07,Tuesday,20
lsf,2026-07-29 19:17:27+00:00,conwelld,PR review,2026-07,Wednesday,19
lsf,2026-07-29 20:45:26+00:00,MImran2002,PR review,2026-07,Wednesday,20
lsf,2026-07-30 15:35:05+00:00,MImran2002,PR review,2026-07,Thursday,15
lsf,2026-07-30 15:41:38+00:00,BhushanSah,PR review,2026-07,Thursday,15
lsf,2026-07-30 17:12:08+00:00,BhushanSah,PR review,2026-07,Thursday,17
lsf,2026-07-30 17:13:56+00:00,BhushanSah,PR review,2026-07,Thursday,17
lsf,2026-07-30 18:23:17+00:00,brightfietsop-ux,PR review,2026-07,Thursday,18
lsf,2026-08-03 15:33:51+00:00,MImran2002,PR review,2026-08,Monday,15
lsf,2026-08-03 15:37:31+00:00,MImran2002,PR review,2026-08,Monday,15
lsf,2026-08-03 15:38:14+00:00,MImran2002,PR review,2026-08,Monday,15
lsf,2026-08-03 19:34:50+00:00,MImran2002,PR review,2026-08,Monday,19
lsf,2026-08-03 20:23:27+00:00,BhushanSah,PR review,2026-08,Monday,20
lsf,2026-08-03 20:32:17+00:00,BhushanSah,PR review,2026-08,Monday,20
lsf,2026-07-21 20:50:33+00:00,MImran2002,PR review,2026-07,Tuesday,20
lsf,2026-07-22 18:09:41+00:00,brightfietsop-ux,PR review,2026-07,Wednesday,18
lsf,2026-07-22 18:12:50+00:00,brightfietsop-ux,PR review,2026-07,Wednesday,18
lsf,2026-07-22 18:24:31+00:00,brightfietsop-ux,PR review,2026-07,Wednesday,18
lsf,2026-07-22 18:27:43+00:00,brightfietsop-ux,PR review,2026-07,Wednesday,18
lsf,2026-07-22 18:28:10+00:00,brightfietsop-ux,PR review,2026-07,Wednesday,18
lsf,2026-07-22 19:27:04+00:00,nahom70,PR review,2026-07,Wednesday,19
lsf,2026-07-27 20:38:52+00:00,brightfietsop-ux,PR review,2026-07,Monday,20
lsf,2026-07-28 16:00:03+00:00,MImran2002,PR review,2026-07,Tuesday,16
lsf,2026-07-29 20:17:39+00:00,MImran2002,PR review,2026-07,Wednesday,20
lsf,2026-07-21 18:48:01+00:00,MImran2002,PR review,2026-07,Tuesday,18
lsf,2026-07-27 15:54:00+00:00,MImran2002,PR review,2026-07,Monday,15
lsf,2026-07-27 21:01:37+00:00,MImran2002,PR review,2026-07,Monday,21
lsf,2026-07-28 14:34:48+00:00,MImran2002,PR review,2026-07,Tuesday,14
lsf,2026-07-28 17:32:18+00:00,MImran2002,PR review,2026-07,Tuesday,17
lsf,2026-07-21 15:15:32+00:00,fritzj2,PR review,2026-07,Tuesday,15
lsf,2026-07-21 15:28:56+00:00,fritzj2,PR review,2026-07,Tuesday,15
lsf,2026-07-21 15:29:06+00:00,fritzj2,PR review,2026-07,Tuesday,15
lsf,2026-07-21 15:34:07+00:00,conwelld,PR review,2026-07,Tuesday,15
lsf,2026-07-21 15:53:44+00:00,fritzj2,PR review,2026-07,Tuesday,15
lsf,2026-07-21 15:56:00+00:00,fritzj2,PR review,2026-07,Tuesday,15
lsf,2026-07-21 18:03:29+00:00,BetterRocket,PR review,2026-07,Tuesday,18
lsf,2026-07-21 18:26:09+00:00,BetterRocket,PR review,2026-07,Tuesday,18
lsf,2026-07-21 20:21:41+00:00,DanielRukwasha,PR review,2026-07,Tuesday,20
lsf,2026-07-22 19:05:25+00:00,MImran2002,PR review,2026-07,Wednesday,19
lsf,2026-07-29 15:12:31+00:00,MImran2002,PR review,2026-07,Wednesday,15
lsf,2026-08-03 20:15:40+00:00,MImran2002,PR review,2026-08,Monday,20
lsf,2026-08-04 19:49:03+00:00,MImran2002,PR review,2026-08,Tuesday,19
lsf,2026-08-04 19:56:53+00:00,MImran2002,PR review,2026-08,Tuesday,19
lsf,2026-08-05 20:32:30+00:00,MImran2002,PR review,2026-08,Wednesday,20
lsf,2026-08-31 21:06:48+00:00,MImran2002,PR review,2026-08,Monday,21
lsf,2026-09-01 21:53:37+00:00,MImran2002,PR review,2026-09,Tuesday,21
lsf,2026-07-21 15:57:46+00:00,ArtemKurasov,PR review,2026-07,Tuesday,15
lsf,2026-07-21 19:52:30+00:00,BetterRocket,PR review,2026-07,Tuesday,19
lsf,2026-07-21 19:53:00+00:00,BetterRocket,PR review,2026-07,Tuesday,19
lsf,2026-07-21 20:03:14+00:00,NYABUTOA,PR review,2026-07,Tuesday,20
lsf,2026-07-28 16:01:37+00:00,conwelld,PR review,2026-07,Tuesday,16
lsf,2026-07-28 20:49:52+00:00,MImran2002,PR review,2026-07,Tuesday,20
lsf,2026-07-28 20:58:30+00:00,conwelld,PR review,2026-07,Tuesday,20
lsf,2026-07-29 15:03:18+00:00,conwelld,PR review,2026-07,Wednesday,15
lsf,2026-07-30 22:53:57+00:00,MImran2002,PR review,2026-07,Thursday,22
lsf,2026-08-03 13:46:48+00:00,MImran2002,PR review,2026-08,Monday,13
lsf,2026-08-03 14:10:43+00:00,MImran2002,PR review,2026-08,Monday,14
lsf,2026-07-30 17:35:02+00:00,MImran2002,PR review,2026-07,Thursday,17
lsf,2026-08-04 18:42:32+00:00,MImran2002,PR review,2026-08,Tuesday,18
lsf,2026-08-04 21:16:39+00:00,MImran2002,PR review,2026-08,Tuesday,21
lsf,2026-07-30 19:09:56+00:00,BhushanSah,PR review,2026-07,Thursday,19
lsf,2026-08-04 18:43:32+00:00,BhushanSah,PR review,2026-08,Tuesday,18
lsf,2026-08-04 19:32:31+00:00,NYABUTOA,PR review,2026-08,Tuesday,19
lsf,2026-08-04 19:42:58+00:00,NYABUTOA,PR review,2026-08,Tuesday,19
lsf,2026-08-04 20:04:35+00:00,ArtemKurasov,PR review,2026-08,Tuesday,20
lsf,2026-08-04 21:29:19+00:00,johnlolonga19,PR review,2026-08,Tuesday,21
lsf,2026-08-06 20:52:39+00:00,MImran2002,PR review,2026-08,Thursday,20
lsf,2026-09-02 16:14:37+00:00,GalinaP7,PR review,2026-09,Wednesday,16
lsf,2026-09-02 17:02:50+00:00,GalinaP7,PR review,2026-09,Wednesday,17
lsf,2026-09-02 17:52:05+00:00,GalinaP7,PR review,2026-09,Wednesday,17
lsf,2026-09-02 18:09:18+00:00,GalinaP7,PR review,2026-09,Wednesday,18
lsf,2026-09-02 18:20:37+00:00,GalinaP7,PR review,2026-09,Wednesday,18
lsf,2026-09-02 18:24:10+00:00,GalinaP7,PR review,2026-09,Wednesday,18
lsf,2026-09-14 18:54:38+00:00,MImran2002,PR review,2026-09,Monday,18
lsf,2026-08-04 17:40:54+00:00,BhushanSah,PR review,2026-08,Tuesday,17
lsf,2026-08-04 18:36:06+00:00,NYABUTOA,PR review,2026-08,Tuesday,18
lsf,2026-08-04 18:36:39+00:00,NYABUTOA,PR review,2026-08,Tuesday,18
lsf,2026-08-04 21:12:42+00:00,brightfietsop-ux,PR review,2026-08,Tuesday,21
lsf,2026-08-05 19:05:40+00:00,MImran2002,PR review,2026-08,Wednesday,19
lsf,2026-08-06 19:34:45+00:00,brightfietsop-ux,PR review,2026-08,Thursday,19
lsf,2026-08-06 19:41:41+00:00,BhushanSah,PR review,2026-08,Thursday,19
lsf,2026-08-06 19:58:54+00:00,BhushanSah,PR review,2026-08,Thursday,19
lsf,2026-08-07 17:50:43+00:00,MImran2002,PR review,2026-08,Friday,17
lsf,2026-08-04 19:07:38+00:00,MImran2002,PR review,2026-08,Tuesday,19
lsf,2026-08-04 20:06:53+00:00,MImran2002,PR review,2026-08,Tuesday,20
lsf,2026-08-06 19:30:59+00:00,BhushanSah,PR review,2026-08,Thursday,19
lsf,2026-08-07 14:42:19+00:00,fritzj2,PR review,2026-08,Friday,14
lsf,2026-08-07 15:50:49+00:00,fritzj2,PR review,2026-08,Friday,15
lsf,2026-08-07 15:59:10+00:00,fritzj2,PR review,2026-08,Friday,15
lsf,2026-08-20 21:22:31+00:00,MImran2002,PR review,2026-08,Thursday,21
lsf,2026-08-20 23:03:08+00:00,MImran2002,PR review,2026-08,Thursday,23
lsf,2026-08-21 13:28:35+00:00,fritzj2,PR review,2026-08,Friday,13
lsf,2026-08-21 13:55:31+00:00,fritzj2,PR review,2026-08,Friday,13
lsf,2026-08-24 14:27:34+00:00,fritzj2,PR review,2026-08,Monday,14
lsf,2026-08-25 18:33:38+00:00,MImran2002,PR review,2026-08,Tuesday,18
lsf,2026-08-06 21:16:31+00:00,MImran2002,PR review,2026-08,Thursday,21
lsf,2026-08-07 18:48:28+00:00,MImran2002,PR review,2026-08,Friday,18
lsf,2026-08-19 20:42:43+00:00,MImran2002,PR review,2026-08,Wednesday,20
lsf,2026-08-19 20:45:46+00:00,MImran2002,PR review,2026-08,Wednesday,20
lsf,2026-08-21 20:46:47+00:00,MImran2002,PR review,2026-08,Friday,20
