repo,sha,author,author_type,committer,date,message,html_url
lsf,20adf1bae658d83a90263c728d82e3410ca1bae5,Jonimz,User,Jonimz,2026-09-15T21:13:57Z,Restore static field validation method,https://github.com/BCStudentSoftwareDevTeam/lsf/commit/20adf1bae658d83a90263c728d82e3410ca1bae5
lsf,a629b1d3c7bceb20d78c94ae4381294d11a0a5cf,Jonimz,User,Jonimz,2026-09-15T20:31:16Z,removed evaluation fragments.,https://github.com/BCStudentSoftwareDevTeam/lsf/commit/a629b1d3c7bceb20d78c94ae4381294d11a0a5cf
lsf,a146ac93e0933f062c18e3a3ecab1d62adbb1213,Jonimz,User,Jonimz,2026-09-15T20:21:38Z,Merge branch 'development' into 522-remove-evaluation-buttons-from-term-management,https://github.com/BCStudentSoftwareDevTeam/lsf/commit/a146ac93e0933f062c18e3a3ecab1d62adbb1213
lsf,dd0a3c5035df62af6cf1aa7567b771472905deb1,bakobagassas,User,web-flow,2026-09-15T15:26:07Z,"Merge pull request #571 from BCStudentSoftwareDevTeam/526Contrasting_Confirmation_Messages

526 contrasting confirmation messages",https://github.com/BCStudentSoftwareDevTeam/lsf/commit/dd0a3c5035df62af6cf1aa7567b771472905deb1
lsf,e89545046fd7b60e623329485838f1c2de024438,fritzj2,User,fritzj2,2026-09-14T15:57:31Z,fixed broken db reset,https://github.com/BCStudentSoftwareDevTeam/lsf/commit/e89545046fd7b60e623329485838f1c2de024438
lsf,4ae738fc53b44a0b293030a485ddc416f5462fa9,fritzj2,User,fritzj2,2026-09-14T15:16:02Z,removed labor eval files,https://github.com/BCStudentSoftwareDevTeam/lsf/commit/4ae738fc53b44a0b293030a485ddc416f5462fa9
lsf,79b12a5fb910d4cfebd04684499584325f6b75c8,fritzj2,User,fritzj2,2026-09-14T14:24:02Z,removed existing_evaluation from SLE HTML,https://github.com/BCStudentSoftwareDevTeam/lsf/commit/79b12a5fb910d4cfebd04684499584325f6b75c8
lsf,258a4d42950a52f5434ce1e071e561c5e15fba48,fritzj2,User,fritzj2,2026-09-14T14:07:03Z,readded existing comments,https://github.com/BCStudentSoftwareDevTeam/lsf/commit/258a4d42950a52f5434ce1e071e561c5e15fba48
lsf,3ee9186ddd3aad88423a25e90eaada3ab11cb661,ArtemKurasov,User,ArtemKurasov,2026-09-08T21:14:40Z,Reflected on Imran's suggestions,https://github.com/BCStudentSoftwareDevTeam/lsf/commit/3ee9186ddd3aad88423a25e90eaada3ab11cb661
lsf,15f3df7393384722e2fab4f295798cddd93f13ab,Kafui123,User,Kafui123,2026-09-04T18:18:59Z,removed the print statement,https://github.com/BCStudentSoftwareDevTeam/lsf/commit/15f3df7393384722e2fab4f295798cddd93f13ab
lsf,f01892c732758daca2387e8aa020cbc4fabf9afe,Kafui123,User,Kafui123,2026-09-03T18:50:18Z,fixed PR comments,https://github.com/BCStudentSoftwareDevTeam/lsf/commit/f01892c732758daca2387e8aa020cbc4fabf9afe
lsf,d8b49e23f991eac10f4dd2509c3a5dacc8ec2e96,ArtemKurasov,User,ArtemKurasov,2026-09-01T21:35:42Z,Fixed the Tracy Tests,https://github.com/BCStudentSoftwareDevTeam/lsf/commit/d8b49e23f991eac10f4dd2509c3a5dacc8ec2e96
lsf,e5eb834707a055a6f7153221993f60d43731260b,Kafui123,User,Kafui123,2026-09-01T19:42:52Z,fixed these failing tests,https://github.com/BCStudentSoftwareDevTeam/lsf/commit/e5eb834707a055a6f7153221993f60d43731260b
lsf,0a197bfbbdf1418a58f347202ec11e06204d7c06,Jonimz,User,Jonimz,2026-08-31T15:16:14Z,Updated the term table.,https://github.com/BCStudentSoftwareDevTeam/lsf/commit/0a197bfbbdf1418a58f347202ec11e06204d7c06
lsf,6c9afea09a159f8725d4a1bf7da7afc771490be7,Kafui123,User,Kafui123,2026-08-27T22:13:34Z,merging,https://github.com/BCStudentSoftwareDevTeam/lsf/commit/6c9afea09a159f8725d4a1bf7da7afc771490be7
lsf,3a8f2d38c05f39d5f54b5cb43f11896038d5c926,Kafui123,User,Kafui123,2026-08-20T19:55:22Z,chore: saved recent changes to statusFormFunctions.py,https://github.com/BCStudentSoftwareDevTeam/lsf/commit/3a8f2d38c05f39d5f54b5cb43f11896038d5c926
lsf,2ec575c4e0781b9a56753540906db156856aa083,MImran2002,User,web-flow,2026-08-19T14:26:41Z,Merge branch 'development' into 522-remove-evaluation-buttons-from-term-management,https://github.com/BCStudentSoftwareDevTeam/lsf/commit/2ec575c4e0781b9a56753540906db156856aa083
lsf,525b0e073c57befa8df6dd5f3962484c399e3be1,MImran2002,User,web-flow,2026-08-19T14:25:31Z,Merge branch 'development' into 526Contrasting_Confirmation_Messages,https://github.com/BCStudentSoftwareDevTeam/lsf/commit/525b0e073c57befa8df6dd5f3962484c399e3be1
lsf,bc46daeabb12c46833b1cbbc59e8eede8667828f,brightfietsop-ux,User,web-flow,2026-07-30T19:10:15Z,"Merge pull request #661 from BCStudentSoftwareDevTeam/Bright-contribution

added my name to the contributor list",https://github.com/BCStudentSoftwareDevTeam/lsf/commit/bc46daeabb12c46833b1cbbc59e8eede8667828f
lsf,661ff17fa65a85a14e64311a4ecad74e3dc617e2,brightfietsop-ux,User,brightfietsop-ux,2026-07-30T19:06:45Z,added my name to the contributor list,https://github.com/BCStudentSoftwareDevTeam/lsf/commit/661ff17fa65a85a14e64311a4ecad74e3dc617e2
lsf,2f6d658d04f9c37aa6aa927eecc6805c672f7204,MImran2002,User,web-flow,2026-07-08T17:54:30Z,"Merge pull request #633 from BCStudentSoftwareDevTeam/LSF_footer

Fixed the footer and made the button centered in contributors list. Even though now the footer is out, the page is not broken, responsive.",https://github.com/BCStudentSoftwareDevTeam/lsf/commit/2f6d658d04f9c37aa6aa927eecc6805c672f7204
lsf,092e5eb112c0705f0cc6265823e18fde63fd1ca0,BhushanSah,User,BhushanSah,2026-07-06T23:10:31Z,Fixed the footer when sidebar collapses,https://github.com/BCStudentSoftwareDevTeam/lsf/commit/092e5eb112c0705f0cc6265823e18fde63fd1ca0
lsf,3aaf5ad4f395b6cf6d55a062e2a22eedefdaa35c,BhushanSah,User,BhushanSah,2026-07-06T20:30:57Z,Fixed the footer and made the button centered in contributors list,https://github.com/BCStudentSoftwareDevTeam/lsf/commit/3aaf5ad4f395b6cf6d55a062e2a22eedefdaa35c
lsf,bd902dcfe03f0af490240373909fd1b9abc547b4,MImran2002,User,web-flow,2026-07-06T18:42:26Z,Merge branch 'development' into 526Contrasting_Confirmation_Messages,https://github.com/BCStudentSoftwareDevTeam/lsf/commit/bd902dcfe03f0af490240373909fd1b9abc547b4
lsf,ff54bf7d0bc732c896f5214206ed7cdb8d886aa0,MImran2002,User,MImran2002,2026-07-01T14:38:24Z,as this works from the root as source setup must run from the root we just need tohave cd ..,https://github.com/BCStudentSoftwareDevTeam/lsf/commit/ff54bf7d0bc732c896f5214206ed7cdb8d886aa0
lsf,c141adc2c79c0e80e8945d756d194afc14811036,MImran2002,User,MImran2002,2026-07-01T14:26:08Z,thought about storing it in CURRENT_DIR=/Users/imran/Desktop/SSDT Imran/lsf new/lsf and resetting it back but the pushd and popd seems to be more coherent with the code in that is why I made this change,https://github.com/BCStudentSoftwareDevTeam/lsf/commit/c141adc2c79c0e80e8945d756d194afc14811036
lsf,bb137dfb15f693917528feee65af44f39dbb0633,johnlolonga19,User,web-flow,2026-07-01T13:56:10Z,"Merge pull request #593 from BCStudentSoftwareDevTeam/Alphaflix-Default-Error

Default Error for department",https://github.com/BCStudentSoftwareDevTeam/lsf/commit/bb137dfb15f693917528feee65af44f39dbb0633
lsf,076c2c4933a072ea8843cda64b2db15573d3f275,sheggen,User,sheggen,2026-06-30T20:58:13Z,Updating setup.sh to fix symbolic link issue,https://github.com/BCStudentSoftwareDevTeam/lsf/commit/076c2c4933a072ea8843cda64b2db15573d3f275
lsf,19301de6b5723396d55896621abd6c39ebea5c05,NYABUTOA,User,NYABUTOA,2026-06-23T15:55:40Z,we updated the form so it checks both ORG and ACCOUNT when deciding which department should be selected by default. That makes the department match more specific,https://github.com/BCStudentSoftwareDevTeam/lsf/commit/19301de6b5723396d55896621abd6c39ebea5c05
lsf,eba9d98c161bc8171cf3b4c09e8314bd67f68f17,BetterRocket,User,BetterRocket,2026-06-22T21:18:07Z,a -> an,https://github.com/BCStudentSoftwareDevTeam/lsf/commit/eba9d98c161bc8171cf3b4c09e8314bd67f68f17
lsf,bfe5efa5a51783e85d1fed13f35b467426d4502e,BetterRocket,User,BetterRocket,2026-06-22T21:11:20Z,fixed formatting again,https://github.com/BCStudentSoftwareDevTeam/lsf/commit/bfe5efa5a51783e85d1fed13f35b467426d4502e
lsf,8ed39bd5013d72606cc7022f264838f6c55b057f,BetterRocket,User,BetterRocket,2026-06-22T21:03:08Z,Merge branch 'development' of https://github.com/BCStudentSoftwareDevTeam/lsf into conwelld-BetterRocket-skip-ssl-readme,https://github.com/BCStudentSoftwareDevTeam/lsf/commit/8ed39bd5013d72606cc7022f264838f6c55b057f
lsf,fbc5cc3a28dc68f5ad697ea3dc2f7f1c2034e56e,BetterRocket,User,BetterRocket,2026-06-22T21:01:48Z,fixed formatting,https://github.com/BCStudentSoftwareDevTeam/lsf/commit/fbc5cc3a28dc68f5ad697ea3dc2f7f1c2034e56e
lsf,2f840e2add9ad3577fead2889aeb883028aadb72,BetterRocket,User,BetterRocket,2026-06-22T20:56:43Z,added --skip-ssl fix to readme,https://github.com/BCStudentSoftwareDevTeam/lsf/commit/2f840e2add9ad3577fead2889aeb883028aadb72
lsf,1501fddda7b7c5fa7d0412a8590b8ddb377751d2,BhushanSah,User,BhushanSah,2026-06-22T20:20:27Z,simplified if and else for supervisor and student,https://github.com/BCStudentSoftwareDevTeam/lsf/commit/1501fddda7b7c5fa7d0412a8590b8ddb377751d2
lsf,c9e9dab31e59e820c42923822100510a02415f51,BhushanSah,User,BhushanSah,2026-06-22T18:11:10Z, created the class inactive_badge and broke down the lines for supervisor and students,https://github.com/BCStudentSoftwareDevTeam/lsf/commit/c9e9dab31e59e820c42923822100510a02415f51
lsf,a5ba9bbfb3c7ba4e1ba36be37857507aa7c9a6d2,BhushanSah,User,BhushanSah,2026-06-22T17:48:13Z,Removed checkbox if supervisor or student is inactive,https://github.com/BCStudentSoftwareDevTeam/lsf/commit/a5ba9bbfb3c7ba4e1ba36be37857507aa7c9a6d2
lsf,082ea1876708881d02cff8739cf2e6a92aac20ef,BhushanSah,User,BhushanSah,2026-06-22T16:04:24Z,Added an inactive badge and removed the text red color for both supervisior and student,https://github.com/BCStudentSoftwareDevTeam/lsf/commit/082ea1876708881d02cff8739cf2e6a92aac20ef
lsf,68e551b04eac3494fdde09ed45a67f562589f318,BhushanSah,User,BhushanSah,2026-06-22T15:36:04Z,added a way to notify use what does red text mean,https://github.com/BCStudentSoftwareDevTeam/lsf/commit/68e551b04eac3494fdde09ed45a67f562589f318
lsf,c5512087fbec17b65c2922eb52cf05ec2b7f3022,BhushanSah,User,BhushanSah,2026-06-20T16:48:48Z,fixed issue,https://github.com/BCStudentSoftwareDevTeam/lsf/commit/c5512087fbec17b65c2922eb52cf05ec2b7f3022
lsf,9048abf65ebd3dcb3bd0fd48aba9fccf60e0bb79,BhushanSah,User,BhushanSah,2026-06-19T14:17:28Z,Highlight inactive students and supervisors in pending forms,https://github.com/BCStudentSoftwareDevTeam/lsf/commit/9048abf65ebd3dcb3bd0fd48aba9fccf60e0bb79
lsf,deba6bd14c685696d0e125959813169980fc2af6,ACBerea,User,ACBerea,2026-06-18T20:50:31Z,Changed functions for changing the arrow state from directly recreating the bootstrap icon to switching the classes between down and up states in sidebar.js,https://github.com/BCStudentSoftwareDevTeam/lsf/commit/deba6bd14c685696d0e125959813169980fc2af6
lsf,c396b89d62f58e528b42412d0511efb2160c111d,ACBerea,User,ACBerea,2026-06-18T19:58:05Z,"Updated base.html to register bootstrap icons as a fix to the icon issue, applied html references to sidebar.js file to work with arrow switching logic, and updated changed default Administration html in sidebar.html to include the replacement icon.",https://github.com/BCStudentSoftwareDevTeam/lsf/commit/c396b89d62f58e528b42412d0511efb2160c111d
lsf,2da48d072b248c9891aa8bda2221f8b4f9964dff,ACBerea,User,ACBerea,2026-06-18T19:00:55Z,Removed more comments,https://github.com/BCStudentSoftwareDevTeam/lsf/commit/2da48d072b248c9891aa8bda2221f8b4f9964dff
lsf,4d56a8c5b85ce15828b8abca977488107a8b12f0,ACBerea,User,ACBerea,2026-06-18T17:37:00Z,Removed comments,https://github.com/BCStudentSoftwareDevTeam/lsf/commit/4d56a8c5b85ce15828b8abca977488107a8b12f0
lsf,5e6bab27d8549dbfd49f4fbab6a8188284256f34,ACBerea,User,ACBerea,2026-06-18T17:16:26Z,Changed the unicode suplement visuals for the arrowhead indicators next to Administration in sidebar.html and sidebar.js,https://github.com/BCStudentSoftwareDevTeam/lsf/commit/5e6bab27d8549dbfd49f4fbab6a8188284256f34
lsf,2a0ff359cd1eeb0457d3137ed8d1020c39fd8fe1,ACBerea,User,ACBerea,2026-06-18T16:00:25Z,Updated sidebar JQueiry script to change the html text on the Administration tab to change carets if the admin toggle is open or closed.,https://github.com/BCStudentSoftwareDevTeam/lsf/commit/2a0ff359cd1eeb0457d3137ed8d1020c39fd8fe1
lsf,cc97ac688bd632f4590951e4c766e42446554419,ACBerea,User,ACBerea,2026-06-18T14:47:03Z,Merge branch 'development' of https://github.com/BCStudentSoftwareDevTeam/lsf into AC_VINavMenu,https://github.com/BCStudentSoftwareDevTeam/lsf/commit/cc97ac688bd632f4590951e4c766e42446554419
lsf,a10df7eb6705f11bd7cd858c9b3f35601e9c4945,ACBerea,User,ACBerea,2026-06-17T21:23:54Z,Used unicode character to add a dropdown indicator to Administration html text. Currently working on an implementation for the html text to change the character from an downwards pointing caret to an upwards pointer caret when the panel opens and closes.,https://github.com/BCStudentSoftwareDevTeam/lsf/commit/a10df7eb6705f11bd7cd858c9b3f35601e9c4945
lsf,d8540e87ef5bea9b50f444bd3eb32352a3b5f152,MImran2002,User,MImran2002,2026-06-12T21:25:45Z,make sure all the download button are working,https://github.com/BCStudentSoftwareDevTeam/lsf/commit/d8540e87ef5bea9b50f444bd3eb32352a3b5f152
lsf,353eed7f14e819712835f2c1b22200d07efd2cb6,MImran2002,User,MImran2002,2026-06-12T21:23:31Z,talked with Brian the model are kept to make sure data is not removed,https://github.com/BCStudentSoftwareDevTeam/lsf/commit/353eed7f14e819712835f2c1b22200d07efd2cb6
lsf,41a8550dd18d2fe32eed9ba03b883fe1c440511c,MImran2002,User,MImran2002,2026-06-12T21:22:58Z,talked with Brian the model are kept to make sure data is not removed,https://github.com/BCStudentSoftwareDevTeam/lsf/commit/41a8550dd18d2fe32eed9ba03b883fe1c440511c
lsf,297f32e7c16d39fbf85a4790ec551090982f8b58,MImran2002,User,MImran2002,2026-06-12T21:20:22Z,some backend functions remove for stud evals,https://github.com/BCStudentSoftwareDevTeam/lsf/commit/297f32e7c16d39fbf85a4790ec551090982f8b58
lsf,207c7c8fd45a6549bda059d6d462e15461aca07c,MImran2002,User,MImran2002,2026-06-12T20:02:29Z,removed unncessary files,https://github.com/BCStudentSoftwareDevTeam/lsf/commit/207c7c8fd45a6549bda059d6d462e15461aca07c
lsf,73b636ac77cc74043d0486fba02642f8044b997d,MImran2002,User,web-flow,2026-06-12T20:00:49Z,"Delete database/.DS_Store

removed file",https://github.com/BCStudentSoftwareDevTeam/lsf/commit/73b636ac77cc74043d0486fba02642f8044b997d
lsf,f1e1f1c810940b119fda086c6ebdbe319880ed18,MImran2002,User,web-flow,2026-06-12T20:00:17Z,"Delete database/fix-fall-positions/.DS_Store

removed file",https://github.com/BCStudentSoftwareDevTeam/lsf/commit/f1e1f1c810940b119fda086c6ebdbe319880ed18
lsf,d4926001b391179fe987f1968c3930448e14ff1f,MImran2002,User,web-flow,2026-06-12T19:59:02Z,"Delete app/static/js/ckeditor/.DS_Store

removed DS_Store",https://github.com/BCStudentSoftwareDevTeam/lsf/commit/d4926001b391179fe987f1968c3930448e14ff1f
lsf,2696bcd4848d0d43adfeaaf40099d2c6db9bf3d3,MImran2002,User,web-flow,2026-06-12T19:53:56Z,"Delete app/static/js/ckeditor/samples/toolbarconfigurator/lib/codemirror/.DS_Store

DS_store removed",https://github.com/BCStudentSoftwareDevTeam/lsf/commit/2696bcd4848d0d43adfeaaf40099d2c6db9bf3d3
lsf,d78a67ff66d685f91632b4f4fd2fe31edcea11bb,MImran2002,User,MImran2002,2026-06-12T19:49:07Z,"removed extension""",https://github.com/BCStudentSoftwareDevTeam/lsf/commit/d78a67ff66d685f91632b4f4fd2fe31edcea11bb
lsf,6c03a95c18844872077504f33f793f164a08723d,MImran2002,User,web-flow,2026-06-12T19:31:53Z,Merge branch 'development' into 522-remove-evaluation-buttons-from-term-management,https://github.com/BCStudentSoftwareDevTeam/lsf/commit/6c03a95c18844872077504f33f793f164a08723d
lsf,06bbba0520b177338786842293bc22103ab90560,MImran2002,User,web-flow,2026-06-12T18:14:27Z,Merge branch 'development' into 526Contrasting_Confirmation_Messages,https://github.com/BCStudentSoftwareDevTeam/lsf/commit/06bbba0520b177338786842293bc22103ab90560
lsf,d8b8da889408b083e97da582e738aa3631ebebbd,MImran2002,User,MImran2002,2026-06-12T18:04:50Z,remove console.log,https://github.com/BCStudentSoftwareDevTeam/lsf/commit/d8b8da889408b083e97da582e738aa3631ebebbd
lsf,997b0a224e31f28b435722c3a4064d37beb792bf,MImran2002,User,MImran2002,2026-06-12T17:46:09Z,"error catching created, front end flash message responsiveness and overlayyed errors fixed",https://github.com/BCStudentSoftwareDevTeam/lsf/commit/997b0a224e31f28b435722c3a4064d37beb792bf
lsf,7ae59f0bfe16c580f77426a2efb9b243f808247c,MImran2002,User,MImran2002,2026-06-11T15:22:04Z,"flash message restored'
'",https://github.com/BCStudentSoftwareDevTeam/lsf/commit/7ae59f0bfe16c580f77426a2efb9b243f808247c
lsf,26c48bfeb756471465005b98559b8653e15cefc4,MImran2002,User,MImran2002,2026-06-11T15:16:09Z,new changes,https://github.com/BCStudentSoftwareDevTeam/lsf/commit/26c48bfeb756471465005b98559b8653e15cefc4
lsf,2e53ef3c5998b7b07661a9b7850c47b630e1a865,MImran2002,User,MImran2002,2026-06-08T16:11:23Z,this change is made because term with recent peewee update is broken as contains only now look into string as by this:.contains(substr) Wild-card search for substring.,https://github.com/BCStudentSoftwareDevTeam/lsf/commit/2e53ef3c5998b7b07661a9b7850c47b630e1a865
lsf,5b828365146da44168d139337970cf28b6fd201a,MImran2002,User,MImran2002,2026-06-08T15:46:05Z,reversing init change,https://github.com/BCStudentSoftwareDevTeam/lsf/commit/5b828365146da44168d139337970cf28b6fd201a
lsf,c941b9b1d51c2b2f5bc1f8a063901b61e5524a9e,MImran2002,User,MImran2002,2026-06-08T15:21:00Z,made some change,https://github.com/BCStudentSoftwareDevTeam/lsf/commit/c941b9b1d51c2b2f5bc1f8a063901b61e5524a9e
lsf,c84009dda26b70ed5e96bfc2e4d02a881542d99c,MImran2002,User,MImran2002,2026-06-08T15:19:17Z,trailing whitespace removed,https://github.com/BCStudentSoftwareDevTeam/lsf/commit/c84009dda26b70ed5e96bfc2e4d02a881542d99c
lsf,b66b782398ac29845477bf8d9f071500389b9cf1,MImran2002,User,web-flow,2026-06-08T15:05:09Z,Merge branch 'development' into 526Contrasting_Confirmation_Messages,https://github.com/BCStudentSoftwareDevTeam/lsf/commit/b66b782398ac29845477bf8d9f071500389b9cf1
lsf,95e9f79999ce7c348a61b928083510766863419a,MImran2002,User,web-flow,2026-06-05T20:20:55Z,"Merge pull request #563 from BCStudentSoftwareDevTeam/labor-history-overload-info

Overload Information in Labor History Enhancement worked on two backend file one file dealt with fetching data from db and sending it towards a route which is the model and another file only has more error catching added and the front-end even though not visually adjusted is working, viable and is good so I will merge this.",https://github.com/BCStudentSoftwareDevTeam/lsf/commit/95e9f79999ce7c348a61b928083510766863419a
lsf,f7e06cb76f86b4b134bd20e910bcc3d5be59ec81,MImran2002,User,web-flow,2026-06-05T20:04:14Z,Merge branch 'development' into labor-history-overload-info,https://github.com/BCStudentSoftwareDevTeam/lsf/commit/f7e06cb76f86b4b134bd20e910bcc3d5be59ec81
lsf,761b8fb6f9dfad32bb87cbd3342c61d971810c8c,MImran2002,User,web-flow,2026-06-05T16:57:08Z,Merge branch 'development' into 526Contrasting_Confirmation_Messages,https://github.com/BCStudentSoftwareDevTeam/lsf/commit/761b8fb6f9dfad32bb87cbd3342c61d971810c8c
lsf,1450021828337fd82d317445c6bced3629cfa931,Jonimz,User,Jonimz,2026-05-02T17:50:04Z,Remove unused evaluation status fields to match the database schema.,https://github.com/BCStudentSoftwareDevTeam/lsf/commit/1450021828337fd82d317445c6bced3629cfa931
lsf,10918823b311a21200f358c3802b00017298b37b,bakobagassas,User,web-flow,2026-04-21T19:36:24Z,Merge branch 'development' into 526Contrasting_Confirmation_Messages,https://github.com/BCStudentSoftwareDevTeam/lsf/commit/10918823b311a21200f358c3802b00017298b37b
lsf,adf5658e260bcb0dbcb57161e40168b7ba56feab,Kafui123,User,Kafui123,2026-04-16T20:08:25Z,put some tests inside a mainDB block,https://github.com/BCStudentSoftwareDevTeam/lsf/commit/adf5658e260bcb0dbcb57161e40168b7ba56feab
lsf,5ab735a73de65a55f81b000de2615d9a1c660609,Kafui123,User,Kafui123,2026-04-16T19:28:47Z,changed the test profile to pearcej,https://github.com/BCStudentSoftwareDevTeam/lsf/commit/5ab735a73de65a55f81b000de2615d9a1c660609
lsf,2768210178406ba4a6da9842626334f00a6c8489,Kafui123,User,Kafui123,2026-04-15T21:51:49Z,added an ajax error handler,https://github.com/BCStudentSoftwareDevTeam/lsf/commit/2768210178406ba4a6da9842626334f00a6c8489
lsf,272930dfc1dacf7a2526d5aa6b23e1f000b7f4b0,Kafui123,User,Kafui123,2026-04-15T20:44:47Z,removed an unused import,https://github.com/BCStudentSoftwareDevTeam/lsf/commit/272930dfc1dacf7a2526d5aa6b23e1f000b7f4b0
lsf,fdb409279559590056bfada9fc4fbc9868104e67,MImran2002,User,web-flow,2026-04-14T20:36:10Z,"Merge pull request #564 from BCStudentSoftwareDevTeam/erraticLoads

Erratic loads, looks good",https://github.com/BCStudentSoftwareDevTeam/lsf/commit/fdb409279559590056bfada9fc4fbc9868104e67
lsf,5ddb1a5f515de2b98c2b2f9b1e932b35fa35599e,RueHaile,User,RueHaile,2026-04-14T20:28:29Z,fixing indentaion,https://github.com/BCStudentSoftwareDevTeam/lsf/commit/5ddb1a5f515de2b98c2b2f9b1e932b35fa35599e
lsf,56ffec89cf16d898ba4b62e3f4c71e7a2427f6ae,Jonimz,User,Jonimz,2026-04-13T23:10:22Z,Add default boolean fields isFinalEvaluationOpen and isMidyearEvaluationOpen to Term model,https://github.com/BCStudentSoftwareDevTeam/lsf/commit/56ffec89cf16d898ba4b62e3f4c71e7a2427f6ae
lsf,460aa7a2e002f64941c7b3590b60abebb0d5056a,RueHaile,User,RueHaile,2026-04-09T21:35:27Z,deny in pendingLabor allignment fix,https://github.com/BCStudentSoftwareDevTeam/lsf/commit/460aa7a2e002f64941c7b3590b60abebb0d5056a
lsf,d94f939d69973cf52bcf0ee6de5f4bc552c7f163,JohnCox2211,User,JohnCox2211,2026-04-09T20:04:04Z,Merge branch '522-remove-evaluation-buttons-from-term-management' of https://github.com/BCStudentSoftwareDevTeam/lsf into 522-remove-evaluation-buttons-from-term-management,https://github.com/BCStudentSoftwareDevTeam/lsf/commit/d94f939d69973cf52bcf0ee6de5f4bc552c7f163
lsf,6f15b08c87400a8d7cbfb326b24eb7485cd7a43d,RueHaile,User,RueHaile,2026-04-09T19:55:04Z,fixing deny padding,https://github.com/BCStudentSoftwareDevTeam/lsf/commit/6f15b08c87400a8d7cbfb326b24eb7485cd7a43d
lsf,74b94224cd2513f7aacf35f2ecbeecac9e37c260,Jonimz,User,web-flow,2026-04-08T23:59:32Z,Merge branch 'development' into 522-remove-evaluation-buttons-from-term-management,https://github.com/BCStudentSoftwareDevTeam/lsf/commit/74b94224cd2513f7aacf35f2ecbeecac9e37c260
lsf,4c654015f640e3d9df46294bbe0131d66bea9fca,Jonimz,User,Jonimz,2026-04-08T23:51:36Z,Remove midyear/final evaluation branching from student labor evaluation,https://github.com/BCStudentSoftwareDevTeam/lsf/commit/4c654015f640e3d9df46294bbe0131d66bea9fca
lsf,3d68c863e2f86772c6da2bca2be6ef734422dd72,Jonimz,User,Jonimz,2026-04-08T23:39:25Z,updated student labor evaluation form/controller/template after removing midyear/final evaluation support,https://github.com/BCStudentSoftwareDevTeam/lsf/commit/3d68c863e2f86772c6da2bca2be6ef734422dd72
lsf,b79642c463aa1f8f8dd83ea36b8880e5c2790b4a,RueHaile,User,RueHaile,2026-04-06T22:01:12Z,Merge branch 'erraticLoads' of https://github.com/BCStudentSoftwareDevTeam/lsf into erraticLoads,https://github.com/BCStudentSoftwareDevTeam/lsf/commit/b79642c463aa1f8f8dd83ea36b8880e5c2790b4a
lsf,0b5f9d30b8412c302794c3d3b69b037b988a29e4,RueHaile,User,RueHaile,2026-04-06T21:59:58Z,fixing the border,https://github.com/BCStudentSoftwareDevTeam/lsf/commit/0b5f9d30b8412c302794c3d3b69b037b988a29e4
lsf,d2ec15de2009e92f6adfa05e5893a5872a047d7a,JohnCox2211,User,JohnCox2211,2026-04-06T20:27:34Z,Merge branch 'erraticLoads' of https://github.com/BCStudentSoftwareDevTeam/lsf into erraticLoads,https://github.com/BCStudentSoftwareDevTeam/lsf/commit/d2ec15de2009e92f6adfa05e5893a5872a047d7a
lsf,9421116979eefd7e61971aa96fcbffbe8e64226b,RueHaile,User,RueHaile,2026-04-06T20:25:27Z,fix timeout,https://github.com/BCStudentSoftwareDevTeam/lsf/commit/9421116979eefd7e61971aa96fcbffbe8e64226b
lsf,8785848b0e4ba470fca7298e6526113b1647b451,JohnCox2211,User,JohnCox2211,2026-04-06T20:05:44Z,Merge branch 'development' of https://github.com/BCStudentSoftwareDevTeam/lsf into erraticLoads,https://github.com/BCStudentSoftwareDevTeam/lsf/commit/8785848b0e4ba470fca7298e6526113b1647b451
lsf,ff68c32f93efbab20d743f8807dacec38c028264,RueHaile,User,RueHaile,2026-04-03T23:45:07Z,fix unclickability,https://github.com/BCStudentSoftwareDevTeam/lsf/commit/ff68c32f93efbab20d743f8807dacec38c028264
lsf,7c0fd6a769b4f04447bb17c0373abbf4d94f392d,Kafui123,User,Kafui123,2026-04-02T18:52:35Z,"Merge remote-tracking branch 'origin' into 526Contrasting_Confirmation_Messages
merging my changes with development",https://github.com/BCStudentSoftwareDevTeam/lsf/commit/7c0fd6a769b4f04447bb17c0373abbf4d94f392d
lsf,d60854fd0883ebbc960f41ec99e85debc89f1337,Kafui123,User,Kafui123,2026-04-02T17:36:07Z,fixed failing tests,https://github.com/BCStudentSoftwareDevTeam/lsf/commit/d60854fd0883ebbc960f41ec99e85debc89f1337
lsf,d9b191d1722e5dcf6f10a7c8c25cee29244c90bc,JohnCox2211,User,JohnCox2211,2026-04-01T21:04:10Z,Merge branch 'development' of https://github.com/BCStudentSoftwareDevTeam/lsf into labor-history-overload-info,https://github.com/BCStudentSoftwareDevTeam/lsf/commit/d9b191d1722e5dcf6f10a7c8c25cee29244c90bc
lsf,463b53bad6d168c6f4b3c90171ef130e60921f08,JohnCox2211,User,JohnCox2211,2026-04-01T21:01:31Z,implemented Rue's suggested change,https://github.com/BCStudentSoftwareDevTeam/lsf/commit/463b53bad6d168c6f4b3c90171ef130e60921f08
lsf,82c18f33417d6b95743f07fe3918bfb24a325b77,Arohasina,User,web-flow,2026-04-01T19:16:47Z,"Merge pull request #570 from BCStudentSoftwareDevTeam/history-ordering

Labor History Form Ordering",https://github.com/BCStudentSoftwareDevTeam/lsf/commit/82c18f33417d6b95743f07fe3918bfb24a325b77
lsf,ed91c502337f86274764ea86bbaaf0ed5a748d64,Kafui123,User,Kafui123,2026-04-01T04:10:25Z,fixed some tests,https://github.com/BCStudentSoftwareDevTeam/lsf/commit/ed91c502337f86274764ea86bbaaf0ed5a748d64
lsf,9d6e22e65f97200132c303786943a97a4a691b90,Kafui123,User,Kafui123,2026-03-31T20:48:40Z,fixed some tests,https://github.com/BCStudentSoftwareDevTeam/lsf/commit/9d6e22e65f97200132c303786943a97a4a691b90
lsf,3a158a71c253bb184446c425f263607d447f09df,JohnCox2211,User,JohnCox2211,2026-03-31T20:28:37Z,Merge branch '522-remove-evaluation-buttons-from-term-management' of https://github.com/BCStudentSoftwareDevTeam/lsf into 522-remove-evaluation-buttons-from-term-management,https://github.com/BCStudentSoftwareDevTeam/lsf/commit/3a158a71c253bb184446c425f263607d447f09df
lsf,1ec26c28363eab11d2ed49c213a259c9ec630280,JohnCox2211,User,JohnCox2211,2026-03-31T20:28:17Z,Merge branch 'development' of https://github.com/BCStudentSoftwareDevTeam/lsf into 522-remove-evaluation-buttons-from-term-management,https://github.com/BCStudentSoftwareDevTeam/lsf/commit/1ec26c28363eab11d2ed49c213a259c9ec630280
lsf,c38d7f46a5fa7547f35e301ef32f46ec5bec3b20,Kafui123,User,Kafui123,2026-03-31T20:24:36Z,fixed assertion errors,https://github.com/BCStudentSoftwareDevTeam/lsf/commit/c38d7f46a5fa7547f35e301ef32f46ec5bec3b20
lsf,b84da7be01e8e99545bfd804fd75d9f00bce065a,JohnCox2211,User,web-flow,2026-03-31T20:06:27Z,Merge branch 'development' into history-ordering,https://github.com/BCStudentSoftwareDevTeam/lsf/commit/b84da7be01e8e99545bfd804fd75d9f00bce065a
lsf,ec2c161bef1a88d5bda1065f16e22dcdeb1ab57a,JohnCox2211,User,JohnCox2211,2026-03-31T19:28:54Z,removed extra unnecessary joins,https://github.com/BCStudentSoftwareDevTeam/lsf/commit/ec2c161bef1a88d5bda1065f16e22dcdeb1ab57a
lsf,8fc5b18de020372ea95b688dad7da7d7ad9eda27,JohnCox2211,User,JohnCox2211,2026-03-31T18:49:37Z,"got rid of inforows css class
(replaced with strong), adjusted spacing for info
in the modal",https://github.com/BCStudentSoftwareDevTeam/lsf/commit/8fc5b18de020372ea95b688dad7da7d7ad9eda27
lsf,a2e2e22d177a6a4032ac746d54d15d0e5aedf8a3,JohnCox2211,User,JohnCox2211,2026-03-31T18:12:13Z,Merge branch 'development' of https://github.com/BCStudentSoftwareDevTeam/lsf into labor-history-overload-info,https://github.com/BCStudentSoftwareDevTeam/lsf/commit/a2e2e22d177a6a4032ac746d54d15d0e5aedf8a3
lsf,ebe40367834b728418c625988933be749f676ab0,Jonimz,User,Jonimz,2026-03-30T22:22:49Z,"Removed Evaluations column from term management table, including
the manageEval Flask route, toggleEval JS function, and
isMidyearEvaluationOpen/isFinalEvaluationOpen model fields.",https://github.com/BCStudentSoftwareDevTeam/lsf/commit/ebe40367834b728418c625988933be749f676ab0
lsf,3ae3aa1c7f3c0b079f2dc909e176e50f479e06ed,Kafui123,User,Kafui123,2026-03-27T20:28:23Z,added myself to the test data,https://github.com/BCStudentSoftwareDevTeam/lsf/commit/3ae3aa1c7f3c0b079f2dc909e176e50f479e06ed
lsf,8df780ed048c3b10d882a87f355f8a18975c70cc,Kafui123,User,Kafui123,2026-03-27T20:22:10Z,removed all of the print statements,https://github.com/BCStudentSoftwareDevTeam/lsf/commit/8df780ed048c3b10d882a87f355f8a18975c70cc
lsf,9240ee6770f0dc01fa29ab29ab79b272d32a5cbb,Kafui123,User,Kafui123,2026-03-26T20:59:44Z,finished working on the flash message confusion,https://github.com/BCStudentSoftwareDevTeam/lsf/commit/9240ee6770f0dc01fa29ab29ab79b272d32a5cbb
lsf,21203686ce1cae08959e4545489c046076bb3f1b,JohnCox2211,User,JohnCox2211,2026-03-26T19:52:29Z,"reverted yesterday's changes
found a simple sorting fix with a lambda and forms
are now in proper order on the labor history page",https://github.com/BCStudentSoftwareDevTeam/lsf/commit/21203686ce1cae08959e4545489c046076bb3f1b
lsf,5a73fb97fa8021ddc3ac6326a9df94946c3a4f10,Arohasina,User,web-flow,2026-03-25T20:55:44Z,"Merge pull request #569 from BCStudentSoftwareDevTeam/sidebarResponsive

sidebar made responsive",https://github.com/BCStudentSoftwareDevTeam/lsf/commit/5a73fb97fa8021ddc3ac6326a9df94946c3a4f10
lsf,9b1735189eb5a876882c78ed8088eeb1736873d9,MImran2002,User,MImran2002,2026-03-24T21:17:52Z,Labor hisotry modal make responsive,https://github.com/BCStudentSoftwareDevTeam/lsf/commit/9b1735189eb5a876882c78ed8088eeb1736873d9
lsf,a7fb2f6b175cdf8f7340db56e243d0e7becb763a,MImran2002,User,MImran2002,2026-03-24T21:04:16Z,sidebar responsive for contract approve and unapprovr,https://github.com/BCStudentSoftwareDevTeam/lsf/commit/a7fb2f6b175cdf8f7340db56e243d0e7becb763a
lsf,283ac1d0253a363d9d83920affa87b3129c5c8e7,JohnCox2211,User,JohnCox2211,2026-03-24T19:55:23Z,some starting changes to test solutions,https://github.com/BCStudentSoftwareDevTeam/lsf/commit/283ac1d0253a363d9d83920affa87b3129c5c8e7
lsf,d3d6818919d3fd3aa8e55478fd5b4d30cb7e5336,RueHaile,User,RueHaile,2026-03-24T16:23:39Z,simplifying attempt to solve normalizing,https://github.com/BCStudentSoftwareDevTeam/lsf/commit/d3d6818919d3fd3aa8e55478fd5b4d30cb7e5336
lsf,726e3b05e1b4f3089d734ea699e0080cb2282896,RueHaile,User,RueHaile,2026-03-24T16:15:20Z,console log removal and normalizing,https://github.com/BCStudentSoftwareDevTeam/lsf/commit/726e3b05e1b4f3089d734ea699e0080cb2282896
lsf,183d21d04c89ee2992bac1cd367099dd1b638638,RueHaile,User,RueHaile,2026-03-24T15:41:55Z,padding increase to solve clickability,https://github.com/BCStudentSoftwareDevTeam/lsf/commit/183d21d04c89ee2992bac1cd367099dd1b638638
lsf,925fa6293945e39ca25431ab5da12a4d38d761b4,RueHaile,User,RueHaile,2026-03-23T20:00:15Z,fixing erratic race condintion call,https://github.com/BCStudentSoftwareDevTeam/lsf/commit/925fa6293945e39ca25431ab5da12a4d38d761b4
lsf,f9f1d4ca29d964fc711394b8d445831606914503,MImran2002,User,MImran2002,2026-03-22T22:49:22Z,"responsivness sidebar'
'",https://github.com/BCStudentSoftwareDevTeam/lsf/commit/f9f1d4ca29d964fc711394b8d445831606914503
lsf,daaf4128f15e5614646b4df94ed81a63d2ce6cdd,MImran2002,User,MImran2002,2026-03-18T14:11:19Z,sidebar made responsive,https://github.com/BCStudentSoftwareDevTeam/lsf/commit/daaf4128f15e5614646b4df94ed81a63d2ce6cdd
lsf,7900b37037a4f7540085f532cc672d8d505df39b,RueHaile,User,RueHaile,2026-03-17T21:15:19Z,fix erratic nature in note,https://github.com/BCStudentSoftwareDevTeam/lsf/commit/7900b37037a4f7540085f532cc672d8d505df39b
lsf,64e7ca0e8744fb63ec182f1a24ca2f517fb27f55,Kafui123,User,Kafui123,2026-03-17T18:10:32Z,further enhanced labor status form creation,https://github.com/BCStudentSoftwareDevTeam/lsf/commit/64e7ca0e8744fb63ec182f1a24ca2f517fb27f55
lsf,dff58e0ad4642840b5652b948a11a507fdf30a8f,Jonimz,User,Jonimz,2026-03-16T18:43:46Z,Removed evaluation column from term management page,https://github.com/BCStudentSoftwareDevTeam/lsf/commit/dff58e0ad4642840b5652b948a11a507fdf30a8f
lsf,3e8a99d73ac092b456be3d09f6af15c3be77f9d8,JohnCox2211,User,JohnCox2211,2026-03-10T18:11:52Z,"added disabled to the textareas for release and
overload forms in the student history modal to
prevent user confusion",https://github.com/BCStudentSoftwareDevTeam/lsf/commit/3e8a99d73ac092b456be3d09f6af15c3be77f9d8
lsf,b636a19add1c63173d7a8ffb039b27e3b2438ef3,RueHaile,User,RueHaile,2026-03-02T23:25:49Z,loading via css implimentation,https://github.com/BCStudentSoftwareDevTeam/lsf/commit/b636a19add1c63173d7a8ffb039b27e3b2438ef3
lsf,2920a4b13464300980ba996d9c2a0c22e2265bcf,RueHaile,User,RueHaile,2026-03-02T21:10:03Z,fix the order of the modal-content edit,https://github.com/BCStudentSoftwareDevTeam/lsf/commit/2920a4b13464300980ba996d9c2a0c22e2265bcf
lsf,8a298fdeb8f59234039f2934e8212b72c1558fbf,Kafui123,User,Kafui123,2026-02-26T20:36:31Z,added a transaction.rollback so the form would not be saved,https://github.com/BCStudentSoftwareDevTeam/lsf/commit/8a298fdeb8f59234039f2934e8212b72c1558fbf
lsf,4c94d7f0f999403d47069ea355db10c1c86d8360,JohnCox2211,User,JohnCox2211,2026-02-25T21:58:51Z,removed the other .switch,https://github.com/BCStudentSoftwareDevTeam/lsf/commit/4c94d7f0f999403d47069ea355db10c1c86d8360
lsf,e77b5c521a317c2be9b231e98f05b0d920596b95,JohnCox2211,User,JohnCox2211,2026-02-25T21:44:39Z,"addressed Kafui's comments:
added bold text labels in labor form extra info rows
modified peewee query
made some jinja a bit more readable",https://github.com/BCStudentSoftwareDevTeam/lsf/commit/e77b5c521a317c2be9b231e98f05b0d920596b95
lsf,ad7ec8216101e24ad817bd09163bc9a80fe33d8f,RueHaile,User,RueHaile,2026-02-17T21:01:24Z,fixed the java rendering delay and the comments fixes,https://github.com/BCStudentSoftwareDevTeam/lsf/commit/ad7ec8216101e24ad817bd09163bc9a80fe33d8f
lsf,4bc9de9e8b517058733ed48e2adbbcd21a9c478d,RueHaile,User,RueHaile,2026-02-17T20:39:34Z,reset the db_test.py file,https://github.com/BCStudentSoftwareDevTeam/lsf/commit/4bc9de9e8b517058733ed48e2adbbcd21a9c478d
lsf,c1d0b5ecf4920da3e19fa77ea928cbd60c46c279,JohnCox2211,User,JohnCox2211,2026-02-16T21:38:07Z,"changed all pending forms adjustment forms verbage
got rid of prints
changed html logic for labor history modal",https://github.com/BCStudentSoftwareDevTeam/lsf/commit/c1d0b5ecf4920da3e19fa77ea928cbd60c46c279
lsf,c5d6acd006f3585f3f8b6477b91bbf685961a056,RueHaile,User,RueHaile,2026-02-16T20:54:09Z,"fixed the ""view notes"" to a more generic wording.",https://github.com/BCStudentSoftwareDevTeam/lsf/commit/c5d6acd006f3585f3f8b6477b91bbf685961a056
lsf,18e52e2d0ca5b9c7bb7a0422d05b5d39ebe85422,JohnCox2211,User,JohnCox2211,2026-02-11T21:24:19Z,"Fixed issue with adjustment forms causing the
pending adjustment forms page to not load properly.

Seems like some departments are just showing up as
None for some reason, should probably fix that",https://github.com/BCStudentSoftwareDevTeam/lsf/commit/18e52e2d0ca5b9c7bb7a0422d05b5d39ebe85422
lsf,34bf86693025a0c79cc94f567cc7e208d30c6159,JohnCox2211,User,JohnCox2211,2026-02-11T20:15:45Z,"added fix for pre-student approval overload
form modal giving error w/ no review date",https://github.com/BCStudentSoftwareDevTeam/lsf/commit/34bf86693025a0c79cc94f567cc7e208d30c6159
lsf,3a209aea9623a8af376287b5b699ab5159cdc6f2,RueHaile,User,RueHaile,2026-02-10T23:07:58Z,removed the spand and made the loading more interactive by announceing when it is loading,https://github.com/BCStudentSoftwareDevTeam/lsf/commit/3a209aea9623a8af376287b5b699ab5159cdc6f2
lsf,3cdb63bd25d68aaef35d2183ea5b33cc33c4e6c4,JohnCox2211,User,JohnCox2211,2026-02-10T22:06:30Z,"updated adjustment form tabbing in html
for readability

modified overload info display html",https://github.com/BCStudentSoftwareDevTeam/lsf/commit/3cdb63bd25d68aaef35d2183ea5b33cc33c4e6c4
lsf,46d45ff62593930e7d1ec9aec4e6cdd2460006b7,JohnCox2211,User,JohnCox2211,2026-02-10T22:01:54Z,"adjustment form no longer breaking the modal
added back accidental feature deletions

still need to fix adjustment pending page on
pending forms page",https://github.com/BCStudentSoftwareDevTeam/lsf/commit/46d45ff62593930e7d1ec9aec4e6cdd2460006b7
lsf,7ffa2dd1e80affbccb20d7c70ab9f97dd5a3ec59,Meatchema,User,web-flow,2026-02-05T20:24:23Z,Merge branch 'development' into erraticLoads,https://github.com/BCStudentSoftwareDevTeam/lsf/commit/7ffa2dd1e80affbccb20d7c70ab9f97dd5a3ec59
lsf,9aa43849f64666aa855723a1c8edad0a642590a5,RueHaile,User,RueHaile,2026-02-02T21:39:30Z,expanded the pressable space of the manage button.,https://github.com/BCStudentSoftwareDevTeam/lsf/commit/9aa43849f64666aa855723a1c8edad0a642590a5
lsf,4bd171e5ea77750b07faf8ccb50af73d1d866242,JohnCox2211,User,JohnCox2211,2026-01-29T20:31:13Z,reverted change accidentallly made in this branch,https://github.com/BCStudentSoftwareDevTeam/lsf/commit/4bd171e5ea77750b07faf8ccb50af73d1d866242
lsf,49752b7b32f0ee7a6585440c039528a83648f4b8,RueHaile,User,RueHaile,2026-01-29T20:26:10Z,fixed the late loading,https://github.com/BCStudentSoftwareDevTeam/lsf/commit/49752b7b32f0ee7a6585440c039528a83648f4b8
lsf,2514bd830bea1cb77e0972678d6b7fb2ae228d2f,JohnCox2211,User,JohnCox2211,2026-01-29T20:13:47Z,"fixed query for forms in laborHistory to  be able
to access overload info in the template",https://github.com/BCStudentSoftwareDevTeam/lsf/commit/2514bd830bea1cb77e0972678d6b7fb2ae228d2f
lsf,811e320041f9c7b58b71134c31f4245fd1ccf587,JohnCox2211,User,JohnCox2211,2026-01-28T21:50:31Z,"added HTML to show overload approval date, fixed
some wording

need to figure out how to show overload approver name",https://github.com/BCStudentSoftwareDevTeam/lsf/commit/811e320041f9c7b58b71134c31f4245fd1ccf587
lsf,d7d534b221b5188e50d6f720b36d4f33f79bbff4,JohnCox2211,User,JohnCox2211,2026-01-22T21:49:43Z,implementing overload info in student history modal,https://github.com/BCStudentSoftwareDevTeam/lsf/commit/d7d534b221b5188e50d6f720b36d4f33f79bbff4
lsf,7a915bdf1c3c784ffa8bbd0743b222d0d84ae60a,JohnCox2211,User,JohnCox2211,2026-01-22T21:49:19Z,implementing overload info in student history modal,https://github.com/BCStudentSoftwareDevTeam/lsf/commit/7a915bdf1c3c784ffa8bbd0743b222d0d84ae60a
lsf,ab581c42e9cb5562612d1923e70cf6a190e09b74,MImran2002,User,web-flow,2026-01-21T23:15:05Z,"Merge pull request #558 from BCStudentSoftwareDevTeam/laborhistory-quickfix

Labor History datetime Quick Fix is merged, a student variable is deleted that is not called at all. Datetime.date.today is updated to datetime.today() is fixed. The modals are working back.",https://github.com/BCStudentSoftwareDevTeam/lsf/commit/ab581c42e9cb5562612d1923e70cf6a190e09b74
lsf,91afb759cced492387bcc027fad94656cf45550e,JohnCox2211,User,JohnCox2211,2026-01-20T20:07:03Z,"changed datetime syntax, removed unused line",https://github.com/BCStudentSoftwareDevTeam/lsf/commit/91afb759cced492387bcc027fad94656cf45550e
lsf,10eb6f588d063832ca7af581ba19bf09adb91235,RueHaile,User,RueHaile,2026-01-17T02:57:58Z,tracy fix,https://github.com/BCStudentSoftwareDevTeam/lsf/commit/10eb6f588d063832ca7af581ba19bf09adb91235
lsf,50d1ac5f0300a78508466a36df98f3d700ea96bb,Meatchema,User,web-flow,2025-11-24T13:43:39Z,Merge branch 'development' into add-approve-button-in-labor-history-form,https://github.com/BCStudentSoftwareDevTeam/lsf/commit/50d1ac5f0300a78508466a36df98f3d700ea96bb
lsf,84a0003438f32195a1618482f1727643214e720e,RueHaile,User,RueHaile,2025-11-21T04:20:38Z,getting rid of debug prints,https://github.com/BCStudentSoftwareDevTeam/lsf/commit/84a0003438f32195a1618482f1727643214e720e
lsf,b5860e452a0ffef86fd2739a5a53f1b1c3debf17,RueHaile,User,RueHaile,2025-11-20T21:34:57Z,Adding template change,https://github.com/BCStudentSoftwareDevTeam/lsf/commit/b5860e452a0ffef86fd2739a5a53f1b1c3debf17
lsf,e3bf9b2775919c227a2b661b12b8dd1825426d15,MImran2002,User,MImran2002,2025-11-20T21:24:12Z,Merge branch 'development' of https://github.com/BCStudentSoftwareDevTeam/lsf into laborReleaseFormAdmin,https://github.com/BCStudentSoftwareDevTeam/lsf/commit/e3bf9b2775919c227a2b661b12b8dd1825426d15
lsf,9942cea7e717daca1db1c20b6ef6cf43f514d684,MImran2002,User,MImran2002,2025-11-20T21:23:45Z,Merge branch 'laborReleaseFormAdmin' of https://github.com/BCStudentSoftwareDevTeam/lsf into laborReleaseFormAdmin,https://github.com/BCStudentSoftwareDevTeam/lsf/commit/9942cea7e717daca1db1c20b6ef6cf43f514d684
lsf,145aefc73112bd2b8360b86073bd6ef7aac43c07,MImran2002,User,MImran2002,2025-11-20T21:23:15Z,the username and reasons have now showed correctly in the labor release form,https://github.com/BCStudentSoftwareDevTeam/lsf/commit/145aefc73112bd2b8360b86073bd6ef7aac43c07
lsf,8ba87d26202a201051b4be05cbbb248fe0a39cfd,ojmakinde,User,ojmakinde,2025-11-19T16:27:50Z,Fixed the 'all active terms' query error from incorrect use of datetime,https://github.com/BCStudentSoftwareDevTeam/lsf/commit/8ba87d26202a201051b4be05cbbb248fe0a39cfd
lsf,d398e41661bf2ed6201b6403f5a5f0fa41cdcca8,ojmakinde,User,ojmakinde,2025-11-18T20:11:55Z,Removed the notion of 'currentTerm' (which we don't use) and correctly implemented the 'All Active Terms' as term option for select presets,https://github.com/BCStudentSoftwareDevTeam/lsf/commit/d398e41661bf2ed6201b6403f5a5f0fa41cdcca8
lsf,4e465a20ea80a68656c474e344da7e9dbca73566,RueHaile,User,RueHaile,2025-11-17T19:40:39Z,Merge branch 'laborReleaseFormAdmin' of https://github.com/BCStudentSoftwareDevTeam/lsf into laborReleaseFormAdmin,https://github.com/BCStudentSoftwareDevTeam/lsf/commit/4e465a20ea80a68656c474e344da7e9dbca73566
lsf,55d8ae7efd751e11896067a037ef3b734315e058,RueHaile,User,RueHaile,2025-11-17T19:36:52Z,"reason for release and dtae fix, doesn't work yet- in progress",https://github.com/BCStudentSoftwareDevTeam/lsf/commit/55d8ae7efd751e11896067a037ef3b734315e058
lsf,8fd5c6f9ea5375b7000717d83874695fd76763e1,MImran2002,User,MImran2002,2025-11-14T22:18:42Z,integrated form expiration script and labor admin notify,https://github.com/BCStudentSoftwareDevTeam/lsf/commit/8fd5c6f9ea5375b7000717d83874695fd76763e1
lsf,0f67cd8a2d5f8b2bf063454b3bc71e19b0c21fed,MImran2002,User,MImran2002,2025-11-14T15:30:49Z,Merge,https://github.com/BCStudentSoftwareDevTeam/lsf/commit/0f67cd8a2d5f8b2bf063454b3bc71e19b0c21fed
lsf,2ab9972c8325f2aa52df1a309977a9f6dbdfc16f,MImran2002,User,MImran2002,2025-11-14T15:28:35Z,Committing,https://github.com/BCStudentSoftwareDevTeam/lsf/commit/2ab9972c8325f2aa52df1a309977a9f6dbdfc16f
lsf,3c3c2f0fc655dfa852ea26ebd77ae0ce5b760025,MImran2002,User,MImran2002,2025-11-14T15:28:31Z,Merge branch 'development' of https://github.com/BCStudentSoftwareDevTeam/lsf into laborReleaseFormAdmin,https://github.com/BCStudentSoftwareDevTeam/lsf/commit/3c3c2f0fc655dfa852ea26ebd77ae0ce5b760025
lsf,a37c2143503ffe8c35b976f7d64dd07ae6675876,JohnCox2211,User,JohnCox2211,2025-11-12T19:44:52Z,Merge branch 'dynamic-search-supervisor-portal' of https://github.com/BCStudentSoftwareDevTeam/lsf into dynamic-search-supervisor-portal,https://github.com/BCStudentSoftwareDevTeam/lsf/commit/a37c2143503ffe8c35b976f7d64dd07ae6675876
lsf,273696a75dc60a1f19bf838dc409f1077680c7ad,ojmakinde,User,ojmakinde,2025-11-12T18:59:59Z,Removed debug statements,https://github.com/BCStudentSoftwareDevTeam/lsf/commit/273696a75dc60a1f19bf838dc409f1077680c7ad
lsf,1af7043d939145cd6881cae92b8ea549f09f87ed,ojmakinde,User,ojmakinde,2025-11-12T18:55:46Z,Fixed the bug with field presets not showing up for current supervisees and pending forms.,https://github.com/BCStudentSoftwareDevTeam/lsf/commit/1af7043d939145cd6881cae92b8ea549f09f87ed
lsf,00b69f43f6c1a3ff3245ca77c18fb9ed1ee875af,Meatchema,User,web-flow,2025-11-11T20:58:08Z,Merge branch 'development' into add-approve-button-in-labor-history-form,https://github.com/BCStudentSoftwareDevTeam/lsf/commit/00b69f43f6c1a3ff3245ca77c18fb9ed1ee875af
lsf,e7bbfc9dbe3826fe24e10dfc0f28acfae3ed490c,JohnCox2211,User,JohnCox2211,2025-11-11T20:32:31Z,Merge branch 'development' of https://github.com/BCStudentSoftwareDevTeam/lsf into dynamic-search-supervisor-portal,https://github.com/BCStudentSoftwareDevTeam/lsf/commit/e7bbfc9dbe3826fe24e10dfc0f28acfae3ed490c
lsf,83a4184fe859569898a4d0f91a361a44880f7c12,ojmakinde,User,ojmakinde,2025-11-11T16:54:06Z,Merge branch 'dynamic-search-supervisor-portal' of github.com:BCStudentSoftwareDevTeam/lsf into dynamic-search-supervisor-portal,https://github.com/BCStudentSoftwareDevTeam/lsf/commit/83a4184fe859569898a4d0f91a361a44880f7c12
lsf,6c35dd67c26a8e5b8c817937c50038484117e5aa,ojmakinde,User,ojmakinde,2025-11-11T15:26:17Z,Merge branch 'development' of github.com:BCStudentSoftwareDevTeam/lsf into dynamic-search-supervisor-portal,https://github.com/BCStudentSoftwareDevTeam/lsf/commit/6c35dd67c26a8e5b8c817937c50038484117e5aa
lsf,ba0e74c60406741eb6dfdcb7ddcd83df2a404b0e,RueHaile,User,RueHaile,2025-11-10T22:45:14Z,added fade to the flask message.,https://github.com/BCStudentSoftwareDevTeam/lsf/commit/ba0e74c60406741eb6dfdcb7ddcd83df2a404b0e
lsf,85ff5f28d5bec72efc86f2053ede9c31a0180dcd,MImran2002,User,MImran2002,2025-11-10T19:13:11Z,Merge branch 'laborReleaseFormAdmin' of https://github.com/BCStudentSoftwareDevTeam/lsf into laborReleaseFormAdmin,https://github.com/BCStudentSoftwareDevTeam/lsf/commit/85ff5f28d5bec72efc86f2053ede9c31a0180dcd
lsf,c99c00085a24d5f527fc73b173d7e91fb535c158,MImran2002,User,MImran2002,2025-11-10T19:12:45Z,remove space,https://github.com/BCStudentSoftwareDevTeam/lsf/commit/c99c00085a24d5f527fc73b173d7e91fb535c158
lsf,35656b03a74e6480db106a1c972b47195cca88c8,MImran2002,User,MImran2002,2025-11-10T19:12:05Z,remove space,https://github.com/BCStudentSoftwareDevTeam/lsf/commit/35656b03a74e6480db106a1c972b47195cca88c8
lsf,5ba1e21fb60c87e5d3c85da8f4d4fb0bb12d93f1,eunsungw,User,web-flow,2025-11-10T17:06:36Z,Merge branch 'development' into laborReleaseFormAdmin,https://github.com/BCStudentSoftwareDevTeam/lsf/commit/5ba1e21fb60c87e5d3c85da8f4d4fb0bb12d93f1
lsf,b903caf9cf5f08acd3ac5f48dfae26ef20829485,Meatchema,User,web-flow,2025-11-10T14:56:14Z,Merge branch 'development' into add-approve-button-in-labor-history-form,https://github.com/BCStudentSoftwareDevTeam/lsf/commit/b903caf9cf5f08acd3ac5f48dfae26ef20829485
lsf,1e7ffbdfd81422172c64985964de2fd056d13e44,Meatchema,User,Meatchema,2025-11-10T14:53:21Z,Added implimentation of Button State,https://github.com/BCStudentSoftwareDevTeam/lsf/commit/1e7ffbdfd81422172c64985964de2fd056d13e44
lsf,a84bf2a657f33168d68158c5c0a900e17bd260ef,eunsungw,User,web-flow,2025-11-07T19:59:07Z,Merge branch 'development' into administrator-remove-fix,https://github.com/BCStudentSoftwareDevTeam/lsf/commit/a84bf2a657f33168d68158c5c0a900e17bd260ef
lsf,a1116c88cc7b9223842f57eb25619990fc53c30b,MImran2002,User,MImran2002,2025-11-06T14:41:40Z,Expired now showed up,https://github.com/BCStudentSoftwareDevTeam/lsf/commit/a1116c88cc7b9223842f57eb25619990fc53c30b
lsf,cc403f5ed8a886468c1a42de310f4a4ba8556ec9,MImran2002,User,MImran2002,2025-11-06T01:07:59Z,"worked on chnages in pw, template and removing the template from sql, still need to find a way to put expired",https://github.com/BCStudentSoftwareDevTeam/lsf/commit/cc403f5ed8a886468c1a42de310f4a4ba8556ec9
lsf,50278f8b7e11b57ca4de559da827cf4da26d4a7f,JohnCox2211,User,JohnCox2211,2025-11-05T20:24:53Z,"removed try and catch in finalApproval in favor
of refreshing the page after approval every time",https://github.com/BCStudentSoftwareDevTeam/lsf/commit/50278f8b7e11b57ca4de559da827cf4da26d4a7f
lsf,db2a126db8809d8b977f522b16e34b75ea2d493f,JohnCox2211,User,JohnCox2211,2025-11-04T22:43:28Z,removed debug comments/code,https://github.com/BCStudentSoftwareDevTeam/lsf/commit/db2a126db8809d8b977f522b16e34b75ea2d493f
lsf,a8a6485448743bba549656b35e92424d5061c7e2,JohnCox2211,User,JohnCox2211,2025-11-04T22:41:17Z,"removed flash message from js and put it in the
python controller instead to avoid it disappearing
on page reload after ajax call.",https://github.com/BCStudentSoftwareDevTeam/lsf/commit/a8a6485448743bba549656b35e92424d5061c7e2
lsf,7088497911c587eb20f022c8030c93a82ebe3e61,MImran2002,User,MImran2002,2025-11-04T22:34:46Z,remove print statement,https://github.com/BCStudentSoftwareDevTeam/lsf/commit/7088497911c587eb20f022c8030c93a82ebe3e61
lsf,dbaa51abdf17c0bfb87bfdb7994ec0e07abed315,MImran2002,User,MImran2002,2025-11-04T22:24:17Z,removed import traceback,https://github.com/BCStudentSoftwareDevTeam/lsf/commit/dbaa51abdf17c0bfb87bfdb7994ec0e07abed315
lsf,1cf39abfe329f6a2dd6b5be37b0e0a22a154af9c,MImran2002,User,MImran2002,2025-11-04T22:21:43Z,comments resolved and adminnotified removed and integrated into laborReleasedFormSubmitted(),https://github.com/BCStudentSoftwareDevTeam/lsf/commit/1cf39abfe329f6a2dd6b5be37b0e0a22a154af9c
lsf,943628b382d2ee920e1d47b2355c98246346c732,JohnCox2211,User,JohnCox2211,2025-11-04T22:07:35Z,Merge branch 'approval-flash' of https://github.com/BCStudentSoftwareDevTeam/lsf into approval-flash,https://github.com/BCStudentSoftwareDevTeam/lsf/commit/943628b382d2ee920e1d47b2355c98246346c732
lsf,7959693ac52c40aaa6f80bc97c9ada79846c04e5,JohnCox2211,User,JohnCox2211,2025-11-04T22:07:29Z,Merge branch 'development' of https://github.com/BCStudentSoftwareDevTeam/lsf into approval-flash,https://github.com/BCStudentSoftwareDevTeam/lsf/commit/7959693ac52c40aaa6f80bc97c9ada79846c04e5
lsf,59fa57a62de5a9b7a1833ea42481f62a1fab2926,JohnCox2211,User,JohnCox2211,2025-11-04T20:48:18Z,Merge branch 'development' of https://github.com/BCStudentSoftwareDevTeam/lsf into dynamic-search-supervisor-portal,https://github.com/BCStudentSoftwareDevTeam/lsf/commit/59fa57a62de5a9b7a1833ea42481f62a1fab2926
lsf,790225cc9f3628ed18a7ec8ae4ea3d35cae590ad,JohnCox2211,User,JohnCox2211,2025-11-04T20:26:14Z,"added adjustment status to the student labor
history page",https://github.com/BCStudentSoftwareDevTeam/lsf/commit/790225cc9f3628ed18a7ec8ae4ea3d35cae590ad
lsf,c3bbf4d6c22165b92b53fe11298fe437cb61e80c,JohnCox2211,User,JohnCox2211,2025-11-04T20:22:54Z,added adjusted status display on portal page,https://github.com/BCStudentSoftwareDevTeam/lsf/commit/c3bbf4d6c22165b92b53fe11298fe437cb61e80c
lsf,cfa014dd4e76a435885ec0d12ac43689061024ed,JohnCox2211,User,JohnCox2211,2025-11-04T20:15:27Z,"New fix for displaying different student statuses
when sorting by original on the portal page.",https://github.com/BCStudentSoftwareDevTeam/lsf/commit/cfa014dd4e76a435885ec0d12ac43689061024ed
lsf,8122b88df68f559e631ad5726830a1238ca01a7c,MImran2002,User,MImran2002,2025-11-03T23:31:49Z,Merge branch 'development' of https://github.com/BCStudentSoftwareDevTeam/lsf into laborReleaseFormAdmin,https://github.com/BCStudentSoftwareDevTeam/lsf/commit/8122b88df68f559e631ad5726830a1238ca01a7c
lsf,6c7bcdd206ca2f1437375deb52cb64398c126487,JohnCox2211,User,JohnCox2211,2025-11-03T21:18:28Z,removed debug prints,https://github.com/BCStudentSoftwareDevTeam/lsf/commit/6c7bcdd206ca2f1437375deb52cb64398c126487
lsf,1a9f9f73ea06a34d8e35229a9e27bfb1988c0a22,JohnCox2211,User,JohnCox2211,2025-10-29T22:17:08Z,"student statuses now show release and overload
status when the filter is 'original'",https://github.com/BCStudentSoftwareDevTeam/lsf/commit/1a9f9f73ea06a34d8e35229a9e27bfb1988c0a22
lsf,7e60541e6cfcdcecb5334b8fd310c2a170cb4a9e,JohnCox2211,User,JohnCox2211,2025-10-29T19:27:10Z,Merge branch 'development' of https://github.com/BCStudentSoftwareDevTeam/lsf into labor-history-status,https://github.com/BCStudentSoftwareDevTeam/lsf/commit/7e60541e6cfcdcecb5334b8fd310c2a170cb4a9e
lsf,7e7b765a49d7f0cdebf61ed4da1560793bbda48a,JohnCox2211,User,JohnCox2211,2025-10-29T19:25:16Z,Merge branch 'development' of https://github.com/BCStudentSoftwareDevTeam/lsf into administrator-remove-fix,https://github.com/BCStudentSoftwareDevTeam/lsf/commit/7e7b765a49d7f0cdebf61ed4da1560793bbda48a
lsf,448ed0f402c0ef394c40f58c16b79890b87f8599,JohnCox2211,User,JohnCox2211,2025-10-23T21:33:09Z,removed print.........,https://github.com/BCStudentSoftwareDevTeam/lsf/commit/448ed0f402c0ef394c40f58c16b79890b87f8599
lsf,f4f5a372ba7e52b50d580a39665b4d35bdc5e902,JohnCox2211,User,JohnCox2211,2025-10-23T21:32:09Z,"Figured out fin aid admins weren't being added
fixed that..",https://github.com/BCStudentSoftwareDevTeam/lsf/commit/f4f5a372ba7e52b50d580a39665b4d35bdc5e902
lsf,fa34c2e8432af4f4e47abd508617c40078545750,JohnCox2211,User,JohnCox2211,2025-10-23T20:59:07Z,all forms able to be submitted now with refactor,https://github.com/BCStudentSoftwareDevTeam/lsf/commit/fa34c2e8432af4f4e47abd508617c40078545750
lsf,ea0a2b50636b49f05966ac8b3c286f1109c6f52a,JohnCox2211,User,JohnCox2211,2025-10-22T21:42:05Z,"refactored code to remove loop in adminManagement
currently new version only works to add/remove
labor admins",https://github.com/BCStudentSoftwareDevTeam/lsf/commit/ea0a2b50636b49f05966ac8b3c286f1109c6f52a
lsf,eb1b5e65a8481cfa5d245fbc706b4da9859729e9,JohnCox2211,User,JohnCox2211,2025-10-22T18:32:48Z,changed variables to be all camel case,https://github.com/BCStudentSoftwareDevTeam/lsf/commit/eb1b5e65a8481cfa5d245fbc706b4da9859729e9
lsf,07261ec6800a178d346856d4dde47f83a876286e,JohnCox2211,User,JohnCox2211,2025-10-15T22:10:30Z,"resolved most of brian's comments,
figuring out if i can remove the loop from
adminMapping in adminManagement.py",https://github.com/BCStudentSoftwareDevTeam/lsf/commit/07261ec6800a178d346856d4dde47f83a876286e
lsf,8cd7841d8b6d32cd4c05e1900aea1f53e2684769,JohnCox2211,User,JohnCox2211,2025-10-15T19:59:54Z,"correct the replaced logic from my original pr
change is fully implemented",https://github.com/BCStudentSoftwareDevTeam/lsf/commit/8cd7841d8b6d32cd4c05e1900aea1f53e2684769
lsf,a3378b3f9ec1f6de7df65798e3fd0facc17a4337,JohnCox2211,User,JohnCox2211,2025-10-15T19:50:28Z,"modified logic to match new structure of
organizingtest",https://github.com/BCStudentSoftwareDevTeam/lsf/commit/a3378b3f9ec1f6de7df65798e3fd0facc17a4337
lsf,ac3b94e51c5ccb2056c0951981208feebca16ffc,JohnCox2211,User,JohnCox2211,2025-10-15T19:47:24Z,Merge branch 'organizingtest' of https://github.com/BCStudentSoftwareDevTeam/lsf into labor-history-status,https://github.com/BCStudentSoftwareDevTeam/lsf/commit/ac3b94e51c5ccb2056c0951981208feebca16ffc
lsf,addca1a3ff739c91a961ce60f785fdd62aa1468f,JohnCox2211,User,JohnCox2211,2025-10-15T19:27:26Z,changed flash msg logic,https://github.com/BCStudentSoftwareDevTeam/lsf/commit/addca1a3ff739c91a961ce60f785fdd62aa1468f
lsf,bbc73e52a277ba88e7f15b726702ac624c76fae2,ojmakinde,User,ojmakinde,2025-10-15T19:11:04Z,Moved searchSupervisorPortal function,https://github.com/BCStudentSoftwareDevTeam/lsf/commit/bbc73e52a277ba88e7f15b726702ac624c76fae2
lsf,f66ee91549240889a9cbeca39426fb31e51f5504,ojmakinde,User,ojmakinde,2025-10-15T19:06:00Z,Implemented a cleaner approach to cookie fetching and fixed a syntax error,https://github.com/BCStudentSoftwareDevTeam/lsf/commit/f66ee91549240889a9cbeca39426fb31e51f5504
lsf,ad032a148e3a1ad346d611c1eaa6c1756846e734,ojmakinde,User,ojmakinde,2025-10-14T16:16:35Z,"Discovered that the reason why the select options were not loading is because selectpicker.val() only works with an existing option, and doesn't create said option.",https://github.com/BCStudentSoftwareDevTeam/lsf/commit/ad032a148e3a1ad346d611c1eaa6c1756846e734
lsf,6d40a8d641e8d3722b48da90d504053c60431fee,MImran2002,User,MImran2002,2025-10-13T22:23:52Z,remove print statements and change the language of the email template,https://github.com/BCStudentSoftwareDevTeam/lsf/commit/6d40a8d641e8d3722b48da90d504053c60431fee
lsf,877298770940d0071c28b8e808c099de00e2be6a,MImran2002,User,MImran2002,2025-10-10T23:09:14Z,accidently removed base_data.py,https://github.com/BCStudentSoftwareDevTeam/lsf/commit/877298770940d0071c28b8e808c099de00e2be6a
lsf,3b849be4ba78444422cc0d676ef87498befc2142,MImran2002,User,MImran2002,2025-10-10T22:14:39Z,updating the funbciton and scripts,https://github.com/BCStudentSoftwareDevTeam/lsf/commit/3b849be4ba78444422cc0d676ef87498befc2142
lsf,7e8093796f609720493369de58d9ecc6c5d7b2c1,MImran2002,User,MImran2002,2025-10-10T21:57:16Z,Merge branch 'organizingtest' of https://github.com/BCStudentSoftwareDevTeam/lsf into laborReleaseFormAdmin,https://github.com/BCStudentSoftwareDevTeam/lsf/commit/7e8093796f609720493369de58d9ecc6c5d7b2c1
lsf,10bf9b2f382257ba16b9ae414b84308d621973e0,MImran2002,User,MImran2002,2025-10-10T21:48:44Z,almost done the only thing needed is to remove print statements,https://github.com/BCStudentSoftwareDevTeam/lsf/commit/10bf9b2f382257ba16b9ae414b84308d621973e0
lsf,3ea38794497adcee66a714f804058e609c707532,JohnCox2211,User,JohnCox2211,2025-10-08T21:36:36Z,"added flash messag for approval of pending forms
cant test because oracle is mean",https://github.com/BCStudentSoftwareDevTeam/lsf/commit/3ea38794497adcee66a714f804058e609c707532
lsf,04717870cafea3ed3ddbe8231a7f5c251200db7c,JohnCox2211,User,JohnCox2211,2025-09-30T20:54:37Z,Merge branch 'dynamic-search-supervisor-portal' of https://github.com/BCStudentSoftwareDevTeam/lsf into dynamic-search-supervisor-portal,https://github.com/BCStudentSoftwareDevTeam/lsf/commit/04717870cafea3ed3ddbe8231a7f5c251200db7c
lsf,16e4fc63ac0726c243f0f4b18ef565cce477b40f,JohnCox2211,User,JohnCox2211,2025-09-30T20:54:26Z,Merge branch 'organizingtest' of https://github.com/BCStudentSoftwareDevTeam/lsf into dynamic-search-supervisor-portal,https://github.com/BCStudentSoftwareDevTeam/lsf/commit/16e4fc63ac0726c243f0f4b18ef565cce477b40f
lsf,67ee7580009945fbe5e05c462536917bf05e2082,JohnCox2211,User,JohnCox2211,2025-09-30T19:42:59Z,"removed duplicate getUser function, also removed
unused add/remove admin function imports",https://github.com/BCStudentSoftwareDevTeam/lsf/commit/67ee7580009945fbe5e05c462536917bf05e2082
lsf,3d9eff46e29d449a5f86c22d30b094592b4665ac,JohnCox2211,User,JohnCox2211,2025-09-30T19:35:08Z,"You will no longer see a list of students after
removing characters from the search bgox if there
are less than 3 characters, fixing the issue of
being unable to select a student after removing
chars.",https://github.com/BCStudentSoftwareDevTeam/lsf/commit/3d9eff46e29d449a5f86c22d30b094592b4665ac
lsf,cef5ee617aefa45e20c4e8877b404b4ced469885,JohnCox2211,User,JohnCox2211,2025-09-30T19:04:19Z,Merge branch 'organizingtest' of https://github.com/BCStudentSoftwareDevTeam/lsf into administrator-remove-fix,https://github.com/BCStudentSoftwareDevTeam/lsf/commit/cef5ee617aefa45e20c4e8877b404b4ced469885
lsf,4218e74d1ab787cc34e56759eb3c67915c6fc582,Karina-Agliullova,User,web-flow,2025-09-30T15:30:51Z,"Merge pull request #525 from BCStudentSoftwareDevTeam/fix-default-term

Default Term Correction",https://github.com/BCStudentSoftwareDevTeam/lsf/commit/4218e74d1ab787cc34e56759eb3c67915c6fc582
lsf,2970ee1ce52f5bea99c6458a688d2d9a2b8c2730,MImran2002,User,MImran2002,2025-09-29T22:14:26Z,working on the functions,https://github.com/BCStudentSoftwareDevTeam/lsf/commit/2970ee1ce52f5bea99c6458a688d2d9a2b8c2730
lsf,78d0a3e98fb2ab05332d24e407ac5a1f15be5d9b,JohnCox2211,User,JohnCox2211,2025-09-29T21:28:03Z,Merge branch 'organizingtest' of https://github.com/BCStudentSoftwareDevTeam/lsf into labor-history-status,https://github.com/BCStudentSoftwareDevTeam/lsf/commit/78d0a3e98fb2ab05332d24e407ac5a1f15be5d9b
lsf,2963af8767f5263b5dbe69fff56bd951b64aae9b,JohnCox2211,User,JohnCox2211,2025-09-29T21:15:05Z,Merge branch 'organizingtest' of https://github.com/BCStudentSoftwareDevTeam/lsf into administrator-remove-fix,https://github.com/BCStudentSoftwareDevTeam/lsf/commit/2963af8767f5263b5dbe69fff56bd951b64aae9b
lsf,3b5087694c6498859cc35c7d8cb9e6df48fda764,JohnCox2211,User,JohnCox2211,2025-09-29T20:46:17Z,modified if/else chain in main_routes,https://github.com/BCStudentSoftwareDevTeam/lsf/commit/3b5087694c6498859cc35c7d8cb9e6df48fda764
lsf,80d57e9c376b505a6803d34bd087ca7c467bdb28,JohnCox2211,User,JohnCox2211,2025-09-29T20:40:12Z,"updated algorithm for setting display_status in
labor history forms, removing nested loop",https://github.com/BCStudentSoftwareDevTeam/lsf/commit/80d57e9c376b505a6803d34bd087ca7c467bdb28
lsf,c8427d8e03ee58d34fe801af27d3495b61a1ad57,JohnCox2211,User,JohnCox2211,2025-09-29T19:57:37Z,Fixed error uploaded from studentOverloadApp.py,https://github.com/BCStudentSoftwareDevTeam/lsf/commit/c8427d8e03ee58d34fe801af27d3495b61a1ad57
lsf,6e2883b2d5d9449c0fd71b01ff03a5bee87276ed,JohnCox2211,User,JohnCox2211,2025-09-25T21:36:43Z,removed some prints,https://github.com/BCStudentSoftwareDevTeam/lsf/commit/6e2883b2d5d9449c0fd71b01ff03a5bee87276ed
lsf,ddac79f4160a96f64a34e486d51a72fefcedd878,JohnCox2211,User,JohnCox2211,2025-09-25T21:34:16Z,"Display for overload/release seemingly works on
labor history student page now. will test tomorrow
and look for a better way that is not n^2",https://github.com/BCStudentSoftwareDevTeam/lsf/commit/ddac79f4160a96f64a34e486d51a72fefcedd878
lsf,956be68896a55262b3e477a769c299af6d90120b,MImran2002,User,MImran2002,2025-09-23T21:28:25Z,"""just committing""",https://github.com/BCStudentSoftwareDevTeam/lsf/commit/956be68896a55262b3e477a769c299af6d90120b
lsf,0baf2c6b49bf456709c00f46f542a76ad3923949,JohnCox2211,User,JohnCox2211,2025-09-23T21:28:02Z,"added display logic for overload/rlease to student
labor history page, must fix display (overload
property of form seems to always be None)",https://github.com/BCStudentSoftwareDevTeam/lsf/commit/0baf2c6b49bf456709c00f46f542a76ad3923949
lsf,0edf8d1f7ef088d7af1d6c641ca9b04591f7219f,MImran2002,User,MImran2002,2025-09-23T21:18:50Z,working script,https://github.com/BCStudentSoftwareDevTeam/lsf/commit/0edf8d1f7ef088d7af1d6c641ca9b04591f7219f
lsf,e11fe17367f9bcd4524a1816c4897f5bf797490a,JohnCox2211,User,JohnCox2211,2025-09-23T19:23:23Z,added release pending status for supervisor portal,https://github.com/BCStudentSoftwareDevTeam/lsf/commit/e11fe17367f9bcd4524a1816c4897f5bf797490a
lsf,505b3af12fa0489007986a7fb376a0659824f4e1,JohnCox2211,User,JohnCox2211,2025-09-22T21:55:06Z,"Supervisor portal now displays overload status,
released, and approved",https://github.com/BCStudentSoftwareDevTeam/lsf/commit/505b3af12fa0489007986a7fb376a0659824f4e1
lsf,4059b72d8af99a275b3a5e01fe3a165a4dfc0810,MImran2002,User,MImran2002,2025-09-19T20:20:44Z,changes done,https://github.com/BCStudentSoftwareDevTeam/lsf/commit/4059b72d8af99a275b3a5e01fe3a165a4dfc0810
lsf,ec51ee3ee5e9f6c5a14b8aafeded9862f5fe2d6e,MImran2002,User,MImran2002,2025-09-19T20:12:35Z,script is working but needs polished,https://github.com/BCStudentSoftwareDevTeam/lsf/commit/ec51ee3ee5e9f6c5a14b8aafeded9862f5fe2d6e
lsf,78ccc2de6025deac2b50e36e0c68ad04a15ed764,RueHaile,User,RueHaile,2025-09-19T19:54:06Z,"Adding templete, for email.",https://github.com/BCStudentSoftwareDevTeam/lsf/commit/78ccc2de6025deac2b50e36e0c68ad04a15ed764
lsf,d9c4b72ed081f7bc55d5da1038dcca6ec5cac419,JohnCox2211,User,JohnCox2211,2025-09-15T20:38:59Z,"optimzation for python adminManagement code,
will fully test when I get Tracy working",https://github.com/BCStudentSoftwareDevTeam/lsf/commit/d9c4b72ed081f7bc55d5da1038dcca6ec5cac419
lsf,b3a911eb3d039dda648b5e517cf14e2f77bbcf8c,MImran2002,User,MImran2002,2025-09-12T22:17:08Z,working but still email is not sending but the script pass,https://github.com/BCStudentSoftwareDevTeam/lsf/commit/b3a911eb3d039dda648b5e517cf14e2f77bbcf8c
lsf,4558544e1161205fe538c71cd584562519e76020,Ali Ramazani,,Ali Ramazani,2025-09-12T14:16:32Z,Add 'Approve' button in labor history form labor modal,https://github.com/BCStudentSoftwareDevTeam/lsf/commit/4558544e1161205fe538c71cd584562519e76020
lsf,5d36d74dcf71b78da67304407f8f8807a5286c1c,JohnCox2211,User,JohnCox2211,2025-09-11T20:05:35Z,"- removed leading spaces in form IDs
- updated modal IDs and button type
- refactored logic in adminManagement.js to be
more concise and reusable, fixing the issue in
the process.",https://github.com/BCStudentSoftwareDevTeam/lsf/commit/5d36d74dcf71b78da67304407f8f8807a5286c1c
lsf,4900b300b25c30e68b1cedab516afafada7e26d0,JohnCox2211,User,JohnCox2211,2025-09-11T18:16:39Z,"Split up the form in adminManagement.html into
three separate forms, one for each admin type,
to allow for proper removal of each type.",https://github.com/BCStudentSoftwareDevTeam/lsf/commit/4900b300b25c30e68b1cedab516afafada7e26d0
lsf,de094c11dd0b09366d7944ef504993e2635beb15,ojmakinde,User,ojmakinde,2025-09-11T16:33:32Z,Added comments,https://github.com/BCStudentSoftwareDevTeam/lsf/commit/de094c11dd0b09366d7944ef504993e2635beb15
lsf,b6dcc9a08b73b550ab199de62816f0d7705c4e7d,ojmakinde,User,ojmakinde,2025-09-11T16:31:44Z,Created PR template,https://github.com/BCStudentSoftwareDevTeam/lsf/commit/b6dcc9a08b73b550ab199de62816f0d7705c4e7d
lsf,7148b8314b3bb4835340e73c533f5319e33ce468,MImran2002,User,MImran2002,2025-09-10T23:36:07Z,automation script done,https://github.com/BCStudentSoftwareDevTeam/lsf/commit/7148b8314b3bb4835340e73c533f5319e33ce468
lsf,0964f53d1d13f7e9331dfcc747b8863bef20d74a,JohnCox2211,User,JohnCox2211,2025-09-10T20:48:20Z,converted js to jquery for consistency,https://github.com/BCStudentSoftwareDevTeam/lsf/commit/0964f53d1d13f7e9331dfcc747b8863bef20d74a
lsf,33ddf5e59621ab362b4a0eb2c96b86800c35b84a,ojmakinde,User,ojmakinde,2025-09-10T19:31:26Z,Restructured parts of the logic,https://github.com/BCStudentSoftwareDevTeam/lsf/commit/33ddf5e59621ab362b4a0eb2c96b86800c35b84a
lsf,8b689a4d5799c5706f8ebe97168aa1c2125929d1,ojmakinde,User,ojmakinde,2025-09-10T19:08:21Z,Added placeholder to make dynamic search more intuitive,https://github.com/BCStudentSoftwareDevTeam/lsf/commit/8b689a4d5799c5706f8ebe97168aa1c2125929d1
lsf,47bfdbc9010c99cff3c9edd4a342c2b197b7d5f9,ojmakinde,User,ojmakinde,2025-09-10T18:51:25Z,Minor fixes,https://github.com/BCStudentSoftwareDevTeam/lsf/commit/47bfdbc9010c99cff3c9edd4a342c2b197b7d5f9
lsf,a838ce270b5e391d31a4214f7fccd550846d6e49,MImran2002,User,MImran2002,2025-09-08T22:42:17Z,email handler done,https://github.com/BCStudentSoftwareDevTeam/lsf/commit/a838ce270b5e391d31a4214f7fccd550846d6e49
lsf,d10ab6805150f061259968a9e4cf5ed3e46d69e6,MImran2002,User,MImran2002,2025-09-08T22:06:24Z,working on the script,https://github.com/BCStudentSoftwareDevTeam/lsf/commit/d10ab6805150f061259968a9e4cf5ed3e46d69e6
lsf,a7c38572109ff731d9839b29891894f6a9ed0e32,JohnCox2211,User,JohnCox2211,2025-09-08T20:37:21Z,removed empty variables,https://github.com/BCStudentSoftwareDevTeam/lsf/commit/a7c38572109ff731d9839b29891894f6a9ed0e32
lsf,13184a983ad069820a2997054a4e567889eeb200,JohnCox2211,User,JohnCox2211,2025-09-08T20:07:48Z,added autofill of the droplist back to departments,https://github.com/BCStudentSoftwareDevTeam/lsf/commit/13184a983ad069820a2997054a4e567889eeb200
lsf,786cc8e2481de5b3b0c3b796132ecb03baea7c31,JohnCox2211,User,JohnCox2211,2025-09-08T19:39:47Z,Fixed getDepartmentsForSupervisor function,https://github.com/BCStudentSoftwareDevTeam/lsf/commit/786cc8e2481de5b3b0c3b796132ecb03baea7c31
lsf,308f00310d33c64f011c896804eb813d4d24ad34,JohnCox2211,User,JohnCox2211,2025-09-08T19:10:29Z,"cleaned up unused imports and debug comments
added debounce to live search",https://github.com/BCStudentSoftwareDevTeam/lsf/commit/308f00310d33c64f011c896804eb813d4d24ad34
lsf,063b0a36006ad7124a4018babd36e9d361f54afa,ojmakinde,User,ojmakinde,2025-09-05T20:01:20Z,Completely fixed the 'All' display for all cases. Only the debouncing function remains now.,https://github.com/BCStudentSoftwareDevTeam/lsf/commit/063b0a36006ad7124a4018babd36e9d361f54afa
lsf,f1e2583e49710244fe56cced85c16dda28eb0f20,ojmakinde,User,ojmakinde,2025-09-05T19:34:47Z,Fixed bug with the display of 'All Supervisors' option,https://github.com/BCStudentSoftwareDevTeam/lsf/commit/f1e2583e49710244fe56cced85c16dda28eb0f20
lsf,ba441f9e4ba69a73bd264bade55518e22b3906df,ojmakinde,User,ojmakinde,2025-09-05T18:53:41Z,Only valid users can now see 'All Departments',https://github.com/BCStudentSoftwareDevTeam/lsf/commit/ba441f9e4ba69a73bd264bade55518e22b3906df
lsf,fbf8ca403d90768593d6bc64c099672da0f521d3,ojmakinde,User,ojmakinde,2025-09-05T18:35:36Z,Fixed minor bug in queries,https://github.com/BCStudentSoftwareDevTeam/lsf/commit/fbf8ca403d90768593d6bc64c099672da0f521d3
lsf,232b75687be7db637bc18f5a8f2ab67db35e1787,ojmakinde,User,ojmakinde,2025-09-05T18:26:55Z,Implemented searching with multiple names,https://github.com/BCStudentSoftwareDevTeam/lsf/commit/232b75687be7db637bc18f5a8f2ab67db35e1787
lsf,3dd96535e530734fc6fb9c1cefcdf6b05de82c74,ojmakinde,User,ojmakinde,2025-09-05T18:08:08Z,Shortened the query,https://github.com/BCStudentSoftwareDevTeam/lsf/commit/3dd96535e530734fc6fb9c1cefcdf6b05de82c74
lsf,fd43754368dd991bbff3d6ff97513dd931600232,ojmakinde,User,ojmakinde,2025-09-05T17:48:18Z,Deleted old supervisor portal queries,https://github.com/BCStudentSoftwareDevTeam/lsf/commit/fd43754368dd991bbff3d6ff97513dd931600232
lsf,71177a078c2873fe256ef99684f4693d3dc7dbdd,ojmakinde,User,ojmakinde,2025-09-05T16:20:58Z,Extended search functionality to other fields in the Supervisor search,https://github.com/BCStudentSoftwareDevTeam/lsf/commit/71177a078c2873fe256ef99684f4693d3dc7dbdd
lsf,8fac2f4bf51798a048d9f84f7e63658666c889cf,ojmakinde,User,ojmakinde,2025-09-05T15:25:41Z,Minor changes,https://github.com/BCStudentSoftwareDevTeam/lsf/commit/8fac2f4bf51798a048d9f84f7e63658666c889cf
lsf,09ce887ccecaa52ae229bf0beb24fd88b886c16f,ojmakinde,User,ojmakinde,2025-09-05T15:10:03Z,merged functionality of multiple dictionaries,https://github.com/BCStudentSoftwareDevTeam/lsf/commit/09ce887ccecaa52ae229bf0beb24fd88b886c16f
lsf,871ff030c90b8cd64e89e8d011a3ba0214ee4d2e,ojmakinde,User,ojmakinde,2025-09-04T21:23:56Z,Fixed the duplication,https://github.com/BCStudentSoftwareDevTeam/lsf/commit/871ff030c90b8cd64e89e8d011a3ba0214ee4d2e
lsf,c06541a8b7d801da1f764f1de3d4f6b2ebd55453,JohnCox2211,User,JohnCox2211,2025-09-04T20:20:36Z,"Progress with live search for terms, getting
double entries in dropdown",https://github.com/BCStudentSoftwareDevTeam/lsf/commit/c06541a8b7d801da1f764f1de3d4f6b2ebd55453
lsf,a986f8520f339ace3821380c9a6496267ed412ae,JohnCox2211,User,JohnCox2211,2025-09-03T21:03:45Z,"added route for live search -> copied from
adminManagement live search function, added IDs to
the rest of the select divs, added event listeners
for the selects",https://github.com/BCStudentSoftwareDevTeam/lsf/commit/a986f8520f339ace3821380c9a6496267ed412ae
lsf,c418861c1bfb0d351a3fe7b20259fccb4f2ab5c5,JohnCox2211,User,JohnCox2211,2025-09-03T20:47:59Z,"labeled div for term drop search, copied logic
from adminmanagement live search to supervisor
portal to be modified to fit",https://github.com/BCStudentSoftwareDevTeam/lsf/commit/c418861c1bfb0d351a3fe7b20259fccb4f2ab5c5
lsf,affceec46def0fb5d1799d6c5de6bd295dd0f5ce,JohnCox2211,User,JohnCox2211,2025-09-03T20:46:33Z,"Added div label to find dropdowns, copied logic from adminmanagement live search to supervisor portal to be modified to fit",https://github.com/BCStudentSoftwareDevTeam/lsf/commit/affceec46def0fb5d1799d6c5de6bd295dd0f5ce
lsf,312609a9656e0c4fffa756a9cb7ea3aab4c99e5b,JohnCox2211,User,JohnCox2211,2025-09-02T19:12:02Z,Merge branch 'optimize-supervisor-portal' of https://github.com/BCStudentSoftwareDevTeam/lsf into optimize-supervisor-portal,https://github.com/BCStudentSoftwareDevTeam/lsf/commit/312609a9656e0c4fffa756a9cb7ea3aab4c99e5b
lsf,30b0252685b00bdb4b10145e1e400a39d5c981b9,ojmakinde,User,ojmakinde,2025-08-29T19:58:23Z,Micro-optimizations that didn't reduce the number of queries,https://github.com/BCStudentSoftwareDevTeam/lsf/commit/30b0252685b00bdb4b10145e1e400a39d5c981b9
lsf,4f195b16ce13b6b659d2c31de00f84b1a88283c5,ojmakinde,User,ojmakinde,2025-08-29T19:58:23Z,Micro-optimizations that didn't reduce the number of queries,https://github.com/BCStudentSoftwareDevTeam/lsf/commit/4f195b16ce13b6b659d2c31de00f84b1a88283c5
lsf,4281986e1ea55b5fa0209d4d1de5a5577266e5cb,ojmakinde,User,ojmakinde,2025-08-29T18:48:50Z,Optimized departments query,https://github.com/BCStudentSoftwareDevTeam/lsf/commit/4281986e1ea55b5fa0209d4d1de5a5577266e5cb
lsf,3a4f7e0575c7fd3c43f303028fe7b8ad8b3475cc,ojmakinde,User,ojmakinde,2025-08-29T17:43:25Z,"Realized that len() executes the query, but .count() returns the count.",https://github.com/BCStudentSoftwareDevTeam/lsf/commit/3a4f7e0575c7fd3c43f303028fe7b8ad8b3475cc
lsf,56ab3fa40ccdf8366c3a10c71562f64fe66d5b1e,ojmakinde,User,ojmakinde,2025-08-28T21:17:17Z,More micro-optimizations,https://github.com/BCStudentSoftwareDevTeam/lsf/commit/56ab3fa40ccdf8366c3a10c71562f64fe66d5b1e
lsf,1034de3f68f2ff72c8b9d3b38afbf2318245b1bf,ojmakinde,User,ojmakinde,2025-08-28T20:10:56Z,Optimized the Term query to fetch Terms from Term table instead of LaborStatusForms table,https://github.com/BCStudentSoftwareDevTeam/lsf/commit/1034de3f68f2ff72c8b9d3b38afbf2318245b1bf
lsf,a3d3d1c69af846272f6281c9246bd643b12b794d,ojmakinde,User,ojmakinde,2025-08-28T19:30:22Z,Removed another unused query,https://github.com/BCStudentSoftwareDevTeam/lsf/commit/a3d3d1c69af846272f6281c9246bd643b12b794d
lsf,1b21d0d41af3bf41baf0c7819f9cc46ec4ed0e38,ojmakinde,User,ojmakinde,2025-08-28T18:53:15Z,Removed unused query,https://github.com/BCStudentSoftwareDevTeam/lsf/commit/1b21d0d41af3bf41baf0c7819f9cc46ec4ed0e38
lsf,0341ddf767701afa94d73cf0eabe41833d3eef63,ojmakinde,User,ojmakinde,2025-08-22T19:14:41Z,Adjusted + removed pointless tests,https://github.com/BCStudentSoftwareDevTeam/lsf/commit/0341ddf767701afa94d73cf0eabe41833d3eef63
lsf,6484661e161c36bca9bfa57ec122d8839ec55f34,ojmakinde,User,ojmakinde,2025-08-22T15:18:04Z,Implemented logic for default term to match to current real-life term,https://github.com/BCStudentSoftwareDevTeam/lsf/commit/6484661e161c36bca9bfa57ec122d8839ec55f34
lsf,b5786e83290f6e7eecde72de6744406549b9c07e,BesherKitaz,User,BesherKitaz,2025-08-01T15:19:37Z,merging,https://github.com/BCStudentSoftwareDevTeam/lsf/commit/b5786e83290f6e7eecde72de6744406549b9c07e
lsf,49169edd942803af4f6710511c51b09f816f5be9,BesherKitaz,User,BesherKitaz,2025-08-01T15:19:11Z,Changed as request in the PR,https://github.com/BCStudentSoftwareDevTeam/lsf/commit/49169edd942803af4f6710511c51b09f816f5be9
lsf,4e9239bce04779d1b462c30cf93f8fccb642c69c,BesherKitaz,User,BesherKitaz,2025-07-30T17:32:45Z,Solving merge,https://github.com/BCStudentSoftwareDevTeam/lsf/commit/4e9239bce04779d1b462c30cf93f8fccb642c69c
lsf,653655d387884bd4872bb5e7a9ab19f84afeb849,BesherKitaz,User,BesherKitaz,2025-07-30T17:26:13Z,Pulling down remote branch,https://github.com/BCStudentSoftwareDevTeam/lsf/commit/653655d387884bd4872bb5e7a9ab19f84afeb849
lsf,7507a6e104f3f83ab54527a75fadf25c9fddfcf8,BesherKitaz,User,BesherKitaz,2025-07-30T15:48:17Z,Moved some functions based on the most recent feedback on PR,https://github.com/BCStudentSoftwareDevTeam/lsf/commit/7507a6e104f3f83ab54527a75fadf25c9fddfcf8
lsf,e7189a696b49dd2b6008ca838c88c6ab5a6b3c8d,Jsmi8334,User,Jsmi8334,2025-07-29T20:06:06Z,We made a message pop up for if the toggle is selected as denied (requiring a note) also the same for approved. We also updated the JS file so that it blocks the submission if requiered field is not filled.,https://github.com/BCStudentSoftwareDevTeam/lsf/commit/e7189a696b49dd2b6008ca838c88c6ab5a6b3c8d
lsf,a54b56d3e8adc37fb0cb14e66f0234d46c912e38,Jsmi8334,User,Jsmi8334,2025-07-29T17:32:10Z,Creation of required-permissions branch,https://github.com/BCStudentSoftwareDevTeam/lsf/commit/a54b56d3e8adc37fb0cb14e66f0234d46c912e38
lsf,c3d144cd6b009d9ae75e5e3529c58d7d08ab9b2a,Arohasina,User,Arohasina,2025-07-28T18:42:35Z,Fix release form filtering to be per-student,https://github.com/BCStudentSoftwareDevTeam/lsf/commit/c3d144cd6b009d9ae75e5e3529c58d7d08ab9b2a
lsf,65a7858286d5a70f3b62f6c1572d2f4c9325adad,Arohasina,User,Arohasina,2025-07-28T18:09:59Z,fix the tests to match the ORG and ACCOUNT changes,https://github.com/BCStudentSoftwareDevTeam/lsf/commit/65a7858286d5a70f3b62f6c1572d2f4c9325adad
lsf,3958d5b8ea76e700b6b35d6a333f14e2cb14a54a,Arohasina,User,Arohasina,2025-07-28T15:51:15Z,changed labor department to ACCOUNT and ORG,https://github.com/BCStudentSoftwareDevTeam/lsf/commit/3958d5b8ea76e700b6b35d6a333f14e2cb14a54a
lsf,1cce924c870e7d0251f35b9e241105366d54c367,BesherKitaz,User,BesherKitaz,2025-07-28T15:32:48Z,Solving merege conflict,https://github.com/BCStudentSoftwareDevTeam/lsf/commit/1cce924c870e7d0251f35b9e241105366d54c367
lsf,a0634341ba9a2e99b341b9fda41d65afe164ea2c,BesherKitaz,User,BesherKitaz,2025-07-28T15:26:46Z,Now the contact person name shows on the labor form modal,https://github.com/BCStudentSoftwareDevTeam/lsf/commit/a0634341ba9a2e99b341b9fda41d65afe164ea2c
lsf,8c81567b726be4c21e45612d0b4380f95f361d5d,BesherKitaz,User,BesherKitaz,2025-07-22T21:56:05Z,Filtered only labor supervisors (not student labor workers) and made it order list by first name,https://github.com/BCStudentSoftwareDevTeam/lsf/commit/8c81567b726be4c21e45612d0b4380f95f361d5d
lsf,2102b3a188f00bb7b439bd1d219d4e1eacea5437,BesherKitaz,User,BesherKitaz,2025-07-14T21:06:31Z,Made the code more concise in some places,https://github.com/BCStudentSoftwareDevTeam/lsf/commit/2102b3a188f00bb7b439bd1d219d4e1eacea5437
lsf,56c829d33229c1a2031d945a9388ccf844142b7a,Meatchema,User,BesherKitaz,2025-07-10T18:46:01Z,created an Alter table to add a column for the contactPerson_id within the labor release form. We also added to more classes to the labor release form css file to fix the formating of the release form part of the cite.,https://github.com/BCStudentSoftwareDevTeam/lsf/commit/56c829d33229c1a2031d945a9388ccf844142b7a
lsf,5f85b1de45b493ddcd90019d3fd023d97c7219c9,BesherKitaz,User,BesherKitaz,2025-07-09T20:16:52Z,Added a new field to the labor release form for the contact person and connected to the database,https://github.com/BCStudentSoftwareDevTeam/lsf/commit/5f85b1de45b493ddcd90019d3fd023d97c7219c9
lsf,3d071f37ccc1cf44e1de98b949534f222d50f040,Arohasina,User,Arohasina,2025-07-21T13:30:35Z,"added history type filter to the join clause, use direct string comparison, removed commented code.",https://github.com/BCStudentSoftwareDevTeam/lsf/commit/3d071f37ccc1cf44e1de98b949534f222d50f040
lsf,e2993bc7756ad625943968215d1477ba092038a0,jjijon7000,User,jjijon7000,2025-07-18T18:54:54Z,fixed sql file,https://github.com/BCStudentSoftwareDevTeam/lsf/commit/e2993bc7756ad625943968215d1477ba092038a0
lsf,2cae23994f29f4a99b963613a99acd9074bc2a83,jjijon7000,User,jjijon7000,2025-07-18T15:28:43Z,removed all 'approved reluctantly' instances in the code,https://github.com/BCStudentSoftwareDevTeam/lsf/commit/2cae23994f29f4a99b963613a99acd9074bc2a83
lsf,30989ce9666feeeb6fb95ab7ac942474f054eda3,GalinaP7,User,GalinaP7,2025-07-18T13:50:31Z,added history type to join clause in formhistory,https://github.com/BCStudentSoftwareDevTeam/lsf/commit/30989ce9666feeeb6fb95ab7ac942474f054eda3
lsf,0fa6f1122ee7e3924b91dce24b5942579322951c,Arohasina,User,Arohasina,2025-07-17T15:18:21Z,Fixed the error that displayed when clicking one pending forms,https://github.com/BCStudentSoftwareDevTeam/lsf/commit/0fa6f1122ee7e3924b91dce24b5942579322951c
lsf,1ae341211b21e0a877e682ed6761a9a837717dd6,GalinaP7,User,GalinaP7,2025-07-16T19:55:47Z,Tested the changes made to our property in user to exclude released students and include only approved labor status forms,https://github.com/BCStudentSoftwareDevTeam/lsf/commit/1ae341211b21e0a877e682ed6761a9a837717dd6
lsf,dc8aa66026694f7e11105e44557583c682251454,BesherKitaz,User,BesherKitaz,2025-07-14T21:06:31Z,Made the code more concise in some places,https://github.com/BCStudentSoftwareDevTeam/lsf/commit/dc8aa66026694f7e11105e44557583c682251454
lsf,d5c6fe4360842eaa7e6aa20d408d4a9e4d779dc3,BesherKitaz,User,BesherKitaz,2025-07-14T20:24:54Z,Now the search bar is opened and locked whenever the student search page is loaded.,https://github.com/BCStudentSoftwareDevTeam/lsf/commit/d5c6fe4360842eaa7e6aa20d408d4a9e4d779dc3
lsf,ca21863f8432f4f857275d4508848d67e6f67ad8,GalinaP7,User,GalinaP7,2025-07-14T15:42:54Z,Revised sidebar logic to display pending forms for labor dep students.,https://github.com/BCStudentSoftwareDevTeam/lsf/commit/ca21863f8432f4f857275d4508848d67e6f67ad8
lsf,f7e00252f55e9ed2d16adfb51eb545235cfec56a,GalinaP7,User,GalinaP7,2025-07-14T14:54:15Z,Added cache to isLaborDepartmentStudent property,https://github.com/BCStudentSoftwareDevTeam/lsf/commit/f7e00252f55e9ed2d16adfb51eb545235cfec56a
lsf,4fbeb2e0fb842c70dc328d0e4bf9476c55edc68e,GalinaP7,User,GalinaP7,2025-07-14T14:53:19Z,Demo data has been updated,https://github.com/BCStudentSoftwareDevTeam/lsf/commit/4fbeb2e0fb842c70dc328d0e4bf9476c55edc68e
lsf,d661aa8288cf400824aaf156a51b45a9e067ae7a,RueHaile,User,RueHaile,2025-07-11T20:41:12Z,"-Fixed the CSS of the panding form to look exactly like the other tabs.
-Demo data for ""test1""-user was added. The departemt is Labor Department and it is also set to active.
-""test1"" is used in secret_config.yalm.
-Caching is still not completed.",https://github.com/BCStudentSoftwareDevTeam/lsf/commit/d661aa8288cf400824aaf156a51b45a9e067ae7a
lsf,22e269d6aee1a324c50c2df4f0632318fe06a9d7,GalinaP7,User,GalinaP7,2025-07-11T15:51:23Z,Added cache to isLaborDepartmentStudent property and fixed Pending Form to display for student working in labor dep.,https://github.com/BCStudentSoftwareDevTeam/lsf/commit/22e269d6aee1a324c50c2df4f0632318fe06a9d7
lsf,e53401092e31f7f188eaa90dc2261210414ab4c5,GalinaP7,User,GalinaP7,2025-07-11T12:06:23Z,merging local branch into own,https://github.com/BCStudentSoftwareDevTeam/lsf/commit/e53401092e31f7f188eaa90dc2261210414ab4c5
lsf,64c226e39f3593ffec27875d8fc1bd0c0575774b,Meatchema,User,Meatchema,2025-07-10T20:50:23Z,Delete a lot of weird OneNote files and an empty downlaod file,https://github.com/BCStudentSoftwareDevTeam/lsf/commit/64c226e39f3593ffec27875d8fc1bd0c0575774b
lsf,ac2e102c872b69e0dd8d1c6f9add99f1c15cbd54,RueHaile,User,RueHaile,2025-07-10T20:24:08Z,"- Set the labor status of test taker and logged in as that person.
-Added to allpendingform logic that handels the condition of labor dep employed student.",https://github.com/BCStudentSoftwareDevTeam/lsf/commit/ac2e102c872b69e0dd8d1c6f9add99f1c15cbd54
lsf,f7cb2da575ca7ae0901cbf85c0eebf58224c1996,Meatchema,User,Meatchema,2025-07-10T18:46:01Z,created an Alter table to add a column for the contactPerson_id within the labor release form. We also added to more classes to the labor release form css file to fix the formating of the release form part of the cite.,https://github.com/BCStudentSoftwareDevTeam/lsf/commit/f7cb2da575ca7ae0901cbf85c0eebf58224c1996
lsf,2187d43b22b313bd8e701d5d97c2315166d624f6,GalinaP7,User,GalinaP7,2025-07-10T12:37:27Z,merging changes from local partners branch,https://github.com/BCStudentSoftwareDevTeam/lsf/commit/2187d43b22b313bd8e701d5d97c2315166d624f6
lsf,7aed38dd53808447170d30d816153b327573ffd5,RueHaile,User,RueHaile,2025-07-09T20:42:26Z,"-We added a user by the name of test1, who is a Labor Dep employee  and also a student.
-Logged in as test1.
-Added rollback and also manually deleted the dep that were created previously.
-Added a condion in allpendingforms that checks that the currentuser is a student and a labour dep employee.",https://github.com/BCStudentSoftwareDevTeam/lsf/commit/7aed38dd53808447170d30d816153b327573ffd5
lsf,21f4870d335c601043547076cbda8bcd70a88b64,BesherKitaz,User,BesherKitaz,2025-07-09T20:16:52Z,Added a new field to the labor release form for the contact person and connected to the database,https://github.com/BCStudentSoftwareDevTeam/lsf/commit/21f4870d335c601043547076cbda8bcd70a88b64
lsf,d96182fcbfd4736b757dfab4c578b02c44caacd4,RueHaile,User,RueHaile,2025-07-08T06:28:44Z,"- added roolback so that test will only be created temporarly. in test_models.
- In the side bar added a jinja thta is just for students that are labor department employees.
- cleared the data base of previously created departments.
-in the route for all pending forms added an if statment for students that are also Labor dep employees.",https://github.com/BCStudentSoftwareDevTeam/lsf/commit/d96182fcbfd4736b757dfab4c578b02c44caacd4
lsf,c6492377a7b09b9ccaba0a029a8464b4f4459faa,GalinaP7,User,GalinaP7,2025-07-07T00:44:17Z,"Merge branch 'pending-form-errors' of https://github.com/BCStudentSoftwareDevTeam/lsf into pending-form-errors
merge remote branch",https://github.com/BCStudentSoftwareDevTeam/lsf/commit/c6492377a7b09b9ccaba0a029a8464b4f4459faa
lsf,76b1fc17a1ca9c282db637020895b0b3382585bb,BesherKitaz,User,BesherKitaz,2025-07-03T17:54:30Z,Moved most logic functions form routes folders to logic. Resolved all necessary imports.,https://github.com/BCStudentSoftwareDevTeam/lsf/commit/76b1fc17a1ca9c282db637020895b0b3382585bb
lsf,318ddfe89ed74e72edef05d8ecae6b5259d8e87d,BesherKitaz,User,BesherKitaz,2025-07-03T15:59:42Z,Moved allPending logic functions to allPending in logic.,https://github.com/BCStudentSoftwareDevTeam/lsf/commit/318ddfe89ed74e72edef05d8ecae6b5259d8e87d
lsf,61178e1f95119ba6d1049704650f1ebd99ed0388,BesherKitaz,User,BesherKitaz,2025-07-03T15:37:15Z,Fix circular import issue and created departmentPositions file.,https://github.com/BCStudentSoftwareDevTeam/lsf/commit/61178e1f95119ba6d1049704650f1ebd99ed0388
lsf,09e1286b0d9fed8a28483cb6c7c0c24abe672b0c,Meatchema,User,Meatchema,2025-07-03T13:36:55Z,New file studentsFromTracy added to try to  get rid of circular import. It now says it cant import createUser.,https://github.com/BCStudentSoftwareDevTeam/lsf/commit/09e1286b0d9fed8a28483cb6c7c0c24abe672b0c
lsf,cc3fa0c4d183a42c7e1e4ef9e8b59c02a3745820,RueHaile,User,RueHaile,2025-07-02T20:42:03Z,"1. manually delete the list of departments
2. format the test in the test_student evaluation style
3. make it case sensetive",https://github.com/BCStudentSoftwareDevTeam/lsf/commit/cc3fa0c4d183a42c7e1e4ef9e8b59c02a3745820
lsf,576f1cfe4aca1be5b0cbdbf28cbab57dcf8b9e94,RueHaile,User,RueHaile,2025-07-02T20:32:00Z,"Added:
-Test cases for case_sensetivity and also for spelling errors that passded.
- Department name case sensetive implemented.
Still need :
1. manually delete the list of departments currently created from the Data base.
2. Format the test in the test_student evaluation style.",https://github.com/BCStudentSoftwareDevTeam/lsf/commit/576f1cfe4aca1be5b0cbdbf28cbab57dcf8b9e94
lsf,d47a205235d933532e3045a68ca4e8e360c5b32f,BesherKitaz,User,BesherKitaz,2025-07-02T20:02:17Z,Fixed some files and reorganized some. There is a circular import issue though.,https://github.com/BCStudentSoftwareDevTeam/lsf/commit/d47a205235d933532e3045a68ca4e8e360c5b32f
lsf,79278fc23d519ad308b1d4fd67b42d29010e4b13,RueHaile,User,RueHaile,2025-07-02T15:37:25Z,"Merge branch 'pending-form-errors' of https://github.com/BCStudentSoftwareDevTeam/lsf into pending-form-errors
merging branch",https://github.com/BCStudentSoftwareDevTeam/lsf/commit/79278fc23d519ad308b1d4fd67b42d29010e4b13
lsf,4f008373cc420b7c1c313e51abf5775a7fa0f6e6,GalinaP7,User,GalinaP7,2025-07-02T15:35:22Z,"Merge branch 'development' of https://github.com/BCStudentSoftwareDevTeam/lsf into pending-form-errors

needs merge",https://github.com/BCStudentSoftwareDevTeam/lsf/commit/4f008373cc420b7c1c313e51abf5775a7fa0f6e6
lsf,523f8554e7e47470c073694025f2bbb65c14d7e5,GalinaP7,User,GalinaP7,2025-07-02T15:33:11Z,created a laborDepartmentStudent property and tested it,https://github.com/BCStudentSoftwareDevTeam/lsf/commit/523f8554e7e47470c073694025f2bbb65c14d7e5
lsf,925b1a7d845ed674eab28b7c8e5ba023e492604f,Meatchema,User,Meatchema,2025-07-01T20:59:05Z,We have put the getuser function and the flashmessage into one file in logic. we also did that for check adjustment and SaveStatus.,https://github.com/BCStudentSoftwareDevTeam/lsf/commit/925b1a7d845ed674eab28b7c8e5ba023e492604f
lsf,3d5a7acd0796670079e22e102fdef6262ffc7313,Meatchema,User,Meatchema,2025-07-01T18:46:31Z,Started moving files,https://github.com/BCStudentSoftwareDevTeam/lsf/commit/3d5a7acd0796670079e22e102fdef6262ffc7313
lsf,6dea9e929d936b29a8681e78a28a691123131062,RueHaile,User,RueHaile,2025-06-30T14:09:00Z,"Merge branch 'development' of https://github.com/BCStudentSoftwareDevTeam/lsf into pending-form-errors
merge development into branch",https://github.com/BCStudentSoftwareDevTeam/lsf/commit/6dea9e929d936b29a8681e78a28a691123131062
lsf,d971213b00863f3296210a7cc9a70c3bf7585615,GalinaP7,User,GalinaP7,2025-06-30T13:43:58Z,Added laborDepartmentStudent property to the user Model,https://github.com/BCStudentSoftwareDevTeam/lsf/commit/d971213b00863f3296210a7cc9a70c3bf7585615
lsf,ef016ecc9f5ba4d0d1aba577487f753b87d2732d,mathew2005,User,mathew2005,2025-06-26T19:22:08Z,changed from importing everything to importing only load_config,https://github.com/BCStudentSoftwareDevTeam/lsf/commit/ef016ecc9f5ba4d0d1aba577487f753b87d2732d
lsf,4047b6c222c9cfc4e46a8cab0d50ae08711871a5,GalinaP7,User,GalinaP7,2025-06-26T18:46:15Z,disabled the download button when no data in table,https://github.com/BCStudentSoftwareDevTeam/lsf/commit/4047b6c222c9cfc4e46a8cab0d50ae08711871a5
lsf,d6ce5dddb3a8fd4218375a4520b800f582dacfea,mathew2005,User,mathew2005,2025-06-26T18:20:32Z,Merge branch '482-contributors-footer' of https://github.com/BCStudentSoftwareDevTeam/lsf into 482-contributors-footer,https://github.com/BCStudentSoftwareDevTeam/lsf/commit/d6ce5dddb3a8fd4218375a4520b800f582dacfea
lsf,fc265f3710a5f621af2f3ef35bf31e403dae3c36,mathew2005,User,mathew2005,2025-06-26T18:10:20Z,Imported load_config function from loadConfig.py to contributors.py. Also removed unecessary duplicate absolute_path.py as getAbsolutePath is already defined in loadConfig.py,https://github.com/BCStudentSoftwareDevTeam/lsf/commit/fc265f3710a5f621af2f3ef35bf31e403dae3c36
lsf,385adf82c56c23d85b596b4f44d1cf95f030ac50,mathew2005,User,mathew2005,2025-06-26T18:10:20Z,Imported  function from  to . Also removed unecessary duplicate  as  is already defined in,https://github.com/BCStudentSoftwareDevTeam/lsf/commit/385adf82c56c23d85b596b4f44d1cf95f030ac50
lsf,db3fbaccd0025cbda0999a904e1b8f4780cea076,GalinaP7,User,GalinaP7,2025-06-26T14:39:42Z,changed name of function from disabling to update button because it can also enable,https://github.com/BCStudentSoftwareDevTeam/lsf/commit/db3fbaccd0025cbda0999a904e1b8f4780cea076
lsf,c23ea50976ccf550dafe2a5ceba4aee402547633,jjijon7000,User,jjijon7000,2025-06-25T18:59:47Z,improved the ui of the pending labor status forms based on the github issue desc,https://github.com/BCStudentSoftwareDevTeam/lsf/commit/c23ea50976ccf550dafe2a5ceba4aee402547633
lsf,5ab93994be14d3ffc285af789087c30df46762bc,GalinaP7,User,GalinaP7,2025-06-25T18:56:04Z,fixed the download button to not be clickable when the Supervisor Portal returns no results for both simple and advanced view,https://github.com/BCStudentSoftwareDevTeam/lsf/commit/5ab93994be14d3ffc285af789087c30df46762bc
lsf,fa4fea4971866506588ef4ebbec7bd0073615370,WackyWeaver,User,WackyWeaver,2025-05-02T16:25:31Z,added recent contributors and fixed dependancy error,https://github.com/BCStudentSoftwareDevTeam/lsf/commit/fa4fea4971866506588ef4ebbec7bd0073615370
lsf,8c7cd7d676cd7d5485a7056747a23ec98c803756,WackyWeaver,User,web-flow,2025-04-30T20:55:13Z,"Merge pull request #477 from BCStudentSoftwareDevTeam/Simple-View-Update

Simple View Update: Student Focused",https://github.com/BCStudentSoftwareDevTeam/lsf/commit/8c7cd7d676cd7d5485a7056747a23ec98c803756
lsf,6cb443b914d8626957cbd6459a6ab8cc8b34f3df,WackyWeaver,User,web-flow,2025-04-30T20:53:01Z,Merge branch 'development' into Simple-View-Update,https://github.com/BCStudentSoftwareDevTeam/lsf/commit/6cb443b914d8626957cbd6459a6ab8cc8b34f3df
lsf,f06bde88c77cf3e0f6865c432ee31c9442cd010d,WackyWeaver,User,WackyWeaver,2025-04-30T20:52:02Z,fixed ordering issue,https://github.com/BCStudentSoftwareDevTeam/lsf/commit/f06bde88c77cf3e0f6865c432ee31c9442cd010d
lsf,55cd071b68d7a06ed96a3e7505e1d04c183f00bb,WackyWeaver,User,WackyWeaver,2025-04-29T18:41:36Z,removed small mistake & print statement,https://github.com/BCStudentSoftwareDevTeam/lsf/commit/55cd071b68d7a06ed96a3e7505e1d04c183f00bb
lsf,570fad99c29a048993ca4957de7177d5d46e8c5e,WackyWeaver,User,WackyWeaver,2025-04-28T18:25:42Z,added the order_by to simple view,https://github.com/BCStudentSoftwareDevTeam/lsf/commit/570fad99c29a048993ca4957de7177d5d46e8c5e
lsf,558ccd0966cbf1818c828937ee15ea8f24cef255,ojmakinde,User,ojmakinde,2025-04-26T04:24:38Z,More changes,https://github.com/BCStudentSoftwareDevTeam/lsf/commit/558ccd0966cbf1818c828937ee15ea8f24cef255
lsf,44c50bb62a27c32b1a309fa17b64d79a3fc294ed,ojmakinde,User,ojmakinde,2025-04-26T04:21:01Z,Final changes. Cookies now implemented.,https://github.com/BCStudentSoftwareDevTeam/lsf/commit/44c50bb62a27c32b1a309fa17b64d79a3fc294ed
lsf,6472d5cf0a97fb6649130180de0854b17daff494,ojmakinde,User,ojmakinde,2025-04-25T23:17:59Z,Cookies now functional on main_routes.py. Will implement in allPending,https://github.com/BCStudentSoftwareDevTeam/lsf/commit/6472d5cf0a97fb6649130180de0854b17daff494
lsf,ac035f89bf77be51cae79f51e1c08a26061151eb,ojmakinde,User,ojmakinde,2025-04-25T22:09:16Z,Added some error handling. Still need to figure out the cookie situation.,https://github.com/BCStudentSoftwareDevTeam/lsf/commit/ac035f89bf77be51cae79f51e1c08a26061151eb
lsf,0134e96e927c9d08832041e8ab1d72c93cca964c,ojmakinde,User,ojmakinde,2025-04-24T16:37:35Z,Updated the CSVMaker by adding the additionalSpreadsheetFields param and updating allPending to remove downloadType. Need to also remove it from the main page as well,https://github.com/BCStudentSoftwareDevTeam/lsf/commit/0134e96e927c9d08832041e8ab1d72c93cca964c
lsf,19987e5809d01c9af9d6efdd3bc7d847b7962805,ojmakinde,User,ojmakinde,2025-04-21T19:09:53Z,"Started session separation for main_routes.py, running into some errors with session separation and sessions that don't exist.",https://github.com/BCStudentSoftwareDevTeam/lsf/commit/19987e5809d01c9af9d6efdd3bc7d847b7962805
lsf,b8d12b4ef70c0aeca580fd09d8d964355c99778b,ojmakinde,User,ojmakinde,2025-04-18T17:01:25Z,Removed global variables.,https://github.com/BCStudentSoftwareDevTeam/lsf/commit/b8d12b4ef70c0aeca580fd09d8d964355c99778b
lsf,d0eacad9c2b8fc043dd6cf4141a696164a4e502d,ojmakinde,User,ojmakinde,2025-04-18T16:41:57Z,Basic 'All Pending Forms' download on Admin Page now work. Session correctly implemented on Admin Page. Need to finish out Pending download and remove use of global vars in the rest of the app.,https://github.com/BCStudentSoftwareDevTeam/lsf/commit/d0eacad9c2b8fc043dd6cf4141a696164a4e502d
lsf,52ae60398885ede2a2074db1a48b81dac42eb87b,ojmakinde,User,ojmakinde,2025-04-17T20:27:53Z,Downloads on Supervisor Portal now work. Currently trying to implement correct Pending Forms download.,https://github.com/BCStudentSoftwareDevTeam/lsf/commit/52ae60398885ede2a2074db1a48b81dac42eb87b
lsf,041bc67cbf86a26ec47cab726c6c1244afa48e57,WackyWeaver,User,WackyWeaver,2025-04-16T19:52:05Z,fixed downloads for supervisor portal and started generalizing forms for pending,https://github.com/BCStudentSoftwareDevTeam/lsf/commit/041bc67cbf86a26ec47cab726c6c1244afa48e57
lsf,e45a076054f3158b6e751b1572e76e58f200b6d0,ojmakinde,User,ojmakinde,2025-04-14T21:15:23Z,Additional steps towards realization of the conditional logic,https://github.com/BCStudentSoftwareDevTeam/lsf/commit/e45a076054f3158b6e751b1572e76e58f200b6d0
lsf,6a44fed839b8fd2609718dc867f218948370aea1,WackyWeaver,User,WackyWeaver,2025-04-14T19:46:35Z,added troubleshooting print statements,https://github.com/BCStudentSoftwareDevTeam/lsf/commit/6a44fed839b8fd2609718dc867f218948370aea1
lsf,ddcfc105fc7932f84d80f1d1f81ce465b9688c1b,ojmakinde,User,ojmakinde,2025-04-11T20:18:19Z,Slight bug fix,https://github.com/BCStudentSoftwareDevTeam/lsf/commit/ddcfc105fc7932f84d80f1d1f81ce465b9688c1b
lsf,07e3733ebf822dc531e976bfff22e0d52a7ab847,ojmakinde,User,ojmakinde,2025-04-11T19:51:17Z,Slight refactor of implemented logic,https://github.com/BCStudentSoftwareDevTeam/lsf/commit/07e3733ebf822dc531e976bfff22e0d52a7ab847
lsf,10d4aa024f68cc078341bbf59fe53119beb18cf7,WackyWeaver,User,WackyWeaver,2025-04-11T18:26:56Z,got the lastest form to showup in the dictionary,https://github.com/BCStudentSoftwareDevTeam/lsf/commit/10d4aa024f68cc078341bbf59fe53119beb18cf7
lsf,b3f356c8ce69fe168fa0ea0b840a7bdc53a21dcd,WackyWeaver,User,WackyWeaver,2025-04-11T15:48:08Z,restricted simple view forms to first instance of student ID,https://github.com/BCStudentSoftwareDevTeam/lsf/commit/b3f356c8ce69fe168fa0ea0b840a7bdc53a21dcd
lsf,04f0e72bab0e43a84fa2f1d40bb4c47d11fabdab,ojmakinde,User,ojmakinde,2025-04-11T02:05:12Z,Implementation comments,https://github.com/BCStudentSoftwareDevTeam/lsf/commit/04f0e72bab0e43a84fa2f1d40bb4c47d11fabdab
lsf,385debb507923bfec50c7f52ea0f8493bbc5523a,Karina-Agliullova,User,Karina-Agliullova,2025-04-01T18:09:24Z,Fixed text,https://github.com/BCStudentSoftwareDevTeam/lsf/commit/385debb507923bfec50c7f52ea0f8493bbc5523a
lsf,0fa0579e52197b29bed33d4cd0689aab3eae016f,ojmakinde,User,ojmakinde,2025-03-28T19:07:15Z,Added my user account in demo_data,https://github.com/BCStudentSoftwareDevTeam/lsf/commit/0fa0579e52197b29bed33d4cd0689aab3eae016f
lsf,6485d9c65bb7a24d22c436c6b36d612449363b22,ojmakinde,User,ojmakinde,2025-03-28T18:59:09Z,Updated the reset database command to use required args,https://github.com/BCStudentSoftwareDevTeam/lsf/commit/6485d9c65bb7a24d22c436c6b36d612449363b22
lsf,1fce2307a7bd918da473c27ee19bf8741b53dd5d,Karina-Agliullova,User,Karina-Agliullova,2025-02-20T22:19:37Z,Checkbox style change,https://github.com/BCStudentSoftwareDevTeam/lsf/commit/1fce2307a7bd918da473c27ee19bf8741b53dd5d
lsf,09955a47e7e1c6b7b7b8c0c8a0402f648b60ad71,Karina-Agliullova,User,Karina-Agliullova,2025-02-18T16:09:42Z,"Updated the emailtemplate, fixed the alternative page for work contract with checkbox",https://github.com/BCStudentSoftwareDevTeam/lsf/commit/09955a47e7e1c6b7b7b8c0c8a0402f648b60ad71
lsf,6630a3a63fa6631013dfb076b6ea72ba493efe60,Karina-Agliullova,User,Karina-Agliullova,2025-02-17T15:35:09Z,Added checkbox to a separate route,https://github.com/BCStudentSoftwareDevTeam/lsf/commit/6630a3a63fa6631013dfb076b6ea72ba493efe60
lsf,a2b965a03fb36a1b7009262d6c247db0382047b4,Karina-Agliullova,User,Karina-Agliullova,2025-02-13T21:22:56Z,Refreshing the New LSF page to stop creating duplicates,https://github.com/BCStudentSoftwareDevTeam/lsf/commit/a2b965a03fb36a1b7009262d6c247db0382047b4
lsf,b6b4d52407bd83212d34373295186ffbbb1d9f4c,Karina-Agliullova,User,web-flow,2025-02-12T16:04:18Z,"Merge pull request #469 from BCStudentSoftwareDevTeam/production

Production back into development after release",https://github.com/BCStudentSoftwareDevTeam/lsf/commit/b6b4d52407bd83212d34373295186ffbbb1d9f4c
lsf,07dc97b4e3d8adabd163e533541b2764b13f5778,Karina-Agliullova,User,Karina-Agliullova,2025-02-10T16:48:39Z,"Emails work well with correct language, tabs work well, confirmation page displays labor form details",https://github.com/BCStudentSoftwareDevTeam/lsf/commit/07dc97b4e3d8adabd163e533541b2764b13f5778
lsf,11df6cc755a62bc281548879e45a48ec63ca0d9a,Karina-Agliullova,User,Karina-Agliullova,2025-02-04T22:54:11Z,"Added new functions, columns, fixed issues, need to implement proper functions",https://github.com/BCStudentSoftwareDevTeam/lsf/commit/11df6cc755a62bc281548879e45a48ec63ca0d9a
lsf,6de1a916877d3ee8ed8f57bfb4b25dc25645a2fd,Karina-Agliullova,User,Karina-Agliullova,2025-01-29T21:56:53Z,"Finally fixed the uuid issue in db, added tab, email working",https://github.com/BCStudentSoftwareDevTeam/lsf/commit/6de1a916877d3ee8ed8f57bfb4b25dc25645a2fd
lsf,6554df513f6ffb831c4282ec59aaa6609ab24004,Karina-Agliullova,User,Karina-Agliullova,2025-01-09T16:00:57Z,removed code that breaks all pending forms page,https://github.com/BCStudentSoftwareDevTeam/lsf/commit/6554df513f6ffb831c4282ec59aaa6609ab24004
lsf,d7a0ca0de3dada3c8867db776adc9ba8e2ec1e23,Karina-Agliullova,User,Karina-Agliullova,2025-01-09T14:03:16Z,Copied changes from previous branch plus new files created for student response and modified code,https://github.com/BCStudentSoftwareDevTeam/lsf/commit/d7a0ca0de3dada3c8867db776adc9ba8e2ec1e23
lsf,9b06346d646c3fd8855c64c44f494084baa0c177,bledsoef,User,bledsoef,2024-11-22T20:18:52Z,renamed the labor history to form history as it does not actually show the labor history,https://github.com/BCStudentSoftwareDevTeam/lsf/commit/9b06346d646c3fd8855c64c44f494084baa0c177
lsf,9ad26cd5b3f5d289ad20543cf34eb3b59dd46a49,bledsoef,User,bledsoef,2024-11-22T20:10:06Z,fixed links to labor history and form history,https://github.com/BCStudentSoftwareDevTeam/lsf/commit/9ad26cd5b3f5d289ad20543cf34eb3b59dd46a49
lsf,16ef1978c5d5c48f5b863324f0cab0bf7b3f853c,bledsoef,User,bledsoef,2024-11-19T18:52:39Z,fixed PR commetns,https://github.com/BCStudentSoftwareDevTeam/lsf/commit/16ef1978c5d5c48f5b863324f0cab0bf7b3f853c
lsf,e48bf15b8dbf8805699a7abe5de5d652fa55fcaa,bledsoef,User,web-flow,2024-11-18T20:09:11Z,"Merge pull request #462 from BCStudentSoftwareDevTeam/1321-fix_visibility_students_admin

Add permission for admin students for New Labor Status Form",https://github.com/BCStudentSoftwareDevTeam/lsf/commit/e48bf15b8dbf8805699a7abe5de5d652fa55fcaa
lsf,65d363e60d37e7fb7f2efde67dcd1fe1c16613ca,hoerstl,User,hoerstl,2024-11-18T20:07:56Z,Changed the port mapping back to how it was,https://github.com/BCStudentSoftwareDevTeam/lsf/commit/65d363e60d37e7fb7f2efde67dcd1fe1c16613ca
lsf,c18e91db96f87208fd936adb35a23d736a2af1de,hoerstl,User,hoerstl,2024-11-11T20:42:41Z,Merged some repeated code using more if statements,https://github.com/BCStudentSoftwareDevTeam/lsf/commit/c18e91db96f87208fd936adb35a23d736a2af1de
lsf,04c12793fbc54785ab7b7a91eaac0710a2b1d985,hoerstl,User,hoerstl,2024-11-11T20:42:01Z,Changed the inside port mapping to map to the mysql port correctly,https://github.com/BCStudentSoftwareDevTeam/lsf/commit/04c12793fbc54785ab7b7a91eaac0710a2b1d985
lsf,1a4119bcdce75c8dd563d2b814399e196fb899a0,WackyWeaver,User,WackyWeaver,2024-11-08T20:12:58Z,fixed sorting options display config,https://github.com/BCStudentSoftwareDevTeam/lsf/commit/1a4119bcdce75c8dd563d2b814399e196fb899a0
lsf,56e01a1f1a57e439199f9a2ad39987a385bac67f,WackyWeaver,User,WackyWeaver,2024-11-08T20:05:35Z,Merge branch '441simple_view' of github.com:BCStudentSoftwareDevTeam/lsf into 441simple_view,https://github.com/BCStudentSoftwareDevTeam/lsf/commit/56e01a1f1a57e439199f9a2ad39987a385bac67f
lsf,13d54ee4565a67b1db8bccc1d12c27d0bc475b73,WackyWeaver,User,WackyWeaver,2024-11-08T20:05:13Z,made changes for last review,https://github.com/BCStudentSoftwareDevTeam/lsf/commit/13d54ee4565a67b1db8bccc1d12c27d0bc475b73
lsf,cd151be08408514a4b6be48a9a8d56b890d8975b,bledsoef,User,bledsoef,2024-11-05T20:58:53Z,added a trim to the PR,https://github.com/BCStudentSoftwareDevTeam/lsf/commit/cd151be08408514a4b6be48a9a8d56b890d8975b
lsf,30145d63a105909d8834ce283a409580a6e0f14c,bledsoef,User,bledsoef,2024-11-05T19:07:19Z,Merge branch 'development' of github.com:BCStudentSoftwareDevTeam/lsf into 441simple_view,https://github.com/BCStudentSoftwareDevTeam/lsf/commit/30145d63a105909d8834ce283a409580a6e0f14c
lsf,d330191ca0721ba2810dd6416a0aa3bbde05bdbd,bledsoef,User,bledsoef,2024-11-05T19:00:39Z,resolved pr comments,https://github.com/BCStudentSoftwareDevTeam/lsf/commit/d330191ca0721ba2810dd6416a0aa3bbde05bdbd
lsf,e60a8c4e7630988bef30c8d69612e5262d2d4cab,stevensonmichel,User,stevensonmichel,2024-11-05T16:55:21Z,Add permission for admin students for New Labor Status Form,https://github.com/BCStudentSoftwareDevTeam/lsf/commit/e60a8c4e7630988bef30c8d69612e5262d2d4cab
lsf,e7195bb6944737ee78d85bddd3e3921d03ebec31,bledsoef,User,bledsoef,2024-10-31T18:03:44Z,fixed merge conflicts,https://github.com/BCStudentSoftwareDevTeam/lsf/commit/e7195bb6944737ee78d85bddd3e3921d03ebec31
lsf,be26d3941e81f1a507f9aa88792a3f70dc57cbdb,WackyWeaver,User,WackyWeaver,2024-10-30T19:54:54Z,hid sorting options when no results & removed hrs from possible filter column,https://github.com/BCStudentSoftwareDevTeam/lsf/commit/be26d3941e81f1a507f9aa88792a3f70dc57cbdb
lsf,66f7370b5dfa5e2313a41e6c01bd015b497d49a6,bledsoef,User,bledsoef,2024-10-29T19:08:51Z,fixed da bugs,https://github.com/BCStudentSoftwareDevTeam/lsf/commit/66f7370b5dfa5e2313a41e6c01bd015b497d49a6
lsf,3ffd650f2623a70c2b1b1f28592d7d34b5537ec5,bledsoef,User,bledsoef,2024-10-29T18:53:28Z,Merge branch 'form_search_filters_442' of github.com:BCStudentSoftwareDevTeam/lsf into 441simple_view,https://github.com/BCStudentSoftwareDevTeam/lsf/commit/3ffd650f2623a70c2b1b1f28592d7d34b5537ec5
lsf,f3225762d30c9b273a7a19aedf939690a08658f2,bledsoef,User,bledsoef,2024-10-29T18:52:54Z,Merge branch 'form_search_filters_442' of github.com:BCStudentSoftwareDevTeam/lsf into form_search_filters_442,https://github.com/BCStudentSoftwareDevTeam/lsf/commit/f3225762d30c9b273a7a19aedf939690a08658f2
lsf,121f8fbc3535b3c9ee9d689bfbcc57a93500b5fd,bledsoef,User,bledsoef,2024-10-29T18:52:44Z,fixed pr bugs,https://github.com/BCStudentSoftwareDevTeam/lsf/commit/121f8fbc3535b3c9ee9d689bfbcc57a93500b5fd
lsf,4172ff121ca6c3b00fe6caa9e8f803f8b53b9957,WackyWeaver,User,WackyWeaver,2024-10-29T18:52:25Z,Merge branch 'form_search_filters_442' of github.com:BCStudentSoftwareDevTeam/lsf into form_search_filters_442,https://github.com/BCStudentSoftwareDevTeam/lsf/commit/4172ff121ca6c3b00fe6caa9e8f803f8b53b9957
lsf,9fa81ebded4418cd377a1715820d14457847559f,WackyWeaver,User,WackyWeaver,2024-10-29T18:52:12Z,removed the position title field,https://github.com/BCStudentSoftwareDevTeam/lsf/commit/9fa81ebded4418cd377a1715820d14457847559f
lsf,b2edb10d7f0f15f8a32f9f9416c6c993522d3158,bledsoef,User,bledsoef,2024-10-29T18:51:11Z,fixed merge conflicts,https://github.com/BCStudentSoftwareDevTeam/lsf/commit/b2edb10d7f0f15f8a32f9f9416c6c993522d3158
lsf,112f4aba885558e8cc3baba51c35854d5d06c6c1,bledsoef,User,bledsoef,2024-10-29T18:50:08Z,Merge branch 'form_search_filters_442' of github.com:BCStudentSoftwareDevTeam/lsf into form_search_filters_442,https://github.com/BCStudentSoftwareDevTeam/lsf/commit/112f4aba885558e8cc3baba51c35854d5d06c6c1
lsf,131df7f0caa90e2d1f03af8f682edcceaa1b30e0,bledsoef,User,bledsoef,2024-10-29T18:49:51Z,duplicated logic in the other ps,https://github.com/BCStudentSoftwareDevTeam/lsf/commit/131df7f0caa90e2d1f03af8f682edcceaa1b30e0
lsf,d1db90ae729d7d3ae7fcecef20fd08c50c43051b,bledsoef,User,bledsoef,2024-10-29T18:45:18Z,fixed pr bugs,https://github.com/BCStudentSoftwareDevTeam/lsf/commit/d1db90ae729d7d3ae7fcecef20fd08c50c43051b
lsf,f3d04221bf53db14913fcf5ea1e43220694a5aa0,bledsoef,User,bledsoef,2024-10-29T18:37:10Z,Merge branch 'form_search_filters_442' of github.com:BCStudentSoftwareDevTeam/lsf into 441simple_view,https://github.com/BCStudentSoftwareDevTeam/lsf/commit/f3d04221bf53db14913fcf5ea1e43220694a5aa0
lsf,a0a69cc4db57efaace6b8f405acbdd5c5a12fe99,bledsoef,User,bledsoef,2024-10-29T18:32:21Z,fixed advanced view,https://github.com/BCStudentSoftwareDevTeam/lsf/commit/a0a69cc4db57efaace6b8f405acbdd5c5a12fe99
lsf,05b7d624bbb647a2c6ecb8c47820d3c5f8590d1a,bledsoef,User,bledsoef,2024-10-29T18:27:30Z,fixed pr bugs,https://github.com/BCStudentSoftwareDevTeam/lsf/commit/05b7d624bbb647a2c6ecb8c47820d3c5f8590d1a
lsf,381b5a5dbfbf33dc8fbac046b969fe4a665c6851,bledsoef,User,bledsoef,2024-10-29T18:23:46Z,fixed PR review bugs,https://github.com/BCStudentSoftwareDevTeam/lsf/commit/381b5a5dbfbf33dc8fbac046b969fe4a665c6851
lsf,06f8f763235b5d2c60b3f1604c5446004defc801,WackyWeaver,User,WackyWeaver,2024-10-28T20:42:01Z,started fixing work hours bug,https://github.com/BCStudentSoftwareDevTeam/lsf/commit/06f8f763235b5d2c60b3f1604c5446004defc801
lsf,298a6ebee95b186048b6dcd1b25bec0509f4693d,WackyWeaver,User,WackyWeaver,2024-10-25T18:53:08Z,fixed field picker problem,https://github.com/BCStudentSoftwareDevTeam/lsf/commit/298a6ebee95b186048b6dcd1b25bec0509f4693d
lsf,7e249973c18167dc1f225bf57d4acc2e9b6b1562,bledsoef,User,bledsoef,2024-10-22T20:40:13Z,fixed a sorting bug,https://github.com/BCStudentSoftwareDevTeam/lsf/commit/7e249973c18167dc1f225bf57d4acc2e9b6b1562
lsf,79d63c5ab6f760c8d5b9c7b691e30fc8d0d9e02e,bledsoef,User,bledsoef,2024-10-22T13:33:15Z,fixed dropdowns,https://github.com/BCStudentSoftwareDevTeam/lsf/commit/79d63c5ab6f760c8d5b9c7b691e30fc8d0d9e02e
lsf,85c181b93a46c84b2564b3962cfc0f83bb7e11b0,bledsoef,User,bledsoef,2024-10-22T13:29:50Z,added only approved to my superviseees,https://github.com/BCStudentSoftwareDevTeam/lsf/commit/85c181b93a46c84b2564b3962cfc0f83bb7e11b0
lsf,81ab2c52a7aa63c67c808e1a4f7d3fda1c608574,bledsoef,User,bledsoef,2024-10-21T19:57:18Z,cleaned up all issues with the simple and advanced views,https://github.com/BCStudentSoftwareDevTeam/lsf/commit/81ab2c52a7aa63c67c808e1a4f7d3fda1c608574
lsf,dfb4954f82e84590586e668ce7e869f2f8d0167d,bledsoef,User,bledsoef,2024-10-18T19:02:00Z,got simple view mostly working aside from a few bugs,https://github.com/BCStudentSoftwareDevTeam/lsf/commit/dfb4954f82e84590586e668ce7e869f2f8d0167d
lsf,3a043964ee19f15c0f6a0a57524c968e31fe7e60,bledsoef,User,bledsoef,2024-10-18T18:37:12Z,fixed some styling and a bug that happened on page load,https://github.com/BCStudentSoftwareDevTeam/lsf/commit/3a043964ee19f15c0f6a0a57524c968e31fe7e60
lsf,014a352b410db7e90710e1de10e2caa5465bf44d,bledsoef,User,bledsoef,2024-10-17T20:57:26Z,simple view is buggy but working,https://github.com/BCStudentSoftwareDevTeam/lsf/commit/014a352b410db7e90710e1de10e2caa5465bf44d
lsf,953886a3e5d17d8ab479fa136f9d345c906127d6,bledsoef,User,bledsoef,2024-10-17T20:32:42Z,fixed conflicts,https://github.com/BCStudentSoftwareDevTeam/lsf/commit/953886a3e5d17d8ab479fa136f9d345c906127d6
lsf,589655682330343652e064bd48fe5e34bbc6b1aa,bledsoef,User,bledsoef,2024-10-17T20:31:27Z,fixed some bugs,https://github.com/BCStudentSoftwareDevTeam/lsf/commit/589655682330343652e064bd48fe5e34bbc6b1aa
lsf,e04de24d7cb3a12a025009e43a517269aaf0467e,WackyWeaver,User,WackyWeaver,2024-10-17T20:31:06Z,added row tag,https://github.com/BCStudentSoftwareDevTeam/lsf/commit/e04de24d7cb3a12a025009e43a517269aaf0467e
lsf,0c2b85c6a287821155274e9a300894889b196b40,bledsoef,User,bledsoef,2024-10-17T20:15:34Z,Merge branch '441simple_view' of github.com:BCStudentSoftwareDevTeam/lsf into 441simple_view,https://github.com/BCStudentSoftwareDevTeam/lsf/commit/0c2b85c6a287821155274e9a300894889b196b40
lsf,835ac6511a5f7fd3194b8548fedee257c77b470f,bledsoef,User,bledsoef,2024-10-17T20:15:29Z,added javascript logic for rendering simple view,https://github.com/BCStudentSoftwareDevTeam/lsf/commit/835ac6511a5f7fd3194b8548fedee257c77b470f
lsf,379d64628aaa681e70892bb55c16a5f52de82203,WackyWeaver,User,WackyWeaver,2024-10-17T20:14:44Z,moved simple view formatting into original function,https://github.com/BCStudentSoftwareDevTeam/lsf/commit/379d64628aaa681e70892bb55c16a5f52de82203
lsf,9b6bb92e162d20049ba169c6dcab166a7159afca,bledsoef,User,bledsoef,2024-10-17T18:41:33Z,Merge branch '441simple_view' of github.com:BCStudentSoftwareDevTeam/lsf into 441simple_view,https://github.com/BCStudentSoftwareDevTeam/lsf/commit/9b6bb92e162d20049ba169c6dcab166a7159afca
lsf,e88abbb3afc291b43efc1ee525d268eb64f3a4a1,bledsoef,User,bledsoef,2024-10-17T18:36:11Z,added javascript logic for rendering simple vie,https://github.com/BCStudentSoftwareDevTeam/lsf/commit/e88abbb3afc291b43efc1ee525d268eb64f3a4a1
lsf,a1cee880f08a3ee6797e6b034cff8a0d1d286c67,WackyWeaver,User,WackyWeaver,2024-10-17T18:35:30Z,Merge branch '441simple_view' of github.com:BCStudentSoftwareDevTeam/lsf into 441simple_view,https://github.com/BCStudentSoftwareDevTeam/lsf/commit/a1cee880f08a3ee6797e6b034cff8a0d1d286c67
lsf,66c83a8327e4b12d0907c3f267b5817d8d5b566b,WackyWeaver,User,WackyWeaver,2024-10-17T18:35:12Z,starting format for simple view,https://github.com/BCStudentSoftwareDevTeam/lsf/commit/66c83a8327e4b12d0907c3f267b5817d8d5b566b
lsf,a5d2e5413c77a07aef21444579a3f066000a2212,bledsoef,User,bledsoef,2024-10-17T18:02:28Z,Merge branch 'form_search_filters_442' of github.com:BCStudentSoftwareDevTeam/lsf into 441simple_view,https://github.com/BCStudentSoftwareDevTeam/lsf/commit/a5d2e5413c77a07aef21444579a3f066000a2212
lsf,8610c1f1dda93d676e809309776ed6c42c105596,bledsoef,User,bledsoef,2024-10-17T17:42:36Z,added styling to dropdowns,https://github.com/BCStudentSoftwareDevTeam/lsf/commit/8610c1f1dda93d676e809309776ed6c42c105596
lsf,8ab446dea9c29050ce54a1e28ad0481de6d47a18,WackyWeaver,User,WackyWeaver,2024-10-17T17:32:16Z,initial commit,https://github.com/BCStudentSoftwareDevTeam/lsf/commit/8ab446dea9c29050ce54a1e28ad0481de6d47a18
lsf,f30d4a0823ae59f5d22b2609d6f653660188d722,WackyWeaver,User,WackyWeaver,2024-10-15T19:50:24Z,Merge branch 'form_search_filters_442' of github.com:BCStudentSoftwareDevTeam/lsf into 441simple_view,https://github.com/BCStudentSoftwareDevTeam/lsf/commit/f30d4a0823ae59f5d22b2609d6f653660188d722
lsf,38e770bf91f49b6c5dd2748ac1aaa24ac2a699fe,WackyWeaver,User,WackyWeaver,2024-10-15T19:50:20Z,started reorganizing columns,https://github.com/BCStudentSoftwareDevTeam/lsf/commit/38e770bf91f49b6c5dd2748ac1aaa24ac2a699fe
lsf,51611b3d47cb723da6f0dfe242d86b9a693eb77d,bledsoef,User,bledsoef,2024-10-15T19:31:44Z,made some quality of life changes and fixed a bug,https://github.com/BCStudentSoftwareDevTeam/lsf/commit/51611b3d47cb723da6f0dfe242d86b9a693eb77d
lsf,74c131094676660bd071f30dffe582832798597a,bledsoef,User,bledsoef,2024-10-11T05:48:54Z,fixed sorting by first name,https://github.com/BCStudentSoftwareDevTeam/lsf/commit/74c131094676660bd071f30dffe582832798597a
lsf,67062c0997fe32ec6623e3a10a21c2da3226593c,bledsoef,User,bledsoef,2024-10-11T05:08:47Z,added comments and fixed bugs,https://github.com/BCStudentSoftwareDevTeam/lsf/commit/67062c0997fe32ec6623e3a10a21c2da3226593c
lsf,bf73c30c905ba9c826dd9476eefd73c641d438ed,bledsoef,User,bledsoef,2024-10-11T04:40:58Z,enabled custom sorting,https://github.com/BCStudentSoftwareDevTeam/lsf/commit/bf73c30c905ba9c826dd9476eefd73c641d438ed
lsf,8813556929e171bb97bfe88d59e3dd27fba4bb1f,bledsoef,User,bledsoef,2024-10-11T04:21:08Z,Merge branch 'form_search_filters_442' of github.com:BCStudentSoftwareDevTeam/lsf into form_search_filters_442,https://github.com/BCStudentSoftwareDevTeam/lsf/commit/8813556929e171bb97bfe88d59e3dd27fba4bb1f
lsf,57c2364470fdbc7cee28be6594dc19e6168eff04,bledsoef,User,bledsoef,2024-10-11T04:20:58Z,resolved conflicts,https://github.com/BCStudentSoftwareDevTeam/lsf/commit/57c2364470fdbc7cee28be6594dc19e6168eff04
lsf,9ece02b69fd233ebbe25494b1ef638de48df58cc,WackyWeaver,User,WackyWeaver,2024-10-10T20:31:00Z,ordering Supervisor and Student filters working,https://github.com/BCStudentSoftwareDevTeam/lsf/commit/9ece02b69fd233ebbe25494b1ef638de48df58cc
lsf,b54d2f376008f0ea8e5a0be35b6ab42a0e251789,bledsoef,User,bledsoef,2024-10-10T19:07:22Z,conditional to return either column or field based off of whether the columns have multiple fields or just one,https://github.com/BCStudentSoftwareDevTeam/lsf/commit/b54d2f376008f0ea8e5a0be35b6ab42a0e251789
lsf,73ec130b9443a4076e25d83ad66f4236af400540,bledsoef,User,bledsoef,2024-10-10T18:59:12Z,created button for form search and made ajax send field data,https://github.com/BCStudentSoftwareDevTeam/lsf/commit/73ec130b9443a4076e25d83ad66f4236af400540
lsf,baa2ba5b784d4709eeac0a2063021c84b8729d35,bledsoef,User,bledsoef,2024-10-10T18:42:00Z,Merge branch 'form_search_filters_442' of github.com:BCStudentSoftwareDevTeam/lsf into form_search_filters_442,https://github.com/BCStudentSoftwareDevTeam/lsf/commit/baa2ba5b784d4709eeac0a2063021c84b8729d35
lsf,a8f77e3b5f3e061720e88b8e5eb2e5a107a2ec66,bledsoef,User,bledsoef,2024-10-10T18:41:48Z,removed logs,https://github.com/BCStudentSoftwareDevTeam/lsf/commit/a8f77e3b5f3e061720e88b8e5eb2e5a107a2ec66
lsf,1a33eedf21d83507c93df58ec2253fd9bd5b4471,hoerstl,User,web-flow,2024-10-09T19:16:31Z,"Merge pull request #445 from BCStudentSoftwareDevTeam/refactor_supervisor_portal_ui

Refactor supervisor portal UI",https://github.com/BCStudentSoftwareDevTeam/lsf/commit/1a33eedf21d83507c93df58ec2253fd9bd5b4471
lsf,a97e98fdfc7a80c63cab4fbcf3bebee2126d289e,WackyWeaver,User,WackyWeaver,2024-10-04T20:26:44Z,Merge branch 'form_search_filters_442' of github.com:BCStudentSoftwareDevTeam/lsf into form_search_filters_442,https://github.com/BCStudentSoftwareDevTeam/lsf/commit/a97e98fdfc7a80c63cab4fbcf3bebee2126d289e
lsf,6f88af74f6cac83a70e5c0a27c7b4fdea9a7c0fd,WackyWeaver,User,WackyWeaver,2024-10-04T20:24:52Z,added new sorting map to main routes,https://github.com/BCStudentSoftwareDevTeam/lsf/commit/6f88af74f6cac83a70e5c0a27c7b4fdea9a7c0fd
lsf,f1572c08bc65ad96693e46ef2fecdf4b367ac93e,stevensonmichel,User,web-flow,2024-10-04T19:06:41Z,"Merge pull request #444 from BCStudentSoftwareDevTeam/fix_supervisor_portal_errors

Fix supervisor portal errors",https://github.com/BCStudentSoftwareDevTeam/lsf/commit/f1572c08bc65ad96693e46ef2fecdf4b367ac93e
lsf,60a1fe0d3ad469188b53db5c6b5ba149355cf781,bledsoef,User,bledsoef,2024-10-04T18:44:57Z,made fieldPicker dynamically render based off of columnPicker,https://github.com/BCStudentSoftwareDevTeam/lsf/commit/60a1fe0d3ad469188b53db5c6b5ba149355cf781
lsf,e9990fcd00b00bdc006e5dc5fb073a85b61b34a0,WackyWeaver,User,WackyWeaver,2024-10-03T20:58:24Z,started mapping column dropdown to fields,https://github.com/BCStudentSoftwareDevTeam/lsf/commit/e9990fcd00b00bdc006e5dc5fb073a85b61b34a0
lsf,da6e2a81084f3094719c6ea4012f16d3126efcff,WackyWeaver,User,WackyWeaver,2024-10-03T20:23:00Z,fixed blank department in modal,https://github.com/BCStudentSoftwareDevTeam/lsf/commit/da6e2a81084f3094719c6ea4012f16d3126efcff
lsf,49f37fb58d51030496133684d48d33c518d7f70a,bledsoef,User,bledsoef,2024-10-01T19:27:57Z,setting up dropdowns,https://github.com/BCStudentSoftwareDevTeam/lsf/commit/49f37fb58d51030496133684d48d33c518d7f70a
lsf,b1026d03a64ee0597a423c50065c93bb55e56244,bledsoef,User,bledsoef,2024-10-01T18:44:57Z,got the checkboxes working,https://github.com/BCStudentSoftwareDevTeam/lsf/commit/b1026d03a64ee0597a423c50065c93bb55e56244
lsf,a96795cef53207db57e4ad88b5a4c9c1ba8f2d4a,WackyWeaver,User,WackyWeaver,2024-09-26T21:52:04Z,Created JS maping for the checkbox sorting options,https://github.com/BCStudentSoftwareDevTeam/lsf/commit/a96795cef53207db57e4ad88b5a4c9c1ba8f2d4a
lsf,a155c5ee094ee5f51409942ba507742a416a91be,WackyWeaver,User,WackyWeaver,2024-09-25T20:41:34Z,Removed the unnecessary lines with the document checkboxs,https://github.com/BCStudentSoftwareDevTeam/lsf/commit/a155c5ee094ee5f51409942ba507742a416a91be
lsf,5b3ae67919ceb29ffdf52fb61044b9e286141e9c,WackyWeaver,User,WackyWeaver,2024-09-25T20:39:33Z,Fixed the bug where the the addUser button would be active after first use,https://github.com/BCStudentSoftwareDevTeam/lsf/commit/5b3ae67919ceb29ffdf52fb61044b9e286141e9c
lsf,b7360958b092ff7ee7a069237a88cab47d731427,WackyWeaver,User,WackyWeaver,2024-09-25T20:23:59Z,Added an event listener for the click of the checkboxes and started working to filter first_name || NOT WORKING,https://github.com/BCStudentSoftwareDevTeam/lsf/commit/b7360958b092ff7ee7a069237a88cab47d731427
lsf,2a9278b63ceddaf366836602bd09bb38c6cf52b0,bledsoef,User,bledsoef,2024-09-24T19:39:57Z,made the default value for sort column not be a breaking value,https://github.com/BCStudentSoftwareDevTeam/lsf/commit/2a9278b63ceddaf366836602bd09bb38c6cf52b0
lsf,97a64194b901a93634578c6df9aa85123e8c74f6,bledsoef,User,bledsoef,2024-09-24T19:03:29Z,fixed merge conflicts,https://github.com/BCStudentSoftwareDevTeam/lsf/commit/97a64194b901a93634578c6df9aa85123e8c74f6
lsf,82f68a3b69ac9f325ae6a37f5163d864b98a4845,WackyWeaver,User,WackyWeaver,2024-09-24T18:13:17Z,create a handler for the addUser modal button,https://github.com/BCStudentSoftwareDevTeam/lsf/commit/82f68a3b69ac9f325ae6a37f5163d864b98a4845
lsf,1c9e193ea40a79e9348dc3617a1656ad1a6ba488,bledsoef,User,bledsoef,2024-09-19T21:16:12Z,created checkboxes who's values are sent to the backend on form search,https://github.com/BCStudentSoftwareDevTeam/lsf/commit/1c9e193ea40a79e9348dc3617a1656ad1a6ba488
lsf,3bea77b297fc0a20ae1789cd591b3b393801dfc8,bledsoef,User,bledsoef,2024-09-19T20:02:34Z,updated version of datatables to latest version,https://github.com/BCStudentSoftwareDevTeam/lsf/commit/3bea77b297fc0a20ae1789cd591b3b393801dfc8
lsf,f7bbdaf2effec1481d000ebaaf9c8add5940d5a1,bledsoef,User,bledsoef,2024-09-19T18:34:01Z,changed wording and styling on tooltips,https://github.com/BCStudentSoftwareDevTeam/lsf/commit/f7bbdaf2effec1481d000ebaaf9c8add5940d5a1
lsf,dd2f22b59d80ebb540cddde29ec7b54cbc6ac69a,bledsoef,User,bledsoef,2024-09-19T17:35:16Z,Merge branch 'fix_supervisor_portal_errors' of github.com:BCStudentSoftwareDevTeam/lsf into refactor_supervisor_portal_ui,https://github.com/BCStudentSoftwareDevTeam/lsf/commit/dd2f22b59d80ebb540cddde29ec7b54cbc6ac69a
lsf,fa885c769e87d903b3495fbc9a089b4e4212149c,bledsoef,User,bledsoef,2024-09-19T17:31:39Z,sorting by last name as first name is no longer valid,https://github.com/BCStudentSoftwareDevTeam/lsf/commit/fa885c769e87d903b3495fbc9a089b4e4212149c
lsf,429c988e9b83eb0f6c9c872023260a3b0037786c,WackyWeaver,User,WackyWeaver,2024-09-12T18:41:53Z,switched the placement of position title and number,https://github.com/BCStudentSoftwareDevTeam/lsf/commit/429c988e9b83eb0f6c9c872023260a3b0037786c
lsf,d9166189f11a24ed701c337190134a7399f575a9,WackyWeaver,User,WackyWeaver,2024-09-12T18:06:21Z,Changed download button placement and added B-number to student column of form search,https://github.com/BCStudentSoftwareDevTeam/lsf/commit/d9166189f11a24ed701c337190134a7399f575a9
lsf,a246c70db51cc90b69c0f1c56939e7b52a256d7b,WackyWeaver,,WackyWeaver,2024-09-10T18:22:37Z,removed debug print statments and methods,https://github.com/BCStudentSoftwareDevTeam/lsf/commit/a246c70db51cc90b69c0f1c56939e7b52a256d7b
lsf,799d3a05edb50468e403671199625e1030cda260,bledsoef,User,bledsoef,2024-09-06T05:21:19Z,added tooltips with descriptions of form types and added css to make sure the tooltips looked okay,https://github.com/BCStudentSoftwareDevTeam/lsf/commit/799d3a05edb50468e403671199625e1030cda260
lsf,769fbee5c5940befbb107f365b7b6d8ad650eb87,bledsoef,User,bledsoef,2024-09-06T04:53:32Z,removed page break that was pushing the buttons out of the accordion,https://github.com/BCStudentSoftwareDevTeam/lsf/commit/769fbee5c5940befbb107f365b7b6d8ad650eb87
lsf,59ea5c9b1d1a7587c0207ff0c129068655776dac,bledsoef,User,bledsoef,2024-09-06T04:36:28Z,fixed sorting columns by converting properties to strings,https://github.com/BCStudentSoftwareDevTeam/lsf/commit/59ea5c9b1d1a7587c0207ff0c129068655776dac
lsf,aaa16dcdf66d2f338a8d43f5aa12900f21c30921,bledsoef,User,bledsoef,2024-09-06T04:03:31Z,removed all eval stuff on supervisor portal,https://github.com/BCStudentSoftwareDevTeam/lsf/commit/aaa16dcdf66d2f338a8d43f5aa12900f21c30921
lsf,589052a937121f24a5260f5a454d725d87646c98,bledsoef,User,bledsoef,2024-09-06T04:00:42Z,added prestudent approval to pending forms preset,https://github.com/BCStudentSoftwareDevTeam/lsf/commit/589052a937121f24a5260f5a454d725d87646c98
lsf,270201fc042c228725ba51b6d9f33ee9992bdd55,bledsoef,User,bledsoef,2024-09-06T03:55:44Z,Merge branch 'development' of github.com:BCStudentSoftwareDevTeam/lsf into development,https://github.com/BCStudentSoftwareDevTeam/lsf/commit/270201fc042c228725ba51b6d9f33ee9992bdd55
lsf,5dfe8b4d5101e67467161608b80e60f480c02d24,bledsoef,User,bledsoef,2024-09-06T03:55:07Z,fixed line endings,https://github.com/BCStudentSoftwareDevTeam/lsf/commit/5dfe8b4d5101e67467161608b80e60f480c02d24
lsf,a663fa1fbe31b573aad0c8609e9fbc62881cc3e8,bledsoef,User,bledsoef,2024-08-29T20:17:30Z,converted line endings from LF to CRLF,https://github.com/BCStudentSoftwareDevTeam/lsf/commit/a663fa1fbe31b573aad0c8609e9fbc62881cc3e8
lsf,f935e7cf30b2336607dee0053d6bc53b06518fa9,AndersonStettner,User,AndersonStettner,2024-04-15T17:28:07Z,removed unused env variable,https://github.com/BCStudentSoftwareDevTeam/lsf/commit/f935e7cf30b2336607dee0053d6bc53b06518fa9
lsf,b5a0b53e9a92e2e8bbb2a3323a37793a0ada3153,AndersonStettner,User,AndersonStettner,2024-04-15T17:17:07Z,setup freeTDS for from_backup reset,https://github.com/BCStudentSoftwareDevTeam/lsf/commit/b5a0b53e9a92e2e8bbb2a3323a37793a0ada3153
lsf,b1daef4023077c963899ff9ed1c73abb0eeb2bb2,AndersonStettner,User,AndersonStettner,2024-04-15T15:31:35Z,added package,https://github.com/BCStudentSoftwareDevTeam/lsf/commit/b1daef4023077c963899ff9ed1c73abb0eeb2bb2
lsf,cfa46eace87007418c801fe9eb2f486d25132b79,AndersonStettner,User,AndersonStettner,2024-04-15T15:23:52Z,changed running port for lsf,https://github.com/BCStudentSoftwareDevTeam/lsf/commit/cfa46eace87007418c801fe9eb2f486d25132b79
lsf,228c820b672b49e4bd329aaf2684ebac0306ad6c,AndersonStettner,User,AndersonStettner,2024-04-15T14:58:43Z,working lsf devcontainer,https://github.com/BCStudentSoftwareDevTeam/lsf/commit/228c820b672b49e4bd329aaf2684ebac0306ad6c
lsf,0050c1c332df1284d511428b0daa6e3b13841a66,AndersonStettner,User,AndersonStettner,2024-04-12T20:04:23Z,Containerizing LSF application,https://github.com/BCStudentSoftwareDevTeam/lsf/commit/0050c1c332df1284d511428b0daa6e3b13841a66
lsf,66d085cc5445e54b546edd12a067b4715b415d5c,AndersonStettner,User,web-flow,2024-04-02T18:17:42Z,"Merge pull request #434 from BCStudentSoftwareDevTeam/344-fix-labor-history-ordering

344 fix labor history ordering",https://github.com/BCStudentSoftwareDevTeam/lsf/commit/66d085cc5445e54b546edd12a067b4715b415d5c
lsf,b7891fdaa1e9a0fba6b664129e690b8b3c0fff23,AndersonStettner,User,web-flow,2024-04-02T13:08:28Z,"Merge pull request #430 from BCStudentSoftwareDevTeam/424-Supervisor-Department

424 supervisor department",https://github.com/BCStudentSoftwareDevTeam/lsf/commit/b7891fdaa1e9a0fba6b664129e690b8b3c0fff23
lsf,574deaed4ba13136184b1d6a37fdff2eb04575ee,hoerstl,User,hoerstl,2024-03-21T19:40:28Z,Added proper redirect functionality for the return button on a student's labor history page,https://github.com/BCStudentSoftwareDevTeam/lsf/commit/574deaed4ba13136184b1d6a37fdff2eb04575ee
lsf,5739afb47c68583f1e1c4433840f8f0411727804,AndersonStettner,User,BrianRamsay,2023-11-17T16:34:47Z,PR comment,https://github.com/BCStudentSoftwareDevTeam/lsf/commit/5739afb47c68583f1e1c4433840f8f0411727804
lsf,a741e89834e7376ee19eac6b19e644a311a364a4,AndersonStettner,User,BrianRamsay,2023-11-17T15:59:35Z,From convo with Lawrence,https://github.com/BCStudentSoftwareDevTeam/lsf/commit/a741e89834e7376ee19eac6b19e644a311a364a4
lsf,2f8c923e0e8a735b6e2a846f750adf933fb4124b,AndersonStettner,User,BrianRamsay,2023-11-17T15:41:42Z,resolved pr comments,https://github.com/BCStudentSoftwareDevTeam/lsf/commit/2f8c923e0e8a735b6e2a846f750adf933fb4124b
lsf,8515a3cc1e70b958ef050a146638f1511b0918eb,AndersonStettner,User,BrianRamsay,2023-10-11T18:18:43Z,removed print,https://github.com/BCStudentSoftwareDevTeam/lsf/commit/8515a3cc1e70b958ef050a146638f1511b0918eb
lsf,1e89c36cf82e43525161d4dc343276d05f135016,AndersonStettner,User,BrianRamsay,2023-10-11T18:16:48Z,Query only returns Labor forms now,https://github.com/BCStudentSoftwareDevTeam/lsf/commit/1e89c36cf82e43525161d4dc343276d05f135016
lsf,df5afecd398e0d3628271772d069a23897d179b3,AndersonStettner,User,BrianRamsay,2023-09-26T15:22:27Z,fix package,https://github.com/BCStudentSoftwareDevTeam/lsf/commit/df5afecd398e0d3628271772d069a23897d179b3
lsf,9b7b607115724a4a1c4a7d8d1b07fa7bb68b9bfb,AndersonStettner,User,BrianRamsay,2023-09-20T18:57:10Z,Wrote tests for new endpoint logic function,https://github.com/BCStudentSoftwareDevTeam/lsf/commit/9b7b607115724a4a1c4a7d8d1b07fa7bb68b9bfb
lsf,61e7e89b614bdecce86b7d5152ad1709a3a7c20d,AndersonStettner,User,BrianRamsay,2023-09-20T11:47:42Z,updated requirements,https://github.com/BCStudentSoftwareDevTeam/lsf/commit/61e7e89b614bdecce86b7d5152ad1709a3a7c20d
lsf,ab3543fa183f9f4c7cbc86d366241d8886ca0d02,AndersonStettner,User,BrianRamsay,2023-09-20T11:26:25Z,updated requirements,https://github.com/BCStudentSoftwareDevTeam/lsf/commit/ab3543fa183f9f4c7cbc86d366241d8886ca0d02
lsf,0d33a840df09b5fc15a99aa8f0531dada03335cb,AndersonStettner,User,BrianRamsay,2023-09-19T20:46:19Z,TODO,https://github.com/BCStudentSoftwareDevTeam/lsf/commit/0d33a840df09b5fc15a99aa8f0531dada03335cb
lsf,2a57bf84d72d55322fc0a9bde3c6cca0a74eae50,AndersonStettner,User,BrianRamsay,2023-09-19T19:54:54Z,started test,https://github.com/BCStudentSoftwareDevTeam/lsf/commit/2a57bf84d72d55322fc0a9bde3c6cca0a74eae50
lsf,0774935b67f8ed8c229f4e637fd83f289541180c,AndersonStettner,User,BrianRamsay,2023-09-18T17:15:07Z,removed comment,https://github.com/BCStudentSoftwareDevTeam/lsf/commit/0774935b67f8ed8c229f4e637fd83f289541180c
lsf,4f698c0ba5abf7bc0e7518d235292227d86cc946,AndersonStettner,User,BrianRamsay,2023-09-18T15:55:23Z,Added some authentication for the api calls,https://github.com/BCStudentSoftwareDevTeam/lsf/commit/4f698c0ba5abf7bc0e7518d235292227d86cc946
lsf,41747baae0d33abf4e4db4e7fd1a3b8905232b2d,AndersonStettner,User,BrianRamsay,2023-09-18T14:48:38Z,forgot a file,https://github.com/BCStudentSoftwareDevTeam/lsf/commit/41747baae0d33abf4e4db4e7fd1a3b8905232b2d
lsf,1cf444c96cea64e79ee2db54bc7303455a423eed,AndersonStettner,User,BrianRamsay,2023-09-18T14:48:18Z,Turned the api into a restful api using flask_restful,https://github.com/BCStudentSoftwareDevTeam/lsf/commit/1cf444c96cea64e79ee2db54bc7303455a423eed
lsf,e99ac8fc60190a996f56fc75f55d88a2a1267244,AndersonStettner,User,BrianRamsay,2023-09-15T18:22:00Z,combined the two similar functions into one,https://github.com/BCStudentSoftwareDevTeam/lsf/commit/e99ac8fc60190a996f56fc75f55d88a2a1267244
lsf,b907680dc4b54a08643bdbaf708d0998b2d770e6,AndersonStettner,User,BrianRamsay,2023-09-15T18:10:52Z,added new endpoint and made the api routes into a blueprint,https://github.com/BCStudentSoftwareDevTeam/lsf/commit/b907680dc4b54a08643bdbaf708d0998b2d770e6
lsf,77ae20f576d61409cea5f6542c28fa839b5cadf9,AndersonStettner,User,BrianRamsay,2023-09-15T14:54:32Z,added term name to the returned info,https://github.com/BCStudentSoftwareDevTeam/lsf/commit/77ae20f576d61409cea5f6542c28fa839b5cadf9
lsf,28e70b9677fbee27cccbbf0109232988dddca4e2,AndersonStettner,User,BrianRamsay,2023-08-31T17:26:35Z,return 404 if not valid org code,https://github.com/BCStudentSoftwareDevTeam/lsf/commit/28e70b9677fbee27cccbbf0109232988dddca4e2
lsf,b92cb47b64d46ec5d886fdf0a6de8c391a7a49b7,AndersonStettner,User,BrianRamsay,2023-08-31T13:39:37Z,more formatting,https://github.com/BCStudentSoftwareDevTeam/lsf/commit/b92cb47b64d46ec5d886fdf0a6de8c391a7a49b7
lsf,b5415f5f62a83102739a9daacdd59b15a9b10f1f,AndersonStettner,User,BrianRamsay,2023-08-31T13:37:52Z,formatting,https://github.com/BCStudentSoftwareDevTeam/lsf/commit/b5415f5f62a83102739a9daacdd59b15a9b10f1f
lsf,591ff38f14032dcd65c0b093cd76e5b8d8d6938c,AndersonStettner,User,BrianRamsay,2023-08-31T13:35:42Z,formatting and added start and end date of the labor position,https://github.com/BCStudentSoftwareDevTeam/lsf/commit/591ff38f14032dcd65c0b093cd76e5b8d8d6938c
lsf,3b7a825d8e26a6456dfe227d3fbfff6634abf14c,AndersonStettner,User,BrianRamsay,2023-08-30T15:48:19Z,renamed function,https://github.com/BCStudentSoftwareDevTeam/lsf/commit/3b7a825d8e26a6456dfe227d3fbfff6634abf14c
lsf,b1870935a78c0e0ca3641460b43c0eb431c02037,AndersonStettner,User,BrianRamsay,2023-08-30T15:45:08Z,changed result to dict instead of list,https://github.com/BCStudentSoftwareDevTeam/lsf/commit/b1870935a78c0e0ca3641460b43c0eb431c02037
lsf,4821ae161410fe05bc4856d87a7a4d4789470789,AndersonStettner,User,BrianRamsay,2023-08-30T15:40:17Z,changed result to dict instead of list,https://github.com/BCStudentSoftwareDevTeam/lsf/commit/4821ae161410fe05bc4856d87a7a4d4789470789
lsf,d68ee3e7da78a2f3ec5699deb5fe844882913ca3,AndersonStettner,User,BrianRamsay,2023-08-30T14:16:07Z,renamed variable,https://github.com/BCStudentSoftwareDevTeam/lsf/commit/d68ee3e7da78a2f3ec5699deb5fe844882913ca3
lsf,abac2b6389995423cad34df24b9da1935b2c8832,AndersonStettner,User,BrianRamsay,2023-08-30T14:14:23Z,Reworked the endpoint and renamed funtions,https://github.com/BCStudentSoftwareDevTeam/lsf/commit/abac2b6389995423cad34df24b9da1935b2c8832
lsf,da44fb461b5691fc9ccc64098cc761f25c60985b,AndersonStettner,User,BrianRamsay,2023-08-25T17:08:54Z,added more to select,https://github.com/BCStudentSoftwareDevTeam/lsf/commit/da44fb461b5691fc9ccc64098cc761f25c60985b
lsf,2e2d1d5edfc1662ea28b733f5b0754356411d6cb,AndersonStettner,User,BrianRamsay,2023-08-25T16:47:21Z,added TODO comments,https://github.com/BCStudentSoftwareDevTeam/lsf/commit/2e2d1d5edfc1662ea28b733f5b0754356411d6cb
lsf,47a7ed6bb823580a61bbf53c081f7684ffa96490,AndersonStettner,User,BrianRamsay,2023-08-25T16:42:22Z,Added endpoint for CELTS to hit to get CELTS labor info,https://github.com/BCStudentSoftwareDevTeam/lsf/commit/47a7ed6bb823580a61bbf53c081f7684ffa96490
lsf,bdc33dc92861b4fa078c2c089ab17ca806faed81,hoerstl,User,hoerstl,2024-03-12T21:45:50Z,Added a class that made active departments clickable,https://github.com/BCStudentSoftwareDevTeam/lsf/commit/bdc33dc92861b4fa078c2c089ab17ca806faed81
lsf,003388d3eec95232f910859924d0afd11ec7c198,hoerstl,User,hoerstl,2024-03-12T21:42:11Z,Changed  the getSupervisorsInDepartment function to no longer return a department object we weren't using,https://github.com/BCStudentSoftwareDevTeam/lsf/commit/003388d3eec95232f910859924d0afd11ec7c198
lsf,fc2fcc41000a4979b9e63934ba60229c199acc25,hoerstl,User,hoerstl,2024-02-22T19:24:59Z,Addressed formatting concerns,https://github.com/BCStudentSoftwareDevTeam/lsf/commit/fc2fcc41000a4979b9e63934ba60229c199acc25
lsf,679f41be1f0c5c67a4eabbb853c16ffc04736d04,hoerstl,User,hoerstl,2024-02-22T19:13:34Z,updated docstring for clarity,https://github.com/BCStudentSoftwareDevTeam/lsf/commit/679f41be1f0c5c67a4eabbb853c16ffc04736d04
lsf,a6a3785d51e482006a5d1d38323514357ace55b2,hoerstl,User,hoerstl,2024-02-22T18:59:18Z,Added more meaningful names to created dummy terms,https://github.com/BCStudentSoftwareDevTeam/lsf/commit/a6a3785d51e482006a5d1d38323514357ace55b2
lsf,d87e64e847963f4d6480b5afdd796d4051109062,hoerstl,User,hoerstl,2024-02-20T18:36:00Z,Removed a 'raise error' statement from the debugging process,https://github.com/BCStudentSoftwareDevTeam/lsf/commit/d87e64e847963f4d6480b5afdd796d4051109062
lsf,4fa4679ae3fc689d7d4e3a520c3ae1900c1aea94,andersoncedu,User,andersoncedu,2024-02-09T16:46:27Z,Fixed PR comments,https://github.com/BCStudentSoftwareDevTeam/lsf/commit/4fa4679ae3fc689d7d4e3a520c3ae1900c1aea94
lsf,f98936f9aae87f03eb992a9718496515d30b9067,hoerstl,User,hoerstl,2024-02-06T20:37:15Z,Removed development comments,https://github.com/BCStudentSoftwareDevTeam/lsf/commit/f98936f9aae87f03eb992a9718496515d30b9067
lsf,bdd7802ee86b0504aab7edbf226568191fe5154d,hoerstl,User,hoerstl,2024-02-06T20:33:50Z,Fixed a semantic error with how we were ordering things,https://github.com/BCStudentSoftwareDevTeam/lsf/commit/bdd7802ee86b0504aab7edbf226568191fe5154d
lsf,332ae920b95b5ea262f424579a94c07050864aff,hoerstl,User,hoerstl,2024-02-06T20:14:20Z,Sorted laborhistory forms by term and with ties now broken by job type,https://github.com/BCStudentSoftwareDevTeam/lsf/commit/332ae920b95b5ea262f424579a94c07050864aff
lsf,11b1fa767e7265cb49194dcaf378783dfbc0d47e,doucoureb,User,doucoureb,2024-02-06T21:54:38Z,all test passed,https://github.com/BCStudentSoftwareDevTeam/lsf/commit/11b1fa767e7265cb49194dcaf378783dfbc0d47e
lsf,d2fabbb43bd20772135b80b3ebed8530d7c23c5c,hoerstl,User,hoerstl,2024-02-06T19:12:05Z,modified variable names for consistency,https://github.com/BCStudentSoftwareDevTeam/lsf/commit/d2fabbb43bd20772135b80b3ebed8530d7c23c5c
lsf,2659092c9154220e1c36a9529d420242cb1c4c3f,hoerstl,User,hoerstl,2024-02-06T19:08:50Z,Changed a variable name for consistency,https://github.com/BCStudentSoftwareDevTeam/lsf/commit/2659092c9154220e1c36a9529d420242cb1c4c3f
lsf,b11efac60bea19f8542ac1e122a6a7d7f8e4d878,hoerstl,User,hoerstl,2024-02-06T18:53:22Z,Added a test for our sorting method,https://github.com/BCStudentSoftwareDevTeam/lsf/commit/b11efac60bea19f8542ac1e122a6a7d7f8e4d878
lsf,a90caebc7da1bbf2e8c9aeeb77f3ce9f6145cbc8,hoerstl,User,hoerstl,2024-02-06T14:57:54Z,Fixed how we were passing our formhistories to the term.sort_by_term method,https://github.com/BCStudentSoftwareDevTeam/lsf/commit/a90caebc7da1bbf2e8c9aeeb77f3ce9f6145cbc8
lsf,2fefabaf30e28dbe7feda3c5f70ac620765ac68c,hoerstl,User,hoerstl,2024-02-01T23:24:39Z,Added a comment,https://github.com/BCStudentSoftwareDevTeam/lsf/commit/2fefabaf30e28dbe7feda3c5f70ac620765ac68c
lsf,22098968fab3e684911b1306ed4ec920cc228422,hoerstl,User,hoerstl,2024-02-01T23:24:09Z,Recreated the ordering function inside of the term model.,https://github.com/BCStudentSoftwareDevTeam/lsf/commit/22098968fab3e684911b1306ed4ec920cc228422
lsf,79bbfcd48082774c42ffb5beb26008d5e72bb68c,hoerstl,User,hoerstl,2024-02-01T22:03:40Z,Continued work on the tests. Realized that we're going to need to take a different approach.,https://github.com/BCStudentSoftwareDevTeam/lsf/commit/79bbfcd48082774c42ffb5beb26008d5e72bb68c
lsf,47747904b51e547c91f99450e97ace8af0a42692,andersoncedu,User,andersoncedu,2024-02-01T17:37:13Z,Added anchor with reference to modal.,https://github.com/BCStudentSoftwareDevTeam/lsf/commit/47747904b51e547c91f99450e97ace8af0a42692
lsf,a8d9dd2061f62ab72d014ce81147e3a588054d14,andersoncedu,User,andersoncedu,2024-02-01T17:27:57Z,included inactive departments for supervisor department modal.,https://github.com/BCStudentSoftwareDevTeam/lsf/commit/a8d9dd2061f62ab72d014ce81147e3a588054d14
lsf,b294ebf0bd3de79769101afae43a34826570b0bb,doucoureb,User,doucoureb,2024-01-31T06:00:31Z,creating tests for labor status forms,https://github.com/BCStudentSoftwareDevTeam/lsf/commit/b294ebf0bd3de79769101afae43a34826570b0bb
lsf,ffc11f2720df500e6d7a598841f8a22dbe0c182f,hoerstl,User,hoerstl,2024-01-30T20:59:29Z,Started working on tests,https://github.com/BCStudentSoftwareDevTeam/lsf/commit/ffc11f2720df500e6d7a598841f8a22dbe0c182f
lsf,1a81ea06bea151e8dd6df0c43cac6e69a951f400,hoerstl,User,hoerstl,2024-01-25T23:11:53Z,started working on the tests for the labor history function,https://github.com/BCStudentSoftwareDevTeam/lsf/commit/1a81ea06bea151e8dd6df0c43cac6e69a951f400
lsf,f69b38240f09cd8519ab37f37488eb162372dfb7,hoerstl,User,hoerstl,2024-01-25T18:27:17Z,Abstracted the form history ordering into a static method on the FormHistory class. Needs testing,https://github.com/BCStudentSoftwareDevTeam/lsf/commit/f69b38240f09cd8519ab37f37488eb162372dfb7
lsf,99c164346c946b2608a195330b2c35dee56c7d97,hoerstl,User,hoerstl,2024-01-23T22:51:09Z,Removed some debugging statements and refactored the case statement to work with integers instead,https://github.com/BCStudentSoftwareDevTeam/lsf/commit/99c164346c946b2608a195330b2c35dee56c7d97
lsf,9b93057abaf1e5b2eb6e91bd7d4ef16be23f02ea,hoerstl,User,hoerstl,2024-01-23T20:50:31Z,Finished substring extraction. Still debugging an implicite cast of the code_column to int instead of desired char type.,https://github.com/BCStudentSoftwareDevTeam/lsf/commit/9b93057abaf1e5b2eb6e91bd7d4ef16be23f02ea
lsf,039fb9e6b2c451b93ab31a8ec6303eac0b43546e,hoerstl,User,hoerstl,2024-01-18T23:06:43Z,Worked on creating the ordering values for a termCode,https://github.com/BCStudentSoftwareDevTeam/lsf/commit/039fb9e6b2c451b93ab31a8ec6303eac0b43546e
lsf,25e8bf6855bd1b720ced4116deafeec36b2b3fbb,hoerstl,User,hoerstl,2024-01-18T21:15:54Z,Combined several queries into one to be ordered in future commits.,https://github.com/BCStudentSoftwareDevTeam/lsf/commit/25e8bf6855bd1b720ced4116deafeec36b2b3fbb
lsf,0490e177df8fd93dcfe5f1ffca127024044554e1,andersoncedu,User,andersoncedu,2024-01-18T17:18:55Z,Merge branch 'development' into 424-Supervisor-Department,https://github.com/BCStudentSoftwareDevTeam/lsf/commit/0490e177df8fd93dcfe5f1ffca127024044554e1
lsf,d69a7814b4ee4cd14143045bc97404f1954a25f0,hoerstl,User,web-flow,2024-01-11T21:25:53Z,"Merge pull request #428 from BCStudentSoftwareDevTeam/425-inactive-departments

425 inactive departments",https://github.com/BCStudentSoftwareDevTeam/lsf/commit/d69a7814b4ee4cd14143045bc97404f1954a25f0
lsf,fb56c8a77ff8b93341e8563ee108d698bc1d49fe,andersoncedu,User,andersoncedu,2023-12-12T19:16:42Z,Manually merged changes,https://github.com/BCStudentSoftwareDevTeam/lsf/commit/fb56c8a77ff8b93341e8563ee108d698bc1d49fe
lsf,9294f3cda05d47957caed5aaa30c61f98196427d,hoerstl,User,hoerstl,2023-12-08T17:13:39Z,Merge branch 'development' into 425-inactive-departments,https://github.com/BCStudentSoftwareDevTeam/lsf/commit/9294f3cda05d47957caed5aaa30c61f98196427d
lsf,0ecfa6240991895ae7995435a59a2d6a6ff2830d,AndersonStettner,User,web-flow,2023-12-08T16:58:44Z,"Merge pull request #426 from BCStudentSoftwareDevTeam/423-inactive-supervisors

423 inactive supervisors",https://github.com/BCStudentSoftwareDevTeam/lsf/commit/0ecfa6240991895ae7995435a59a2d6a6ff2830d
lsf,727a273babd879c7bde561efed31151787257b48,hoerstl,User,hoerstl,2023-12-08T16:22:51Z,Added a SQL script to fix the names of 6 inactive supervisors who had their whole names in their LAST_NAME field.,https://github.com/BCStudentSoftwareDevTeam/lsf/commit/727a273babd879c7bde561efed31151787257b48
lsf,522d19ec766383ddc1e6b30e8bfd40394bac81f1,hoerstl,User,hoerstl,2023-12-07T23:02:56Z,Sorted the unknown supervisors and students at the bottom of the form search,https://github.com/BCStudentSoftwareDevTeam/lsf/commit/522d19ec766383ddc1e6b30e8bfd40394bac81f1
lsf,bddfd812ae5903250f1d0b6a4a8293683f7ef44b,hoerstl,User,hoerstl,2023-12-07T22:35:35Z,Ordered the supervisors and students by their last names if there's a tie based on their first.,https://github.com/BCStudentSoftwareDevTeam/lsf/commit/bddfd812ae5903250f1d0b6a4a8293683f7ef44b
lsf,9236e5fc39313fd95eda51ef3170de80d05249bc,hoerstl,User,hoerstl,2023-12-06T17:05:58Z,Made a somewhat redundant check for isActive when we verify the compliance of a department for which we're filling out an LSF for.,https://github.com/BCStudentSoftwareDevTeam/lsf/commit/9236e5fc39313fd95eda51ef3170de80d05249bc
lsf,89c394beb1b6dd255763e01e54d9b52a1db06a61,hoerstl,User,hoerstl,2023-12-06T17:04:50Z,Finished removing all duplicate departments with the script.,https://github.com/BCStudentSoftwareDevTeam/lsf/commit/89c394beb1b6dd255763e01e54d9b52a1db06a61
lsf,39ec2db80aa150699271d8a2c21d7e10468ad300,hoerstl,User,hoerstl,2023-12-06T16:25:33Z,Made inactive departments visually distinct on the form search page,https://github.com/BCStudentSoftwareDevTeam/lsf/commit/39ec2db80aa150699271d8a2c21d7e10468ad300
lsf,30e2a3109f9323ec73bf8aa7090489c1316a9c12,hoerstl,User,hoerstl,2023-12-06T16:09:37Z,Changed the function to return the query instead of a list containing the departments. All uses of this function converted it to a list immediately after calling it,https://github.com/BCStudentSoftwareDevTeam/lsf/commit/30e2a3109f9323ec73bf8aa7090489c1316a9c12
lsf,2afc64af25884278b2a24fe4ac1216e5472b2254,stevensonmichel,User,stevensonmichel,2023-12-01T17:18:38Z,Removed unnecessary alias in supervisorFirstName,https://github.com/BCStudentSoftwareDevTeam/lsf/commit/2afc64af25884278b2a24fe4ac1216e5472b2254
lsf,168d035a2502f9bae9e2e4acebd2aedb9a91757c,AndersonStettner,User,AndersonStettner,2023-12-01T16:14:44Z,Merge branch 'development' of github.com:BCStudentSoftwareDevTeam/lsf into 424-Supervisor-Department,https://github.com/BCStudentSoftwareDevTeam/lsf/commit/168d035a2502f9bae9e2e4acebd2aedb9a91757c
lsf,0b5bd286a77c23662b5b2abb9dcb413bd024ff67,hoerstl,User,hoerstl,2023-11-30T20:30:11Z,Added some more departments to the script,https://github.com/BCStudentSoftwareDevTeam/lsf/commit/0b5bd286a77c23662b5b2abb9dcb413bd024ff67
lsf,fc04ec9b6fae1839f2fc3b469b104e37fcb1bf58,AndersonStettner,User,AndersonStettner,2023-11-30T19:34:20Z,Merge branch 'development' of github.com:BCStudentSoftwareDevTeam/lsf into 425-inactive-departments,https://github.com/BCStudentSoftwareDevTeam/lsf/commit/fc04ec9b6fae1839f2fc3b469b104e37fcb1bf58
lsf,e0ef3ca3a38e26b6dec022df26478dd96d330e47,AndersonStettner,User,AndersonStettner,2023-11-30T19:31:58Z,Merge branch 'development' of github.com:BCStudentSoftwareDevTeam/lsf into 423-inactive-supervisors,https://github.com/BCStudentSoftwareDevTeam/lsf/commit/e0ef3ca3a38e26b6dec022df26478dd96d330e47
lsf,33b6155371b60a1cae9febed716c91e6c3e47bf2,hoerstl,User,hoerstl,2023-11-28T22:59:05Z,Added even more departments to the sql script.,https://github.com/BCStudentSoftwareDevTeam/lsf/commit/33b6155371b60a1cae9febed716c91e6c3e47bf2
lsf,35091bd9f775af4a160efc4322fb11cd8bebc6fd,hoerstl,User,hoerstl,2023-11-27T16:52:09Z,Removed the In Compliance button from inactive departments,https://github.com/BCStudentSoftwareDevTeam/lsf/commit/35091bd9f775af4a160efc4322fb11cd8bebc6fd
lsf,106063cdb2451ad9a7741b7bee5a2cdec80b9b08,hoerstl,User,hoerstl,2023-11-27T16:19:24Z,Fixed the way that new departments are pulled and old departments are updated with reguard to their name.,https://github.com/BCStudentSoftwareDevTeam/lsf/commit/106063cdb2451ad9a7741b7bee5a2cdec80b9b08
lsf,cde8467a25c9b2494dc8a503d926c80fb2fa00ec,stevensonmichel,User,stevensonmichel,2023-11-20T18:21:02Z,Removed alias from query that is sorting the supervisors and students based on first names,https://github.com/BCStudentSoftwareDevTeam/lsf/commit/cde8467a25c9b2494dc8a503d926c80fb2fa00ec
lsf,c743d5b6d0112ac0f5ac25e7105db1f391d3cbfa,AndersonStettner,User,AndersonStettner,2023-11-20T16:30:26Z,added staging env check to enpoints,https://github.com/BCStudentSoftwareDevTeam/lsf/commit/c743d5b6d0112ac0f5ac25e7105db1f391d3cbfa
lsf,78bf38d77456e34728d894fad324077f5f08a463,stevensonmichel,User,stevensonmichel,2023-11-20T16:15:00Z,Set supervisor isActive attribute to True as the process of verifying if a supervisor is active is already handled,https://github.com/BCStudentSoftwareDevTeam/lsf/commit/78bf38d77456e34728d894fad324077f5f08a463
lsf,526e2725b9b36bf9b65c711bbcfdfd99da10d5ee,AndersonStettner,User,web-flow,2023-11-17T16:34:47Z,PR comment,https://github.com/BCStudentSoftwareDevTeam/lsf/commit/526e2725b9b36bf9b65c711bbcfdfd99da10d5ee
lsf,abd469dd763eec762edfa58e33c1bfd96ef3f186,AndersonStettner,User,web-flow,2023-11-17T15:59:35Z,From convo with Lawrence,https://github.com/BCStudentSoftwareDevTeam/lsf/commit/abd469dd763eec762edfa58e33c1bfd96ef3f186
lsf,a3cc5a956089a3e59644b8fd6f33a0c553447b57,AndersonStettner,User,AndersonStettner,2023-11-17T15:41:42Z,resolved pr comments,https://github.com/BCStudentSoftwareDevTeam/lsf/commit/a3cc5a956089a3e59644b8fd6f33a0c553447b57
lsf,306f473c175ede5864142c832ce81b0ab3ff6906,hoerstl,User,hoerstl,2023-11-15T16:58:39Z,Fixed Anderson's multi-level feedback query.,https://github.com/BCStudentSoftwareDevTeam/lsf/commit/306f473c175ede5864142c832ce81b0ab3ff6906
lsf,7b3af73f0c877f891d73290f5ca9cb21976fcaf6,hoerstl,User,hoerstl,2023-11-15T16:04:12Z,Added some more department fixes to the sql file,https://github.com/BCStudentSoftwareDevTeam/lsf/commit/7b3af73f0c877f891d73290f5ca9cb21976fcaf6
lsf,d1ed92d69e88bffce4decda07c31af83301c6b6f,hoerstl,User,hoerstl,2023-11-14T22:52:31Z,Fixed the get or create in the updatePositionRecords function so it doesn't create a whole new department when a department changes its name.,https://github.com/BCStudentSoftwareDevTeam/lsf/commit/d1ed92d69e88bffce4decda07c31af83301c6b6f
lsf,9cd51fefd412f25a6632b23abc34201db8f56fcf,hoerstl,User,hoerstl,2023-11-13T17:45:11Z,"Creating a script to remove all duplicate departments from our mySQL database and designate a unique org,account pair.",https://github.com/BCStudentSoftwareDevTeam/lsf/commit/9cd51fefd412f25a6632b23abc34201db8f56fcf
lsf,459d9bc37571b51801622665d4fb5c150ca875ea,stevensonmichel,User,stevensonmichel,2023-11-13T16:01:41Z,Change supervisor_first_name and student_first_name to camelCase for consistency,https://github.com/BCStudentSoftwareDevTeam/lsf/commit/459d9bc37571b51801622665d4fb5c150ca875ea
lsf,6f5efa045d54fa697e845c99640ce36d2f8c844c,AndersonStettner,User,AndersonStettner,2023-11-09T14:11:31Z,Merge branch 'development' of github.com:BCStudentSoftwareDevTeam/lsf into 423-inactive-supervisors,https://github.com/BCStudentSoftwareDevTeam/lsf/commit/6f5efa045d54fa697e845c99640ce36d2f8c844c
lsf,a5b22453ae9bd82027753f26c812ef24410ecc1c,AndersonStettner,User,AndersonStettner,2023-11-07T16:42:44Z,Merge branch 'development' of github.com:BCStudentSoftwareDevTeam/lsf into createCeltsEndpoint,https://github.com/BCStudentSoftwareDevTeam/lsf/commit/a5b22453ae9bd82027753f26c812ef24410ecc1c
lsf,9bf82953e890253fcbc9fb8001fe51e17e3b5be3,andersoncedu,User,andersoncedu,2023-11-03T13:34:50Z,Mafe changes suggested by lawrence.,https://github.com/BCStudentSoftwareDevTeam/lsf/commit/9bf82953e890253fcbc9fb8001fe51e17e3b5be3
lsf,5fc29104b2602395bc32b37eff7d37b9a5e46a6e,andersoncedu,User,andersoncedu,2023-11-02T17:07:56Z,Merge branch 'development' into 424-Supervisor-Department,https://github.com/BCStudentSoftwareDevTeam/lsf/commit/5fc29104b2602395bc32b37eff7d37b9a5e46a6e
lsf,ea4cc5ce649deb0f262a5696b77a7aaf05d8359c,AndersonStettner,User,web-flow,2023-10-25T17:31:16Z,"Merge pull request #432 from BCStudentSoftwareDevTeam/431-Fix-Tests

Fix tests in lsf issue431",https://github.com/BCStudentSoftwareDevTeam/lsf/commit/ea4cc5ce649deb0f262a5696b77a7aaf05d8359c
lsf,6f1b6f3bab335797889bfa10f3298a1ed0ce544e,hoerstl,User,hoerstl,2023-10-23T15:47:23Z,Merge branch 'development' into 425-inactive-departments,https://github.com/BCStudentSoftwareDevTeam/lsf/commit/6f1b6f3bab335797889bfa10f3298a1ed0ce544e
lsf,9267b2b8a4948deb2cb86e3d1e60d40712378c75,hoerstl,User,hoerstl,2023-10-23T15:46:58Z,Moved pulling new departments in Tracy action out of web route and into our updateDBRecords.py script.,https://github.com/BCStudentSoftwareDevTeam/lsf/commit/9267b2b8a4948deb2cb86e3d1e60d40712378c75
lsf,0899a5dc1507e8e6c23866cecf87f64108f7c686,andersoncedu,User,andersoncedu,2023-10-20T12:59:00Z,Added test and corrected capitalization.,https://github.com/BCStudentSoftwareDevTeam/lsf/commit/0899a5dc1507e8e6c23866cecf87f64108f7c686
lsf,3892bef24b87257ddc55d47a7a34470d25f4f202,hoerstl,User,hoerstl,2023-10-19T21:37:55Z,Converted departments to a list before updating their isActive status for consistency.,https://github.com/BCStudentSoftwareDevTeam/lsf/commit/3892bef24b87257ddc55d47a7a34470d25f4f202
lsf,fcf59c8559ad05d2439ed6a0479b1e8ace97a432,AndersonStettner,User,web-flow,2023-10-17T13:51:09Z,"Merge pull request #429 from BCStudentSoftwareDevTeam/417-adjustment-error

417 adjustment error",https://github.com/BCStudentSoftwareDevTeam/lsf/commit/fcf59c8559ad05d2439ed6a0479b1e8ace97a432
lsf,bebe5e2e66a2a07138c8c9d0e3ef49de8e1733c4,hoerstl,User,hoerstl,2023-10-17T13:00:05Z,Removed print and TODO statements as they were all done.,https://github.com/BCStudentSoftwareDevTeam/lsf/commit/bebe5e2e66a2a07138c8c9d0e3ef49de8e1733c4
lsf,d7b736d6525091f9e3b7961d792253319788ba7c,hoerstl,User,hoerstl,2023-10-13T16:12:47Z,Figured out why the history form was being deleted alongside the overload form. This should be functional just with a lot of print statements,https://github.com/BCStudentSoftwareDevTeam/lsf/commit/d7b736d6525091f9e3b7961d792253319788ba7c
lsf,6bc70c68c09fe94e4ebf1f648a5f4c853e57c984,hoerstl,User,hoerstl,2023-10-12T21:49:39Z,Merge branch 'development' into 417-adjustment-error,https://github.com/BCStudentSoftwareDevTeam/lsf/commit/6bc70c68c09fe94e4ebf1f648a5f4c853e57c984
lsf,c254e8a2ce66f8d055bab10be1cb9e2f4cf7b1fd,hoerstl,User,hoerstl,2023-10-12T21:46:09Z,Renamed the update script to its original name,https://github.com/BCStudentSoftwareDevTeam/lsf/commit/c254e8a2ce66f8d055bab10be1cb9e2f4cf7b1fd
lsf,0d6e67a74474ce9e8e18c7e3a12a314ffce722b1,hoerstl,User,hoerstl,2023-10-12T21:38:55Z,Hid the inactive table on 'manage departments' page load,https://github.com/BCStudentSoftwareDevTeam/lsf/commit/0d6e67a74474ce9e8e18c7e3a12a314ffce722b1
lsf,7ab8881342e374b66f65bb79a37b47c516647526,hoerstl,User,hoerstl,2023-10-12T21:24:31Z,Fixed the sorting issue with the supervisor and student names.,https://github.com/BCStudentSoftwareDevTeam/lsf/commit/7ab8881342e374b66f65bb79a37b47c516647526
lsf,50b799d86d4ad4c6ec9908491ac44ea6a3ee5c30,hoerstl,User,hoerstl,2023-10-12T19:16:35Z,Merge branch 'development' into 423-inactive-supervisors,https://github.com/BCStudentSoftwareDevTeam/lsf/commit/50b799d86d4ad4c6ec9908491ac44ea6a3ee5c30
lsf,0d2ae91559355005f730c14c4ee5b33d8728e8c6,AndersonStettner,User,AndersonStettner,2023-10-11T18:18:43Z,removed print,https://github.com/BCStudentSoftwareDevTeam/lsf/commit/0d2ae91559355005f730c14c4ee5b33d8728e8c6
lsf,a21bce945c9ed54d9a395776df555a75c80a6593,AndersonStettner,User,AndersonStettner,2023-10-11T18:16:58Z,Merge branch 'createCeltsEndpoint' of github.com:BCStudentSoftwareDevTeam/lsf into createCeltsEndpoint,https://github.com/BCStudentSoftwareDevTeam/lsf/commit/a21bce945c9ed54d9a395776df555a75c80a6593
lsf,59b648a4753c7225412bd5f8242b6aca4eae2ddd,AndersonStettner,User,AndersonStettner,2023-10-11T18:16:48Z,Query only returns Labor forms now,https://github.com/BCStudentSoftwareDevTeam/lsf/commit/59b648a4753c7225412bd5f8242b6aca4eae2ddd
lsf,f1f9093fd3c2a37ce33d33edf9e6368b7fe9c038,andersoncedu,User,andersoncedu,2023-10-06T16:04:15Z,Fixed outstanding requests.,https://github.com/BCStudentSoftwareDevTeam/lsf/commit/f1f9093fd3c2a37ce33d33edf9e6368b7fe9c038
lsf,11d94303c6eee94187f716b0b7fb3481fdf79431,andersoncedu,User,andersoncedu,2023-10-06T13:14:35Z,Made requested PR changes.,https://github.com/BCStudentSoftwareDevTeam/lsf/commit/11d94303c6eee94187f716b0b7fb3481fdf79431
lsf,466bfda03c7e573fbf1486f3d6eda8eb20521fe2,andersoncedu,User,andersoncedu,2023-10-06T12:10:51Z,Merge branch 'development' into 424-Supervisor-Department,https://github.com/BCStudentSoftwareDevTeam/lsf/commit/466bfda03c7e573fbf1486f3d6eda8eb20521fe2
lsf,443cb58ec98261fc45d7b11390dbb372bf839937,AndersonStettner,User,web-flow,2023-10-05T12:37:54Z,"Merge pull request #420 from BCStudentSoftwareDevTeam/418-Easy-Email

Added email button to email labor student position information",https://github.com/BCStudentSoftwareDevTeam/lsf/commit/443cb58ec98261fc45d7b11390dbb372bf839937
lsf,b4981480aa382d5c9c4027385942cd9c02ae071f,andersoncedu,User,andersoncedu,2023-10-03T16:03:30Z,"Fix test, added context where needed and fixed wrong exception expected.",https://github.com/BCStudentSoftwareDevTeam/lsf/commit/b4981480aa382d5c9c4027385942cd9c02ae071f
lsf,451367600e173c6f1ca2cc3be39716be043137f5,hoerstl,User,hoerstl,2023-09-27T15:53:26Z,Found an issue with the overload forms not being able to unoverload correctly. Debugging,https://github.com/BCStudentSoftwareDevTeam/lsf/commit/451367600e173c6f1ca2cc3be39716be043137f5
lsf,ef63ca9e95c923dd7a3978738e3c55565732c8c7,AndersonStettner,User,AndersonStettner,2023-09-26T15:22:27Z,fix package,https://github.com/BCStudentSoftwareDevTeam/lsf/commit/ef63ca9e95c923dd7a3978738e3c55565732c8c7
lsf,86c714af7a759e37f9287a00ef0a827c9574e279,andersoncedu,User,andersoncedu,2023-09-22T15:01:01Z,Move supervisor department functions to new file. Change on click function to async to wait for completion of ajax. Add ordering to supervisors to main routes for consistency.,https://github.com/BCStudentSoftwareDevTeam/lsf/commit/86c714af7a759e37f9287a00ef0a827c9574e279
lsf,f3e3fd6d9586757d7d511f5865553b77eae58b06,andersoncedu,User,andersoncedu,2023-09-22T13:29:28Z,Add delay to updatemodal to allow time for database changes to take place before refreshing modal.,https://github.com/BCStudentSoftwareDevTeam/lsf/commit/f3e3fd6d9586757d7d511f5865553b77eae58b06
lsf,1ef38c370f43ad34c4acc3ba220840ee1f0d0652,andersoncedu,User,andersoncedu,2023-09-22T13:15:38Z,Fix broken css.,https://github.com/BCStudentSoftwareDevTeam/lsf/commit/1ef38c370f43ad34c4acc3ba220840ee1f0d0652
lsf,4c8dc3f802670a986de671b3efdcb2c4e8258953,andersoncedu,User,andersoncedu,2023-09-22T12:46:01Z,Change refresh of modal so that it doesn't flash. Move alert messages up the z index to display over modal.,https://github.com/BCStudentSoftwareDevTeam/lsf/commit/4c8dc3f802670a986de671b3efdcb2c4e8258953
lsf,88180f8eb9aad7fd3e88aa56daee2db657ce8bf5,andersoncedu,User,andersoncedu,2023-09-21T15:04:49Z,Fix content duplication bug.,https://github.com/BCStudentSoftwareDevTeam/lsf/commit/88180f8eb9aad7fd3e88aa56daee2db657ce8bf5
lsf,e8b64feffcd5c960d328e4c8c07696856dc22fbf,AndersonStettner,User,AndersonStettner,2023-09-20T18:57:10Z,Wrote tests for new endpoint logic function,https://github.com/BCStudentSoftwareDevTeam/lsf/commit/e8b64feffcd5c960d328e4c8c07696856dc22fbf
lsf,5f7a9487d3bfb12ded18f89736beb15e6db50dd3,AndersonStettner,User,AndersonStettner,2023-09-20T11:47:42Z,updated requirements,https://github.com/BCStudentSoftwareDevTeam/lsf/commit/5f7a9487d3bfb12ded18f89736beb15e6db50dd3
lsf,1d11775cc83473202656b75e26efb88e2d0aa731,AndersonStettner,User,AndersonStettner,2023-09-20T11:43:39Z,Merge branch 'createCeltsEndpoint' of github.com:BCStudentSoftwareDevTeam/lsf into createCeltsEndpoint,https://github.com/BCStudentSoftwareDevTeam/lsf/commit/1d11775cc83473202656b75e26efb88e2d0aa731
lsf,ee5d3bca758f966cb9175f3d663ee002e00f64fd,AndersonStettner,User,AndersonStettner,2023-09-20T11:26:25Z,updated requirements,https://github.com/BCStudentSoftwareDevTeam/lsf/commit/ee5d3bca758f966cb9175f3d663ee002e00f64fd
lsf,5d635d126df1e44bfdd5d38f068ca1af5ee5ccaa,AndersonStettner,User,AndersonStettner,2023-09-19T20:46:19Z,TODO,https://github.com/BCStudentSoftwareDevTeam/lsf/commit/5d635d126df1e44bfdd5d38f068ca1af5ee5ccaa
lsf,ab844ceb83ab90b848672fc9a600f62f68a5abb4,AndersonStettner,User,AndersonStettner,2023-09-19T19:54:54Z,started test,https://github.com/BCStudentSoftwareDevTeam/lsf/commit/ab844ceb83ab90b848672fc9a600f62f68a5abb4
lsf,836c5451f6d1a115b7ef58c42cddc9a389f0c484,andersoncedu,User,andersoncedu,2023-09-19T19:25:32Z,Ordered supervisors in query fort render tmeplate.,https://github.com/BCStudentSoftwareDevTeam/lsf/commit/836c5451f6d1a115b7ef58c42cddc9a389f0c484
lsf,4019597baec22a3efbc2befdce0dbaac1286d6c8,andersoncedu,User,andersoncedu,2023-09-19T15:13:10Z,"Smoothed out the way the modal looks, squashed a couple small bugs.",https://github.com/BCStudentSoftwareDevTeam/lsf/commit/4019597baec22a3efbc2befdce0dbaac1286d6c8
lsf,096eccc43ef079313403199a3ed89c0fe4c5dc59,andersoncedu,User,andersoncedu,2023-09-19T14:39:46Z,Broke repeated ajax call out into base.js to remove redundant code.,https://github.com/BCStudentSoftwareDevTeam/lsf/commit/096eccc43ef079313403199a3ed89c0fe4c5dc59
lsf,8453a0a016d3a7cfca9e8f3166b5f7cc603dc84e,AndersonStettner,User,AndersonStettner,2023-09-18T17:15:07Z,removed comment,https://github.com/BCStudentSoftwareDevTeam/lsf/commit/8453a0a016d3a7cfca9e8f3166b5f7cc603dc84e
lsf,3640bef048c8e1eb891553c96546d380b1d93c3c,AndersonStettner,User,AndersonStettner,2023-09-18T16:50:04Z,Merge branch 'development' of github.com:BCStudentSoftwareDevTeam/lsf into createCeltsEndpoint,https://github.com/BCStudentSoftwareDevTeam/lsf/commit/3640bef048c8e1eb891553c96546d380b1d93c3c
lsf,f47741732118fe8dbbe5ad50dbf6cd914a218243,AndersonStettner,User,AndersonStettner,2023-09-18T15:55:23Z,Added some authentication for the api calls,https://github.com/BCStudentSoftwareDevTeam/lsf/commit/f47741732118fe8dbbe5ad50dbf6cd914a218243
lsf,01d2a8808352449ef80d1834fd9e21f7dbb5c8ed,hoerstl,User,hoerstl,2023-09-18T15:05:12Z,app/controllers/main_routes/alterLSF.py,https://github.com/BCStudentSoftwareDevTeam/lsf/commit/01d2a8808352449ef80d1834fd9e21f7dbb5c8ed
lsf,775fddaf405e232687def04c5ffe242baf80d699,AndersonStettner,User,AndersonStettner,2023-09-18T14:48:38Z,forgot a file,https://github.com/BCStudentSoftwareDevTeam/lsf/commit/775fddaf405e232687def04c5ffe242baf80d699
lsf,d50485885a8fcc301ba777c02e5021d5bc9fd773,AndersonStettner,User,AndersonStettner,2023-09-18T14:48:18Z,Turned the api into a restful api using flask_restful,https://github.com/BCStudentSoftwareDevTeam/lsf/commit/d50485885a8fcc301ba777c02e5021d5bc9fd773
lsf,4cfc289ee276fa78b1975bea2a1f4da6ad1deaa9,AndersonStettner,User,AndersonStettner,2023-09-15T18:22:00Z,combined the two similar functions into one,https://github.com/BCStudentSoftwareDevTeam/lsf/commit/4cfc289ee276fa78b1975bea2a1f4da6ad1deaa9
lsf,332c94342d07b558a26a5c98306e6cdd6d4e56af,AndersonStettner,User,AndersonStettner,2023-09-15T18:10:52Z,added new endpoint and made the api routes into a blueprint,https://github.com/BCStudentSoftwareDevTeam/lsf/commit/332c94342d07b558a26a5c98306e6cdd6d4e56af
lsf,82c386a2a4a08ff93ec7e98642cf204e05a92753,hoerstl,User,hoerstl,2023-09-15T16:32:18Z,Changed some incorrect conditionals and meaningless variables to be meaningful.,https://github.com/BCStudentSoftwareDevTeam/lsf/commit/82c386a2a4a08ff93ec7e98642cf204e05a92753
lsf,4a59b9abb02e941776f5498aed57c43f754b50b9,andersoncedu,User,andersoncedu,2023-09-15T15:56:19Z,Added functionality for adding and removing people via the modal.,https://github.com/BCStudentSoftwareDevTeam/lsf/commit/4a59b9abb02e941776f5498aed57c43f754b50b9
lsf,adc30a4d9b9578819e2607d4c4e5a6af4d4ca8ab,hoerstl,User,hoerstl,2023-09-15T14:56:05Z,Change variable names,https://github.com/BCStudentSoftwareDevTeam/lsf/commit/adc30a4d9b9578819e2607d4c4e5a6af4d4ca8ab
lsf,9e6673d39d2ce2e7eec5c7003f4c7802ba8936ed,AndersonStettner,User,AndersonStettner,2023-09-15T14:54:32Z,added term name to the returned info,https://github.com/BCStudentSoftwareDevTeam/lsf/commit/9e6673d39d2ce2e7eec5c7003f4c7802ba8936ed
lsf,b6cc3169da50170df34f5faf54b7f2a3d2181ec6,andersoncedu,User,andersoncedu,2023-09-15T12:18:58Z,Change modal display on click to function.,https://github.com/BCStudentSoftwareDevTeam/lsf/commit/b6cc3169da50170df34f5faf54b7f2a3d2181ec6
lsf,7dff10e0f0d6cad40436ada25752583301d45a79,hoerstl,User,hoerstl,2023-09-12T22:01:28Z,Formatting,https://github.com/BCStudentSoftwareDevTeam/lsf/commit/7dff10e0f0d6cad40436ada25752583301d45a79
lsf,75efa7397a3bfd06e443169f4f59399bba18d0d7,hoerstl,User,hoerstl,2023-09-12T21:56:10Z,Changed the language from the results of the script to be more accurate when we don't find someone.,https://github.com/BCStudentSoftwareDevTeam/lsf/commit/75efa7397a3bfd06e443169f4f59399bba18d0d7
lsf,7696732eb17af728bb818ccc1f066f7ead7e9bc1,hoerstl,User,hoerstl,2023-09-12T21:36:42Z,Changed the names of variables to be more clear.,https://github.com/BCStudentSoftwareDevTeam/lsf/commit/7696732eb17af728bb818ccc1f066f7ead7e9bc1
lsf,c6c253416791c663eaaa5cf84772b43af68eadf0,hoerstl,User,hoerstl,2023-09-12T21:15:40Z,Fixed the script to update the departments.,https://github.com/BCStudentSoftwareDevTeam/lsf/commit/c6c253416791c663eaaa5cf84772b43af68eadf0
lsf,d24b389759305e2d0c6c32088caefed7f8f4283d,stevensonmichel,User,stevensonmichel,2023-09-11T15:57:56Z,Create function for counting updated and failed departments,https://github.com/BCStudentSoftwareDevTeam/lsf/commit/d24b389759305e2d0c6c32088caefed7f8f4283d
lsf,9b7d8dbaea7fcb35e7eada371228e9f95fe5df59,stevensonmichel,User,stevensonmichel,2023-09-11T15:16:07Z,"Added a new column isActive in department table, renamed function to updatePersonRecords",https://github.com/BCStudentSoftwareDevTeam/lsf/commit/9b7d8dbaea7fcb35e7eada371228e9f95fe5df59
lsf,3aad0caf72383d625ba806c8db4a8415a1c9d351,stevensonmichel,User,stevensonmichel,2023-09-08T18:36:50Z,"Added isActive column in database, extracted active and inactive departments from list of departments, and modified departments search in html",https://github.com/BCStudentSoftwareDevTeam/lsf/commit/3aad0caf72383d625ba806c8db4a8415a1c9d351
lsf,60030361e87ecaa3305a487ba75a278fed869671,andersoncedu,User,andersoncedu,2023-09-08T15:54:27Z,Add modal content. Add route.,https://github.com/BCStudentSoftwareDevTeam/lsf/commit/60030361e87ecaa3305a487ba75a278fed869671
lsf,3be6344c75f3ba3807a6823144b9fb04409c45b1,hoerstl,User,hoerstl,2023-09-08T15:48:34Z,Add tab functionality.,https://github.com/BCStudentSoftwareDevTeam/lsf/commit/3be6344c75f3ba3807a6823144b9fb04409c45b1
lsf,8aee52c2920c2930af4243030d6a9819e46d61d7,hoerstl,User,hoerstl,2023-09-08T15:35:41Z,Add second table.,https://github.com/BCStudentSoftwareDevTeam/lsf/commit/8aee52c2920c2930af4243030d6a9819e46d61d7
lsf,f1e6464b0bce9effa7e2cccec63b2a49daf2351c,hoerstl,User,hoerstl,2023-09-08T15:26:52Z,Add superficial tabs.,https://github.com/BCStudentSoftwareDevTeam/lsf/commit/f1e6464b0bce9effa7e2cccec63b2a49daf2351c
lsf,31fb2aa4f83059576da120cd77be591a6b193684,hoerstl,User,hoerstl,2023-09-06T15:35:48Z,Added an orderby clause to the supervisor (not admin) view,https://github.com/BCStudentSoftwareDevTeam/lsf/commit/31fb2aa4f83059576da120cd77be591a6b193684
lsf,cad853d20d3b142d3510b3f185a7773546032bd1,hoerstl,User,hoerstl,2023-09-06T15:32:16Z,Removed an unnecessary conversion to a list.,https://github.com/BCStudentSoftwareDevTeam/lsf/commit/cad853d20d3b142d3510b3f185a7773546032bd1
lsf,3cd7423badcbbafb408ee30267693ce1aa053700,hoerstl,User,hoerstl,2023-09-06T15:08:56Z,Added a way to visually distinguish active from inactive.,https://github.com/BCStudentSoftwareDevTeam/lsf/commit/3cd7423badcbbafb408ee30267693ce1aa053700
lsf,a1b4167fa81033dade7488efd895e753608543e3,hoerstl,User,hoerstl,2023-09-05T19:54:41Z,Added the isActive column as an ordering condition within the route.,https://github.com/BCStudentSoftwareDevTeam/lsf/commit/a1b4167fa81033dade7488efd895e753608543e3
lsf,390404da4252e90d91095a1ed07583a10101df69,andersoncedu,User,andersoncedu,2023-09-05T19:31:03Z,Added begnning of modal and beginning of query.,https://github.com/BCStudentSoftwareDevTeam/lsf/commit/390404da4252e90d91095a1ed07583a10101df69
lsf,6d1a2139410cece48ecfccbc9a95e0e8edaafb7d,hoerstl,User,hoerstl,2023-09-05T19:21:57Z,Returned the supervisorPortal.html to it's original state.,https://github.com/BCStudentSoftwareDevTeam/lsf/commit/6d1a2139410cece48ecfccbc9a95e0e8edaafb7d
lsf,8d06a81df2b927d68c33a263b0abf836fd190278,hoerstl,User,hoerstl,2023-09-05T19:11:23Z,Edited prod-backup to include the isActive column for the supervisor table.,https://github.com/BCStudentSoftwareDevTeam/lsf/commit/8d06a81df2b927d68c33a263b0abf836fd190278
lsf,993cf004c6af8ca9506bc570743a4ada0d2556bc,hoerstl,User,hoerstl,2023-09-05T13:45:14Z,Added an isActive column that correctly determines if a supervisor is still in the Tracy DB. This is updated with the renamed 'updateStudentRecords.py' -> 'updateDBRecords.py'. This name is better since we also update supervisor records with this file.,https://github.com/BCStudentSoftwareDevTeam/lsf/commit/993cf004c6af8ca9506bc570743a4ada0d2556bc
lsf,a014a0c2bbb5c1e0e57dc1faa60205f48ffe1640,hoerstl,User,hoerstl,2023-09-05T13:26:03Z,Merge branch 'development' into 423-inactive-supervisors,https://github.com/BCStudentSoftwareDevTeam/lsf/commit/a014a0c2bbb5c1e0e57dc1faa60205f48ffe1640
lsf,933f286becf2e2a6ad62cd0a0b69b28cbf662af6,andersoncedu,User,andersoncedu,2023-09-01T14:27:46Z,Merge branch '418-Easy-Email' of github.com:BCStudentSoftwareDevTeam/lsf into 418-Easy-Email,https://github.com/BCStudentSoftwareDevTeam/lsf/commit/933f286becf2e2a6ad62cd0a0b69b28cbf662af6
lsf,562547e8a52cf20e2f40f863e80f8dda10c2918a,andersoncedu,User,andersoncedu,2023-09-01T14:23:23Z,"Changed the on click method for the button, changed c=placement of the button and changed ids of the button and the modal.",https://github.com/BCStudentSoftwareDevTeam/lsf/commit/562547e8a52cf20e2f40f863e80f8dda10c2918a
lsf,0a765cec02d678b00ae56168720992f8d8892777,andersoncedu,User,andersoncedu,2023-09-01T12:18:18Z,Merge branch 'development' into 418-Easy-Email,https://github.com/BCStudentSoftwareDevTeam/lsf/commit/0a765cec02d678b00ae56168720992f8d8892777
lsf,1e06fa9eb0b478c33fd178a6008f27d5833f2480,AndersonStettner,User,AndersonStettner,2023-08-31T17:26:35Z,return 404 if not valid org code,https://github.com/BCStudentSoftwareDevTeam/lsf/commit/1e06fa9eb0b478c33fd178a6008f27d5833f2480
lsf,c5ae54940c696fded90dc0f63dd3254253da8bdd,hoerstl,User,hoerstl,2023-08-31T14:20:56Z,Merge branch 'development' into error-student-overload-373,https://github.com/BCStudentSoftwareDevTeam/lsf/commit/c5ae54940c696fded90dc0f63dd3254253da8bdd
lsf,70edf21b578224e970e60002080869594365eaf5,AndersonStettner,User,AndersonStettner,2023-08-31T13:39:37Z,more formatting,https://github.com/BCStudentSoftwareDevTeam/lsf/commit/70edf21b578224e970e60002080869594365eaf5
lsf,e42f42154e5bc3e791ac6d92338f3864be7e9f0e,AndersonStettner,User,AndersonStettner,2023-08-31T13:37:52Z,formatting,https://github.com/BCStudentSoftwareDevTeam/lsf/commit/e42f42154e5bc3e791ac6d92338f3864be7e9f0e
lsf,7ca34fe3c5a9acf97d5598903dd9ae5cb02364c8,AndersonStettner,User,AndersonStettner,2023-08-31T13:35:42Z,formatting and added start and end date of the labor position,https://github.com/BCStudentSoftwareDevTeam/lsf/commit/7ca34fe3c5a9acf97d5598903dd9ae5cb02364c8
lsf,38e311a22ec5c891a72ed546a77a11760fd740f6,AndersonStettner,User,AndersonStettner,2023-08-30T15:48:19Z,renamed function,https://github.com/BCStudentSoftwareDevTeam/lsf/commit/38e311a22ec5c891a72ed546a77a11760fd740f6
lsf,075bcbb0a76da4120d62439442403ca0d7dd372c,AndersonStettner,User,AndersonStettner,2023-08-30T15:45:08Z,changed result to dict instead of list,https://github.com/BCStudentSoftwareDevTeam/lsf/commit/075bcbb0a76da4120d62439442403ca0d7dd372c
lsf,81dbb7c772743809a3de12936ecdde6442e14fed,AndersonStettner,User,AndersonStettner,2023-08-30T15:40:17Z,changed result to dict instead of list,https://github.com/BCStudentSoftwareDevTeam/lsf/commit/81dbb7c772743809a3de12936ecdde6442e14fed
lsf,2327e065fd862e00f4c42769d5d63a0b658ef5e7,hoerstl,User,hoerstl,2023-08-30T15:39:44Z,Removed a duplicate requirement from the requirements.txt file. This was assumed to be the result of branching off prod and merging in development.,https://github.com/BCStudentSoftwareDevTeam/lsf/commit/2327e065fd862e00f4c42769d5d63a0b658ef5e7
lsf,8d0e6e719b94c60c971ea5ee6dbe2563d35bd00e,AndersonStettner,User,AndersonStettner,2023-08-30T14:16:07Z,renamed variable,https://github.com/BCStudentSoftwareDevTeam/lsf/commit/8d0e6e719b94c60c971ea5ee6dbe2563d35bd00e
lsf,2b8b6ba467efc231df500e4b294b9814b4908041,AndersonStettner,User,AndersonStettner,2023-08-30T14:14:23Z,Reworked the endpoint and renamed funtions,https://github.com/BCStudentSoftwareDevTeam/lsf/commit/2b8b6ba467efc231df500e4b294b9814b4908041
lsf,9ffed7f52984a6759556ab5b852bd3358d2c0b3f,AndersonStettner,User,AndersonStettner,2023-08-30T13:25:15Z,merge conflict,https://github.com/BCStudentSoftwareDevTeam/lsf/commit/9ffed7f52984a6759556ab5b852bd3358d2c0b3f
lsf,12280ed3bd6f2cb0492e9af6d723b0588c5bc30a,AndersonStettner,User,AndersonStettner,2023-08-30T13:07:00Z,Merge branch 'development' of github.com:BCStudentSoftwareDevTeam/lsf into createCeltsEndpoint,https://github.com/BCStudentSoftwareDevTeam/lsf/commit/12280ed3bd6f2cb0492e9af6d723b0588c5bc30a
lsf,39db9445a64491fd8cbc9a73d70b05e21f737038,AndersonStettner,User,AndersonStettner,2023-08-25T17:08:54Z,added more to select,https://github.com/BCStudentSoftwareDevTeam/lsf/commit/39db9445a64491fd8cbc9a73d70b05e21f737038
lsf,40d3f555c1896cfcff16565977b4cdcd5fb92433,AndersonStettner,User,AndersonStettner,2023-08-25T16:47:21Z,added TODO comments,https://github.com/BCStudentSoftwareDevTeam/lsf/commit/40d3f555c1896cfcff16565977b4cdcd5fb92433
lsf,2f960c6b06731534bf151f76d65288fc4f3d6d9e,AndersonStettner,User,AndersonStettner,2023-08-25T16:42:22Z,Added endpoint for CELTS to hit to get CELTS labor info,https://github.com/BCStudentSoftwareDevTeam/lsf/commit/2f960c6b06731534bf151f76d65288fc4f3d6d9e
lsf,57057a6c0220eb9d345bbb782562dcfdcc073117,andersoncedu,User,andersoncedu,2023-08-25T15:05:09Z,Added email button to email labor student position information from the supervisor view page.,https://github.com/BCStudentSoftwareDevTeam/lsf/commit/57057a6c0220eb9d345bbb782562dcfdcc073117
lsf,4038f4dff37e0e904b1b7a7c93659587a99cdb6a,AndersonStettner,User,AndersonStettner,2023-07-25T19:15:40Z,Added new option to term dropdown and changed formatting,https://github.com/BCStudentSoftwareDevTeam/lsf/commit/4038f4dff37e0e904b1b7a7c93659587a99cdb6a
lsf,0b14073a30e4378c1e3db6218313cf3376362935,AndersonStettner,User,AndersonStettner,2023-07-25T16:40:05Z,fixed dropdowns being cut off by card body,https://github.com/BCStudentSoftwareDevTeam/lsf/commit/0b14073a30e4378c1e3db6218313cf3376362935
lsf,82e88e390046cf43cf6cafe87786d4b569fd0cd9,AndersonStettner,User,AndersonStettner,2023-07-24T21:22:32Z,keep select options after page reload hopefully,https://github.com/BCStudentSoftwareDevTeam/lsf/commit/82e88e390046cf43cf6cafe87786d4b569fd0cd9
lsf,99d2981974b8d0e5124394e2846d207adb491af3,AndersonStettner,User,AndersonStettner,2023-07-24T20:26:55Z,separate js function out into multiple,https://github.com/BCStudentSoftwareDevTeam/lsf/commit/99d2981974b8d0e5124394e2846d207adb491af3
lsf,bf515b0e79aba7616ab49f62bce6a2e7aaa24d67,AndersonStettner,User,AndersonStettner,2023-07-24T16:26:21Z,set dropdown and checkbox values on page load and clear sleJoin value if it already exists when doing a new search,https://github.com/BCStudentSoftwareDevTeam/lsf/commit/bf515b0e79aba7616ab49f62bce6a2e7aaa24d67
lsf,0fbe0572a82eba62fe5891a13d1a7e91dfbeec34,AndersonStettner,User,AndersonStettner,2023-07-24T14:14:24Z,checkbox search works,https://github.com/BCStudentSoftwareDevTeam/lsf/commit/0fbe0572a82eba62fe5891a13d1a7e91dfbeec34
lsf,c9cec79d89e74605079b4b50893abfd8392100fe,AndersonStettner,User,AndersonStettner,2023-07-21T20:13:33Z,clear cookie and clear checkbox when clicking preset button.,https://github.com/BCStudentSoftwareDevTeam/lsf/commit/c9cec79d89e74605079b4b50893abfd8392100fe
lsf,349c675214f3432f10c7f357b9326a897a2c0c90,AndersonStettner,User,AndersonStettner,2023-07-21T20:06:01Z,preset buttons now set front end display to what they are searching,https://github.com/BCStudentSoftwareDevTeam/lsf/commit/349c675214f3432f10c7f357b9326a897a2c0c90
lsf,07eaddd20edbd45f0714018cc30cf377a180e1ef,AndersonStettner,User,AndersonStettner,2023-07-21T15:55:55Z,Added g.currentUser to lsf and supervisor dropdown is autofilled by form search presets,https://github.com/BCStudentSoftwareDevTeam/lsf/commit/07eaddd20edbd45f0714018cc30cf377a180e1ef
lsf,ebfa60a953cd8c175b5348aa092d88c2af8e7477,AndersonStettner,User,AndersonStettner,2023-07-21T13:09:32Z,term updates for Current Students preset,https://github.com/BCStudentSoftwareDevTeam/lsf/commit/ebfa60a953cd8c175b5348aa092d88c2af8e7477
lsf,d9855a70c02fcd83a7cba6e7d2e3825285b7a975,AndersonStettner,User,AndersonStettner,2023-07-19T20:58:23Z,renamed g.open_term to g.openTerm as asked,https://github.com/BCStudentSoftwareDevTeam/lsf/commit/d9855a70c02fcd83a7cba6e7d2e3825285b7a975
lsf,c5655a3a86d3c120fec0fe4044ee30cb418b383e,AndersonStettner,User,AndersonStettner,2023-07-19T18:43:12Z,Added g.open_term which is the lsf equivalent to the celts g.current_term,https://github.com/BCStudentSoftwareDevTeam/lsf/commit/c5655a3a86d3c120fec0fe4044ee30cb418b383e
lsf,10508246af39520b564d989c2c0c8a645c59cdb6,AndersonStettner,User,AndersonStettner,2023-07-19T18:12:03Z,working on populating for search with preset button press,https://github.com/BCStudentSoftwareDevTeam/lsf/commit/10508246af39520b564d989c2c0c8a645c59cdb6
lsf,6273fe3a8da1dee7f4ac31b19543190c9cc8f55e,AndersonStettner,User,AndersonStettner,2023-07-18T20:47:37Z,Added cookie timeout of an hour,https://github.com/BCStudentSoftwareDevTeam/lsf/commit/6273fe3a8da1dee7f4ac31b19543190c9cc8f55e
lsf,9eac96077f3c743d14a4ff8feaf47c0955c4089e,AndersonStettner,User,AndersonStettner,2023-07-18T20:40:37Z,Work on fixing cookie behavior,https://github.com/BCStudentSoftwareDevTeam/lsf/commit/9eac96077f3c743d14a4ff8feaf47c0955c4089e
lsf,3a78e35ba3a3fae1ac641cb90d16590d84e9d9b9,AndersonStettner,User,web-flow,2023-07-18T18:28:12Z,"Merge pull request #416 from BCStudentSoftwareDevTeam/updateRequirements

updated pyodbc version",https://github.com/BCStudentSoftwareDevTeam/lsf/commit/3a78e35ba3a3fae1ac641cb90d16590d84e9d9b9
lsf,58235daf1b5e2f22e7e0391c1fc499d4c618a878,AndersonStettner,User,AndersonStettner,2023-07-18T16:32:30Z,Removed unnecessary try except and printed exceptionwhen create user fails,https://github.com/BCStudentSoftwareDevTeam/lsf/commit/58235daf1b5e2f22e7e0391c1fc499d4c618a878
lsf,0f68187a927c435edecc8648fe4a3f880490f565,AndersonStettner,User,AndersonStettner,2023-07-18T16:17:55Z,Merge branch 'supervisor_search_presets' of github.com:BCStudentSoftwareDevTeam/lsf into supervisor_search_presets,https://github.com/BCStudentSoftwareDevTeam/lsf/commit/0f68187a927c435edecc8648fe4a3f880490f565
lsf,989de96fed44f8e162f347ee271b3678a396e5cf,AndersonStettner,User,AndersonStettner,2023-07-18T16:17:24Z,removed print statements and imporoved error print statement,https://github.com/BCStudentSoftwareDevTeam/lsf/commit/989de96fed44f8e162f347ee271b3678a396e5cf
lsf,fee65afb35e6ac46a3c9a096399962f457288a3c,AndersonStettner,User,web-flow,2023-07-18T15:54:29Z,Test formatting,https://github.com/BCStudentSoftwareDevTeam/lsf/commit/fee65afb35e6ac46a3c9a096399962f457288a3c
lsf,157aff79172749ecc0dc1efc69bf929acd936cdc,AndersonStettner,User,web-flow,2023-07-18T15:50:21Z,Simplified Jinja,https://github.com/BCStudentSoftwareDevTeam/lsf/commit/157aff79172749ecc0dc1efc69bf929acd936cdc
lsf,89ecc7d3ce3c1289142b0ab6f0c2ab90ebe99b13,AndersonStettner,User,AndersonStettner,2023-07-18T14:57:53Z,Merge branch 'new-supervisor-table-365' of github.com:BCStudentSoftwareDevTeam/lsf into supervisor_search_presets,https://github.com/BCStudentSoftwareDevTeam/lsf/commit/89ecc7d3ce3c1289142b0ab6f0c2ab90ebe99b13
lsf,676e6d7d2f9dcb3ecbbc24a5322572f0f5a002ee,AndersonStettner,User,AndersonStettner,2023-07-18T14:54:22Z,Merge branch 'updateRequirements' of github.com:BCStudentSoftwareDevTeam/lsf into supervisor_search_presets,https://github.com/BCStudentSoftwareDevTeam/lsf/commit/676e6d7d2f9dcb3ecbbc24a5322572f0f5a002ee
lsf,a6691d9ef1bdefaf47157ac538d0b49dad5b6d59,AndersonStettner,User,AndersonStettner,2023-07-18T14:53:10Z,Merge branch 'development' of github.com:BCStudentSoftwareDevTeam/lsf into supervisor_search_presets,https://github.com/BCStudentSoftwareDevTeam/lsf/commit/a6691d9ef1bdefaf47157ac538d0b49dad5b6d59
lsf,c6b718c1a5dbf97ead187a14e36391278e9dd43a,AndersonStettner,User,web-flow,2023-07-18T14:40:00Z,update pytest and py in requirements.txt,https://github.com/BCStudentSoftwareDevTeam/lsf/commit/c6b718c1a5dbf97ead187a14e36391278e9dd43a
lsf,21a90ea7980fcb058408a7c5af139ffb45b5b287,AndersonStettner,User,AndersonStettner,2023-06-14T19:02:08Z,actually has new version of pyodbc now,https://github.com/BCStudentSoftwareDevTeam/lsf/commit/21a90ea7980fcb058408a7c5af139ffb45b5b287
lsf,e8ca5857a4ff8188e8ec936e2a8248250bb25c85,AndersonStettner,User,AndersonStettner,2023-06-14T18:59:57Z,updated pyodbc version,https://github.com/BCStudentSoftwareDevTeam/lsf/commit/e8ca5857a4ff8188e8ec936e2a8248250bb25c85
lsf,a167e9eb699e7738231de6f90ade19fbfee2cb10,tylerpar99,User,BrianRamsay,2023-03-23T20:02:45Z,variable indented too far.,https://github.com/BCStudentSoftwareDevTeam/lsf/commit/a167e9eb699e7738231de6f90ade19fbfee2cb10
lsf,6809faa3c5b17cfef6c8c362b03781ad26b57531,tylerpar99,User,BrianRamsay,2023-03-23T19:24:17Z,fixed variable in the wrong spot.,https://github.com/BCStudentSoftwareDevTeam/lsf/commit/6809faa3c5b17cfef6c8c362b03781ad26b57531
lsf,1634cd8c07b256d27d1fad9e4840b8a1ebb7ceb1,tylerpar99,User,BrianRamsay,2023-03-01T19:55:59Z,Took out print statement.,https://github.com/BCStudentSoftwareDevTeam/lsf/commit/1634cd8c07b256d27d1fad9e4840b8a1ebb7ceb1
lsf,e9d6496f5ef800ba569b7081167874c0aa87f683,Madina Solijonova,,BrianRamsay,2023-02-24T21:07:43Z,added the spacing between the links,https://github.com/BCStudentSoftwareDevTeam/lsf/commit/e9d6496f5ef800ba569b7081167874c0aa87f683
lsf,7d10e4998095ebf4639f1841bdf4915aeb81d3da,Madina Solijonova,,BrianRamsay,2023-02-23T21:40:03Z,added the link + gave permission,https://github.com/BCStudentSoftwareDevTeam/lsf/commit/7d10e4998095ebf4639f1841bdf4915aeb81d3da
lsf,c75b42eade291696e0cd16f3fa6afa43e83b540f,tylerpar99,User,BrianRamsay,2023-02-23T20:09:17Z,made branch for issue,https://github.com/BCStudentSoftwareDevTeam/lsf/commit/c75b42eade291696e0cd16f3fa6afa43e83b540f
lsf,ecb592393f0dfe4ba3f1b9db578aeb8c51829258,tylerpar99,User,BrianRamsay,2023-02-10T20:08:05Z,fixed modal to make it look more filled.,https://github.com/BCStudentSoftwareDevTeam/lsf/commit/ecb592393f0dfe4ba3f1b9db578aeb8c51829258
lsf,f43cdee1be711a9f4459fc6183fedc9ce0f1f418,tylerpar99,User,BrianRamsay,2023-02-09T20:40:55Z,Finished testing sweet and fixed PR comments.,https://github.com/BCStudentSoftwareDevTeam/lsf/commit/f43cdee1be711a9f4459fc6183fedc9ce0f1f418
lsf,896cba6af48397c7c16e13ef450e3122bf0edf81,tylerpar99,User,BrianRamsay,2023-02-08T21:58:59Z,Fixing our testing suite to pass.,https://github.com/BCStudentSoftwareDevTeam/lsf/commit/896cba6af48397c7c16e13ef450e3122bf0edf81
lsf,c933fb8316fecec4dba66816790ff7f26df6c686,Madina Solijonova,,BrianRamsay,2023-02-07T20:49:50Z,working on test suite,https://github.com/BCStudentSoftwareDevTeam/lsf/commit/c933fb8316fecec4dba66816790ff7f26df6c686
lsf,50574915b252ae4b1025c3c2c0ce07a2879766bf,tylerpar99,User,BrianRamsay,2023-02-06T21:55:33Z,hit a snag with Peewee looking into it.,https://github.com/BCStudentSoftwareDevTeam/lsf/commit/50574915b252ae4b1025c3c2c0ce07a2879766bf
lsf,9e44f92bf72c4774f561c4a404933b55838c50da,tylerpar99,User,BrianRamsay,2023-02-03T21:27:22Z,Working on testing suite.,https://github.com/BCStudentSoftwareDevTeam/lsf/commit/9e44f92bf72c4774f561c4a404933b55838c50da
lsf,34697967561cc508d1ef90b17cacd6c32d194c01,tylerpar99,User,BrianRamsay,2023-02-02T21:26:05Z,Working on tests.,https://github.com/BCStudentSoftwareDevTeam/lsf/commit/34697967561cc508d1ef90b17cacd6c32d194c01
lsf,dd247b7554281174eed8f3aa8f92aadf23c51b09,tylerpar99,User,BrianRamsay,2023-02-01T20:46:18Z,Made button that will reset an existing Student eval form and then send the user to the blank form.,https://github.com/BCStudentSoftwareDevTeam/lsf/commit/dd247b7554281174eed8f3aa8f92aadf23c51b09
lsf,54549acb9326f0e812966df4f3c34ea032567383,tylerpar99,User,BrianRamsay,2023-01-27T21:29:18Z,working on button reset functionality.,https://github.com/BCStudentSoftwareDevTeam/lsf/commit/54549acb9326f0e812966df4f3c34ea032567383
lsf,15d8f11c6ff6df3ede1866e07100ad2ac1a09f1b,tylerpar99,User,BrianRamsay,2023-01-27T20:41:25Z,Working on reset button functionality.,https://github.com/BCStudentSoftwareDevTeam/lsf/commit/15d8f11c6ff6df3ede1866e07100ad2ac1a09f1b
lsf,4ab9d318f49a8c6a3af424b6dddd7f00ad939b39,tylerpar99,User,BrianRamsay,2023-01-26T21:56:04Z,Created reset button and reset modal.,https://github.com/BCStudentSoftwareDevTeam/lsf/commit/4ab9d318f49a8c6a3af424b6dddd7f00ad939b39
lsf,e5b32b0adf59d75a084dff6bb7085892699b4d15,tylerpar99,User,BrianRamsay,2023-01-25T21:56:32Z,got date to save and appear on finished form. Need to format,https://github.com/BCStudentSoftwareDevTeam/lsf/commit/e5b32b0adf59d75a084dff6bb7085892699b4d15
lsf,6342ef2d760b6ce802cbfdb74204f330efcc81d5,tylerpar99,User,BrianRamsay,2023-01-26T21:17:53Z,Added date submitted to lsf eval form and DB.,https://github.com/BCStudentSoftwareDevTeam/lsf/commit/6342ef2d760b6ce802cbfdb74204f330efcc81d5
lsf,841b3c71d8fa07ea0e5394360c52b6a9c44ec8f2,tylerpar99,User,BrianRamsay,2023-01-27T21:08:26Z,fixed issue with trying to access a submit date for non submitted forms.,https://github.com/BCStudentSoftwareDevTeam/lsf/commit/841b3c71d8fa07ea0e5394360c52b6a9c44ec8f2
lsf,db27d73191e094f85770595fdf21b147ca82e110,tylerpar99,User,BrianRamsay,2023-01-25T21:56:32Z,got date to save and appear on finished form. Need to format,https://github.com/BCStudentSoftwareDevTeam/lsf/commit/db27d73191e094f85770595fdf21b147ca82e110
lsf,ce0d3ab2ca9187c080a0f1a680da0b8be12e2482,tylerpar99,User,BrianRamsay,2023-01-26T21:17:53Z,Added date submitted to lsf eval form and DB.,https://github.com/BCStudentSoftwareDevTeam/lsf/commit/ce0d3ab2ca9187c080a0f1a680da0b8be12e2482
lsf,b9f23a9e497eb7e82818821b78907b9b4dd1c875,tylerpar99,User,BrianRamsay,2023-02-10T20:41:48Z,Fixed the date manipulation.,https://github.com/BCStudentSoftwareDevTeam/lsf/commit/b9f23a9e497eb7e82818821b78907b9b4dd1c875
lsf,6437c7b924b7882fb3eb069446046614bc452efa,tylerpar99,User,BrianRamsay,2023-02-10T21:37:52Z,Merge branch 'date_submitted_eval_396' of https://github.com/BCStudentSoftwareDevTeam/lsf into date_submitted_eval_396,https://github.com/BCStudentSoftwareDevTeam/lsf/commit/6437c7b924b7882fb3eb069446046614bc452efa
lsf,76ddd23ff86dd73e75286de0658411cfdc68ab31,tylerpar99,User,BrianRamsay,2023-02-10T21:39:47Z,fixed variable name.,https://github.com/BCStudentSoftwareDevTeam/lsf/commit/76ddd23ff86dd73e75286de0658411cfdc68ab31
lsf,c926ddc12367d0a241367d402192db4f32e3c1fb,sreynit02,User,BrianRamsay,2023-01-19T21:48:22Z,updated lsf when modifying hours,https://github.com/BCStudentSoftwareDevTeam/lsf/commit/c926ddc12367d0a241367d402192db4f32e3c1fb
lsf,ccb0e9ef1c6ff46b2347c0010701e7f04dbf9c1c,tylerpar99,User,tylerpar99,2023-04-26T19:24:25Z,"Merged development, corrected conflicts.",https://github.com/BCStudentSoftwareDevTeam/lsf/commit/ccb0e9ef1c6ff46b2347c0010701e7f04dbf9c1c
lsf,7939529bfe99e270207d363a3793ed2968609c64,sreynit02,User,BrianRamsay,2023-01-13T20:55:00Z,added withdraw buttons to overload forms,https://github.com/BCStudentSoftwareDevTeam/lsf/commit/7939529bfe99e270207d363a3793ed2968609c64
lsf,f227dfb090dd4239b063954b074765ef28ce6155,sreynit02,User,web-flow,2023-03-23T20:08:05Z,"Merge pull request #407 from BCStudentSoftwareDevTeam/admin-link-overload-374

Add link to student overload reason for admins: issue 374",https://github.com/BCStudentSoftwareDevTeam/lsf/commit/f227dfb090dd4239b063954b074765ef28ce6155
lsf,b839d524ec4c8d027a62471621c62e3c5a7aeba4,tylerpar99,User,tylerpar99,2023-03-23T20:02:45Z,variable indented too far.,https://github.com/BCStudentSoftwareDevTeam/lsf/commit/b839d524ec4c8d027a62471621c62e3c5a7aeba4
lsf,9c8b99943b9be3b603bbbb2c506aa577b0feffcd,tylerpar99,User,tylerpar99,2023-03-23T19:24:17Z,fixed variable in the wrong spot.,https://github.com/BCStudentSoftwareDevTeam/lsf/commit/9c8b99943b9be3b603bbbb2c506aa577b0feffcd
lsf,c2fd999a32c3051595efbc94129746c377e4941e,tylerpar99,User,tylerpar99,2023-03-20T20:45:56Z,got the page to redirect to the home page for a student after submission.,https://github.com/BCStudentSoftwareDevTeam/lsf/commit/c2fd999a32c3051595efbc94129746c377e4941e
lsf,a042924fd3c02542492e0e0b3ad3a6f8bdd5a8bc,tylerpar99,User,tylerpar99,2023-03-16T19:54:23Z,working on getting the redirect to work. keeps freezing on a 200.,https://github.com/BCStudentSoftwareDevTeam/lsf/commit/a042924fd3c02542492e0e0b3ad3a6f8bdd5a8bc
lsf,4232389db4fc51da92854f751af43150c3710859,tylerpar99,User,tylerpar99,2023-03-01T19:55:59Z,Took out print statement.,https://github.com/BCStudentSoftwareDevTeam/lsf/commit/4232389db4fc51da92854f751af43150c3710859
lsf,a16a95da56de68377c30831b38812cb89180995a,Madina Solijonova,,Madina Solijonova,2023-02-24T21:07:43Z,added the spacing between the links,https://github.com/BCStudentSoftwareDevTeam/lsf/commit/a16a95da56de68377c30831b38812cb89180995a
lsf,d51bce789a18cd6137d2f39e5342d1e7add8f58c,Madina Solijonova,,Madina Solijonova,2023-02-23T21:40:03Z,added the link + gave permission,https://github.com/BCStudentSoftwareDevTeam/lsf/commit/d51bce789a18cd6137d2f39e5342d1e7add8f58c
lsf,438f9d5418b355104f24810d12bde6028f97dc5d,tylerpar99,User,tylerpar99,2023-02-23T20:09:17Z,made branch for issue,https://github.com/BCStudentSoftwareDevTeam/lsf/commit/438f9d5418b355104f24810d12bde6028f97dc5d
lsf,ee92ac996253b855dbf82463141a223cb2dc63d9,tylerpar99,User,tylerpar99,2023-02-16T21:04:38Z,fixed pr comments.,https://github.com/BCStudentSoftwareDevTeam/lsf/commit/ee92ac996253b855dbf82463141a223cb2dc63d9
lsf,419801645d73ed58a08a5db67e38e79eea5e3ca6,Madina Solijonova,,Madina Solijonova,2023-02-16T20:02:51Z,addressing PR comments,https://github.com/BCStudentSoftwareDevTeam/lsf/commit/419801645d73ed58a08a5db67e38e79eea5e3ca6
lsf,08cb2368594871c97f3111190afce6bc60ef38d6,tylerpar99,User,tylerpar99,2023-02-15T20:05:46Z,Merge branch 'development' of https://github.com/BCStudentSoftwareDevTeam/lsf into new-supervisor-table-365,https://github.com/BCStudentSoftwareDevTeam/lsf/commit/08cb2368594871c97f3111190afce6bc60ef38d6
lsf,9eeca44f0d71ffbfad8d57c25ad3538027f99c17,tylerpar99,User,tylerpar99,2023-02-15T20:04:36Z,Merge branch 'new-supervisor-table-365' of https://github.com/BCStudentSoftwareDevTeam/lsf into new-supervisor-table-365,https://github.com/BCStudentSoftwareDevTeam/lsf/commit/9eeca44f0d71ffbfad8d57c25ad3538027f99c17
lsf,5120e35ec694e00fa184537a5c71fb48f35dbd1b,tylerpar99,User,tylerpar99,2023-02-15T20:04:01Z,working on pr comments.,https://github.com/BCStudentSoftwareDevTeam/lsf/commit/5120e35ec694e00fa184537a5c71fb48f35dbd1b
lsf,1086de9f363590dbb637eb13b96dcdc66bd59d3a,tylerpar99,User,tylerpar99,2023-02-15T19:42:01Z,fixed PR comments.,https://github.com/BCStudentSoftwareDevTeam/lsf/commit/1086de9f363590dbb637eb13b96dcdc66bd59d3a
lsf,1a452a751837dd4c4563b85d84b663cd74c71f2c,bledsoef,User,bledsoef,2023-02-14T14:05:41Z,changed requirements to not break python 3.11,https://github.com/BCStudentSoftwareDevTeam/lsf/commit/1a452a751837dd4c4563b85d84b663cd74c71f2c
lsf,cbfc241f998c1c35411c46fe74b557caceb1e84c,bledsoef,User,bledsoef,2023-02-13T20:48:01Z,merge conflicts,https://github.com/BCStudentSoftwareDevTeam/lsf/commit/cbfc241f998c1c35411c46fe74b557caceb1e84c
lsf,7ef67dd407c9749778fbbfa5dd748f1809ed98fd,tylerpar99,User,tylerpar99,2023-02-13T20:24:53Z,Fixed typo.,https://github.com/BCStudentSoftwareDevTeam/lsf/commit/7ef67dd407c9749778fbbfa5dd748f1809ed98fd
lsf,97103d0257dc6279485d1bc16d59d7f0a0f67f4b,tylerpar99,User,tylerpar99,2023-02-13T20:19:35Z,fixed merge conflict.,https://github.com/BCStudentSoftwareDevTeam/lsf/commit/97103d0257dc6279485d1bc16d59d7f0a0f67f4b
lsf,e44a7104acdb593401054057f017216adb713548,tylerpar99,User,tylerpar99,2023-02-13T20:18:18Z,Merged development.,https://github.com/BCStudentSoftwareDevTeam/lsf/commit/e44a7104acdb593401054057f017216adb713548
lsf,3a61a397f070112d67742cef57a3ac2e3e18eaf8,bledsoef,User,bledsoef,2023-02-13T19:59:48Z,merged,https://github.com/BCStudentSoftwareDevTeam/lsf/commit/3a61a397f070112d67742cef57a3ac2e3e18eaf8
lsf,9ce046733b9d5ca69020feff6939311e7447a907,bledsoef,User,bledsoef,2023-02-13T19:52:04Z,Adjusted requirements,https://github.com/BCStudentSoftwareDevTeam/lsf/commit/9ce046733b9d5ca69020feff6939311e7447a907
lsf,cca8d0088ff21d16eb5cf09fb728665a814167be,sreynit02,User,web-flow,2023-02-10T21:46:53Z,"Merge pull request #403 from BCStudentSoftwareDevTeam/reset_evals_397

Reset evals 397",https://github.com/BCStudentSoftwareDevTeam/lsf/commit/cca8d0088ff21d16eb5cf09fb728665a814167be
lsf,896de1acdb114872f8c00a5b33e7a1d81fb80491,tylerpar99,User,tylerpar99,2023-02-10T21:39:47Z,fixed variable name.,https://github.com/BCStudentSoftwareDevTeam/lsf/commit/896de1acdb114872f8c00a5b33e7a1d81fb80491
lsf,672ad211e8b37b743723de72ade494b3ce781454,tylerpar99,User,tylerpar99,2023-02-10T21:37:52Z,Merge branch 'date_submitted_eval_396' of https://github.com/BCStudentSoftwareDevTeam/lsf into date_submitted_eval_396,https://github.com/BCStudentSoftwareDevTeam/lsf/commit/672ad211e8b37b743723de72ade494b3ce781454
lsf,9424e1da33cd44a098dc851fdaf82b9015eb9960,tylerpar99,User,tylerpar99,2023-02-10T21:37:19Z,Fixed variable name.,https://github.com/BCStudentSoftwareDevTeam/lsf/commit/9424e1da33cd44a098dc851fdaf82b9015eb9960
lsf,d6e025d401f33dc477127421b46e544e3506c3f7,sreynit02,User,sreynit02,2023-02-10T21:12:08Z,Merge branch 'date_submitted_eval_396' of https://github.com/BCStudentSoftwareDevTeam/lsf into date_submitted_eval_396,https://github.com/BCStudentSoftwareDevTeam/lsf/commit/d6e025d401f33dc477127421b46e544e3506c3f7
lsf,faf6f131c9d734ac8a56b7634f68e1210a063462,sreynit02,User,sreynit02,2023-02-10T21:01:14Z,Merge branch 'development' into date_submitted_eval_396,https://github.com/BCStudentSoftwareDevTeam/lsf/commit/faf6f131c9d734ac8a56b7634f68e1210a063462
lsf,2816311a8e8c502ca2bc371537503920fb977f5d,tylerpar99,User,tylerpar99,2023-02-10T20:54:51Z,Merge branch 'development' of https://github.com/BCStudentSoftwareDevTeam/lsf into new-supervisor-table-365,https://github.com/BCStudentSoftwareDevTeam/lsf/commit/2816311a8e8c502ca2bc371537503920fb977f5d
lsf,54b718d6f6487cd195cc778912afa1106612bcfc,tylerpar99,User,tylerpar99,2023-02-10T20:53:34Z,Merge branch 'development' of https://github.com/BCStudentSoftwareDevTeam/lsf into supervisor_search_presets,https://github.com/BCStudentSoftwareDevTeam/lsf/commit/54b718d6f6487cd195cc778912afa1106612bcfc
lsf,7d0df45b5b7dc32bf5888bee158bd9a3077cf8be,tylerpar99,User,tylerpar99,2023-02-10T20:52:09Z,Merge branch 'development' of https://github.com/BCStudentSoftwareDevTeam/lsf into date_submitted_eval_396,https://github.com/BCStudentSoftwareDevTeam/lsf/commit/7d0df45b5b7dc32bf5888bee158bd9a3077cf8be
lsf,4ebbdc6c536af80a108f038bd2ae4ddfce3a4761,tylerpar99,User,tylerpar99,2023-02-10T20:44:02Z,Merge branch 'development' of https://github.com/BCStudentSoftwareDevTeam/lsf into reset_evals_397,https://github.com/BCStudentSoftwareDevTeam/lsf/commit/4ebbdc6c536af80a108f038bd2ae4ddfce3a4761
lsf,356813fefc5ca5aca2af7641fd8a15b4477ab6f8,tylerpar99,User,tylerpar99,2023-02-10T20:41:48Z,Fixed the date manipulation.,https://github.com/BCStudentSoftwareDevTeam/lsf/commit/356813fefc5ca5aca2af7641fd8a15b4477ab6f8
lsf,bd4fab8be245e0a401ee6404c02556ed6a17eac9,tylerpar99,User,tylerpar99,2023-02-10T20:08:05Z,fixed modal to make it look more filled.,https://github.com/BCStudentSoftwareDevTeam/lsf/commit/bd4fab8be245e0a401ee6404c02556ed6a17eac9
lsf,eb70f597abcb26ae4b4a3754b42a5e0fb51b741c,tylerpar99,User,tylerpar99,2023-02-09T20:40:55Z,Finished testing sweet and fixed PR comments.,https://github.com/BCStudentSoftwareDevTeam/lsf/commit/eb70f597abcb26ae4b4a3754b42a5e0fb51b741c
lsf,b5c543093f5e84d8a230d6c6c850d8a47b3b026d,AndersonStettner,User,web-flow,2023-02-09T15:42:51Z,"Merge pull request #399 from BCStudentSoftwareDevTeam/notesCharacterFields392

changed charfield to textfield and removed character limits",https://github.com/BCStudentSoftwareDevTeam/lsf/commit/b5c543093f5e84d8a230d6c6c850d8a47b3b026d
lsf,39f1fe9862bee8223f3b4a83ac6f4a73923de99f,tylerpar99,User,tylerpar99,2023-02-08T21:58:59Z,Fixing our testing suite to pass.,https://github.com/BCStudentSoftwareDevTeam/lsf/commit/39f1fe9862bee8223f3b4a83ac6f4a73923de99f
lsf,0bdd7455b503265bdf6d9a66c0c833d80ee61ad6,Madina Solijonova,,Madina Solijonova,2023-02-07T20:49:50Z,working on test suite,https://github.com/BCStudentSoftwareDevTeam/lsf/commit/0bdd7455b503265bdf6d9a66c0c833d80ee61ad6
lsf,81d90427040f781b998959ca761393aadf915a46,tylerpar99,User,tylerpar99,2023-02-06T21:55:33Z,hit a snag with Peewee looking into it.,https://github.com/BCStudentSoftwareDevTeam/lsf/commit/81d90427040f781b998959ca761393aadf915a46
lsf,dff6a15f421a403003cfa5c35ba6c632f2720d61,tylerpar99,User,tylerpar99,2023-02-03T21:27:22Z,Working on testing suite.,https://github.com/BCStudentSoftwareDevTeam/lsf/commit/dff6a15f421a403003cfa5c35ba6c632f2720d61
lsf,413b1bb30c60d5c9410a26005c37dbf994a2ff8f,tylerpar99,User,tylerpar99,2023-02-02T21:26:05Z,Working on tests.,https://github.com/BCStudentSoftwareDevTeam/lsf/commit/413b1bb30c60d5c9410a26005c37dbf994a2ff8f
lsf,44fab4c2698b8777d1e0bfd921c04a20f54c5971,tylerpar99,User,tylerpar99,2023-02-01T20:46:18Z,Made button that will reset an existing Student eval form and then send the user to the blank form.,https://github.com/BCStudentSoftwareDevTeam/lsf/commit/44fab4c2698b8777d1e0bfd921c04a20f54c5971
lsf,ee2c7407393f09ec8370f80fd205af519449ab67,AndersonStettner,User,web-flow,2023-01-31T20:15:10Z,"Merge pull request #398 from BCStudentSoftwareDevTeam/withdraw-overload

Allow Students and Supervisor to Withdraw Overload Forms",https://github.com/BCStudentSoftwareDevTeam/lsf/commit/ee2c7407393f09ec8370f80fd205af519449ab67
lsf,54f4d1447641dbfec8d1de712115da92def13360,sreynit02,User,sreynit02,2023-01-30T15:30:19Z,wrap very long strings,https://github.com/BCStudentSoftwareDevTeam/lsf/commit/54f4d1447641dbfec8d1de712115da92def13360
lsf,5323530bce4f8e7b854d4bbbecced12183a4449a,tylerpar99,User,tylerpar99,2023-01-27T21:29:18Z,working on button reset functionality.,https://github.com/BCStudentSoftwareDevTeam/lsf/commit/5323530bce4f8e7b854d4bbbecced12183a4449a
lsf,88c1b962b97f25eca1df04f0c0c7d687b630753a,tylerpar99,User,tylerpar99,2023-01-27T21:08:26Z,fixed issue with trying to access a submit date for non submitted forms.,https://github.com/BCStudentSoftwareDevTeam/lsf/commit/88c1b962b97f25eca1df04f0c0c7d687b630753a
lsf,bb8ddd2b627bbf097198f0d1c3ab71b5cf8a2aef,tylerpar99,User,tylerpar99,2023-01-27T20:41:25Z,Working on reset button functionality.,https://github.com/BCStudentSoftwareDevTeam/lsf/commit/bb8ddd2b627bbf097198f0d1c3ab71b5cf8a2aef
lsf,e98884b1ee7109a23e2440052a447e19ee8970cf,sreynit02,User,sreynit02,2023-01-27T19:59:39Z,made textbox larger,https://github.com/BCStudentSoftwareDevTeam/lsf/commit/e98884b1ee7109a23e2440052a447e19ee8970cf
lsf,41042764589182a70f54d68a809ec608ad97ebef,tylerpar99,User,tylerpar99,2023-01-26T21:56:04Z,Created reset button and reset modal.,https://github.com/BCStudentSoftwareDevTeam/lsf/commit/41042764589182a70f54d68a809ec608ad97ebef
lsf,c31014f95259496bbc399606ef23740b39e2841d,tylerpar99,User,tylerpar99,2023-01-26T21:17:53Z,Added date submitted to lsf eval form and DB.,https://github.com/BCStudentSoftwareDevTeam/lsf/commit/c31014f95259496bbc399606ef23740b39e2841d
lsf,260a51c4a6ee8de982a0abd00814bd1113547109,tylerpar99,User,tylerpar99,2023-01-25T21:56:32Z,got date to save and appear on finished form. Need to format,https://github.com/BCStudentSoftwareDevTeam/lsf/commit/260a51c4a6ee8de982a0abd00814bd1113547109
lsf,c0b4e3f8b728a74e5208de6a5ccf5397103f866e,tylerpar99,User,tylerpar99,2023-01-25T20:02:05Z,replaced the variable name with the correct one. Works as expected.,https://github.com/BCStudentSoftwareDevTeam/lsf/commit/c0b4e3f8b728a74e5208de6a5ccf5397103f866e
lsf,3af92d3bebeff2388ca2f97e0a3523cec99f9d00,tylerpar99,User,tylerpar99,2023-01-23T20:44:02Z,Created testing function for new updating students and supervisors function.,https://github.com/BCStudentSoftwareDevTeam/lsf/commit/3af92d3bebeff2388ca2f97e0a3523cec99f9d00
lsf,42d920ede471f2155493514f7f14fc23148ee80a,tylerpar99,User,tylerpar99,2023-01-20T20:51:19Z,"Got script to update, need to test.",https://github.com/BCStudentSoftwareDevTeam/lsf/commit/42d920ede471f2155493514f7f14fc23148ee80a
lsf,13ba03e62a976917ff35a09aa9d7431ca80a3ccd,tylerpar99,User,tylerpar99,2023-01-19T21:49:41Z,Created a script that will update all user records against tracy.,https://github.com/BCStudentSoftwareDevTeam/lsf/commit/13ba03e62a976917ff35a09aa9d7431ca80a3ccd
lsf,24112581997c99e2c677aea83d55e66a11f111ed,tylerpar99,User,tylerpar99,2023-01-18T20:30:03Z,Added new fields to be updated with existing tracy function.,https://github.com/BCStudentSoftwareDevTeam/lsf/commit/24112581997c99e2c677aea83d55e66a11f111ed
lsf,cbecb638507e84e4820dbfe6e6466c2d320da73b,tylerpar99,User,tylerpar99,2023-01-18T19:51:27Z,Created branch for issue.,https://github.com/BCStudentSoftwareDevTeam/lsf/commit/cbecb638507e84e4820dbfe6e6466c2d320da73b
lsf,51ab080af6a060132466ec195913316436c9264c,gahimbaref,User,gahimbaref,2023-01-18T15:25:02Z,changed charfield to textfield and removed character limits,https://github.com/BCStudentSoftwareDevTeam/lsf/commit/51ab080af6a060132466ec195913316436c9264c
lsf,aa4d483a5669023a77d86449730af893cd3d45ae,Madina Solijonova,,Madina Solijonova,2023-01-17T20:31:46Z,finished test suite,https://github.com/BCStudentSoftwareDevTeam/lsf/commit/aa4d483a5669023a77d86449730af893cd3d45ae
lsf,9802051852b7dafc19eb19f2794a357f0818df45,tylerpar99,User,tylerpar99,2023-01-17T19:49:03Z,Got test request context to run with appropriate dictionary.,https://github.com/BCStudentSoftwareDevTeam/lsf/commit/9802051852b7dafc19eb19f2794a357f0818df45
lsf,ff977718608c71a69c301740ee30b95040dfca3f,sreynit02,User,sreynit02,2023-01-13T20:55:00Z,added withdraw buttons to overload forms,https://github.com/BCStudentSoftwareDevTeam/lsf/commit/ff977718608c71a69c301740ee30b95040dfca3f
lsf,8eff2b9785afcb2fb84a2a65b1fe960505e7c46f,tylerpar99,User,tylerpar99,2023-01-12T19:59:40Z,Fixed pending students and changed wording.,https://github.com/BCStudentSoftwareDevTeam/lsf/commit/8eff2b9785afcb2fb84a2a65b1fe960505e7c46f
lsf,fcbd691a5488fce7700d660e1a2e917234661a63,bledsoef,User,bledsoef,2023-01-09T19:11:21Z,Moved buttons out of accordion,https://github.com/BCStudentSoftwareDevTeam/lsf/commit/fcbd691a5488fce7700d660e1a2e917234661a63
lsf,666d48bd1b458d71c355e1c005820a0981d02016,bledsoef,User,bledsoef,2022-12-15T16:21:46Z,Fixed bug and removed print statement,https://github.com/BCStudentSoftwareDevTeam/lsf/commit/666d48bd1b458d71c355e1c005820a0981d02016
lsf,3df4bdc8384d0bb8893035221aac915ae11e2003,tylerpar99,User,tylerpar99,2022-12-14T16:34:18Z,Evaluations missing now shows current user due evals rather than whole department.,https://github.com/BCStudentSoftwareDevTeam/lsf/commit/3df4bdc8384d0bb8893035221aac915ae11e2003
lsf,2c57f1c47e93bf38acc0ee59e08ef188dbd9541b,tylerpar99,User,tylerpar99,2022-12-14T15:16:42Z,Successfully got preset buttons workin as well as limiting results for non admins.,https://github.com/BCStudentSoftwareDevTeam/lsf/commit/2c57f1c47e93bf38acc0ee59e08ef188dbd9541b
lsf,60ca1227848d050de30061f1f67ea716e7b53d5a,tylerpar99,User,tylerpar99,2022-12-14T12:42:29Z,working on presets.,https://github.com/BCStudentSoftwareDevTeam/lsf/commit/60ca1227848d050de30061f1f67ea716e7b53d5a
lsf,27133165afa6e9f8fee8fdbd5a0e236e9affcfa9,bledsoef,User,bledsoef,2022-12-09T14:54:22Z,added buttons to formSearch,https://github.com/BCStudentSoftwareDevTeam/lsf/commit/27133165afa6e9f8fee8fdbd5a0e236e9affcfa9
lsf,b1f4636cc4b0ff455e90bca741f61755fb23243c,tylerpar99,User,tylerpar99,2022-12-09T14:05:24Z,Merge branch 'development' of https://github.com/BCStudentSoftwareDevTeam/lsf into new-supervisor-table-365,https://github.com/BCStudentSoftwareDevTeam/lsf/commit/b1f4636cc4b0ff455e90bca741f61755fb23243c
lsf,7b03fb0d142bb5a75ed9a03b97e510d9bf8d8c22,tylerpar99,User,tylerpar99,2022-12-09T14:04:19Z,Fixed PR Comments and flasher.,https://github.com/BCStudentSoftwareDevTeam/lsf/commit/7b03fb0d142bb5a75ed9a03b97e510d9bf8d8c22
lsf,61f109d22db954cec71060a09b6c8d4a40efb4a0,bledsoef,User,bledsoef,2022-12-09T13:07:32Z,Merge branch 'development' of github.com:BCStudentSoftwareDevTeam/lsf into new-supervisor-table-365,https://github.com/BCStudentSoftwareDevTeam/lsf/commit/61f109d22db954cec71060a09b6c8d4a40efb4a0
lsf,c50e29c2b04ea55e5c2eeeffec603f83f7756387,sheggen,User,sheggen,2022-12-06T17:08:46Z,Add an up to date production backup,https://github.com/BCStudentSoftwareDevTeam/lsf/commit/c50e29c2b04ea55e5c2eeeffec603f83f7756387
lsf,aee5790e9f33d0c6ba01c83c2f7c5e8dfe624d15,sheggen,User,sheggen,2022-12-05T16:31:07Z,"Create a new, scrubbed production backup",https://github.com/BCStudentSoftwareDevTeam/lsf/commit/aee5790e9f33d0c6ba01c83c2f7c5e8dfe624d15
lsf,1801b1653b5ac0af2e24e42c6e14bd7fbf9b9202,bledsoef,User,bledsoef,2022-12-05T15:33:22Z,Finalized functionality and adjusted tests,https://github.com/BCStudentSoftwareDevTeam/lsf/commit/1801b1653b5ac0af2e24e42c6e14bd7fbf9b9202
lsf,abed58e60abafcfe705a7f37b85b160e9e3495d9,sheggen,User,sheggen,2022-12-05T15:07:54Z,Merge branch 'production' of github.com:BCStudentSoftwareDevTeam/lsf into production,https://github.com/BCStudentSoftwareDevTeam/lsf/commit/abed58e60abafcfe705a7f37b85b160e9e3495d9
lsf,fcee622558f675fcb417babf7b97bf5b6788a494,bledsoef,User,bledsoef,2022-12-01T21:04:12Z,Fixed database issue,https://github.com/BCStudentSoftwareDevTeam/lsf/commit/fcee622558f675fcb417babf7b97bf5b6788a494
lsf,92fd859895950a8cdd12a65d4b521acdb67b2655,bledsoef,User,bledsoef,2022-11-30T14:55:55Z,Adjusted logic to take into account the new model,https://github.com/BCStudentSoftwareDevTeam/lsf/commit/92fd859895950a8cdd12a65d4b521acdb67b2655
lsf,7dd712000049282c1adfa3494e09559ff9e73c67,tylerpar99,User,tylerpar99,2022-11-30T13:45:24Z,working on supervisordept route.,https://github.com/BCStudentSoftwareDevTeam/lsf/commit/7dd712000049282c1adfa3494e09559ff9e73c67
lsf,5620722157f19f607f4a69c01ee470cb09eca959,tylerpar99,User,tylerpar99,2022-11-28T12:59:17Z,Merge branch 'development' of https://github.com/BCStudentSoftwareDevTeam/lsf into new-supervisor-table-365,https://github.com/BCStudentSoftwareDevTeam/lsf/commit/5620722157f19f607f4a69c01ee470cb09eca959
lsf,095a6ade838ba8a9da8dbdcb6516385b602ffc6c,bledsoef,User,bledsoef,2022-11-18T20:56:35Z,Fiddled with models,https://github.com/BCStudentSoftwareDevTeam/lsf/commit/095a6ade838ba8a9da8dbdcb6516385b602ffc6c
lsf,b77c6bb9089e8e95b689d8fbc26872097395e226,sreynit02,User,sreynit02,2022-11-18T20:41:53Z,removed label and reverse order of notes,https://github.com/BCStudentSoftwareDevTeam/lsf/commit/b77c6bb9089e8e95b689d8fbc26872097395e226
lsf,ef5e4d7e4805ce1351dab3d714603953954979d7,tylerpar99,User,tylerpar99,2022-11-18T19:00:28Z,"Broke from-backup, attempting to get the new table structure into pro-backup but for some reason on reset it did not work for me.",https://github.com/BCStudentSoftwareDevTeam/lsf/commit/ef5e4d7e4805ce1351dab3d714603953954979d7
lsf,b64c732b90e5e26dbe2c1fe7e919ee975dbc4b18,bledsoef,User,bledsoef,2022-11-18T14:58:57Z,created new table and created a new modal for adding supervisors,https://github.com/BCStudentSoftwareDevTeam/lsf/commit/b64c732b90e5e26dbe2c1fe7e919ee975dbc4b18
lsf,a1a14b0200aec6ca15ef3374b64c54a480aefc34,tylerpar99,User,tylerpar99,2022-11-18T13:30:20Z,Fixed PR comments.,https://github.com/BCStudentSoftwareDevTeam/lsf/commit/a1a14b0200aec6ca15ef3374b64c54a480aefc34
lsf,d9463e010dc29ccf98109e79c718e785ac576552,sreynit02,User,sreynit02,2022-11-17T21:24:15Z,added character limits and corrected the notes count,https://github.com/BCStudentSoftwareDevTeam/lsf/commit/d9463e010dc29ccf98109e79c718e785ac576552
lsf,d97df9acf767ab2bbe017bc2cb6ea60db8a959f2,sreynit02,User,sreynit02,2022-11-16T22:01:35Z,remove debug statements,https://github.com/BCStudentSoftwareDevTeam/lsf/commit/d97df9acf767ab2bbe017bc2cb6ea60db8a959f2
lsf,4a2d45485df9bb9410808a161c60e3281bda2d5d,sreynit02,User,sreynit02,2022-11-16T21:00:16Z,set word limits for textarea,https://github.com/BCStudentSoftwareDevTeam/lsf/commit/4a2d45485df9bb9410808a161c60e3281bda2d5d
lsf,2f99ea0f5deeb86cc638da38911417cca67eaac6,tylerpar99,User,tylerpar99,2022-11-16T13:34:16Z,increased time to 15 min.,https://github.com/BCStudentSoftwareDevTeam/lsf/commit/2f99ea0f5deeb86cc638da38911417cca67eaac6
lsf,aa3c29e16b1f4a7b8a279e7efbb2593edb943743,tylerpar99,User,tylerpar99,2022-11-16T13:20:22Z,Merge branch 'rework-supervisor-portal-362' of https://github.com/BCStudentSoftwareDevTeam/lsf into supervisor-labor-evaluate,https://github.com/BCStudentSoftwareDevTeam/lsf/commit/aa3c29e16b1f4a7b8a279e7efbb2593edb943743
lsf,4c1d3d5146e5a261efdd5e49eb627aa5d8a76f3d,tylerpar99,User,tylerpar99,2022-11-16T13:14:45Z,Got cookies working on the form search page and got cookies to work with the LSF page. However there is an issue with the errors the page throws.,https://github.com/BCStudentSoftwareDevTeam/lsf/commit/4c1d3d5146e5a261efdd5e49eb627aa5d8a76f3d
lsf,e1d01bbe61cc8fbff4c6c6144c3ba7e2f129b9e5,tylerpar99,User,tylerpar99,2022-11-14T13:15:38Z,Fixed camelCase.,https://github.com/BCStudentSoftwareDevTeam/lsf/commit/e1d01bbe61cc8fbff4c6c6144c3ba7e2f129b9e5
lsf,01999669832aa3464b1ca9b48e6555473adf4d0a,tylerpar99,User,tylerpar99,2022-11-14T12:52:27Z,Merge branch 'rework-supervisor-portal-362' of https://github.com/BCStudentSoftwareDevTeam/lsf into rework-supervisor-portal-362,https://github.com/BCStudentSoftwareDevTeam/lsf/commit/01999669832aa3464b1ca9b48e6555473adf4d0a
lsf,94618d77dc53bb239849999233769a4095553772,tylerpar99,User,tylerpar99,2022-11-11T18:39:45Z,Working on fixing other areas that our fixes affect.,https://github.com/BCStudentSoftwareDevTeam/lsf/commit/94618d77dc53bb239849999233769a4095553772
lsf,eff59312c0983a9ced2a2c6891f3f65b0c111b4d,tylerpar99,User,tylerpar99,2022-11-11T13:52:48Z,merged in rework to get this branch caught up. IN PROGRESS.,https://github.com/BCStudentSoftwareDevTeam/lsf/commit/eff59312c0983a9ced2a2c6891f3f65b0c111b4d
lsf,efb1b57f2d1669094127a740cdbf1b02f10275df,AndersonStettner,User,tylerpar99,2022-11-09T14:13:36Z,removing what Tyler asked.,https://github.com/BCStudentSoftwareDevTeam/lsf/commit/efb1b57f2d1669094127a740cdbf1b02f10275df
lsf,dcaddf4ce8e1f83b8bf0ab91acc13bf6e04e3d5c,sreynit02,User,sreynit02,2022-11-10T21:40:25Z,bold and italicize username,https://github.com/BCStudentSoftwareDevTeam/lsf/commit/dcaddf4ce8e1f83b8bf0ab91acc13bf6e04e3d5c
lsf,cbd25249006a271750268379fecc0d204227d834,sreynit02,User,sreynit02,2022-11-10T21:26:55Z,get notes to display correctly,https://github.com/BCStudentSoftwareDevTeam/lsf/commit/cbd25249006a271750268379fecc0d204227d834
lsf,c57864a2f44413d8917c4812520e1b39500c9c01,AndersonStettner,User,AndersonStettner,2022-11-10T15:30:56Z,fixed the footer on the fin aid page.,https://github.com/BCStudentSoftwareDevTeam/lsf/commit/c57864a2f44413d8917c4812520e1b39500c9c01
lsf,9704e236ce4f20a93a85fa638ac410bf82fc611e,AndersonStettner,User,AndersonStettner,2022-11-10T14:34:51Z,Merge branch 'saas-finAid-Note' of github.com:BCStudentSoftwareDevTeam/lsf into saas-finAid-Note,https://github.com/BCStudentSoftwareDevTeam/lsf/commit/9704e236ce4f20a93a85fa638ac410bf82fc611e
lsf,8ef9d2eebc0b8ac1e42f1508f2e7e6d634ea0ba2,sreynit02,User,sreynit02,2022-11-09T21:00:48Z,Add Label to notes box for SAAS,https://github.com/BCStudentSoftwareDevTeam/lsf/commit/8ef9d2eebc0b8ac1e42f1508f2e7e6d634ea0ba2
lsf,4f5f1b079e32c6774438688d61c92fceff1452dc,tylerpar99,User,tylerpar99,2022-11-09T14:44:04Z,Merge branch 'develsopment' of https://github.com/BCStudentSoftwareDevTeam/lsf into supervisor-labor-evaluate,https://github.com/BCStudentSoftwareDevTeam/lsf/commit/4f5f1b079e32c6774438688d61c92fceff1452dc
lsf,aa796791495e3d0d7dce2142f3bcde1244dce236,AndersonStettner,User,AndersonStettner,2022-11-09T14:13:36Z,removing what Tyler asked.,https://github.com/BCStudentSoftwareDevTeam/lsf/commit/aa796791495e3d0d7dce2142f3bcde1244dce236
lsf,273f1c881e7507f636de43da96cfca45d8c04c51,AndersonStettner,User,AndersonStettner,2022-11-09T14:07:56Z,Merge branch 'rework-supervisor-portal-362' of github.com:BCStudentSoftwareDevTeam/lsf into rework-supervisor-portal-362,https://github.com/BCStudentSoftwareDevTeam/lsf/commit/273f1c881e7507f636de43da96cfca45d8c04c51
lsf,daff1fe51ab703789baba235cd59a73bb96b59b0,tylerpar99,User,tylerpar99,2022-11-09T14:02:17Z,Fixed Pr comments and some other bugs that arrived.,https://github.com/BCStudentSoftwareDevTeam/lsf/commit/daff1fe51ab703789baba235cd59a73bb96b59b0
lsf,1b041a6b1ace9ba434b7af58f2cc328b40c6f67c,tylerpar99,User,tylerpar99,2022-11-04T14:34:12Z,Working on cookies.,https://github.com/BCStudentSoftwareDevTeam/lsf/commit/1b041a6b1ace9ba434b7af58f2cc328b40c6f67c
lsf,a302c9a22e2981c9d0bf0f4e200e3d936a1f367d,AndersonStettner,User,AndersonStettner,2022-11-03T13:17:02Z,Merge branch 'rework-supervisor-portal-362' of github.com:BCStudentSoftwareDevTeam/lsf into rework-supervisor-portal-362,https://github.com/BCStudentSoftwareDevTeam/lsf/commit/a302c9a22e2981c9d0bf0f4e200e3d936a1f367d
lsf,6aa98a2763b18edac054de2ad0b4412797020335,bledsoef,User,bledsoef,2022-11-02T14:16:02Z,"Almost got cookies working, just need to figure out how to redirect the page",https://github.com/BCStudentSoftwareDevTeam/lsf/commit/6aa98a2763b18edac054de2ad0b4412797020335
lsf,3f281873ed24153c466b2c2b985aedf1f9710eb2,tylerpar99,User,tylerpar99,2022-11-02T14:09:18Z,Fixed PR comments.,https://github.com/BCStudentSoftwareDevTeam/lsf/commit/3f281873ed24153c466b2c2b985aedf1f9710eb2
lsf,487cbbcef72db43311c464ed4f018c8bb358c149,tylerpar99,User,tylerpar99,2022-11-02T14:00:24Z,Changed accordion to jquery ui.,https://github.com/BCStudentSoftwareDevTeam/lsf/commit/487cbbcef72db43311c464ed4f018c8bb358c149
lsf,0cf6c899b04de451fa5583d2e0cdeb8fbe1df20e,AndersonStettner,User,AndersonStettner,2022-10-31T19:26:32Z,Merge branch 'saas-finAid-Note' of github.com:BCStudentSoftwareDevTeam/lsf into saas-finAid-Note,https://github.com/BCStudentSoftwareDevTeam/lsf/commit/0cf6c899b04de451fa5583d2e0cdeb8fbe1df20e
lsf,34c4d40b3861274021cb6e36a00057e0cff538a4,tylerpar99,User,tylerpar99,2022-10-31T14:25:34Z,"Got rid of icons, fixed accordion closing. IN PROGRESS.",https://github.com/BCStudentSoftwareDevTeam/lsf/commit/34c4d40b3861274021cb6e36a00057e0cff538a4
lsf,35c626280eed82a7f6dc9746bdfb40c818320943,AndersonStettner,User,AndersonStettner,2022-10-31T13:44:53Z,Merge branch 'rework-supervisor-portal-362' of github.com:BCStudentSoftwareDevTeam/lsf into rework-supervisor-portal-362,https://github.com/BCStudentSoftwareDevTeam/lsf/commit/35c626280eed82a7f6dc9746bdfb40c818320943
lsf,2a6afde50aa06247aabf77c9f96184fe0199b192,tylerpar99,User,tylerpar99,2022-10-31T13:41:06Z,Made accordion stay open with flash. IN PROGRESS.,https://github.com/BCStudentSoftwareDevTeam/lsf/commit/2a6afde50aa06247aabf77c9f96184fe0199b192
lsf,b08e0fa0677372e99e99e0c89eb5a89b5ed04375,AndersonStettner,User,AndersonStettner,2022-10-28T17:47:19Z,Merge branch 'development' of github.com:BCStudentSoftwareDevTeam/lsf into rework-supervisor-portal-362,https://github.com/BCStudentSoftwareDevTeam/lsf/commit/b08e0fa0677372e99e99e0c89eb5a89b5ed04375
lsf,89f810fc0a704e5dd4162b0d740ca546b1fe378d,bledsoef,User,bledsoef,2022-10-28T14:36:52Z,Added cookies and adjusted some redirections,https://github.com/BCStudentSoftwareDevTeam/lsf/commit/89f810fc0a704e5dd4162b0d740ca546b1fe378d
lsf,9caae578d2a6c407b1ff910c6ee9a55c61e1f223,bledsoef,User,bledsoef,2022-10-28T12:21:28Z,Merge branch 'rework-supervisor-portal-362' of github.com:BCStudentSoftwareDevTeam/lsf into supervisor-labor-evaluate,https://github.com/BCStudentSoftwareDevTeam/lsf/commit/9caae578d2a6c407b1ff910c6ee9a55c61e1f223
lsf,d9a5590669cc5a01fdae7b93a93e298516708211,tylerpar99,User,tylerpar99,2022-10-28T12:16:01Z,added the Dept Id to studenthistoryModal.,https://github.com/BCStudentSoftwareDevTeam/lsf/commit/d9a5590669cc5a01fdae7b93a93e298516708211
lsf,7460cd90380fdec334d6d8c86cc3b928af2475d9,tylerpar99,User,tylerpar99,2022-10-26T14:29:58Z,Made name clickable and leads to laborhistorymodal. IN PROGRESS.,https://github.com/BCStudentSoftwareDevTeam/lsf/commit/7460cd90380fdec334d6d8c86cc3b928af2475d9
lsf,d19ef9e28b89b1826f84838fd932c50bd1748951,tylerpar99,User,tylerpar99,2022-10-26T13:40:54Z,Got the status and type field combined.,https://github.com/BCStudentSoftwareDevTeam/lsf/commit/d19ef9e28b89b1826f84838fd932c50bd1748951
lsf,06a281130d7a94362a4b5e4a0fff5dda0f4915e6,tylerpar99,User,tylerpar99,2022-10-24T14:26:19Z,Worked on shrinking the data table by combining and renamding comlumns. In Progress.,https://github.com/BCStudentSoftwareDevTeam/lsf/commit/06a281130d7a94362a4b5e4a0fff5dda0f4915e6
lsf,e0b54fc82e0c310f38b1bf51d4cfd5ccf2f035da,tylerpar99,User,tylerpar99,2022-10-17T13:31:19Z,Removed print statements.,https://github.com/BCStudentSoftwareDevTeam/lsf/commit/e0b54fc82e0c310f38b1bf51d4cfd5ccf2f035da
lsf,5299715826b1f42959a3dc332fd7b825de5a511b,tylerpar99,User,tylerpar99,2022-10-17T13:04:51Z,opened up evaluation permitions.,https://github.com/BCStudentSoftwareDevTeam/lsf/commit/5299715826b1f42959a3dc332fd7b825de5a511b
lsf,09b56f2496955f9d79000078e8a36a2e7ee366c8,tylerpar99,User,tylerpar99,2022-10-17T12:29:51Z,Working on finding origin of problem.,https://github.com/BCStudentSoftwareDevTeam/lsf/commit/09b56f2496955f9d79000078e8a36a2e7ee366c8
lsf,aa86a7220155d8abff6e3d37a8aca0d4b02b718b,sreynit02,User,sreynit02,2022-10-14T18:42:58Z,fixed merge conflict,https://github.com/BCStudentSoftwareDevTeam/lsf/commit/aa86a7220155d8abff6e3d37a8aca0d4b02b718b
lsf,c53c4715a12e802172a4d70f721db26b9e715b5b,sreynit02,User,sreynit02,2022-10-14T18:21:50Z,Merge branch 'saas-finAid-Note' of https://github.com/BCStudentSoftwareDevTeam/lsf into saas-finAid-Note,https://github.com/BCStudentSoftwareDevTeam/lsf/commit/c53c4715a12e802172a4d70f721db26b9e715b5b
lsf,bc5049a591d1b14b10de1847b638a019e5762944,sreynit02,User,sreynit02,2022-10-14T18:19:10Z,"Revert ""display notes from FA and SAAS. Label notes type according to type of user""

This reverts commit 93fb5f9eb679e8c3f488dd7381a67bf002195ffa.",https://github.com/BCStudentSoftwareDevTeam/lsf/commit/bc5049a591d1b14b10de1847b638a019e5762944
lsf,d13b955eceac4d56d7958b89929b1b205c28333f,tylerpar99,User,tylerpar99,2022-10-14T12:28:17Z,fixed a failing test.,https://github.com/BCStudentSoftwareDevTeam/lsf/commit/d13b955eceac4d56d7958b89929b1b205c28333f
lsf,2391d8da91a607f859a269999e0b7b23257ad7d0,tylerpar99,User,tylerpar99,2022-10-14T12:27:50Z,Merge branch 'rework-supervisor-portal-362' of https://github.com/BCStudentSoftwareDevTeam/lsf into rework-supervisor-portal-362,https://github.com/BCStudentSoftwareDevTeam/lsf/commit/2391d8da91a607f859a269999e0b7b23257ad7d0
lsf,8e0506e7fc20ee12e6e0208bfd59290d14b3a93f,bledsoef,User,bledsoef,2022-10-14T12:24:55Z,Merge conflicts,https://github.com/BCStudentSoftwareDevTeam/lsf/commit/8e0506e7fc20ee12e6e0208bfd59290d14b3a93f
lsf,8f782b6510cf583265800b4acef70f5486542a65,tylerpar99,User,tylerpar99,2022-10-14T12:19:59Z,Merge branch 'development' of https://github.com/BCStudentSoftwareDevTeam/lsf into rework-supervisor-portal-362,https://github.com/BCStudentSoftwareDevTeam/lsf/commit/8f782b6510cf583265800b4acef70f5486542a65
lsf,a459a1feb5b56ad87494348eb609484f8d4f51a6,sreynit02,User,sreynit02,2022-10-13T19:52:41Z,fixed merge conflict,https://github.com/BCStudentSoftwareDevTeam/lsf/commit/a459a1feb5b56ad87494348eb609484f8d4f51a6
lsf,382bbcb3c49883216bd9e2997a988a011908cca9,AndersonStettner,User,AndersonStettner,2022-10-13T19:38:50Z,Merge branch 'development' of github.com:BCStudentSoftwareDevTeam/lsf into saas-finAid-Note,https://github.com/BCStudentSoftwareDevTeam/lsf/commit/382bbcb3c49883216bd9e2997a988a011908cca9
lsf,b11d583e1e55dbc3f0467197a5be231638780c8d,sreynit02,User,sreynit02,2022-10-12T19:48:24Z,Merge branch 'saas-finAid-Note' of https://github.com/BCStudentSoftwareDevTeam/lsf into saas-finAid-Note,https://github.com/BCStudentSoftwareDevTeam/lsf/commit/b11d583e1e55dbc3f0467197a5be231638780c8d
lsf,93fb5f9eb679e8c3f488dd7381a67bf002195ffa,sreynit02,User,sreynit02,2022-10-12T19:45:52Z,display notes from FA and SAAS. Label notes type according to type of user,https://github.com/BCStudentSoftwareDevTeam/lsf/commit/93fb5f9eb679e8c3f488dd7381a67bf002195ffa
lsf,3e1fdbc648809a740cf4edee0331d52cb41357eb,bledsoef,User,bledsoef,2022-10-12T14:27:03Z,"Removed links from names on Form Search, added SQL into prod, changed dropdown to button when necessary",https://github.com/BCStudentSoftwareDevTeam/lsf/commit/3e1fdbc648809a740cf4edee0331d52cb41357eb
lsf,aabfbd212ca7771f0f9131c1e32fa31279f12857,tylerpar99,User,tylerpar99,2022-10-10T19:20:00Z,Made the accordion font size larger.,https://github.com/BCStudentSoftwareDevTeam/lsf/commit/aabfbd212ca7771f0f9131c1e32fa31279f12857
lsf,02eeb6f50571dae44db916c800f024c66908eb21,tylerpar99,User,tylerpar99,2022-10-10T18:37:54Z,"created accordion, fixed sidebar, setup collapsing. Fixed ajax error.",https://github.com/BCStudentSoftwareDevTeam/lsf/commit/02eeb6f50571dae44db916c800f024c66908eb21
lsf,7708d6b2bae2d6f717ee9f3723e6e6efe2b08622,tylerpar99,User,tylerpar99,2022-10-07T19:44:22Z,Working on accordion.,https://github.com/BCStudentSoftwareDevTeam/lsf/commit/7708d6b2bae2d6f717ee9f3723e6e6efe2b08622
lsf,4eac0b80889852cf8808c8b8a8e2967c0801d543,tylerpar99,User,tylerpar99,2022-10-07T18:27:52Z,Fixed PR comments.,https://github.com/BCStudentSoftwareDevTeam/lsf/commit/4eac0b80889852cf8808c8b8a8e2967c0801d543
lsf,e8b316deff05e09c16c72df580c6de22dd12954c,tylerpar99,User,tylerpar99,2022-10-07T13:43:08Z,Reverted form search to be the supervisor portal as well as changed naming.,https://github.com/BCStudentSoftwareDevTeam/lsf/commit/e8b316deff05e09c16c72df580c6de22dd12954c
lsf,4db56f30ff7897f1a492b8a8bb0b8d7764352076,tylerpar99,User,tylerpar99,2022-10-07T12:47:46Z,Fixed issue with choosing a department breaking the form search table.,https://github.com/BCStudentSoftwareDevTeam/lsf/commit/4db56f30ff7897f1a492b8a8bb0b8d7764352076
lsf,68fc4bcbc4a496a5368ddf578de66792cbe4566b,tylerpar99,User,tylerpar99,2022-10-03T12:32:45Z,Fixed PR Comments. READY FOR REVIEW.,https://github.com/BCStudentSoftwareDevTeam/lsf/commit/68fc4bcbc4a496a5368ddf578de66792cbe4566b
lsf,b033c48f10c7ceb2970ea5e61a537721320583a3,bledsoef,User,bledsoef,2022-09-30T14:03:52Z,Fixed bug in form search and consolidated code.,https://github.com/BCStudentSoftwareDevTeam/lsf/commit/b033c48f10c7ceb2970ea5e61a537721320583a3
lsf,6f2e5a9c77cb48b87d5fb4da9705f170fabb6a4d,tylerpar99,User,tylerpar99,2022-09-28T13:35:21Z,Fixed PR comments. READY FOR REVIEW.,https://github.com/BCStudentSoftwareDevTeam/lsf/commit/6f2e5a9c77cb48b87d5fb4da9705f170fabb6a4d
lsf,7b4605a059e1d66f791fdd6c2f584a463cc1a5a8,bledsoef,User,bledsoef,2022-09-26T14:21:20Z,Addressed PR changes (Still more to do),https://github.com/BCStudentSoftwareDevTeam/lsf/commit/7b4605a059e1d66f791fdd6c2f584a463cc1a5a8
lsf,7ca458aa73065f4d857c9034ed53a93e92e0da69,sreynit02,User,web-flow,2022-09-23T20:07:28Z,"Merge pull request #384 from BCStudentSoftwareDevTeam/term-managment-date-fix

Fixed dates showing when user leaves term management page",https://github.com/BCStudentSoftwareDevTeam/lsf/commit/7ca458aa73065f4d857c9034ed53a93e92e0da69
lsf,f3ee24473390dc4d63dbfdba46f59c8e42612856,tylerpar99,User,tylerpar99,2022-09-23T18:49:23Z,Fixing PR comments. STILL IN PROGRESS.,https://github.com/BCStudentSoftwareDevTeam/lsf/commit/f3ee24473390dc4d63dbfdba46f59c8e42612856
lsf,19b1eeb07ecae159b65d90ded34b0b359b276a96,martinj2-dot,User,martinj2-dot,2022-09-22T19:02:04Z,removed unnecessary conditional,https://github.com/BCStudentSoftwareDevTeam/lsf/commit/19b1eeb07ecae159b65d90ded34b0b359b276a96
lsf,5c3761f158bd1418df3aa44976a5c50b689e45cf,martinj2-dot,User,martinj2-dot,2022-09-22T14:57:36Z,Fixed dates showing,https://github.com/BCStudentSoftwareDevTeam/lsf/commit/5c3761f158bd1418df3aa44976a5c50b689e45cf
lsf,197c08ad1ab2172c97da57502778d234f81a747a,bledsoef,User,bledsoef,2022-09-21T13:49:47Z,Fixed sidebar dropdown bug,https://github.com/BCStudentSoftwareDevTeam/lsf/commit/197c08ad1ab2172c97da57502778d234f81a747a
lsf,56990933aba4a7b2d619a1d775e3f216767772e4,tylerpar99,User,tylerpar99,2022-09-19T14:01:43Z,Made query changes to aline with permission changes.,https://github.com/BCStudentSoftwareDevTeam/lsf/commit/56990933aba4a7b2d619a1d775e3f216767772e4
lsf,f081238eadc470dc1352a928bfb215e298f39584,bledsoef,User,bledsoef,2022-09-16T19:44:05Z,Finished query,https://github.com/BCStudentSoftwareDevTeam/lsf/commit/f081238eadc470dc1352a928bfb215e298f39584
lsf,7b67a306a484a3e04046c0c524a10508ca043007,tylerpar99,User,tylerpar99,2022-09-16T17:59:07Z,Altering search query.,https://github.com/BCStudentSoftwareDevTeam/lsf/commit/7b67a306a484a3e04046c0c524a10508ca043007
lsf,fc60376c41e6bed3c549efef9e8133e344be8f89,tylerpar99,User,tylerpar99,2022-09-16T13:28:18Z,Merge branch 'development' of github.com:BCStudentSoftwareDevTeam/lsf into faculty_staff_search_permissions_366,https://github.com/BCStudentSoftwareDevTeam/lsf/commit/fc60376c41e6bed3c549efef9e8133e344be8f89
lsf,8dfd74668b3a88f458b585f369d48e2cd95c912d,bledsoef,User,bledsoef,2022-09-16T12:34:47Z,Added PR changes and cherry-picked unnecessary change.,https://github.com/BCStudentSoftwareDevTeam/lsf/commit/8dfd74668b3a88f458b585f369d48e2cd95c912d
lsf,f636d83aff250f10cc029c47b558bf94972f8fd2,tylerpar99,User,web-flow,2022-09-16T12:02:15Z,"Merge pull request #361 from BCStudentSoftwareDevTeam/clickablePending

Show pending form on student labor history page",https://github.com/BCStudentSoftwareDevTeam/lsf/commit/f636d83aff250f10cc029c47b558bf94972f8fd2
lsf,c9ac14359720ecebccafb080b178e36f37d4c4d6,sreynit02,User,sreynit02,2022-09-14T17:59:19Z,edit function and variable names,https://github.com/BCStudentSoftwareDevTeam/lsf/commit/c9ac14359720ecebccafb080b178e36f37d4c4d6
lsf,e3dce7640cf261a0b3f0628bc8bc3beaa88bfdfe,tylerpar99,User,tylerpar99,2022-09-14T14:21:42Z,fixing a sql error with prod data. Brians fix.,https://github.com/BCStudentSoftwareDevTeam/lsf/commit/e3dce7640cf261a0b3f0628bc8bc3beaa88bfdfe
lsf,3b2c3705c4eba75a384d5385e9d07811f1801ad2,tylerpar99,User,tylerpar99,2022-09-09T19:58:29Z,"query now returns nothing instead of everything, Progress?",https://github.com/BCStudentSoftwareDevTeam/lsf/commit/3b2c3705c4eba75a384d5385e9d07811f1801ad2
lsf,d4115c8bedd98ff1cfcb508f9aefacc058df8d83,bledsoef,User,bledsoef,2022-09-09T13:40:14Z,Completed tests... hopefully,https://github.com/BCStudentSoftwareDevTeam/lsf/commit/d4115c8bedd98ff1cfcb508f9aefacc058df8d83
lsf,1189d4c71ae0a0077a850f86bc0dbc10781a7282,tylerpar99,User,tylerpar99,2022-09-07T14:25:25Z,Creating test for new function.,https://github.com/BCStudentSoftwareDevTeam/lsf/commit/1189d4c71ae0a0077a850f86bc0dbc10781a7282
lsf,5b9eb992a5a0e8db7d7ce6b5919d72d324edde5b,sreynit02,User,sreynit02,2022-09-05T17:29:56Z,changed variable name,https://github.com/BCStudentSoftwareDevTeam/lsf/commit/5b9eb992a5a0e8db7d7ce6b5919d72d324edde5b
lsf,c2c371fc1f0c56e1c770cda78aefebaf2cabb61b,bledsoef,User,bledsoef,2022-09-05T14:17:58Z,Adjusted permissions on student search,https://github.com/BCStudentSoftwareDevTeam/lsf/commit/c2c371fc1f0c56e1c770cda78aefebaf2cabb61b
lsf,ee82c9bca3b7795505bf5735c0c514ff267a1579,tylerpar99,User,tylerpar99,2022-09-05T13:08:53Z,Moved files to make Form Search and Student Search Accessable to supervisors.,https://github.com/BCStudentSoftwareDevTeam/lsf/commit/ee82c9bca3b7795505bf5735c0c514ff267a1579
lsf,ae7d78ba8f319d8d4e7895711acbfdbfc33d18b3,sreynit02,User,sreynit02,2022-09-05T02:17:41Z,save note for overload form,https://github.com/BCStudentSoftwareDevTeam/lsf/commit/ae7d78ba8f319d8d4e7895711acbfdbfc33d18b3
lsf,fa336f6848e630f0cabec9b63b5c1c4326161d23,bledsoef,User,bledsoef,2022-09-02T20:42:17Z,Moved pages out of admin dropdown and adjusted supervisor form search permissions,https://github.com/BCStudentSoftwareDevTeam/lsf/commit/fa336f6848e630f0cabec9b63b5c1c4326161d23
lsf,cc145960dc8cd3e12a3574e5da8a2113643bbb86,AndersonStettner,User,AndersonStettner,2022-08-30T13:53:42Z,able to reset from backout now,https://github.com/BCStudentSoftwareDevTeam/lsf/commit/cc145960dc8cd3e12a3574e5da8a2113643bbb86
lsf,198e4eeef3265bffac89d84e6078fa3c41db3402,sreynit02,User,sreynit02,2022-08-29T20:56:02Z,added Note box on OverloadApproval page,https://github.com/BCStudentSoftwareDevTeam/lsf/commit/198e4eeef3265bffac89d84e6078fa3c41db3402
lsf,96c4086c130edd6f77b969e157e6337e5ec48051,thawpt,User,thawpt,2022-08-25T20:03:08Z,added a or condition to get pending form,https://github.com/BCStudentSoftwareDevTeam/lsf/commit/96c4086c130edd6f77b969e157e6337e5ec48051
lsf,b94cd1f3f759b0946402a391de5fcba8767f29c0,sreynit02,User,sreynit02,2022-08-24T21:05:34Z,corrected quotes,https://github.com/BCStudentSoftwareDevTeam/lsf/commit/b94cd1f3f759b0946402a391de5fcba8767f29c0
lsf,5c772e6f6aed6deb9e36cf94c5697c637c6e8824,thawpt,User,thawpt,2022-08-24T20:49:54Z,added start and end dates,https://github.com/BCStudentSoftwareDevTeam/lsf/commit/5c772e6f6aed6deb9e36cf94c5697c637c6e8824
lsf,1697e3c0a32c6773ac624f8213619be6e2a036e1,AndersonStettner,User,web-flow,2022-06-01T20:30:33Z,Update README.md,https://github.com/BCStudentSoftwareDevTeam/lsf/commit/1697e3c0a32c6773ac624f8213619be6e2a036e1
lsf,29ee4143c6ea42ed9bac8d861e43994aef048b5c,AndersonStettner,User,web-flow,2022-06-01T20:30:04Z,Update README.md,https://github.com/BCStudentSoftwareDevTeam/lsf/commit/29ee4143c6ea42ed9bac8d861e43994aef048b5c
lsf,1cfc94584b344d6f68cfdced6857bf9c5b11cece,AndersonStettner,User,web-flow,2022-06-01T20:18:15Z,Update README.md,https://github.com/BCStudentSoftwareDevTeam/lsf/commit/1cfc94584b344d6f68cfdced6857bf9c5b11cece
lsf,aa291bac52cda1e0310df4182e0692e0f87aa5b7,sheggen,User,BrianRamsay,2022-05-07T00:32:20Z,"Merged in hotfix_transcript_comments (pull request #313)

Modifying transcript comments to allow null values

Approved-by: Brian Ramsay",https://github.com/BCStudentSoftwareDevTeam/lsf/commit/aa291bac52cda1e0310df4182e0692e0f87aa5b7
lsf,86d4105bcc3a2c04716f0af7bae2ec79beea2a3c,sheggen,User,sheggen,2022-05-06T16:21:27Z,Modifying transcript comments to allow null values,https://github.com/BCStudentSoftwareDevTeam/lsf/commit/86d4105bcc3a2c04716f0af7bae2ec79beea2a3c
lsf,af6675d5f014e5d1b3a7a79ab29ec0f1c564277a,sheggen,User,sheggen,2022-04-26T15:01:53Z,Prevents unicode errors in filewriter. Does not ensure correct characters though,https://github.com/BCStudentSoftwareDevTeam/lsf/commit/af6675d5f014e5d1b3a7a79ab29ec0f1c564277a
lsf,bfb170f50cf801465b1050f0bd3c61209ac06d20,sheggen,User,sheggen,2022-04-26T14:00:38Z,"Changed encoding on filewriter to utf-8""",https://github.com/BCStudentSoftwareDevTeam/lsf/commit/bfb170f50cf801465b1050f0bd3c61209ac06d20
lsf,9a92539e9d6af37e3e8da7177b261d51f62334a4,bryantal,User,BrianRamsay,2022-04-21T15:51:22Z,"Merged in activeJobsComparison (pull request #311)

Updates Production Data to Match Current Spring Positions

Approved-by: Brian Ramsay",https://github.com/BCStudentSoftwareDevTeam/lsf/commit/9a92539e9d6af37e3e8da7177b261d51f62334a4
lsf,cc34a615ecc784165e45fcee9bfd0e07b97619f3,bryantal,User,bryantal,2022-04-19T22:44:22Z,changed function for getting term code to only return AY term code,https://github.com/BCStudentSoftwareDevTeam/lsf/commit/cc34a615ecc784165e45fcee9bfd0e07b97619f3
lsf,5e2da3ba44fafcb0d4b99d8ba07558cc834fb0a7,bryantal,User,bryantal,2022-04-14T21:07:57Z,Merge branch 'development' into activeJobsComparison,https://github.com/BCStudentSoftwareDevTeam/lsf/commit/5e2da3ba44fafcb0d4b99d8ba07558cc834fb0a7
lsf,7cb1a3951a6d9c055ce899bcc824be917722e192,bryantal,User,bryantal,2022-04-14T20:56:57Z,removing data file and changing reset database back to the way it was before,https://github.com/BCStudentSoftwareDevTeam/lsf/commit/7cb1a3951a6d9c055ce899bcc824be917722e192
lsf,fd7518de40a7722a70c36c09b3a6a103c79ad214,bryantal,User,bryantal,2022-04-14T19:45:32Z,fixing update logic,https://github.com/BCStudentSoftwareDevTeam/lsf/commit/fd7518de40a7722a70c36c09b3a6a103c79ad214
lsf,71cf6a594a71d93a37268ad09c2e0fd40816c755,sheggen,User,BrianRamsay,2022-04-12T14:50:51Z,"Merged in sle (pull request #305)

Student Labor Evaluations

Approved-by: Brian Ramsay",https://github.com/BCStudentSoftwareDevTeam/lsf/commit/71cf6a594a71d93a37268ad09c2e0fd40816c755
lsf,28392694198b53582c0bceffcb0fa3af0d06fa60,bryantal,User,bryantal,2022-04-12T13:54:20Z,moving files into appropriate folders,https://github.com/BCStudentSoftwareDevTeam/lsf/commit/28392694198b53582c0bceffcb0fa3af0d06fa60
lsf,2f133767ae368a7f3af324780868760d2bda5638,bryantal,User,bryantal,2022-04-11T21:05:09Z,added conditional for updating existing forms and differentiating them from primaries and multiple secondaries,https://github.com/BCStudentSoftwareDevTeam/lsf/commit/2f133767ae368a7f3af324780868760d2bda5638
lsf,0f3c495fb0810f46e6bfeabe961ec1ea587f4a30,sheggen,User,sheggen,2022-04-11T20:29:09Z,Fixing supervisors unable to see labor histories in their dept,https://github.com/BCStudentSoftwareDevTeam/lsf/commit/0f3c495fb0810f46e6bfeabe961ec1ea587f4a30
lsf,d8eb48cb02baaef4bf52020ed408f3f851b7403f,sheggen,User,sheggen,2022-04-11T17:58:44Z,moved click handlers inside document.ready(),https://github.com/BCStudentSoftwareDevTeam/lsf/commit/d8eb48cb02baaef4bf52020ed408f3f851b7403f
lsf,c53e71b7a81c83abea1c1fda1b48944e8a367f9c,sheggen,User,sheggen,2022-04-11T17:45:11Z,fixed syntax error in css,https://github.com/BCStudentSoftwareDevTeam/lsf/commit/c53e71b7a81c83abea1c1fda1b48944e8a367f9c
lsf,0a86f80c516e0d800855646b5981b913e282a57f,sheggen,User,sheggen,2022-04-11T17:43:58Z,Fixed compatibility issue with wtforms,https://github.com/BCStudentSoftwareDevTeam/lsf/commit/0a86f80c516e0d800855646b5981b913e282a57f
lsf,c391b83812f1b7223d0b4955c7dc2cb3bcab2069,sheggen,User,sheggen,2022-04-11T17:09:36Z,removing debug statement,https://github.com/BCStudentSoftwareDevTeam/lsf/commit/c391b83812f1b7223d0b4955c7dc2cb3bcab2069
lsf,5340b0f9a9377aec1b161aba238cd9132ee47ed3,sheggen,User,sheggen,2022-04-11T16:57:59Z,Fixing merge conflicts,https://github.com/BCStudentSoftwareDevTeam/lsf/commit/5340b0f9a9377aec1b161aba238cd9132ee47ed3
lsf,4b546e454f38ee40d8366ea02377adeb2682169c,sheggen,User,sheggen,2022-04-08T20:38:46Z,"Adds error messaging, & submitting midyear as final eval",https://github.com/BCStudentSoftwareDevTeam/lsf/commit/4b546e454f38ee40d8366ea02377adeb2682169c
lsf,e1a35bdfdccef721e30838f84a77004b388e45f1,sheggen,User,sheggen,2022-04-08T20:38:19Z,"Handles transcript completion on final evals, even in fall",https://github.com/BCStudentSoftwareDevTeam/lsf/commit/e1a35bdfdccef721e30838f84a77004b388e45f1
lsf,3b5035bb7564bdd0f27335203ed86834056b2e3a,sheggen,User,sheggen,2022-04-08T20:37:55Z,modified model to TextField to accommodate larger text areas,https://github.com/BCStudentSoftwareDevTeam/lsf/commit/3b5035bb7564bdd0f27335203ed86834056b2e3a
lsf,ab003c70a8c1df06d8b6121a2a5ec53b94f33498,sheggen,User,sheggen,2022-04-08T20:37:36Z,"User must be in same dept as supervisor, not the direct supervisor, to do sle",https://github.com/BCStudentSoftwareDevTeam/lsf/commit/ab003c70a8c1df06d8b6121a2a5ec53b94f33498
lsf,6c4e4c1ba31bbc6fa8d3379056da8c231c5204e5,sheggen,User,sheggen,2022-04-08T20:37:08Z,User must be in the same dept to do an eval (not just the supervisor),https://github.com/BCStudentSoftwareDevTeam/lsf/commit/6c4e4c1ba31bbc6fa8d3379056da8c231c5204e5
lsf,5693d1457f703958256f65fcd9b3d82651f62e89,bryantal,User,bryantal,2022-03-24T21:55:17Z,created logic to add student when one isn't in tracy and added function to convert column number to department ID,https://github.com/BCStudentSoftwareDevTeam/lsf/commit/5693d1457f703958256f65fcd9b3d82651f62e89
lsf,b872d09996c85c1314e252d103b9124044daa642,sheggen,User,sheggen,2022-03-23T17:47:13Z,Adds fields for submitting transcript comments,https://github.com/BCStudentSoftwareDevTeam/lsf/commit/b872d09996c85c1314e252d103b9124044daa642
lsf,d8178e79b70afdd6dc47e5d19b4985599be96891,bryantal,User,bryantal,2022-03-22T21:03:49Z,deleted old prod data and added new. Now using tracy functions to get students and supervisors that don't exist in our database,https://github.com/BCStudentSoftwareDevTeam/lsf/commit/d8178e79b70afdd6dc47e5d19b4985599be96891
lsf,7be859e43cd0b997ed29b64a1ff6d083aa23b5a0,sheggen,User,sheggen,2022-03-22T19:16:28Z,Integrates help text for each sle category,https://github.com/BCStudentSoftwareDevTeam/lsf/commit/7be859e43cd0b997ed29b64a1ff6d083aa23b5a0
lsf,29e369d0670399bc1c7250cd4479f59928825a9c,sheggen,User,sheggen,2022-03-22T17:58:11Z,Fixed fatal syntax error,https://github.com/BCStudentSoftwareDevTeam/lsf/commit/29e369d0670399bc1c7250cd4479f59928825a9c
lsf,f08de3d63f789f7405edd3c7d82f5f55c1c774dd,sheggen,User,sheggen,2022-03-21T20:40:49Z,Adding debug info for failed modal loading,https://github.com/BCStudentSoftwareDevTeam/lsf/commit/f08de3d63f789f7405edd3c7d82f5f55c1c774dd
lsf,05b779d1dd4401d71ea3fd0cc7e7b463973633bd,sheggen,User,sheggen,2022-03-21T20:29:56Z,Modifies term management so only AY and Summer terms can have evaluations,https://github.com/BCStudentSoftwareDevTeam/lsf/commit/05b779d1dd4401d71ea3fd0cc7e7b463973633bd
lsf,750c57c652fc1fc28112776b31a4147152947c22,sheggen,User,sheggen,2022-03-21T20:29:42Z,Handles students being able to see evaluations,https://github.com/BCStudentSoftwareDevTeam/lsf/commit/750c57c652fc1fc28112776b31a4147152947c22
lsf,3383a70fa4e194bf529dad4072751cc7cda511d4,sheggen,User,sheggen,2022-03-21T20:28:52Z,Integrates a new Save For Later button for SLEs,https://github.com/BCStudentSoftwareDevTeam/lsf/commit/3383a70fa4e194bf529dad4072751cc7cda511d4
lsf,50a1301097e7857d9671d4718fcf8fd7f0fe904e,sheggen,User,sheggen,2022-03-21T20:28:11Z,Only shows and downloads submitted forms (ignores saved for later forms),https://github.com/BCStudentSoftwareDevTeam/lsf/commit/50a1301097e7857d9671d4718fcf8fd7f0fe904e
lsf,5c22a6330fa16aa6d6f3f5d939db0451491c6634,bryantal,User,bryantal,2022-03-16T14:53:02Z,added production data and csv of active positions. Started the active position reader,https://github.com/BCStudentSoftwareDevTeam/lsf/commit/5c22a6330fa16aa6d6f3f5d939db0451491c6634
lsf,39a94d17f37bfdae4b28c276cb50352d7e4fe279,sheggen,User,sheggen,2022-03-04T15:41:08Z,Removing debug message,https://github.com/BCStudentSoftwareDevTeam/lsf/commit/39a94d17f37bfdae4b28c276cb50352d7e4fe279
lsf,6742522fd0111faef26cf65de10d5ab3610741a3,sheggen,User,sheggen,2022-03-04T15:39:58Z,Integrates midyear evaluations,https://github.com/BCStudentSoftwareDevTeam/lsf/commit/6742522fd0111faef26cf65de10d5ab3610741a3
lsf,950b29c3ade8a6f45088f7c1f5ff12f7eb0f10b8,sheggen,User,sheggen,2022-03-04T15:39:35Z,Integrates midyear evaluations,https://github.com/BCStudentSoftwareDevTeam/lsf/commit/950b29c3ade8a6f45088f7c1f5ff12f7eb0f10b8
lsf,4e1de2b266e9af0545c8e33c266880c085f80a07,sheggen,User,sheggen,2022-03-04T15:39:19Z,matching style guidelines,https://github.com/BCStudentSoftwareDevTeam/lsf/commit/4e1de2b266e9af0545c8e33c266880c085f80a07
lsf,31c50b8ac6d6c15b9ffe065429cc38f10ddff15a,sheggen,User,sheggen,2022-03-04T15:38:50Z,Also prevents both evals being open at the same time.,https://github.com/BCStudentSoftwareDevTeam/lsf/commit/31c50b8ac6d6c15b9ffe065429cc38f10ddff15a
lsf,e3533720ba5d76eaf559160c46a2584c254af000,sheggen,User,sheggen,2022-03-04T15:38:36Z,Prevents both evaluations open at the same time.,https://github.com/BCStudentSoftwareDevTeam/lsf/commit/e3533720ba5d76eaf559160c46a2584c254af000
lsf,6e1bbb7e620d35d2200223059e2d785140d68b0a,sheggen,User,sheggen,2022-03-04T15:38:07Z,Rewrote class to be more concise,https://github.com/BCStudentSoftwareDevTeam/lsf/commit/6e1bbb7e620d35d2200223059e2d785140d68b0a
lsf,88f0be0fb0df0dc71e62702b9ef977754c01936b,sheggen,User,sheggen,2022-03-04T15:37:43Z,Refactored to include Midyear evaluations,https://github.com/BCStudentSoftwareDevTeam/lsf/commit/88f0be0fb0df0dc71e62702b9ef977754c01936b
lsf,d9f2b21c1fe9c8e775c4dab8712a983f17627849,sheggen,User,sheggen,2022-02-28T21:46:17Z,Adds ability for midyear and final evaluations to be handled separately,https://github.com/BCStudentSoftwareDevTeam/lsf/commit/d9f2b21c1fe9c8e775c4dab8712a983f17627849
lsf,f4605930f8f52ef3ca51ec6cc83cc7cd7a730640,sheggen,User,sheggen,2022-02-28T19:22:36Z,Fixed typo in requirements.txt,https://github.com/BCStudentSoftwareDevTeam/lsf/commit/f4605930f8f52ef3ca51ec6cc83cc7cd7a730640
lsf,d8105fd9ef8b9a4e30f9f585639173a012a6936d,bryantal,User,bryantal,2022-02-28T15:44:04Z,Merge remote-tracking branch 'origin' into activeJobsComparison,https://github.com/BCStudentSoftwareDevTeam/lsf/commit/d8105fd9ef8b9a4e30f9f585639173a012a6936d
lsf,e967548f03ba913763817b20c0a9023d3cab185e,bryantal,User,bryantal,2022-02-28T15:42:38Z,started csv reading file and uploaded the excel file from the labor department,https://github.com/BCStudentSoftwareDevTeam/lsf/commit/e967548f03ba913763817b20c0a9023d3cab185e
lsf,44abf477ca858b883e083c84c0dd9168f702131a,Karina-Agliullova,User,BrianRamsay,2022-02-24T18:02:11Z,"Merged in format-admin-management (pull request #307)

Formatting admin management issue#314

Approved-by: Brian Ramsay",https://github.com/BCStudentSoftwareDevTeam/lsf/commit/44abf477ca858b883e083c84c0dd9168f702131a
lsf,9e9b94f032ba28a163f425b5fa8ce2b9a4741336,Karina-Agliullova,User,BrianRamsay,2022-02-24T18:01:49Z,"Merged in format-search (pull request #306)

Format search issue#315

Approved-by: Brian Ramsay",https://github.com/BCStudentSoftwareDevTeam/lsf/commit/9e9b94f032ba28a163f425b5fa8ce2b9a4741336
lsf,d2e1ba44eefdcde361652eecd9821f15dfc802ab,Karina-Agliullova,User,BrianRamsay,2022-02-24T18:00:05Z,"Merged in formatting-index (pull request #304)

Formatting index html, css, and js files issue#323

Approved-by: Brian Ramsay",https://github.com/BCStudentSoftwareDevTeam/lsf/commit/d2e1ba44eefdcde361652eecd9821f15dfc802ab
lsf,8694a042e0419c6fc87f00e4d8e6eed0d3b848ab,Karina-Agliullova,User,BrianRamsay,2022-02-24T17:57:56Z,"Merged in format-email-template (pull request #302)

Formatting email template html and js issue#318

Approved-by: Brian Ramsay",https://github.com/BCStudentSoftwareDevTeam/lsf/commit/8694a042e0419c6fc87f00e4d8e6eed0d3b848ab
lsf,912160e5b13ee3652799ba4a81add0e812757ccd,Karina-Agliullova,User,BrianRamsay,2022-02-24T17:54:59Z,"Merged in formatting-term-management (pull request #303)

Formatting term management html and js files issue#311

Approved-by: Brian Ramsay",https://github.com/BCStudentSoftwareDevTeam/lsf/commit/912160e5b13ee3652799ba4a81add0e812757ccd
lsf,a93aa66a6ecea056f43f63d1b257a6e33cf8b7a1,Karina-Agliullova,User,BrianRamsay,2022-02-24T17:50:48Z,"Merged in formatting-sidebar (pull request #301)

Formatting sidebar issue#313

Approved-by: Brian Ramsay
Approved-by: Alex Bryant",https://github.com/BCStudentSoftwareDevTeam/lsf/commit/a93aa66a6ecea056f43f63d1b257a6e33cf8b7a1
lsf,7a3c7f7163e51f8bb9cc7a95e743ac91c316a963,Karina-Agliullova,User,Karina-Agliullova,2022-01-20T22:51:56Z,Fixed js and html files,https://github.com/BCStudentSoftwareDevTeam/lsf/commit/7a3c7f7163e51f8bb9cc7a95e743ac91c316a963
lsf,69f5fa7cf532ac957ee2b5f244a1af08ab331db5,Karina-Agliullova,User,Karina-Agliullova,2022-01-20T22:10:09Z,Fixed spacing,https://github.com/BCStudentSoftwareDevTeam/lsf/commit/69f5fa7cf532ac957ee2b5f244a1af08ab331db5
lsf,12e741a23cb2fe0ee27c813ee1d969f7db27c400,sheggen,User,sheggen,2022-01-12T17:25:27Z,Removing dead code and debug outputs.,https://github.com/BCStudentSoftwareDevTeam/lsf/commit/12e741a23cb2fe0ee27c813ee1d969f7db27c400
lsf,886fac8f45ad5a9b8fc665af53804ecffde13f36,sheggen,User,sheggen,2022-01-11T19:26:14Z,Removing debug output,https://github.com/BCStudentSoftwareDevTeam/lsf/commit/886fac8f45ad5a9b8fc665af53804ecffde13f36
lsf,fdbc26b30cb89f77278ac049423541e58d2a331e,sheggen,User,sheggen,2022-01-11T19:24:12Z,Modifying json response from controller so success isn't false,https://github.com/BCStudentSoftwareDevTeam/lsf/commit/fdbc26b30cb89f77278ac049423541e58d2a331e
lsf,fb39225724028532494073074fac9990e1e4188c,sheggen,User,sheggen,2022-01-11T19:20:42Z,Removing old code,https://github.com/BCStudentSoftwareDevTeam/lsf/commit/fb39225724028532494073074fac9990e1e4188c
lsf,01d41d3cbdd04017a31893090faebb40d1473f9e,sheggen,User,sheggen,2022-01-11T18:43:38Z,Returned some exception handling that was commented out for testing,https://github.com/BCStudentSoftwareDevTeam/lsf/commit/01d41d3cbdd04017a31893090faebb40d1473f9e
lsf,04c8417cbe14ca4c840424dda0f3d41ddf25a281,sheggen,User,sheggen,2022-01-07T20:23:48Z,Setup and install fixes for SLE changes,https://github.com/BCStudentSoftwareDevTeam/lsf/commit/04c8417cbe14ca4c840424dda0f3d41ddf25a281
lsf,27a796ab1dcf65f20e1f45f43a3813157f52b69c,sheggen,User,sheggen,2022-01-07T20:23:27Z,CSV downloader now includes emails plus SLE data,https://github.com/BCStudentSoftwareDevTeam/lsf/commit/27a796ab1dcf65f20e1f45f43a3813157f52b69c
lsf,132cc9a7066188203d88f3b2586c59dfadb74e09,sheggen,User,sheggen,2022-01-07T20:23:07Z,Adds controller for SLE inside term management,https://github.com/BCStudentSoftwareDevTeam/lsf/commit/132cc9a7066188203d88f3b2586c59dfadb74e09
lsf,4eaa3b777dfd27ba734f7b8c196825603330b4b5,sheggen,User,sheggen,2022-01-07T20:22:40Z,Refactors the button handler for the bottom of student history modals,https://github.com/BCStudentSoftwareDevTeam/lsf/commit/4eaa3b777dfd27ba734f7b8c196825603330b4b5
lsf,3f5cae563300aaa9bc05a21e8865a354abdbbe49,sheggen,User,sheggen,2022-01-07T20:22:18Z,Updates labor history modals for SLE buttons,https://github.com/BCStudentSoftwareDevTeam/lsf/commit/3f5cae563300aaa9bc05a21e8865a354abdbbe49
lsf,bc06d4f08988ff39f9dc632902f49bc62a503aa3,sheggen,User,sheggen,2022-01-07T20:21:51Z,Front end changes for form search to include SLE,https://github.com/BCStudentSoftwareDevTeam/lsf/commit/bc06d4f08988ff39f9dc632902f49bc62a503aa3
lsf,b768a9410085743ad7f691dd05cc41baaaaf13cf,sheggen,User,sheggen,2022-01-07T20:21:25Z,Adds front-end pages for student labor evaluations,https://github.com/BCStudentSoftwareDevTeam/lsf/commit/b768a9410085743ad7f691dd05cc41baaaaf13cf
lsf,2041717918b689bd5098318df8f87565a8064dc8,sheggen,User,sheggen,2022-01-07T20:20:44Z,Updates models for student labor evaluations,https://github.com/BCStudentSoftwareDevTeam/lsf/commit/2041717918b689bd5098318df8f87565a8064dc8
lsf,d7ae59454b7ba9871ac90c12dae473a445ce4c34,sheggen,User,sheggen,2022-01-07T20:20:16Z,Adds routes for student labor evaluations,https://github.com/BCStudentSoftwareDevTeam/lsf/commit/d7ae59454b7ba9871ac90c12dae473a445ce4c34
lsf,6f9a1a05ffd5dda0ce7fb83833637e56311e51f8,sheggen,User,sheggen,2022-01-07T20:19:49Z,Adds a route to save evaluation status,https://github.com/BCStudentSoftwareDevTeam/lsf/commit/6f9a1a05ffd5dda0ce7fb83833637e56311e51f8
lsf,07f5ba8daf4ed4c4189995fbebcd9b662e461f1c,sheggen,User,sheggen,2022-01-07T20:19:17Z,Adds evaluations to the forms search page,https://github.com/BCStudentSoftwareDevTeam/lsf/commit/07f5ba8daf4ed4c4189995fbebcd9b662e461f1c
lsf,f3febe66350a679eb3d40782532d8d1b16594902,Karina-Agliullova,User,Karina-Agliullova,2021-12-10T05:01:04Z,Fixed html and js files for search,https://github.com/BCStudentSoftwareDevTeam/lsf/commit/f3febe66350a679eb3d40782532d8d1b16594902
lsf,31cd507d484abfed0afde73dcf7e00fa57627af4,Karina-Agliullova,User,Karina-Agliullova,2021-12-08T04:16:47Z,Modified css js and html files for admin management,https://github.com/BCStudentSoftwareDevTeam/lsf/commit/31cd507d484abfed0afde73dcf7e00fa57627af4
lsf,d945c2e45ea928a41aea0f3935f3bf261776fbed,Karina-Agliullova,User,Karina-Agliullova,2021-12-01T22:08:38Z,"The page was breaking, so I made changes and fixed it",https://github.com/BCStudentSoftwareDevTeam/lsf/commit/d945c2e45ea928a41aea0f3935f3bf261776fbed
lsf,d5641cf4f25a984f4daa0bfebe4a38f93dc4d98a,Karina-Agliullova,User,Karina-Agliullova,2021-12-01T21:08:53Z,Made minor changes,https://github.com/BCStudentSoftwareDevTeam/lsf/commit/d5641cf4f25a984f4daa0bfebe4a38f93dc4d98a
lsf,6b34d75e3d1dc088cb0235ac2bd6386857f7551c,Karina-Agliullova,User,Karina-Agliullova,2021-11-30T22:20:55Z,Made some more changes,https://github.com/BCStudentSoftwareDevTeam/lsf/commit/6b34d75e3d1dc088cb0235ac2bd6386857f7551c
lsf,e75f417847c6c2539aed2a8b3ff98dd274b28325,Karina-Agliullova,User,Karina-Agliullova,2021-11-30T22:15:32Z,Fixed a bug in Term State,https://github.com/BCStudentSoftwareDevTeam/lsf/commit/e75f417847c6c2539aed2a8b3ff98dd274b28325
lsf,9ad2d758c766c539bafcc67f01f54cc06f3c796d,Karina-Agliullova,User,Karina-Agliullova,2021-11-30T21:40:39Z,Made minor changes in css and js files,https://github.com/BCStudentSoftwareDevTeam/lsf/commit/9ad2d758c766c539bafcc67f01f54cc06f3c796d
lsf,5eb6b028db92bcd430ebcd80f23ae1b1d820d233,Karina-Agliullova,User,Karina-Agliullova,2021-11-30T20:45:18Z,Made some stylistic changes in js file,https://github.com/BCStudentSoftwareDevTeam/lsf/commit/5eb6b028db92bcd430ebcd80f23ae1b1d820d233
lsf,d0c03c7c3228961f03cc08e4816243050f757ee8,Karina-Agliullova,User,Karina-Agliullova,2021-11-30T20:35:54Z,Made some changes in js and html files,https://github.com/BCStudentSoftwareDevTeam/lsf/commit/d0c03c7c3228961f03cc08e4816243050f757ee8
lsf,c8505aa276357d8038f82fce5f1f8eeaaf232a73,Karina-Agliullova,User,Karina-Agliullova,2021-11-30T20:00:27Z,Modified the naming in css file,https://github.com/BCStudentSoftwareDevTeam/lsf/commit/c8505aa276357d8038f82fce5f1f8eeaaf232a73
lsf,a0169ff90e91913c49204730a62334fdcb87a6fd,Karina-Agliullova,User,Karina-Agliullova,2021-11-29T07:00:10Z,Refactored html and js files,https://github.com/BCStudentSoftwareDevTeam/lsf/commit/a0169ff90e91913c49204730a62334fdcb87a6fd
lsf,35dd50e48408ab5429d2fe211334563c5550b64d,Karina-Agliullova,User,Karina-Agliullova,2021-11-27T01:23:57Z,Refactored the html file for email template,https://github.com/BCStudentSoftwareDevTeam/lsf/commit/35dd50e48408ab5429d2fe211334563c5550b64d
lsf,e7026e53ea9f56a2c1a12a4abd8cb77c215a15fa,Karina-Agliullova,User,Karina-Agliullova,2021-11-27T01:14:18Z,Refactored the html file for term management,https://github.com/BCStudentSoftwareDevTeam/lsf/commit/e7026e53ea9f56a2c1a12a4abd8cb77c215a15fa
lsf,a9f45eab822038ad139ed8b57c6e3d76d2bfa8ee,Karina-Agliullova,User,Karina-Agliullova,2021-11-25T23:09:10Z,Fixing html of term management again,https://github.com/BCStudentSoftwareDevTeam/lsf/commit/a9f45eab822038ad139ed8b57c6e3d76d2bfa8ee
lsf,64c83b8ba7e0a825e0f86c5078f4e8d28c4a7b95,Karina-Agliullova,User,Karina-Agliullova,2021-11-25T22:53:11Z,Fixed html and js files formatting,https://github.com/BCStudentSoftwareDevTeam/lsf/commit/64c83b8ba7e0a825e0f86c5078f4e8d28c4a7b95
lsf,06c4183fe24b13a786d449e254fd8aa1c554c1bc,Karina-Agliullova,User,Karina-Agliullova,2021-11-25T22:13:17Z,"Fixed html, fixed value line",https://github.com/BCStudentSoftwareDevTeam/lsf/commit/06c4183fe24b13a786d449e254fd8aa1c554c1bc
lsf,e534fe2da9defa0e64942fabbf9fa81be6177b95,Karina-Agliullova,User,Karina-Agliullova,2021-11-23T21:55:13Z,Modified termManagement.js file,https://github.com/BCStudentSoftwareDevTeam/lsf/commit/e534fe2da9defa0e64942fabbf9fa81be6177b95
lsf,25985ceda1a004c4f7dca680a216f78b29dd08cc,Karina-Agliullova,User,Karina-Agliullova,2021-11-23T20:51:56Z,Added spaces for the opening brackets according to the coding conventions,https://github.com/BCStudentSoftwareDevTeam/lsf/commit/25985ceda1a004c4f7dca680a216f78b29dd08cc
lsf,dac18edf2b21c22b7aa9589a90ee3842f2c31a4b,Hila Manalai,,BrianRamsay,2021-11-18T18:05:20Z,"Merged in issue282 (pull request #268)

Adding a General Search Interface

Approved-by: Brian Ramsay
Approved-by: Alex Bryant",https://github.com/BCStudentSoftwareDevTeam/lsf/commit/dac18edf2b21c22b7aa9589a90ee3842f2c31a4b
lsf,22a52258a9ff9cc74977cab7cf4533bfe90324a5,Karina-Agliullova,User,Karina-Agliullova,2021-09-09T19:19:47Z,Merge branch 'change-dept-on-modify-form' of bitbucket.org:laborstudents/lsf-flask into change-dept-on-modify-form,https://github.com/BCStudentSoftwareDevTeam/lsf/commit/22a52258a9ff9cc74977cab7cf4533bfe90324a5
lsf,22464f596bb18829277c6c99a237bd63d2a0f270,Karina-Agliullova,User,Karina-Agliullova,2021-09-09T19:18:19Z,Added double selectpicker refresh method,https://github.com/BCStudentSoftwareDevTeam/lsf/commit/22464f596bb18829277c6c99a237bd63d2a0f270
lsf,6898413f27778d471a6afa935d0293a96adcb6f7,Hila Manalai,,Hila Manalai,2021-09-07T21:46:30Z,removed unneccesary comment,https://github.com/BCStudentSoftwareDevTeam/lsf/commit/6898413f27778d471a6afa935d0293a96adcb6f7
lsf,fa8a3d0681eea94d24d0231b2f91db00485ff26b,Hila Manalai,,Hila Manalai,2021-09-07T21:35:23Z,added a new conditional for position,https://github.com/BCStudentSoftwareDevTeam/lsf/commit/fa8a3d0681eea94d24d0231b2f91db00485ff26b
lsf,0cba7e23a3190fbfcb4a1fb05bb5974a62725eb4,Hila Manalai,,Hila Manalai,2021-09-07T18:50:22Z,modified labor history to include department,https://github.com/BCStudentSoftwareDevTeam/lsf/commit/0cba7e23a3190fbfcb4a1fb05bb5974a62725eb4
lsf,f635b1c2a10b940690d4174ba9e99d4cdcb395b5,Hila Manalai,,Hila Manalai,2021-09-02T21:01:02Z,added department to pending adjustment form,https://github.com/BCStudentSoftwareDevTeam/lsf/commit/f635b1c2a10b940690d4174ba9e99d4cdcb395b5
lsf,f739cd1965cf459a04e81bf37be77a60042078c1,Karina-Agliullova,User,Karina-Agliullova,2021-09-02T20:09:29Z,Called the fetchPositions in Javascript to refresh and empty positions when department is changed,https://github.com/BCStudentSoftwareDevTeam/lsf/commit/f739cd1965cf459a04e81bf37be77a60042078c1
lsf,25b3da0269bd731d14580bf5ce88bcecaafd25e9,Hila Manalai,,Hila Manalai,2021-09-02T18:43:10Z,populating the position based on department,https://github.com/BCStudentSoftwareDevTeam/lsf/commit/25b3da0269bd731d14580bf5ce88bcecaafd25e9
lsf,fba48f1c757fe024b084af438fee862812702321,Hila Manalai,,Hila Manalai,2021-08-31T18:34:51Z,finished the backend logic of allowing users to change dept in adjustment form,https://github.com/BCStudentSoftwareDevTeam/lsf/commit/fba48f1c757fe024b084af438fee862812702321
lsf,89acc65520a7d17cf7f33216410cc5a98d704258,Hila Manalai,,Hila Manalai,2021-08-30T13:59:15Z,allowing user to change department,https://github.com/BCStudentSoftwareDevTeam/lsf/commit/89acc65520a7d17cf7f33216410cc5a98d704258
lsf,ec0fa5367236bbd53899dc297390978b6ff300d0,Hila Manalai,,Hila Manalai,2021-08-24T18:02:52Z,renamed general search page to form search,https://github.com/BCStudentSoftwareDevTeam/lsf/commit/ec0fa5367236bbd53899dc297390978b6ff300d0
lsf,3eda8e5c80a9e7ca6acabd1af9b564e9c6622e7f,Hila Manalai,,Hila Manalai,2021-08-23T19:52:24Z,added a mapping for form type,https://github.com/BCStudentSoftwareDevTeam/lsf/commit/3eda8e5c80a9e7ca6acabd1af9b564e9c6622e7f
lsf,8fb9fd4d657d94f1ab51f453250081a2324ccf0b,romano-w,User,BrianRamsay,2021-06-18T16:12:06Z,"Merged in issue297-handle-snolab (pull request #291)

Handle SNOLAB

Approved-by: Brian Ramsay",https://github.com/BCStudentSoftwareDevTeam/lsf/commit/8fb9fd4d657d94f1ab51f453250081a2324ccf0b
lsf,a6fe0768734cfe7515aaf620eaee51409d12ad33,Hila Manalai,,BrianRamsay,2021-05-21T15:25:25Z,"Merged in checktotalhours-error-issue309 (pull request #292)

Fixes the error in checktotalhours

Approved-by: Brian Ramsay",https://github.com/BCStudentSoftwareDevTeam/lsf/commit/a6fe0768734cfe7515aaf620eaee51409d12ad33
lsf,25e9026a76e29f8b8e92729a5b9e7620b6c9ef4c,sreynit02,User,BrianRamsay,2021-05-21T15:22:38Z,"Merged in tests_LSFandOverloadCreation (pull request #290)

Test for LaborStatusFrom Creation (issue #304)

Approved-by: Brian Ramsay",https://github.com/BCStudentSoftwareDevTeam/lsf/commit/25e9026a76e29f8b8e92729a5b9e7620b6c9ef4c
lsf,59ac9046f1ab56a76cc6f14ed7d3925d39f4e123,May Jue,,BrianRamsay,2021-05-21T15:19:14Z,"Merged in issue294 (pull request #284)

Issue294: Errors in test_alterLSF.py

Approved-by: Brian Ramsay",https://github.com/BCStudentSoftwareDevTeam/lsf/commit/59ac9046f1ab56a76cc6f14ed7d3925d39f4e123
lsf,d8b26167395b58e4dc2526619155261ee162c10b,Hila Manalai,,BrianRamsay,2021-05-05T13:09:59Z,"Merged in error-on-secondary-forms-issue303 (pull request #293)

Fixes the Error After Submission of a Secondar LSF

Approved-by: Brian Ramsay",https://github.com/BCStudentSoftwareDevTeam/lsf/commit/d8b26167395b58e4dc2526619155261ee162c10b
lsf,13cc127a80ea7440c45787d09a61c6e49d118a48,Hila Manalai,,Hila Manalai,2021-05-03T18:47:53Z,remove space,https://github.com/BCStudentSoftwareDevTeam/lsf/commit/13cc127a80ea7440c45787d09a61c6e49d118a48
lsf,28d81c7206f73f5ff2f65454649ed6685155c379,Hila Manalai,,Hila Manalai,2021-05-03T18:46:49Z,fixed the issue with secondar from error,https://github.com/BCStudentSoftwareDevTeam/lsf/commit/28d81c7206f73f5ff2f65454649ed6685155c379
lsf,edf598e3aa59e51d915d2b3d9b2536b2bf67cadb,Hila Manalai,,Hila Manalai,2021-04-26T14:53:44Z,fixed the issue about total hours throwing error,https://github.com/BCStudentSoftwareDevTeam/lsf/commit/edf598e3aa59e51d915d2b3d9b2536b2bf67cadb
lsf,0f92595ded214953f1f99675bd8fe7eef74b1014,romano-w,User,romano-w,2021-04-15T16:03:29Z,Removed extra space,https://github.com/BCStudentSoftwareDevTeam/lsf/commit/0f92595ded214953f1f99675bd8fe7eef74b1014
lsf,c0c440e4aac32389cfe6e6f9d375667d40427116,romano-w,User,romano-w,2021-04-15T16:02:23Z,removed test code,https://github.com/BCStudentSoftwareDevTeam/lsf/commit/c0c440e4aac32389cfe6e6f9d375667d40427116
lsf,5d2ef5812552f7bd59194973c143d4c632df6c32,Luis Riera,,Luis Riera,2021-04-15T15:25:25Z,Deleted the line that was changing contratHours before submitting to Banner,https://github.com/BCStudentSoftwareDevTeam/lsf/commit/5d2ef5812552f7bd59194973c143d4c632df6c32
lsf,c2f287da09824ba8ca67b6431397e3963fa5e516,Luis Riera,,Luis Riera,2021-04-15T15:06:25Z,Merge branch 'development' into issue297-handle-snolab,https://github.com/BCStudentSoftwareDevTeam/lsf/commit/c2f287da09824ba8ca67b6431397e3963fa5e516
lsf,ae9875cb76813a5889824ad33172208e8339df4e,Luis Riera,,Luis Riera,2021-04-15T15:05:28Z,LSF supports SNOLAB positions. Will submit 0 hours to our database and 10 hours to Banner when approved,https://github.com/BCStudentSoftwareDevTeam/lsf/commit/ae9875cb76813a5889824ad33172208e8339df4e
lsf,b5c79928430c2ebc146faf848167078d07aebab5,sreynit02,User,BrianRamsay,2021-04-02T19:12:58Z,"Merged in unminify_ckeditorjs (pull request #288)

reformat ckeditor.js (Issue 302)

Approved-by: Brian Ramsay",https://github.com/BCStudentSoftwareDevTeam/lsf/commit/b5c79928430c2ebc146faf848167078d07aebab5
lsf,2d93009dc4214177100cd0246b0bbe2758037eff,sreynit02,User,sreynit02,2021-03-23T19:13:57Z,created new lsf in database to test createLaborStatusForm function,https://github.com/BCStudentSoftwareDevTeam/lsf/commit/2d93009dc4214177100cd0246b0bbe2758037eff
lsf,0dd55ddc60eeb9fe8b69ff9e1a809e056c85936a,romano-w,User,romano-w,2021-03-22T15:51:53Z,Rolled back exception because it was in the wrong spot,https://github.com/BCStudentSoftwareDevTeam/lsf/commit/0dd55ddc60eeb9fe8b69ff9e1a809e056c85936a
lsf,1662369986a3912e120d93c6ff5245b340547994,sreynit02,User,sreynit02,2021-03-19T20:23:36Z,fixed date comparison,https://github.com/BCStudentSoftwareDevTeam/lsf/commit/1662369986a3912e120d93c6ff5245b340547994
lsf,a43e60adb3cd6c63b11a2376c5251a51540591d5,sreynit02,User,sreynit02,2021-03-19T20:05:43Z,created tests for create lsf,https://github.com/BCStudentSoftwareDevTeam/lsf/commit/a43e60adb3cd6c63b11a2376c5251a51540591d5
lsf,27b6114dab138f01afcc9839ed524641830d140d,romano-w,User,romano-w,2021-03-17T14:46:09Z,Added exception for userInsert for SNOLAB,https://github.com/BCStudentSoftwareDevTeam/lsf/commit/27b6114dab138f01afcc9839ed524641830d140d
lsf,f86b4f613fb7c7b95bc6ad360493e86726c665da,sreynit02,User,sreynit02,2021-03-16T19:35:09Z,created file for tests,https://github.com/BCStudentSoftwareDevTeam/lsf/commit/f86b4f613fb7c7b95bc6ad360493e86726c665da
lsf,e7d55080d17b10b67192069b19df24d9fab1c62a,sreynit02,User,sreynit02,2021-03-16T18:28:31Z, recollapse line 908-924 and then 969- 989,https://github.com/BCStudentSoftwareDevTeam/lsf/commit/e7d55080d17b10b67192069b19df24d9fab1c62a
lsf,d315944b92e37ca27598fa51f62dded72a283e00,sreynit02,User,sreynit02,2021-03-16T18:06:14Z,deleted line 908-924,https://github.com/BCStudentSoftwareDevTeam/lsf/commit/d315944b92e37ca27598fa51f62dded72a283e00
lsf,4cdc86481d22452f5a261e1482e4d993cfe64e94,Luis Riera,,Luis Riera,2021-03-15T16:08:09Z,Prefill 'hours per week' selectpicker in LSF with 0 if the position is 'SNOLAB.',https://github.com/BCStudentSoftwareDevTeam/lsf/commit/4cdc86481d22452f5a261e1482e4d993cfe64e94
lsf,07a19492b81a872f761f823f5f3303af7e9fd0ae,sreynit02,User,sreynit02,2021-03-12T20:08:52Z,merged with development,https://github.com/BCStudentSoftwareDevTeam/lsf/commit/07a19492b81a872f761f823f5f3303af7e9fd0ae
lsf,41e506b8ab236f4d3333ac39a23dbcc1c70d97a1,sreynit02,User,sreynit02,2021-03-12T19:10:17Z,deleted comments,https://github.com/BCStudentSoftwareDevTeam/lsf/commit/41e506b8ab236f4d3333ac39a23dbcc1c70d97a1
lsf,1217e8529d0b8f841bf8ebd69568d858e8a12ff6,sreynit02,User,sreynit02,2021-03-09T19:32:12Z,small indentation fix on ckeditor.js..pretty much done,https://github.com/BCStudentSoftwareDevTeam/lsf/commit/1217e8529d0b8f841bf8ebd69568d858e8a12ff6
lsf,52b9c9bd06b1a377ab59287f794179f502fbcab9,sreynit02,User,sreynit02,2021-03-09T19:08:02Z,"finished minifying second half of ckeditor,but still verifying the changes don't affect lsf",https://github.com/BCStudentSoftwareDevTeam/lsf/commit/52b9c9bd06b1a377ab59287f794179f502fbcab9
lsf,60537a3fc62aa92122bdb9638ba177488fb7e924,sreynit02,User,sreynit02,2021-03-05T21:13:19Z,refactored half of the code that is needed to be refactored,https://github.com/BCStudentSoftwareDevTeam/lsf/commit/60537a3fc62aa92122bdb9638ba177488fb7e924
lsf,ab12a575848de0d8c2323a0836b5976001eed94c,sreynit02,User,sreynit02,2021-03-05T20:09:55Z,restored some code,https://github.com/BCStudentSoftwareDevTeam/lsf/commit/ab12a575848de0d8c2323a0836b5976001eed94c
lsf,4b920224c30bc57cafb18f24d53b2358dcda121a,sreynit02,User,sreynit02,2021-03-05T19:56:16Z,refactored codes in ckeditor.js,https://github.com/BCStudentSoftwareDevTeam/lsf/commit/4b920224c30bc57cafb18f24d53b2358dcda121a
lsf,1d5e693683a5db87ad523d670a577dbf911b7773,May Jue,,May Jue,2021-03-04T15:06:41Z,fix bugs found form our code,https://github.com/BCStudentSoftwareDevTeam/lsf/commit/1d5e693683a5db87ad523d670a577dbf911b7773
lsf,9a9c3fe789ca53cc3a8f26ee67c02a2a00a54097,May Jue,,May Jue,2021-03-04T14:19:06Z,remove print,https://github.com/BCStudentSoftwareDevTeam/lsf/commit/9a9c3fe789ca53cc3a8f26ee67c02a2a00a54097
lsf,83a4bd466125ef2792d7540dd0ebf129c77b1543,mupotsal,User,mupotsal,2021-03-03T19:43:45Z,resetted the LSF,https://github.com/BCStudentSoftwareDevTeam/lsf/commit/83a4bd466125ef2792d7540dd0ebf129c77b1543
lsf,73526beeecc72b2518dc8cafb0b09aa9fbad7bcd,May Jue,,May Jue,2021-03-03T18:55:48Z,modify the counter to include the pre-student approval and also change the totle of the status column to status instead of Approve,https://github.com/BCStudentSoftwareDevTeam/lsf/commit/73526beeecc72b2518dc8cafb0b09aa9fbad7bcd
lsf,c1dd7d4c2f134476cf448735f3ce1837f8f78ba5,mupotsal,User,mupotsal,2021-03-03T18:35:08Z,made some adjustments to the testing files,https://github.com/BCStudentSoftwareDevTeam/lsf/commit/c1dd7d4c2f134476cf448735f3ce1837f8f78ba5
lsf,2def8db32ae95d8e566abe60d3a4e244edda3e72,mupotsal,User,mupotsal,2021-03-03T14:39:18Z,made changes to the model,https://github.com/BCStudentSoftwareDevTeam/lsf/commit/2def8db32ae95d8e566abe60d3a4e244edda3e72
lsf,43d0ecea67ee628c0a54ee47c2de5f564feeac4b,mupotsal,User,mupotsal,2021-03-01T14:52:08Z,done,https://github.com/BCStudentSoftwareDevTeam/lsf/commit/43d0ecea67ee628c0a54ee47c2de5f564feeac4b
lsf,38441f5e0dfd5ea6e350cc0542f646be0f433ba3,May Jue,,May Jue,2021-02-24T14:43:57Z,Merge branch 'development' into admin-visibility-overload,https://github.com/BCStudentSoftwareDevTeam/lsf/commit/38441f5e0dfd5ea6e350cc0542f646be0f433ba3
lsf,3f9f400523d2ee5219d8d1e0b610259f4f8b1a60,mupotsal,User,BrianRamsay,2021-02-24T14:06:06Z,"Merged in issue236b (pull request #286)

ISSUE 236 Highlighting and Tabbing

Approved-by: Brian Ramsay",https://github.com/BCStudentSoftwareDevTeam/lsf/commit/3f9f400523d2ee5219d8d1e0b610259f4f8b1a60
lsf,40d02ac25c6b62105adb37b53065158a7af3cd5b,mupotsal,User,mupotsal,2021-02-23T21:14:33Z,fixed the js erro,https://github.com/BCStudentSoftwareDevTeam/lsf/commit/40d02ac25c6b62105adb37b53065158a7af3cd5b
lsf,25bc79b4c51d971ae43a67ca3b666f8f3d4e3225,mupotsal,User,mupotsal,2021-02-23T21:04:17Z,fixed the link error messgfagge,https://github.com/BCStudentSoftwareDevTeam/lsf/commit/25bc79b4c51d971ae43a67ca3b666f8f3d4e3225
lsf,2641426714dd5650608cbeffaa4bff5b759046d9,Hila Manalai,,Hila Manalai,2021-02-23T16:12:46Z,added form status and type to the table,https://github.com/BCStudentSoftwareDevTeam/lsf/commit/2641426714dd5650608cbeffaa4bff5b759046d9
lsf,f6928ebfc9dc51d6d7d2b0719552e4ed2c297a47,Hila Manalai,,Hila Manalai,2021-02-23T15:52:00Z,Merge branch 'issue282' of https://bitbucket.org/laborstudents/lsf-flask into issue282,https://github.com/BCStudentSoftwareDevTeam/lsf/commit/f6928ebfc9dc51d6d7d2b0719552e4ed2c297a47
lsf,f42222ec0f3916fad3630cd859c0d4f3a7130a93,Hila Manalai,,Hila Manalai,2021-02-23T15:51:32Z,changed students to student,https://github.com/BCStudentSoftwareDevTeam/lsf/commit/f42222ec0f3916fad3630cd859c0d4f3a7130a93
lsf,94f36cf9af1e7e525519da044c971b6c68d2e272,mupotsal,User,mupotsal,2021-02-22T17:05:41Z,Merge branch 'issue294' of bitbucket.org:laborstudents/lsf-flask into issue294,https://github.com/BCStudentSoftwareDevTeam/lsf/commit/94f36cf9af1e7e525519da044c971b6c68d2e272
lsf,dace9899a6b0c45091444d21b8515ee269055d25,mupotsal,User,mupotsal,2021-02-22T17:03:54Z,changed the lsf,https://github.com/BCStudentSoftwareDevTeam/lsf/commit/dace9899a6b0c45091444d21b8515ee269055d25
lsf,b50d2f08ee204541c4ed4848a8efa33ca3e32c4a,May Jue,,May Jue,2021-02-22T16:28:47Z,made the 'pre-student approval' overload form visibal and change the modal,https://github.com/BCStudentSoftwareDevTeam/lsf/commit/b50d2f08ee204541c4ed4848a8efa33ca3e32c4a
lsf,3aeb12b987e942b3fdef173111ee22726774be10,mupotsal,User,mupotsal,2021-02-20T04:20:46Z,finished editing,https://github.com/BCStudentSoftwareDevTeam/lsf/commit/3aeb12b987e942b3fdef173111ee22726774be10
lsf,ca218773928d7d09ad7dc0e7748c4fcfc2577c1f,mupotsal,User,mupotsal,2021-02-20T03:47:18Z,finished with the sidebar formatting:,https://github.com/BCStudentSoftwareDevTeam/lsf/commit/ca218773928d7d09ad7dc0e7748c4fcfc2577c1f
lsf,2f640be3a34aba059c8b16adfba98eafc658f5bd,May Jue,,May Jue,2021-02-17T14:42:40Z,Merged development into issue294,https://github.com/BCStudentSoftwareDevTeam/lsf/commit/2f640be3a34aba059c8b16adfba98eafc658f5bd
lsf,0d4d2c4b0ccb6c8d2cbc77450c80515af6b0984e,May Jue,,May Jue,2021-02-17T14:37:33Z,Merge branch 'issue294' of bitbucket.org:laborstudents/lsf-flask into issue294,https://github.com/BCStudentSoftwareDevTeam/lsf/commit/0d4d2c4b0ccb6c8d2cbc77450c80515af6b0984e
lsf,7944193b61d00aef83da4a7d43e514b80e989d52,Hila Manalai,,Hila Manalai,2021-02-16T19:55:44Z,added a new button and added bnumber to selectpickers,https://github.com/BCStudentSoftwareDevTeam/lsf/commit/7944193b61d00aef83da4a7d43e514b80e989d52
lsf,465f622b67a8a2caef346d8f58f9a69e6e2bac8c,Hila Manalai,,BrianRamsay,2021-02-16T18:30:38Z,"Merged in student-overload-over20-issue299 (pull request #282)

Student Overload - Request over 20 hours checkboxes only appears when total hours is over 20

Approved-by: Brian Ramsay",https://github.com/BCStudentSoftwareDevTeam/lsf/commit/465f622b67a8a2caef346d8f58f9a69e6e2bac8c
lsf,bd1486a73646d68acce0a825f2ec131eac329e15,Hila Manalai,,Hila Manalai,2021-02-16T16:27:37Z,changed the conditional,https://github.com/BCStudentSoftwareDevTeam/lsf/commit/bd1486a73646d68acce0a825f2ec131eac329e15
lsf,ebc5179a4cd2f680199b6d794a1b7daa1d314da2,mupotsal,User,mupotsal,2021-02-15T16:46:24Z,fixed the tests,https://github.com/BCStudentSoftwareDevTeam/lsf/commit/ebc5179a4cd2f680199b6d794a1b7daa1d314da2
lsf,0f2c7f1495ff6038d5596c12a2034a41d3ff228d,mupotsal,User,mupotsal,2021-02-15T16:29:37Z,Merge branch 'development' into issue294,https://github.com/BCStudentSoftwareDevTeam/lsf/commit/0f2c7f1495ff6038d5596c12a2034a41d3ff228d
lsf,4945090641ed7ff8e38c87987df3c672aea779fd,mupotsal,User,mupotsal,2021-02-15T16:28:21Z,changed the query,https://github.com/BCStudentSoftwareDevTeam/lsf/commit/4945090641ed7ff8e38c87987df3c672aea779fd
lsf,d9ad2f3fc2e854a1edd86205642a4671a12af7b8,Jamaliela,User,BrianRamsay,2021-02-12T21:20:22Z,"Merged in issue248 (pull request #272)

Handling Dummy Positions in Production ENV

Approved-by: Brian Ramsay",https://github.com/BCStudentSoftwareDevTeam/lsf/commit/d9ad2f3fc2e854a1edd86205642a4671a12af7b8
lsf,ec16c1d3474f9c9892b5718115b9027223446ff1,GuillermoCruz32,User,GuillermoCruz32,2021-02-12T19:15:59Z,Delected an uncessesary conditional in the Overload check,https://github.com/BCStudentSoftwareDevTeam/lsf/commit/ec16c1d3474f9c9892b5718115b9027223446ff1
lsf,3de55d4bd764e03725224865e8b4fa54768ed3eb,Elaheh Jamali,,Elaheh Jamali,2021-02-12T18:55:29Z,adding approved-needs to be looked at,https://github.com/BCStudentSoftwareDevTeam/lsf/commit/3de55d4bd764e03725224865e8b4fa54768ed3eb
lsf,91d9dadfd04805cee41bea75f6bfa4c2de375b83,Elaheh Jamali,,Elaheh Jamali,2021-02-12T18:52:02Z,fixing the status not getting updated,https://github.com/BCStudentSoftwareDevTeam/lsf/commit/91d9dadfd04805cee41bea75f6bfa4c2de375b83
lsf,cf5ca3be3ac0535c653d08f74be39e6e74a78e50,May Jue,,May Jue,2021-02-12T18:34:54Z,Merge branch 'issue294' of bitbucket.org:laborstudents/lsf-flask into issue294,https://github.com/BCStudentSoftwareDevTeam/lsf/commit/cf5ca3be3ac0535c653d08f74be39e6e74a78e50
lsf,7ff891d0f8ba5a54135be4c928d5d4e58beea955,mupotsal,User,BrianRamsay,2021-02-11T17:15:59Z,"Merged in issue294 (pull request #277)

Fixed errors in test_AlterLsf.py

Approved-by: Brian Ramsay",https://github.com/BCStudentSoftwareDevTeam/lsf/commit/7ff891d0f8ba5a54135be4c928d5d4e58beea955
lsf,33ab4eb23f36ddd1cc403fc624aef613e4cb25d9,mupotsal,User,mupotsal,2021-02-11T16:51:48Z,Cleaned the code,https://github.com/BCStudentSoftwareDevTeam/lsf/commit/33ab4eb23f36ddd1cc403fc624aef613e4cb25d9
lsf,2974030d78cbede196574b1c93d8eeb99294e2f2,May Jue,,May Jue,2021-02-11T15:25:01Z,Merge branch 'development' of bitbucket.org:laborstudents/lsf-flask into issue294,https://github.com/BCStudentSoftwareDevTeam/lsf/commit/2974030d78cbede196574b1c93d8eeb99294e2f2
lsf,6dc5e4d67e92113b6d7a3ad15b563624cfc94b3e,mupotsal,User,mupotsal,2021-02-11T14:15:48Z,Merge branch 'development' into issue294,https://github.com/BCStudentSoftwareDevTeam/lsf/commit/6dc5e4d67e92113b6d7a3ad15b563624cfc94b3e
lsf,efc7e0a1d060c3119b87d305f4c59d3ee654fb8f,May Jue,,May Jue,2021-02-10T19:52:10Z,fixed supervisor note error,https://github.com/BCStudentSoftwareDevTeam/lsf/commit/efc7e0a1d060c3119b87d305f4c59d3ee654fb8f
lsf,bdb3c8f69371763db51ab0e1470d955efcc01cd9,Hila Manalai,,BrianRamsay,2021-02-09T18:59:13Z,"Merged in issue295 (pull request #275)

Creating Secondary Form for Spring/Fall While Student is hired for Academic Year

Approved-by: Brian Ramsay",https://github.com/BCStudentSoftwareDevTeam/lsf/commit/bdb3c8f69371763db51ab0e1470d955efcc01cd9
lsf,2c053303776a53e4bb0e3592164aab755b95c37d,Hila Manalai,,Hila Manalai,2021-02-09T17:16:02Z,fixing merge conflict,https://github.com/BCStudentSoftwareDevTeam/lsf/commit/2c053303776a53e4bb0e3592164aab755b95c37d
lsf,9106609d6a829ba935c3ef066d1819d12eb3dff6,mupotsal,User,mupotsal,2021-02-08T17:01:51Z,working on finding testing errors,https://github.com/BCStudentSoftwareDevTeam/lsf/commit/9106609d6a829ba935c3ef066d1819d12eb3dff6
lsf,a82fcf1356ae28e76686e8e04b4426c1ee4022d7,Hila Manalai,,Hila Manalai,2021-02-03T20:53:16Z,handled the edge cases,https://github.com/BCStudentSoftwareDevTeam/lsf/commit/a82fcf1356ae28e76686e8e04b4426c1ee4022d7
lsf,9cd3d0c8cbffe3a7263ed37c309c51944359ccb7,Hila Manalai,,Hila Manalai,2021-02-03T17:25:24Z,fixing adding secondaries issue,https://github.com/BCStudentSoftwareDevTeam/lsf/commit/9cd3d0c8cbffe3a7263ed37c309c51944359ccb7
lsf,8e4b8ecda084322f661345116228e9ee2eeea5f6,Elaheh Jamali,,Elaheh Jamali,2021-02-03T16:38:02Z,rearranging the if/esle statement,https://github.com/BCStudentSoftwareDevTeam/lsf/commit/8e4b8ecda084322f661345116228e9ee2eeea5f6
lsf,1a02f5183118206240bf7028c58265422ef1d6cc,Elaheh Jamali,,Elaheh Jamali,2021-02-03T16:27:16Z,Merge branch 'development' of https://bitbucket.org/laborstudents/lsf-flask into issue248,https://github.com/BCStudentSoftwareDevTeam/lsf/commit/1a02f5183118206240bf7028c58265422ef1d6cc
lsf,81c4c8d3f03ed737db07f47636a30807fa06e1c1,Jamaliela,User,BrianRamsay,2021-02-01T22:47:57Z,"Merged in issue249 (pull request #271)

Clarifying selectable dates in datepickers

Approved-by: Brian Ramsay",https://github.com/BCStudentSoftwareDevTeam/lsf/commit/81c4c8d3f03ed737db07f47636a30807fa06e1c1
lsf,de5b82d12a71129b931df5ada32e81d6a99c79ef,Elaheh Jamali,,Elaheh Jamali,2021-01-28T17:52:00Z,cleaning the print statement,https://github.com/BCStudentSoftwareDevTeam/lsf/commit/de5b82d12a71129b931df5ada32e81d6a99c79ef
lsf,0eef75d5ce9badf053b42605ea9569201fb48e3c,Elaheh Jamali,,Elaheh Jamali,2021-01-28T17:50:23Z,adding approved reluctantly,https://github.com/BCStudentSoftwareDevTeam/lsf/commit/0eef75d5ce9badf053b42605ea9569201fb48e3c
lsf,72651d4736bca645d7e8e9b0cd136cfac84570ab,Elaheh Jamali,,Elaheh Jamali,2021-01-28T17:33:57Z,not pushing dummy positions to banner,https://github.com/BCStudentSoftwareDevTeam/lsf/commit/72651d4736bca645d7e8e9b0cd136cfac84570ab
lsf,06d8ba76953529b1232759ae7ba86314feaa5a83,Elaheh Jamali,,Elaheh Jamali,2021-01-28T16:07:25Z,merging development,https://github.com/BCStudentSoftwareDevTeam/lsf/commit/06d8ba76953529b1232759ae7ba86314feaa5a83
lsf,833582e6d21f6f18f6406486d1c5e4fdf7dbe0d3,Elaheh Jamali,,Elaheh Jamali,2021-01-28T04:54:41Z,syntax fixes,https://github.com/BCStudentSoftwareDevTeam/lsf/commit/833582e6d21f6f18f6406486d1c5e4fdf7dbe0d3
lsf,78246183b2f86b296453ba69ae18e63bb618d482,Elaheh Jamali,,Elaheh Jamali,2021-01-28T04:52:47Z,need these two lines removed in order to work,https://github.com/BCStudentSoftwareDevTeam/lsf/commit/78246183b2f86b296453ba69ae18e63bb618d482
lsf,54c9a93d5b3be0cdb893156e214f267d8d2f2cd3,Elaheh Jamali,,Elaheh Jamali,2021-01-28T04:41:33Z,resolving merge conflicts:,https://github.com/BCStudentSoftwareDevTeam/lsf/commit/54c9a93d5b3be0cdb893156e214f267d8d2f2cd3
lsf,90b4fbb186c26d92dfb6cb960ea763a48ea1b856,Elaheh Jamali,,Elaheh Jamali,2021-01-28T04:32:52Z,tooltip for datepickers added,https://github.com/BCStudentSoftwareDevTeam/lsf/commit/90b4fbb186c26d92dfb6cb960ea763a48ea1b856
lsf,4e4b45d19d85941e4c3867e49f832f1b31a52315,Guillermo Cruz,,BrianRamsay,2021-01-27T16:08:07Z,"Merged in issue227 (pull request #251)

Adjustment Email Template

Approved-by: Brian Ramsay",https://github.com/BCStudentSoftwareDevTeam/lsf/commit/4e4b45d19d85941e4c3867e49f832f1b31a52315
lsf,73843e4a690deeecebe009d9d60a988c155052de,Jamaliela,User,BrianRamsay,2021-01-27T16:07:30Z,"Merged in issue290 (pull request #269)

Approving/Denying Release Forms Fix

Approved-by: Brian Ramsay",https://github.com/BCStudentSoftwareDevTeam/lsf/commit/73843e4a690deeecebe009d9d60a988c155052de
lsf,f6bc5b5c3e45c6000c60dcc6aeed95a6568045ec,Jamaliela,User,BrianRamsay,2021-01-27T16:04:01Z,"Merged in issue291 (pull request #270)

Redirecting email replies to labor Office

Approved-by: Brian Ramsay",https://github.com/BCStudentSoftwareDevTeam/lsf/commit/f6bc5b5c3e45c6000c60dcc6aeed95a6568045ec
lsf,bfda9d6cfa8c09ffd5255e7521abcafc06821d03,Elaheh Jamali,,Elaheh Jamali,2021-01-25T16:35:29Z,changing js file to development version,https://github.com/BCStudentSoftwareDevTeam/lsf/commit/bfda9d6cfa8c09ffd5255e7521abcafc06821d03
lsf,1a78837ee5970ba9543de6680891d19cc8b446e7,Elaheh Jamali,,Elaheh Jamali,2021-01-25T16:31:33Z,changing the replyto address,https://github.com/BCStudentSoftwareDevTeam/lsf/commit/1a78837ee5970ba9543de6680891d19cc8b446e7
lsf,129ede58d553c88d899f46a4337d95e513e7bbd4,Elaheh Jamali,,Elaheh Jamali,2021-01-18T18:52:58Z,"Fixed the issue, now admins can approve/deny release forms",https://github.com/BCStudentSoftwareDevTeam/lsf/commit/129ede58d553c88d899f46a4337d95e513e7bbd4
lsf,eefe85ebe320faa89fb818a8b1d80c34df32df89,GuillermoCruz32,User,GuillermoCruz32,2021-01-18T17:31:35Z,"The status for release forms is now updating, still need to update other data on form",https://github.com/BCStudentSoftwareDevTeam/lsf/commit/eefe85ebe320faa89fb818a8b1d80c34df32df89
lsf,5dad0c50171c5758ddee962c37cbc1abf4402c8e,Elaheh Jamali,,Elaheh Jamali,2021-01-14T18:26:01Z,merging development,https://github.com/BCStudentSoftwareDevTeam/lsf/commit/5dad0c50171c5758ddee962c37cbc1abf4402c8e
lsf,3f28afc120b9cc0ca4cb3a8a9f4db17c743816f4,Elaheh Jamali,,Elaheh Jamali,2021-01-14T18:07:57Z,solving the issues in PR,https://github.com/BCStudentSoftwareDevTeam/lsf/commit/3f28afc120b9cc0ca4cb3a8a9f4db17c743816f4
lsf,54d7d7fa9347f5a926ac276718a46da495881374,GuillermoCruz32,User,GuillermoCruz32,2021-01-14T15:58:51Z,Trying to fix sending email on alter lsf form,https://github.com/BCStudentSoftwareDevTeam/lsf/commit/54d7d7fa9347f5a926ac276718a46da495881374
lsf,282f07d2b8afc99a609d242d7220d3786de9c2be,GuillermoCruz32,User,GuillermoCruz32,2021-01-13T17:52:46Z,Fixing merge conflicts,https://github.com/BCStudentSoftwareDevTeam/lsf/commit/282f07d2b8afc99a609d242d7220d3786de9c2be
lsf,ce6ce0a01a439092156facd261b03002d49ad219,May Jue,,BrianRamsay,2021-01-11T20:25:49Z,"Merged in issue281 (pull request #265)

Issue281

Approved-by: Brian Ramsay
Approved-by: Alex Bryant",https://github.com/BCStudentSoftwareDevTeam/lsf/commit/ce6ce0a01a439092156facd261b03002d49ad219
lsf,f10eab7fa7eed1a1bad87524abb52ea6c7ca05bc,May Jue,,BrianRamsay,2021-01-11T20:24:22Z,"Merged in Issue280 (pull request #261)

Issue 280

Approved-by: Brian Ramsay
Approved-by: Alex Bryant",https://github.com/BCStudentSoftwareDevTeam/lsf/commit/f10eab7fa7eed1a1bad87524abb52ea6c7ca05bc
lsf,e753d2692e0f85fafbe2a98bc41fd38c5dc3104d,Jamaliela,User,BrianRamsay,2021-01-11T20:18:01Z,"Merged in issue254 (pull request #260)

Incorrect number of hours from old labor positions

Approved-by: Brian Ramsay",https://github.com/BCStudentSoftwareDevTeam/lsf/commit/e753d2692e0f85fafbe2a98bc41fd38c5dc3104d
lsf,4c794c20fd7a54dbcf604883acd624106945dba5,Hila Manalai,,Hila Manalai,2021-01-08T17:54:28Z,fixed the issue with modal css breaking,https://github.com/BCStudentSoftwareDevTeam/lsf/commit/4c794c20fd7a54dbcf604883acd624106945dba5
lsf,aa95a7ebbbc9441efab0fe9388c5029459aeb5f1,Hila Manalai,,Hila Manalai,2021-01-07T19:39:15Z,fixed createdby sort issue,https://github.com/BCStudentSoftwareDevTeam/lsf/commit/aa95a7ebbbc9441efab0fe9388c5029459aeb5f1
lsf,be42f9143df6d66ec7cd98b6628dc4eb573de4f5,Hila Manalai,,Hila Manalai,2021-01-06T21:40:26Z,cleaning up,https://github.com/BCStudentSoftwareDevTeam/lsf/commit/be42f9143df6d66ec7cd98b6628dc4eb573de4f5
lsf,6e20d097c6c0247c72a831c0b9561051c19bcc7d,Hila Manalai,,Hila Manalai,2021-01-06T21:30:54Z,finishing the issue,https://github.com/BCStudentSoftwareDevTeam/lsf/commit/6e20d097c6c0247c72a831c0b9561051c19bcc7d
lsf,23aeb5f98b093018a1253cb1b0ce6c81890508c3,Hila Manalai,,Hila Manalai,2021-01-05T22:04:49Z,Merge branch 'issue282' of https://bitbucket.org/laborstudents/lsf-flask into issue282,https://github.com/BCStudentSoftwareDevTeam/lsf/commit/23aeb5f98b093018a1253cb1b0ce6c81890508c3
lsf,60ae3fcd68304060bdb65d98fb141cd4707e0a9b,Hila Manalai,,Hila Manalai,2021-01-05T22:04:07Z,"added download button, cleaned up code, and fixed some bugs",https://github.com/BCStudentSoftwareDevTeam/lsf/commit/60ae3fcd68304060bdb65d98fb141cd4707e0a9b
lsf,ec0277f6cd0c0317a697f70b870cb223bdbf4e9f,ovezovs,,ovezovs,2021-01-05T17:48:58Z,added General Search tab on the sidebar menu,https://github.com/BCStudentSoftwareDevTeam/lsf/commit/ec0277f6cd0c0317a697f70b870cb223bdbf4e9f
lsf,7cd6e2f6f9fb0f215e6e647207dc1d4cbe59a085,Hila Manalai,,Hila Manalai,2021-01-05T15:41:01Z,changed checkboxes into radio buttons,https://github.com/BCStudentSoftwareDevTeam/lsf/commit/7cd6e2f6f9fb0f215e6e647207dc1d4cbe59a085
lsf,39933194ae011f457ff98f4fd01093e6b46d296d,Hila Manalai,,Hila Manalai,2021-01-05T15:33:22Z,reorganizing functions,https://github.com/BCStudentSoftwareDevTeam/lsf/commit/39933194ae011f457ff98f4fd01093e6b46d296d
lsf,8d758e546cf19dac49c9a5f632bb360aca16ed55,Hila Manalai,,Hila Manalai,2021-01-04T21:56:31Z,finished the action button logic,https://github.com/BCStudentSoftwareDevTeam/lsf/commit/8d758e546cf19dac49c9a5f632bb360aca16ed55
lsf,d2eece0c5ebae1ff1e7c0d8a7c9fb3382ec5fd02,Hila Manalai,,Hila Manalai,2021-01-04T17:10:55Z,adding actions button conditions,https://github.com/BCStudentSoftwareDevTeam/lsf/commit/d2eece0c5ebae1ff1e7c0d8a7c9fb3382ec5fd02
lsf,03d8dbc5bed615b953083d5687c98227bb5ed9d8,Hila Manalai,,Hila Manalai,2021-01-02T20:49:09Z,finished populating the table with additional data and started working on actions button,https://github.com/BCStudentSoftwareDevTeam/lsf/commit/03d8dbc5bed615b953083d5687c98227bb5ed9d8
lsf,8158a3aeb405d64df60f80ed996c350eb94a9628,ovezovs,,ovezovs,2021-01-02T14:46:00Z,implemented ordering of columns,https://github.com/BCStudentSoftwareDevTeam/lsf/commit/8158a3aeb405d64df60f80ed996c350eb94a9628
lsf,b6d020a229f627ee029a1a311213f4001fc09972,Hila Manalai,,Hila Manalai,2020-12-30T20:03:17Z,finished setting up the server side processing for datatable,https://github.com/BCStudentSoftwareDevTeam/lsf/commit/b6d020a229f627ee029a1a311213f4001fc09972
lsf,aa359ec67ffb93af82a70dd919d725a013b755a1,ovezovs,,ovezovs,2020-12-29T20:06:13Z,tried server-side processing of datatables,https://github.com/BCStudentSoftwareDevTeam/lsf/commit/aa359ec67ffb93af82a70dd919d725a013b755a1
lsf,83f767e643d624237df626a03486f5ccfd934bc5,ovezovs,,ovezovs,2020-12-24T18:10:57Z,populated the front-end table with the search result,https://github.com/BCStudentSoftwareDevTeam/lsf/commit/83f767e643d624237df626a03486f5ccfd934bc5
lsf,d685923cf5ed48de737c6582665984083a1ebc11,ovezovs,,ovezovs,2020-12-23T20:01:00Z,completed the query and all logic in the controller,https://github.com/BCStudentSoftwareDevTeam/lsf/commit/d685923cf5ed48de737c6582665984083a1ebc11
lsf,773199dd3d37748033de623821fcfd0876e41247,Hila Manalai,,Hila Manalai,2020-12-22T19:08:08Z,working on the query function,https://github.com/BCStudentSoftwareDevTeam/lsf/commit/773199dd3d37748033de623821fcfd0876e41247
lsf,a8b3545af5d58a61b5aed2b93cba454dc0eee66e,ovezovs,,ovezovs,2020-12-22T13:48:06Z,created a new general search page,https://github.com/BCStudentSoftwareDevTeam/lsf/commit/a8b3545af5d58a61b5aed2b93cba454dc0eee66e
lsf,686668fe610238dedb176f1effc83d15d4d7972c,Hila Manalai,,Hila Manalai,2020-12-21T13:13:02Z,added general search page,https://github.com/BCStudentSoftwareDevTeam/lsf/commit/686668fe610238dedb176f1effc83d15d4d7972c
lsf,a35421d80cdc6a01f3dae43878ad912d9edc74fd,May Jue,,May Jue,2020-12-09T16:11:32Z," only labor admin will be able to change the start and end date when modifying the form. Also, they can only do this while the form is pending",https://github.com/BCStudentSoftwareDevTeam/lsf/commit/a35421d80cdc6a01f3dae43878ad912d9edc74fd
lsf,85cbda1631d584e02ef8ce2b04bb2dfb8d09eedd,escalerapadronl,User,escalerapadronl,2020-12-09T15:23:53Z,added date pickers to labor correction form and they update the database when they dates are changed,https://github.com/BCStudentSoftwareDevTeam/lsf/commit/85cbda1631d584e02ef8ce2b04bb2dfb8d09eedd
lsf,c191e22bb05a143b37879be117176b537f72d565,escalerapadronl,User,escalerapadronl,2020-12-07T15:26:50Z,changed conditional syntax for more conciseness,https://github.com/BCStudentSoftwareDevTeam/lsf/commit/c191e22bb05a143b37879be117176b537f72d565
lsf,e4e6b4a7f7866cfff06aa77c0370b65accbe2b99,escalerapadronl,User,escalerapadronl,2020-12-07T15:17:44Z,Merge branch 'Issue280' of bitbucket.org:laborstudents/lsf-flask into Issue280,https://github.com/BCStudentSoftwareDevTeam/lsf/commit/e4e6b4a7f7866cfff06aa77c0370b65accbe2b99
lsf,22732d0e061e933c8f45ce2c5c096ff6cc7ef0d5,Jamaliela,User,BrianRamsay,2020-12-04T22:13:23Z,"Merged in issue246 (pull request #257)

Manage Administrators Live Selectpicker

Approved-by: Alex Bryant",https://github.com/BCStudentSoftwareDevTeam/lsf/commit/22732d0e061e933c8f45ce2c5c096ff6cc7ef0d5
lsf,8315f2280375214fccc89c62505abae9ad33bc32,Hila Manalai,,BrianRamsay,2020-12-04T22:07:33Z,"Merged in issue279 (pull request #253)

Added Form Status to Excel Maker",https://github.com/BCStudentSoftwareDevTeam/lsf/commit/8315f2280375214fccc89c62505abae9ad33bc32
lsf,c0e5363e91afe67f549737740a4d2876aac4d96b,May Jue,,BrianRamsay,2020-12-04T19:56:36Z,"Merged in issue285 (pull request #263)

Issue285",https://github.com/BCStudentSoftwareDevTeam/lsf/commit/c0e5363e91afe67f549737740a4d2876aac4d96b
lsf,fc8ef8bc0a14e1af00197aa7fc2bb51cd8733b0e,May Jue,,May Jue,2020-12-04T17:25:41Z,JobType added to the pending table and the position wls will sort by job type,https://github.com/BCStudentSoftwareDevTeam/lsf/commit/fc8ef8bc0a14e1af00197aa7fc2bb51cd8733b0e
lsf,f0666d950b6f567ccc051e358cf551d22036491c,Jamaliela,User,BrianRamsay,2020-12-03T20:58:50Z,"Merged in issue271 (pull request #247)

form status in supervisor portal fixed

Approved-by: Alex Bryant",https://github.com/BCStudentSoftwareDevTeam/lsf/commit/f0666d950b6f567ccc051e358cf551d22036491c
lsf,866bcccb4d8a8300dd98319b2f7158e74c06db8d,Jamaliela,User,BrianRamsay,2020-12-03T20:56:45Z,"Merged in issue275 (pull request #256)

Labor Correction Form: View Notes Button

Approved-by: Alex Bryant",https://github.com/BCStudentSoftwareDevTeam/lsf/commit/866bcccb4d8a8300dd98319b2f7158e74c06db8d
lsf,b16518345016efb8ae0a050db1e68d63a34e20ba,Hila Manalai,,BrianRamsay,2020-12-03T20:51:05Z,"Merged in issue278 (pull request #255)

Added Mailto Links for Supervisors and Students

Approved-by: Alex Bryant",https://github.com/BCStudentSoftwareDevTeam/lsf/commit/b16518345016efb8ae0a050db1e68d63a34e20ba
lsf,307606b9e31edc52577b745d98cd1e62f35d9010,Jamaliela,User,BrianRamsay,2020-12-03T20:46:47Z,"Merged in issue272 (pull request #246)

Supervisor Portal Department Dropdown Ajax Issue

Approved-by: Alex Bryant",https://github.com/BCStudentSoftwareDevTeam/lsf/commit/307606b9e31edc52577b745d98cd1e62f35d9010
lsf,7e1dc9af10fcbc2715cbdb3d1a473ceaef8f77f1,May Jue,,May Jue,2020-12-03T18:05:53Z,"When there is a pending primary labor status forum, supervisor can create secondary labor status forum",https://github.com/BCStudentSoftwareDevTeam/lsf/commit/7e1dc9af10fcbc2715cbdb3d1a473ceaef8f77f1
lsf,b20db00f9229567718757fceff31376714a37857,May Jue,,May Jue,2020-11-23T16:12:46Z,only labor admin can get DUMMY POSITION as option,https://github.com/BCStudentSoftwareDevTeam/lsf/commit/b20db00f9229567718757fceff31376714a37857
lsf,f48f59e8eefce63082354ec8035b1774cea83997,Elaheh Jamali,,Elaheh Jamali,2020-11-19T19:00:13Z,changed the language of contract hour,https://github.com/BCStudentSoftwareDevTeam/lsf/commit/f48f59e8eefce63082354ec8035b1774cea83997
lsf,9e5ca3aa3c461ef03ba4a76e57b7cee075c0d605,Elaheh Jamali,,Elaheh Jamali,2020-11-19T17:59:39Z,adding the sql update,https://github.com/BCStudentSoftwareDevTeam/lsf/commit/9e5ca3aa3c461ef03ba4a76e57b7cee075c0d605
lsf,8fc5a7e99a6d75ca2412ae236baf036b8f96d6c6,Jamaliela,User,BrianRamsay,2020-11-11T16:00:25Z,"Merged in issue261 (pull request #248)

Term in Email Templates

Approved-by: Brian Ramsay
Approved-by: Alex Bryant",https://github.com/BCStudentSoftwareDevTeam/lsf/commit/8fc5a7e99a6d75ca2412ae236baf036b8f96d6c6
lsf,40cd3346fc92953f7bd71461bc73c9e8c2f27a14,Guillermo Cruz,,BrianRamsay,2020-11-11T15:42:57Z,"Merged in issue274 (pull request #245)

Labor History 'Return' Button: Fixed Workflow

Approved-by: Brian Ramsay
Approved-by: Alex Bryant",https://github.com/BCStudentSoftwareDevTeam/lsf/commit/40cd3346fc92953f7bd71461bc73c9e8c2f27a14
lsf,61bec8e9e005899932d36422865df5afc4122339,Jamaliela,User,BrianRamsay,2020-11-11T15:35:15Z,"Merged in issue270 (pull request #244)

Denied Forms Supervisor Will not be Notified

Approved-by: Alex Bryant",https://github.com/BCStudentSoftwareDevTeam/lsf/commit/61bec8e9e005899932d36422865df5afc4122339
lsf,9b1048d12605c97c5930b96fd01ed42754943c1c,Jamaliela,User,BrianRamsay,2020-11-11T14:05:50Z,"Merged in issue267 (pull request #243)

Overload forms are not being Processed until Student Confirms

Approved-by: Alex Bryant",https://github.com/BCStudentSoftwareDevTeam/lsf/commit/9b1048d12605c97c5930b96fd01ed42754943c1c
lsf,eef2b17ee779541523fa979a8a7abdd40cdb2893,bryantal,User,bryantal,2020-11-04T22:38:56Z,added the missing argument,https://github.com/BCStudentSoftwareDevTeam/lsf/commit/eef2b17ee779541523fa979a8a7abdd40cdb2893
lsf,38a546a9bc1fae722eb7fcb03f8f2b7857e0c78b,Elaheh Jamali,,Elaheh Jamali,2020-11-03T19:10:05Z,working on the contract hours calculation,https://github.com/BCStudentSoftwareDevTeam/lsf/commit/38a546a9bc1fae722eb7fcb03f8f2b7857e0c78b
lsf,51fd687bffe15481290b68f904857a3c4b6eadf8,Jamaliela,User,BrianRamsay,2020-11-03T12:47:57Z,"Merged in issuePrimarySpring (pull request #258)

Comparing Primary Cutoff Date with Today's date

Approved-by: Brian Ramsay",https://github.com/BCStudentSoftwareDevTeam/lsf/commit/51fd687bffe15481290b68f904857a3c4b6eadf8
lsf,3f1437e5bf4f0be17bf526008d35973843d427f7,Elaheh Jamali,,Elaheh Jamali,2020-11-02T20:34:49Z,fixing the date and pprimary cut off comparison,https://github.com/BCStudentSoftwareDevTeam/lsf/commit/3f1437e5bf4f0be17bf526008d35973843d427f7
lsf,4cb3f1fbf7570b1dfd5992eaedcda4e4161b6be5,Elaheh Jamali,,Elaheh Jamali,2020-11-02T18:12:48Z,"finished this issue, now the live search works for all",https://github.com/BCStudentSoftwareDevTeam/lsf/commit/4cb3f1fbf7570b1dfd5992eaedcda4e4161b6be5
lsf,ef266e20eb88ce6abcd034fbada2ae85f7398d17,GuillermoCruz32,User,GuillermoCruz32,2020-11-02T16:13:22Z,Pushing Friday changes,https://github.com/BCStudentSoftwareDevTeam/lsf/commit/ef266e20eb88ce6abcd034fbada2ae85f7398d17
lsf,0a235d0ba02886f1c726377427a9ecf02139b01b,Elaheh Jamali,,Elaheh Jamali,2020-10-28T21:17:46Z,worked on admin management js and template,https://github.com/BCStudentSoftwareDevTeam/lsf/commit/0a235d0ba02886f1c726377427a9ecf02139b01b
lsf,0b09f49a1b2657c3f52e05ffdee67855eeb79994,Elaheh Jamali,,Elaheh Jamali,2020-10-28T17:16:04Z,got rid of the button for log notes,https://github.com/BCStudentSoftwareDevTeam/lsf/commit/0b09f49a1b2657c3f52e05ffdee67855eeb79994
lsf,326bd0c82d1cee84c2d8c4b27df000406c9eea9d,Elaheh Jamali,,Elaheh Jamali,2020-10-27T16:28:01Z,note button changes is complete,https://github.com/BCStudentSoftwareDevTeam/lsf/commit/326bd0c82d1cee84c2d8c4b27df000406c9eea9d
lsf,0d49045a39a2642b6db6c5934bd057a898ec0240,Elaheh Jamali,,Elaheh Jamali,2020-10-27T16:09:30Z,switching driver error on lsf.student table,https://github.com/BCStudentSoftwareDevTeam/lsf/commit/0d49045a39a2642b6db6c5934bd057a898ec0240
lsf,cf7c4633c9e47e3fd2eddaa2a8e84f1ca87fe5dd,GuillermoCruz32,User,GuillermoCruz32,2020-10-26T21:37:07Z,Fixed the alterLSF UI so that now notes show in the log,https://github.com/BCStudentSoftwareDevTeam/lsf/commit/cf7c4633c9e47e3fd2eddaa2a8e84f1ca87fe5dd
lsf,678b1ac8f031f926f593085c7faa25e53a6fecd9,Elaheh Jamali,,Elaheh Jamali,2020-10-26T20:33:00Z,made changes to the adminotes table but the note is not showing up correctly:,https://github.com/BCStudentSoftwareDevTeam/lsf/commit/678b1ac8f031f926f593085c7faa25e53a6fecd9
lsf,12a0871d3100b680add0984bcbf29fd50123dc9a,Elaheh Jamali,,Elaheh Jamali,2020-10-22T18:38:06Z,finished adding the note button,https://github.com/BCStudentSoftwareDevTeam/lsf/commit/12a0871d3100b680add0984bcbf29fd50123dc9a
lsf,e3f04f5d7f7ec264632e0b7dc48308e728f0c6d9,Elaheh Jamali,,Elaheh Jamali,2020-10-22T02:22:07Z,working on loading the notes for correction form,https://github.com/BCStudentSoftwareDevTeam/lsf/commit/e3f04f5d7f7ec264632e0b7dc48308e728f0c6d9
lsf,d6e0b60bf4fea6ff7cc567b338d539008f8c6b97,Hila Manalai,,Hila Manalai,2020-10-21T15:17:04Z,removed extra code,https://github.com/BCStudentSoftwareDevTeam/lsf/commit/d6e0b60bf4fea6ff7cc567b338d539008f8c6b97
lsf,bf798cb43339a07cdc84a5a43e41967f3a01ac22,Hila Manalai,,Hila Manalai,2020-10-21T15:09:14Z,change mailto links,https://github.com/BCStudentSoftwareDevTeam/lsf/commit/bf798cb43339a07cdc84a5a43e41967f3a01ac22
lsf,9dea0d193d9fa34840d45ea41ac5f395f23c07f8,Hila Manalai,,Hila Manalai,2020-10-21T12:53:12Z,added additional parameter,https://github.com/BCStudentSoftwareDevTeam/lsf/commit/9dea0d193d9fa34840d45ea41ac5f395f23c07f8
lsf,7c1e088219bc78582c6b9bb824688860f36e2a56,Hila Manalai,,Hila Manalai,2020-10-19T15:01:57Z,added mail icon,https://github.com/BCStudentSoftwareDevTeam/lsf/commit/7c1e088219bc78582c6b9bb824688860f36e2a56
lsf,7a9bda8109bbd78f767aa72de346a26cd23ecffa,Hila Manalai,,Hila Manalai,2020-10-18T00:49:21Z,added status to excel maker,https://github.com/BCStudentSoftwareDevTeam/lsf/commit/7a9bda8109bbd78f767aa72de346a26cd23ecffa
lsf,4357355c843df2b8bfdc33668a0fc0171f76b90f,Hila Manalai,,Hila Manalai,2020-10-18T00:04:01Z,added mailto to most of the places where student and supervisor names were,https://github.com/BCStudentSoftwareDevTeam/lsf/commit/4357355c843df2b8bfdc33668a0fc0171f76b90f
lsf,4f6a24ec710b9c225b0ab93451adaea4b6c59524,Hila Manalai,,Hila Manalai,2020-10-17T19:49:56Z,added backend logic for admin and fixed modal ui,https://github.com/BCStudentSoftwareDevTeam/lsf/commit/4f6a24ec710b9c225b0ab93451adaea4b6c59524
lsf,dbeb315f8edf493b2761671b1486eba7f394523b,GuillermoCruz32,User,GuillermoCruz32,2020-10-15T16:37:26Z,Finished the issue,https://github.com/BCStudentSoftwareDevTeam/lsf/commit/dbeb315f8edf493b2761671b1486eba7f394523b
lsf,5363ae30679791cc290ce0c0d6cd629b18fdb7ed,Hila Manalai,,Hila Manalai,2020-10-14T18:55:00Z,implemented the logic for handling edge cases,https://github.com/BCStudentSoftwareDevTeam/lsf/commit/5363ae30679791cc290ce0c0d6cd629b18fdb7ed
lsf,07bc5f48f7b61d3454c6cc46b379f29ae4354358,Elaheh Jamali,,Elaheh Jamali,2020-10-14T01:39:41Z,very stuck on supervisor adjustment,https://github.com/BCStudentSoftwareDevTeam/lsf/commit/07bc5f48f7b61d3454c6cc46b379f29ae4354358
lsf,82d066005320457baa630afc817b2cda7a7429f3,GuillermoCruz32,User,GuillermoCruz32,2020-10-14T01:04:51Z,Trying to fix import issue,https://github.com/BCStudentSoftwareDevTeam/lsf/commit/82d066005320457baa630afc817b2cda7a7429f3
lsf,ff2907a397efdcf5027a11d213ef6b52ce3afdae,Elaheh Jamali,,Elaheh Jamali,2020-10-13T23:57:58Z,changing the adjustment namings and functions,https://github.com/BCStudentSoftwareDevTeam/lsf/commit/ff2907a397efdcf5027a11d213ef6b52ce3afdae
lsf,1c194533b3bef8664cf7cb543460e60c3b1706c1,Hila Manalai,,Hila Manalai,2020-10-12T16:21:59Z,added  initials,https://github.com/BCStudentSoftwareDevTeam/lsf/commit/1c194533b3bef8664cf7cb543460e60c3b1706c1
lsf,6cd76f7cb09a365e5ea40af115fed55457b1de94,GuillermoCruz32,User,GuillermoCruz32,2020-10-12T15:48:59Z,"Found the bug, pushing to swtch drivers",https://github.com/BCStudentSoftwareDevTeam/lsf/commit/6cd76f7cb09a365e5ea40af115fed55457b1de94
lsf,c6dee6db4e6d1d2887de56bc3516c028a205837b,Hila Manalai,,Hila Manalai,2020-10-11T17:58:17Z,added initials to the UI,https://github.com/BCStudentSoftwareDevTeam/lsf/commit/c6dee6db4e6d1d2887de56bc3516c028a205837b
lsf,c419d4621c1d9d3856d6631cb1e2d65ec09e2c0a,Hila Manalai,,Hila Manalai,2020-10-11T14:34:19Z,re styled the model,https://github.com/BCStudentSoftwareDevTeam/lsf/commit/c419d4621c1d9d3856d6631cb1e2d65ec09e2c0a
lsf,c492668e7b8365721101c82974ad0ca074887688,Hila Manalai,,Hila Manalai,2020-10-09T16:28:46Z,finished saas view and adding initials to modal,https://github.com/BCStudentSoftwareDevTeam/lsf/commit/c492668e7b8365721101c82974ad0ca074887688
lsf,d88a2ad1916043ea63f373dfba70fc8be8c62133,May Jue,,May Jue,2020-10-07T15:42:12Z,Added department account as a parameter for position to solve error,https://github.com/BCStudentSoftwareDevTeam/lsf/commit/d88a2ad1916043ea63f373dfba70fc8be8c62133
lsf,6abfbdaf1b1dd8ee8b6dec619d387b6fb6d166c2,May Jue,,May Jue,2020-10-07T14:25:00Z,change textarea to be empty when there is no comment,https://github.com/BCStudentSoftwareDevTeam/lsf/commit/6abfbdaf1b1dd8ee8b6dec619d387b6fb6d166c2
lsf,9c70fd18529bb648156a6e8901f7692fd1702acb,Elaheh Jamali,,Elaheh Jamali,2020-10-05T17:53:36Z,getting rid of a space,https://github.com/BCStudentSoftwareDevTeam/lsf/commit/9c70fd18529bb648156a6e8901f7692fd1702acb
lsf,34c98dc2338859a1786bea4f986aa8fa4ca712b7,Elaheh Jamali,,Elaheh Jamali,2020-10-05T17:51:00Z,fixing merge conflicts,https://github.com/BCStudentSoftwareDevTeam/lsf/commit/34c98dc2338859a1786bea4f986aa8fa4ca712b7
lsf,30509b49fa19a15744e4883018d52714ece4b6e1,Elaheh Jamali,,Elaheh Jamali,2020-10-05T17:48:34Z,added term name to email placeholder,https://github.com/BCStudentSoftwareDevTeam/lsf/commit/30509b49fa19a15744e4883018d52714ece4b6e1
lsf,c628ce447e12d0ccec80f6fce46fa9a04c84d48b,Hila Manalai,,Hila Manalai,2020-10-05T16:21:59Z,added approved overload tab and working on modal style,https://github.com/BCStudentSoftwareDevTeam/lsf/commit/c628ce447e12d0ccec80f6fce46fa9a04c84d48b
lsf,492ba98732de446a9e3484bc09766831ece4e805,Elaheh Jamali,,Elaheh Jamali,2020-09-30T17:43:34Z,form status in supervisor portal fixed,https://github.com/BCStudentSoftwareDevTeam/lsf/commit/492ba98732de446a9e3484bc09766831ece4e805
lsf,1936b7c8ca83a374896cda322d175a032139d68c,Elaheh Jamali,,Elaheh Jamali,2020-09-28T15:55:07Z,added comments for the process,https://github.com/BCStudentSoftwareDevTeam/lsf/commit/1936b7c8ca83a374896cda322d175a032139d68c
lsf,3e80a8da716b119440e2aa7fd4461c0cc20da937,Elaheh Jamali,,Elaheh Jamali,2020-09-28T15:51:34Z,-back to back department selection fixed,https://github.com/BCStudentSoftwareDevTeam/lsf/commit/3e80a8da716b119440e2aa7fd4461c0cc20da937
lsf,11ece0144b6dab16bbdfb5a2e590e4bd28761b10,Hila Manalai,,Hila Manalai,2020-09-28T15:13:27Z,fixed bug,https://github.com/BCStudentSoftwareDevTeam/lsf/commit/11ece0144b6dab16bbdfb5a2e590e4bd28761b10
lsf,d1f499637020c78832b3237e056370ead97f7954,GuillermoCruz32,User,GuillermoCruz32,2020-09-25T18:09:06Z,"Fixed the issue on the back button, workflow should be correct now",https://github.com/BCStudentSoftwareDevTeam/lsf/commit/d1f499637020c78832b3237e056370ead97f7954
lsf,3d340948439ffc46205aabbcc7edab0fe1c303b5,Hila Manalai,,Hila Manalai,2020-09-25T16:58:10Z,fixed the issue with admin view of pending forms,https://github.com/BCStudentSoftwareDevTeam/lsf/commit/3d340948439ffc46205aabbcc7edab0fe1c303b5
lsf,98507ed6bd7ab752e709655403a726633a37df7c,Hila Manalai,,Hila Manalai,2020-09-25T16:39:29Z,removed debugging statement,https://github.com/BCStudentSoftwareDevTeam/lsf/commit/98507ed6bd7ab752e709655403a726633a37df7c
lsf,259fe31d93e048766c72830c4a50c7f1365fe7cb,Hila Manalai,,Hila Manalai,2020-09-25T16:37:04Z,implemented financial aid view of pending forms page,https://github.com/BCStudentSoftwareDevTeam/lsf/commit/259fe31d93e048766c72830c4a50c7f1365fe7cb
lsf,3b2ecf6476380cfba0f7a635c7af3e02817bde65,Elaheh Jamali,,Elaheh Jamali,2020-09-24T21:15:07Z,denied primary supervisors won't be notified,https://github.com/BCStudentSoftwareDevTeam/lsf/commit/3b2ecf6476380cfba0f7a635c7af3e02817bde65
lsf,a888f2a7adc2f5cc25ec25dfef0d0d9b157b0cf3,Elaheh Jamali,,Elaheh Jamali,2020-09-23T19:25:07Z,cleaning up the code,https://github.com/BCStudentSoftwareDevTeam/lsf/commit/a888f2a7adc2f5cc25ec25dfef0d0d9b157b0cf3
lsf,214d4ed68938aca9a5e283e25b8a7f876af38aef,Luis Riera,,BrianRamsay,2020-09-23T18:37:45Z,"Merged in issue258 (pull request #242)

Fixed Issue #258

Approved-by: Brian Ramsay",https://github.com/BCStudentSoftwareDevTeam/lsf/commit/214d4ed68938aca9a5e283e25b8a7f876af38aef
lsf,ec763e613e5ee11c48adeae19f3b8fb3454948b9,Elaheh Jamali,,Elaheh Jamali,2020-09-23T16:34:06Z,"Finished the issue, now overload forms will not appear for admins until a student adds their reason",https://github.com/BCStudentSoftwareDevTeam/lsf/commit/ec763e613e5ee11c48adeae19f3b8fb3454948b9
lsf,4460859593c343ad33be9743176de4046c5b0918,Elaheh Jamali,,Elaheh Jamali,2020-09-23T15:43:44Z,Merge branch 'development' into issue267,https://github.com/BCStudentSoftwareDevTeam/lsf/commit/4460859593c343ad33be9743176de4046c5b0918
lsf,d3f77e7820a7034580b30646860a872d88051589,Luis Riera,,Luis Riera,2020-09-23T15:29:00Z,Merged with development and fixed merge conflicts.,https://github.com/BCStudentSoftwareDevTeam/lsf/commit/d3f77e7820a7034580b30646860a872d88051589
lsf,a3ea5b395b19352b0691e4eb9cdcbe8265a1d875,Luis Riera,,Luis Riera,2020-09-23T15:21:15Z,Placeholder works correctly. Refactored emailHandler.py a bit so the form being modified saves its changes before creating the emailHandler object and sending the email. This should prevent emails to be sent with missing information.,https://github.com/BCStudentSoftwareDevTeam/lsf/commit/a3ea5b395b19352b0691e4eb9cdcbe8265a1d875
lsf,587d4d7f70e694156a63c2f46e13732507c5356c,Jamaliela,User,BrianRamsay,2020-09-23T13:52:19Z,"Merged in issue259 (pull request #237)

Filtering Positions By ORG and ACCT

Approved-by: Brian Ramsay",https://github.com/BCStudentSoftwareDevTeam/lsf/commit/587d4d7f70e694156a63c2f46e13732507c5356c
lsf,14e534fd5ee6aec9148d47fcb6df7d4b9a284792,GuillermoCruz32,User,GuillermoCruz32,2020-09-22T23:05:34Z,Fixing the overload controller,https://github.com/BCStudentSoftwareDevTeam/lsf/commit/14e534fd5ee6aec9148d47fcb6df7d4b9a284792
lsf,3bca44bc7cbcbd0a8460df79c4b28bffa6fc34e1,GuillermoCruz32,User,GuillermoCruz32,2020-09-22T19:52:49Z,Merge branch 'development' into issue259,https://github.com/BCStudentSoftwareDevTeam/lsf/commit/3bca44bc7cbcbd0a8460df79c4b28bffa6fc34e1
lsf,287a8a9c2d6d4090b883216437ef4ecf74186120,GuillermoCruz32,User,GuillermoCruz32,2020-09-22T19:50:26Z,Fixed spelling errors,https://github.com/BCStudentSoftwareDevTeam/lsf/commit/287a8a9c2d6d4090b883216437ef4ecf74186120
lsf,992e7d548928271a1275c17cead3750c13f038ac,Hila Manalai,,BrianRamsay,2020-09-22T15:26:16Z,"Merged in issue265 (pull request #238)

Edit to Student Overload Application

Approved-by: Brian Ramsay",https://github.com/BCStudentSoftwareDevTeam/lsf/commit/992e7d548928271a1275c17cead3750c13f038ac
lsf,488e53209f45b0fd966f3868ca161a487d537d5b,Jamaliela,User,BrianRamsay,2020-09-22T15:17:18Z,"Merged in issue266 (pull request #239)

Financial Aid Emails Destination

Approved-by: Brian Ramsay",https://github.com/BCStudentSoftwareDevTeam/lsf/commit/488e53209f45b0fd966f3868ca161a487d537d5b
lsf,5fbf8a1bf8d9dc93e9bcc20efed9b5b9582756a5,Elaheh Jamali,,Elaheh Jamali,2020-09-21T17:02:43Z,working on adding the pre-student approval status,https://github.com/BCStudentSoftwareDevTeam/lsf/commit/5fbf8a1bf8d9dc93e9bcc20efed9b5b9582756a5
lsf,6e2905507ffe1b5f064766c4a66eb2345cfad910,Elaheh Jamali,,Elaheh Jamali,2020-09-21T15:30:16Z,emailing to finaid and changes to modal,https://github.com/BCStudentSoftwareDevTeam/lsf/commit/6e2905507ffe1b5f064766c4a66eb2345cfad910
lsf,e0fabe1c7a35a37a1f8b4e209b3c415e108bf1ca,Hila Manalai,,Hila Manalai,2020-09-21T14:42:23Z,changed id,https://github.com/BCStudentSoftwareDevTeam/lsf/commit/e0fabe1c7a35a37a1f8b4e209b3c415e108bf1ca
lsf,2651c8d6b26a81ae25676de9f7b384685baec764,Hila Manalai,,Hila Manalai,2020-09-21T14:34:26Z,changed language,https://github.com/BCStudentSoftwareDevTeam/lsf/commit/2651c8d6b26a81ae25676de9f7b384685baec764
lsf,503bb7e3d88674418cb03fe39390f717a163a8b2,Hila Manalai,,Hila Manalai,2020-09-21T14:23:46Z,some design changes,https://github.com/BCStudentSoftwareDevTeam/lsf/commit/503bb7e3d88674418cb03fe39390f717a163a8b2
lsf,6a142ebdc19d13ad3d5121207f42a980a8b7ab79,GuillermoCruz32,User,GuillermoCruz32,2020-09-20T22:04:19Z,merge conflict,https://github.com/BCStudentSoftwareDevTeam/lsf/commit/6a142ebdc19d13ad3d5121207f42a980a8b7ab79
lsf,bbc8ed7c65781742e0d77f033457ef4b9ae5b26b,GuillermoCruz32,User,GuillermoCruz32,2020-09-20T21:53:53Z,department students loading correct information,https://github.com/BCStudentSoftwareDevTeam/lsf/commit/bbc8ed7c65781742e0d77f033457ef4b9ae5b26b
lsf,becfb0be8924c66896ba3376100b6c1e06c6d0c3,Hila Manalai,,BrianRamsay,2020-09-18T19:52:53Z,"Merged in issue255 (pull request #236)

Improving Admin Workflow for Releasing and Rehiring

Approved-by: Brian Ramsay",https://github.com/BCStudentSoftwareDevTeam/lsf/commit/becfb0be8924c66896ba3376100b6c1e06c6d0c3
lsf,f9116d2c99b7df85c31035a79bf8432d011fe589,Luis Riera,,Luis Riera,2020-09-17T18:58:22Z,"Placeholder now sends emails, making sure the placeholder gets the correct data when appropriate.",https://github.com/BCStudentSoftwareDevTeam/lsf/commit/f9116d2c99b7df85c31035a79bf8432d011fe589
lsf,70bf450b4c7fc060f560500e3ffea5de144b762a,GuillermoCruz32,User,GuillermoCruz32,2020-09-17T15:52:12Z,Trying to fix the supervisor portal,https://github.com/BCStudentSoftwareDevTeam/lsf/commit/70bf450b4c7fc060f560500e3ffea5de144b762a
lsf,7aa95c08af360e2b61e0414910aa6e2983c3ccfa,Elaheh Jamali,,Elaheh Jamali,2020-09-16T19:44:38Z,filtering the positions based on org and acct in labor status form,https://github.com/BCStudentSoftwareDevTeam/lsf/commit/7aa95c08af360e2b61e0414910aa6e2983c3ccfa
lsf,c73914825339e649ff99ebfc8fa64ca12e2641d5,Hila Manalai,,Hila Manalai,2020-09-16T15:39:07Z,resolved issue 262,https://github.com/BCStudentSoftwareDevTeam/lsf/commit/c73914825339e649ff99ebfc8fa64ca12e2641d5
lsf,3870f4b15278b867a43f863775cfe04aa21ab640,Hila Manalai,,Hila Manalai,2020-09-16T14:40:16Z,Merge branch 'development' into issue255,https://github.com/BCStudentSoftwareDevTeam/lsf/commit/3870f4b15278b867a43f863775cfe04aa21ab640
lsf,bbc0a488be1eebfdab28cfee1a1fb1a98db86343,Luis Riera,,Luis Riera,2020-09-16T14:05:54Z,Merge branch 'development' into issue258,https://github.com/BCStudentSoftwareDevTeam/lsf/commit/bbc0a488be1eebfdab28cfee1a1fb1a98db86343
lsf,c667a14a73c8ac0b14a1e12fc3406a49917b8111,Guillermo Cruz,,BrianRamsay,2020-09-14T21:33:16Z,"Merged in issue264 (pull request #233)

Adjustment Button: Always Available to Labor Admins

Approved-by: Brian Ramsay",https://github.com/BCStudentSoftwareDevTeam/lsf/commit/c667a14a73c8ac0b14a1e12fc3406a49917b8111
lsf,8285e014cf251d5a5c0d780d9a70062d6e0277d7,Jamaliela,User,BrianRamsay,2020-09-14T21:29:06Z,"Merged in issue245 (pull request #224)

Fixed Return Button Functionality in Labor History

Approved-by: Brian Ramsay",https://github.com/BCStudentSoftwareDevTeam/lsf/commit/8285e014cf251d5a5c0d780d9a70062d6e0277d7
lsf,6af766f8c57c988b37c10781ddc7d27c4b9c9b62,Jamaliela,User,BrianRamsay,2020-09-14T21:26:43Z,"Merged in issue250 (pull request #234)

Style change of the placement of approve/approve reluctantly/deny in Overload modal

Approved-by: Brian Ramsay",https://github.com/BCStudentSoftwareDevTeam/lsf/commit/6af766f8c57c988b37c10781ddc7d27c4b9c9b62
lsf,63aa336d06d5571078a73f73a09563ed00069431,Jamaliela,User,BrianRamsay,2020-09-14T21:26:04Z,"Merged in issue260 (pull request #235)

Fixed Error On Email to Financial Aid/SAAS

Approved-by: Brian Ramsay",https://github.com/BCStudentSoftwareDevTeam/lsf/commit/63aa336d06d5571078a73f73a09563ed00069431
lsf,089e43298d1eb18e8a9212526ea5caec520140fb,bryantal,User,bryantal,2020-09-14T17:00:37Z,Added term to the placeholder dropdown,https://github.com/BCStudentSoftwareDevTeam/lsf/commit/089e43298d1eb18e8a9212526ea5caec520140fb
lsf,96939baa28d5c7f7c15368151f0b470f578f4307,Hila Manalai,,Hila Manalai,2020-09-14T16:56:54Z,fixed issues with lsf html,https://github.com/BCStudentSoftwareDevTeam/lsf/commit/96939baa28d5c7f7c15368151f0b470f578f4307
lsf,9d3c912e32eaf2fa73e6df9cc15736f0ba9fa653,Elaheh Jamali,,Elaheh Jamali,2020-09-14T15:27:53Z,"testing done, comments removed",https://github.com/BCStudentSoftwareDevTeam/lsf/commit/9d3c912e32eaf2fa73e6df9cc15736f0ba9fa653
lsf,6eccebe3ddaa7d3458f0c8dc68ce1ea7eabf60e7,GuillermoCruz32,User,GuillermoCruz32,2020-09-14T14:53:41Z,Fixed the email handler for the admins email,https://github.com/BCStudentSoftwareDevTeam/lsf/commit/6eccebe3ddaa7d3458f0c8dc68ce1ea7eabf60e7
lsf,b7a0f749cc042edcd85d6b833e4d1463ebadd35f,Luis Riera,,Luis Riera,2020-09-11T19:39:12Z,Added placeholder for Reject Reson. Have to make sure it works correctly.,https://github.com/BCStudentSoftwareDevTeam/lsf/commit/b7a0f749cc042edcd85d6b833e4d1463ebadd35f
lsf,27bda6d32c961fe9406b5d5da6d9d4fb8c23853b,Elaheh Jamali,,Elaheh Jamali,2020-09-10T22:09:51Z,changed the styling of radio buttons in Overload modal,https://github.com/BCStudentSoftwareDevTeam/lsf/commit/27bda6d32c961fe9406b5d5da6d9d4fb8c23853b
lsf,dc42b3c8b04f2953d78e9073a1e1bb071e9824e4,GuillermoCruz32,User,GuillermoCruz32,2020-09-10T15:46:03Z,"Fixed the adjustment button so that labor admins always have it, even when its past the date",https://github.com/BCStudentSoftwareDevTeam/lsf/commit/dc42b3c8b04f2953d78e9073a1e1bb071e9824e4
lsf,ddcd300a297fd230ec89424374cf44ab1016bccb,GuillermoCruz32,User,GuillermoCruz32,2020-09-10T15:14:18Z,Fixed the departments select picker to work with the all option,https://github.com/BCStudentSoftwareDevTeam/lsf/commit/ddcd300a297fd230ec89424374cf44ab1016bccb
lsf,1060f74561cecc5bed5db8a5e8f08c8071d5643e,GuillermoCruz32,User,GuillermoCruz32,2020-09-09T18:56:50Z,Trying to fix the all option using JS,https://github.com/BCStudentSoftwareDevTeam/lsf/commit/1060f74561cecc5bed5db8a5e8f08c8071d5643e
lsf,00a0e178fa3d38dea540025992ac527ce7be4c00,Hila Manalai,,Hila Manalai,2020-09-09T16:23:03Z,Merge branch 'development' into issue255,https://github.com/BCStudentSoftwareDevTeam/lsf/commit/00a0e178fa3d38dea540025992ac527ce7be4c00
lsf,32158bb977b8889fa79ab24f8a08d7525611b470,Hila Manalai,,Hila Manalai,2020-09-09T16:19:50Z,modified the modal,https://github.com/BCStudentSoftwareDevTeam/lsf/commit/32158bb977b8889fa79ab24f8a08d7525611b470
lsf,e266d4bd25da46912e5aa7caf0af2139c68dcaa5,Elaheh Jamali,,Elaheh Jamali,2020-09-08T21:32:59Z,made changes to js based on PR comment,https://github.com/BCStudentSoftwareDevTeam/lsf/commit/e266d4bd25da46912e5aa7caf0af2139c68dcaa5
lsf,320543e58cc04e13c8cff418cf03c729f4e31417,Guillermo Cruz,,BrianRamsay,2020-09-08T12:56:35Z,"Merged in overloadFormFix (pull request #231)

Quick Fix: Labor Overload Notification Email

Approved-by: Brian Ramsay",https://github.com/BCStudentSoftwareDevTeam/lsf/commit/320543e58cc04e13c8cff418cf03c729f4e31417
lsf,ecaffce2fe89eb49948d6b256586a1870d9682d6,Jamaliela,User,BrianRamsay,2020-09-08T12:56:15Z,"Merged in issue257 (pull request #232)

Persistent Bnumbers, Position and Department Codes

Approved-by: Brian Ramsay",https://github.com/BCStudentSoftwareDevTeam/lsf/commit/ecaffce2fe89eb49948d6b256586a1870d9682d6
lsf,24e680493e41eabb1cd1246ce25449f36ba3699a,Jamaliela,User,BrianRamsay,2020-09-08T12:55:20Z,"Merged in issue251 (pull request #225)

Status Added to Labor History Page

Approved-by: Brian Ramsay",https://github.com/BCStudentSoftwareDevTeam/lsf/commit/24e680493e41eabb1cd1246ce25449f36ba3699a
lsf,5c436cb1947586e9e0c0d2fd7a12375015b7b5d2,Elaheh Jamali,,Elaheh Jamali,2020-09-07T16:46:29Z,Merge branch 'development' of https://bitbucket.org/laborstudents/lsf-flask into issue245,https://github.com/BCStudentSoftwareDevTeam/lsf/commit/5c436cb1947586e9e0c0d2fd7a12375015b7b5d2
lsf,aae7ccd6aad6941ba205d085447443c6e63f7cbb,Hila Manalai,,Hila Manalai,2020-09-07T16:15:54Z,made changes to the modal,https://github.com/BCStudentSoftwareDevTeam/lsf/commit/aae7ccd6aad6941ba205d085447443c6e63f7cbb
lsf,8f6b7befb7fd186ffe3f680d9c6d9b2575351a9e,Elaheh Jamali,,Elaheh Jamali,2020-09-07T15:24:27Z,position code added to the selectpicker,https://github.com/BCStudentSoftwareDevTeam/lsf/commit/8f6b7befb7fd186ffe3f680d9c6d9b2575351a9e
lsf,f7afb74015b6d0c8120e8cf4e60e0c22344631cd,Elaheh Jamali,,Elaheh Jamali,2020-09-04T21:18:15Z,"working on persistent subtexts, position left",https://github.com/BCStudentSoftwareDevTeam/lsf/commit/f7afb74015b6d0c8120e8cf4e60e0c22344631cd
lsf,ad57158b673891b7270ef30bc6ea915b72563ff6,GuillermoCruz32,User,GuillermoCruz32,2020-09-04T21:01:20Z,Deleted the link parameter from the email handler method,https://github.com/BCStudentSoftwareDevTeam/lsf/commit/ad57158b673891b7270ef30bc6ea915b72563ff6
lsf,610b1c37541c94f260d6beaeeafc20bf6cae9d0a,Elaheh Jamali,,Elaheh Jamali,2020-09-04T20:11:46Z,Merge branch 'development' of https://bitbucket.org/laborstudents/lsf-flask into issue257,https://github.com/BCStudentSoftwareDevTeam/lsf/commit/610b1c37541c94f260d6beaeeafc20bf6cae9d0a
lsf,5f53e03d81f0ca37f320b5eec1a3e4e65d618489,Elaheh Jamali,,Elaheh Jamali,2020-09-04T19:51:57Z,merged branch issue252 and fixed conflicts,https://github.com/BCStudentSoftwareDevTeam/lsf/commit/5f53e03d81f0ca37f320b5eec1a3e4e65d618489
lsf,103c8113552be9c7adf5c6b1d50c15c5c39c7193,Hila Manalai,,BrianRamsay,2020-09-04T16:33:22Z,"Merged in issue256 (pull request #226)

Changed Tooltip Language on Term State

Approved-by: Brian Ramsay",https://github.com/BCStudentSoftwareDevTeam/lsf/commit/103c8113552be9c7adf5c6b1d50c15c5c39c7193
lsf,0cc2be79bbd990745b15e9cafcd35850e1e50814,Hila Manalai,,Hila Manalai,2020-09-04T16:15:45Z,cleaned up,https://github.com/BCStudentSoftwareDevTeam/lsf/commit/0cc2be79bbd990745b15e9cafcd35850e1e50814
lsf,e7979798815039da9cd4adb686fc7677d412af00,Hila Manalai,,Hila Manalai,2020-09-04T15:58:31Z,almost done with rehiring and releasing at the same time,https://github.com/BCStudentSoftwareDevTeam/lsf/commit/e7979798815039da9cd4adb686fc7677d412af00
lsf,400e42c5d544d49a093905754323f2eb7e440e07,Hila Manalai,,Hila Manalai,2020-09-02T16:29:05Z,trying to add a release and rehire option,https://github.com/BCStudentSoftwareDevTeam/lsf/commit/400e42c5d544d49a093905754323f2eb7e440e07
lsf,9ff89e0c0578337f8257d28a307be5426a65a467,Elaheh Jamali,,Elaheh Jamali,2020-08-31T16:51:21Z,playing with text-muted disappearing after being selected,https://github.com/BCStudentSoftwareDevTeam/lsf/commit/9ff89e0c0578337f8257d28a307be5426a65a467
lsf,526dccceb66365984d0af274b27da6ebfadbf4d4,Hila Manalai,,Hila Manalai,2020-08-31T16:46:21Z,changed language,https://github.com/BCStudentSoftwareDevTeam/lsf/commit/526dccceb66365984d0af274b27da6ebfadbf4d4
lsf,bb504ebb04c38923b4f3b93662671e15c34de172,Hila Manalai,,Hila Manalai,2020-08-31T16:33:34Z,changed the sorting order,https://github.com/BCStudentSoftwareDevTeam/lsf/commit/bb504ebb04c38923b4f3b93662671e15c34de172
lsf,468c3e630661ac027d8e19ad0122fa4837ed9e89,Hila Manalai,,Hila Manalai,2020-08-31T16:18:47Z,made some changes,https://github.com/BCStudentSoftwareDevTeam/lsf/commit/468c3e630661ac027d8e19ad0122fa4837ed9e89
lsf,809d658140c127f3936682fc6e7aa26eb9320b19,Hila Manalai,,Hila Manalai,2020-08-31T16:16:10Z,trying a new language on the tooltip,https://github.com/BCStudentSoftwareDevTeam/lsf/commit/809d658140c127f3936682fc6e7aa26eb9320b19
lsf,e0680036bfaed5913ead972971e29dad17dd6fdc,Elaheh Jamali,,Elaheh Jamali,2020-08-31T16:10:45Z, added the last labor form status to labor history,https://github.com/BCStudentSoftwareDevTeam/lsf/commit/e0680036bfaed5913ead972971e29dad17dd6fdc
lsf,267b141ffa42503a199079379a27ea6b3cf2a9a7,Hila Manalai,,Hila Manalai,2020-08-31T15:40:18Z,changed the sorting to be by created date,https://github.com/BCStudentSoftwareDevTeam/lsf/commit/267b141ffa42503a199079379a27ea6b3cf2a9a7
lsf,3f06bdb91a5f3e7a5576a96f414a641f684cb9c0,Elaheh Jamali,,Elaheh Jamali,2020-08-31T15:10:18Z,ready for PR,https://github.com/BCStudentSoftwareDevTeam/lsf/commit/3f06bdb91a5f3e7a5576a96f414a641f684cb9c0
lsf,5c9153eec050ec5b135cefbd358a8e5e39c8d6f5,Elaheh Jamali,,Elaheh Jamali,2020-08-31T15:06:11Z,moving html styling to css,https://github.com/BCStudentSoftwareDevTeam/lsf/commit/5c9153eec050ec5b135cefbd358a8e5e39c8d6f5
lsf,7bc371e607d2ef8b5334ab1a8f017538d2c925f8,Elaheh Jamali,,Elaheh Jamali,2020-08-31T15:02:19Z,resolving conflicts,https://github.com/BCStudentSoftwareDevTeam/lsf/commit/7bc371e607d2ef8b5334ab1a8f017538d2c925f8
lsf,4592807d1f03474601f20200b4111b6fa269666a,Elaheh Jamali,,Elaheh Jamali,2020-08-31T14:56:01Z,gettind rid of last ccomments and final check,https://github.com/BCStudentSoftwareDevTeam/lsf/commit/4592807d1f03474601f20200b4111b6fa269666a
lsf,26241e6482cf11da90dda36300767f6d7bac258d,Elaheh Jamali,,Elaheh Jamali,2020-08-31T14:49:23Z,return button working and populating the correct department,https://github.com/BCStudentSoftwareDevTeam/lsf/commit/26241e6482cf11da90dda36300767f6d7bac258d
lsf,d0b1284e41d778c8e3b6dd33ad6802424c3aff6c,GuillermoCruz32,User,GuillermoCruz32,2020-08-31T14:09:39Z,Pushing work from Friday,https://github.com/BCStudentSoftwareDevTeam/lsf/commit/d0b1284e41d778c8e3b6dd33ad6802424c3aff6c
lsf,e1e6f2dba4dc0fd9cd2062322ff3292039a0d9b7,Hila Manalai,,BrianRamsay,2020-08-31T12:59:13Z,"Merged in issue241 (pull request #220)

Option for Viewing All Labor Status Forms of All Students

Approved-by: Brian Ramsay",https://github.com/BCStudentSoftwareDevTeam/lsf/commit/e1e6f2dba4dc0fd9cd2062322ff3292039a0d9b7
lsf,5af13d72c9a25d04991cf7cfbb6ac256c647c723,Hila Manalai,,BrianRamsay,2020-08-28T14:52:22Z,"Merged in issue247 (pull request #221)

Approving Forms Across Multiple Pages

Approved-by: Brian Ramsay",https://github.com/BCStudentSoftwareDevTeam/lsf/commit/5af13d72c9a25d04991cf7cfbb6ac256c647c723
lsf,1275f4937e89a5a15874af6aac6ce0d484765da6,Hila Manalai,,BrianRamsay,2020-08-28T14:45:43Z,"Merged in issue253 (pull request #222)

Changed jsPDF Version

Approved-by: Brian Ramsay",https://github.com/BCStudentSoftwareDevTeam/lsf/commit/1275f4937e89a5a15874af6aac6ce0d484765da6
lsf,d27a74040e09d29eb0db4dc63fd3086e1e4906a0,Hila Manalai,,Hila Manalai,2020-08-28T14:40:39Z,changed jspdf version,https://github.com/BCStudentSoftwareDevTeam/lsf/commit/d27a74040e09d29eb0db4dc63fd3086e1e4906a0
lsf,95c83aa06caf6f0eb016a3e458723fdd70f06d75,Hila Manalai,,Hila Manalai,2020-08-28T13:49:27Z,changed page lenght,https://github.com/BCStudentSoftwareDevTeam/lsf/commit/95c83aa06caf6f0eb016a3e458723fdd70f06d75
lsf,3cf88a0f7be8f78ce9d68abbf2c4065f2e699ef4,Hila Manalai,,Hila Manalai,2020-08-28T12:36:03Z,removed comments,https://github.com/BCStudentSoftwareDevTeam/lsf/commit/3cf88a0f7be8f78ce9d68abbf2c4065f2e699ef4
lsf,99b07b502ec2e77a16140d3aeac2663270f58237,Hila Manalai,,Hila Manalai,2020-08-28T12:34:50Z,changed the all option to be determined by the controller,https://github.com/BCStudentSoftwareDevTeam/lsf/commit/99b07b502ec2e77a16140d3aeac2663270f58237
lsf,f67ea2687bede5c2f555ea66015f56814e7567e3,Elaheh Jamali,,Elaheh Jamali,2020-08-28T03:04:17Z,selectpicker is populated but no data isbeing loaded,https://github.com/BCStudentSoftwareDevTeam/lsf/commit/f67ea2687bede5c2f555ea66015f56814e7567e3
lsf,207e20f39bf9d725fded28f3160f83c09f35a863,Jamaliela,User,BrianRamsay,2020-08-27T15:28:01Z,"Merged in issue221 (pull request #218)

Matching Term Management Datepickers

Approved-by: Alex Bryant",https://github.com/BCStudentSoftwareDevTeam/lsf/commit/207e20f39bf9d725fded28f3160f83c09f35a863
lsf,0ea1bd6a37dbfa660c44280cbf6bda6313ad50e1,escalerapadronl,User,escalerapadronl,2020-08-27T14:55:07Z,added a tooltip for dates on datepickers. Currently not working for disabled dates which is what we want,https://github.com/BCStudentSoftwareDevTeam/lsf/commit/0ea1bd6a37dbfa660c44280cbf6bda6313ad50e1
lsf,bfb0a5c04f1fbcb0849d3643c69fb481a87e00af,Elaheh Jamali,,Elaheh Jamali,2020-08-26T21:49:23Z,trying to implement return button load department student with previously selected department,https://github.com/BCStudentSoftwareDevTeam/lsf/commit/bfb0a5c04f1fbcb0849d3643c69fb481a87e00af
lsf,30803bc2c7d29a3e9cf326ef7c9dd209d1f35d61,Hila Manalai,,Hila Manalai,2020-08-26T15:28:57Z,one possibility for selection of checkboxes,https://github.com/BCStudentSoftwareDevTeam/lsf/commit/30803bc2c7d29a3e9cf326ef7c9dd209d1f35d61
lsf,13fe0cae9eb318d84cec012b7209e220d84fc0ab,Hila Manalai,,Hila Manalai,2020-08-26T15:11:36Z,added all option for both supervisor and  admin,https://github.com/BCStudentSoftwareDevTeam/lsf/commit/13fe0cae9eb318d84cec012b7209e220d84fc0ab
lsf,06026252c7f2ede092fbc357f586c2fd8f0650e5,Hila Manalai,,BrianRamsay,2020-08-26T13:39:11Z,"Merged in issue244 (pull request #219)

Moved Download Button to Right Edge of Table in Labor History Page

Approved-by: Brian Ramsay
Approved-by: Alex Bryant",https://github.com/BCStudentSoftwareDevTeam/lsf/commit/06026252c7f2ede092fbc357f586c2fd8f0650e5
lsf,5c8c7b832d8d41d9476d4f3af008d6fbe4c7f8b7,Elaheh Jamali,,Elaheh Jamali,2020-08-25T21:20:15Z,created two seperate urls and working on js,https://github.com/BCStudentSoftwareDevTeam/lsf/commit/5c8c7b832d8d41d9476d4f3af008d6fbe4c7f8b7
lsf,40636f72e200f7906fbefa2d071a9fc88f0160e9,Hila Manalai,,Hila Manalai,2020-08-24T16:06:50Z,aligend donwload button in labor history and took out the restriction that didn't show the button to students,https://github.com/BCStudentSoftwareDevTeam/lsf/commit/40636f72e200f7906fbefa2d071a9fc88f0160e9
lsf,8589474cd7726332a524a018dd15c9d68ac0d8c3,Hila Manalai,,Hila Manalai,2020-08-24T15:32:53Z,added all option to department students for viewing all students records,https://github.com/BCStudentSoftwareDevTeam/lsf/commit/8589474cd7726332a524a018dd15c9d68ac0d8c3
lsf,ea63ce6ee6c5f57ab10bb1b2936b00dfa331b4f3,GuillermoCruz32,User,GuillermoCruz32,2020-08-24T14:59:01Z,Took out leftover log,https://github.com/BCStudentSoftwareDevTeam/lsf/commit/ea63ce6ee6c5f57ab10bb1b2936b00dfa331b4f3
lsf,88e1a8f54f93242eb71843a062269fa34a597d16,Elaheh Jamali,,Elaheh Jamali,2020-08-21T02:29:30Z,max and min are working on page load,https://github.com/BCStudentSoftwareDevTeam/lsf/commit/88e1a8f54f93242eb71843a062269fa34a597d16
lsf,5ab4cab425074ef310f2790130781480001cd76f,Jamaliela,User,BrianRamsay,2020-08-20T20:07:14Z,"Merged in issue242 (pull request #216)

Adding the status of the last labor status form

Approved-by: Brian Ramsay",https://github.com/BCStudentSoftwareDevTeam/lsf/commit/5ab4cab425074ef310f2790130781480001cd76f
lsf,d94517031105a96b854995d10e8eb621ab4a502e,Hila Manalai,,BrianRamsay,2020-08-20T20:05:30Z,"Merged in issue234 (pull request #215)

Removed the time out after submitting a labor status form

Approved-by: Brian Ramsay",https://github.com/BCStudentSoftwareDevTeam/lsf/commit/d94517031105a96b854995d10e8eb621ab4a502e
lsf,39ce0bf6b11b2ebaa9ede0f1855487b5f7cc0334,Hila Manalai,,BrianRamsay,2020-08-20T20:03:51Z,"Merged in issue238 (pull request #213)

My Student and My Department Pages Indicates When There Is No Data to Display

Approved-by: Brian Ramsay",https://github.com/BCStudentSoftwareDevTeam/lsf/commit/39ce0bf6b11b2ebaa9ede0f1855487b5f7cc0334
lsf,b558e2143e06a8abfdd66de5fc679c42eec87733,Hila Manalai,,BrianRamsay,2020-08-20T20:02:52Z,"Merged in issue243 (pull request #214)

%LINK% used to be Incorrect for some emails

Approved-by: Brian Ramsay",https://github.com/BCStudentSoftwareDevTeam/lsf/commit/b558e2143e06a8abfdd66de5fc679c42eec87733
lsf,bf777c024ce7ef04224ffacfce32d1ad9f30e17b,Hila Manalai,,BrianRamsay,2020-08-20T20:02:34Z,"Merged in issue240 (pull request #212)

Added Download Button in All Pending Forms Page

Approved-by: Brian Ramsay",https://github.com/BCStudentSoftwareDevTeam/lsf/commit/bf777c024ce7ef04224ffacfce32d1ad9f30e17b
lsf,3f3a6a44284cfab2bb72ccc347ba7410612f1497,GuillermoCruz32,User,GuillermoCruz32,2020-08-20T18:45:03Z,Trying to add min and max dates to the select pickers,https://github.com/BCStudentSoftwareDevTeam/lsf/commit/3f3a6a44284cfab2bb72ccc347ba7410612f1497
lsf,aef77cc9138ee0fdf56b5c06dcb0e13629801deb,Elaheh Jamali,,Elaheh Jamali,2020-08-19T18:26:28Z,last changes for the status in deparmtent students,https://github.com/BCStudentSoftwareDevTeam/lsf/commit/aef77cc9138ee0fdf56b5c06dcb0e13629801deb
lsf,189847e60077ed93b69bff4ddc3656e7325e0771,Elaheh Jamali,,Elaheh Jamali,2020-08-19T16:36:26Z,finished adding the sstatus of last lsf,https://github.com/BCStudentSoftwareDevTeam/lsf/commit/189847e60077ed93b69bff4ddc3656e7325e0771
lsf,ea1e5a0e6a6f5cad5bedd23d074038a79ab0276f,Hila Manalai,,Hila Manalai,2020-08-19T16:15:25Z,removed the time out after submitting lsf,https://github.com/BCStudentSoftwareDevTeam/lsf/commit/ea1e5a0e6a6f5cad5bedd23d074038a79ab0276f
lsf,fe39eeed12acc111d7bce95c41f8cc4e03e4fee7,Hila Manalai,,Hila Manalai,2020-08-19T15:42:27Z,removed debugging statement,https://github.com/BCStudentSoftwareDevTeam/lsf/commit/fe39eeed12acc111d7bce95c41f8cc4e03e4fee7
lsf,db90dd5a85f3f4c2438db18f3da9fe3ff8109a43,Hila Manalai,,Hila Manalai,2020-08-19T15:41:27Z,fixed the error I got after clicking on the link,https://github.com/BCStudentSoftwareDevTeam/lsf/commit/db90dd5a85f3f4c2438db18f3da9fe3ff8109a43
lsf,df8c53adb7f931703b273aaa23eff26a0ce676b5,Hila Manalai,,Hila Manalai,2020-08-19T15:24:24Z,added the domain name to the link,https://github.com/BCStudentSoftwareDevTeam/lsf/commit/df8c53adb7f931703b273aaa23eff26a0ce676b5
lsf,5a1a5961b992030a3d0aabcd33c23e863ae4f226,Elaheh Jamali,,Elaheh Jamali,2020-08-19T15:15:42Z,ordering the forms to get the latest status form,https://github.com/BCStudentSoftwareDevTeam/lsf/commit/5a1a5961b992030a3d0aabcd33c23e863ae4f226
lsf,15a533d5d895dcffea45ff9873515343ddb4e006,Hila Manalai,,Hila Manalai,2020-08-19T14:12:50Z,solved the issue with supervisor portal not showing no records found,https://github.com/BCStudentSoftwareDevTeam/lsf/commit/15a533d5d895dcffea45ff9873515343ddb4e006
lsf,6cb736dc2a31b0fb929cceee0d99cd38ec636527,GuillermoCruz32,User,GuillermoCruz32,2020-08-18T15:51:58Z,"Fixed the position of the status, need to add test to past students as well for clarity",https://github.com/BCStudentSoftwareDevTeam/lsf/commit/6cb736dc2a31b0fb929cceee0d99cd38ec636527
lsf,727ccc9e317be8b750125c0fe729240af883cfd8,Elaheh Jamali,,Elaheh Jamali,2020-08-18T00:00:45Z,"refrencing to the form status,working on styling",https://github.com/BCStudentSoftwareDevTeam/lsf/commit/727ccc9e317be8b750125c0fe729240af883cfd8
lsf,43753146fe10ee85c7c9c89a6cdf2ee20175aa51,Hila Manalai,,Hila Manalai,2020-08-17T16:26:14Z,trying to get rid of duplicates in all student forms,https://github.com/BCStudentSoftwareDevTeam/lsf/commit/43753146fe10ee85c7c9c89a6cdf2ee20175aa51
lsf,bec8d9bbd819fd79ec8a25018a7d0aa962886a11,Hila Manalai,,Hila Manalai,2020-08-17T14:24:28Z,implemented download button in all pending forms page,https://github.com/BCStudentSoftwareDevTeam/lsf/commit/bec8d9bbd819fd79ec8a25018a7d0aa962886a11
lsf,d678b13ffcb826592e8f71f0aaf5ca9668044a7c,sheggen,User,sheggen,2020-08-05T03:47:10Z,fixing overload approvals for finaid/saas(?) and incorrect formhistory references,https://github.com/BCStudentSoftwareDevTeam/lsf/commit/d678b13ffcb826592e8f71f0aaf5ca9668044a7c
lsf,cca6e3d677ac662e058d1dd54f75800a20acacfe,sheggen,User,sheggen,2020-08-05T02:58:17Z,"Fixing user/supervisor issue on laborHistory, causing 500 error",https://github.com/BCStudentSoftwareDevTeam/lsf/commit/cca6e3d677ac662e058d1dd54f75800a20acacfe
lsf,5b878935822054ecbc9ac99bbbdac3bea6cefef7,Bekzodjon Rakhimov,,Bekzodjon Rakhimov,2020-07-31T20:45:52Z,added an indication for past forms tab,https://github.com/BCStudentSoftwareDevTeam/lsf/commit/5b878935822054ecbc9ac99bbbdac3bea6cefef7
lsf,cd967c9ecc56f65e5bd4c0d98b074d0b81931845,mupotsal,User,mupotsal,2020-07-30T21:06:46Z,enhancement,https://github.com/BCStudentSoftwareDevTeam/lsf/commit/cd967c9ecc56f65e5bd4c0d98b074d0b81931845
lsf,3d61d5a9b8e37eb0708a19b587df13715d590502,Guillermo Cruz,,BrianRamsay,2020-07-28T19:10:11Z,"Merged in issue220 (pull request #195)

Add Labor Admin: Autocomplete

Approved-by: Brian Ramsay",https://github.com/BCStudentSoftwareDevTeam/lsf/commit/3d61d5a9b8e37eb0708a19b587df13715d590502
lsf,d49525087854e5fd392895c3de14aa29062f267f,GuillermoCruz32,User,GuillermoCruz32,2020-07-28T18:28:08Z,Fixed my tracy functions to avoid exceptions,https://github.com/BCStudentSoftwareDevTeam/lsf/commit/d49525087854e5fd392895c3de14aa29062f267f
lsf,6b05b3d3bf454d5ef4a55d4277b572317f357cc2,GuillermoCruz32,User,GuillermoCruz32,2020-07-28T15:01:46Z,Merge branch 'development' into issue220,https://github.com/BCStudentSoftwareDevTeam/lsf/commit/6b05b3d3bf454d5ef4a55d4277b572317f357cc2
lsf,1be5bb6bcbad7b282d7d616065c18be3a60ecdfc,GuillermoCruz32,User,GuillermoCruz32,2020-07-28T15:01:10Z,"Fixed the error handling, tests, and data",https://github.com/BCStudentSoftwareDevTeam/lsf/commit/1be5bb6bcbad7b282d7d616065c18be3a60ecdfc
lsf,1b2acd8e4921bc91a39b9e934cd7be3db089fbb2,mupotsal,User,BrianRamsay,2020-07-28T13:19:57Z,"Merged in issue237 (pull request #210)

Usability enhancement: Note to Supervisor/Admin

Approved-by: Brian Ramsay",https://github.com/BCStudentSoftwareDevTeam/lsf/commit/1b2acd8e4921bc91a39b9e934cd7be3db089fbb2
lsf,951a806225d2a2ebab0b2dbe2106185eb6b25ea8,sreynit02,User,BrianRamsay,2020-07-28T13:19:20Z,"Merged in alterlsfTest (pull request #199)

AlterLSF Tests

Approved-by: Brian Ramsay",https://github.com/BCStudentSoftwareDevTeam/lsf/commit/951a806225d2a2ebab0b2dbe2106185eb6b25ea8
lsf,03400508813a5e93f9f42a971dcf21fde262bfda,escalerapadronl,User,BrianRamsay,2020-07-28T13:09:23Z,"Merged in issue229 (pull request #203)

getCompliance function route fix for department names with forwardslashes

Approved-by: Brian Ramsay",https://github.com/BCStudentSoftwareDevTeam/lsf/commit/03400508813a5e93f9f42a971dcf21fde262bfda
lsf,18f84be27f02238f903982e4f76dad9e9a2938b0,Guillermo Cruz,,BrianRamsay,2020-07-28T13:07:31Z,"Merged in issue231 (pull request #208)

Caching Issue

Approved-by: Brian Ramsay",https://github.com/BCStudentSoftwareDevTeam/lsf/commit/18f84be27f02238f903982e4f76dad9e9a2938b0
lsf,f005127654d543143a4f57ad23e6e3b5bd9c6b42,escalerapadronl,User,escalerapadronl,2020-07-27T18:16:52Z,removed debugging print statement,https://github.com/BCStudentSoftwareDevTeam/lsf/commit/f005127654d543143a4f57ad23e6e3b5bd9c6b42
lsf,5ab31adea6aa7de948cbe2d8717785139ea853a2,Bekzodjon Rakhimov,,Bekzodjon Rakhimov,2020-07-27T17:37:29Z,fixed alterLSF,https://github.com/BCStudentSoftwareDevTeam/lsf/commit/5ab31adea6aa7de948cbe2d8717785139ea853a2
lsf,d14136b0d833a6f22596fdc331bf42a43037d823,GuillermoCruz32,User,GuillermoCruz32,2020-07-27T16:09:35Z,Fixed controller to reflect the new user model,https://github.com/BCStudentSoftwareDevTeam/lsf/commit/d14136b0d833a6f22596fdc331bf42a43037d823
lsf,cce79d0e3f60fdce59f26674fde9d94870d40a2f,Sreynit Khatt,,Sreynit Khatt,2020-07-27T15:53:42Z,fixed order of tests,https://github.com/BCStudentSoftwareDevTeam/lsf/commit/cce79d0e3f60fdce59f26674fde9d94870d40a2f
lsf,b4584dbf8451208794bb11650c6a40c2dbfe93c6,GuillermoCruz32,User,GuillermoCruz32,2020-07-27T15:49:45Z,Fixed merge conflicts,https://github.com/BCStudentSoftwareDevTeam/lsf/commit/b4584dbf8451208794bb11650c6a40c2dbfe93c6
lsf,269ee42ad5f9fba79177bc254635911363c0c79e,mupotsal,User,mupotsal,2020-07-27T15:21:09Z,"Merge branch 'issue237' of bitbucket.org:laborstudents/lsf-flask into issue237

Merged development",https://github.com/BCStudentSoftwareDevTeam/lsf/commit/269ee42ad5f9fba79177bc254635911363c0c79e
lsf,f46e4ee97412f08d6059f2d1ae30951fc8784688,mupotsal,User,mupotsal,2020-07-27T15:20:44Z,"added a note for supervisor, they can add more than one student",https://github.com/BCStudentSoftwareDevTeam/lsf/commit/f46e4ee97412f08d6059f2d1ae30951fc8784688
lsf,3f5d02c74a7420deb5250f9362beeb68f51ef620,mupotsal,User,mupotsal,2020-07-27T15:19:37Z,Merged development into issue237,https://github.com/BCStudentSoftwareDevTeam/lsf/commit/3f5d02c74a7420deb5250f9362beeb68f51ef620
lsf,4b55a16899e1e864e88f2e66d8e5d4ac3f6d86d0,GuillermoCruz32,User,GuillermoCruz32,2020-07-27T15:17:58Z,Merge branch 'development' into issue231,https://github.com/BCStudentSoftwareDevTeam/lsf/commit/4b55a16899e1e864e88f2e66d8e5d4ac3f6d86d0
lsf,9e8c7d455f6b8c107807bf0e32d314a5a51dc9d8,mupotsal,User,mupotsal,2020-07-27T15:17:55Z,"added a note for supervisor, they can add more than one student",https://github.com/BCStudentSoftwareDevTeam/lsf/commit/9e8c7d455f6b8c107807bf0e32d314a5a51dc9d8
lsf,31541f8b4bfe07d6955406453276a7d41d7056db,Bekzodjon Rakhimov,,Bekzodjon Rakhimov,2020-07-27T15:16:52Z,Merge branch 'development' into issue229,https://github.com/BCStudentSoftwareDevTeam/lsf/commit/31541f8b4bfe07d6955406453276a7d41d7056db
lsf,894e044957760df6212acefdfb3b988db979fb5c,Sreynit Khatt,,Sreynit Khatt,2020-07-27T15:15:12Z,changed cases,https://github.com/BCStudentSoftwareDevTeam/lsf/commit/894e044957760df6212acefdfb3b988db979fb5c
lsf,2efaab81c9e5fcc9cef188f2875b3c95c032d10a,Sreynit Khatt,,Sreynit Khatt,2020-07-27T15:09:52Z,Merge branch 'development' into alterlsfTest,https://github.com/BCStudentSoftwareDevTeam/lsf/commit/2efaab81c9e5fcc9cef188f2875b3c95c032d10a
lsf,8ee20b4598ced9bdb24a17a851ec34ac2d82e117,mupotsal,User,mupotsal,2020-07-27T13:03:03Z,added a note that user can add more students in LSF,https://github.com/BCStudentSoftwareDevTeam/lsf/commit/8ee20b4598ced9bdb24a17a851ec34ac2d82e117
lsf,0626d7eafb6814a658261aca878cbac5dfd4b31a,mupotsal,User,BrianRamsay,2020-07-27T12:56:09Z,"Merged in issue213b (pull request #205)

Changed .Supervisor to .supervisor and .Student to .student where necessary, issue213b

Approved-by: Brian Ramsay",https://github.com/BCStudentSoftwareDevTeam/lsf/commit/0626d7eafb6814a658261aca878cbac5dfd4b31a
lsf,a40a56a69d634610ab557f1d958a044f28c17aec,mupotsal,User,mupotsal,2020-07-27T12:38:35Z,refactoring removing unseen .Student and .Supervisor,https://github.com/BCStudentSoftwareDevTeam/lsf/commit/a40a56a69d634610ab557f1d958a044f28c17aec
lsf,916479ae3e6797bda5bc4ed6e59ac6c60f578aa8,romano-w,User,BrianRamsay,2020-07-27T12:34:17Z,"Merged in issue223 (pull request #207)

Responsive design debugging

Approved-by: Guillermo Cruz
Approved-by: Brian Ramsay",https://github.com/BCStudentSoftwareDevTeam/lsf/commit/916479ae3e6797bda5bc4ed6e59ac6c60f578aa8
lsf,e2b78870ee4959b58bab365019f05efb33e9f6ed,bryantal,User,BrianRamsay,2020-07-27T12:33:07Z,"Merged in issue235 (pull request #209)

Fixes Issue #235: Usability Enhancement: Labor Status Forms Interface Calendar

Approved-by: Guillermo Cruz
Approved-by: Brian Ramsay",https://github.com/BCStudentSoftwareDevTeam/lsf/commit/e2b78870ee4959b58bab365019f05efb33e9f6ed
lsf,e1ec9819903efa6d4824a329fa7c6efd3b3fe618,sreynit02,User,BrianRamsay,2020-07-27T12:32:28Z,"Merged in issue233 (pull request #206)

Added WLS info from Table in New LSF Page

Approved-by: Guillermo Cruz
Approved-by: Brian Ramsay",https://github.com/BCStudentSoftwareDevTeam/lsf/commit/e1ec9819903efa6d4824a329fa7c6efd3b3fe618
lsf,a4acd8bbdc2a20b9124cdd91ecb800f9e16a9397,Bekzodjon Rakhimov,,Bekzodjon Rakhimov,2020-07-24T21:08:52Z,fixing smoke test,https://github.com/BCStudentSoftwareDevTeam/lsf/commit/a4acd8bbdc2a20b9124cdd91ecb800f9e16a9397
lsf,be2694fb0fd97db2c21a428060c928bb2f093a7d,mupotsal,User,mupotsal,2020-07-24T20:46:45Z,refactoring,https://github.com/BCStudentSoftwareDevTeam/lsf/commit/be2694fb0fd97db2c21a428060c928bb2f093a7d
lsf,b0a49275c98cbb3a6b41bdf18332560394ba9f41,mupotsal,User,mupotsal,2020-07-24T19:33:42Z,added a flash message once first student is added,https://github.com/BCStudentSoftwareDevTeam/lsf/commit/b0a49275c98cbb3a6b41bdf18332560394ba9f41
lsf,acdb75e29a3da41f3ac4aa023e101c04834a62b8,Hila Manalai,,Hila Manalai,2020-07-24T19:33:16Z,fixed the issue with tests,https://github.com/BCStudentSoftwareDevTeam/lsf/commit/acdb75e29a3da41f3ac4aa023e101c04834a62b8
lsf,ba699b338e8c8d25afad5a11ff14dd093cb18349,GuillermoCruz32,User,GuillermoCruz32,2020-07-24T18:48:10Z,Left behind print statement,https://github.com/BCStudentSoftwareDevTeam/lsf/commit/ba699b338e8c8d25afad5a11ff14dd093cb18349
lsf,c1c7138dcded9237013fc7d650cc7edde989497b,bryantal,User,bryantal,2020-07-24T18:05:17Z,added onclick functions to show datepickers when glyphicon is clicked.,https://github.com/BCStudentSoftwareDevTeam/lsf/commit/c1c7138dcded9237013fc7d650cc7edde989497b
lsf,36362b08e30a583cc3773d30735724aed4ea689c,GuillermoCruz32,User,GuillermoCruz32,2020-07-24T18:01:04Z,Merge branch 'development' into issue231,https://github.com/BCStudentSoftwareDevTeam/lsf/commit/36362b08e30a583cc3773d30735724aed4ea689c
lsf,7c3ab802ea5b8cf0ed526798deb041b4ea71bd8c,GuillermoCruz32,User,GuillermoCruz32,2020-07-24T18:00:14Z,Fixed the caching issue across all html pages,https://github.com/BCStudentSoftwareDevTeam/lsf/commit/7c3ab802ea5b8cf0ed526798deb041b4ea71bd8c
lsf,27c3499140e91d7438cabc8a00950625f150e55a,romano-w,User,romano-w,2020-07-24T16:34:19Z,Fixed incorrect changes,https://github.com/BCStudentSoftwareDevTeam/lsf/commit/27c3499140e91d7438cabc8a00950625f150e55a
lsf,ef9fa90e5c64a4788752bc8ffa1e3ad15fbe8ff4,romano-w,User,romano-w,2020-07-24T16:26:46Z,Removed commented out styles,https://github.com/BCStudentSoftwareDevTeam/lsf/commit/ef9fa90e5c64a4788752bc8ffa1e3ad15fbe8ff4
lsf,5d208c984f14b6d133b4fd2f3d7f66f7a23ebbef,romano-w,User,romano-w,2020-07-24T16:26:06Z,Fixed manage admin layout bugs,https://github.com/BCStudentSoftwareDevTeam/lsf/commit/5d208c984f14b6d133b4fd2f3d7f66f7a23ebbef
lsf,d1dbff57066209519d146619ef9f8a967fb7e1c9,romano-w,User,romano-w,2020-07-24T15:50:11Z,Fixed footer and width of content on broken pages,https://github.com/BCStudentSoftwareDevTeam/lsf/commit/d1dbff57066209519d146619ef9f8a967fb7e1c9
lsf,35c0f8b25c587b01aed207c3dd04f0a2fd1a2ce4,Sreynit Khatt,,Sreynit Khatt,2020-07-24T15:46:27Z,added WLS,https://github.com/BCStudentSoftwareDevTeam/lsf/commit/35c0f8b25c587b01aed207c3dd04f0a2fd1a2ce4
lsf,278d79e16b74510ccfd954b2a2560c984de85558,mupotsal,User,mupotsal,2020-07-24T15:35:08Z,done changing .Student and .Supervisor to .student and .supervisr respectively,https://github.com/BCStudentSoftwareDevTeam/lsf/commit/278d79e16b74510ccfd954b2a2560c984de85558
lsf,03f1c6a54833aac200d3e13d0257b6ef34f7ed0f,GuillermoCruz32,User,GuillermoCruz32,2020-07-24T15:31:22Z,Merge branch 'development' into issue220,https://github.com/BCStudentSoftwareDevTeam/lsf/commit/03f1c6a54833aac200d3e13d0257b6ef34f7ed0f
lsf,074a97485febdab93a85259875da92bb17bf7ce4,GuillermoCruz32,User,GuillermoCruz32,2020-07-24T15:30:12Z,Fixed Brians comments,https://github.com/BCStudentSoftwareDevTeam/lsf/commit/074a97485febdab93a85259875da92bb17bf7ce4
lsf,a8c29f5a8a3d71d3fe19fcc21bb3d6b7484b109b,mupotsal,User,mupotsal,2020-07-24T15:26:14Z,change .Supervisor to .supervisor,https://github.com/BCStudentSoftwareDevTeam/lsf/commit/a8c29f5a8a3d71d3fe19fcc21bb3d6b7484b109b
lsf,0fbcab9f19105df7897684595e4db549899e46b7,mupotsal,User,mupotsal,2020-07-24T15:19:39Z,changed .Supervisor to .supervisor,https://github.com/BCStudentSoftwareDevTeam/lsf/commit/0fbcab9f19105df7897684595e4db549899e46b7
lsf,552e3e0f75cde2d9466f3fd222737f9797e43679,mupotsal,User,mupotsal,2020-07-24T15:05:53Z,fixed .Student to .student,https://github.com/BCStudentSoftwareDevTeam/lsf/commit/552e3e0f75cde2d9466f3fd222737f9797e43679
lsf,3aeed5810fba3d01ad17d0742bbddee822ed4aab,romano-w,User,romano-w,2020-07-24T14:52:13Z,Merge branch 'development' into issue223,https://github.com/BCStudentSoftwareDevTeam/lsf/commit/3aeed5810fba3d01ad17d0742bbddee822ed4aab
lsf,0308a8b22da1ea10326c61f34db178e1ef64429d,romano-w,User,romano-w,2020-07-24T14:51:33Z,Minor tweak,https://github.com/BCStudentSoftwareDevTeam/lsf/commit/0308a8b22da1ea10326c61f34db178e1ef64429d
lsf,0cea748c34d1903732bfeed7787ff0e8774ca840,Bekzodjon Rakhimov,,BrianRamsay,2020-07-24T14:43:00Z,"Merged in issue226 (pull request #202)

'Rehire' page does not show the default 'hours per week'

Approved-by: Brian Ramsay",https://github.com/BCStudentSoftwareDevTeam/lsf/commit/0cea748c34d1903732bfeed7787ff0e8774ca840
lsf,84207cf78791f43c5fa52095afdaa31e034042a5,Bekzodjon Rakhimov,,Bekzodjon Rakhimov,2020-07-24T14:19:40Z,updated the pr,https://github.com/BCStudentSoftwareDevTeam/lsf/commit/84207cf78791f43c5fa52095afdaa31e034042a5
lsf,8bbf38cf7eaf998b6e7e358ed81f483eb743f298,escalerapadronl,User,escalerapadronl,2020-07-24T12:49:14Z,"reverted changes back because routes need to be GET, not POST",https://github.com/BCStudentSoftwareDevTeam/lsf/commit/8bbf38cf7eaf998b6e7e358ed81f483eb743f298
lsf,07af8302604b67710cc57f9fa1527deb1bfdb44c,escalerapadronl,User,escalerapadronl,2020-07-24T12:37:35Z,Merge branch 'development' into issue229,https://github.com/BCStudentSoftwareDevTeam/lsf/commit/07af8302604b67710cc57f9fa1527deb1bfdb44c
lsf,4032873d4298a13d29245bb35ee4fcac05513e3a,Bekzodjon Rakhimov,,Bekzodjon Rakhimov,2020-07-24T12:32:31Z,Merge branch 'development' into issue226,https://github.com/BCStudentSoftwareDevTeam/lsf/commit/4032873d4298a13d29245bb35ee4fcac05513e3a
lsf,d9b6a1ba266d4877ed5a93c8c19d6a34755d1ecd,Bekzodjon Rakhimov,,Bekzodjon Rakhimov,2020-07-24T12:32:19Z,fixed pr,https://github.com/BCStudentSoftwareDevTeam/lsf/commit/d9b6a1ba266d4877ed5a93c8c19d6a34755d1ecd
lsf,2a3856de449cbadcf20fed40f1eba64fb747f9bc,sreynit02,User,BrianRamsay,2020-07-24T11:18:16Z,"Merged in issue228 (pull request #204)

Changed Datepicker in alterLSF to readonly

Approved-by: Brian Ramsay",https://github.com/BCStudentSoftwareDevTeam/lsf/commit/2a3856de449cbadcf20fed40f1eba64fb747f9bc
lsf,7c614f675bfc145be7af3f9cc0efe25de97750ed,Sreynit Khatt,,Sreynit Khatt,2020-07-23T21:57:59Z,add WLS,https://github.com/BCStudentSoftwareDevTeam/lsf/commit/7c614f675bfc145be7af3f9cc0efe25de97750ed
lsf,7f2c1828e4d147d631caccf5b4739358b28230a4,GuillermoCruz32,User,GuillermoCruz32,2020-07-23T21:54:35Z,"Fixing cache issue, just need to test",https://github.com/BCStudentSoftwareDevTeam/lsf/commit/7f2c1828e4d147d631caccf5b4739358b28230a4
lsf,737edb19b72f8c048b4fbb1c6864c4ebe4aa1ba4,Sreynit Khatt,,Sreynit Khatt,2020-07-23T20:55:08Z,changed datepicker in alterLSF to readonly,https://github.com/BCStudentSoftwareDevTeam/lsf/commit/737edb19b72f8c048b4fbb1c6864c4ebe4aa1ba4
lsf,963ef9413e5f5cb92b1298defe0b681ec305af0c,Hila Manalai,,Hila Manalai,2020-07-23T20:05:22Z,removed print statements,https://github.com/BCStudentSoftwareDevTeam/lsf/commit/963ef9413e5f5cb92b1298defe0b681ec305af0c
lsf,22cd8e2a6f184b3e35f51854a99ec2b83d8df388,Sreynit Khatt,,Sreynit Khatt,2020-07-23T19:49:57Z,working on test,https://github.com/BCStudentSoftwareDevTeam/lsf/commit/22cd8e2a6f184b3e35f51854a99ec2b83d8df388
lsf,d5e2bad720f39c80a03c42ea791cfe73f316a4ca,Sreynit Khatt,,Sreynit Khatt,2020-07-23T19:48:52Z,fixed comments,https://github.com/BCStudentSoftwareDevTeam/lsf/commit/d5e2bad720f39c80a03c42ea791cfe73f316a4ca
lsf,49980a1df9697fe082d9bc842230c9ff1e3d8d8a,escalerapadronl,User,escalerapadronl,2020-07-23T19:14:48Z,Merge branch 'development' into issue229,https://github.com/BCStudentSoftwareDevTeam/lsf/commit/49980a1df9697fe082d9bc842230c9ff1e3d8d8a
lsf,0d27c5f43acba65cd6fd7aa40584ef0526f7997b,escalerapadronl,User,escalerapadronl,2020-07-23T19:13:54Z,Fixed a route issue for departments with slashes in the name,https://github.com/BCStudentSoftwareDevTeam/lsf/commit/0d27c5f43acba65cd6fd7aa40584ef0526f7997b
lsf,d69a4a3f95d38b06d08e79b2b48e0bb1d3ac1cf6,Luis Riera,,Luis Riera,2020-07-23T17:14:37Z,Fixed pending forms and alterLSF problems with screen width.,https://github.com/BCStudentSoftwareDevTeam/lsf/commit/d69a4a3f95d38b06d08e79b2b48e0bb1d3ac1cf6
lsf,29c3dbf6e9cca97baa4c833461467cf6ab2e443d,GuillermoCruz32,User,GuillermoCruz32,2020-07-23T16:54:48Z,Fixed merge conflicts,https://github.com/BCStudentSoftwareDevTeam/lsf/commit/29c3dbf6e9cca97baa4c833461467cf6ab2e443d
lsf,316c9f69ea34f7de7f1da5e501bf1cd386ddbb6a,sreynit02,User,BrianRamsay,2020-07-23T16:17:02Z,"Merged in adminManagementTest (pull request #196)

AdminManagementTest

Approved-by: Brian Ramsay",https://github.com/BCStudentSoftwareDevTeam/lsf/commit/316c9f69ea34f7de7f1da5e501bf1cd386ddbb6a
lsf,824dca6b3c09376c3fe9b9d83f286d475740d0eb,GuillermoCruz32,User,GuillermoCruz32,2020-07-23T16:13:48Z,Merge branch 'development' into issue220,https://github.com/BCStudentSoftwareDevTeam/lsf/commit/824dca6b3c09376c3fe9b9d83f286d475740d0eb
lsf,fe4f043064f685a58363ce0b4c1573674e37fcf3,GuillermoCruz32,User,GuillermoCruz32,2020-07-23T16:12:36Z,Finished the issue,https://github.com/BCStudentSoftwareDevTeam/lsf/commit/fe4f043064f685a58363ce0b4c1573674e37fcf3
lsf,96430159234b30bc65fe8bdaae790bf382d2d7e1,Bekzodjon Rakhimov,,Bekzodjon Rakhimov,2020-07-23T15:10:56Z,fixed the issue,https://github.com/BCStudentSoftwareDevTeam/lsf/commit/96430159234b30bc65fe8bdaae790bf382d2d7e1
lsf,427d524ce44c5e9324f38a3413e21a31fb859642,Sreynit Khatt,,Sreynit Khatt,2020-07-23T14:07:58Z,fixed assert statements,https://github.com/BCStudentSoftwareDevTeam/lsf/commit/427d524ce44c5e9324f38a3413e21a31fb859642
lsf,feb8abd7160d4ead24aae7c7de538e91c722b45e,Sreynit Khatt,,Sreynit Khatt,2020-07-23T14:01:41Z,fixed merge conflict,https://github.com/BCStudentSoftwareDevTeam/lsf/commit/feb8abd7160d4ead24aae7c7de538e91c722b45e
lsf,fbad7f604d6077450c0da3c40653dc05eed9c9c4,GuillermoCruz32,User,GuillermoCruz32,2020-07-23T13:04:51Z,"Sorry, forgot to push my test",https://github.com/BCStudentSoftwareDevTeam/lsf/commit/fbad7f604d6077450c0da3c40653dc05eed9c9c4
lsf,be7a29a0806afa21d39a3fb242cdbbefd947c6ad,sreynit02,User,BrianRamsay,2020-07-23T12:34:58Z,"Merged in issue227 (pull request #201)

Pending Adjustment Form Table Display Wrong Information

Approved-by: Brian Ramsay",https://github.com/BCStudentSoftwareDevTeam/lsf/commit/be7a29a0806afa21d39a3fb242cdbbefd947c6ad
lsf,f1c5cb5b325ff881b66fd1f46a40325976ebd2cb,Bekzodjon Rakhimov,,BrianRamsay,2020-07-23T12:34:20Z,"Merged in issue224 (pull request #200)

Flasher Can't Be Seen At All Times

Approved-by: Brian Ramsay",https://github.com/BCStudentSoftwareDevTeam/lsf/commit/f1c5cb5b325ff881b66fd1f46a40325976ebd2cb
lsf,fffc8e498b707c28287ad404bcc17c3d499f2a79,Hila Manalai,,Hila Manalai,2020-07-23T12:30:25Z,removed commented import,https://github.com/BCStudentSoftwareDevTeam/lsf/commit/fffc8e498b707c28287ad404bcc17c3d499f2a79
lsf,865bd72fea74911b3076f73d55f19cf4a90bbd97,Sreynit Khatt,,Sreynit Khatt,2020-07-22T22:01:06Z,changed variable names from underscore to camel case,https://github.com/BCStudentSoftwareDevTeam/lsf/commit/865bd72fea74911b3076f73d55f19cf4a90bbd97
lsf,969cbf31713bc9f2f8ec7523b576fa6e28808466,Sreynit Khatt,,Sreynit Khatt,2020-07-22T21:40:46Z,changed LSF to lsf,https://github.com/BCStudentSoftwareDevTeam/lsf/commit/969cbf31713bc9f2f8ec7523b576fa6e28808466
lsf,1686bae6c8363aa5113915f2145b4b9d050126d7,Sreynit Khatt,,Sreynit Khatt,2020-07-22T21:40:15Z,changed LSF to lsf,https://github.com/BCStudentSoftwareDevTeam/lsf/commit/1686bae6c8363aa5113915f2145b4b9d050126d7
lsf,d454c5f8a0c61953cf9683f27cc19d00eecd1abb,GuillermoCruz32,User,GuillermoCruz32,2020-07-22T21:30:37Z,"Created my tracy functios and tests, pulling in and filtering users correctly in adminMan now, but still need to create new users after the selction",https://github.com/BCStudentSoftwareDevTeam/lsf/commit/d454c5f8a0c61953cf9683f27cc19d00eecd1abb
lsf,0c960d103609da709239279e784a05f2f2e6f570,Sreynit Khatt,,Sreynit Khatt,2020-07-22T21:30:20Z,changed variable names,https://github.com/BCStudentSoftwareDevTeam/lsf/commit/0c960d103609da709239279e784a05f2f2e6f570
lsf,06066418b39c2bd4c5cc0174f577971464f7841e,Sreynit Khatt,,Sreynit Khatt,2020-07-22T21:28:16Z,correct variable names,https://github.com/BCStudentSoftwareDevTeam/lsf/commit/06066418b39c2bd4c5cc0174f577971464f7841e
lsf,f20f03ef62af4baa7e78c420ba1cbe25ec036e4d,Sreynit Khatt,,Sreynit Khatt,2020-07-22T20:58:00Z,correct hours for break term,https://github.com/BCStudentSoftwareDevTeam/lsf/commit/f20f03ef62af4baa7e78c420ba1cbe25ec036e4d
lsf,1400eaa8a33e62546dfaf77134a9569c420a493a,romano-w,User,romano-w,2020-07-22T20:28:01Z,Implemented spacing solution using display and margins,https://github.com/BCStudentSoftwareDevTeam/lsf/commit/1400eaa8a33e62546dfaf77134a9569c420a493a
lsf,0049436fcea110d86c8680445e91ddc9b1be7f4c,Sreynit Khatt,,Sreynit Khatt,2020-07-22T19:43:24Z,finished creating test for all functions,https://github.com/BCStudentSoftwareDevTeam/lsf/commit/0049436fcea110d86c8680445e91ddc9b1be7f4c
lsf,7477ec3fc1e8ba4fe875ddc6d501f7f6edeb404f,Sreynit Khatt,,Sreynit Khatt,2020-07-22T19:42:37Z,cleaned code,https://github.com/BCStudentSoftwareDevTeam/lsf/commit/7477ec3fc1e8ba4fe875ddc6d501f7f6edeb404f
lsf,30d21f7e08f56cdf92709b5328ccb6f13deedee7,Bekzodjon Rakhimov,,Bekzodjon Rakhimov,2020-07-22T19:10:53Z,fixing hours-per-week field for rehire lsf,https://github.com/BCStudentSoftwareDevTeam/lsf/commit/30d21f7e08f56cdf92709b5328ccb6f13deedee7
lsf,99a60030a03bc84dfd93b9d478140c0a22892f83,Sreynit Khatt,,Sreynit Khatt,2020-07-22T16:11:01Z,create test for createOverlaodForm function,https://github.com/BCStudentSoftwareDevTeam/lsf/commit/99a60030a03bc84dfd93b9d478140c0a22892f83
lsf,d8f093f63c67792fceb1305cee805095c2ff9cd6,Hila Manalai,,Hila Manalai,2020-07-22T15:18:34Z,added clean up and setup,https://github.com/BCStudentSoftwareDevTeam/lsf/commit/d8f093f63c67792fceb1305cee805095c2ff9cd6
lsf,f32d4472713d0c2439993088af5c4a397556df3b,romano-w,User,romano-w,2020-07-22T15:14:01Z,Merge branch 'development' into issue223,https://github.com/BCStudentSoftwareDevTeam/lsf/commit/f32d4472713d0c2439993088af5c4a397556df3b
lsf,809b3a55be9cc354d661f4a813e864ae3e0ab882,Bekzodjon Rakhimov,,Bekzodjon Rakhimov,2020-07-22T14:36:00Z,ready for PR,https://github.com/BCStudentSoftwareDevTeam/lsf/commit/809b3a55be9cc354d661f4a813e864ae3e0ab882
lsf,deb646c3d4a8440e067cf5886d36f87fdec6772e,Hila Manalai,,Hila Manalai,2020-07-22T14:25:46Z,checking fields values before changing them,https://github.com/BCStudentSoftwareDevTeam/lsf/commit/deb646c3d4a8440e067cf5886d36f87fdec6772e
lsf,27372f7231d7746f55cc819e5795ea7fe038aa63,Hila Manalai,,Hila Manalai,2020-07-22T14:12:55Z,adding tests,https://github.com/BCStudentSoftwareDevTeam/lsf/commit/27372f7231d7746f55cc819e5795ea7fe038aa63
lsf,00ce483220d081fdd0ea002df0077765c758a43e,Guillermo Cruz,,BrianRamsay,2020-07-22T12:33:28Z,"Merged in issue222 (pull request #198)

Term Management: No Empty Dates

Approved-by: Brian Ramsay",https://github.com/BCStudentSoftwareDevTeam/lsf/commit/00ce483220d081fdd0ea002df0077765c758a43e
lsf,00298302e73e7d31095d788b97720249fcce8eb8,Sreynit Khatt,,Sreynit Khatt,2020-07-21T22:18:11Z,add more tests,https://github.com/BCStudentSoftwareDevTeam/lsf/commit/00298302e73e7d31095d788b97720249fcce8eb8
lsf,59031c39ff6920d45bec881d93f235fd9e6184b0,Sreynit Khatt,,Sreynit Khatt,2020-07-21T22:17:20Z,fixed code,https://github.com/BCStudentSoftwareDevTeam/lsf/commit/59031c39ff6920d45bec881d93f235fd9e6184b0
lsf,5a13936b2b94efb8c8049d66c6b79d504f0b073f,GuillermoCruz32,User,GuillermoCruz32,2020-07-21T21:26:29Z,Fixed the UI to be able to distinguish between students and supervisors,https://github.com/BCStudentSoftwareDevTeam/lsf/commit/5a13936b2b94efb8c8049d66c6b79d504f0b073f
lsf,9e93ea355ceeb283a1d7b71a0c47ebc42e8f50ae,Sreynit Khatt,,Sreynit Khatt,2020-07-21T19:25:49Z,break codes into more functions,https://github.com/BCStudentSoftwareDevTeam/lsf/commit/9e93ea355ceeb283a1d7b71a0c47ebc42e8f50ae
lsf,c5ff5d34a9b018984e591740a3ce96ea7e002ef8,GuillermoCruz32,User,GuillermoCruz32,2020-07-21T19:04:06Z,Merge branch 'development' into issue220,https://github.com/BCStudentSoftwareDevTeam/lsf/commit/c5ff5d34a9b018984e591740a3ce96ea7e002ef8
lsf,4a47669b15aa92b5f0cac8d611a67825d8a0ad2a,GuillermoCruz32,User,GuillermoCruz32,2020-07-21T18:57:01Z,Finished issue,https://github.com/BCStudentSoftwareDevTeam/lsf/commit/4a47669b15aa92b5f0cac8d611a67825d8a0ad2a
lsf,669efa8d7d67d653d80b9fcaaae0e63c5e509b07,Bekzodjon Rakhimov,,Bekzodjon Rakhimov,2020-07-21T17:56:25Z,Merge branch 'development' into issue224,https://github.com/BCStudentSoftwareDevTeam/lsf/commit/669efa8d7d67d653d80b9fcaaae0e63c5e509b07
lsf,ea53dec15cbd497446b3c56631c15a1d17fadd43,Bekzodjon Rakhimov,,Bekzodjon Rakhimov,2020-07-21T17:53:55Z,still fixing,https://github.com/BCStudentSoftwareDevTeam/lsf/commit/ea53dec15cbd497446b3c56631c15a1d17fadd43
lsf,aac7808a98db935e273b9fdd65909addf9f4edf2,Hila Manalai,,Hila Manalai,2020-07-21T16:24:46Z,trying different things,https://github.com/BCStudentSoftwareDevTeam/lsf/commit/aac7808a98db935e273b9fdd65909addf9f4edf2
lsf,dd585f0ddcba97f753163156347acd3db7e76804,Hila Manalai,,Hila Manalai,2020-07-21T15:27:24Z,renamed file,https://github.com/BCStudentSoftwareDevTeam/lsf/commit/dd585f0ddcba97f753163156347acd3db7e76804
lsf,c3187a49ad16e1f2ccd4d2158f943dc2ee060c12,Hila Manalai,,Hila Manalai,2020-07-21T14:23:21Z,adding release form tests,https://github.com/BCStudentSoftwareDevTeam/lsf/commit/c3187a49ad16e1f2ccd4d2158f943dc2ee060c12
lsf,9dc65d6573785773b8c645b7658201caec07a000,Hila Manalai,,Hila Manalai,2020-07-21T13:38:58Z,changed 0 and 1 to boolean,https://github.com/BCStudentSoftwareDevTeam/lsf/commit/9dc65d6573785773b8c645b7658201caec07a000
lsf,edb77a8204ca8348dbf459e067d3077076989053,Hila Manalai,,Hila Manalai,2020-07-21T13:06:15Z,remove unnecessary conditional,https://github.com/BCStudentSoftwareDevTeam/lsf/commit/edb77a8204ca8348dbf459e067d3077076989053
lsf,1f865656e9b11b2b47b024e0d83f2a3876ed4645,Hila Manalai,,Hila Manalai,2020-07-21T13:01:52Z,remove variable,https://github.com/BCStudentSoftwareDevTeam/lsf/commit/1f865656e9b11b2b47b024e0d83f2a3876ed4645
lsf,76fd46c79fe1668a1225dc815a2994f43731deed,Hila Manalai,,Hila Manalai,2020-07-21T12:44:08Z,fixed some comments,https://github.com/BCStudentSoftwareDevTeam/lsf/commit/76fd46c79fe1668a1225dc815a2994f43731deed
lsf,65a7ac5378981cb6b02b7e9d2f59154267671b0d,escalerapadronl,User,BrianRamsay,2020-07-21T11:02:44Z,"Merged in issue191 (pull request #194)

Testing All Cases for the Email Handler

Approved-by: Brian Ramsay",https://github.com/BCStudentSoftwareDevTeam/lsf/commit/65a7ac5378981cb6b02b7e9d2f59154267671b0d
lsf,498538382116eaeaadff764a8d047b2477d973e1,Guillermo Cruz,,BrianRamsay,2020-07-21T11:01:33Z,"Merged in issue198 (pull request #192)

Student Overload Application

Approved-by: Brian Ramsay",https://github.com/BCStudentSoftwareDevTeam/lsf/commit/498538382116eaeaadff764a8d047b2477d973e1
lsf,84a2dae96d3e7391b1021430a7b52e7c6796d1b3,Sreynit Khatt,,Sreynit Khatt,2020-07-20T21:48:25Z,created negative test suites,https://github.com/BCStudentSoftwareDevTeam/lsf/commit/84a2dae96d3e7391b1021430a7b52e7c6796d1b3
lsf,7b8b618c54db37f0f6b13ef42dc3d7edede5e72f,Bekzodjon Rakhimov,,Bekzodjon Rakhimov,2020-07-20T21:34:01Z,"fixing resposiveness, aligned term name col to the left",https://github.com/BCStudentSoftwareDevTeam/lsf/commit/7b8b618c54db37f0f6b13ef42dc3d7edede5e72f
lsf,819581ebf8f839f022901caf7c1363c824ec9762,Sreynit Khatt,,Sreynit Khatt,2020-07-20T21:24:02Z,deleted redundant code,https://github.com/BCStudentSoftwareDevTeam/lsf/commit/819581ebf8f839f022901caf7c1363c824ec9762
lsf,8c302cdc5900eefc6582c64ed06bf1eba5233348,Sreynit Khatt,,Sreynit Khatt,2020-07-20T20:34:49Z,created more test suites,https://github.com/BCStudentSoftwareDevTeam/lsf/commit/8c302cdc5900eefc6582c64ed06bf1eba5233348
lsf,d8383acf9e3ec53756c984ad4bb14fdb8d763301,Sreynit Khatt,,Sreynit Khatt,2020-07-20T20:34:08Z,refactored codes,https://github.com/BCStudentSoftwareDevTeam/lsf/commit/d8383acf9e3ec53756c984ad4bb14fdb8d763301
lsf,941e81e9b6c7ee0bc56ff2759edfbbd492f83628,GuillermoCruz32,User,GuillermoCruz32,2020-07-20T20:30:16Z,Fixed small issues,https://github.com/BCStudentSoftwareDevTeam/lsf/commit/941e81e9b6c7ee0bc56ff2759edfbbd492f83628
lsf,b3cd23a37eda1fa56c67cbea5ec12aa4dc393924,GuillermoCruz32,User,GuillermoCruz32,2020-07-20T20:26:39Z,Merge branch 'development' into issue198,https://github.com/BCStudentSoftwareDevTeam/lsf/commit/b3cd23a37eda1fa56c67cbea5ec12aa4dc393924
lsf,f8a74dc5375b7eb3f5ebca0bd7857f210de1f92f,GuillermoCruz32,User,GuillermoCruz32,2020-07-20T20:09:27Z,Merge branch 'development' into issue220,https://github.com/BCStudentSoftwareDevTeam/lsf/commit/f8a74dc5375b7eb3f5ebca0bd7857f210de1f92f
lsf,466001dcf11743a0665eea6c0f1ef7e89f719fc5,GuillermoCruz32,User,GuillermoCruz32,2020-07-20T20:07:31Z,"Finished, final commit",https://github.com/BCStudentSoftwareDevTeam/lsf/commit/466001dcf11743a0665eea6c0f1ef7e89f719fc5
lsf,cbc502aa29aaa460729af483153c89eada878f9f,escalerapadronl,User,escalerapadronl,2020-07-20T17:44:22Z,Merge branch 'development' into issue191,https://github.com/BCStudentSoftwareDevTeam/lsf/commit/cbc502aa29aaa460729af483153c89eada878f9f
lsf,9800e85e3dc16a18ed1a0d0e60653a730052cded,escalerapadronl,User,escalerapadronl,2020-07-20T17:43:33Z,"whenever a supervisor is adjusted, hours and position are disabled. Leaving Notes textbox empty will show a flasher to fill it out.",https://github.com/BCStudentSoftwareDevTeam/lsf/commit/9800e85e3dc16a18ed1a0d0e60653a730052cded
lsf,8b9d0ea2d1568414b43bc35adef2d7aa5116d1c0,romano-w,User,BrianRamsay,2020-07-20T13:27:46Z,"Merged in issue215 (pull request #193)

Modal ""Processing"" State

Approved-by: Brian Ramsay",https://github.com/BCStudentSoftwareDevTeam/lsf/commit/8b9d0ea2d1568414b43bc35adef2d7aa5116d1c0
lsf,c307cc2d130cf83ef46a774b73961e0ade2376fd,GuillermoCruz32,User,GuillermoCruz32,2020-07-17T21:56:37Z,Stuck on query,https://github.com/BCStudentSoftwareDevTeam/lsf/commit/c307cc2d130cf83ef46a774b73961e0ade2376fd
lsf,5bbcbf659e54d081391d201910907310c68843d4,escalerapadronl,User,escalerapadronl,2020-07-17T21:09:27Z,adjustment on lsf for supervisor sends email to both old and new supervisor,https://github.com/BCStudentSoftwareDevTeam/lsf/commit/5bbcbf659e54d081391d201910907310c68843d4
lsf,605364caffa35c3f77bcf890d6d9e0bcf4c30c10,escalerapadronl,User,escalerapadronl,2020-07-17T17:54:38Z,Merge branch 'development' into issue191,https://github.com/BCStudentSoftwareDevTeam/lsf/commit/605364caffa35c3f77bcf890d6d9e0bcf4c30c10
lsf,ae7610410957951615d0377ec7beda5fa86f284d,escalerapadronl,User,escalerapadronl,2020-07-17T17:53:02Z,Email Handler works now for all cases.,https://github.com/BCStudentSoftwareDevTeam/lsf/commit/ae7610410957951615d0377ec7beda5fa86f284d
lsf,3c430424ea2e71bfe160c6bcd4b1a95ab0ae7cb2,GuillermoCruz32,User,GuillermoCruz32,2020-07-17T17:12:56Z,"Fixed the controller to check for correct student, and deleted table from UI",https://github.com/BCStudentSoftwareDevTeam/lsf/commit/3c430424ea2e71bfe160c6bcd4b1a95ab0ae7cb2
lsf,bd244cd32b1fc360a9f9a4f0f3daeea9b8255718,GuillermoCruz32,User,GuillermoCruz32,2020-07-17T16:30:12Z,Fixing merge conflicts,https://github.com/BCStudentSoftwareDevTeam/lsf/commit/bd244cd32b1fc360a9f9a4f0f3daeea9b8255718
lsf,1d74e8c2027e2a7f57428f253a10884ea8636516,romano-w,User,romano-w,2020-07-17T16:04:50Z,Added processing functionality to all pending forms,https://github.com/BCStudentSoftwareDevTeam/lsf/commit/1d74e8c2027e2a7f57428f253a10884ea8636516
lsf,deee0be539c7deff4546b56ea5d6c69d2db0beaf,mupotsal,User,mupotsal,2020-07-17T15:53:44Z,fixing the search,https://github.com/BCStudentSoftwareDevTeam/lsf/commit/deee0be539c7deff4546b56ea5d6c69d2db0beaf
lsf,69f0827506cbbb7e84e4bf0dadcfd55007aa0ee6,romano-w,User,romano-w,2020-07-17T15:32:53Z,Merge branch 'development' into issue215,https://github.com/BCStudentSoftwareDevTeam/lsf/commit/69f0827506cbbb7e84e4bf0dadcfd55007aa0ee6
lsf,35192995392f7d14250114251bbc35619f1aded4,romano-w,User,romano-w,2020-07-17T15:30:48Z,Added processing state to LSF modal,https://github.com/BCStudentSoftwareDevTeam/lsf/commit/35192995392f7d14250114251bbc35619f1aded4
lsf,1da76b30d476236652a92ecb89c1f8b265c5686b,root,,root,2020-07-17T15:22:46Z,Merge branch 'development' of bitbucket.org:laborstudents/lsf-flask into development,https://github.com/BCStudentSoftwareDevTeam/lsf/commit/1da76b30d476236652a92ecb89c1f8b265c5686b
lsf,5489b471f1ce039cae51a6e239c3ee31455c98ec,Hila Manalai,,sheggen,2020-07-17T15:20:50Z,"Merged in issue217 (pull request #189)

Don't allow adding two forms for the same student in labor status form page

Approved-by: Scott Heggen
Approved-by: Alex Bryant",https://github.com/BCStudentSoftwareDevTeam/lsf/commit/5489b471f1ce039cae51a6e239c3ee31455c98ec
lsf,aac50f89a96f7b3043a59fb039598f1d4a30bd0b,root,,root,2020-07-17T15:16:35Z,Merge remote-tracking branch 'origin/issue217' into development,https://github.com/BCStudentSoftwareDevTeam/lsf/commit/aac50f89a96f7b3043a59fb039598f1d4a30bd0b
lsf,1fa996ffdaca9336f585a25510cad935d29fb192,root,,root,2020-07-17T15:16:20Z,Merge branch 'development' of bitbucket.org:laborstudents/lsf-flask into development,https://github.com/BCStudentSoftwareDevTeam/lsf/commit/1fa996ffdaca9336f585a25510cad935d29fb192
lsf,45866c608e148150a7cdd17345e876405a39cfd2,sreynit02,User,sheggen,2020-07-17T15:13:51Z,"Merged in issue219 (pull request #191)

Added Scroll to Modal Body

Approved-by: Scott Heggen",https://github.com/BCStudentSoftwareDevTeam/lsf/commit/45866c608e148150a7cdd17345e876405a39cfd2
lsf,2d42d1d30ce6d8fb5a0f17b368f9e295c05cd7dd,root,,root,2020-07-17T14:36:59Z,Merge remote-tracking branch 'origin/issue219' into development,https://github.com/BCStudentSoftwareDevTeam/lsf/commit/2d42d1d30ce6d8fb5a0f17b368f9e295c05cd7dd
lsf,01f430041b9a2fcf73f8e168140229da0df3b20f,Hila Manalai,,sheggen,2020-07-17T14:35:24Z,"Merged in issue218 (pull request #190)

Removed buttons related to Labor Evaluation from the student view",https://github.com/BCStudentSoftwareDevTeam/lsf/commit/01f430041b9a2fcf73f8e168140229da0df3b20f
lsf,29ebf4118caedd30a8d9665afee2cc81d7a602ba,escalerapadronl,User,escalerapadronl,2020-07-17T13:44:41Z,Merge branch 'development' into issue191,https://github.com/BCStudentSoftwareDevTeam/lsf/commit/29ebf4118caedd30a8d9665afee2cc81d7a602ba
lsf,ca3bea8460b98a5593a2deb906481c5638d37176,escalerapadronl,User,escalerapadronl,2020-07-16T21:02:12Z,finished making changes to the email handler for the break terms. Just have to test all the cases now before making pull request,https://github.com/BCStudentSoftwareDevTeam/lsf/commit/ca3bea8460b98a5593a2deb906481c5638d37176
lsf,28d9675fde7f2a8b272b7fe9799e93dc55fd7150,GuillermoCruz32,User,GuillermoCruz32,2020-07-16T20:39:40Z,Finished fixing overload app,https://github.com/BCStudentSoftwareDevTeam/lsf/commit/28d9675fde7f2a8b272b7fe9799e93dc55fd7150
lsf,222bee056f5f1826add5725c73b4a38036330b85,GuillermoCruz32,User,GuillermoCruz32,2020-07-16T19:32:00Z,Merge branch 'issue198' of https://bitbucket.org/laborstudents/lsf-flask into issue198,https://github.com/BCStudentSoftwareDevTeam/lsf/commit/222bee056f5f1826add5725c73b4a38036330b85
lsf,ddb9425b8dee422141bd6ed81247d88df05839a8,Sreynit Khatt,,Sreynit Khatt,2020-07-16T19:25:26Z,add scroll to modal body,https://github.com/BCStudentSoftwareDevTeam/lsf/commit/ddb9425b8dee422141bd6ed81247d88df05839a8
lsf,1e4794aea0a10d82014ddd1e9607580b3d1420b9,mupotsal,User,mupotsal,2020-07-16T19:18:24Z,fixed the required* fields,https://github.com/BCStudentSoftwareDevTeam/lsf/commit/1e4794aea0a10d82014ddd1e9607580b3d1420b9
lsf,28c3bff152cdee6485e7540c0d404adffb5b5c19,mupotsal,User,mupotsal,2020-07-16T18:23:28Z,changing the conditions for the teaxt box to appear,https://github.com/BCStudentSoftwareDevTeam/lsf/commit/28c3bff152cdee6485e7540c0d404adffb5b5c19
lsf,cc2b8d0a27fbc2bb62cfe0c186338902fee8400d,Hila Manalai,,Hila Manalai,2020-07-16T17:20:38Z,added conditional,https://github.com/BCStudentSoftwareDevTeam/lsf/commit/cc2b8d0a27fbc2bb62cfe0c186338902fee8400d
lsf,24e185295706525e63068ab6a185a2b1090b5110,Hila Manalai,,Hila Manalai,2020-07-16T17:09:59Z,added conditional to hide download and return buttons,https://github.com/BCStudentSoftwareDevTeam/lsf/commit/24e185295706525e63068ab6a185a2b1090b5110
lsf,abaafd02e5f51208e947b306a29e7c6260d6d45e,Hila Manalai,,Hila Manalai,2020-07-16T17:01:27Z,added student view,https://github.com/BCStudentSoftwareDevTeam/lsf/commit/abaafd02e5f51208e947b306a29e7c6260d6d45e
lsf,d0d318c2c3731183aed43774320f851323ad0d32,Hila Manalai,,Hila Manalai,2020-07-16T16:31:24Z,removing unnecessary buttons,https://github.com/BCStudentSoftwareDevTeam/lsf/commit/d0d318c2c3731183aed43774320f851323ad0d32
lsf,6b4536f64fdd311e7498044fcb2b8740645bcf93,GuillermoCruz32,User,GuillermoCruz32,2020-07-16T16:23:16Z,Merge branch 'issue198' of https://bitbucket.org/laborstudents/lsf-flask into issue198,https://github.com/BCStudentSoftwareDevTeam/lsf/commit/6b4536f64fdd311e7498044fcb2b8740645bcf93
lsf,28c82e1d8b144b8b25bcb473b6b275e2e9964602,mupotsal,User,mupotsal,2020-07-16T15:52:23Z,fixing the bootstrap,https://github.com/BCStudentSoftwareDevTeam/lsf/commit/28c82e1d8b144b8b25bcb473b6b275e2e9964602
lsf,bcc0269b9cd03547d08d7106655d47da68bed5fb,mupotsal,User,mupotsal,2020-07-16T15:25:41Z,fixing UI,https://github.com/BCStudentSoftwareDevTeam/lsf/commit/bcc0269b9cd03547d08d7106655d47da68bed5fb
lsf,a5c42afd4bf45c568a4b3e6ece45613b863c3e56,Hila Manalai,,Hila Manalai,2020-07-16T15:07:37Z,changed a boolean value,https://github.com/BCStudentSoftwareDevTeam/lsf/commit/a5c42afd4bf45c568a4b3e6ece45613b863c3e56
lsf,35c4c170be8a5a3b493bb3b9785fd96c3204b461,Hila Manalai,,Hila Manalai,2020-07-16T15:03:49Z,removed unneccessary changes,https://github.com/BCStudentSoftwareDevTeam/lsf/commit/35c4c170be8a5a3b493bb3b9785fd96c3204b461
lsf,8d29108e1be031ea78e2cc42cc8a8072f9dab5a1,Hila Manalai,,Hila Manalai,2020-07-16T15:00:29Z,changed conditional that allows supervisor to add student,https://github.com/BCStudentSoftwareDevTeam/lsf/commit/8d29108e1be031ea78e2cc42cc8a8072f9dab5a1
lsf,4016913359b63a85e559b411c087debc21fa7411,Hila Manalai,,BrianRamsay,2020-07-16T13:08:39Z,"Merged in issue216 (pull request #188)

Labor Overload Form was created on any sort of modifications to the hours

Approved-by: Brian Ramsay",https://github.com/BCStudentSoftwareDevTeam/lsf/commit/4016913359b63a85e559b411c087debc21fa7411
lsf,7fb4284648ffbc8bfb8c1416bbb3796ff038a6e0,romano-w,User,BrianRamsay,2020-07-16T12:47:12Z,"Merged in issue182 (pull request #181)

Adjustment Form SupervisorNotes Field Validation

Approved-by: Brian Ramsay",https://github.com/BCStudentSoftwareDevTeam/lsf/commit/7fb4284648ffbc8bfb8c1416bbb3796ff038a6e0
lsf,c0a9d10815cfe6e63bd800292706d2ef3fb440f7,sreynit02,User,BrianRamsay,2020-07-16T12:44:58Z,"Merged in issue212 (pull request #183)

Change all instances of ""Correct"" to ""Modify""

Approved-by: Brian Ramsay",https://github.com/BCStudentSoftwareDevTeam/lsf/commit/c0a9d10815cfe6e63bd800292706d2ef3fb440f7
lsf,26f0a45211662e4c5e90eb40273024c79c9145f1,sreynit02,User,BrianRamsay,2020-07-16T12:44:37Z,"Merged in issue211 (pull request #185)

fix scroll to the top on New LSF page

Approved-by: Brian Ramsay",https://github.com/BCStudentSoftwareDevTeam/lsf/commit/26f0a45211662e4c5e90eb40273024c79c9145f1
lsf,baf579fb09a0d1278768c12c6583b4cd425e70e6,Hila Manalai,,Hila Manalai,2020-07-16T12:43:55Z,done with the issue of counting hours,https://github.com/BCStudentSoftwareDevTeam/lsf/commit/baf579fb09a0d1278768c12c6583b4cd425e70e6
lsf,7b488cefcd9858757cc242852b2051f793999e70,Guillermo Cruz,,BrianRamsay,2020-07-16T12:43:17Z,"Merged in issue203 (pull request #186)

Pending Labor Forms: Correct Action

Approved-by: Brian Ramsay",https://github.com/BCStudentSoftwareDevTeam/lsf/commit/7b488cefcd9858757cc242852b2051f793999e70
lsf,d498171fec54b9f08465c5d0650cc52f9a112481,Bekzodjon Rakhimov,,Bekzodjon Rakhimov,2020-07-15T21:08:51Z,"fixed break term emails, broke regular term emails",https://github.com/BCStudentSoftwareDevTeam/lsf/commit/d498171fec54b9f08465c5d0650cc52f9a112481
lsf,a593dccd01b840b1bfbcd133c8a48cf7a66da4fd,GuillermoCruz32,User,GuillermoCruz32,2020-07-15T20:24:41Z,Fixing href,https://github.com/BCStudentSoftwareDevTeam/lsf/commit/a593dccd01b840b1bfbcd133c8a48cf7a66da4fd
lsf,60fcdd52efcda5043495e0b6ad391da6d18a10df,GuillermoCruz32,User,GuillermoCruz32,2020-07-15T20:23:51Z,Fixing href,https://github.com/BCStudentSoftwareDevTeam/lsf/commit/60fcdd52efcda5043495e0b6ad391da6d18a10df
lsf,d7f08b6b45090e0548fcdbaafa2c7817567cd8e8,GuillermoCruz32,User,GuillermoCruz32,2020-07-15T20:11:24Z,Merge branch 'development' into issue203,https://github.com/BCStudentSoftwareDevTeam/lsf/commit/d7f08b6b45090e0548fcdbaafa2c7817567cd8e8
lsf,b41b065b3e799c6721cbb813376c80b15d46c796,GuillermoCruz32,User,GuillermoCruz32,2020-07-15T20:10:06Z,"Fixed the correction button on all pending forms, and also fixed alterLSf",https://github.com/BCStudentSoftwareDevTeam/lsf/commit/b41b065b3e799c6721cbb813376c80b15d46c796
lsf,8e8202a71bc81dc2a91e05ae825ef4f41f5694fe,Sreynit Khatt,,Sreynit Khatt,2020-07-15T19:57:40Z,fix scroll to the topon New LSF page,https://github.com/BCStudentSoftwareDevTeam/lsf/commit/8e8202a71bc81dc2a91e05ae825ef4f41f5694fe
lsf,5d9abfbbb36596b975c1d6c13f5ae6ee21af8fc4,bryantal,User,BrianRamsay,2020-07-15T19:19:23Z,"Merged in issue201 (pull request #184)

Fixes Issue #201: Error when a student's name is clicked in the Supervisor Portal

Approved-by: Brian Ramsay",https://github.com/BCStudentSoftwareDevTeam/lsf/commit/5d9abfbbb36596b975c1d6c13f5ae6ee21af8fc4
lsf,e8e9f40f91a014ce1daf83dd22178baf96f5520f,Bekzodjon Rakhimov,,Bekzodjon Rakhimov,2020-07-15T17:57:42Z,fixed merge conflicts,https://github.com/BCStudentSoftwareDevTeam/lsf/commit/e8e9f40f91a014ce1daf83dd22178baf96f5520f
lsf,d0e810ed3f82517ba26688eda455feea0de90d0c,Bekzodjon Rakhimov,,Bekzodjon Rakhimov,2020-07-15T17:54:24Z,merging development,https://github.com/BCStudentSoftwareDevTeam/lsf/commit/d0e810ed3f82517ba26688eda455feea0de90d0c
lsf,c8000fc5929115afe8d0352da209821f177443b6,bryantal,User,bryantal,2020-07-15T17:47:06Z,removing print statements,https://github.com/BCStudentSoftwareDevTeam/lsf/commit/c8000fc5929115afe8d0352da209821f177443b6
lsf,a041b8d01733687243dcb300bf1909744dce75a6,bryantal,User,bryantal,2020-07-15T17:42:13Z,removing css changes that showed up,https://github.com/BCStudentSoftwareDevTeam/lsf/commit/a041b8d01733687243dcb300bf1909744dce75a6
lsf,28720d516362c49570f85e7836557cce94363b73,Sreynit Khatt,,Sreynit Khatt,2020-07-15T17:10:01Z,changed language of adrop down menu option,https://github.com/BCStudentSoftwareDevTeam/lsf/commit/28720d516362c49570f85e7836557cce94363b73
lsf,2c7b289e97a384d9f3784e1af59c05fe8b8c7a60,bryantal,User,bryantal,2020-07-15T16:10:30Z,trying to merge,https://github.com/BCStudentSoftwareDevTeam/lsf/commit/2c7b289e97a384d9f3784e1af59c05fe8b8c7a60
lsf,1ad591af5c6dcf5a9ec1730ee14ea864d40db422,bryantal,User,bryantal,2020-07-15T16:01:37Z,figuring out createUser error,https://github.com/BCStudentSoftwareDevTeam/lsf/commit/1ad591af5c6dcf5a9ec1730ee14ea864d40db422
lsf,2f65bc2cb6cc8ce8bd7877c773f78db4230ffa59,bryantal,User,bryantal,2020-07-15T15:15:17Z,made the student information in formhistory retrieve from student table.,https://github.com/BCStudentSoftwareDevTeam/lsf/commit/2f65bc2cb6cc8ce8bd7877c773f78db4230ffa59
lsf,33d4d909af5ff5d36f09ed41c80d6a7734d29712,Guillermo Cruz,,BrianRamsay,2020-07-15T15:02:17Z,"Merged in issue198 (pull request #172)

User Insert Functions: Create Students from Tracy Obj

Approved-by: Hila Manalai
Approved-by: Brian Ramsay
Approved-by: Alex Bryant",https://github.com/BCStudentSoftwareDevTeam/lsf/commit/33d4d909af5ff5d36f09ed41c80d6a7734d29712
lsf,9c88ee150dc562d8e21e2555674f7e6e61a7409e,GuillermoCruz32,User,GuillermoCruz32,2020-07-15T14:43:05Z,Merge branch 'development' into issue198,https://github.com/BCStudentSoftwareDevTeam/lsf/commit/9c88ee150dc562d8e21e2555674f7e6e61a7409e
lsf,33b271fb711eca1efd302588db5d3cd830231b43,GuillermoCruz32,User,GuillermoCruz32,2020-07-15T14:41:20Z,Fixed the error handling,https://github.com/BCStudentSoftwareDevTeam/lsf/commit/33b271fb711eca1efd302588db5d3cd830231b43
lsf,81933859c41a4fe733c8d7399171f21c7577f5a7,romano-w,User,romano-w,2020-07-15T14:31:58Z,Merge branch 'development' into issue182,https://github.com/BCStudentSoftwareDevTeam/lsf/commit/81933859c41a4fe733c8d7399171f21c7577f5a7
lsf,700190ce463be8a6357d607efa1b3ca801837396,None,,None,2020-07-15T14:02:44Z,fixing User get,https://github.com/BCStudentSoftwareDevTeam/lsf/commit/700190ce463be8a6357d607efa1b3ca801837396
lsf,120b8129eb94d475a2ed5eed654bd429c3f23485,Bekzodjon Rakhimov,,Bekzodjon Rakhimov,2020-07-15T12:28:50Z,merge development and fix merge conflicts,https://github.com/BCStudentSoftwareDevTeam/lsf/commit/120b8129eb94d475a2ed5eed654bd429c3f23485
lsf,48248c3ab15cb73fbb128c236e26ffc3fb0a339d,romano-w,User,BrianRamsay,2020-07-15T12:14:57Z,"Merged in issue197 (pull request #177)

createSupervisorFromTracy test cases

Approved-by: Brian Ramsay",https://github.com/BCStudentSoftwareDevTeam/lsf/commit/48248c3ab15cb73fbb128c236e26ffc3fb0a339d
lsf,dd7e2a2dafacf5201d888baa2db57113bb6d91e5,Hila Manalai,,BrianRamsay,2020-07-15T12:13:39Z,"Merged in issue184 (pull request #175)

Modal for more than one LSF in a Break Term not showing up.

Approved-by: Brian Ramsay",https://github.com/BCStudentSoftwareDevTeam/lsf/commit/dd7e2a2dafacf5201d888baa2db57113bb6d91e5
lsf,dfb4770935053a5501584c7c8f30d885cb8c7f1d,GuillermoCruz32,User,GuillermoCruz32,2020-07-14T22:02:58Z,Trying to fix alterLSF.py,https://github.com/BCStudentSoftwareDevTeam/lsf/commit/dfb4770935053a5501584c7c8f30d885cb8c7f1d
lsf,ba46e3e94fb359f10a0c6690ffa75a5949014b32,None,,None,2020-07-14T21:03:15Z,trying to fix 201 issue,https://github.com/BCStudentSoftwareDevTeam/lsf/commit/ba46e3e94fb359f10a0c6690ffa75a5949014b32
lsf,7730100b0f8a4078c15467144b3aa8a3a9cedece,Hila Manalai,,Hila Manalai,2020-07-14T20:46:36Z,final changes,https://github.com/BCStudentSoftwareDevTeam/lsf/commit/7730100b0f8a4078c15467144b3aa8a3a9cedece
lsf,52f586f8162b625c7c0c526ba6375ab1d99970ed,Hila Manalai,,BrianRamsay,2020-07-14T20:35:42Z,"Merged in issue192fix (pull request #173)

Pending Adjustment Form Overload Does Not Display the Adjusted Information

Approved-by: Brian Ramsay",https://github.com/BCStudentSoftwareDevTeam/lsf/commit/52f586f8162b625c7c0c526ba6375ab1d99970ed
lsf,b32565ebae9f16ce7b69e26926fafce9cd08d3f0,sreynit02,User,BrianRamsay,2020-07-14T20:33:26Z,"Merged in issue207 (pull request #176)

Changed Button Names on Student History Modal

Approved-by: Brian Ramsay",https://github.com/BCStudentSoftwareDevTeam/lsf/commit/b32565ebae9f16ce7b69e26926fafce9cd08d3f0
lsf,a7a1c7de0c23c2d6f6952f1df25bf8825f2f4a2c,romano-w,User,romano-w,2020-07-14T20:30:11Z,Fixed empty note error on adjust lsf submission for supervisor notes,https://github.com/BCStudentSoftwareDevTeam/lsf/commit/a7a1c7de0c23c2d6f6952f1df25bf8825f2f4a2c
lsf,c8c3b81c7ac10006c1862ee00a43b87b0cc0fd86,romano-w,User,romano-w,2020-07-14T19:56:04Z,Merge branch 'development' into issue197,https://github.com/BCStudentSoftwareDevTeam/lsf/commit/c8c3b81c7ac10006c1862ee00a43b87b0cc0fd86
lsf,0545b2ed4f5388d9e0341168f434d14ade1d4db6,Bekzodjon Rakhimov,,Bekzodjon Rakhimov,2020-07-14T19:51:20Z,removed unnecessary WLS from email templates,https://github.com/BCStudentSoftwareDevTeam/lsf/commit/0545b2ed4f5388d9e0341168f434d14ade1d4db6
lsf,2b0d7bbe279b4482010b893f1f06d7fb6b974c15,romano-w,User,romano-w,2020-07-14T19:20:32Z,Removed strange merge conflict,https://github.com/BCStudentSoftwareDevTeam/lsf/commit/2b0d7bbe279b4482010b893f1f06d7fb6b974c15
lsf,81207a3cf775537b99081237f2bf5c6001aa68db,romano-w,User,romano-w,2020-07-14T19:15:17Z,Got test working for getting STUSTAFF from Tracy when not already in Supervisor table,https://github.com/BCStudentSoftwareDevTeam/lsf/commit/81207a3cf775537b99081237f2bf5c6001aa68db
lsf,aa4a53e9884e65605e75065d3c7ef771df89aac9,Sreynit Khatt,,Sreynit Khatt,2020-07-14T18:57:07Z,changed button names on student history modal,https://github.com/BCStudentSoftwareDevTeam/lsf/commit/aa4a53e9884e65605e75065d3c7ef771df89aac9
lsf,2e687a1de5c99a202b8791add898156025819d00,Hila Manalai,,Hila Manalai,2020-07-14T18:22:13Z,changed the modal,https://github.com/BCStudentSoftwareDevTeam/lsf/commit/2e687a1de5c99a202b8791add898156025819d00
lsf,6a81d65c05c80f45cbde489d1d84c1c9ac94aeb1,Hila Manalai,,Hila Manalai,2020-07-14T18:09:58Z,removed comment,https://github.com/BCStudentSoftwareDevTeam/lsf/commit/6a81d65c05c80f45cbde489d1d84c1c9ac94aeb1
lsf,d4bea9fa481e7efb075a6a3b55df4192a12dcbef,Hila Manalai,,Hila Manalai,2020-07-14T18:04:23Z,done with the issue,https://github.com/BCStudentSoftwareDevTeam/lsf/commit/d4bea9fa481e7efb075a6a3b55df4192a12dcbef
lsf,fb3cdb175e736d48ac6720e3d1b3ae9a2bc278c6,None,,None,2020-07-14T17:18:31Z,"Merge branch 'development' of bitbucket.org:laborstudents/lsf-flask into development

DOne.
pulling develpment

:wq",https://github.com/BCStudentSoftwareDevTeam/lsf/commit/fb3cdb175e736d48ac6720e3d1b3ae9a2bc278c6
lsf,9ed198357078657e3a5e464c0951ac52e84f1070,romano-w,User,romano-w,2020-07-14T16:20:30Z,Modified demo data,https://github.com/BCStudentSoftwareDevTeam/lsf/commit/9ed198357078657e3a5e464c0951ac52e84f1070
lsf,830c639cd8f6aafb6e58ef9b2f53cfd49d6fee95,Hila Manalai,,Hila Manalai,2020-07-14T15:53:02Z,almost done with this issue,https://github.com/BCStudentSoftwareDevTeam/lsf/commit/830c639cd8f6aafb6e58ef9b2f53cfd49d6fee95
lsf,b4a5c090995643e8a8d9e043ed6fbedae4075036,Hila Manalai,,Hila Manalai,2020-07-14T15:20:14Z,fixing merge conflicts,https://github.com/BCStudentSoftwareDevTeam/lsf/commit/b4a5c090995643e8a8d9e043ed6fbedae4075036
lsf,f6a3f007c2854b75b67ef22eef5279dc5e1a2b54,GuillermoCruz32,User,GuillermoCruz32,2020-07-14T15:04:24Z,fixing merge conflicts,https://github.com/BCStudentSoftwareDevTeam/lsf/commit/f6a3f007c2854b75b67ef22eef5279dc5e1a2b54
lsf,2a9447bb4d28a049c47c57ff3da55a10b774e883,Hila Manalai,,Hila Manalai,2020-07-14T15:00:23Z,merge conflicts,https://github.com/BCStudentSoftwareDevTeam/lsf/commit/2a9447bb4d28a049c47c57ff3da55a10b774e883
lsf,c25b07d75fc901e34cfa000bfd2816f9d94e28db,GuillermoCruz32,User,GuillermoCruz32,2020-07-14T14:58:57Z,Fixed the user insert function used to get or create students,https://github.com/BCStudentSoftwareDevTeam/lsf/commit/c25b07d75fc901e34cfa000bfd2816f9d94e28db
lsf,a8f9d796bcbfcce327853f36825981e6ef3bbbaf,Hila Manalai,,Hila Manalai,2020-07-14T14:58:00Z,fixing merge conflicts,https://github.com/BCStudentSoftwareDevTeam/lsf/commit/a8f9d796bcbfcce327853f36825981e6ef3bbbaf
lsf,171a0f951c3b11cdd9789f6592d0472358cd264b,romano-w,User,romano-w,2020-07-14T14:45:41Z,Fixed merge conflict,https://github.com/BCStudentSoftwareDevTeam/lsf/commit/171a0f951c3b11cdd9789f6592d0472358cd264b
lsf,2ee5a5d37354287a52f3a8f596e22de11f3b3515,romano-w,User,romano-w,2020-07-14T14:44:02Z,Fixed line endings,https://github.com/BCStudentSoftwareDevTeam/lsf/commit/2ee5a5d37354287a52f3a8f596e22de11f3b3515
lsf,eb02782886901d60aa89f1da8a81d7300fa0fc51,Hila Manalai,,Hila Manalai,2020-07-14T13:58:17Z,fixed deleting overload form,https://github.com/BCStudentSoftwareDevTeam/lsf/commit/eb02782886901d60aa89f1da8a81d7300fa0fc51
lsf,8b105b4fe3ca91056ba82b7436614c0973e1d919,Hila Manalai,,Hila Manalai,2020-07-14T13:46:10Z,fixing merge conflicts,https://github.com/BCStudentSoftwareDevTeam/lsf/commit/8b105b4fe3ca91056ba82b7436614c0973e1d919
lsf,19dabe9c767f8e01cd55d3c62cec8f21e39c36d2,Hila Manalai,,Hila Manalai,2020-07-14T13:43:16Z,trying different approaches,https://github.com/BCStudentSoftwareDevTeam/lsf/commit/19dabe9c767f8e01cd55d3c62cec8f21e39c36d2
lsf,f8f88b52445813fb0b834a28e7548aead150e65a,sreynit02,User,BrianRamsay,2020-07-14T13:10:37Z,"Merged in issue208 (pull request #171)

Supervisor Can Not Access Buttons on Student History Modal if They Didn't Create the LSF

Approved-by: Brian Ramsay",https://github.com/BCStudentSoftwareDevTeam/lsf/commit/f8f88b52445813fb0b834a28e7548aead150e65a
lsf,7433ad4c4bf8699e0d97629e42a37b4da6029160,romano-w,User,BrianRamsay,2020-07-14T13:04:01Z,"Merged in issue197 (pull request #168)

Deprecated Querying via PIDM

Approved-by: Brian Ramsay",https://github.com/BCStudentSoftwareDevTeam/lsf/commit/7433ad4c4bf8699e0d97629e42a37b4da6029160
lsf,db244abd123d1fb5a6dddfaadc4881c6631795f3,romano-w,User,romano-w,2020-07-13T22:53:04Z,Replaced id terminology with bnumber,https://github.com/BCStudentSoftwareDevTeam/lsf/commit/db244abd123d1fb5a6dddfaadc4881c6631795f3
lsf,f433eaeb1097f7fccb76dc2b982e9e81d4141887,romano-w,User,romano-w,2020-07-13T22:22:07Z,Completed createSupervisorFromTracy test and fixed bugs in that function,https://github.com/BCStudentSoftwareDevTeam/lsf/commit/f433eaeb1097f7fccb76dc2b982e9e81d4141887
lsf,d31c36f5e824318a0d1460ae08c7a1492ee0292e,escalerapadronl,User,escalerapadronl,2020-07-13T21:53:58Z,making changes to the email handler. Trying to fix emails being sent out for break termss,https://github.com/BCStudentSoftwareDevTeam/lsf/commit/d31c36f5e824318a0d1460ae08c7a1492ee0292e
lsf,30320ce7d18e698fbab9a4ffa6f5f348dba46309,GuillermoCruz32,User,GuillermoCruz32,2020-07-13T21:44:14Z,Fixed error message that caused additional error,https://github.com/BCStudentSoftwareDevTeam/lsf/commit/30320ce7d18e698fbab9a4ffa6f5f348dba46309
lsf,aa58a0f69917e31f0ba4b6885dc7aab533b6a164,Hila Manalai,,Hila Manalai,2020-07-13T21:34:49Z,reverting back the cahnges,https://github.com/BCStudentSoftwareDevTeam/lsf/commit/aa58a0f69917e31f0ba4b6885dc7aab533b6a164
lsf,cf64ab060c7cc87c2f98b7291f8bc2a2b84c4693,romano-w,User,romano-w,2020-07-13T21:23:35Z,Merge branch 'development' into issue197,https://github.com/BCStudentSoftwareDevTeam/lsf/commit/cf64ab060c7cc87c2f98b7291f8bc2a2b84c4693
lsf,368e237b4856ed8e7cd52c9c23d186993e1221cf,romano-w,User,romano-w,2020-07-13T21:19:06Z,Fixed createSupervisorFromTracy() and started tests for it,https://github.com/BCStudentSoftwareDevTeam/lsf/commit/368e237b4856ed8e7cd52c9c23d186993e1221cf
lsf,c9acd63284c98736f3cf93f4487dceb990da8c8f,Hila Manalai,,Hila Manalai,2020-07-13T20:58:09Z,rearranging functions,https://github.com/BCStudentSoftwareDevTeam/lsf/commit/c9acd63284c98736f3cf93f4487dceb990da8c8f
lsf,067fddf65f1c5b8ed89523cad5c844b5852560b7,Guillermo Cruz,,BrianRamsay,2020-07-13T19:33:37Z,"Merged in issue206 (pull request #170)

Render Templates: Current User

Approved-by: Brian Ramsay",https://github.com/BCStudentSoftwareDevTeam/lsf/commit/067fddf65f1c5b8ed89523cad5c844b5852560b7
lsf,608d8c2a959b017706ef5a0bbd77afb0278715ad,GuillermoCruz32,User,GuillermoCruz32,2020-07-13T19:25:55Z,Removed print statement,https://github.com/BCStudentSoftwareDevTeam/lsf/commit/608d8c2a959b017706ef5a0bbd77afb0278715ad
lsf,0e7ce1f60c3185936d150849df91fbdbd8bfbfb8,GuillermoCruz32,User,GuillermoCruz32,2020-07-13T19:24:14Z,Stashing to fix PR,https://github.com/BCStudentSoftwareDevTeam/lsf/commit/0e7ce1f60c3185936d150849df91fbdbd8bfbfb8
lsf,4e325d3b934122fb7ea4ab97f373f0501925c49a,romano-w,User,romano-w,2020-07-13T19:23:28Z,Fixed user and supervisor update functions,https://github.com/BCStudentSoftwareDevTeam/lsf/commit/4e325d3b934122fb7ea4ab97f373f0501925c49a
lsf,0320465639a3e73a394a3edc6ddaa6defcec12a2,Hila Manalai,,Hila Manalai,2020-07-13T19:21:08Z,removed irrelevant code,https://github.com/BCStudentSoftwareDevTeam/lsf/commit/0320465639a3e73a394a3edc6ddaa6defcec12a2
lsf,d0592bea128a2d22e4bdadc71a539918a784d717,romano-w,User,romano-w,2020-07-13T19:17:36Z,Merge branch 'development' into issue197,https://github.com/BCStudentSoftwareDevTeam/lsf/commit/d0592bea128a2d22e4bdadc71a539918a784d717
lsf,2e006f738195ef6afba46cf0c519d24b53d5e77c,romano-w,User,romano-w,2020-07-13T19:17:11Z,Fixing deprecated queries,https://github.com/BCStudentSoftwareDevTeam/lsf/commit/2e006f738195ef6afba46cf0c519d24b53d5e77c
lsf,12c6ad831fa678d9cff1eb18a7b2b040ce2ac572,Hila Manalai,,Hila Manalai,2020-07-13T19:05:31Z,changed a wrong conditional,https://github.com/BCStudentSoftwareDevTeam/lsf/commit/12c6ad831fa678d9cff1eb18a7b2b040ce2ac572
lsf,81ac7f98c45773d58ff90370199db2def2e30b3d,Hila Manalai,,Hila Manalai,2020-07-13T18:53:32Z,Merge branch 'development' into issue208,https://github.com/BCStudentSoftwareDevTeam/lsf/commit/81ac7f98c45773d58ff90370199db2def2e30b3d
lsf,d2a48f1c531bde72a424152c832cb2010db7155f,Hila Manalai,,Hila Manalai,2020-07-13T18:43:41Z,final changes,https://github.com/BCStudentSoftwareDevTeam/lsf/commit/d2a48f1c531bde72a424152c832cb2010db7155f
lsf,88d67701f395f9a0fc5f3b3a993a39bb22c741d8,Hila Manalai,,Hila Manalai,2020-07-13T18:40:52Z,added createsupervisor from tracy function,https://github.com/BCStudentSoftwareDevTeam/lsf/commit/88d67701f395f9a0fc5f3b3a993a39bb22c741d8
lsf,5f8b1babf573f599f4ba6ecde83557591c038c23,Hila Manalai,,Hila Manalai,2020-07-13T18:23:49Z,Merge branch 'development' into issue192fix,https://github.com/BCStudentSoftwareDevTeam/lsf/commit/5f8b1babf573f599f4ba6ecde83557591c038c23
lsf,c42c91ae7803a7f438770db448a6b64d9e92e17a,Hila Manalai,,Hila Manalai,2020-07-13T18:23:02Z,reverting back changes that were overridden with merge,https://github.com/BCStudentSoftwareDevTeam/lsf/commit/c42c91ae7803a7f438770db448a6b64d9e92e17a
lsf,b0277b8e430af7b05a3d4c4e59bb6f82bb468fb0,Hila Manalai,,Hila Manalai,2020-07-13T18:04:26Z,fixed the issue with pending overload modal not showing the correct hours,https://github.com/BCStudentSoftwareDevTeam/lsf/commit/b0277b8e430af7b05a3d4c4e59bb6f82bb468fb0
lsf,94d91dd50e600ee5f212ad62e9f7b5073b717354,Sreynit Khatt,,Sreynit Khatt,2020-07-13T17:02:42Z,changed query to LSF rather than formHistory,https://github.com/BCStudentSoftwareDevTeam/lsf/commit/94d91dd50e600ee5f212ad62e9f7b5073b717354
lsf,289259af8b87bb4dbb952b2b22d50bed363bd2a0,GuillermoCruz32,User,GuillermoCruz32,2020-07-13T17:00:35Z,Fixed merge conflicts,https://github.com/BCStudentSoftwareDevTeam/lsf/commit/289259af8b87bb4dbb952b2b22d50bed363bd2a0
lsf,e10229830828d8c37d484571c168710b4f4f5d7f,GuillermoCruz32,User,GuillermoCruz32,2020-07-13T16:50:12Z,Final commit,https://github.com/BCStudentSoftwareDevTeam/lsf/commit/e10229830828d8c37d484571c168710b4f4f5d7f
lsf,f0d84e26fce79f6fe3fb6b362909fe87744ccd46,Sreynit Khatt,,Sreynit Khatt,2020-07-13T16:00:11Z,checking how total hours are added in submitAlteredLSF function,https://github.com/BCStudentSoftwareDevTeam/lsf/commit/f0d84e26fce79f6fe3fb6b362909fe87744ccd46
lsf,a85b54a39746ef83d53b645a319ac328cdea9c63,romano-w,User,romano-w,2020-07-13T15:47:03Z,Fixed supervisor PIDM error,https://github.com/BCStudentSoftwareDevTeam/lsf/commit/a85b54a39746ef83d53b645a319ac328cdea9c63
lsf,64ff1b3ca3011e40b60750828ce9fc767f03576c,romano-w,User,romano-w,2020-07-13T14:38:43Z,Fixed merge conflicts,https://github.com/BCStudentSoftwareDevTeam/lsf/commit/64ff1b3ca3011e40b60750828ce9fc767f03576c
lsf,bcf91f303fa14bc966f2ef88c3add813bd9c2dc7,Sreynit Khatt,,Sreynit Khatt,2020-07-13T14:38:15Z,Merge branch 'issue192fix' of bitbucket.org:laborstudents/lsf-flask into issue192fix,https://github.com/BCStudentSoftwareDevTeam/lsf/commit/bcf91f303fa14bc966f2ef88c3add813bd9c2dc7
lsf,67f7acf68b8c08b7ddd03e39eef09c5d28eb15b5,Sreynit Khatt,,Sreynit Khatt,2020-07-13T14:37:27Z,changed conditional satement to check for approval status,https://github.com/BCStudentSoftwareDevTeam/lsf/commit/67f7acf68b8c08b7ddd03e39eef09c5d28eb15b5
lsf,cc74aea1c818924a68b84ad67ed919ecebf7907e,Hila Manalai,,Hila Manalai,2020-07-13T12:43:23Z,Merge branch 'development' into issue192fix,https://github.com/BCStudentSoftwareDevTeam/lsf/commit/cc74aea1c818924a68b84ad67ed919ecebf7907e
lsf,7fbcb2d0fdf94a1d7635f4ce2c6a0bde53d672e5,Hila Manalai,,BrianRamsay,2020-07-13T11:21:20Z,"Merged in test (pull request #159)

500 error when logged in as a student

Approved-by: Guillermo Cruz
Approved-by: Brian Ramsay",https://github.com/BCStudentSoftwareDevTeam/lsf/commit/7fbcb2d0fdf94a1d7635f4ce2c6a0bde53d672e5
lsf,6efbeaa46cb3a79b0db759ab4bbb06b76c9bc7df,Guillermo Cruz,,BrianRamsay,2020-07-13T11:20:05Z,"Merged in issue205 (pull request #167)

Sidebar Cursor Pointer

Approved-by: Brian Ramsay",https://github.com/BCStudentSoftwareDevTeam/lsf/commit/6efbeaa46cb3a79b0db759ab4bbb06b76c9bc7df
lsf,d13a4d98ad7cc21d8a09b61a2757d614953b7a3a,Sreynit Khatt,,Sreynit Khatt,2020-07-11T15:55:30Z,test conditional statements,https://github.com/BCStudentSoftwareDevTeam/lsf/commit/d13a4d98ad7cc21d8a09b61a2757d614953b7a3a
lsf,e7ce79a95ff309ca4af1053ca96e6fa09717dace,GuillermoCruz32,User,GuillermoCruz32,2020-07-10T21:38:43Z,Fixed all the routes expect admin routes,https://github.com/BCStudentSoftwareDevTeam/lsf/commit/e7ce79a95ff309ca4af1053ca96e6fa09717dace
lsf,aaa8ea0a49dcf3b03dca6b6c5e1cf32245327840,escalerapadronl,User,escalerapadronl,2020-07-10T21:17:39Z,creating emailhandler instance when a break form is approved,https://github.com/BCStudentSoftwareDevTeam/lsf/commit/aaa8ea0a49dcf3b03dca6b6c5e1cf32245327840
lsf,61ce2433717ddc0b4837950cd79034914add7d6c,romano-w,User,romano-w,2020-07-10T21:13:36Z,Removed old commented out PIDM function,https://github.com/BCStudentSoftwareDevTeam/lsf/commit/61ce2433717ddc0b4837950cd79034914add7d6c
lsf,b4d9ef6b6ab1dc62824e82e7831b2629763e4a85,romano-w,User,romano-w,2020-07-10T21:10:32Z,Removed more instances of old PIDM usage,https://github.com/BCStudentSoftwareDevTeam/lsf/commit/b4d9ef6b6ab1dc62824e82e7831b2629763e4a85
lsf,00ad5beec877e7e38c493aa8290ea4fa0c33d661,Hila Manalai,,Hila Manalai,2020-07-10T20:41:50Z,removed unneccessary import,https://github.com/BCStudentSoftwareDevTeam/lsf/commit/00ad5beec877e7e38c493aa8290ea4fa0c33d661
lsf,4c89632c04e63859f788ac76cf2a4c179d94c301,romano-w,User,romano-w,2020-07-10T20:36:00Z,Changed PIDM get in tracy class to use ID and refactored formID query,https://github.com/BCStudentSoftwareDevTeam/lsf/commit/4c89632c04e63859f788ac76cf2a4c179d94c301
lsf,45b719586d3307c6fbcce97884a18c5e80cbe868,Hila Manalai,,Hila Manalai,2020-07-10T20:30:04Z,done with displaying correct labor forms for different users,https://github.com/BCStudentSoftwareDevTeam/lsf/commit/45b719586d3307c6fbcce97884a18c5e80cbe868
lsf,faf9eca020a3144d1967d1d428a7a5ed14a15ff5,escalerapadronl,User,escalerapadronl,2020-07-10T17:53:47Z,commit to switch and update development branch,https://github.com/BCStudentSoftwareDevTeam/lsf/commit/faf9eca020a3144d1967d1d428a7a5ed14a15ff5
lsf,21688a9e5601e87c7ebe1f3acb6fb112f22f5970,GuillermoCruz32,User,GuillermoCruz32,2020-07-10T17:00:06Z,Fixed the cursor pointer on the sidebar,https://github.com/BCStudentSoftwareDevTeam/lsf/commit/21688a9e5601e87c7ebe1f3acb6fb112f22f5970
lsf,e0e90ed525b032089f706daebe9790011ee30f25,GuillermoCruz32,User,GuillermoCruz32,2020-07-10T16:49:43Z,Commiting to work on another issue for the time being,https://github.com/BCStudentSoftwareDevTeam/lsf/commit/e0e90ed525b032089f706daebe9790011ee30f25
lsf,38a43b07e55fcc2b48cf909f982e6a27db6bdb25,Hila Manalai,,Hila Manalai,2020-07-10T16:35:08Z,trying to show correct forms in forms history page,https://github.com/BCStudentSoftwareDevTeam/lsf/commit/38a43b07e55fcc2b48cf909f982e6a27db6bdb25
lsf,ea180a484c04b4d98dbc81493be7a5ad3f136848,Guillermo Cruz,,BrianRamsay,2020-07-10T15:48:28Z,"Merged in issue199 (pull request #166)

Labor History Modal Buttons

Approved-by: Brian Ramsay",https://github.com/BCStudentSoftwareDevTeam/lsf/commit/ea180a484c04b4d98dbc81493be7a5ad3f136848
lsf,da657ea83250cb706bc65fc11fdd87bb39888de4,GuillermoCruz32,User,GuillermoCruz32,2020-07-10T15:05:07Z,Final commit,https://github.com/BCStudentSoftwareDevTeam/lsf/commit/da657ea83250cb706bc65fc11fdd87bb39888de4
lsf,2dffb414b7e216344056d72d620f924521c61fc2,Hila Manalai,,Hila Manalai,2020-07-10T14:39:04Z,fixed the issue with overload hours not showing,https://github.com/BCStudentSoftwareDevTeam/lsf/commit/2dffb414b7e216344056d72d620f924521c61fc2
lsf,978e5f5d3b64921157e88ea0f3319731f0550e34,Bekzodjon Rakhimov,,BrianRamsay,2020-07-10T14:38:04Z,"Merged in issue204 (pull request #165)

Manage Admin page flasher and Remove Button

Approved-by: Brian Ramsay",https://github.com/BCStudentSoftwareDevTeam/lsf/commit/978e5f5d3b64921157e88ea0f3319731f0550e34
lsf,28c331a5a30845b2180e78d8c3e94253e0b2b0a9,Bekzodjon Rakhimov,,Bekzodjon Rakhimov,2020-07-10T14:25:56Z,"fixed small bugs, ready to merge",https://github.com/BCStudentSoftwareDevTeam/lsf/commit/28c331a5a30845b2180e78d8c3e94253e0b2b0a9
lsf,fe253e98cc5835e5d54616ff91ff0cec1384e160,Hila Manalai,,Hila Manalai,2020-07-10T13:02:46Z,almost done with fixing adjusted overload,https://github.com/BCStudentSoftwareDevTeam/lsf/commit/fe253e98cc5835e5d54616ff91ff0cec1384e160
lsf,30283c44d35300d376af2a601074ca273cef0942,Sreynit Khatt,,Sreynit Khatt,2020-07-09T22:20:21Z,added print statements,https://github.com/BCStudentSoftwareDevTeam/lsf/commit/30283c44d35300d376af2a601074ca273cef0942
lsf,e735933999c0f99378144cb997df8156f6044b40,Sreynit Khatt,,Sreynit Khatt,2020-07-09T21:15:23Z,added print statements,https://github.com/BCStudentSoftwareDevTeam/lsf/commit/e735933999c0f99378144cb997df8156f6044b40
lsf,07a36df12c1b90a38d472feb1e6de4d9d7a6125f,escalerapadronl,User,escalerapadronl,2020-07-09T21:00:53Z,making sure the emailHandler is sending all of the emails correctly,https://github.com/BCStudentSoftwareDevTeam/lsf/commit/07a36df12c1b90a38d472feb1e6de4d9d7a6125f
lsf,75495a52ed01f3472c1c7ff7c8815b448d9f500e,GuillermoCruz32,User,GuillermoCruz32,2020-07-09T20:45:24Z,"Fixed the button logic, but need second approval",https://github.com/BCStudentSoftwareDevTeam/lsf/commit/75495a52ed01f3472c1c7ff7c8815b448d9f500e
lsf,d181ee9ff020463fe4b1a6a05bff61c65ef0637f,Hila Manalai,,Hila Manalai,2020-07-09T20:39:19Z,changed function name,https://github.com/BCStudentSoftwareDevTeam/lsf/commit/d181ee9ff020463fe4b1a6a05bff61c65ef0637f
lsf,a0f82a98d66185a4a31325a1b1d3b39bf5c2e8a7,Sreynit Khatt,,Sreynit Khatt,2020-07-09T20:38:08Z,Merge branch 'development' into issue192fix,https://github.com/BCStudentSoftwareDevTeam/lsf/commit/a0f82a98d66185a4a31325a1b1d3b39bf5c2e8a7
lsf,2299f3ce3f0c5388daa0a4d682ea090906bf1f3a,Hila Manalai,,Hila Manalai,2020-07-09T20:37:02Z,Merge branch 'development' into test,https://github.com/BCStudentSoftwareDevTeam/lsf/commit/2299f3ce3f0c5388daa0a4d682ea090906bf1f3a
lsf,40dbea7e346a69eeffa00b135c7610efc4c17a60,Sreynit Khatt,,Sreynit Khatt,2020-07-09T20:36:56Z,fixed some bugs,https://github.com/BCStudentSoftwareDevTeam/lsf/commit/40dbea7e346a69eeffa00b135c7610efc4c17a60
lsf,7798967d77acdcec400312a3e92d0641a871064b,Hila Manalai,,BrianRamsay,2020-07-09T20:28:08Z,"Merged in issue195 (pull request #164)

Adjusted Forms Log Does Not Show Correct Data In Labor History Modal

Approved-by: Brian Ramsay",https://github.com/BCStudentSoftwareDevTeam/lsf/commit/7798967d77acdcec400312a3e92d0641a871064b
lsf,082a77c260439fc59d7d227eb1a69b117392df2d,Hila Manalai,,Hila Manalai,2020-07-09T16:29:55Z,trying to fix the pending overload modal not showing adjsuted data,https://github.com/BCStudentSoftwareDevTeam/lsf/commit/082a77c260439fc59d7d227eb1a69b117392df2d
lsf,f60b8234a2d12b729a89c2def5f062ca83d60641,Hila Manalai,,Hila Manalai,2020-07-09T15:52:19Z,fixing merge conflicts,https://github.com/BCStudentSoftwareDevTeam/lsf/commit/f60b8234a2d12b729a89c2def5f062ca83d60641
lsf,cf51aa47c7f5b97c3f5be58b65ae009fecd0b670,Hila Manalai,,Hila Manalai,2020-07-09T15:51:39Z,fixing merge conflicts,https://github.com/BCStudentSoftwareDevTeam/lsf/commit/cf51aa47c7f5b97c3f5be58b65ae009fecd0b670
lsf,24770efe0832bc22147c0bea6cd409ba6c6952e2,Hila Manalai,,Hila Manalai,2020-07-09T15:45:59Z,replaced pidm with id,https://github.com/BCStudentSoftwareDevTeam/lsf/commit/24770efe0832bc22147c0bea6cd409ba6c6952e2
lsf,16e2dd953974f2a8b9a6b73a384f73bfbdd38149,Hila Manalai,,Hila Manalai,2020-07-09T15:02:39Z,fixed adjustment log not showing correctly,https://github.com/BCStudentSoftwareDevTeam/lsf/commit/16e2dd953974f2a8b9a6b73a384f73bfbdd38149
lsf,4a8a7d3513d4c8a97ac397321dbfba87b651aad5,Hila Manalai,,Hila Manalai,2020-07-09T13:56:45Z,fixed table name,https://github.com/BCStudentSoftwareDevTeam/lsf/commit/4a8a7d3513d4c8a97ac397321dbfba87b651aad5
lsf,b01cadb526909cc6add84921898be0f926b2c294,Hila Manalai,,Hila Manalai,2020-07-09T12:38:58Z,added a missing import,https://github.com/BCStudentSoftwareDevTeam/lsf/commit/b01cadb526909cc6add84921898be0f926b2c294
lsf,61b86a1b04ffdc1bc6d2e0a2a32f2bd6aad87102,escalerapadronl,User,escalerapadronl,2020-07-09T12:36:05Z,Merge branch 'development' into issue191,https://github.com/BCStudentSoftwareDevTeam/lsf/commit/61b86a1b04ffdc1bc6d2e0a2a32f2bd6aad87102
lsf,140c872d7fc18c4177537c70f1c753c1c550c9e6,Hila Manalai,,Hila Manalai,2020-07-09T12:32:47Z,fixing merge conflicts,https://github.com/BCStudentSoftwareDevTeam/lsf/commit/140c872d7fc18c4177537c70f1c753c1c550c9e6
lsf,750777ac17e10acd22c7a18d72d7904929294f6a,Hila Manalai,,Hila Manalai,2020-07-09T12:28:33Z,fixing merge conflicts,https://github.com/BCStudentSoftwareDevTeam/lsf/commit/750777ac17e10acd22c7a18d72d7904929294f6a
lsf,fdcd1dd57b496676bb88db409016cf07e2423550,escalerapadronl,User,escalerapadronl,2020-07-09T12:27:40Z,merged development into our branch,https://github.com/BCStudentSoftwareDevTeam/lsf/commit/fdcd1dd57b496676bb88db409016cf07e2423550
lsf,184db9e89511fbb453a87c855188bb9f2f78cde9,Hila Manalai,,Hila Manalai,2020-07-09T12:22:39Z,changed function name,https://github.com/BCStudentSoftwareDevTeam/lsf/commit/184db9e89511fbb453a87c855188bb9f2f78cde9
lsf,b83676669f1702e1da6267f8e9dc089ad7d42b7b,romano-w,User,BrianRamsay,2020-07-09T11:37:03Z,"Merged in issue176 (pull request #149)

Resolving Redundancy between modifyLSF and adjustLSF

Approved-by: Brian Ramsay",https://github.com/BCStudentSoftwareDevTeam/lsf/commit/b83676669f1702e1da6267f8e9dc089ad7d42b7b
lsf,db0deda20f73e916fda4e498b027b5dc1dc075e2,sreynit02,User,BrianRamsay,2020-07-09T01:17:23Z,"Merged in issue188test (pull request #153)

Redesign student history modal (newest version)

Approved-by: Brian Ramsay",https://github.com/BCStudentSoftwareDevTeam/lsf/commit/db0deda20f73e916fda4e498b027b5dc1dc075e2
lsf,b2ab7bbeae7b03cf88e3cc9933f2684a3ff34360,Hila Manalai,,BrianRamsay,2020-07-09T00:03:40Z,"Merged in issue194 (pull request #160)

Return Button on Labor History Page Should Always Go Back to Supervisor Portal

Approved-by: Brian Ramsay",https://github.com/BCStudentSoftwareDevTeam/lsf/commit/b2ab7bbeae7b03cf88e3cc9933f2684a3ff34360
lsf,4a985c7a18b1ecc8b3e51564268d0b4956dfb394,Bekzodjon Rakhimov,,BrianRamsay,2020-07-09T00:03:01Z,"Merged in issue183 (pull request #156)

Issue183: Unable to rehire student after releasing them in the same term

Approved-by: Guillermo Cruz
Approved-by: Brian Ramsay",https://github.com/BCStudentSoftwareDevTeam/lsf/commit/4a985c7a18b1ecc8b3e51564268d0b4956dfb394
lsf,f8ba9c211f1058ea321a2dd3df0d65983f480fd1,Hila Manalai,,BrianRamsay,2020-07-08T22:42:59Z,"Merged in issue196 (pull request #161)

Notes did not show up in the notes modal located in Pending Forms Page

Approved-by: Brian Ramsay",https://github.com/BCStudentSoftwareDevTeam/lsf/commit/f8ba9c211f1058ea321a2dd3df0d65983f480fd1
lsf,316749c78b239ed90a1be637d03bbfb544bf44f6,romano-w,User,BrianRamsay,2020-07-08T22:40:35Z,"Merged in issue190 (pull request #158)

Setup.sh Python version checking

Approved-by: Brian Ramsay",https://github.com/BCStudentSoftwareDevTeam/lsf/commit/316749c78b239ed90a1be637d03bbfb544bf44f6
lsf,5317ba4d3348668350bc294199e04f0cd36b717a,escalerapadronl,User,escalerapadronl,2020-07-08T21:16:40Z,testing all cases to make sure emails are getting sent out correctly. Making changes to the cases that aren't working properly,https://github.com/BCStudentSoftwareDevTeam/lsf/commit/5317ba4d3348668350bc294199e04f0cd36b717a
lsf,d05bb79ba5e1d88b2c735a77c36fd0f74a67a60e,Hila Manalai,,Hila Manalai,2020-07-08T20:57:16Z,fixed the issue with supervisor name breaking the labor hisotry modal,https://github.com/BCStudentSoftwareDevTeam/lsf/commit/d05bb79ba5e1d88b2c735a77c36fd0f74a67a60e
lsf,f61c1c8a44f27e0b22c3c7464a512f7a8988beab,romano-w,User,romano-w,2020-07-08T20:30:31Z,Merge branch 'development' into issue190,https://github.com/BCStudentSoftwareDevTeam/lsf/commit/f61c1c8a44f27e0b22c3c7464a512f7a8988beab
lsf,c64a8647208f7d6dab099f3c6adc44f32329f4ad,Hila Manalai,,Hila Manalai,2020-07-08T20:21:53Z,fixed the issue with notes not being pulled from adminnotes table,https://github.com/BCStudentSoftwareDevTeam/lsf/commit/c64a8647208f7d6dab099f3c6adc44f32329f4ad
lsf,d8e69d4b9d0c28c01a47b08b8899a2aa4b667015,romano-w,User,romano-w,2020-07-08T20:21:12Z,Fixed contract hours/weekly hours bug,https://github.com/BCStudentSoftwareDevTeam/lsf/commit/d8e69d4b9d0c28c01a47b08b8899a2aa4b667015
lsf,8c41a457704b75ad201a3c838af4eeeb055eea37,None,,None,2020-07-08T19:56:11Z,"Merge branch 'development' of bitbucket.org:laborstudents/lsf-flask into development

pull develpment",https://github.com/BCStudentSoftwareDevTeam/lsf/commit/8c41a457704b75ad201a3c838af4eeeb055eea37
lsf,ade22d20798850dc8244554377228b9c270098ef,Hila Manalai,,Hila Manalai,2020-07-08T19:01:02Z,return button always goes back to supervisor portal,https://github.com/BCStudentSoftwareDevTeam/lsf/commit/ade22d20798850dc8244554377228b9c270098ef
lsf,e877edc4ab5848a837b8ba81fd8917ecc072a4cb,romano-w,User,romano-w,2020-07-08T18:44:17Z,Fixed merge conflict,https://github.com/BCStudentSoftwareDevTeam/lsf/commit/e877edc4ab5848a837b8ba81fd8917ecc072a4cb
lsf,d0fefec31a0a30cbe53bc2dc97afb57f60d2b931,romano-w,User,romano-w,2020-07-08T18:35:52Z,Removed redundant files and fixed renames,https://github.com/BCStudentSoftwareDevTeam/lsf/commit/d0fefec31a0a30cbe53bc2dc97afb57f60d2b931
lsf,e8c26845348ec78ca6edd8ca4c6e640dd3614aee,Hila Manalai,,Hila Manalai,2020-07-08T17:58:54Z,changed if statement to elif,https://github.com/BCStudentSoftwareDevTeam/lsf/commit/e8c26845348ec78ca6edd8ca4c6e640dd3614aee
lsf,342b139f85796232f44773fce6e9470e2a596b1c,Hila Manalai,,Hila Manalai,2020-07-08T17:52:07Z,fixed the issue with student view not showing correctly,https://github.com/BCStudentSoftwareDevTeam/lsf/commit/342b139f85796232f44773fce6e9470e2a596b1c
lsf,746a4b60ee17ffe2a66a21c59632ea5650b13319,Hila Manalai,,Hila Manalai,2020-07-08T17:17:25Z,added an import that was removed accidentally,https://github.com/BCStudentSoftwareDevTeam/lsf/commit/746a4b60ee17ffe2a66a21c59632ea5650b13319
lsf,d8836f8c325ecc7cc85c52808a6bb18900884494,sreynit02,User,BrianRamsay,2020-07-08T16:58:20Z,"Merged in issue189final (pull request #157)

Pending Adjustment Form Approve and Deny Modals Does Not Display the Adjusted Information

Approved-by: Guillermo Cruz
Approved-by: Brian Ramsay",https://github.com/BCStudentSoftwareDevTeam/lsf/commit/d8836f8c325ecc7cc85c52808a6bb18900884494
lsf,fdecc78f6429170cc0f83b7cc6be48eb5935d313,Sreynit Khatt,,Sreynit Khatt,2020-07-08T16:53:02Z,did a few more tests,https://github.com/BCStudentSoftwareDevTeam/lsf/commit/fdecc78f6429170cc0f83b7cc6be48eb5935d313
lsf,fef7b3f4cce571d39a8b2a28516e279fe310226e,romano-w,User,romano-w,2020-07-08T16:32:09Z,Fixed typos in key names,https://github.com/BCStudentSoftwareDevTeam/lsf/commit/fef7b3f4cce571d39a8b2a28516e279fe310226e
lsf,d70a8a0fffcb381c5e70d619e84d836bddec6f3f,Sreynit Khatt,,Sreynit Khatt,2020-07-08T16:17:28Z,import form Tracy,https://github.com/BCStudentSoftwareDevTeam/lsf/commit/d70a8a0fffcb381c5e70d619e84d836bddec6f3f
lsf,aae70e4a1fc9eb6a648489e084a9181df491bab5,Sreynit Khatt,,Sreynit Khatt,2020-07-08T16:13:11Z,fix more bugs,https://github.com/BCStudentSoftwareDevTeam/lsf/commit/aae70e4a1fc9eb6a648489e084a9181df491bab5
lsf,e9c512831ead07d53d6f8545f6efb5dcb3c09681,romano-w,User,romano-w,2020-07-08T16:06:47Z,Fixed labor history modal display and key names for finaldict,https://github.com/BCStudentSoftwareDevTeam/lsf/commit/e9c512831ead07d53d6f8545f6efb5dcb3c09681
lsf,bd218c80509982248a9ffad66fa654092ca42d95,Sreynit Khatt,,Sreynit Khatt,2020-07-08T15:50:58Z,enable students to see their lsf that is tied to a department,https://github.com/BCStudentSoftwareDevTeam/lsf/commit/bd218c80509982248a9ffad66fa654092ca42d95
lsf,076c0754be7ec2f1268d9b27c6d24efeb45ff029,Sreynit Khatt,,Sreynit Khatt,2020-07-08T15:26:00Z,changed departmentlist to an empty list,https://github.com/BCStudentSoftwareDevTeam/lsf/commit/076c0754be7ec2f1268d9b27c6d24efeb45ff029
lsf,7cbb39e596f72426aab7b069ca3ca69477fb5e5b,Bekzodjon Rakhimov,,Bekzodjon Rakhimov,2020-07-08T13:58:17Z,updated pull request,https://github.com/BCStudentSoftwareDevTeam/lsf/commit/7cbb39e596f72426aab7b069ca3ca69477fb5e5b
lsf,9a0142f83fbb9fdbce078413c519248def5b638b,romano-w,User,romano-w,2020-07-07T21:14:30Z,Refactored more readable value names for form histroy,https://github.com/BCStudentSoftwareDevTeam/lsf/commit/9a0142f83fbb9fdbce078413c519248def5b638b
lsf,426c3bf7f7a98db3306327ff0284eee4114c4e28,escalerapadronl,User,escalerapadronl,2020-07-07T21:04:50Z,Checking to see why email handler is selecting the wrong student to send the email to,https://github.com/BCStudentSoftwareDevTeam/lsf/commit/426c3bf7f7a98db3306327ff0284eee4114c4e28
lsf,e5523b83a3ab520784b2463230a27c01c846f0a0,romano-w,User,romano-w,2020-07-07T20:52:45Z,Merge branch 'development' into issue190,https://github.com/BCStudentSoftwareDevTeam/lsf/commit/e5523b83a3ab520784b2463230a27c01c846f0a0
lsf,bbdecc0658ddc079f30a1f0dab7d350861f20c0e,romano-w,User,romano-w,2020-07-07T20:51:43Z,Added python version checking logic,https://github.com/BCStudentSoftwareDevTeam/lsf/commit/bbdecc0658ddc079f30a1f0dab7d350861f20c0e
lsf,2f764c0dae875b0d2258213ac5aad496fbb6bfd8,Sreynit Khatt,,Sreynit Khatt,2020-07-07T18:47:05Z,fixed the pending adjustment form modal,https://github.com/BCStudentSoftwareDevTeam/lsf/commit/2f764c0dae875b0d2258213ac5aad496fbb6bfd8
lsf,07330172c644ca4ae20ebda892879028cf82423c,Luis Riera,,Luis Riera,2020-07-07T17:48:32Z,Fixed merge conflicts,https://github.com/BCStudentSoftwareDevTeam/lsf/commit/07330172c644ca4ae20ebda892879028cf82423c
lsf,256220db1eefb068638e6e37ee2bc75bd2fd0d00,Bekzodjon Rakhimov,,Bekzodjon Rakhimov,2020-07-07T17:36:14Z,deleted unnecessary comment,https://github.com/BCStudentSoftwareDevTeam/lsf/commit/256220db1eefb068638e6e37ee2bc75bd2fd0d00
lsf,0bade5d466cd602f1de2d2450a4fe7ceb7527b98,Guillermo Cruz,,BrianRamsay,2020-07-07T16:44:43Z,"Merged in issue173 (pull request #151)

User Cases: Students, Supervisors and Labor Admins

Approved-by: Brian Ramsay",https://github.com/BCStudentSoftwareDevTeam/lsf/commit/0bade5d466cd602f1de2d2450a4fe7ceb7527b98
lsf,8347e269fbeb7a11357a514250c13979791516d7,romano-w,User,romano-w,2020-07-07T16:25:22Z,Brought in changes from deleted files in development and pending PR's,https://github.com/BCStudentSoftwareDevTeam/lsf/commit/8347e269fbeb7a11357a514250c13979791516d7
lsf,457bbc6c1dbe860391172a372246c8bc188d286b,GuillermoCruz32,User,GuillermoCruz32,2020-07-07T16:02:11Z,Fixed sidebar logic,https://github.com/BCStudentSoftwareDevTeam/lsf/commit/457bbc6c1dbe860391172a372246c8bc188d286b
lsf,e949c32ee8ad35ceac7f0eb2ac7d7a73dcd43adc,Bekzodjon Rakhimov,,Bekzodjon Rakhimov,2020-07-07T16:01:30Z,Merge branch 'development' into issue183,https://github.com/BCStudentSoftwareDevTeam/lsf/commit/e949c32ee8ad35ceac7f0eb2ac7d7a73dcd43adc
lsf,946ac3bf8559cf680ecd75b4851b14523ee9b9f4,Bekzodjon Rakhimov,,Bekzodjon Rakhimov,2020-07-07T15:59:06Z,finished the issue,https://github.com/BCStudentSoftwareDevTeam/lsf/commit/946ac3bf8559cf680ecd75b4851b14523ee9b9f4
lsf,9960a0529cf4f6626085a9587c4d418471e1badd,romano-w,User,romano-w,2020-07-07T15:08:57Z,Python version check,https://github.com/BCStudentSoftwareDevTeam/lsf/commit/9960a0529cf4f6626085a9587c4d418471e1badd
lsf,4ec1d0dedbbc7fee3d3c803a894e94dbdadfc8b9,Bekzodjon Rakhimov,,Bekzodjon Rakhimov,2020-07-07T14:44:22Z,the issue is fixed,https://github.com/BCStudentSoftwareDevTeam/lsf/commit/4ec1d0dedbbc7fee3d3c803a894e94dbdadfc8b9
lsf,224a6320972d568174c45ab54cc5020639dd3ce5,romano-w,User,romano-w,2020-07-07T14:30:13Z,Merge branch 'development' into issue176,https://github.com/BCStudentSoftwareDevTeam/lsf/commit/224a6320972d568174c45ab54cc5020639dd3ce5
lsf,474115dde615685f53c9b1553c175e03c3cb7b25,GuillermoCruz32,User,GuillermoCruz32,2020-07-07T13:55:30Z,Fixing merge conflicts,https://github.com/BCStudentSoftwareDevTeam/lsf/commit/474115dde615685f53c9b1553c175e03c3cb7b25
lsf,136d5e3e140c8babf4d18fa736e25138c2e06e1a,GuillermoCruz32,User,GuillermoCruz32,2020-07-07T12:51:08Z,Fixing main_routes,https://github.com/BCStudentSoftwareDevTeam/lsf/commit/136d5e3e140c8babf4d18fa736e25138c2e06e1a
lsf,73e24758c01050508146ebe8a36448597d8b0b54,romano-w,User,romano-w,2020-07-06T21:21:43Z,"Resolved bugs in adjustment form submission, more remain",https://github.com/BCStudentSoftwareDevTeam/lsf/commit/73e24758c01050508146ebe8a36448597d8b0b54
lsf,cdca1c164316001175aa2ef79cd73ee9015c999f,Bekzodjon Rakhimov,,Bekzodjon Rakhimov,2020-07-06T21:07:29Z,testing before pr,https://github.com/BCStudentSoftwareDevTeam/lsf/commit/cdca1c164316001175aa2ef79cd73ee9015c999f
lsf,6d51b8cf34098f03b303a3bc65a301259c7653ed,GuillermoCruz32,User,GuillermoCruz32,2020-07-06T19:33:18Z,Fixed admin page,https://github.com/BCStudentSoftwareDevTeam/lsf/commit/6d51b8cf34098f03b303a3bc65a301259c7653ed
lsf,f42d0a45840970f0ab48999b99e7c06ef50a9a18,GuillermoCruz32,User,GuillermoCruz32,2020-07-06T19:26:53Z,final commit,https://github.com/BCStudentSoftwareDevTeam/lsf/commit/f42d0a45840970f0ab48999b99e7c06ef50a9a18
lsf,93c200dbe329489d0b1e33930c35d5699557e598,Hila Manalai,,Hila Manalai,2020-07-06T14:29:02Z,Merge branch 'development' into issue188test,https://github.com/BCStudentSoftwareDevTeam/lsf/commit/93c200dbe329489d0b1e33930c35d5699557e598
lsf,b88c74cb8d42b30869a9b011812f83f6551e1943,Hila Manalai,,Hila Manalai,2020-07-06T13:49:56Z,left aligned design of history modal,https://github.com/BCStudentSoftwareDevTeam/lsf/commit/b88c74cb8d42b30869a9b011812f83f6551e1943
lsf,00bd137dcc21d18ddeb00c78ec113f7719348453,Hila Manalai,,Hila Manalai,2020-07-02T21:02:47Z,trying a new design for modal,https://github.com/BCStudentSoftwareDevTeam/lsf/commit/00bd137dcc21d18ddeb00c78ec113f7719348453
lsf,968ceb8415d5c071e05845feb41e1c4773f52c88,Bekzodjon Rakhimov,,Bekzodjon Rakhimov,2020-07-02T21:00:46Z,moving js conditionals to the controller,https://github.com/BCStudentSoftwareDevTeam/lsf/commit/968ceb8415d5c071e05845feb41e1c4773f52c88
lsf,72d18c2a4c6c5451d671231e877430938d506793,romano-w,User,romano-w,2020-07-02T20:04:38Z,Changed termCode to termBreak id in alterLSF.html,https://github.com/BCStudentSoftwareDevTeam/lsf/commit/72d18c2a4c6c5451d671231e877430938d506793
lsf,9a533118f95d0be38b31e9eebf640337b7fb0221,Sreynit Khatt,,Sreynit Khatt,2020-07-02T19:24:49Z,adjust white space of dl-horizontal,https://github.com/BCStudentSoftwareDevTeam/lsf/commit/9a533118f95d0be38b31e9eebf640337b7fb0221
lsf,1441e9cda59e4c103d19d52e46bc0f211fa1e4f4,Sreynit Khatt,,Sreynit Khatt,2020-07-02T18:43:07Z,combined position(WLS) and code,https://github.com/BCStudentSoftwareDevTeam/lsf/commit/1441e9cda59e4c103d19d52e46bc0f211fa1e4f4
lsf,9ff7240d0395336f9343ad7a6ceef4a2e7d9a36a,romano-w,User,romano-w,2020-07-02T18:40:35Z,Merge branch 'issue176' of bitbucket.org:laborstudents/lsf-flask into issue176,https://github.com/BCStudentSoftwareDevTeam/lsf/commit/9ff7240d0395336f9343ad7a6ceef4a2e7d9a36a
lsf,87c86b8d6899efdd8308904a57378e85c7998bd9,romano-w,User,romano-w,2020-07-02T18:39:50Z,Fixed id name,https://github.com/BCStudentSoftwareDevTeam/lsf/commit/87c86b8d6899efdd8308904a57378e85c7998bd9
lsf,a55f021dda477404ed31959fb969eb7b6e890784,Hila Manalai,,Hila Manalai,2020-07-02T17:23:33Z,trying different designs,https://github.com/BCStudentSoftwareDevTeam/lsf/commit/a55f021dda477404ed31959fb969eb7b6e890784
lsf,be62b1b46a494bbe6e5f817892524d40ab8f8a20,GuillermoCruz32,User,GuillermoCruz32,2020-07-02T16:36:53Z,Fixed merged conflicts,https://github.com/BCStudentSoftwareDevTeam/lsf/commit/be62b1b46a494bbe6e5f817892524d40ab8f8a20
lsf,13ddbae9cbf939f20d48f942b902efa76fda088f,GuillermoCruz32,User,GuillermoCruz32,2020-07-02T16:13:07Z,Fixed merge conflicts,https://github.com/BCStudentSoftwareDevTeam/lsf/commit/13ddbae9cbf939f20d48f942b902efa76fda088f
lsf,24a58ab186a745a9b861ebe8223b561a70bbb4f7,GuillermoCruz32,User,GuillermoCruz32,2020-07-02T16:02:19Z,Added demo data,https://github.com/BCStudentSoftwareDevTeam/lsf/commit/24a58ab186a745a9b861ebe8223b561a70bbb4f7
lsf,b2113a3bfa6a2af7020872811e1d2a6c25bf9bca,GuillermoCruz32,User,GuillermoCruz32,2020-07-02T16:01:34Z,Final commit,https://github.com/BCStudentSoftwareDevTeam/lsf/commit/b2113a3bfa6a2af7020872811e1d2a6c25bf9bca
lsf,6db08baa0b66bbf3fefdb5d1cce4e20ffef05c55,GuillermoCruz32,User,GuillermoCruz32,2020-07-02T15:49:17Z,Fixed labor eval page,https://github.com/BCStudentSoftwareDevTeam/lsf/commit/6db08baa0b66bbf3fefdb5d1cce4e20ffef05c55
lsf,7ad49dc3a656cbcea6456d1b1758d2788e9755a2,GuillermoCruz32,User,GuillermoCruz32,2020-07-02T15:33:58Z,final commit,https://github.com/BCStudentSoftwareDevTeam/lsf/commit/7ad49dc3a656cbcea6456d1b1758d2788e9755a2
lsf,38d7b36852289be8026f695c4032114c5811849a,sreynit02,User,BrianRamsay,2020-07-02T15:19:39Z,"Merged in issue187 (pull request #150)

Modal Accessibility

Approved-by: Brian Ramsay",https://github.com/BCStudentSoftwareDevTeam/lsf/commit/38d7b36852289be8026f695c4032114c5811849a
lsf,575d0016a2dad380039103aaa58c316be098129a,GuillermoCruz32,User,GuillermoCruz32,2020-07-02T15:03:04Z,Fixed logo,https://github.com/BCStudentSoftwareDevTeam/lsf/commit/575d0016a2dad380039103aaa58c316be098129a
lsf,ce417fb1d449b926208414ba5ac64cf9b42b8ced,GuillermoCruz32,User,GuillermoCruz32,2020-07-02T14:52:05Z,Fixed allpending controller,https://github.com/BCStudentSoftwareDevTeam/lsf/commit/ce417fb1d449b926208414ba5ac64cf9b42b8ced
lsf,6a45a012165a54a31c1cdd61090489c4bbc7883a,romano-w,User,romano-w,2020-07-02T14:47:53Z,"Merge branch 'development' into issue176

Completed requirements in issues #176, #180, & #181",https://github.com/BCStudentSoftwareDevTeam/lsf/commit/6a45a012165a54a31c1cdd61090489c4bbc7883a
lsf,26db01ca4b9bc5b5d89588da810252a6dae595e3,romano-w,User,romano-w,2020-07-02T14:45:19Z,Replaced 'Modify LSF' terminology with 'Labor Status Correction Form',https://github.com/BCStudentSoftwareDevTeam/lsf/commit/26db01ca4b9bc5b5d89588da810252a6dae595e3
lsf,aae8728c4abfdcf422e815e4dbf80089500c8f8a,GuillermoCruz32,User,GuillermoCruz32,2020-07-02T14:20:20Z,Finished creating the student and supervisor controllers,https://github.com/BCStudentSoftwareDevTeam/lsf/commit/aae8728c4abfdcf422e815e4dbf80089500c8f8a
lsf,fbd5090986c5023d8ebcc294eda7d272fa970fea,GuillermoCruz32,User,GuillermoCruz32,2020-07-01T21:54:44Z,Trying to implement live search select picker,https://github.com/BCStudentSoftwareDevTeam/lsf/commit/fbd5090986c5023d8ebcc294eda7d272fa970fea
lsf,baacbc6a59eb4168845501a41d23c92b8a377d01,Bekzodjon Rakhimov,,Bekzodjon Rakhimov,2020-07-01T20:56:56Z,making progress on issue,https://github.com/BCStudentSoftwareDevTeam/lsf/commit/baacbc6a59eb4168845501a41d23c92b8a377d01
lsf,b1b5e9eb393e2f91331ad9bb22a3f864397a2e9f,romano-w,User,romano-w,2020-07-01T20:51:43Z,Replaced 'Modified Labor Form' terminology with 'Adjusted Labor Form' gloabally,https://github.com/BCStudentSoftwareDevTeam/lsf/commit/b1b5e9eb393e2f91331ad9bb22a3f864397a2e9f
lsf,da2b1c1464c3784cfaf6a03055aa5a0eaff30411,Sreynit Khatt,,Sreynit Khatt,2020-07-01T19:41:28Z,add aria-describedby attribute to modal div so that the screen reader will read the content of modals,https://github.com/BCStudentSoftwareDevTeam/lsf/commit/da2b1c1464c3784cfaf6a03055aa5a0eaff30411
lsf,4d7021ae4fbed556d8823b924640fed0c2d0204e,GuillermoCruz32,User,GuillermoCruz32,2020-07-01T18:25:03Z,Fixed merge conflicts,https://github.com/BCStudentSoftwareDevTeam/lsf/commit/4d7021ae4fbed556d8823b924640fed0c2d0204e
lsf,64331ca326ae2db29af82eddfb60f673e8477173,GuillermoCruz32,User,GuillermoCruz32,2020-07-01T18:00:38Z,Started creating the auto complete select picker,https://github.com/BCStudentSoftwareDevTeam/lsf/commit/64331ca326ae2db29af82eddfb60f673e8477173
lsf,705f16c9eeaa20fab6129335f4d0ad376d5149cd,Hila Manalai,,Hila Manalai,2020-07-01T17:18:03Z,making models accessible,https://github.com/BCStudentSoftwareDevTeam/lsf/commit/705f16c9eeaa20fab6129335f4d0ad376d5149cd
lsf,15d442714d8031a145ccc2be5f74bc7a2843271d,romano-w,User,romano-w,2020-07-01T16:08:09Z,Fixed formatting and ugly url on form submission,https://github.com/BCStudentSoftwareDevTeam/lsf/commit/15d442714d8031a145ccc2be5f74bc7a2843271d
lsf,084d173a35f96f31be19c3525934d2e749245e7e,None,,None,2020-07-01T16:07:31Z,working on the search bar features,https://github.com/BCStudentSoftwareDevTeam/lsf/commit/084d173a35f96f31be19c3525934d2e749245e7e
lsf,142aafaa6bd79586af5e1d649f11856addb8b03e,Guillermo Cruz,,Guillermo Cruz,2020-07-01T14:39:12Z,README.md edited online with Bitbucket Email Handler style fix,https://github.com/BCStudentSoftwareDevTeam/lsf/commit/142aafaa6bd79586af5e1d649f11856addb8b03e
lsf,ed11276019e3d4779c13d7c6e6456bc4b6b9d9be,Guillermo Cruz,,Guillermo Cruz,2020-07-01T14:34:06Z,README.md edited online with Bitbucket for Email Handling,https://github.com/BCStudentSoftwareDevTeam/lsf/commit/ed11276019e3d4779c13d7c6e6456bc4b6b9d9be
lsf,3f0d0a032b2bcb3be6bedb03dd0827593eb7d10e,GuillermoCruz32,User,GuillermoCruz32,2020-06-30T21:39:30Z,Fixed the controller using the new information from labor office,https://github.com/BCStudentSoftwareDevTeam/lsf/commit/3f0d0a032b2bcb3be6bedb03dd0827593eb7d10e
lsf,a399bd768e9abc45dd2f9409cf09e53736686e9e,romano-w,User,romano-w,2020-06-30T21:02:10Z,Fixed minor problems between files and resolved name in allPendingForms.py so now approved forms update correctly,https://github.com/BCStudentSoftwareDevTeam/lsf/commit/a399bd768e9abc45dd2f9409cf09e53736686e9e
lsf,d554781d384e161e6623c4bab7f8add4a5f968e4,Hila Manalai,,Hila Manalai,2020-06-30T20:56:59Z,removed aria hidden from models,https://github.com/BCStudentSoftwareDevTeam/lsf/commit/d554781d384e161e6623c4bab7f8add4a5f968e4
lsf,db667f813fd3bb840bb3aed34cfb474c00cfe824,Bekzodjon Rakhimov,,Bekzodjon Rakhimov,2020-06-30T20:56:57Z,"fixing the issue, need to look at totalHourCount",https://github.com/BCStudentSoftwareDevTeam/lsf/commit/db667f813fd3bb840bb3aed34cfb474c00cfe824
lsf,6c58683654d8ac3575fb1132d42d4841db651d68,Sreynit Khatt,,Sreynit Khatt,2020-06-30T20:23:20Z,Merge branch 'development' into issue187,https://github.com/BCStudentSoftwareDevTeam/lsf/commit/6c58683654d8ac3575fb1132d42d4841db651d68
lsf,7ff51906a1c6089b60ac259f9830f631fdb34396,romano-w,User,romano-w,2020-06-30T20:22:21Z,Updated modal include in alterLSF.html,https://github.com/BCStudentSoftwareDevTeam/lsf/commit/7ff51906a1c6089b60ac259f9830f631fdb34396
lsf,b73f9f990c62322dce81aea92b0871d4c7173b91,Sreynit Khatt,,Sreynit Khatt,2020-06-30T20:18:09Z,Changed aria-hidden to false,https://github.com/BCStudentSoftwareDevTeam/lsf/commit/b73f9f990c62322dce81aea92b0871d4c7173b91
lsf,8af23d35b320ba04b0852749361db3bf670307ac,romano-w,User,romano-w,2020-06-30T20:04:53Z,Resolved merge conflicts,https://github.com/BCStudentSoftwareDevTeam/lsf/commit/8af23d35b320ba04b0852749361db3bf670307ac
lsf,5a1a55e81f31cbf84c8d3c4aa722a986c75d4706,romano-w,User,romano-w,2020-06-30T19:48:12Z,Merge branch 'development' into issue176,https://github.com/BCStudentSoftwareDevTeam/lsf/commit/5a1a55e81f31cbf84c8d3c4aa722a986c75d4706
lsf,36dddb06a0508aae4571651551d92e9fe139e178,romano-w,User,romano-w,2020-06-30T19:36:43Z,Fixed some factoring inefficiency,https://github.com/BCStudentSoftwareDevTeam/lsf/commit/36dddb06a0508aae4571651551d92e9fe139e178
lsf,3483829dc9509092bb8e39051bf158bccff15732,Hila Manalai,,BrianRamsay,2020-06-30T16:33:50Z,"Merged in issue186 (pull request #148)

Added a Select All Checkbox to Approve Column

Approved-by: Brian Ramsay",https://github.com/BCStudentSoftwareDevTeam/lsf/commit/3483829dc9509092bb8e39051bf158bccff15732
lsf,db2f73d6eac08fbf2c3d8f56efe68560a651896f,romano-w,User,romano-w,2020-06-30T16:13:55Z,Fixed modifiedforms updating process,https://github.com/BCStudentSoftwareDevTeam/lsf/commit/db2f73d6eac08fbf2c3d8f56efe68560a651896f
lsf,1b13b2c5176da81a11a04bfc014e5e9589465cec,Hila Manalai,,Hila Manalai,2020-06-30T15:50:10Z,added a check all checkbox to approve,https://github.com/BCStudentSoftwareDevTeam/lsf/commit/1b13b2c5176da81a11a04bfc014e5e9589465cec
lsf,fbe88a9f5826690a106a032aaf2be28ba75468f2,Bekzodjon Rakhimov,,Bekzodjon Rakhimov,2020-06-30T14:43:08Z,merged development for latest changes,https://github.com/BCStudentSoftwareDevTeam/lsf/commit/fbe88a9f5826690a106a032aaf2be28ba75468f2
lsf,bf706dec7c53f29e79d889b837b89cdc1f2564b0,Bekzodjon Rakhimov,,Bekzodjon Rakhimov,2020-06-30T14:35:38Z,updating the branch,https://github.com/BCStudentSoftwareDevTeam/lsf/commit/bf706dec7c53f29e79d889b837b89cdc1f2564b0
lsf,a11e9db744706d2e61a1d66ed7599ec9cce74ca8,Hila Manalai,,BrianRamsay,2020-06-30T13:56:15Z,"Merged in issue142icons (pull request #147)

Icons Accessibility - Last Part of Issue 142

Approved-by: Brian Ramsay",https://github.com/BCStudentSoftwareDevTeam/lsf/commit/a11e9db744706d2e61a1d66ed7599ec9cce74ca8
lsf,b453881f6bd01ee067c6ff3d0b29725899db3493,Bekzodjon Rakhimov,,BrianRamsay,2020-06-30T13:26:28Z,"Merged in issue172 (pull request #142)

Withdraw Button: Different Overload States

Approved-by: Brian Ramsay",https://github.com/BCStudentSoftwareDevTeam/lsf/commit/b453881f6bd01ee067c6ff3d0b29725899db3493
lsf,c42999162afd351f6467456c41af7d6f6eca392c,Hila Manalai,,Hila Manalai,2020-06-30T12:47:38Z,Merge branch 'development' into issue142icons,https://github.com/BCStudentSoftwareDevTeam/lsf/commit/c42999162afd351f6467456c41af7d6f6eca392c
lsf,d7fff2f796cadb046a20212f26f1e12e72d23cfc,Hila Manalai,,Hila Manalai,2020-06-30T12:31:52Z,finishing up the issue,https://github.com/BCStudentSoftwareDevTeam/lsf/commit/d7fff2f796cadb046a20212f26f1e12e72d23cfc
lsf,a9cb68c1cb157b5306f4a88c6c55ef5b7b7af0a2,sreynit02,User,BrianRamsay,2020-06-30T11:13:17Z,"Merged in issue185 (pull request #146)

removed Cancel button in LSFModal

Approved-by: Brian Ramsay",https://github.com/BCStudentSoftwareDevTeam/lsf/commit/a9cb68c1cb157b5306f4a88c6c55ef5b7b7af0a2
lsf,c316d0906bc6c51bad19fb4f31fe8141a5aae73d,GuillermoCruz32,User,GuillermoCruz32,2020-06-29T21:58:56Z,"Made changes to the models, and fixed all of the controllers to reflect the changes",https://github.com/BCStudentSoftwareDevTeam/lsf/commit/c316d0906bc6c51bad19fb4f31fe8141a5aae73d
lsf,6476cf4718093a93e44b6f8422641e2e1af1e80e,romano-w,User,romano-w,2020-06-29T21:37:06Z,Finished remerge in alterLSF.py,https://github.com/BCStudentSoftwareDevTeam/lsf/commit/6476cf4718093a93e44b6f8422641e2e1af1e80e
lsf,790e90368affca4b90513dfb935d0452f5be8e80,Bekzodjon Rakhimov,,Bekzodjon Rakhimov,2020-06-29T21:31:21Z,"fixed the issue, need to do some more testing",https://github.com/BCStudentSoftwareDevTeam/lsf/commit/790e90368affca4b90513dfb935d0452f5be8e80
lsf,528e7fa09351b592d169d3e25e298eabd49de6cf,Sreynit Khatt,,Sreynit Khatt,2020-06-29T20:18:24Z,removed Cancel button in LSFModal,https://github.com/BCStudentSoftwareDevTeam/lsf/commit/528e7fa09351b592d169d3e25e298eabd49de6cf
lsf,3aaa9efc29c42779b1e01e2fdf433916a1ceb259,romano-w,User,romano-w,2020-06-29T18:55:45Z,Tweaked formatting,https://github.com/BCStudentSoftwareDevTeam/lsf/commit/3aaa9efc29c42779b1e01e2fdf433916a1ceb259
lsf,c15f2ca47066e3026a5722a118ed8bdaa9cd52e2,None,,None,2020-06-29T16:17:37Z,made changes to places where userID was referenced instead of B#,https://github.com/BCStudentSoftwareDevTeam/lsf/commit/c15f2ca47066e3026a5722a118ed8bdaa9cd52e2
lsf,932b54070319a0f92ae45fbe28f33361fbea7cf5,romano-w,User,romano-w,2020-06-29T16:09:54Z,Reworked merge in alterLSF.py,https://github.com/BCStudentSoftwareDevTeam/lsf/commit/932b54070319a0f92ae45fbe28f33361fbea7cf5
lsf,3a47c14515102ec21055ee739a2ba95b71234c35,Bekzodjon Rakhimov,,Bekzodjon Rakhimov,2020-06-29T14:19:32Z,added print statements for error-handling,https://github.com/BCStudentSoftwareDevTeam/lsf/commit/3a47c14515102ec21055ee739a2ba95b71234c35
lsf,8816f69e87180f07ce1f4e5c7040eab3138191ea,Bekzodjon Rakhimov,,Bekzodjon Rakhimov,2020-06-29T14:11:26Z,still fixing lsf form,https://github.com/BCStudentSoftwareDevTeam/lsf/commit/8816f69e87180f07ce1f4e5c7040eab3138191ea
lsf,970109aef4b484dd3b2d868ac200eba3a9fc510b,escalerapadronl,User,BrianRamsay,2020-06-29T13:11:15Z,"Merged in issue112 (pull request #137)

Term Behavior should be controlled by the database

Approved-by: Brian Ramsay",https://github.com/BCStudentSoftwareDevTeam/lsf/commit/970109aef4b484dd3b2d868ac200eba3a9fc510b
lsf,6e3e33d906c62300e8f5d6dd76be36ffd6f07be5,Hila Manalai,,Hila Manalai,2020-06-29T13:04:03Z,fixing merge conflicts,https://github.com/BCStudentSoftwareDevTeam/lsf/commit/6e3e33d906c62300e8f5d6dd76be36ffd6f07be5
lsf,5df73eaf5d367110da0b52e652886299213f74be,escalerapadronl,User,escalerapadronl,2020-06-27T15:58:03Z,working on issue,https://github.com/BCStudentSoftwareDevTeam/lsf/commit/5df73eaf5d367110da0b52e652886299213f74be
lsf,f1319cf708b3c8316d9a6e70fc3ff76a761ec952,escalerapadronl,User,escalerapadronl,2020-06-26T21:07:04Z,added a new status to the ButtonStatus class for pending forms,https://github.com/BCStudentSoftwareDevTeam/lsf/commit/f1319cf708b3c8316d9a6e70fc3ff76a761ec952
lsf,0fd495b3013da322d2b2c43c701e96e8ee6ccd80,romano-w,User,romano-w,2020-06-26T20:47:19Z,Removed occurences of outdated routes,https://github.com/BCStudentSoftwareDevTeam/lsf/commit/0fd495b3013da322d2b2c43c701e96e8ee6ccd80
lsf,c5c813346925eb0c96acd607cd9829e7017bfb6f,GuillermoCruz32,User,GuillermoCruz32,2020-06-26T20:32:42Z,"Made changes to the models, now need to go through the application and fix all some key refrences",https://github.com/BCStudentSoftwareDevTeam/lsf/commit/c5c813346925eb0c96acd607cd9829e7017bfb6f
lsf,0088d89d7655f2ab1fbfef034d291f74a88fd647,None,,None,2020-06-26T20:25:30Z,resolved conflicts,https://github.com/BCStudentSoftwareDevTeam/lsf/commit/0088d89d7655f2ab1fbfef034d291f74a88fd647
lsf,f1c29a5cda0f6393925d8528e85904adca828d94,romano-w,User,romano-w,2020-06-26T19:38:27Z,Included more improved merged functionality in alterLSF.py,https://github.com/BCStudentSoftwareDevTeam/lsf/commit/f1c29a5cda0f6393925d8528e85904adca828d94
lsf,07a582b7e4ad0e759504e53e0bb77d023015857e,escalerapadronl,User,escalerapadronl,2020-06-26T19:35:17Z,finished making changes pertaining to comments left on pull request,https://github.com/BCStudentSoftwareDevTeam/lsf/commit/07a582b7e4ad0e759504e53e0bb77d023015857e
lsf,b01f21f532e732a07038aefaef4c17d82b9713c2,None,,None,2020-06-26T17:23:42Z,fixed the table models and demo data for our implementation,https://github.com/BCStudentSoftwareDevTeam/lsf/commit/b01f21f532e732a07038aefaef4c17d82b9713c2
lsf,2e010dd89499d8e4debc8e660c544eedb99e639e,None,,None,2020-06-26T17:23:16Z,fixed the table models and demo data for our implementation,https://github.com/BCStudentSoftwareDevTeam/lsf/commit/2e010dd89499d8e4debc8e660c544eedb99e639e
lsf,d13588f6242f635f6a450c21fc67f2857d4572c9,romano-w,User,romano-w,2020-06-26T17:13:34Z,Completed conditional queries for checkint adjust or modify LSF conditions and worked on combining alter and routing,https://github.com/BCStudentSoftwareDevTeam/lsf/commit/d13588f6242f635f6a450c21fc67f2857d4572c9
lsf,92093c32dda52cbee90bd9f9f1523d3aeb8a8162,Luis Riera,,Luis Riera,2020-06-26T14:20:30Z,Started creating alterLSF set of files. Mostly copies of adjustLSF set of files.,https://github.com/BCStudentSoftwareDevTeam/lsf/commit/92093c32dda52cbee90bd9f9f1523d3aeb8a8162
lsf,fbd7bddcbb4a33f2ea328bb217276f0f8a715ce8,Bekzodjon Rakhimov,,Bekzodjon Rakhimov,2020-06-26T13:01:17Z,Merge branch 'development' into issue172,https://github.com/BCStudentSoftwareDevTeam/lsf/commit/fbd7bddcbb4a33f2ea328bb217276f0f8a715ce8
lsf,33a586024d67838ef34d9db2e11c227e2106030d,Bekzodjon Rakhimov,,Bekzodjon Rakhimov,2020-06-26T12:59:47Z,"fixed modify form, ready to merge",https://github.com/BCStudentSoftwareDevTeam/lsf/commit/33a586024d67838ef34d9db2e11c227e2106030d
lsf,954eb4011c35e36b97d49d596808253cc3a45ad0,Bekzodjon Rakhimov,,Bekzodjon Rakhimov,2020-06-25T22:06:15Z,fixing the modified form,https://github.com/BCStudentSoftwareDevTeam/lsf/commit/954eb4011c35e36b97d49d596808253cc3a45ad0
lsf,5d65f38eab1e3e7860f73758062c3eaa980bee3a,GuillermoCruz32,User,GuillermoCruz32,2020-06-25T21:15:36Z,"Finished checking over controllers, now need to delete old variables from html pages",https://github.com/BCStudentSoftwareDevTeam/lsf/commit/5d65f38eab1e3e7860f73758062c3eaa980bee3a
lsf,91adf6746b8bd88f3e9fe6b99441d1041b1241a9,Bekzodjon Rakhimov,,Bekzodjon Rakhimov,2020-06-25T21:12:55Z,working on modified form,https://github.com/BCStudentSoftwareDevTeam/lsf/commit/91adf6746b8bd88f3e9fe6b99441d1041b1241a9
lsf,fc61e261d0947ab33e3c69ed956a8647ddcb0d15,GuillermoCruz32,User,GuillermoCruz32,2020-06-25T17:14:04Z,Fixing the controllers to eliminate code,https://github.com/BCStudentSoftwareDevTeam/lsf/commit/fc61e261d0947ab33e3c69ed956a8647ddcb0d15
lsf,159a7df0184d1c3e5e89f9ae9391a90ed1a05999,Hila Manalai,,BrianRamsay,2020-06-25T17:03:15Z,"Merged in issue177 (pull request #144)

Changed My Department to Department Students

Approved-by: Brian Ramsay",https://github.com/BCStudentSoftwareDevTeam/lsf/commit/159a7df0184d1c3e5e89f9ae9391a90ed1a05999
lsf,c771de0a9ebeebc75d7849c9c3f4097bd4b32abd,None,,None,2020-06-25T16:33:19Z,Continued making adjustments for all of the different user states.,https://github.com/BCStudentSoftwareDevTeam/lsf/commit/c771de0a9ebeebc75d7849c9c3f4097bd4b32abd
lsf,10521d5b5be7b92b8fc096f19f4635df8507b40d,Hila Manalai,,Hila Manalai,2020-06-25T14:04:45Z,changed my dept to dept students,https://github.com/BCStudentSoftwareDevTeam/lsf/commit/10521d5b5be7b92b8fc096f19f4635df8507b40d
lsf,b345cb269ecc66ea622d3c681e08424198826d1d,sreynit02,User,BrianRamsay,2020-06-25T13:04:53Z,"Merged in issue178 (pull request #143)

removed the on hover color

Approved-by: Brian Ramsay",https://github.com/BCStudentSoftwareDevTeam/lsf/commit/b345cb269ecc66ea622d3c681e08424198826d1d
lsf,cde51d4a37f5864f813143a3f3181e594cbe2aad,GuillermoCruz32,User,GuillermoCruz32,2020-06-24T21:29:41Z,Fixed most of the controllers so that now any type of user can see their correct pages,https://github.com/BCStudentSoftwareDevTeam/lsf/commit/cde51d4a37f5864f813143a3f3181e594cbe2aad
lsf,b37ff1672667c80efefbc7d8c1eedd4fa3373738,escalerapadronl,User,escalerapadronl,2020-06-24T21:06:08Z,making changes pertaining to the comments left on the PR,https://github.com/BCStudentSoftwareDevTeam/lsf/commit/b37ff1672667c80efefbc7d8c1eedd4fa3373738
lsf,86f563ab0f34f6215fc85229d2384c08105f1402,Sreynit Khatt,,Sreynit Khatt,2020-06-24T20:10:24Z,removed the on hover color,https://github.com/BCStudentSoftwareDevTeam/lsf/commit/86f563ab0f34f6215fc85229d2384c08105f1402
lsf,75d99af7cf2a780f522c0fb3ae7109661548a1a7,Bekzodjon Rakhimov,,Bekzodjon Rakhimov,2020-06-24T20:06:21Z,made changes to the pull request,https://github.com/BCStudentSoftwareDevTeam/lsf/commit/75d99af7cf2a780f522c0fb3ae7109661548a1a7
lsf,83bac4e3a813475c9545358ae2aae8ad2932b505,None,,None,2020-06-24T19:47:35Z,Forgot to save some changes,https://github.com/BCStudentSoftwareDevTeam/lsf/commit/83bac4e3a813475c9545358ae2aae8ad2932b505
lsf,6bd46a68090b61f499c7c212d82b38efc6b47732,None,,None,2020-06-24T19:45:29Z,We fixed the sidebar issues,https://github.com/BCStudentSoftwareDevTeam/lsf/commit/6bd46a68090b61f499c7c212d82b38efc6b47732
lsf,cf8c4064c2e3fd13c771cbdc9608d6096819437a,romano-w,User,romano-w,2020-06-24T19:32:21Z,Minor rename,https://github.com/BCStudentSoftwareDevTeam/lsf/commit/cf8c4064c2e3fd13c771cbdc9608d6096819437a
lsf,415a6d587474044be6dc03c1171054b132a4d9db,romano-w,User,romano-w,2020-06-24T17:55:08Z,"Removed differences and redundancies between adjust and modify files, testing needed",https://github.com/BCStudentSoftwareDevTeam/lsf/commit/415a6d587474044be6dc03c1171054b132a4d9db
lsf,bab8a990b5049ece728946713c11bdd69a9ed4f5,escalerapadronl,User,escalerapadronl,2020-06-24T12:39:04Z,Merge branch 'development' into issue112,https://github.com/BCStudentSoftwareDevTeam/lsf/commit/bab8a990b5049ece728946713c11bdd69a9ed4f5
lsf,83a92659e291837245ad5366d0af913e10e80e0d,escalerapadronl,User,escalerapadronl,2020-06-24T12:37:21Z,Made the changes that had to do with using string values as booleans and simplifying my conditionals,https://github.com/BCStudentSoftwareDevTeam/lsf/commit/83a92659e291837245ad5366d0af913e10e80e0d
lsf,649c7ab94de443db15845ca886357c12f4ad42ff,GuillermoCruz32,User,GuillermoCruz32,2020-06-23T21:29:01Z,Trying to implement a view for all users,https://github.com/BCStudentSoftwareDevTeam/lsf/commit/649c7ab94de443db15845ca886357c12f4ad42ff
lsf,d86bb81078507ade1bbc746f27def663b6973272,Bekzodjon Rakhimov,,Bekzodjon Rakhimov,2020-06-23T20:22:31Z,fixed merge conflicts,https://github.com/BCStudentSoftwareDevTeam/lsf/commit/d86bb81078507ade1bbc746f27def663b6973272
lsf,6d5a6f6262230c410dae5f38eb82b6871e468bca,Bekzodjon Rakhimov,,Bekzodjon Rakhimov,2020-06-23T19:51:18Z,final commit,https://github.com/BCStudentSoftwareDevTeam/lsf/commit/6d5a6f6262230c410dae5f38eb82b6871e468bca
lsf,27d60d3d2f5cb0bc9e5a622c77a3341fd44b612c,None,,None,2020-06-23T14:27:59Z,fixed the endblock issue in modifyLSF.html,https://github.com/BCStudentSoftwareDevTeam/lsf/commit/27d60d3d2f5cb0bc9e5a622c77a3341fd44b612c
lsf,fda4c4d2335c4f566fe7c2e92715d9b56bb465df,bryantal,User,BrianRamsay,2020-06-23T12:57:03Z,"Merged in Sidebar-nav-combine (pull request #136)

Sidebar and Header Changes

Approved-by: Brian Ramsay",https://github.com/BCStudentSoftwareDevTeam/lsf/commit/fda4c4d2335c4f566fe7c2e92715d9b56bb465df
lsf,d6698cf07846818c82d1a5ccc1a01da251bd2593,romano-w,User,BrianRamsay,2020-06-23T12:46:25Z,"Merged in issue79 (pull request #139)

Issue79

Approved-by: Alex Bryant
Approved-by: Brian Ramsay",https://github.com/BCStudentSoftwareDevTeam/lsf/commit/d6698cf07846818c82d1a5ccc1a01da251bd2593
lsf,2d2a7ff1a3457928164928696fd8fc5e87dad7ff,romano-w,User,BrianRamsay,2020-06-23T12:44:38Z,"Merged in issue126 (pull request #140)

Remove All Forms LSF Button

Approved-by: Brian Ramsay
Approved-by: Alex Bryant",https://github.com/BCStudentSoftwareDevTeam/lsf/commit/2d2a7ff1a3457928164928696fd8fc5e87dad7ff
lsf,273fcb82b2756510c650c843c0e655b4d634538f,romano-w,User,BrianRamsay,2020-06-23T11:38:36Z,"Merged in issue162-quickfix (pull request #141)

Fixed incorrect <head> tags and includes

Approved-by: Brian Ramsay",https://github.com/BCStudentSoftwareDevTeam/lsf/commit/273fcb82b2756510c650c843c0e655b4d634538f
lsf,d176dccd7c92a2adeadb88f7efcf7cfafd8399ec,romano-w,User,romano-w,2020-06-23T00:10:45Z,Fixed incorrect <head> tags and includes,https://github.com/BCStudentSoftwareDevTeam/lsf/commit/d176dccd7c92a2adeadb88f7efcf7cfafd8399ec
lsf,db4381db72e2dcedfc1874d29872a44b31f60858,GuillermoCruz32,User,GuillermoCruz32,2020-06-22T21:37:04Z,"Fixed the login manager, sidebar, and the demo data",https://github.com/BCStudentSoftwareDevTeam/lsf/commit/db4381db72e2dcedfc1874d29872a44b31f60858
lsf,673acac154fbf73deb30ca4212c5b6018106c4ff,None,,None,2020-06-22T17:08:15Z,Fixed a typo in the Computer Science department name in the demo data,https://github.com/BCStudentSoftwareDevTeam/lsf/commit/673acac154fbf73deb30ca4212c5b6018106c4ff
lsf,df3225de9f8a0934ebeb6cb046eaebacec6c18fb,None,,None,2020-06-22T16:58:03Z,fixed the student navbar issues and the student view of the portal,https://github.com/BCStudentSoftwareDevTeam/lsf/commit/df3225de9f8a0934ebeb6cb046eaebacec6c18fb
lsf,aba78bce0b8fd53908ce8c9481a4609fc3bdcc41,romano-w,User,romano-w,2020-06-22T16:23:59Z,Added dummy data for studentName,https://github.com/BCStudentSoftwareDevTeam/lsf/commit/aba78bce0b8fd53908ce8c9481a4609fc3bdcc41
lsf,0f7b03e5f1b29b71b4a8f6e1a985029d7a69a17c,romano-w,User,romano-w,2020-06-22T15:50:20Z,Fixed name of 'name' field in lsf form to be more clear,https://github.com/BCStudentSoftwareDevTeam/lsf/commit/0f7b03e5f1b29b71b4a8f6e1a985029d7a69a17c
lsf,133503e4a9c0458320aac8b049595676eb98cddf,romano-w,User,romano-w,2020-06-22T14:10:06Z,Tweaked wording on button and modal,https://github.com/BCStudentSoftwareDevTeam/lsf/commit/133503e4a9c0458320aac8b049595676eb98cddf
lsf,cbdd0fb950aca5fd1a03543dcc6fc058f2851366,GuillermoCruz32,User,GuillermoCruz32,2020-06-19T21:23:37Z,"Finished the overload modals, and also fixed the withdraw buttom on the labor history page",https://github.com/BCStudentSoftwareDevTeam/lsf/commit/cbdd0fb950aca5fd1a03543dcc6fc058f2851366
lsf,34621f9d8775370ec8f43aeb1251ffbb03bb1f62,Hila Manalai,,Hila Manalai,2020-06-19T21:07:25Z,removed testing,https://github.com/BCStudentSoftwareDevTeam/lsf/commit/34621f9d8775370ec8f43aeb1251ffbb03bb1f62
lsf,edf0c305e701c4f97a93a815cd4b526093cdf0bc,Hila Manalai,,Hila Manalai,2020-06-19T21:02:18Z,added new authentication for the three types of users we have,https://github.com/BCStudentSoftwareDevTeam/lsf/commit/edf0c305e701c4f97a93a815cd4b526093cdf0bc
lsf,dca04b69be6f77105b4bea4a89f15d172fa7c855,romano-w,User,romano-w,2020-06-19T19:37:31Z,Fixed bugs in page refresh,https://github.com/BCStudentSoftwareDevTeam/lsf/commit/dca04b69be6f77105b4bea4a89f15d172fa7c855
lsf,d5e0e02561cc84061b8a6696ee06e2ad124da6db,romano-w,User,romano-w,2020-06-19T19:18:05Z,"Resolved most problems in issue, created a reset button that removes all pending labor status forms",https://github.com/BCStudentSoftwareDevTeam/lsf/commit/d5e0e02561cc84061b8a6696ee06e2ad124da6db
lsf,a51b0e36479a6e6fa28ae4d813e83fbe3299e380,romano-w,User,romano-w,2020-06-19T15:20:14Z,Merge branch 'development' into issue79,https://github.com/BCStudentSoftwareDevTeam/lsf/commit/a51b0e36479a6e6fa28ae4d813e83fbe3299e380
lsf,d3fe8d0f6e22673d96ac7de5637e475de91b5aad,romano-w,User,romano-w,2020-06-19T15:19:14Z,Reverted html change,https://github.com/BCStudentSoftwareDevTeam/lsf/commit/d3fe8d0f6e22673d96ac7de5637e475de91b5aad
lsf,b78c586e90e5f2522f7b0d8d9de3a47a649aeb44,Bekzodjon Rakhimov,,Bekzodjon Rakhimov,2020-06-19T15:11:07Z,working on pending release,https://github.com/BCStudentSoftwareDevTeam/lsf/commit/b78c586e90e5f2522f7b0d8d9de3a47a649aeb44
lsf,586438bc59dc4e45acf41254a3d8dc496e661e91,romano-w,User,romano-w,2020-06-19T15:01:56Z,Adjusted message styling,https://github.com/BCStudentSoftwareDevTeam/lsf/commit/586438bc59dc4e45acf41254a3d8dc496e661e91
lsf,5687790ed4ab218a0c827a50728a03349d26956b,Bekzodjon Rakhimov,,Bekzodjon Rakhimov,2020-06-18T21:08:44Z,fixed pending overload modal,https://github.com/BCStudentSoftwareDevTeam/lsf/commit/5687790ed4ab218a0c827a50728a03349d26956b
lsf,af24d5b5fce468066c8b17813cc993ee9a9bc45d,Hila Manalai,,Hila Manalai,2020-06-18T20:56:54Z,trying to create separate user and employee tables,https://github.com/BCStudentSoftwareDevTeam/lsf/commit/af24d5b5fce468066c8b17813cc993ee9a9bc45d
lsf,4590574edae67474b569add47ea55afab09ae8d9,romano-w,User,romano-w,2020-06-18T20:00:54Z,Working on styling,https://github.com/BCStudentSoftwareDevTeam/lsf/commit/4590574edae67474b569add47ea55afab09ae8d9
lsf,9c0def6cf0957256fbf4a49fcf697404b68f26e9,romano-w,User,romano-w,2020-06-18T19:13:11Z,The past and present student names are properly displayed where applicable. PDF has name used during form submission,https://github.com/BCStudentSoftwareDevTeam/lsf/commit/9c0def6cf0957256fbf4a49fcf697404b68f26e9
lsf,772157576e380d29edd05e11c7c37779e7f34a97,GuillermoCruz32,User,GuillermoCruz32,2020-06-18T17:31:03Z,Pushing new changes,https://github.com/BCStudentSoftwareDevTeam/lsf/commit/772157576e380d29edd05e11c7c37779e7f34a97
lsf,0950591d0074edcab69d33d1f13edd09ea9e47ba,romano-w,User,romano-w,2020-06-18T17:26:58Z,Fixed sidebar menu persistence (inability to close accordian),https://github.com/BCStudentSoftwareDevTeam/lsf/commit/0950591d0074edcab69d33d1f13edd09ea9e47ba
lsf,c3d08facababf1410d67a9f7c2b7e95fd135b362,romano-w,User,romano-w,2020-06-18T16:01:27Z,Fixed sidebar colors and styling on adminManagment page,https://github.com/BCStudentSoftwareDevTeam/lsf/commit/c3d08facababf1410d67a9f7c2b7e95fd135b362
lsf,5ec0d522e83aee781b4678979f9109c437adb63c,Hila Manalai,,Hila Manalai,2020-06-18T15:29:40Z,adding restrictions on student view,https://github.com/BCStudentSoftwareDevTeam/lsf/commit/5ec0d522e83aee781b4678979f9109c437adb63c
lsf,f1cee11e42a70ec881790d85fef5622224288c7c,romano-w,User,romano-w,2020-06-18T14:57:07Z,Updated model naming,https://github.com/BCStudentSoftwareDevTeam/lsf/commit/f1cee11e42a70ec881790d85fef5622224288c7c
lsf,394d1e4685c3ebbe9caf818f36a030dcb060c294,Hila Manalai,,Hila Manalai,2020-06-18T12:34:58Z,fixed the issue with navbar showing incorrectly,https://github.com/BCStudentSoftwareDevTeam/lsf/commit/394d1e4685c3ebbe9caf818f36a030dcb060c294
lsf,c1457d8dd4d201380f1d89dffea11a11f4ef2d00,romano-w,User,romano-w,2020-06-17T22:00:05Z,Merge branch 'issue79' of bitbucket.org:laborstudents/lsf-flask into issue79,https://github.com/BCStudentSoftwareDevTeam/lsf/commit/c1457d8dd4d201380f1d89dffea11a11f4ef2d00
lsf,c3318842b9018b143cb57f24d4d59ebea97c1212,romano-w,User,romano-w,2020-06-17T21:59:18Z,Found location of function that controls form population in laborstatusform table,https://github.com/BCStudentSoftwareDevTeam/lsf/commit/c3318842b9018b143cb57f24d4d59ebea97c1212
lsf,9b617eb9f6ef97d8db736ddff05d1f86cff8ac19,bryantal,User,bryantal,2020-06-17T21:03:14Z,added new column for lsf table,https://github.com/BCStudentSoftwareDevTeam/lsf/commit/9b617eb9f6ef97d8db736ddff05d1f86cff8ac19
lsf,f28eddb494a44c86743b41c76140f7e57919509f,None,,None,2020-06-17T20:52:53Z,Trying to add student portal for lsf,https://github.com/BCStudentSoftwareDevTeam/lsf/commit/f28eddb494a44c86743b41c76140f7e57919509f
lsf,f5d132e115010a3aa19e5d30e958c04ac8a03490,romano-w,User,romano-w,2020-06-17T20:39:26Z,Updated laborstatusform.py to update student database from the TRACY table when form created,https://github.com/BCStudentSoftwareDevTeam/lsf/commit/f5d132e115010a3aa19e5d30e958c04ac8a03490
lsf,f2da6419f8e9c44c4a0654141d86a58ed0b7cbcb,escalerapadronl,User,escalerapadronl,2020-06-17T20:32:54Z,fixed merge conflicts and removed createTabledataDictionary function,https://github.com/BCStudentSoftwareDevTeam/lsf/commit/f2da6419f8e9c44c4a0654141d86a58ed0b7cbcb
lsf,8e60bf208638d702a2ccc7fc26f908244b8c0ad1,escalerapadronl,User,escalerapadronl,2020-06-17T20:15:30Z,final commit,https://github.com/BCStudentSoftwareDevTeam/lsf/commit/8e60bf208638d702a2ccc7fc26f908244b8c0ad1
lsf,caca0c06ffc87c146a53cdb2baf5083832f570c0,romano-w,User,romano-w,2020-06-17T18:10:49Z,Removed header navbar and put logo at the top of the sidebar. Updated colors and removed unused classes.,https://github.com/BCStudentSoftwareDevTeam/lsf/commit/caca0c06ffc87c146a53cdb2baf5083832f570c0
lsf,b8122a50e961aac9b1b375a20bc43b0e4a6525bc,romano-w,User,romano-w,2020-06-16T21:57:45Z,More progress testing queries for studata,https://github.com/BCStudentSoftwareDevTeam/lsf/commit/b8122a50e961aac9b1b375a20bc43b0e4a6525bc
lsf,4586a22c3f40c03e16bb03f379364e41e20bbfa2,Hila Manalai,,BrianRamsay,2020-06-16T21:28:17Z,"Merged in demoBranchFixes (pull request #135)

Demo Branch Fixes

Approved-by: Brian Ramsay",https://github.com/BCStudentSoftwareDevTeam/lsf/commit/4586a22c3f40c03e16bb03f379364e41e20bbfa2
lsf,90380f9c69d3efe7542c05f7d051825c112c5f8f,romano-w,User,BrianRamsay,2020-06-16T21:28:01Z,"Merged in issue162 (pull request #134)

Issue162

Approved-by: Brian Ramsay",https://github.com/BCStudentSoftwareDevTeam/lsf/commit/90380f9c69d3efe7542c05f7d051825c112c5f8f
lsf,1738ad31be519967d91e248172ab136a5f009652,Sreynit Khatt,,Sreynit Khatt,2020-06-16T21:05:03Z,made changes to termCode,https://github.com/BCStudentSoftwareDevTeam/lsf/commit/1738ad31be519967d91e248172ab136a5f009652
lsf,1c7bcd47567566ab32a960114d12c816a3e6f32d,romano-w,User,romano-w,2020-06-16T19:54:00Z,Testing the labor status form querying,https://github.com/BCStudentSoftwareDevTeam/lsf/commit/1c7bcd47567566ab32a960114d12c816a3e6f32d
lsf,18776f41b20256124d705d24ecf61584c599d507,Hila Manalai,,Hila Manalai,2020-06-16T18:40:59Z,brainstorming on how to make a student view of the page,https://github.com/BCStudentSoftwareDevTeam/lsf/commit/18776f41b20256124d705d24ecf61584c599d507
lsf,28fef847a7984e5245d4b6a29b6831ec240a10ed,romano-w,User,romano-w,2020-06-16T18:04:38Z,Fixed merge conflicts,https://github.com/BCStudentSoftwareDevTeam/lsf/commit/28fef847a7984e5245d4b6a29b6831ec240a10ed
lsf,b4f3418e0557ddd5b4a95579dd3eb765b88e208c,romano-w,User,romano-w,2020-06-16T17:58:06Z,Laying framework for changes,https://github.com/BCStudentSoftwareDevTeam/lsf/commit/b4f3418e0557ddd5b4a95579dd3eb765b88e208c
lsf,03994336e04e438ae03ff0b545b2773b1965f080,Hila Manalai,,Hila Manalai,2020-06-16T16:25:25Z,changes seen demo branch,https://github.com/BCStudentSoftwareDevTeam/lsf/commit/03994336e04e438ae03ff0b545b2773b1965f080
lsf,3aea93ca9d5660062b73f0a451499bbc9297e3ab,Hila Manalai,,BrianRamsay,2020-06-16T15:31:55Z,"Merged in issue142roles (pull request #133)

Adding Heading and Roles

Approved-by: Brian Ramsay",https://github.com/BCStudentSoftwareDevTeam/lsf/commit/3aea93ca9d5660062b73f0a451499bbc9297e3ab
lsf,a9fb306b25fd1f2a689371b6360191e53842e3e3,Guillermo Cruz,,BrianRamsay,2020-06-16T15:29:04Z,"Merged in issue167 (pull request #126)

Labor History Modals

Approved-by: Brian Ramsay",https://github.com/BCStudentSoftwareDevTeam/lsf/commit/a9fb306b25fd1f2a689371b6360191e53842e3e3
lsf,b55dcb23667db63038c24c898764739072e6ac27,audreymcraft,User,BrianRamsay,2020-06-16T15:27:06Z,"Merged in issue171 (pull request #131)

Job Type Being Shown for Break Terms

Approved-by: Brian Ramsay",https://github.com/BCStudentSoftwareDevTeam/lsf/commit/b55dcb23667db63038c24c898764739072e6ac27
lsf,4ccd5075e8d90662d230351017c75e69a060c8fc,romano-w,User,romano-w,2020-06-16T14:41:05Z,Fixed spacing bug,https://github.com/BCStudentSoftwareDevTeam/lsf/commit/4ccd5075e8d90662d230351017c75e69a060c8fc
lsf,7102cea86c74acd89ec8e62f725ebdda39fe44b0,Bekzodjon Rakhimov,,Bekzodjon Rakhimov,2020-06-16T14:30:05Z,ready to merge,https://github.com/BCStudentSoftwareDevTeam/lsf/commit/7102cea86c74acd89ec8e62f725ebdda39fe44b0
lsf,d2117afc62dc845b45ba815640c0d0daceb1d87b,romano-w,User,romano-w,2020-06-16T14:17:22Z,Removed redundant comments from code and resolved merge conflict,https://github.com/BCStudentSoftwareDevTeam/lsf/commit/d2117afc62dc845b45ba815640c0d0daceb1d87b
lsf,7d56b131b8b3a372d4be3f5d2d0ae787a59dd122,None,,None,2020-06-16T14:11:15Z,Merge branch 'development' of bitbucket.org:laborstudents/lsf-flask into development,https://github.com/BCStudentSoftwareDevTeam/lsf/commit/7d56b131b8b3a372d4be3f5d2d0ae787a59dd122
lsf,a77f5497bf47d6a32b8a7f8fad8150cb72f2ccfe,audreymcraft,User,BrianRamsay,2020-06-16T13:44:43Z,"Merged in issue170 (pull request #132)

Side-Scrolling on All Pages

Approved-by: Brian Ramsay",https://github.com/BCStudentSoftwareDevTeam/lsf/commit/a77f5497bf47d6a32b8a7f8fad8150cb72f2ccfe
lsf,81677dbb51bcfcf1076130bdd7b4639cd73c5972,Hila Manalai,,Hila Manalai,2020-06-16T12:35:39Z,added aria labels,https://github.com/BCStudentSoftwareDevTeam/lsf/commit/81677dbb51bcfcf1076130bdd7b4639cd73c5972
lsf,091665b9c4e60cace25026ec4bd9c25fb8c8ceef,Hila Manalai,,Hila Manalai,2020-06-16T12:29:50Z,fixing merge conflicts,https://github.com/BCStudentSoftwareDevTeam/lsf/commit/091665b9c4e60cace25026ec4bd9c25fb8c8ceef
lsf,3045965c47c973da9c9f78fb14ab8b7850ca5e72,Bekzodjon Rakhimov,,Bekzodjon Rakhimov,2020-06-15T21:59:32Z,fixing merge conflicts,https://github.com/BCStudentSoftwareDevTeam/lsf/commit/3045965c47c973da9c9f78fb14ab8b7850ca5e72
lsf,a7fe1b3df940cb5b4dd36e23ed4874aca34fcd19,Sreynit Khatt,,Sreynit Khatt,2020-06-15T21:44:10Z,continued adding isBreak field to term model,https://github.com/BCStudentSoftwareDevTeam/lsf/commit/a7fe1b3df940cb5b4dd36e23ed4874aca34fcd19
lsf,4bbb211a2b4f9a7eb4fbb5194760e1bae2f5b0ba,Bekzodjon Rakhimov,,Bekzodjon Rakhimov,2020-06-15T20:39:49Z,fixed history modal styling,https://github.com/BCStudentSoftwareDevTeam/lsf/commit/4bbb211a2b4f9a7eb4fbb5194760e1bae2f5b0ba
lsf,628e4f95d673595653b0d4e6a2240bc7a943f8ca,romano-w,User,romano-w,2020-06-15T20:37:17Z,Fixed spacing issues and tested on all pages,https://github.com/BCStudentSoftwareDevTeam/lsf/commit/628e4f95d673595653b0d4e6a2240bc7a943f8ca
lsf,a8a65d92a40b7915dd229f0b211a91ddd86d53ff,None,,None,2020-06-15T20:05:38Z,"We removed the row bottom-buffer, which fixed the side-scrolling on all webpages.",https://github.com/BCStudentSoftwareDevTeam/lsf/commit/a8a65d92a40b7915dd229f0b211a91ddd86d53ff
lsf,566e0da523b7022169ffac1594a297d8df4cfd39,romano-w,User,romano-w,2020-06-15T19:50:12Z,Created persistency in sidebar under admin pages,https://github.com/BCStudentSoftwareDevTeam/lsf/commit/566e0da523b7022169ffac1594a297d8df4cfd39
lsf,bbead2459efd35a353a7fa845c9e0ffa96764252,None,,None,2020-06-15T19:40:10Z,Merge branch 'development' into issue171,https://github.com/BCStudentSoftwareDevTeam/lsf/commit/bbead2459efd35a353a7fa845c9e0ffa96764252
lsf,5f4c18fcfbf72497ab4f86571a05ece332eff18d,None,,None,2020-06-15T19:38:20Z,We fixed typos in the code that were causing issues with the JobTypes not being hidden when necessary.,https://github.com/BCStudentSoftwareDevTeam/lsf/commit/5f4c18fcfbf72497ab4f86571a05ece332eff18d
lsf,1323460ea5a5fe5a81fb78a4270d12634f6295ca,Bekzodjon Rakhimov,,Bekzodjon Rakhimov,2020-06-15T18:23:30Z,"Added left and bottom margin, started stylign the text area",https://github.com/BCStudentSoftwareDevTeam/lsf/commit/1323460ea5a5fe5a81fb78a4270d12634f6295ca
lsf,b9fa0d2accefd046429476d832a58cfcaba1e07d,None,,None,2020-06-15T17:50:57Z,Done,https://github.com/BCStudentSoftwareDevTeam/lsf/commit/b9fa0d2accefd046429476d832a58cfcaba1e07d
lsf,d601259d4838b1dd4c9f44dcd9933ac95fd5c06f,Hila Manalai,,BrianRamsay,2020-06-15T17:46:04Z,"Merged in issue165 (pull request #130)

Current user must use the logged-in user

Approved-by: Brian Ramsay",https://github.com/BCStudentSoftwareDevTeam/lsf/commit/d601259d4838b1dd4c9f44dcd9933ac95fd5c06f
lsf,bf8c3e27e71b3ebfd8a58989f9bf6d9b050fc511,None,,None,2020-06-15T17:43:36Z,Merge branch 'development' of bitbucket.org:laborstudents/lsf-flask into development,https://github.com/BCStudentSoftwareDevTeam/lsf/commit/bf8c3e27e71b3ebfd8a58989f9bf6d9b050fc511
lsf,ef16ab4071eaedbe0b3acd3ca4c446e35e364063,Hila Manalai,,Hila Manalai,2020-06-15T17:25:20Z,fixing merge conflicts,https://github.com/BCStudentSoftwareDevTeam/lsf/commit/ef16ab4071eaedbe0b3acd3ca4c446e35e364063
lsf,d1f2f73799e942b50e809da5aeb486fac79a4d7e,GuillermoCruz32,User,GuillermoCruz32,2020-06-15T17:02:18Z,Starting fixing classes and css,https://github.com/BCStudentSoftwareDevTeam/lsf/commit/d1f2f73799e942b50e809da5aeb486fac79a4d7e
lsf,abfded5647d994c53aeb2097ccf4122fac1ac543,Bekzodjon Rakhimov,,BrianRamsay,2020-06-15T16:50:13Z,"Merged in issue168 (pull request #128)

ModifyLSF: Contract hours and Weekly hours

Approved-by: Brian Ramsay",https://github.com/BCStudentSoftwareDevTeam/lsf/commit/abfded5647d994c53aeb2097ccf4122fac1ac543
lsf,e4d78ca01e6511b77e921c3330c8a30f73914407,Hila Manalai,,BrianRamsay,2020-06-15T16:43:58Z,"Merged in issue169 (pull request #129)

Refactor History Modal Button States

Approved-by: Brian Ramsay",https://github.com/BCStudentSoftwareDevTeam/lsf/commit/e4d78ca01e6511b77e921c3330c8a30f73914407
lsf,d6b994ab0710d69616a13c1caa625a4f444fa8eb,romano-w,User,romano-w,2020-06-15T16:34:35Z,Completed base fixed sidebar and added styling,https://github.com/BCStudentSoftwareDevTeam/lsf/commit/d6b994ab0710d69616a13c1caa625a4f444fa8eb
lsf,3161871c12cd668851571cc65732a8ed2f97a746,GuillermoCruz32,User,GuillermoCruz32,2020-06-15T16:24:20Z,Merge branch 'issue167' of https://bitbucket.org/laborstudents/lsf-flask into issue167,https://github.com/BCStudentSoftwareDevTeam/lsf/commit/3161871c12cd668851571cc65732a8ed2f97a746
lsf,42ae74626855fcc1f9368eb470f2186d7bc11861,Bekzodjon Rakhimov,,Bekzodjon Rakhimov,2020-06-15T16:01:50Z,working on margins in the modal,https://github.com/BCStudentSoftwareDevTeam/lsf/commit/42ae74626855fcc1f9368eb470f2186d7bc11861
lsf,cde0bf4b2bf94afb4d26ed9bd80869148b084606,bryantal,User,bryantal,2020-06-15T15:46:41Z,fixing merge conflicts,https://github.com/BCStudentSoftwareDevTeam/lsf/commit/cde0bf4b2bf94afb4d26ed9bd80869148b084606
lsf,a1a9039a0e77cf761ee344da5160a7c8927a1d57,bryantal,User,bryantal,2020-06-15T15:44:36Z,Made the sidebar stay in place,https://github.com/BCStudentSoftwareDevTeam/lsf/commit/a1a9039a0e77cf761ee344da5160a7c8927a1d57
lsf,78c9a98fc138d2d219cdf99134c6e1fa0b1d7547,romano-w,User,romano-w,2020-06-15T15:42:55Z,More experimenting with sidebar,https://github.com/BCStudentSoftwareDevTeam/lsf/commit/78c9a98fc138d2d219cdf99134c6e1fa0b1d7547
lsf,d23c0a2436c35220eb4e2fe148e4390890f1fe73,Hila Manalai,,Hila Manalai,2020-06-15T15:39:09Z,removed hard coded cfg user and added the logged in user,https://github.com/BCStudentSoftwareDevTeam/lsf/commit/d23c0a2436c35220eb4e2fe148e4390890f1fe73
lsf,dd418670a74b4d451027ec193efbfc6871233b1f,Hila Manalai,,Hila Manalai,2020-06-15T14:21:45Z,capitalized class name and remove comments,https://github.com/BCStudentSoftwareDevTeam/lsf/commit/dd418670a74b4d451027ec193efbfc6871233b1f
lsf,24edf233a2c23ae21973b8ab3fe5df74ae7d042c,Hila Manalai,,Hila Manalai,2020-06-15T12:35:14Z,removed print statements,https://github.com/BCStudentSoftwareDevTeam/lsf/commit/24edf233a2c23ae21973b8ab3fe5df74ae7d042c
lsf,84b2879e38a1cae542b2e59d954e8972b3325a5a,GuillermoCruz32,User,GuillermoCruz32,2020-06-12T21:20:54Z,Fixed the issue with overload forms not creating status forms,https://github.com/BCStudentSoftwareDevTeam/lsf/commit/84b2879e38a1cae542b2e59d954e8972b3325a5a
lsf,9cfe51bd4f87ab6fcdf10bdf2c357f24d9becc34,Sreynit Khatt,,Sreynit Khatt,2020-06-12T21:08:13Z,continued working on issue 112,https://github.com/BCStudentSoftwareDevTeam/lsf/commit/9cfe51bd4f87ab6fcdf10bdf2c357f24d9becc34
lsf,a08e272b4528a258f621e027126770b03dcf19f2,Hila Manalai,,Hila Manalai,2020-06-12T21:07:47Z,added button status class and implemented it in both python and html files,https://github.com/BCStudentSoftwareDevTeam/lsf/commit/a08e272b4528a258f621e027126770b03dcf19f2
lsf,f3156a90a7ae6422d2a081617e1151d0c3017e41,Bekzodjon Rakhimov,,Bekzodjon Rakhimov,2020-06-12T20:17:44Z,Merge branch 'development' into issue167,https://github.com/BCStudentSoftwareDevTeam/lsf/commit/f3156a90a7ae6422d2a081617e1151d0c3017e41
lsf,0584daa65437d343f7b0616020ea7000ae10cfc8,Bekzodjon Rakhimov,,Bekzodjon Rakhimov,2020-06-12T20:15:27Z,changed the style of labor history,https://github.com/BCStudentSoftwareDevTeam/lsf/commit/0584daa65437d343f7b0616020ea7000ae10cfc8
lsf,71a6a511ac932ef13745cd222e037b1fbf895fbd,romano-w,User,romano-w,2020-06-12T19:59:45Z,Style changes to sidebar and small JS functionality,https://github.com/BCStudentSoftwareDevTeam/lsf/commit/71a6a511ac932ef13745cd222e037b1fbf895fbd
lsf,b5d07d2a1c19a67d2149c56777607ed5d4d2655b,Hila Manalai,,Hila Manalai,2020-06-12T19:37:01Z,changed button status to enum class,https://github.com/BCStudentSoftwareDevTeam/lsf/commit/b5d07d2a1c19a67d2149c56777607ed5d4d2655b
lsf,b07fc2522254ef2765753fef647b2cebf0e93ecd,GuillermoCruz32,User,GuillermoCruz32,2020-06-12T19:14:51Z,Merge branch 'development' into issue167,https://github.com/BCStudentSoftwareDevTeam/lsf/commit/b07fc2522254ef2765753fef647b2cebf0e93ecd
lsf,c7dc37efd12f4cd388a3412cc5ff917954e8daa5,GuillermoCruz32,User,GuillermoCruz32,2020-06-12T19:13:53Z,Fixed the styling on the history modals,https://github.com/BCStudentSoftwareDevTeam/lsf/commit/c7dc37efd12f4cd388a3412cc5ff917954e8daa5
lsf,1777287ac014058a2d68c89b4e45d5538e00a906,Hila Manalai,,Hila Manalai,2020-06-12T17:51:33Z,changed placement to right,https://github.com/BCStudentSoftwareDevTeam/lsf/commit/1777287ac014058a2d68c89b4e45d5538e00a906
lsf,4c73e985bb053b332bc9011cc1dafca970cbd70b,romano-w,User,romano-w,2020-06-12T17:29:30Z,copied files from issue152 branch,https://github.com/BCStudentSoftwareDevTeam/lsf/commit/4c73e985bb053b332bc9011cc1dafca970cbd70b
lsf,967422d0312446c225f1f7684b9ea30d7e1ba3b6,Hila Manalai,,Hila Manalai,2020-06-12T16:09:27Z,added aria labels,https://github.com/BCStudentSoftwareDevTeam/lsf/commit/967422d0312446c225f1f7684b9ea30d7e1ba3b6
lsf,51b1dd53717d478cec0b45c4b7fe2b0d9e6519a4,Bekzodjon Rakhimov,,Bekzodjon Rakhimov,2020-06-12T15:13:36Z,fixed merge conflict,https://github.com/BCStudentSoftwareDevTeam/lsf/commit/51b1dd53717d478cec0b45c4b7fe2b0d9e6519a4
lsf,ab67438dab10295c34c38e47bee484fea9778217,romano-w,User,BrianRamsay,2020-06-12T15:02:38Z,"Merged in issue166 (pull request #127)

Issue166

Approved-by: Brian Ramsay",https://github.com/BCStudentSoftwareDevTeam/lsf/commit/ab67438dab10295c34c38e47bee484fea9778217
lsf,7d28156268889d76e64d0c47f4caa89c738a9190,Bekzodjon Rakhimov,,Bekzodjon Rakhimov,2020-06-12T14:48:18Z,changed the username,https://github.com/BCStudentSoftwareDevTeam/lsf/commit/7d28156268889d76e64d0c47f4caa89c738a9190
lsf,4f269f52bb1d8896450a591cc1cbdf718e83144e,romano-w,User,romano-w,2020-06-12T14:42:19Z,"Merge branch 'development' into issue166

Merging changes before creating a pull request.",https://github.com/BCStudentSoftwareDevTeam/lsf/commit/4f269f52bb1d8896450a591cc1cbdf718e83144e
lsf,be623809dda4747ed437e1b51de41809b15bff81,romano-w,User,romano-w,2020-06-12T14:41:37Z,Minor change to laborStatusForm.html to resolve small merge conflict,https://github.com/BCStudentSoftwareDevTeam/lsf/commit/be623809dda4747ed437e1b51de41809b15bff81
lsf,18062802047b8d6a6a3a3b95a492db62180a4c18,romano-w,User,romano-w,2020-06-12T14:40:01Z,Resolved again,https://github.com/BCStudentSoftwareDevTeam/lsf/commit/18062802047b8d6a6a3a3b95a492db62180a4c18
lsf,4fbb8ca0d9490a24c21e432f167e566125b9ca8f,romano-w,User,romano-w,2020-06-12T14:36:48Z,Resolved merge conflict,https://github.com/BCStudentSoftwareDevTeam/lsf/commit/4fbb8ca0d9490a24c21e432f167e566125b9ca8f
lsf,c2a77642da11e9b20600372519fe5b1c4d67abeb,Bekzodjon Rakhimov,,Bekzodjon Rakhimov,2020-06-11T21:30:22Z,fixed modifylsf and supervisor in labor history modal,https://github.com/BCStudentSoftwareDevTeam/lsf/commit/c2a77642da11e9b20600372519fe5b1c4d67abeb
lsf,838cac61b05a73a9fe38126fd7ee61f256de2f37,Sreynit Khatt,,Sreynit Khatt,2020-06-11T21:02:17Z,changing the way to check whether a term is a break term,https://github.com/BCStudentSoftwareDevTeam/lsf/commit/838cac61b05a73a9fe38126fd7ee61f256de2f37
lsf,4b4549e1a1f16458288ae59c656330313c2ef2f5,None,,None,2020-06-11T20:53:21Z,fixed modals work,https://github.com/BCStudentSoftwareDevTeam/lsf/commit/4b4549e1a1f16458288ae59c656330313c2ef2f5
lsf,fb274c0c0c28d68d40f9c098a0d30f4bf5bd8f74,None,,None,2020-06-11T19:56:56Z,Merge branch 'development' into issue142roles,https://github.com/BCStudentSoftwareDevTeam/lsf/commit/fb274c0c0c28d68d40f9c098a0d30f4bf5bd8f74
lsf,6157c3a8e678f8b67148e6e0ee347dbcb04502c0,None,,None,2020-06-11T19:52:41Z,Added roles to the necessary tags and fixed all the <b> tags to be <strong> tags.,https://github.com/BCStudentSoftwareDevTeam/lsf/commit/6157c3a8e678f8b67148e6e0ee347dbcb04502c0
lsf,13bd3a714e262e836e05bd974f1f34cd8a1cc174,GuillermoCruz32,User,GuillermoCruz32,2020-06-11T19:44:07Z,Merge branch 'development' into issue167,https://github.com/BCStudentSoftwareDevTeam/lsf/commit/13bd3a714e262e836e05bd974f1f34cd8a1cc174
lsf,2f39968fc54652f8dea3392fee54c76ac564f7af,GuillermoCruz32,User,GuillermoCruz32,2020-06-11T19:43:16Z,"Fixed labor history modals, admin modals, and the status update in all pending forms",https://github.com/BCStudentSoftwareDevTeam/lsf/commit/2f39968fc54652f8dea3392fee54c76ac564f7af
lsf,7744a38f699597bcfcd7d2505706f9db7ff7ef43,audreymcraft,User,BrianRamsay,2020-06-11T19:28:10Z,"Merged in issue143 (pull request #123)

Adding Keyboard Accessibility

Approved-by: Brian Ramsay",https://github.com/BCStudentSoftwareDevTeam/lsf/commit/7744a38f699597bcfcd7d2505706f9db7ff7ef43
lsf,71edad1cc5eab7941c499443307ece380db2b18a,GuillermoCruz32,User,GuillermoCruz32,2020-06-11T16:59:25Z,"Fixed the order of the forms, added text to alert user",https://github.com/BCStudentSoftwareDevTeam/lsf/commit/71edad1cc5eab7941c499443307ece380db2b18a
lsf,3c1663441cdee7b8539f5289895bd84a84c17eec,romano-w,User,romano-w,2020-06-11T16:25:43Z,Added helper class to pendingOverloadModal.html,https://github.com/BCStudentSoftwareDevTeam/lsf/commit/3c1663441cdee7b8539f5289895bd84a84c17eec
lsf,8f9a892a8da09983b5fb97412bc79441d5b21693,Bekzodjon Rakhimov,,Bekzodjon Rakhimov,2020-06-11T16:01:50Z,changed icon sizes in the modal,https://github.com/BCStudentSoftwareDevTeam/lsf/commit/8f9a892a8da09983b5fb97412bc79441d5b21693
lsf,407e443bf13a8b3551c33ff09246c8e4c0a7f320,romano-w,User,romano-w,2020-06-11T14:53:11Z,Began work on required form validation html,https://github.com/BCStudentSoftwareDevTeam/lsf/commit/407e443bf13a8b3551c33ff09246c8e4c0a7f320
lsf,32b16209c53ff3f0821c21af8d020c94e1fc08a9,romano-w,User,romano-w,2020-06-11T14:33:32Z,Merge branch 'issue166' of https://bitbucket.org/laborstudents/lsf-flask into issue166,https://github.com/BCStudentSoftwareDevTeam/lsf/commit/32b16209c53ff3f0821c21af8d020c94e1fc08a9
lsf,eba4b3da7b3ce11e0691aff3d440702862d2f87e,romano-w,User,romano-w,2020-06-11T14:33:02Z,Added spaces before asterisks and moved tooltip.css link to base.html,https://github.com/BCStudentSoftwareDevTeam/lsf/commit/eba4b3da7b3ce11e0691aff3d440702862d2f87e
lsf,60f3040bb63f7dee11113b698ccb8f28a918e040,bryantal,User,bryantal,2020-06-11T14:32:18Z,Added a space before the asterisk and removed tooltip.css inclusion in the stylesheets.,https://github.com/BCStudentSoftwareDevTeam/lsf/commit/60f3040bb63f7dee11113b698ccb8f28a918e040
lsf,3934125e1c6b1e7a6c30cbe1bf30509e778eb5e2,None,,None,2020-06-11T14:32:01Z,Merge branch 'development' into issue142roles,https://github.com/BCStudentSoftwareDevTeam/lsf/commit/3934125e1c6b1e7a6c30cbe1bf30509e778eb5e2
lsf,664507f2f480cf0fd0fba0469ea56add86394757,Bekzodjon Rakhimov,,BrianRamsay,2020-06-11T13:10:55Z,"Merged in issue163 (pull request #125)

Labor history modal buttons

Approved-by: Brian Ramsay",https://github.com/BCStudentSoftwareDevTeam/lsf/commit/664507f2f480cf0fd0fba0469ea56add86394757
lsf,13419be85fa8c7874cbd6c3096b72a5d4ea91fc3,None,,None,2020-06-11T13:00:16Z,Adding roles to the html files.,https://github.com/BCStudentSoftwareDevTeam/lsf/commit/13419be85fa8c7874cbd6c3096b72a5d4ea91fc3
lsf,d319e76f15e2dd9718579644ea5141e173db68f3,None,,None,2020-06-10T21:27:56Z,Fixing merge conflicts.,https://github.com/BCStudentSoftwareDevTeam/lsf/commit/d319e76f15e2dd9718579644ea5141e173db68f3
lsf,0fbcc60f9cb197a68784eed3e34d0c995e007e25,Sreynit Khatt,,Sreynit Khatt,2020-06-10T21:16:48Z,added isBreak field to term model,https://github.com/BCStudentSoftwareDevTeam/lsf/commit/0fbcc60f9cb197a68784eed3e34d0c995e007e25
lsf,6cf86be467f2a07e88d52a195f7ecc5c31e59bad,Hila Manalai,,Hila Manalai,2020-06-10T20:47:20Z,added role alert,https://github.com/BCStudentSoftwareDevTeam/lsf/commit/6cf86be467f2a07e88d52a195f7ecc5c31e59bad
lsf,7e61af89daba37ce9895a486d292481314c4fae5,romano-w,User,BrianRamsay,2020-06-10T20:37:31Z,"Merged in issue154 (pull request #119)

Issue154

Approved-by: Brian Ramsay",https://github.com/BCStudentSoftwareDevTeam/lsf/commit/7e61af89daba37ce9895a486d292481314c4fae5
lsf,a8edbbefa1d5495a7f22b655e488401a7e5636f5,Luis Riera,,BrianRamsay,2020-06-10T20:35:49Z,"Merged in issue160 (pull request #124)

Fixed Issue #160

Approved-by: Brian Ramsay",https://github.com/BCStudentSoftwareDevTeam/lsf/commit/a8edbbefa1d5495a7f22b655e488401a7e5636f5
lsf,0cf84ae8fc16d891cf01a12566045f216642aa00,Bekzodjon Rakhimov,,BrianRamsay,2020-06-10T20:34:42Z,"Merged in issue158 (pull request #121)

Moved Modals into the snips folder

Approved-by: Brian Ramsay",https://github.com/BCStudentSoftwareDevTeam/lsf/commit/0cf84ae8fc16d891cf01a12566045f216642aa00
lsf,64ec2412e5a3cf0a373364aa47d9aae2e781889c,Luis Riera,,Luis Riera,2020-06-10T20:18:33Z,Changed the size of the buttons so it stays consistent and brought back the import statement,https://github.com/BCStudentSoftwareDevTeam/lsf/commit/64ec2412e5a3cf0a373364aa47d9aae2e781889c
lsf,6a036bdb6c27694c6325f97ed7aa3dabad619a34,Bekzodjon Rakhimov,,Bekzodjon Rakhimov,2020-06-10T20:17:18Z,Merge branch 'development' into issue163,https://github.com/BCStudentSoftwareDevTeam/lsf/commit/6a036bdb6c27694c6325f97ed7aa3dabad619a34
lsf,1832f07a92e90ec67ee70ac3cae2f96a88d1ef80,Bekzodjon Rakhimov,,Bekzodjon Rakhimov,2020-06-10T20:11:14Z,added message in the history modal where there are no buttons,https://github.com/BCStudentSoftwareDevTeam/lsf/commit/1832f07a92e90ec67ee70ac3cae2f96a88d1ef80
lsf,26c9b0bc706a238a40191f0c43b5fc757ec511e8,None,,None,2020-06-10T20:10:08Z,Fixed merge conflicts.,https://github.com/BCStudentSoftwareDevTeam/lsf/commit/26c9b0bc706a238a40191f0c43b5fc757ec511e8
lsf,d1a0bbc0649d0dc298a2b0ec587bde3de50a38b7,None,,None,2020-06-10T20:01:56Z,Fixed merging conflicts.,https://github.com/BCStudentSoftwareDevTeam/lsf/commit/d1a0bbc0649d0dc298a2b0ec587bde3de50a38b7
lsf,1b50ca8d294760f061961a96db1a29a8d8d6dc7a,bryantal,User,bryantal,2020-06-10T19:52:05Z,removed space,https://github.com/BCStudentSoftwareDevTeam/lsf/commit/1b50ca8d294760f061961a96db1a29a8d8d6dc7a
lsf,40b1a3c21d73c3c56a80f5004224bede2cfa591c,bryantal,User,bryantal,2020-06-10T19:48:51Z,removed useless comment,https://github.com/BCStudentSoftwareDevTeam/lsf/commit/40b1a3c21d73c3c56a80f5004224bede2cfa591c
lsf,2c0a8ae7f582dd7c79a95447f75321641ac185ce,mupotsal,User,BrianRamsay,2020-06-10T19:27:01Z,"Merged in issue161 (pull request #122)

ISSUE161 Deleted an import statement that imported a non-existent file.

Approved-by: Brian Ramsay",https://github.com/BCStudentSoftwareDevTeam/lsf/commit/2c0a8ae7f582dd7c79a95447f75321641ac185ce
lsf,7a8781c83177c1a8c21bc4e7b297631e47035684,mupotsal,User,BrianRamsay,2020-06-10T19:26:34Z,"Merged in issue141 (pull request #118)

Fixed issue 141

Approved-by: Brian Ramsay",https://github.com/BCStudentSoftwareDevTeam/lsf/commit/7a8781c83177c1a8c21bc4e7b297631e47035684
lsf,00bcd00bb490efa52a2fbea84d2e6190a79cb629,romano-w,User,romano-w,2020-06-10T19:12:53Z,Changes to student overload app (formatting and require),https://github.com/BCStudentSoftwareDevTeam/lsf/commit/00bcd00bb490efa52a2fbea84d2e6190a79cb629
lsf,f4aa942a1508273105cfb3f0a7381c710eb57b45,Hila Manalai,,Hila Manalai,2020-06-10T19:00:20Z,Merge branch 'development' of https://bitbucket.org/laborstudents/lsf-flask into issue142,https://github.com/BCStudentSoftwareDevTeam/lsf/commit/f4aa942a1508273105cfb3f0a7381c710eb57b45
lsf,357b3c4028ad8cdbef9b7673151dd4dbe2fe9f2e,Guillermo Cruz,,BrianRamsay,2020-06-10T18:41:12Z,"Merged in issue157 (pull request #117)

All Pending Forms: Release Modal

Approved-by: Brian Ramsay",https://github.com/BCStudentSoftwareDevTeam/lsf/commit/357b3c4028ad8cdbef9b7673151dd4dbe2fe9f2e
lsf,6c4e5b78c0f645b68f98d7461decd1910cfc674a,Hila Manalai,,Hila Manalai,2020-06-10T18:38:00Z,replaced the h3 tags with span tags,https://github.com/BCStudentSoftwareDevTeam/lsf/commit/6c4e5b78c0f645b68f98d7461decd1910cfc674a
lsf,7a5df83b49bcc0fb115710a36daeea0139f045e5,GuillermoCruz32,User,GuillermoCruz32,2020-06-10T18:16:08Z,Added text to clarify data for users,https://github.com/BCStudentSoftwareDevTeam/lsf/commit/7a5df83b49bcc0fb115710a36daeea0139f045e5
lsf,5a10a151680c05022479867a978934965d15e5b4,romano-w,User,romano-w,2020-06-10T16:46:58Z,Added required code to adjustLSF and studentOverloadApp,https://github.com/BCStudentSoftwareDevTeam/lsf/commit/5a10a151680c05022479867a978934965d15e5b4
lsf,5bbc078a110dff8752c7734e95da998cc175c75b,romano-w,User,romano-w,2020-06-10T16:16:16Z,Added required form asterisks to modifyLSF page. Removed colons from labels,https://github.com/BCStudentSoftwareDevTeam/lsf/commit/5bbc078a110dff8752c7734e95da998cc175c75b
lsf,dbcd0dfa4fd9eaf1e528306afd27c41a65cd7cee,romano-w,User,romano-w,2020-06-10T16:02:37Z,"Merge branch 'development' into issue154

Merging branch with development to resolve any conflicts before
finalizing the changes and re-opening the pull request.",https://github.com/BCStudentSoftwareDevTeam/lsf/commit/dbcd0dfa4fd9eaf1e528306afd27c41a65cd7cee
lsf,a209e0a7b4ebb1e8cbe111318ec4c4706fdb22ba,None,,None,2020-06-10T15:59:33Z,Fixed two accessibility tabbing/enter issues on the admin overload forms page under the actions options,https://github.com/BCStudentSoftwareDevTeam/lsf/commit/a209e0a7b4ebb1e8cbe111318ec4c4706fdb22ba
lsf,c70cbbdfbf797f19f2fc5034a80ca1d99d2c1849,romano-w,User,romano-w,2020-06-10T15:59:10Z,Fixed layout of * required message on forms and adjusted hover functionality to work for whole label,https://github.com/BCStudentSoftwareDevTeam/lsf/commit/c70cbbdfbf797f19f2fc5034a80ca1d99d2c1849
lsf,f1bcb0fbea47278c7b5810ad66ce5484c33135b2,GuillermoCruz32,User,GuillermoCruz32,2020-06-10T15:46:10Z,Fixed merge conflicts,https://github.com/BCStudentSoftwareDevTeam/lsf/commit/f1bcb0fbea47278c7b5810ad66ce5484c33135b2
lsf,76c4026adb886243c064ebaf5fc371a71fbbe9ba,GuillermoCruz32,User,GuillermoCruz32,2020-06-10T15:37:02Z,"Fixed the merge conflicts, and now all code is present",https://github.com/BCStudentSoftwareDevTeam/lsf/commit/76c4026adb886243c064ebaf5fc371a71fbbe9ba
lsf,828dc0c7e5c9edf3f4ee3c7d82eceb8a8928bcdb,None,,None,2020-06-10T14:57:24Z,Fixed a typo in the laborstatusforms.js and a styling feature,https://github.com/BCStudentSoftwareDevTeam/lsf/commit/828dc0c7e5c9edf3f4ee3c7d82eceb8a8928bcdb
lsf,873607c84d1dff0a4d495371451c11e1504165ac,romano-w,User,romano-w,2020-06-10T14:55:38Z,Removed db files,https://github.com/BCStudentSoftwareDevTeam/lsf/commit/873607c84d1dff0a4d495371451c11e1504165ac
lsf,97620dabeeacf8c5109683830172d215faf30504,None,,None,2020-06-10T14:55:00Z,Added href to the notes and remove icons on the Labor Status Form review section,https://github.com/BCStudentSoftwareDevTeam/lsf/commit/97620dabeeacf8c5109683830172d215faf30504
lsf,e0829b528bf515676777713595c4e53bb30a712a,None,,None,2020-06-10T14:10:28Z,finished moving models to snips and fixed styling of the models,https://github.com/BCStudentSoftwareDevTeam/lsf/commit/e0829b528bf515676777713595c4e53bb30a712a
lsf,e6f8661aa3532abf8b39f208479227f7f0caaf20,Luis Riera,,Luis Riera,2020-06-10T14:06:55Z,Deleted unwanted CSS.,https://github.com/BCStudentSoftwareDevTeam/lsf/commit/e6f8661aa3532abf8b39f208479227f7f0caaf20
lsf,2d7316c57affc887f29112568a825b0f9cf78838,None,,None,2020-06-10T12:32:26Z,Merge branch 'development' into issue143,https://github.com/BCStudentSoftwareDevTeam/lsf/commit/2d7316c57affc887f29112568a825b0f9cf78838
lsf,f8a65e49ad5f8bd23b2d198793158918a7a8db32,Guillermo Cruz,,BrianRamsay,2020-06-10T12:29:12Z,"Merged in issue47fix (pull request #110)

Labor History: URL

Approved-by: Brian Ramsay",https://github.com/BCStudentSoftwareDevTeam/lsf/commit/f8a65e49ad5f8bd23b2d198793158918a7a8db32
lsf,504995fac4518a828f214fe27dcb5be38e356357,Bekzodjon Rakhimov,,BrianRamsay,2020-06-10T12:24:32Z,"Merged in issue149 (pull request #116)

Accessibility: Skip-to-content button

Approved-by: Brian Ramsay",https://github.com/BCStudentSoftwareDevTeam/lsf/commit/504995fac4518a828f214fe27dcb5be38e356357
lsf,8f68934d90451e0777f30d6f4fdff4b2cf81b720,None,,None,2020-06-09T21:18:51Z,moved modals into the separate files,https://github.com/BCStudentSoftwareDevTeam/lsf/commit/8f68934d90451e0777f30d6f4fdff4b2cf81b720
lsf,1aeb944c04a1ecce9c2462cd221f27e10033e96b,romano-w,User,romano-w,2020-06-09T21:01:35Z,Removed last test and tidying up,https://github.com/BCStudentSoftwareDevTeam/lsf/commit/1aeb944c04a1ecce9c2462cd221f27e10033e96b
lsf,377760618d8a7b38ed8ec19ce08a91f40db69ace,Will Romano,,Will Romano,2020-06-09T20:58:48Z,Testing required message,https://github.com/BCStudentSoftwareDevTeam/lsf/commit/377760618d8a7b38ed8ec19ce08a91f40db69ace
lsf,c1b662b05c12796023afba90c1ff652cfb3ab22d,Luis Riera,,Luis Riera,2020-06-09T20:58:08Z,Deleted an import file that imported a non-existent file.,https://github.com/BCStudentSoftwareDevTeam/lsf/commit/c1b662b05c12796023afba90c1ff652cfb3ab22d
lsf,5411f3df86d1d9783216be1d4dec89635f780d0f,None,,None,2020-06-09T20:44:45Z,Moved tooltip CSS to tooltip.css for reusability and added required asterisks to the emailTemplates page,https://github.com/BCStudentSoftwareDevTeam/lsf/commit/5411f3df86d1d9783216be1d4dec89635f780d0f
lsf,ef250a55d4b79afbb7a31ba9cf998f03e2912232,GuillermoCruz32,User,GuillermoCruz32,2020-06-09T20:08:40Z,Fixed merge conflicts,https://github.com/BCStudentSoftwareDevTeam/lsf/commit/ef250a55d4b79afbb7a31ba9cf998f03e2912232
lsf,025d64ceff8095905891c2a879782f4e1c1010fd,GuillermoCruz32,User,GuillermoCruz32,2020-06-09T20:05:14Z,Fixed function not raising error corectly,https://github.com/BCStudentSoftwareDevTeam/lsf/commit/025d64ceff8095905891c2a879782f4e1c1010fd
lsf,7aed89380a1dfd7a1cfd38686f14ce8efd2edb39,None,,None,2020-06-09T19:57:20Z,"Styling and animations completed for current interation, will make adjustments as necessary",https://github.com/BCStudentSoftwareDevTeam/lsf/commit/7aed89380a1dfd7a1cfd38686f14ce8efd2edb39
lsf,2614effef9e57ba8691b9cdc546a446bafe2b435,None,,None,2020-06-09T19:16:37Z,"Fixed styling, nearing completion",https://github.com/BCStudentSoftwareDevTeam/lsf/commit/2614effef9e57ba8691b9cdc546a446bafe2b435
lsf,01b675f3de6f77c53dd56dcce0dddb93d9b65dc2,GuillermoCruz32,User,GuillermoCruz32,2020-06-09T19:13:41Z,Fixed merge issues,https://github.com/BCStudentSoftwareDevTeam/lsf/commit/01b675f3de6f77c53dd56dcce0dddb93d9b65dc2
lsf,6a00eb466a8e004de5b3ef8a952130278d983a38,None,,None,2020-06-09T18:42:37Z,Fixed tooltip display on hover,https://github.com/BCStudentSoftwareDevTeam/lsf/commit/6a00eb466a8e004de5b3ef8a952130278d983a38
lsf,3e149685a779653154e528d28f3107f1d811ccd3,Luis Riera,,Luis Riera,2020-06-09T17:48:56Z,Made the glyphicons in the LSF Table accessible.,https://github.com/BCStudentSoftwareDevTeam/lsf/commit/3e149685a779653154e528d28f3107f1d811ccd3
lsf,99e17eec8da4b730ad517ecee18ef20a29ebcbae,GuillermoCruz32,User,GuillermoCruz32,2020-06-09T17:32:52Z,"Revert ""Revert ""Merged in issue157 (pull request #105)""""

This reverts commit dd1847a30da98f61ef37251029eca7b96f50b836.",https://github.com/BCStudentSoftwareDevTeam/lsf/commit/99e17eec8da4b730ad517ecee18ef20a29ebcbae
lsf,11220f146abb644787303c69166ea826197c1a23,None,,None,2020-06-09T16:02:41Z,Fixed the import issue in adminManagement.html,https://github.com/BCStudentSoftwareDevTeam/lsf/commit/11220f146abb644787303c69166ea826197c1a23
lsf,cb7610c079fd187b292341b45850b348447ed704,Hila Manalai,,Hila Manalai,2020-06-09T15:53:22Z,added tabindex to icons to make them accessible by keyboard,https://github.com/BCStudentSoftwareDevTeam/lsf/commit/cb7610c079fd187b292341b45850b348447ed704
lsf,190e028fda95bb9178cd258547180f2dde20a9f1,None,,None,2020-06-09T15:30:29Z,finished adding skip-content button to all pages,https://github.com/BCStudentSoftwareDevTeam/lsf/commit/190e028fda95bb9178cd258547180f2dde20a9f1
lsf,06a6dc8ea3a5407f6df3f2740530fe3f7047e7a5,Hila Manalai,,Hila Manalai,2020-06-09T14:56:30Z,fixed the first bullet point,https://github.com/BCStudentSoftwareDevTeam/lsf/commit/06a6dc8ea3a5407f6df3f2740530fe3f7047e7a5
lsf,84d7106329b73319bc56e2ed7e32a8160598f59c,bryantal,User,bryantal,2020-06-09T13:42:02Z,Merge branch 'issue154' of https://bitbucket.org/laborstudents/lsf-flask into issue154,https://github.com/BCStudentSoftwareDevTeam/lsf/commit/84d7106329b73319bc56e2ed7e32a8160598f59c
lsf,f9921f8c732637433c9b0f8bcbc91135b5d3ee15,bryantal,User,bryantal,2020-06-09T13:40:50Z,testing,https://github.com/BCStudentSoftwareDevTeam/lsf/commit/f9921f8c732637433c9b0f8bcbc91135b5d3ee15
lsf,8ecb2b9f85ebbf4527e3431878faa5037d7c7717,Hila Manalai,,BrianRamsay,2020-06-09T11:55:36Z,"Merged in issue159 (pull request #115)

Tables in Labor Overload Modal in All Pending Forms Page Grows Exponentially

Approved-by: Brian Ramsay",https://github.com/BCStudentSoftwareDevTeam/lsf/commit/8ecb2b9f85ebbf4527e3431878faa5037d7c7717
lsf,330c35e5f5d65c003a65cca0d30040d4a840f9e8,Hila Manalai,,BrianRamsay,2020-06-09T11:54:58Z,"Merged in issue148 (pull request #114)

Accessibility (Medium) - Keyboard Traps for Modals

Approved-by: Brian Ramsay",https://github.com/BCStudentSoftwareDevTeam/lsf/commit/330c35e5f5d65c003a65cca0d30040d4a840f9e8
lsf,2114e4f04b9be4db20af603d596ce70ae5d4806d,Guillermo Cruz,,BrianRamsay,2020-06-09T11:53:49Z,"Merged in issue157 (pull request #105)

Pending Forms: Release Forms Modal

Approved-by: Brian Ramsay",https://github.com/BCStudentSoftwareDevTeam/lsf/commit/2114e4f04b9be4db20af603d596ce70ae5d4806d
lsf,0e3f94afaf30c35650a293de24846634fb8023c0,None,,None,2020-06-08T22:12:55Z,added skip-to-content button to some html files,https://github.com/BCStudentSoftwareDevTeam/lsf/commit/0e3f94afaf30c35650a293de24846634fb8023c0
lsf,bf44a9edd301080551d8d4628de2320d7cfe0d13,romano-w,User,romano-w,2020-06-08T22:02:09Z,Reverting to pretest state,https://github.com/BCStudentSoftwareDevTeam/lsf/commit/bf44a9edd301080551d8d4628de2320d7cfe0d13
lsf,91946c80d97aeab7836a18a44d66c7a3d471f21f,Hila Manalai,,Hila Manalai,2020-06-08T20:17:21Z,fixed the issue with pending overload modal multiplying,https://github.com/BCStudentSoftwareDevTeam/lsf/commit/91946c80d97aeab7836a18a44d66c7a3d471f21f
lsf,296fc5bb785f3a5c56f555769c99737fde047e35,Hila Manalai,,Hila Manalai,2020-06-08T19:26:06Z,changed tabindex to -1 to stay consistent,https://github.com/BCStudentSoftwareDevTeam/lsf/commit/296fc5bb785f3a5c56f555769c99737fde047e35
lsf,f005762a48e7f3e803393049e81163fe975af705,Hila Manalai,,Hila Manalai,2020-06-08T19:22:41Z,removed commented code,https://github.com/BCStudentSoftwareDevTeam/lsf/commit/f005762a48e7f3e803393049e81163fe975af705
lsf,e5b7d13ae116cba939d6b13bd376f63e0f123ad5,Hila Manalai,,Hila Manalai,2020-06-08T19:21:34Z,added tabindex to focus the models,https://github.com/BCStudentSoftwareDevTeam/lsf/commit/e5b7d13ae116cba939d6b13bd376f63e0f123ad5
lsf,0aa0bafa77184b607e556ffc590b2ed15ff60125,romano-w,User,romano-w,2020-06-08T18:56:02Z,changed class name,https://github.com/BCStudentSoftwareDevTeam/lsf/commit/0aa0bafa77184b607e556ffc590b2ed15ff60125
lsf,37b49f51bf6acbe20bfd03bc0269fd288ce3b292,romano-w,User,romano-w,2020-06-08T18:51:29Z,Added arrow styling,https://github.com/BCStudentSoftwareDevTeam/lsf/commit/37b49f51bf6acbe20bfd03bc0269fd288ce3b292
lsf,5ba201bc92532bdbf62ec90cb4b9494be9c7adef,romano-w,User,romano-w,2020-06-08T18:44:44Z,Reverted to spans,https://github.com/BCStudentSoftwareDevTeam/lsf/commit/5ba201bc92532bdbf62ec90cb4b9494be9c7adef
lsf,6e2c5bd7a7ea8b2ec0d83adb498f6867914a1b88,romano-w,User,romano-w,2020-06-08T18:41:51Z,Tooltip fix,https://github.com/BCStudentSoftwareDevTeam/lsf/commit/6e2c5bd7a7ea8b2ec0d83adb498f6867914a1b88
lsf,125c667d7fff797549ed8495d0cf3c68b332b5e0,romano-w,User,romano-w,2020-06-08T18:39:51Z,Removed float property,https://github.com/BCStudentSoftwareDevTeam/lsf/commit/125c667d7fff797549ed8495d0cf3c68b332b5e0
lsf,80ff210cdc77c357712142176fe3a703a06bd89c,romano-w,User,romano-w,2020-06-08T18:38:46Z,Positioning the div,https://github.com/BCStudentSoftwareDevTeam/lsf/commit/80ff210cdc77c357712142176fe3a703a06bd89c
lsf,473b6032ec6a700ac3ed068a936c4bd7ad7759cb,romano-w,User,romano-w,2020-06-08T18:35:51Z,Changed span to div,https://github.com/BCStudentSoftwareDevTeam/lsf/commit/473b6032ec6a700ac3ed068a936c4bd7ad7759cb
lsf,718adfcbd22de7ffb1af7be1841a902411a726a2,romano-w,User,romano-w,2020-06-08T18:34:42Z,Removed class from tooltip element,https://github.com/BCStudentSoftwareDevTeam/lsf/commit/718adfcbd22de7ffb1af7be1841a902411a726a2
lsf,a7e6b2feafe15963d68092af592f036b494b2ec0,romano-w,User,romano-w,2020-06-08T18:32:42Z,Removed styles for testing,https://github.com/BCStudentSoftwareDevTeam/lsf/commit/a7e6b2feafe15963d68092af592f036b494b2ec0
lsf,2e703f7a6b95663254e3426f07a230a0cea28c47,romano-w,User,romano-w,2020-06-08T18:31:06Z,Removed styles for testing,https://github.com/BCStudentSoftwareDevTeam/lsf/commit/2e703f7a6b95663254e3426f07a230a0cea28c47
lsf,eeed5496b75cf15e774e1cf6241467e6289c74ed,romano-w,User,romano-w,2020-06-08T18:27:30Z,Testing CSS on tooltip more,https://github.com/BCStudentSoftwareDevTeam/lsf/commit/eeed5496b75cf15e774e1cf6241467e6289c74ed
lsf,eac568b38cc39246a10bc21106496d4aa5cc4387,romano-w,User,romano-w,2020-06-08T18:23:44Z,Propogated namechange,https://github.com/BCStudentSoftwareDevTeam/lsf/commit/eac568b38cc39246a10bc21106496d4aa5cc4387
lsf,8421a61dfa5a68c48add05844527ff28892ded51,romano-w,User,romano-w,2020-06-08T18:21:19Z,Renamed tooltip class,https://github.com/BCStudentSoftwareDevTeam/lsf/commit/8421a61dfa5a68c48add05844527ff28892ded51
lsf,ef2456d90395d4a7c44621768ecc9b5235146f60,romano-w,User,romano-w,2020-06-08T18:19:28Z,Tweaked tooltip CSS,https://github.com/BCStudentSoftwareDevTeam/lsf/commit/ef2456d90395d4a7c44621768ecc9b5235146f60
lsf,4260d924746e570496b080044c133c9682ed22ae,romano-w,User,romano-w,2020-06-08T18:17:23Z,Added class back,https://github.com/BCStudentSoftwareDevTeam/lsf/commit/4260d924746e570496b080044c133c9682ed22ae
lsf,50fb268dfc4fc8282dd0cb67ef54f41999de6f57,romano-w,User,romano-w,2020-06-08T18:15:53Z,Removed class for testing purposes,https://github.com/BCStudentSoftwareDevTeam/lsf/commit/50fb268dfc4fc8282dd0cb67ef54f41999de6f57
lsf,e7da3bfcaa24774e872b69ea614bd07f65794330,romano-w,User,romano-w,2020-06-08T18:13:26Z,Removed tooltip for testing,https://github.com/BCStudentSoftwareDevTeam/lsf/commit/e7da3bfcaa24774e872b69ea614bd07f65794330
lsf,b5561bf0b5e7e3621d12bb2fc573603ce35498d8,GuillermoCruz32,User,GuillermoCruz32,2020-06-08T18:12:35Z,Fixed merge conflicts,https://github.com/BCStudentSoftwareDevTeam/lsf/commit/b5561bf0b5e7e3621d12bb2fc573603ce35498d8
lsf,da0ec997912cdd1aa18d63d40bf364bbe4c9456b,romano-w,User,romano-w,2020-06-08T18:10:22Z,Set CSS values to important,https://github.com/BCStudentSoftwareDevTeam/lsf/commit/da0ec997912cdd1aa18d63d40bf364bbe4c9456b
lsf,08092bc04f1d44f0f4d3e655778741a071b901e6,romano-w,User,romano-w,2020-06-08T18:05:09Z,Test tooltip element,https://github.com/BCStudentSoftwareDevTeam/lsf/commit/08092bc04f1d44f0f4d3e655778741a071b901e6
lsf,ee739580db5f4b43d35b4937a3ae1339d829ed98,GuillermoCruz32,User,GuillermoCruz32,2020-06-08T18:03:03Z,Added a return statement,https://github.com/BCStudentSoftwareDevTeam/lsf/commit/ee739580db5f4b43d35b4937a3ae1339d829ed98
lsf,9e8ba63366946b75d35dd1ac7a2cec20d8c4aa42,romano-w,User,romano-w,2020-06-08T17:55:10Z,Isolating from stylesheet,https://github.com/BCStudentSoftwareDevTeam/lsf/commit/9e8ba63366946b75d35dd1ac7a2cec20d8c4aa42
lsf,4d8cd3f4bac41ec41dce03a8f39b4e8d72a5610c,Hila Manalai,,Hila Manalai,2020-06-08T17:47:23Z,Merge branch 'development' into issue148,https://github.com/BCStudentSoftwareDevTeam/lsf/commit/4d8cd3f4bac41ec41dce03a8f39b4e8d72a5610c
lsf,1796b163d4f4ca66349a6234d6c1ea5962e046e3,Hila Manalai,,Hila Manalai,2020-06-08T17:46:09Z,trying,https://github.com/BCStudentSoftwareDevTeam/lsf/commit/1796b163d4f4ca66349a6234d6c1ea5962e046e3
lsf,e3ee3066097b93a77e00ff7a1c251a38a0f86792,romano-w,User,BrianRamsay,2020-06-08T17:39:38Z,"Merged in issue150 (pull request #112)

Fixed Issue #150 (Webpage Titles)

Approved-by: Brian Ramsay",https://github.com/BCStudentSoftwareDevTeam/lsf/commit/e3ee3066097b93a77e00ff7a1c251a38a0f86792
lsf,769e9ac7a24853ddb38023962f1b4a68df8ecea9,Hila Manalai,,BrianRamsay,2020-06-08T17:39:11Z,"Merged in issue151 (pull request #113)

Accessibility (Medium) - Selectpicker Options not being picked up by the screen reader

Approved-by: Brian Ramsay",https://github.com/BCStudentSoftwareDevTeam/lsf/commit/769e9ac7a24853ddb38023962f1b4a68df8ecea9
lsf,1da380a34e2ce2f74ab5e42948f3395202b8eefb,Hila Manalai,,BrianRamsay,2020-06-08T17:38:42Z,"Merged in issue118 (pull request #111)

Approved Button in Pending Forms Not Working Properly

Approved-by: Brian Ramsay",https://github.com/BCStudentSoftwareDevTeam/lsf/commit/1da380a34e2ce2f74ab5e42948f3395202b8eefb
lsf,aa1aefa42d1de1cf4a9283722fc388ed96fddc32,GuillermoCruz32,User,GuillermoCruz32,2020-06-08T16:48:22Z,Fixing merge conflicts,https://github.com/BCStudentSoftwareDevTeam/lsf/commit/aa1aefa42d1de1cf4a9283722fc388ed96fddc32
lsf,b205ba6959c1f2b66de49e536c83b4276eca1c56,romano-w,User,romano-w,2020-06-08T16:25:03Z,Attempting to make hover element visible,https://github.com/BCStudentSoftwareDevTeam/lsf/commit/b205ba6959c1f2b66de49e536c83b4276eca1c56
lsf,2bdc6dbb46492b9861f3d9dbe1a9c746ca50bfb8,romano-w,User,romano-w,2020-06-08T16:22:45Z,Working on HTML tags for tooltip,https://github.com/BCStudentSoftwareDevTeam/lsf/commit/2bdc6dbb46492b9861f3d9dbe1a9c746ca50bfb8
lsf,22179fc4b4e81a3abb047c3347aa24c9f9488568,romano-w,User,romano-w,2020-06-08T16:20:10Z,CSS paramater tweaking,https://github.com/BCStudentSoftwareDevTeam/lsf/commit/22179fc4b4e81a3abb047c3347aa24c9f9488568
lsf,4558a7f026f1262f13012f4329d4ca109252cb20,romano-w,User,romano-w,2020-06-08T16:18:29Z,CSS paramater tweaking,https://github.com/BCStudentSoftwareDevTeam/lsf/commit/4558a7f026f1262f13012f4329d4ca109252cb20
lsf,cebb81c1df5f4f94673b713028f116d0a696f9a1,romano-w,User,romano-w,2020-06-08T16:14:03Z,Fiddling with html to get the tooltip to work,https://github.com/BCStudentSoftwareDevTeam/lsf/commit/cebb81c1df5f4f94673b713028f116d0a696f9a1
lsf,82083de0394d6937f785d40710dba7c366e05310,romano-w,User,romano-w,2020-06-08T16:10:28Z,added tooltip to required asterisk,https://github.com/BCStudentSoftwareDevTeam/lsf/commit/82083de0394d6937f785d40710dba7c366e05310
lsf,251aeae48fbd20ca14fd8e708a9fc01b51198181,romano-w,User,romano-w,2020-06-08T15:55:10Z,Added required message at the bottom of the form,https://github.com/BCStudentSoftwareDevTeam/lsf/commit/251aeae48fbd20ca14fd8e708a9fc01b51198181
lsf,ad96a14c84c0b7f6c92ffd3595b66e311f0746a0,romano-w,User,romano-w,2020-06-08T15:48:06Z,Updated all of the form elements to required,https://github.com/BCStudentSoftwareDevTeam/lsf/commit/ad96a14c84c0b7f6c92ffd3595b66e311f0746a0
lsf,d7fd16ed7ffcb05268e70818833524501941369a,Hila Manalai,,Hila Manalai,2020-06-08T15:46:15Z,fixed the issue with selectpicker option not being read by screen reader,https://github.com/BCStudentSoftwareDevTeam/lsf/commit/d7fd16ed7ffcb05268e70818833524501941369a
lsf,45a34ed9c6b96cdb2a4bee99c70e5ddf946ce8b2,romano-w,User,romano-w,2020-06-08T15:43:37Z,Minor tweak to form element,https://github.com/BCStudentSoftwareDevTeam/lsf/commit/45a34ed9c6b96cdb2a4bee99c70e5ddf946ce8b2
lsf,6c8c42d013fa9bbb309cd5e8b6bc8990123af1e0,romano-w,User,romano-w,2020-06-08T15:41:38Z,Testing asterisk requirement and styling for forms,https://github.com/BCStudentSoftwareDevTeam/lsf/commit/6c8c42d013fa9bbb309cd5e8b6bc8990123af1e0
lsf,7ab89e2fc4114281d84e7cf98b7aa3f0a9975b38,romano-w,User,romano-w,2020-06-08T15:03:21Z,Removed change to adminManagment html file,https://github.com/BCStudentSoftwareDevTeam/lsf/commit/7ab89e2fc4114281d84e7cf98b7aa3f0a9975b38
lsf,30a7abadcfd6c7f5c9c1cb68cf9869ef3ad8c1ad,romano-w,User,romano-w,2020-06-08T15:00:21Z,Wrote changes to the python configuration files instead,https://github.com/BCStudentSoftwareDevTeam/lsf/commit/30a7abadcfd6c7f5c9c1cb68cf9869ef3ad8c1ad
lsf,efa1227534d1786d76a6c9026f1e68aca6f01804,romano-w,User,romano-w,2020-06-08T14:44:37Z,"Fixed titls of termManagment, manageDepartments, and adminManagment pages",https://github.com/BCStudentSoftwareDevTeam/lsf/commit/efa1227534d1786d76a6c9026f1e68aca6f01804
lsf,5197a14bc7e904f0e0b11f7d20651705ccde1a5e,Hila Manalai,,Hila Manalai,2020-06-08T14:40:38Z,removed unneccasy print,https://github.com/BCStudentSoftwareDevTeam/lsf/commit/5197a14bc7e904f0e0b11f7d20651705ccde1a5e
lsf,47d4023450baffe9a88d7150689e90027aa859cc,bryantal,User,bryantal,2020-06-08T14:39:07Z,initializing branch,https://github.com/BCStudentSoftwareDevTeam/lsf/commit/47d4023450baffe9a88d7150689e90027aa859cc
lsf,db6dbdbc84fe5cafaca40e5a9e537e7dfbdc3a98,Hila Manalai,,BrianRamsay,2020-06-08T14:26:20Z,"Merged in issue155new (pull request #107)

Form Adjustment Log shows supervisor ID changes instead of name

Approved-by: Brian Ramsay",https://github.com/BCStudentSoftwareDevTeam/lsf/commit/db6dbdbc84fe5cafaca40e5a9e537e7dfbdc3a98
lsf,944cc5c1bf179af1dea6594ed2791b20466cba87,Hila Manalai,,Hila Manalai,2020-06-08T14:17:14Z,fixing merge conflicts,https://github.com/BCStudentSoftwareDevTeam/lsf/commit/944cc5c1bf179af1dea6594ed2791b20466cba87
lsf,915af3fedc85304c8bfc9ad03d0ca11416d27bc3,Hila Manalai,,Hila Manalai,2020-06-08T14:06:41Z,removing a code that came from other branch,https://github.com/BCStudentSoftwareDevTeam/lsf/commit/915af3fedc85304c8bfc9ad03d0ca11416d27bc3
lsf,f2fd77a1e87bf49fb6990f6513656ae6a5da2a77,Hila Manalai,,Hila Manalai,2020-06-08T14:03:28Z,fixing merge conflicts,https://github.com/BCStudentSoftwareDevTeam/lsf/commit/f2fd77a1e87bf49fb6990f6513656ae6a5da2a77
lsf,e3727cfe7fc91062cc3065fbf6c637d65f225c7d,Hila Manalai,,BrianRamsay,2020-06-08T13:07:13Z,"Merged in issue156 (pull request #104)

Overriding Labor Status Form Data on Adjustment Form Approval

Approved-by: Brian Ramsay",https://github.com/BCStudentSoftwareDevTeam/lsf/commit/e3727cfe7fc91062cc3065fbf6c637d65f225c7d
lsf,1e7c41ba2757d1fd1cb99689823b71d2a66f8b59,Hila Manalai,,Hila Manalai,2020-06-05T12:16:51Z,fixed the issue pointed out in the PR,https://github.com/BCStudentSoftwareDevTeam/lsf/commit/1e7c41ba2757d1fd1cb99689823b71d2a66f8b59
lsf,55c30f05b7096705ce7202bd21945f5983d35bc8,bryantal,User,bryantal,2020-06-05T11:46:18Z,Removed the old banner stuff,https://github.com/BCStudentSoftwareDevTeam/lsf/commit/55c30f05b7096705ce7202bd21945f5983d35bc8
lsf,31a14566da13dda302e798c2133075ab08c4d551,GuillermoCruz32,User,GuillermoCruz32,2020-06-04T19:53:56Z,Left in some pass statements,https://github.com/BCStudentSoftwareDevTeam/lsf/commit/31a14566da13dda302e798c2133075ab08c4d551
lsf,60a88d49558d4f32d037c7b1812773e943a49a17,GuillermoCruz32,User,GuillermoCruz32,2020-06-04T19:50:40Z,Fixed merge conflicts,https://github.com/BCStudentSoftwareDevTeam/lsf/commit/60a88d49558d4f32d037c7b1812773e943a49a17
lsf,d1a7ec07183040d5b29eac69bcf7da4214d6433c,Hila Manalai,,Hila Manalai,2020-06-04T16:12:11Z,changed the lcoation of the code,https://github.com/BCStudentSoftwareDevTeam/lsf/commit/d1a7ec07183040d5b29eac69bcf7da4214d6433c
lsf,4f6fb89e76af023c6589550efd5e4822d4d09dff,Hila Manalai,,Hila Manalai,2020-06-04T16:11:13Z,fixing merge conflicts,https://github.com/BCStudentSoftwareDevTeam/lsf/commit/4f6fb89e76af023c6589550efd5e4822d4d09dff
lsf,45ed346d0973f42c9fa257fbac9a43f01ab863f7,bryantal,User,bryantal,2020-06-04T16:04:11Z,removing unnecessary spaces and data attribute,https://github.com/BCStudentSoftwareDevTeam/lsf/commit/45ed346d0973f42c9fa257fbac9a43f01ab863f7
lsf,be97a71ad4b6d7d07a3d4751192da78d0a6ee945,bryantal,User,bryantal,2020-06-04T15:54:30Z,Fixed comments,https://github.com/BCStudentSoftwareDevTeam/lsf/commit/be97a71ad4b6d7d07a3d4751192da78d0a6ee945
lsf,72e5a43e338a1087affdc1d14849615865883237,bryantal,User,bryantal,2020-06-04T15:50:39Z,Changed the link to stylesheets in calling modal.  Made the deny modal line up with the approve modal.,https://github.com/BCStudentSoftwareDevTeam/lsf/commit/72e5a43e338a1087affdc1d14849615865883237
lsf,df3ff31f33a1c5914d1dd93acb0f38cb6877c952,Hila Manalai,,Hila Manalai,2020-06-04T15:14:23Z,fixing merge conflicts,https://github.com/BCStudentSoftwareDevTeam/lsf/commit/df3ff31f33a1c5914d1dd93acb0f38cb6877c952
lsf,33f26c330236bc934c6e414a338d512393785241,Hila Manalai,,Hila Manalai,2020-06-04T15:06:25Z,fixing merge conflicts,https://github.com/BCStudentSoftwareDevTeam/lsf/commit/33f26c330236bc934c6e414a338d512393785241
lsf,ffdd39432eb1dc29204735c51222c2e8cfe9df84,Hila Manalai,,Hila Manalai,2020-06-04T14:43:32Z,trying to fix merge conflicts,https://github.com/BCStudentSoftwareDevTeam/lsf/commit/ffdd39432eb1dc29204735c51222c2e8cfe9df84
lsf,68ca064e1b2f880b5819ba843d5d02b223fe0554,Hila Manalai,,Hila Manalai,2020-06-04T14:21:46Z,"can't the previous commit, trying again",https://github.com/BCStudentSoftwareDevTeam/lsf/commit/68ca064e1b2f880b5819ba843d5d02b223fe0554
lsf,2784fa9072242605fa35b36887c8b12478414ea9,Hila Manalai,,Hila Manalai,2020-06-04T14:18:20Z,changed the double negative,https://github.com/BCStudentSoftwareDevTeam/lsf/commit/2784fa9072242605fa35b36887c8b12478414ea9
lsf,5775571141256950a3a2c5ed1be8240b6632430a,Hila Manalai,,Hila Manalai,2020-06-04T14:15:12Z,trying to fix the modal dismiss,https://github.com/BCStudentSoftwareDevTeam/lsf/commit/5775571141256950a3a2c5ed1be8240b6632430a
lsf,2c821473ab3ef3a134e5236064adcdb1d7b8ffb4,escalerapadronl,User,BrianRamsay,2020-06-04T13:15:53Z,"Merged in issue153 (pull request #108)

Accessibility - Input Errors (Guideline 3.3.1)

Approved-by: Brian Ramsay",https://github.com/BCStudentSoftwareDevTeam/lsf/commit/2c821473ab3ef3a134e5236064adcdb1d7b8ffb4
lsf,a3f740a7e64f9dcf905a7fb63a820fecf0cc995c,escalerapadronl,User,BrianRamsay,2020-06-04T13:12:28Z,"Merged in issue128 (pull request #109)

Wording Adjustment CutOff Date Warning

Approved-by: Brian Ramsay",https://github.com/BCStudentSoftwareDevTeam/lsf/commit/a3f740a7e64f9dcf905a7fb63a820fecf0cc995c
lsf,3279c7a570b4e7368efce3feb2ae4d8fcd71472f,escalerapadronl,User,BrianRamsay,2020-06-04T12:59:14Z,"Merged in issue95 (pull request #106)

My Department view changes for Supervisor

Approved-by: Brian Ramsay",https://github.com/BCStudentSoftwareDevTeam/lsf/commit/3279c7a570b4e7368efce3feb2ae4d8fcd71472f
lsf,7eb099d93187855b08cd94ace50f2c3ee5a546e0,escalerapadronl,User,BrianRamsay,2020-06-03T22:17:05Z,"Merged in issue146 (pull request #103)

Accessability for Notes button

Approved-by: Brian Ramsay",https://github.com/BCStudentSoftwareDevTeam/lsf/commit/7eb099d93187855b08cd94ace50f2c3ee5a546e0
lsf,44c8968f407612a4e5bcf6216fe7d83b843d4005,Guillermo Cruz,,BrianRamsay,2020-06-03T22:16:09Z,"Merged in issue139 (pull request #101)

Email Handling

Approved-by: Brian Ramsay",https://github.com/BCStudentSoftwareDevTeam/lsf/commit/44c8968f407612a4e5bcf6216fe7d83b843d4005
lsf,fcd68fe646087a79191a2c24290f2ed5a2f89b76,GuillermoCruz32,User,GuillermoCruz32,2020-06-03T18:28:49Z,Created a new file to contain the code used to authorize when a user can see the labor history of a student,https://github.com/BCStudentSoftwareDevTeam/lsf/commit/fcd68fe646087a79191a2c24290f2ed5a2f89b76
lsf,c968b411ab3eeee758f4b0b3fb3de913d0b30d68,Hila Manalai,,Hila Manalai,2020-06-03T16:02:33Z,commented banner,https://github.com/BCStudentSoftwareDevTeam/lsf/commit/c968b411ab3eeee758f4b0b3fb3de913d0b30d68
lsf,a75cae5cd14286b8a7ef79f8de2a3477c1c5251e,Hila Manalai,,Hila Manalai,2020-06-03T16:01:21Z,fixed the issue with the modal duplicating data and approve button only approving one form at a time,https://github.com/BCStudentSoftwareDevTeam/lsf/commit/a75cae5cd14286b8a7ef79f8de2a3477c1c5251e
lsf,e6353d08fe0528b2247dd77e9ab8bb17fea7c7f6,bryantal,User,bryantal,2020-06-03T14:04:55Z,Merge branch 'issue118' of https://bitbucket.org/laborstudents/lsf-flask into issue118,https://github.com/BCStudentSoftwareDevTeam/lsf/commit/e6353d08fe0528b2247dd77e9ab8bb17fea7c7f6
lsf,c45d7211d20d8e9c2f67972610ff85c2152ab093,Hila Manalai,,Hila Manalai,2020-06-03T13:34:40Z,added modal,https://github.com/BCStudentSoftwareDevTeam/lsf/commit/c45d7211d20d8e9c2f67972610ff85c2152ab093
lsf,d82e2b25106a35f525db69c1a055c540a0ae58bf,Hila Manalai,,Hila Manalai,2020-06-03T12:42:23Z,Merge branch 'development' into issue118,https://github.com/BCStudentSoftwareDevTeam/lsf/commit/d82e2b25106a35f525db69c1a055c540a0ae58bf
lsf,49b74d70ff35f06f969c6d2aa2526619bf61404b,escalerapadronl,,escalerapadronl,2020-06-02T20:41:28Z,Changed the text in the tooltip for the Adjustments Due header in the Term Management page.,https://github.com/BCStudentSoftwareDevTeam/lsf/commit/49b74d70ff35f06f969c6d2aa2526619bf61404b
lsf,2ef246e8b40a51b43535bbd0b0f802f4f41bd60d,escalerapadronl,,escalerapadronl,2020-06-02T20:06:59Z,Updated the text on the flashes throughtout the UI to be more informative.,https://github.com/BCStudentSoftwareDevTeam/lsf/commit/2ef246e8b40a51b43535bbd0b0f802f4f41bd60d
lsf,69a3ddb7a0af9141b1eabb483624516856528b2d,bryantal,User,bryantal,2020-06-02T15:50:55Z,Merge remote-tracking branch 'origin' into issue118,https://github.com/BCStudentSoftwareDevTeam/lsf/commit/69a3ddb7a0af9141b1eabb483624516856528b2d
lsf,bfa5440287e52a1a9e9ad2c4a02697f3245f6570,Hila Manalai,,Hila Manalai,2020-06-02T14:52:30Z,populating history modal with correct information,https://github.com/BCStudentSoftwareDevTeam/lsf/commit/bfa5440287e52a1a9e9ad2c4a02697f3245f6570
lsf,da6f04c87b597ce3fc48e5fca6ffe3b1ee502189,Hila Manalai,,Hila Manalai,2020-06-02T14:42:18Z,populating the modal with correct info,https://github.com/BCStudentSoftwareDevTeam/lsf/commit/da6f04c87b597ce3fc48e5fca6ffe3b1ee502189
lsf,70da68e32eefd85244d1aea562f80c65763dc47f,bryantal,User,bryantal,2020-06-01T20:57:48Z,removed the x button in the top right corner.,https://github.com/BCStudentSoftwareDevTeam/lsf/commit/70da68e32eefd85244d1aea562f80c65763dc47f
lsf,7f2337f5b925f75f9b108b83c4f61bf8121d6f04,escalerapadronl,,escalerapadronl,2020-06-01T20:16:53Z,Fixed the autoselected department for the select picker in the supervisor portal,https://github.com/BCStudentSoftwareDevTeam/lsf/commit/7f2337f5b925f75f9b108b83c4f61bf8121d6f04
lsf,9c3b575ebd72d39cdfd7e3906cf8d9a312f5374e,Hila Manalai,,Hila Manalai,2020-06-01T17:28:52Z,fixed the issue with the hovers,https://github.com/BCStudentSoftwareDevTeam/lsf/commit/9c3b575ebd72d39cdfd7e3906cf8d9a312f5374e
lsf,cf30b552b73e7a3870fb7b42e2fa38835e698eed,GuillermoCruz32,User,GuillermoCruz32,2020-06-01T15:14:21Z,Final commit,https://github.com/BCStudentSoftwareDevTeam/lsf/commit/cf30b552b73e7a3870fb7b42e2fa38835e698eed
lsf,e9a5ac8ea1d51a65081f9fc18682d3fffe24ec81,GuillermoCruz32,User,GuillermoCruz32,2020-05-29T20:54:17Z,"Close to finishing, need to do some final testing",https://github.com/BCStudentSoftwareDevTeam/lsf/commit/e9a5ac8ea1d51a65081f9fc18682d3fffe24ec81
lsf,b1a2c9a45c2aac771a31dba4e89126b4690d3fb2,escalerapadronl,,escalerapadronl,2020-05-29T19:31:20Z,added the proper error handling to the controller,https://github.com/BCStudentSoftwareDevTeam/lsf/commit/b1a2c9a45c2aac771a31dba4e89126b4690d3fb2
lsf,8c48014226fd18a2960af46e2e6506cbd2e2b941,Hila Manalai,,Hila Manalai,2020-05-29T16:04:05Z,removed unneccesary code,https://github.com/BCStudentSoftwareDevTeam/lsf/commit/8c48014226fd18a2960af46e2e6506cbd2e2b941
lsf,b924b7d961641c3308c41dc85955eeb155fff1b0,escalerapadronl,,escalerapadronl,2020-05-29T15:53:35Z,Added functionality to the labor release form modal,https://github.com/BCStudentSoftwareDevTeam/lsf/commit/b924b7d961641c3308c41dc85955eeb155fff1b0
lsf,788514bc358f60962832f15b530a24541c437925,Hila Manalai,,Hila Manalai,2020-05-29T15:25:41Z,done with overriding info when form is approved,https://github.com/BCStudentSoftwareDevTeam/lsf/commit/788514bc358f60962832f15b530a24541c437925
lsf,0fd4789c01ddc13c86e87ceeb60553afbab12ea3,GuillermoCruz32,User,GuillermoCruz32,2020-05-29T13:25:59Z,Deleted FIX ME statements,https://github.com/BCStudentSoftwareDevTeam/lsf/commit/0fd4789c01ddc13c86e87ceeb60553afbab12ea3
lsf,21e9043d9943e868004cb3161771db50c93ebf98,escalerapadronl,,escalerapadronl,2020-05-28T21:00:56Z,created a modal for pending release forms,https://github.com/BCStudentSoftwareDevTeam/lsf/commit/21e9043d9943e868004cb3161771db50c93ebf98
lsf,49cc6b73f1b5393ed44978df0c3af4d945348782,GuillermoCruz32,User,GuillermoCruz32,2020-05-28T17:17:34Z,Started the new modal,https://github.com/BCStudentSoftwareDevTeam/lsf/commit/49cc6b73f1b5393ed44978df0c3af4d945348782
lsf,1a02fb0b2a6af5593a6fc3a9a38b0c87d7851f5d,Hila Manalai,,Hila Manalai,2020-05-28T16:02:56Z,done with overriding info when adjustment form is approved,https://github.com/BCStudentSoftwareDevTeam/lsf/commit/1a02fb0b2a6af5593a6fc3a9a38b0c87d7851f5d
lsf,f5a5d0db5aba6c3f3a6f1ae5882b2122ca0a977c,GuillermoCruz32,User,GuillermoCruz32,2020-05-28T15:19:53Z,Got rid of some left over print statements,https://github.com/BCStudentSoftwareDevTeam/lsf/commit/f5a5d0db5aba6c3f3a6f1ae5882b2122ca0a977c
lsf,7763aad3d17cc0bdf807ef89efbd0b0c4ef7f655,escalerapadronl,,escalerapadronl,2020-05-28T15:01:23Z,final commit,https://github.com/BCStudentSoftwareDevTeam/lsf/commit/7763aad3d17cc0bdf807ef89efbd0b0c4ef7f655
lsf,1bd4c69f4ce55a66a3c9867ba8b0a79c678a3882,escalerapadronl,,escalerapadronl,2020-05-27T21:03:52Z,added a counter to the View Notes button in the Action drop-down and to the view notes button in the Overload Modal,https://github.com/BCStudentSoftwareDevTeam/lsf/commit/1bd4c69f4ce55a66a3c9867ba8b0a79c678a3882
lsf,2f0f886bec770a98d64e5e83af2fcc4c088cbc8f,GuillermoCruz32,User,GuillermoCruz32,2020-05-27T16:19:57Z,Forget to take out email handler from release form,https://github.com/BCStudentSoftwareDevTeam/lsf/commit/2f0f886bec770a98d64e5e83af2fcc4c088cbc8f
lsf,e21b4cf5033bd92926f8764118d8741383176291,GuillermoCruz32,User,GuillermoCruz32,2020-05-27T16:05:42Z,"Final commit, had to delete print statement",https://github.com/BCStudentSoftwareDevTeam/lsf/commit/e21b4cf5033bd92926f8764118d8741383176291
lsf,3a3e2d3e9548ac473b6eab6305738b7415b942fd,Hila Manalai,,Hila Manalai,2020-05-27T16:02:17Z,trying to get approved forms info,https://github.com/BCStudentSoftwareDevTeam/lsf/commit/3a3e2d3e9548ac473b6eab6305738b7415b942fd
lsf,50fc65fe3dfd8a9ebd6a67240a0e04f21e410a61,GuillermoCruz32,User,GuillermoCruz32,2020-05-27T15:58:53Z,Merge branch 'development' into issue139,https://github.com/BCStudentSoftwareDevTeam/lsf/commit/50fc65fe3dfd8a9ebd6a67240a0e04f21e410a61
lsf,e7b3e1125128b1b91b759b097adbd9a9d21f571e,GuillermoCruz32,User,GuillermoCruz32,2020-05-27T15:57:53Z,Final commit,https://github.com/BCStudentSoftwareDevTeam/lsf/commit/e7b3e1125128b1b91b759b097adbd9a9d21f571e
lsf,4ac87c862b504de3b4e2cccb58379d9f7db6390e,Hila Manalai,,Hila Manalai,2020-05-27T15:15:26Z,Merge branch 'development' into issue144,https://github.com/BCStudentSoftwareDevTeam/lsf/commit/4ac87c862b504de3b4e2cccb58379d9f7db6390e
lsf,26a49cb5b05e74ca78e01575491a640a15944799,Hila Manalai,,Hila Manalai,2020-05-27T14:44:56Z,fixed the issue with names being overridden,https://github.com/BCStudentSoftwareDevTeam/lsf/commit/26a49cb5b05e74ca78e01575491a640a15944799
lsf,84aca5ba3005c51763cc7ba6bb3ba55eb0487956,Hila Manalai,,Hila Manalai,2020-05-27T12:45:47Z,merged development,https://github.com/BCStudentSoftwareDevTeam/lsf/commit/84aca5ba3005c51763cc7ba6bb3ba55eb0487956
lsf,398d71cd7ba041a2b9392e052d5fc368bb78182e,Hila Manalai,,Hila Manalai,2020-05-26T20:39:46Z,getting the supervisor twice,https://github.com/BCStudentSoftwareDevTeam/lsf/commit/398d71cd7ba041a2b9392e052d5fc368bb78182e
lsf,eb9f93f9e01e5f7493c976fdc915fed3fed33a2a,Hila Manalai,,BrianRamsay,2020-05-26T18:50:56Z,"Merged in issue140 (pull request #100)

Design Changes to Financial Aid Interface

Approved-by: Brian Ramsay",https://github.com/BCStudentSoftwareDevTeam/lsf/commit/eb9f93f9e01e5f7493c976fdc915fed3fed33a2a
lsf,2208d8435f78d40319312b864debed3713ca444d,escalerapadronl,User,BrianRamsay,2020-05-26T18:50:00Z,"Merged in issue147 (pull request #98)

UI Changes to the Pending Forms Page

Approved-by: Brian Ramsay",https://github.com/BCStudentSoftwareDevTeam/lsf/commit/2208d8435f78d40319312b864debed3713ca444d
lsf,d7421a981103f7767d937efab77c89201489d5f2,Hila Manalai,,Hila Manalai,2020-05-26T15:34:47Z,changed the color to black when hovered and removed underline,https://github.com/BCStudentSoftwareDevTeam/lsf/commit/d7421a981103f7767d937efab77c89201489d5f2
lsf,08a988de021694a46026e192dfd50da26762a2c3,Hila Manalai,,Hila Manalai,2020-05-25T18:05:57Z,trying to fix why we are not creating correct number of modified forms,https://github.com/BCStudentSoftwareDevTeam/lsf/commit/08a988de021694a46026e192dfd50da26762a2c3
lsf,22bdd5cd9f19092220a775e7fc1d046bd24391d7,Hila Manalai,,Hila Manalai,2020-05-25T17:13:53Z,finished up the design for finAid interface,https://github.com/BCStudentSoftwareDevTeam/lsf/commit/22bdd5cd9f19092220a775e7fc1d046bd24391d7
lsf,962cfeb511364e02503130b1ad46c149c19940d6,Hila Manalai,,Hila Manalai,2020-05-25T15:37:40Z,merging development,https://github.com/BCStudentSoftwareDevTeam/lsf/commit/962cfeb511364e02503130b1ad46c149c19940d6
lsf,4251a395df9a19a2bda2b866c4feec29ca9efb82,Hila Manalai,,Hila Manalai,2020-05-25T15:28:28Z,trying different approaches to make hove work on tab,https://github.com/BCStudentSoftwareDevTeam/lsf/commit/4251a395df9a19a2bda2b866c4feec29ca9efb82
lsf,6c5b7cc085c6f5a888254b8a93320c00f8446a96,GuillermoCruz32,User,GuillermoCruz32,2020-05-22T20:49:59Z,Tested email handler and made changes,https://github.com/BCStudentSoftwareDevTeam/lsf/commit/6c5b7cc085c6f5a888254b8a93320c00f8446a96
lsf,de1a7ab4b0fef2f15f6b1f3fc9232b443ec9afb3,Hila Manalai,,Hila Manalai,2020-05-22T16:11:26Z,added new design changes and trying out different accessibility solutions for hover,https://github.com/BCStudentSoftwareDevTeam/lsf/commit/de1a7ab4b0fef2f15f6b1f3fc9232b443ec9afb3
lsf,b5dc6d7f2b08d74a6c7a92607e5ef590095bb098,escalerapadronl,,escalerapadronl,2020-05-22T14:28:55Z,Changed the wording for the notes and modify button in the actions dropdown.,https://github.com/BCStudentSoftwareDevTeam/lsf/commit/b5dc6d7f2b08d74a6c7a92607e5ef590095bb098
lsf,56e139bace2d015eae65cc6c1efa2612d94fb403,escalerapadronl,User,BrianRamsay,2020-05-22T14:03:23Z,"Merged in issue129flasherfix (pull request #99)

Changed the color of the flashers on the Manage Terms and Manage Administrators pages

Approved-by: Brian Ramsay",https://github.com/BCStudentSoftwareDevTeam/lsf/commit/56e139bace2d015eae65cc6c1efa2612d94fb403
lsf,adf72472b780743633c40cf388b4e7bc29ac601f,Hila Manalai,,Hila Manalai,2020-05-22T14:00:52Z,solving merge conflicts,https://github.com/BCStudentSoftwareDevTeam/lsf/commit/adf72472b780743633c40cf388b4e7bc29ac601f
lsf,b072614b405f72e9e633ab16a3e6897a2c614195,Hila Manalai,,Hila Manalai,2020-05-22T13:58:02Z,trying to add onhover,https://github.com/BCStudentSoftwareDevTeam/lsf/commit/b072614b405f72e9e633ab16a3e6897a2c614195
lsf,7020f87d5ab69c4e744ceedb9d17139998b13405,escalerapadronl,,escalerapadronl,2020-05-21T17:45:24Z,changed the color of the flashers on the Manage Terms and Manage Administrators pages,https://github.com/BCStudentSoftwareDevTeam/lsf/commit/7020f87d5ab69c4e744ceedb9d17139998b13405
lsf,c374903e6b5dc4c46fca7cc7618a215ea8c08699,Hila Manalai,,Hila Manalai,2020-05-21T15:55:42Z,making design changes,https://github.com/BCStudentSoftwareDevTeam/lsf/commit/c374903e6b5dc4c46fca7cc7618a215ea8c08699
lsf,3842b9cfb81052713538687cde61b785c2608cf0,GuillermoCruz32,User,GuillermoCruz32,2020-05-21T15:48:03Z,Final commit,https://github.com/BCStudentSoftwareDevTeam/lsf/commit/3842b9cfb81052713538687cde61b785c2608cf0
lsf,e7ce428cf0c0e4cbd1c2a17ea9568f5b9133e9e5,ovezovs,User,BrianRamsay,2020-05-21T13:03:30Z,"Merged in issue136B (pull request #97)

Fixes Issue #136

Approved-by: Brian Ramsay",https://github.com/BCStudentSoftwareDevTeam/lsf/commit/e7ce428cf0c0e4cbd1c2a17ea9568f5b9133e9e5
lsf,523becc66a1f1c3a7601aeb89dd05372d334fe7c,escalerapadronl,,escalerapadronl,2020-05-20T21:08:36Z,Added a drop down menu for actions and took away approve tab for overload forms,https://github.com/BCStudentSoftwareDevTeam/lsf/commit/523becc66a1f1c3a7601aeb89dd05372d334fe7c
lsf,5c662aeabeb11897c1910a05288ae04197bb3cf2,ovezovs,,ovezovs,2020-05-20T20:48:27Z,"cleaned up the code, removed print statements",https://github.com/BCStudentSoftwareDevTeam/lsf/commit/5c662aeabeb11897c1910a05288ae04197bb3cf2
lsf,781a371759f92a58bc5c50ca982cb8dbc780f493,GuillermoCruz32,User,GuillermoCruz32,2020-05-20T18:47:56Z,Need to create action dropdown,https://github.com/BCStudentSoftwareDevTeam/lsf/commit/781a371759f92a58bc5c50ca982cb8dbc780f493
lsf,21bd0457011ebd56190336540d2002a8b0d1bc70,Hila Manalai,,Hila Manalai,2020-05-20T15:56:16Z,fixed adding notes to notes log and adding effective date,https://github.com/BCStudentSoftwareDevTeam/lsf/commit/21bd0457011ebd56190336540d2002a8b0d1bc70
lsf,e5890dac20bdfded6c1e9091bf7accab40035eff,Guillermo Cruz,,BrianRamsay,2020-05-19T21:04:39Z,"Merged in issue39 (pull request #90)

Overload Manage Modal

Approved-by: Brian Ramsay",https://github.com/BCStudentSoftwareDevTeam/lsf/commit/e5890dac20bdfded6c1e9091bf7accab40035eff
lsf,20fabc0dc78d58aabdf4d3bf0299478631905b73,Guillermo Cruz,,BrianRamsay,2020-05-19T21:03:00Z,"Merged in issue129 (pull request #94)

Term Management Flash Message

Approved-by: Brian Ramsay",https://github.com/BCStudentSoftwareDevTeam/lsf/commit/20fabc0dc78d58aabdf4d3bf0299478631905b73
lsf,bda58c7b0fa5c703391cd939638b6d772c2d107b,escalerapadronl,User,BrianRamsay,2020-05-19T21:00:52Z,"Merged in issue131 (pull request #95)

Changed text for department out of compliance modal

Approved-by: Brian Ramsay",https://github.com/BCStudentSoftwareDevTeam/lsf/commit/bda58c7b0fa5c703391cd939638b6d772c2d107b
lsf,71e254fda9a9a7dba71f0791b50c62270f2c23f6,escalerapadronl,,escalerapadronl,2020-05-19T20:10:06Z,Changed the warning text in the labor status forms modal to say The [DEPT NAME] Department is out of compliance. Please contact the Labor Office.,https://github.com/BCStudentSoftwareDevTeam/lsf/commit/71e254fda9a9a7dba71f0791b50c62270f2c23f6
lsf,557d1bd5c89f10e1006b06f0bccb0df7bdd0a7e4,GuillermoCruz32,User,GuillermoCruz32,2020-05-19T19:02:56Z,Added a flash message for the manage terms UI,https://github.com/BCStudentSoftwareDevTeam/lsf/commit/557d1bd5c89f10e1006b06f0bccb0df7bdd0a7e4
lsf,7c32190c3753e59e5ff68cd5ed7ed141c9685c92,GuillermoCruz32,User,GuillermoCruz32,2020-05-19T17:40:01Z,Changed the email tracker to hold subject rather than purpose,https://github.com/BCStudentSoftwareDevTeam/lsf/commit/7c32190c3753e59e5ff68cd5ed7ed141c9685c92
lsf,cda89518b77467d3ceafa32997a6cbd51cdb824a,ovezovs,User,BrianRamsay,2020-05-19T17:30:41Z,"Merged in issue97 (pull request #93)

Fixes Issue #97

Approved-by: Brian Ramsay",https://github.com/BCStudentSoftwareDevTeam/lsf/commit/cda89518b77467d3ceafa32997a6cbd51cdb824a
lsf,4d25fd8a1d7c979d24fb829c718bc552b904280a,escalerapadronl,User,BrianRamsay,2020-05-19T17:22:18Z,"Merged in issue132 (pull request #92)

Added counters to headers in the Pending Forms page

Approved-by: Brian Ramsay",https://github.com/BCStudentSoftwareDevTeam/lsf/commit/4d25fd8a1d7c979d24fb829c718bc552b904280a
lsf,aa827e6bc4539422a791c64760611556489aa008,GuillermoCruz32,User,GuillermoCruz32,2020-05-19T17:22:17Z,Merge branch 'development' into issue39,https://github.com/BCStudentSoftwareDevTeam/lsf/commit/aa827e6bc4539422a791c64760611556489aa008
lsf,3f15d66e422e07574e85f88eea890f8109d117bb,GuillermoCruz32,User,GuillermoCruz32,2020-05-19T17:20:32Z,Fixed merge conflicts,https://github.com/BCStudentSoftwareDevTeam/lsf/commit/3f15d66e422e07574e85f88eea890f8109d117bb
lsf,dc12d5632e50253a6ba7243fba8f6fac8351a779,GuillermoCruz32,User,GuillermoCruz32,2020-05-19T17:17:07Z,Fixing merge conflicts,https://github.com/BCStudentSoftwareDevTeam/lsf/commit/dc12d5632e50253a6ba7243fba8f6fac8351a779
lsf,d068947da84d8a931c6193e61a66865449c047f9,GuillermoCruz32,User,GuillermoCruz32,2020-05-19T17:04:28Z,"Made changes to the emailTracker model, and also updated the email handler",https://github.com/BCStudentSoftwareDevTeam/lsf/commit/d068947da84d8a931c6193e61a66865449c047f9
lsf,9eaee21a62a3d961b3fc1b54292ff62ec457364e,ovezovs,User,BrianRamsay,2020-05-19T15:58:47Z,"Merged in issueEmailTemplates (pull request #88)

Fixes Issues #134 and #135

Approved-by: Brian Ramsay",https://github.com/BCStudentSoftwareDevTeam/lsf/commit/9eaee21a62a3d961b3fc1b54292ff62ec457364e
lsf,19eab95b23d9ad6b16f0f73ebc52d2bba4d8d97e,Hila Manalai,,BrianRamsay,2020-05-19T15:56:50Z,"Merged in issue98 (pull request #91)

Fiancial Aid Approval for Specific Terms

Approved-by: Brian Ramsay",https://github.com/BCStudentSoftwareDevTeam/lsf/commit/19eab95b23d9ad6b16f0f73ebc52d2bba4d8d97e
lsf,f0a8fa476ef4edf67c9188e356e926205a176bec,Hila Manalai,,Hila Manalai,2020-05-19T15:55:27Z,now I am pulling the new value from modifiedform table,https://github.com/BCStudentSoftwareDevTeam/lsf/commit/f0a8fa476ef4edf67c9188e356e926205a176bec
lsf,4a27ae70c95999c5a1afeab7910a4fba85c2f315,ovezovs,User,BrianRamsay,2020-05-19T15:50:47Z,"Merged in issue124 (pull request #87)

Fixes Issue #124

Approved-by: Brian Ramsay",https://github.com/BCStudentSoftwareDevTeam/lsf/commit/4a27ae70c95999c5a1afeab7910a4fba85c2f315
lsf,11e8837b9eb6f46eea95db5797163dc04fe06558,ovezovs,,ovezovs,2020-05-19T15:49:59Z,removed os and cookies import statements,https://github.com/BCStudentSoftwareDevTeam/lsf/commit/11e8837b9eb6f46eea95db5797163dc04fe06558
lsf,9f8f1172e2551ab81dcc97fcd0160eee8e4e9d1c,ovezovs,,ovezovs,2020-05-19T15:40:22Z,Replaced the use of cookies by only one line of document.referrer and redirecting to document.referrer after the updateLSF ajax returns succes; python doesn't return the redirect url anymore,https://github.com/BCStudentSoftwareDevTeam/lsf/commit/9f8f1172e2551ab81dcc97fcd0160eee8e4e9d1c
lsf,f579b37cdfde4ca5be0aed44bd31a3dadc7aa71b,escalerapadronl,,escalerapadronl,2020-05-19T15:15:14Z,added a counter to all the  headers in the Pending Forms page,https://github.com/BCStudentSoftwareDevTeam/lsf/commit/f579b37cdfde4ca5be0aed44bd31a3dadc7aa71b
lsf,8d70109a23182511f5164ee188067b24d1ddd6ff,Hila Manalai,,Hila Manalai,2020-05-19T14:22:46Z,fixed the modal textarea size,https://github.com/BCStudentSoftwareDevTeam/lsf/commit/8d70109a23182511f5164ee188067b24d1ddd6ff
lsf,79206de947b7f2b16f70c69249f65ce76a8c2ff8,Hila Manalai,,Hila Manalai,2020-05-19T14:18:03Z,fixing merge conflicts,https://github.com/BCStudentSoftwareDevTeam/lsf/commit/79206de947b7f2b16f70c69249f65ce76a8c2ff8
lsf,8c5097fc9944c5711bd50fdae754f8b761bb9513,Luis Riera,,Luis Riera,2020-05-19T14:10:11Z,"Changed function getEmailTemplate to populateEmailTemplate
.",https://github.com/BCStudentSoftwareDevTeam/lsf/commit/8c5097fc9944c5711bd50fdae754f8b761bb9513
lsf,42f3f32bd09ed69225e99214a0e1d4e6e0fd4b6a,Hila Manalai,,Hila Manalai,2020-05-19T14:07:38Z,done with issue 98,https://github.com/BCStudentSoftwareDevTeam/lsf/commit/42f3f32bd09ed69225e99214a0e1d4e6e0fd4b6a
lsf,f80f8a13fb703ffb936f067cc9f78681d0b28a83,Hila Manalai,,Hila Manalai,2020-05-19T13:59:59Z,Merge branch 'development' into issue98,https://github.com/BCStudentSoftwareDevTeam/lsf/commit/f80f8a13fb703ffb936f067cc9f78681d0b28a83
lsf,0331d60d19c7ab8bd1a7d98e0de99924b5d257d3,Hila Manalai,,Hila Manalai,2020-05-19T13:58:40Z,almost done with issue 98,https://github.com/BCStudentSoftwareDevTeam/lsf/commit/0331d60d19c7ab8bd1a7d98e0de99924b5d257d3
lsf,7651eb78537f380a748790bc328b0bec289ec62f,Luis Riera,,Luis Riera,2020-05-19T13:58:00Z,Fixed Merge conflicts with development,https://github.com/BCStudentSoftwareDevTeam/lsf/commit/7651eb78537f380a748790bc328b0bec289ec62f
lsf,6cced62944cc4124644ff63e539d6389f154f18f,Jamaliela,User,BrianRamsay,2020-05-19T12:43:56Z,"Merged in financialAid (pull request #89)

FinancialAid and SAAS Overload Approval Interface

Approved-by: Brian Ramsay",https://github.com/BCStudentSoftwareDevTeam/lsf/commit/6cced62944cc4124644ff63e539d6389f154f18f
lsf,6d19705e7891fcb9fa72d62ef3d31a4eb2e2c7b0,escalerapadronl,,escalerapadronl,2020-05-18T21:02:36Z,working on adding the counters to all the Pending tabs,https://github.com/BCStudentSoftwareDevTeam/lsf/commit/6d19705e7891fcb9fa72d62ef3d31a4eb2e2c7b0
lsf,b12257bd480c346077f01ae9c201f28ef774a582,Luis Riera,,Luis Riera,2020-05-18T20:53:14Z,Updated the discard changes to work as intended,https://github.com/BCStudentSoftwareDevTeam/lsf/commit/b12257bd480c346077f01ae9c201f28ef774a582
lsf,0eb1b9475c83833ee7ebbfe9d9130f0d103677a3,Luis Riera,,Luis Riera,2020-05-18T20:38:10Z,Fixed merge conflicts,https://github.com/BCStudentSoftwareDevTeam/lsf/commit/0eb1b9475c83833ee7ebbfe9d9130f0d103677a3
lsf,6f408549970eb70f99bc9fa6d9841efabfa47c36,Luis Riera,,Luis Riera,2020-05-18T20:29:47Z,Populating and saving from and to the database now uses the 3 attributes instead of just subject.,https://github.com/BCStudentSoftwareDevTeam/lsf/commit/6f408549970eb70f99bc9fa6d9841efabfa47c36
lsf,360f3ee78d98de060bd3a1a1eb7fffbb75c19624,ovezovs,,ovezovs,2020-05-18T20:28:16Z,body is being displayed,https://github.com/BCStudentSoftwareDevTeam/lsf/commit/360f3ee78d98de060bd3a1a1eb7fffbb75c19624
lsf,d9a1bcd20b818e9139a2b09fd192b4fc424f5096,ovezovs,,ovezovs,2020-05-18T20:04:25Z,Enable Subject field only when Action has been selected; refactor all the names where purpose has been usedto subject,https://github.com/BCStudentSoftwareDevTeam/lsf/commit/d9a1bcd20b818e9139a2b09fd192b4fc424f5096
lsf,5e5fff4a9dc6277bd7d8fff36f729e4913816be7,GuillermoCruz32,User,GuillermoCruz32,2020-05-18T19:48:37Z,Last final commit,https://github.com/BCStudentSoftwareDevTeam/lsf/commit/5e5fff4a9dc6277bd7d8fff36f729e4913816be7
lsf,d6abb0c71402913f50cc184ca80d3bcddc061c4b,GuillermoCruz32,User,GuillermoCruz32,2020-05-18T19:43:11Z,Final commit,https://github.com/BCStudentSoftwareDevTeam/lsf/commit/d6abb0c71402913f50cc184ca80d3bcddc061c4b
lsf,172047802b9f59f5bf5ef9a00ff41a8841380f16,ovezovs,,ovezovs,2020-05-18T19:01:23Z,New logo design,https://github.com/BCStudentSoftwareDevTeam/lsf/commit/172047802b9f59f5bf5ef9a00ff41a8841380f16
lsf,bc0ee650ce4af95d72201630566344ed103b8eea,Luis Riera,,Luis Riera,2020-05-18T18:02:22Z,Started refactoring email templates followign the feedback from the meeting. Templates are now saved by the 3 attributes instead of just subject. Now onto populate body using the 3 attributes instead of just subject.,https://github.com/BCStudentSoftwareDevTeam/lsf/commit/bc0ee650ce4af95d72201630566344ed103b8eea
lsf,630df04fd002c02fb635349a300f7b78764d279a,Hila Manalai,,Hila Manalai,2020-05-18T15:56:20Z,trying different solution for issue98,https://github.com/BCStudentSoftwareDevTeam/lsf/commit/630df04fd002c02fb635349a300f7b78764d279a
lsf,c5ed4642658bfdafcf1fb15c6542f0fafc540660,Hila Manalai,,Hila Manalai,2020-05-18T15:24:07Z,there were errors on missing keys like audience so I had to modify the demo_data,https://github.com/BCStudentSoftwareDevTeam/lsf/commit/c5ed4642658bfdafcf1fb15c6542f0fafc540660
lsf,61d1954130b302832959176e97a7225af45ae978,Luis Riera,,Luis Riera,2020-05-18T14:47:46Z,Changed SASS to SAAS in demo_data.py as mentioned today during the meeting.,https://github.com/BCStudentSoftwareDevTeam/lsf/commit/61d1954130b302832959176e97a7225af45ae978
lsf,d5bb80451584c58227e59aa54843f9eb4f445bf1,Hila Manalai,,Hila Manalai,2020-05-18T14:47:21Z,fixed a small bug with secondary hours,https://github.com/BCStudentSoftwareDevTeam/lsf/commit/d5bb80451584c58227e59aa54843f9eb4f445bf1
lsf,9cf4dee8629956454abb6d6b70967fdd16a3a58c,GuillermoCruz32,User,GuillermoCruz32,2020-05-18T14:36:43Z,Working on model not updating,https://github.com/BCStudentSoftwareDevTeam/lsf/commit/9cf4dee8629956454abb6d6b70967fdd16a3a58c
lsf,189b089ffe0acc5369fbf3738decbd5634fc2366,Hila Manalai,,Hila Manalai,2020-05-16T18:05:31Z,Done with the issue,https://github.com/BCStudentSoftwareDevTeam/lsf/commit/189b089ffe0acc5369fbf3738decbd5634fc2366
lsf,9c3fbf88d94bbcc5f5615e99165de542cdaae081,ovezovs,,ovezovs,2020-05-16T15:31:41Z,None is not displayed on the ModifyLSF page anymore,https://github.com/BCStudentSoftwareDevTeam/lsf/commit/9c3fbf88d94bbcc5f5615e99165de542cdaae081
lsf,e6ce7e88024408976c4a4b0405930e75838b6865,Hila Manalai,,Hila Manalai,2020-05-16T15:28:14Z,designing finaid saas interface,https://github.com/BCStudentSoftwareDevTeam/lsf/commit/e6ce7e88024408976c4a4b0405930e75838b6865
lsf,3b90147d3ec0940978abd361f5ad11da60977b82,Hila Manalai,,Hila Manalai,2020-05-16T15:05:34Z,centering the form,https://github.com/BCStudentSoftwareDevTeam/lsf/commit/3b90147d3ec0940978abd361f5ad11da60977b82
lsf,ef5c36ac6894b3dee2775ab9effe4fb6feb335d1,ovezovs,,ovezovs,2020-05-15T21:20:40Z,"updated the logo design: removed the header, placed logo on the left side, and colored the navbar blue as in the logo",https://github.com/BCStudentSoftwareDevTeam/lsf/commit/ef5c36ac6894b3dee2775ab9effe4fb6feb335d1
lsf,dcc5852f20b01ea56e4bbceaefb647ee8f36f206,GuillermoCruz32,User,GuillermoCruz32,2020-05-15T20:32:41Z,"Almost finished with modal, need to test and delete prints",https://github.com/BCStudentSoftwareDevTeam/lsf/commit/dcc5852f20b01ea56e4bbceaefb647ee8f36f206
lsf,0dcb5993b6d8113c6944fbbd910e70a1305fe015,ovezovs,,ovezovs,2020-05-15T20:30:29Z,Form Type field is disabled unless Recipient is selected; Action is disabled unless Form Type is selected; All fields are populated with the data that match the selection in the previous dropdown,https://github.com/BCStudentSoftwareDevTeam/lsf/commit/0dcb5993b6d8113c6944fbbd910e70a1305fe015
lsf,813b05b3a12ed5b9acc9787b34e0de0bd080cc27,Luis Riera,,Luis Riera,2020-05-15T18:04:32Z,Started refactoring the email templates interface as the old functionality was too different from the funtionality we want it to have.,https://github.com/BCStudentSoftwareDevTeam/lsf/commit/813b05b3a12ed5b9acc9787b34e0de0bd080cc27
lsf,ef2746f6678c7abca4267fad97a1e2f75cd7128e,elajamali,User,elajamali,2020-05-15T15:59:08Z,now sending email to labor Admin,https://github.com/BCStudentSoftwareDevTeam/lsf/commit/ef2746f6678c7abca4267fad97a1e2f75cd7128e
lsf,d38ccea48e0753233f92ab6e3c33985fdec1143c,elajamali,User,elajamali,2020-05-15T15:21:00Z,SAAS and FinacialAid interface completed,https://github.com/BCStudentSoftwareDevTeam/lsf/commit/d38ccea48e0753233f92ab6e3c33985fdec1143c
lsf,c1ac9cbf247765c66d3dd719e3cdbdaef6e44e2a,GuillermoCruz32,User,GuillermoCruz32,2020-05-15T13:24:30Z,The notes log is now inside of the overload modal,https://github.com/BCStudentSoftwareDevTeam/lsf/commit/c1ac9cbf247765c66d3dd719e3cdbdaef6e44e2a
lsf,078e5f921a0c5538aa03cfba056b71149ebfc36a,GuillermoCruz32,User,GuillermoCruz32,2020-05-14T21:00:37Z,"Fixed the overload modal so that it can send notes, trying to insert the log",https://github.com/BCStudentSoftwareDevTeam/lsf/commit/078e5f921a0c5538aa03cfba056b71149ebfc36a
lsf,48a2f006f14c4a2fe5aa4f0f717df4a1aebcdabd,ovezovs,,ovezovs,2020-05-14T20:26:42Z,Made final updates to the logo,https://github.com/BCStudentSoftwareDevTeam/lsf/commit/48a2f006f14c4a2fe5aa4f0f717df4a1aebcdabd
lsf,4c296f011a39fa3dbece849818e11a37d2f9f518,ovezovs,,ovezovs,2020-05-14T19:17:59Z,Renamed Primary LSF to just Labor Status Form,https://github.com/BCStudentSoftwareDevTeam/lsf/commit/4c296f011a39fa3dbece849818e11a37d2f9f518
lsf,0b17d4d925bbef7888664516621de141102f3778,Luis Riera,,Luis Riera,2020-05-14T17:52:30Z,"All email templates in demo_data.py now have unique combinations, purpose selectpicker has been repurposed (pun intended) to work as the subject area, subject area has been removed.",https://github.com/BCStudentSoftwareDevTeam/lsf/commit/0b17d4d925bbef7888664516621de141102f3778
lsf,a0dc78689a7df1e3b87268bb2662510c00466137,Hila Manalai,,Hila Manalai,2020-05-14T16:18:20Z,adding a function to check required fields,https://github.com/BCStudentSoftwareDevTeam/lsf/commit/a0dc78689a7df1e3b87268bb2662510c00466137
lsf,65916d3d0a0ad71c2fc6d1fc7df801a45dc04807,ovezovs,,ovezovs,2020-05-14T14:56:28Z,Updated the logo; design needs to be reviewed,https://github.com/BCStudentSoftwareDevTeam/lsf/commit/65916d3d0a0ad71c2fc6d1fc7df801a45dc04807
lsf,f8e17c8f5f6e43b2ea0e06c56e55d33bcb728843,ovezovs,,ovezovs,2020-05-14T14:09:05Z,Renamed breakPrimary to Break Supervisor; needs to be tested if it causes any issues,https://github.com/BCStudentSoftwareDevTeam/lsf/commit/f8e17c8f5f6e43b2ea0e06c56e55d33bcb728843
lsf,e86092f934d529f60b107ba5f5d3530e79dadbc7,GuillermoCruz32,User,GuillermoCruz32,2020-05-13T21:03:10Z,Finished creating the modal and populating it with data,https://github.com/BCStudentSoftwareDevTeam/lsf/commit/e86092f934d529f60b107ba5f5d3530e79dadbc7
lsf,5db8e08542e5aeeec0d7c5dec9020e79fb7ed7f0,ovezovs,,ovezovs,2020-05-13T20:36:22Z,automatically chooses the option under Purpose dropdown if there is only a single item left,https://github.com/BCStudentSoftwareDevTeam/lsf/commit/5db8e08542e5aeeec0d7c5dec9020e79fb7ed7f0
lsf,adbf366ac1f8e4028a2b11e9ede77ae61c71bc67,Luis Riera,,Luis Riera,2020-05-13T17:19:03Z,Added an if statement if the purpose dropdown has a single option,https://github.com/BCStudentSoftwareDevTeam/lsf/commit/adbf366ac1f8e4028a2b11e9ede77ae61c71bc67
lsf,faad2a55aa1c104b95e02c934a9d3398202b9b47,elajamali,User,elajamali,2020-05-13T16:09:11Z,denial button is working now,https://github.com/BCStudentSoftwareDevTeam/lsf/commit/faad2a55aa1c104b95e02c934a9d3398202b9b47
lsf,59e0e2deeec226dce5b570b79ce27095005aabe3,ovezovs,,ovezovs,2020-05-13T16:05:54Z,populates Purpose dropdown with all th epossible options on page load,https://github.com/BCStudentSoftwareDevTeam/lsf/commit/59e0e2deeec226dce5b570b79ce27095005aabe3
lsf,2e5a735f94654e29107dce5b97a97c3a09ddbd3a,ovezovs,,ovezovs,2020-05-13T15:00:52Z,sorts out the items in Purpose dropdown by using two additional dropdowns,https://github.com/BCStudentSoftwareDevTeam/lsf/commit/2e5a735f94654e29107dce5b97a97c3a09ddbd3a
lsf,c34342d5868d067394d15ec6442db78c087925c4,elajamali,User,elajamali,2020-05-12T21:08:15Z, working on the deny button functionality,https://github.com/BCStudentSoftwareDevTeam/lsf/commit/c34342d5868d067394d15ec6442db78c087925c4
lsf,5d695b308a0d003bdbe94381bd3acda97d118bea,escalerapadronl,,escalerapadronl,2020-05-12T20:58:42Z,updated modal for approving/denying Overload Forms,https://github.com/BCStudentSoftwareDevTeam/lsf/commit/5d695b308a0d003bdbe94381bd3acda97d118bea
lsf,33632c4a476387d9d7cecb0c5377925e2d83555a,ovezovs,,ovezovs,2020-05-12T20:54:35Z,Added two new dropdowns in email templates and corresponding two new fields in the database; pulled only unique values from each field in the emailTemplate table and displayed in dropdowns,https://github.com/BCStudentSoftwareDevTeam/lsf/commit/33632c4a476387d9d7cecb0c5377925e2d83555a
lsf,4f1547794f810385655efa59cccd7deb6772d702,Luis Riera,,Luis Riera,2020-05-12T17:59:56Z,Added a couple more dropdowns,https://github.com/BCStudentSoftwareDevTeam/lsf/commit/4f1547794f810385655efa59cccd7deb6772d702
lsf,4b8a8c234a604a47daba6c996535d5b9c119e41c,ovezovs,,ovezovs,2020-05-12T16:07:22Z,new branch,https://github.com/BCStudentSoftwareDevTeam/lsf/commit/4b8a8c234a604a47daba6c996535d5b9c119e41c
lsf,1fa4242c0a097fbd50c5aa6f9fa6b057d180611c,Hila Manalai,,Hila Manalai,2020-05-12T16:00:35Z,filling out the form with correct information,https://github.com/BCStudentSoftwareDevTeam/lsf/commit/1fa4242c0a097fbd50c5aa6f9fa6b057d180611c
lsf,d33cc45bcf6d2e46cacd4e9e63df807713db1837,Hila Manalai,,Hila Manalai,2020-05-12T14:30:18Z,merging development into this branch,https://github.com/BCStudentSoftwareDevTeam/lsf/commit/d33cc45bcf6d2e46cacd4e9e63df807713db1837
lsf,9c893dc625fbf9f2b43e2cedec85896d8f2ce48d,ovezovs,,ovezovs,2020-05-11T21:26:25Z,Merge branch 'development' into issue124,https://github.com/BCStudentSoftwareDevTeam/lsf/commit/9c893dc625fbf9f2b43e2cedec85896d8f2ce48d
lsf,2341f9f0c3fef17ef2ef678e098f25dbe3722f44,ovezovs,,ovezovs,2020-05-11T21:23:34Z,Cleaned unnecessary comments,https://github.com/BCStudentSoftwareDevTeam/lsf/commit/2341f9f0c3fef17ef2ef678e098f25dbe3722f44
lsf,ee60290bc3d220fafa46ac4950c7f61f3b6ec846,ovezovs,,ovezovs,2020-05-11T21:20:18Z,"Used cookies to enable to users to come back to Pending Forms page if they enter ModifyLSF from Pending Forms; otherwise, if they enter ModifyLSF from Labor History, then they stay in Labor History after submitting new changes",https://github.com/BCStudentSoftwareDevTeam/lsf/commit/ee60290bc3d220fafa46ac4950c7f61f3b6ec846
lsf,ce82e4ca5218c08e5ab4347ed70ccf78a106c129,GuillermoCruz32,User,GuillermoCruz32,2020-05-11T20:56:48Z,Added the new overload modal,https://github.com/BCStudentSoftwareDevTeam/lsf/commit/ce82e4ca5218c08e5ab4347ed70ccf78a106c129
lsf,077e951ebb9ab629481bc5b2c047391285c2b8fc,Jamaliela,User,BrianRamsay,2020-05-11T19:20:22Z,"Merged in issue121updated (pull request #86)

Incorrect count for Overload forms with Denied Status

Approved-by: Brian Ramsay",https://github.com/BCStudentSoftwareDevTeam/lsf/commit/077e951ebb9ab629481bc5b2c047391285c2b8fc
lsf,249752b599bea2e2b1f2260d0d8406b4066b93d1,elajamali,User,elajamali,2020-05-11T19:17:40Z,fixing minor issues with refrencing a variable,https://github.com/BCStudentSoftwareDevTeam/lsf/commit/249752b599bea2e2b1f2260d0d8406b4066b93d1
lsf,0eb0edff35de7642cd99ff3fd653bdc9cad2afea,ovezovs,User,BrianRamsay,2020-05-11T17:17:45Z,"Merged in issue125 (pull request #85)

Fixes Issue 125

Approved-by: Brian Ramsay",https://github.com/BCStudentSoftwareDevTeam/lsf/commit/0eb0edff35de7642cd99ff3fd653bdc9cad2afea
lsf,fb814cc454e1b4de670af6c58d82fe504434eabb,Luis Riera,,BrianRamsay,2020-05-11T17:17:20Z,"Merged in issue102 (pull request #83)

Issue102

Approved-by: Brian Ramsay",https://github.com/BCStudentSoftwareDevTeam/lsf/commit/fb814cc454e1b4de670af6c58d82fe504434eabb
lsf,18255bbd613e5aef1a9e8c86faeaffdf48cf94f4,Luis Riera,,Luis Riera,2020-05-11T17:04:27Z,Deleted useless Print statement,https://github.com/BCStudentSoftwareDevTeam/lsf/commit/18255bbd613e5aef1a9e8c86faeaffdf48cf94f4
lsf,24c73390a756dd4c53d66ed09cca8315060b0e42,Luis Riera,,Luis Riera,2020-05-11T16:58:20Z,"Fixed the merge conflict correctly, moved userInsertFunctions.py to the logic folder from the controllers folder.",https://github.com/BCStudentSoftwareDevTeam/lsf/commit/24c73390a756dd4c53d66ed09cca8315060b0e42
lsf,ddb67a97c01506204793241eae53161e051917a3,Luis Riera,,Luis Riera,2020-05-11T16:48:15Z,Merged with development and fixed merge conflict.,https://github.com/BCStudentSoftwareDevTeam/lsf/commit/ddb67a97c01506204793241eae53161e051917a3
lsf,57fb6d02772951d5d4ff757a32ba8358284efb25,ovezovs,User,BrianRamsay,2020-05-11T16:00:11Z,"Merged in issue113 (pull request #75)

Fixes Issue 113: Admin Notes Log View Refactor

Approved-by: Brian Ramsay",https://github.com/BCStudentSoftwareDevTeam/lsf/commit/57fb6d02772951d5d4ff757a32ba8358284efb25
lsf,73b7acf370aba5d7c5d01d6ed4d09742f8339ba2,ovezovs,,ovezovs,2020-05-11T15:57:29Z,Testing cookies for redirecting from modifylsf page,https://github.com/BCStudentSoftwareDevTeam/lsf/commit/73b7acf370aba5d7c5d01d6ed4d09742f8339ba2
lsf,aab302c7e24309f06481295c33f0713b6550b503,elajamali,User,elajamali,2020-05-11T15:44:24Z,one comment was left,https://github.com/BCStudentSoftwareDevTeam/lsf/commit/aab302c7e24309f06481295c33f0713b6550b503
lsf,fb199204f0a6466c1c89d9f817f89f8050471a73,elajamali,User,elajamali,2020-05-11T15:40:46Z,getting rid of logs and fixing logic,https://github.com/BCStudentSoftwareDevTeam/lsf/commit/fb199204f0a6466c1c89d9f817f89f8050471a73
lsf,a594810858f28bc9522edcedb15902bec880ecd1,Hila Manalai,,Hila Manalai,2020-05-11T14:36:02Z,fixing merge conflicts,https://github.com/BCStudentSoftwareDevTeam/lsf/commit/a594810858f28bc9522edcedb15902bec880ecd1
lsf,34ca8f0e0e3b236b01b0ba319dc37b88ffb2b95f,Luis Riera,,Luis Riera,2020-05-11T14:29:51Z,Changed the files that used LaborOfficeNotes into AdminNotes and made sure it did not affect with anything that used that table.,https://github.com/BCStudentSoftwareDevTeam/lsf/commit/34ca8f0e0e3b236b01b0ba319dc37b88ffb2b95f
lsf,c87f52f131d7133f38232a1796d2b731352bd96f,elajamali,User,Hila Manalai,2020-05-06T17:42:29Z,added new commits,https://github.com/BCStudentSoftwareDevTeam/lsf/commit/c87f52f131d7133f38232a1796d2b731352bd96f
lsf,7a17eb3b1cd9849821d5674301fd2b5c122689c4,Hila Manalai,,Hila Manalai,2020-05-06T14:58:24Z,fixing merge conflicts,https://github.com/BCStudentSoftwareDevTeam/lsf/commit/7a17eb3b1cd9849821d5674301fd2b5c122689c4
lsf,22d43918932ebbb3b205b74424fcb9214023fe87,elajamali,User,Hila Manalai,2020-05-06T13:47:25Z,fixed merge conflict,https://github.com/BCStudentSoftwareDevTeam/lsf/commit/22d43918932ebbb3b205b74424fcb9214023fe87
lsf,396353f60141d0d3044c55d95e1dd98adc0e684d,elajamali,User,Hila Manalai,2020-05-05T18:00:26Z,fixing the hours count for overload form,https://github.com/BCStudentSoftwareDevTeam/lsf/commit/396353f60141d0d3044c55d95e1dd98adc0e684d
lsf,cc85a777bdc264829e489e56672265ef64d5db2f,elajamali,User,Hila Manalai,2020-05-05T17:38:04Z,merging branch 114,https://github.com/BCStudentSoftwareDevTeam/lsf/commit/cc85a777bdc264829e489e56672265ef64d5db2f
lsf,e0d662410ca07aef36c0d34311d3bfd922752eaf,Hila Manalai,,Hila Manalai,2020-05-05T15:14:59Z,added comments,https://github.com/BCStudentSoftwareDevTeam/lsf/commit/e0d662410ca07aef36c0d34311d3bfd922752eaf
lsf,304e101b674540291e3ac450813180f07bc88b55,Jamaliela,User,BrianRamsay,2020-05-11T13:52:42Z,"Merged in issue122 (pull request #82)

Department Out of Compliance Handling Fix

Approved-by: Brian Ramsay",https://github.com/BCStudentSoftwareDevTeam/lsf/commit/304e101b674540291e3ac450813180f07bc88b55
lsf,1cae28d18e030a8a5a16be0ff2cc06856f69bda5,escalerapadronl,User,BrianRamsay,2020-05-11T13:05:54Z,"Merged in issue117 (pull request #78)

Added Pending Overload Forms counter

Approved-by: Brian Ramsay",https://github.com/BCStudentSoftwareDevTeam/lsf/commit/1cae28d18e030a8a5a16be0ff2cc06856f69bda5
lsf,bf0b101158f98352629f057b62ef4e632177ebd3,Guillermo Cruz,,BrianRamsay,2020-05-11T13:05:07Z,"Merged in denyPending2 (pull request #84)

Admin Denial Reason

Approved-by: Brian Ramsay",https://github.com/BCStudentSoftwareDevTeam/lsf/commit/bf0b101158f98352629f057b62ef4e632177ebd3
lsf,a5d798d3d2fa3cecb41be9b178f01067aecee968,Hila Manalai,,Hila Manalai,2020-05-05T15:14:59Z,added comments,https://github.com/BCStudentSoftwareDevTeam/lsf/commit/a5d798d3d2fa3cecb41be9b178f01067aecee968
lsf,5f8ead3306803b32e5c6cf4179218008e8e9e2bc,Hila Manalai,,Hila Manalai,2020-05-05T15:09:42Z,added second commit,https://github.com/BCStudentSoftwareDevTeam/lsf/commit/5f8ead3306803b32e5c6cf4179218008e8e9e2bc
lsf,4b3ec5eb6fb35296b60fb0028be9a5cac8af779f,Hila Manalai,,Hila Manalai,2020-05-11T12:52:16Z,added needed changes from first commit,https://github.com/BCStudentSoftwareDevTeam/lsf/commit/4b3ec5eb6fb35296b60fb0028be9a5cac8af779f
lsf,a3a2e4b596ea2c74c7bc7980775369ef0a30c9f5,Hila Manalai,,Hila Manalai,2020-05-11T12:31:11Z,Merge branch 'development' of https://bitbucket.org/laborstudents/lsf-flask into issue122,https://github.com/BCStudentSoftwareDevTeam/lsf/commit/a3a2e4b596ea2c74c7bc7980775369ef0a30c9f5
lsf,f5062bcf38c9d2ea71240210912ccdc0b12b60f7,Hila Manalai,,Hila Manalai,2020-05-11T12:30:36Z,Merge branch 'development' of https://bitbucket.org/laborstudents/lsf-flask into development,https://github.com/BCStudentSoftwareDevTeam/lsf/commit/f5062bcf38c9d2ea71240210912ccdc0b12b60f7
lsf,3c0031120eab456e49e892d2112ae07d1a997adf,Hila Manalai,,Hila Manalai,2020-05-11T12:25:45Z,fixed the issue with multiple function calls,https://github.com/BCStudentSoftwareDevTeam/lsf/commit/3c0031120eab456e49e892d2112ae07d1a997adf
lsf,4aa474b73b3d4f4b9fd18e422acac8909b4b819f,ovezovs,,ovezovs,2020-05-08T21:01:49Z,Started fixing the redirect issue after modifying an lsf,https://github.com/BCStudentSoftwareDevTeam/lsf/commit/4aa474b73b3d4f4b9fd18e422acac8909b4b819f
lsf,6a047664dc55a3ec8e02914fafd1982837250c38,ovezovs,,ovezovs,2020-05-08T20:08:45Z,New Branch,https://github.com/BCStudentSoftwareDevTeam/lsf/commit/6a047664dc55a3ec8e02914fafd1982837250c38
lsf,1e74b526b046454cce92ddd4d2d844f59883e7ed,Luis Riera,,Luis Riera,2020-05-08T19:48:12Z,"Changed the button state for Overload forms and the overload modal of labor history will show both the Modify button and the Withdraw button, when appropriate.",https://github.com/BCStudentSoftwareDevTeam/lsf/commit/1e74b526b046454cce92ddd4d2d844f59883e7ed
lsf,27f916bfcced617ddb850aa4537f8970e3d68f99,GuillermoCruz32,User,GuillermoCruz32,2020-05-08T19:35:29Z,Fixed the pending forms modal UI so that now admins have to enter a reason for denial,https://github.com/BCStudentSoftwareDevTeam/lsf/commit/27f916bfcced617ddb850aa4537f8970e3d68f99
lsf,8234684060c569ad126beedaa3565181d11117bb,ovezovs,,ovezovs,2020-05-08T19:21:48Z,New Branch issue125,https://github.com/BCStudentSoftwareDevTeam/lsf/commit/8234684060c569ad126beedaa3565181d11117bb
lsf,24b759f61b1a7a52878a71592a5e196bd6159fbf,ovezovs,,ovezovs,2020-05-08T18:03:14Z,fixing merge conflicts,https://github.com/BCStudentSoftwareDevTeam/lsf/commit/24b759f61b1a7a52878a71592a5e196bd6159fbf
lsf,f4f2336ef7a62f3c873a1113a9a4357f51a1b4e6,ovezovs,,ovezovs,2020-05-08T17:55:12Z,Refactored the userInsert() function in lsf by creating multiple smaller functions in userInsertFunctions.py,https://github.com/BCStudentSoftwareDevTeam/lsf/commit/f4f2336ef7a62f3c873a1113a9a4357f51a1b4e6
lsf,e2433c70d54dd90e742e21359cf448baca92fd74,escalerapadronl,,escalerapadronl,2020-05-08T17:45:49Z,renamed the variable OverloadFormCounter to overloadFormCounter to fit style guides.,https://github.com/BCStudentSoftwareDevTeam/lsf/commit/e2433c70d54dd90e742e21359cf448baca92fd74
lsf,6dbc2a853b1230a08ad849c43340fffea2dbb8a5,escalerapadronl,,escalerapadronl,2020-05-08T17:38:06Z,Started refactoring controller to take in denial reasons,https://github.com/BCStudentSoftwareDevTeam/lsf/commit/6dbc2a853b1230a08ad849c43340fffea2dbb8a5
lsf,fb370115f65d2b515dd0c866365b5dc0ac0ceba0,Luis Riera,,Luis Riera,2020-05-08T17:24:24Z,Meged with development and deleted useless logs.,https://github.com/BCStudentSoftwareDevTeam/lsf/commit/fb370115f65d2b515dd0c866365b5dc0ac0ceba0
lsf,0812b055d543ca8e6bdd9f6c2e5befde24924fad,Luis Riera,,Luis Riera,2020-05-08T16:34:51Z,Merge branch 'issue102' of https://bitbucket.org/laborstudents/lsf-flask into issue102,https://github.com/BCStudentSoftwareDevTeam/lsf/commit/0812b055d543ca8e6bdd9f6c2e5befde24924fad
lsf,5766768ef9bb22ea27480e0fa59265b42769a764,ovezovs,,ovezovs,2020-05-08T16:05:57Z,pushing temporary tests,https://github.com/BCStudentSoftwareDevTeam/lsf/commit/5766768ef9bb22ea27480e0fa59265b42769a764
lsf,223da2f5331ed931de7e87177cbdb3f1eebf43c7,Hila Manalai,,Hila Manalai,2020-05-08T15:53:33Z,deleted stutotalhours from js file because it is not used at all,https://github.com/BCStudentSoftwareDevTeam/lsf/commit/223da2f5331ed931de7e87177cbdb3f1eebf43c7
lsf,f90be22fb6551a7e0eb3024585c8fbd2887b2fd8,Hila Manalai,,Hila Manalai,2020-05-08T15:36:11Z,Merge branch 'development' of https://bitbucket.org/laborstudents/lsf-flask into development,https://github.com/BCStudentSoftwareDevTeam/lsf/commit/f90be22fb6551a7e0eb3024585c8fbd2887b2fd8
lsf,53fca825680d6b38a0272c0254a0fe59329bb204,Hila Manalai,,Hila Manalai,2020-05-08T15:35:34Z,Merge branch 'development' of https://bitbucket.org/laborstudents/lsf-flask into issue122,https://github.com/BCStudentSoftwareDevTeam/lsf/commit/53fca825680d6b38a0272c0254a0fe59329bb204
lsf,0ff7b00c0a7b5dab1291e25fe28583e6217b2c61,Hila Manalai,,Hila Manalai,2020-05-08T15:34:47Z,done with issue 122,https://github.com/BCStudentSoftwareDevTeam/lsf/commit/0ff7b00c0a7b5dab1291e25fe28583e6217b2c61
lsf,05c84a864c511683c84f669449c8525156356f1e,Jamaliela,User,BrianRamsay,2020-05-08T15:19:40Z,"Merged in issue119 (pull request #79)

LSF Submission Modal Fix

Approved-by: Brian Ramsay",https://github.com/BCStudentSoftwareDevTeam/lsf/commit/05c84a864c511683c84f669449c8525156356f1e
lsf,6b8dd64cf1e71d5ebfe9876429544afbb8c71626,Luis Riera,,Luis Riera,2020-05-08T14:10:07Z,Merge branch 'development' into issue102,https://github.com/BCStudentSoftwareDevTeam/lsf/commit/6b8dd64cf1e71d5ebfe9876429544afbb8c71626
lsf,83e97731476b95fb166e71f87358573c6b029947,escalerapadronl,User,BrianRamsay,2020-05-08T13:49:17Z,"Merged in issue120 (pull request #74)

Modify and Adjustment: Supervisor Select Picker

Approved-by: Brian Ramsay",https://github.com/BCStudentSoftwareDevTeam/lsf/commit/83e97731476b95fb166e71f87358573c6b029947
lsf,8eac9d8e8da504d7f69b79be0fa280416bfcc6e5,Guillermo Cruz,,BrianRamsay,2020-05-08T13:32:23Z,"Merged in issue12Update (pull request #80)

Labor Status Form Adjustment Restriction

Approved-by: Brian Ramsay",https://github.com/BCStudentSoftwareDevTeam/lsf/commit/8eac9d8e8da504d7f69b79be0fa280416bfcc6e5
lsf,4ab01b5a28aa57984a8594bc46a59a8a7a3e0f12,ovezovs,,ovezovs,2020-05-07T22:05:01Z,Refactored userInsert() function by breaking down into several functions,https://github.com/BCStudentSoftwareDevTeam/lsf/commit/4ab01b5a28aa57984a8594bc46a59a8a7a3e0f12
lsf,7ebedd9f77897645a9e90a76e998c8806dd64760,GuillermoCruz32,User,GuillermoCruz32,2020-05-07T18:46:31Z,Fixed the date pickers so that the glyphicons appear in the correct location,https://github.com/BCStudentSoftwareDevTeam/lsf/commit/7ebedd9f77897645a9e90a76e998c8806dd64760
lsf,5f000cdd4ad6492e0a81c3b83d258d829187389c,GuillermoCruz32,User,GuillermoCruz32,2020-05-07T15:54:11Z,"Finished the issue and manage terms now has another date picker, and the adjusment button will now disappear correctly",https://github.com/BCStudentSoftwareDevTeam/lsf/commit/5f000cdd4ad6492e0a81c3b83d258d829187389c
lsf,c48dab411e2b5e722fe25dff1c771c762c60f51b,ovezovs,,ovezovs,2020-05-07T15:31:34Z,fixing merge conflict,https://github.com/BCStudentSoftwareDevTeam/lsf/commit/c48dab411e2b5e722fe25dff1c771c762c60f51b
lsf,faaf1de669bdb0c23a1fb483b45699e7adbb579e,elajamali,User,elajamali,2020-05-07T15:27:36Z,got rid of useless comments,https://github.com/BCStudentSoftwareDevTeam/lsf/commit/faaf1de669bdb0c23a1fb483b45699e7adbb579e
lsf,0b06c70cbd3f5318e3a8d512ac514642ee09d5c6,ovezovs,,ovezovs,2020-05-07T15:24:22Z,new branch 1st commit,https://github.com/BCStudentSoftwareDevTeam/lsf/commit/0b06c70cbd3f5318e3a8d512ac514642ee09d5c6
lsf,2595eaa9e93d36a92557430d2b3b10c256f868c3,Hila Manalai,,Hila Manalai,2020-05-07T15:21:37Z,fixed issue 119,https://github.com/BCStudentSoftwareDevTeam/lsf/commit/2595eaa9e93d36a92557430d2b3b10c256f868c3
lsf,2e9503476f93d8573e241cd03aa69f4290eb0d9f,elajamali,User,elajamali,2020-05-07T14:11:56Z,Duplicates for adding overload form in py file,https://github.com/BCStudentSoftwareDevTeam/lsf/commit/2e9503476f93d8573e241cd03aa69f4290eb0d9f
lsf,f1200ceb427b66914fcf2fa98236c6aeb2faddd0,escalerapadronl,,escalerapadronl,2020-05-07T14:08:58Z,Lowercased the first letter in the variable OverloadFormCounter to fit style guides.,https://github.com/BCStudentSoftwareDevTeam/lsf/commit/f1200ceb427b66914fcf2fa98236c6aeb2faddd0
lsf,12033e9cec8b62e4a48b37f662f8ed22fdc622b6,GuillermoCruz32,User,GuillermoCruz32,2020-05-07T14:07:49Z,Deleted print statements that were left behind,https://github.com/BCStudentSoftwareDevTeam/lsf/commit/12033e9cec8b62e4a48b37f662f8ed22fdc622b6
lsf,12104551a426c3449df3b55738db60854ccdc74f,GuillermoCruz32,User,GuillermoCruz32,2020-05-07T14:03:01Z,Changed the models and added a updated the controller to take in a cut off date for adjusment,https://github.com/BCStudentSoftwareDevTeam/lsf/commit/12104551a426c3449df3b55738db60854ccdc74f
lsf,02f098a2541d10d25f8c9b14efebf5a377bc84c8,GuillermoCruz32,User,GuillermoCruz32,2020-05-06T20:41:42Z,Made an initial change to the dropdown in manage terms to see if it could fit in another column of date-pickers,https://github.com/BCStudentSoftwareDevTeam/lsf/commit/02f098a2541d10d25f8c9b14efebf5a377bc84c8
lsf,c9b13c2eb7c63656a3c34e71c2f5b784ca2ee1a3,escalerapadronl,,escalerapadronl,2020-05-06T18:28:35Z,added a counter to the pending Overload froms tab in the Pending Forms section,https://github.com/BCStudentSoftwareDevTeam/lsf/commit/c9b13c2eb7c63656a3c34e71c2f5b784ca2ee1a3
lsf,9a0ca0abbecb70b13d5bab624626245fa658f8a8,escalerapadronl,,escalerapadronl,2020-05-06T16:54:07Z,Added a conditional to dismiss #flasher if there is already one showing on the screen,https://github.com/BCStudentSoftwareDevTeam/lsf/commit/9a0ca0abbecb70b13d5bab624626245fa658f8a8
lsf,b4def7060cf3a5e48661deba79665bea23b904bf,Luis Riera,,Luis Riera,2020-05-06T14:01:05Z,Test commit,https://github.com/BCStudentSoftwareDevTeam/lsf/commit/b4def7060cf3a5e48661deba79665bea23b904bf
lsf,ae34f5b373a745a1ea2131f816eed3e5d128c053,Luis Riera,,Luis Riera,2020-05-06T13:33:13Z,The notes now display in reverse chronological order.,https://github.com/BCStudentSoftwareDevTeam/lsf/commit/ae34f5b373a745a1ea2131f816eed3e5d128c053
lsf,c5b6fd0d929de18f11925ebb62bf483f45844cd8,Hila Manalai,,Hila Manalai,2020-05-06T12:14:00Z,Merge branch 'development' of https://bitbucket.org/laborstudents/lsf-flask into development,https://github.com/BCStudentSoftwareDevTeam/lsf/commit/c5b6fd0d929de18f11925ebb62bf483f45844cd8
lsf,9571500b2f6a1e71247b400d63dcf705c039a1c8,GuillermoCruz32,User,GuillermoCruz32,2020-05-05T20:27:08Z,Merge branch 'development' into issue120,https://github.com/BCStudentSoftwareDevTeam/lsf/commit/9571500b2f6a1e71247b400d63dcf705c039a1c8
lsf,43dffbffdf45696f93dd84633828917e99819829,GuillermoCruz32,User,GuillermoCruz32,2020-05-05T20:25:04Z,"Fixed the select pickers from adjustment and modify pages, and fixed email handler",https://github.com/BCStudentSoftwareDevTeam/lsf/commit/43dffbffdf45696f93dd84633828917e99819829
lsf,6f1da3d268b7b4617a100ad48c6f17ccaaf78bd7,ovezovs,,ovezovs,2020-05-05T19:43:56Z,Each note can be saved in the new table; designed the notes log to easily distinguish the fields,https://github.com/BCStudentSoftwareDevTeam/lsf/commit/6f1da3d268b7b4617a100ad48c6f17ccaaf78bd7
lsf,8def24f8663e5ee29799b63177ac8c56859b4f4e,Guillermo Cruz,,BrianRamsay,2020-05-05T17:52:33Z,"Merged in issue116 (pull request #72)

Admin Management Select Pickers

Approved-by: Brian Ramsay",https://github.com/BCStudentSoftwareDevTeam/lsf/commit/8def24f8663e5ee29799b63177ac8c56859b4f4e
lsf,3621080a9504ae1f23046ea1b233a8b6f48d182a,Guillermo Cruz,,BrianRamsay,2020-05-05T17:52:07Z,"Merged in issue115 (pull request #71)

Duplicated Email Templates

Approved-by: Brian Ramsay",https://github.com/BCStudentSoftwareDevTeam/lsf/commit/3621080a9504ae1f23046ea1b233a8b6f48d182a
lsf,b0bc1ef74cfcee5b74689cc4b2c645063858d6bb,Hila Manalai,,Hila Manalai,2020-05-05T17:51:34Z,Merge branch 'development' of https://bitbucket.org/laborstudents/lsf-flask into development,https://github.com/BCStudentSoftwareDevTeam/lsf/commit/b0bc1ef74cfcee5b74689cc4b2c645063858d6bb
lsf,181bb43f5d3ad9a87d1f33df3d8f5800dd5a16c1,Guillermo Cruz,,BrianRamsay,2020-05-05T17:50:33Z,"Merged in issue81 (pull request #70)

Admin and Non-Admin View

Approved-by: Brian Ramsay",https://github.com/BCStudentSoftwareDevTeam/lsf/commit/181bb43f5d3ad9a87d1f33df3d8f5800dd5a16c1
lsf,dfc0a8b874ccd2c513523db0b1d9f5b426fa23e4,Hila Manalai,,Hila Manalai,2020-05-05T17:14:26Z,Merge branch 'development' of https://bitbucket.org/laborstudents/lsf-flask into development,https://github.com/BCStudentSoftwareDevTeam/lsf/commit/dfc0a8b874ccd2c513523db0b1d9f5b426fa23e4
lsf,79e8e0107b273b80d4c9da998cb9400cc96d5eb8,Luis Riera,,Luis Riera,2020-05-05T15:36:10Z,Pushed files that modify database,https://github.com/BCStudentSoftwareDevTeam/lsf/commit/79e8e0107b273b80d4c9da998cb9400cc96d5eb8
lsf,f9a10811c43d0dd06311aa917ccf9fd50319feec,GuillermoCruz32,User,GuillermoCruz32,2020-05-05T13:30:05Z,Fixed the select pickers in Admin management UI,https://github.com/BCStudentSoftwareDevTeam/lsf/commit/f9a10811c43d0dd06311aa917ccf9fd50319feec
lsf,c3a700463db627facec8d05a0d224599599487bc,Luis Riera,,Luis Riera,2020-05-04T21:16:38Z,"Created table for labor department notes, pulls notes from the table and shows them in the modal.",https://github.com/BCStudentSoftwareDevTeam/lsf/commit/c3a700463db627facec8d05a0d224599599487bc
lsf,c97eecc324d148dcdbcf2482090c04d941aeebe9,GuillermoCruz32,User,GuillermoCruz32,2020-05-04T20:15:33Z,Added a requirement for cx-Oracle,https://github.com/BCStudentSoftwareDevTeam/lsf/commit/c97eecc324d148dcdbcf2482090c04d941aeebe9
lsf,2e75007328dd61a8a52bad01f941f080a3b740e8,GuillermoCruz32,User,GuillermoCruz32,2020-05-04T20:07:25Z,"Fixed the demo_data.py file so that email templates are not duplicating, and the select picker will not populate correctly",https://github.com/BCStudentSoftwareDevTeam/lsf/commit/2e75007328dd61a8a52bad01f941f080a3b740e8
lsf,53ad23ec70550873376d9f3f53b146ecec4ff12d,GuillermoCruz32,User,GuillermoCruz32,2020-05-04T18:32:21Z,"Did not need to make any changes, only tested the branch",https://github.com/BCStudentSoftwareDevTeam/lsf/commit/53ad23ec70550873376d9f3f53b146ecec4ff12d
lsf,b514d684dbc95b3aab9ea736d63c2e10b2c371be,Hila Manalai,,Hila Manalai,2020-05-04T17:55:43Z,figured the issue for why the modal pops up,https://github.com/BCStudentSoftwareDevTeam/lsf/commit/b514d684dbc95b3aab9ea736d63c2e10b2c371be
lsf,1290fd5cad0d1c7ffaef68457e04687afd53435c,BriaW,,BriaW,2020-04-28T18:28:36Z,about to pull,https://github.com/BCStudentSoftwareDevTeam/lsf/commit/1290fd5cad0d1c7ffaef68457e04687afd53435c
lsf,9e7d06456678f4c7eda9955ad7789531afbe0398,BriaW,,BriaW,2020-04-09T13:16:20Z,saving changes for branch,https://github.com/BCStudentSoftwareDevTeam/lsf/commit/9e7d06456678f4c7eda9955ad7789531afbe0398
lsf,6e3d3bbe058ae6b5648ce5d93c83e6997e7f5ab9,BriaW,,BriaW,2020-03-23T15:56:47Z,another minor problem,https://github.com/BCStudentSoftwareDevTeam/lsf/commit/6e3d3bbe058ae6b5648ce5d93c83e6997e7f5ab9
lsf,f50b1ef9246bd9e232688a330b753e154b9c5059,BriaW,,BriaW,2020-03-23T15:51:34Z,fixes a minor problem found within another problem,https://github.com/BCStudentSoftwareDevTeam/lsf/commit/f50b1ef9246bd9e232688a330b753e154b9c5059
lsf,7f8fd2cf4f111b7d88f2e4fc1053914b11bbdc2b,BriaW,,BriaW,2020-03-20T20:15:02Z,fixing merge conflict,https://github.com/BCStudentSoftwareDevTeam/lsf/commit/7f8fd2cf4f111b7d88f2e4fc1053914b11bbdc2b
lsf,8cf056f6ad2e23ca62ec1514b9081caf47d5d680,BriaW,,BriaW,2020-03-19T22:02:49Z,saving changes,https://github.com/BCStudentSoftwareDevTeam/lsf/commit/8cf056f6ad2e23ca62ec1514b9081caf47d5d680
lsf,5f58352c4ef1baedc6831ba5e26657d2f39a361f,Hila Manalai,,BrianRamsay,2020-03-19T18:14:13Z,"Merged in issue101 (pull request #63)

Fixes Issue101 | Sending Email on Break Labor Status Form",https://github.com/BCStudentSoftwareDevTeam/lsf/commit/5f58352c4ef1baedc6831ba5e26657d2f39a361f
lsf,a4c6a15c06a38325b752bbdd30c0bc4215946d1f,GuillermoCruz32,User,BrianRamsay,2020-03-19T17:51:21Z,"Merged in issue109 (pull request #65)

Refactor Adjustment Form

Approved-by: Brian Ramsay",https://github.com/BCStudentSoftwareDevTeam/lsf/commit/a4c6a15c06a38325b752bbdd30c0bc4215946d1f
lsf,decc1cfc6dabd9c30d6ff4ad52d731e69df128c0,Jamaliela,User,BrianRamsay,2020-03-19T17:50:26Z,"Merged in issue88 (pull request #64)

Modify LSF Interface Update

Approved-by: Brian Ramsay",https://github.com/BCStudentSoftwareDevTeam/lsf/commit/decc1cfc6dabd9c30d6ff4ad52d731e69df128c0
lsf,2f7aed09e6a1f1b609967b08099ac2a1232dd3c6,OtienoAnne,User,OtienoAnne,2020-03-12T15:12:42Z,Sent contract dates. Contract hours is still not working.,https://github.com/BCStudentSoftwareDevTeam/lsf/commit/2f7aed09e6a1f1b609967b08099ac2a1232dd3c6
lsf,3630509507e4a3d24211b1560f13756e1b30e8a5,GuillermoCruz32,User,GuillermoCruz32,2020-03-11T20:44:31Z,Taking out Ela's email stuff,https://github.com/BCStudentSoftwareDevTeam/lsf/commit/3630509507e4a3d24211b1560f13756e1b30e8a5
lsf,b503ffc3264d8bb955436a735ad6a63b630e579b,GuillermoCruz32,User,GuillermoCruz32,2020-03-11T19:52:45Z,Fixed the issues with adjustmentLSF,https://github.com/BCStudentSoftwareDevTeam/lsf/commit/b503ffc3264d8bb955436a735ad6a63b630e579b
lsf,ba769b7e86ed3e2b3969094a4519e43e3291266e,elajamali,User,elajamali,2020-03-11T18:57:25Z,quick change in email,https://github.com/BCStudentSoftwareDevTeam/lsf/commit/ba769b7e86ed3e2b3969094a4519e43e3291266e
lsf,a15abad4255719101699596d4b631ab62249b17f,elajamali,User,elajamali,2020-03-11T18:38:24Z,got rid of my email,https://github.com/BCStudentSoftwareDevTeam/lsf/commit/a15abad4255719101699596d4b631ab62249b17f
lsf,0c55487420fe1e22bac506145dc85471baab3baa,elajamali,User,elajamali,2020-03-11T17:57:57Z,fixed merge conflicts,https://github.com/BCStudentSoftwareDevTeam/lsf/commit/0c55487420fe1e22bac506145dc85471baab3baa
lsf,1d78efbbb21f749837b9a2d8a896db35fb298345,elajamali,User,elajamali,2020-03-11T17:47:12Z,wrapping up issue88,https://github.com/BCStudentSoftwareDevTeam/lsf/commit/1d78efbbb21f749837b9a2d8a896db35fb298345
lsf,04ebede6e64fc937ad9a0a23abd501523733fb8a,OtienoAnne,User,OtienoAnne,2020-03-10T16:11:02Z, The notes are all loading correctly now. Working on current hours.,https://github.com/BCStudentSoftwareDevTeam/lsf/commit/04ebede6e64fc937ad9a0a23abd501523733fb8a
lsf,d083b749b2567392ef263b115c193e03f3671d9c,Hila Manalai,,Hila Manalai,2020-03-10T15:43:44Z,done with issue 101,https://github.com/BCStudentSoftwareDevTeam/lsf/commit/d083b749b2567392ef263b115c193e03f3671d9c
lsf,e89dbea757a57a2dc7e7318db06f0088ae97434c,OtienoAnne,User,OtienoAnne,2020-03-10T14:10:45Z,Adding any pending changes.,https://github.com/BCStudentSoftwareDevTeam/lsf/commit/e89dbea757a57a2dc7e7318db06f0088ae97434c
lsf,40c07e8ae4fa2c39bcd4a98ade2967b835f2542f,GuillermoCruz32,User,GuillermoCruz32,2020-03-09T21:04:40Z,"Fixed our redirection issue, and now cleaning the code",https://github.com/BCStudentSoftwareDevTeam/lsf/commit/40c07e8ae4fa2c39bcd4a98ade2967b835f2542f
lsf,08c1a369afb1348dbe06013b93d0afeb6408666a,Luis Riera,,Luis Riera,2020-03-09T19:22:29Z,Fixed merge conflicts.,https://github.com/BCStudentSoftwareDevTeam/lsf/commit/08c1a369afb1348dbe06013b93d0afeb6408666a
lsf,7fb8e151611d2f2c363f7f472f624ab90237a6f0,GuillermoCruz32,User,GuillermoCruz32,2020-03-09T18:54:31Z,Merge branch 'issue88' of https://bitbucket.org/laborstudents/lsf-flask into issue88,https://github.com/BCStudentSoftwareDevTeam/lsf/commit/7fb8e151611d2f2c363f7f472f624ab90237a6f0
lsf,66aef3b9b507ea95f5373ec4ed22067188605fc7,GuillermoCruz32,User,GuillermoCruz32,2020-03-09T18:54:03Z,Merge branch 'development' of https://bitbucket.org/laborstudents/lsf-flask into issue88,https://github.com/BCStudentSoftwareDevTeam/lsf/commit/66aef3b9b507ea95f5373ec4ed22067188605fc7
lsf,f88fc03a398d3205ae39e842da775581d81c155a,GuillermoCruz32,User,GuillermoCruz32,2020-03-09T18:51:43Z,Making a commit to fix branch,https://github.com/BCStudentSoftwareDevTeam/lsf/commit/f88fc03a398d3205ae39e842da775581d81c155a
lsf,94fce930d217981c997b92ffcd0d20a204a323a9,elajamali,User,elajamali,2020-03-09T17:32:38Z,some changes with pushing back the ajax call,https://github.com/BCStudentSoftwareDevTeam/lsf/commit/94fce930d217981c997b92ffcd0d20a204a323a9
lsf,d6850a78157a887b967ee758f22dab435594bcd3,elajamali,User,elajamali,2020-03-09T17:05:08Z,Merge branch 'issue88' of https://bitbucket.org/laborstudents/lsf-flask into issue88,https://github.com/BCStudentSoftwareDevTeam/lsf/commit/d6850a78157a887b967ee758f22dab435594bcd3
lsf,8ad0e2a01e5b0d781f3566a0ba6ee8fb11fdc1f1,elajamali,User,elajamali,2020-03-09T17:04:49Z,Merge branch 'development' of https://bitbucket.org/laborstudents/lsf-flask into issue88,https://github.com/BCStudentSoftwareDevTeam/lsf/commit/8ad0e2a01e5b0d781f3566a0ba6ee8fb11fdc1f1
lsf,971fdf4ada372ae6c28a7d317872fe58ec07654a,Hila Manalai,,Hila Manalai,2020-03-09T15:50:43Z,done with sending emails correctly,https://github.com/BCStudentSoftwareDevTeam/lsf/commit/971fdf4ada372ae6c28a7d317872fe58ec07654a
lsf,45bbf47b73f05d977b7d0571b6d6c75e01fc83ef,grrdsoto,User,grrdsoto,2020-03-06T21:30:34Z,redoing commit for issue99 branch...,https://github.com/BCStudentSoftwareDevTeam/lsf/commit/45bbf47b73f05d977b7d0571b6d6c75e01fc83ef
lsf,2ab5d1818ea30251371f721b65e9b2d160f9cb21,Alex Bryant,,Alex Bryant,2020-03-05T16:27:30Z,made the lsf interface check if a freshman has a wls greater than one and puts it in the labor department notes.,https://github.com/BCStudentSoftwareDevTeam/lsf/commit/2ab5d1818ea30251371f721b65e9b2d160f9cb21
lsf,a51a59a6d550d8ec0e8e004332964073993c7d71,Alex Bryant,,Alex Bryant,2020-03-04T22:28:49Z,Fixed little bug with select picker.,https://github.com/BCStudentSoftwareDevTeam/lsf/commit/a51a59a6d550d8ec0e8e004332964073993c7d71
lsf,abf956c6e2ac660f1155a4099219ab065d1845d6,Alex Bryant,,Alex Bryant,2020-03-04T18:23:42Z,added function to check if freshman has a secondary position.,https://github.com/BCStudentSoftwareDevTeam/lsf/commit/abf956c6e2ac660f1155a4099219ab065d1845d6
lsf,f115c570e1b134d65c8425ed0a79e8fb6c3aa585,Alex Bryant,,Alex Bryant,2020-03-03T14:51:04Z,added a hashtag,https://github.com/BCStudentSoftwareDevTeam/lsf/commit/f115c570e1b134d65c8425ed0a79e8fb6c3aa585
lsf,fca2051051e04e63b4fcb120e1e984fe6125c8d6,Alex Bryant,,Alex Bryant,2020-03-02T19:18:17Z,"Made the notes detect when empty, changed formatting, and display no notes message when there are no notes.",https://github.com/BCStudentSoftwareDevTeam/lsf/commit/fca2051051e04e63b4fcb120e1e984fe6125c8d6
lsf,da32b599eccbac453b3fb6630ade4c2ab94c2f14,Alex Bryant,,Alex Bryant,2020-02-28T19:47:11Z,Got the user name attached to the note in the log with proper formatting.,https://github.com/BCStudentSoftwareDevTeam/lsf/commit/da32b599eccbac453b3fb6630ade4c2ab94c2f14
lsf,735ff6b733b20f1f6fd3f34be4cd73ae4bcfb9f2,Alex Bryant,,Alex Bryant,2020-02-27T22:12:11Z,Trying to get the username into the rsp string.,https://github.com/BCStudentSoftwareDevTeam/lsf/commit/735ff6b733b20f1f6fd3f34be4cd73ae4bcfb9f2
lsf,d9891ac17876a40173fdf0a77579246ae7b81d4c,OtienoAnne,User,OtienoAnne,2020-02-27T17:21:04Z,Hours are now populating correctly.,https://github.com/BCStudentSoftwareDevTeam/lsf/commit/d9891ac17876a40173fdf0a77579246ae7b81d4c
lsf,a219c5d7c5be06b62f05afb54d3425bfa1009436,GuillermoCruz32,User,GuillermoCruz32,2020-02-27T16:52:35Z,Trying to change the AJAX to see if we can redirect in a different way,https://github.com/BCStudentSoftwareDevTeam/lsf/commit/a219c5d7c5be06b62f05afb54d3425bfa1009436
lsf,19392a9fc46d7dbaf69670765453450375409b09,Alex Bryant,,Alex Bryant,2020-02-27T16:46:19Z,changed height in the modal css to max-height to make it adjust.,https://github.com/BCStudentSoftwareDevTeam/lsf/commit/19392a9fc46d7dbaf69670765453450375409b09
lsf,0104b771c91e5db8707635e64d63e5b84f84b299,Alex Bryant,,Alex Bryant,2020-02-27T16:37:01Z,Added a scrollbar to the area in the modal for the notes log.,https://github.com/BCStudentSoftwareDevTeam/lsf/commit/0104b771c91e5db8707635e64d63e5b84f84b299
lsf,1b62100b519235526883545b18d926230e6f047e,Alex Bryant,,Alex Bryant,2020-02-27T16:13:43Z,Merge branch 'Issue86' of https://bitbucket.org/laborstudents/lsf-flask into Issue86,https://github.com/BCStudentSoftwareDevTeam/lsf/commit/1b62100b519235526883545b18d926230e6f047e
lsf,b79512245001eabcd71645ade2728a2f7e47b624,Alex Bryant,,Alex Bryant,2020-02-27T16:12:54Z,Created css file for the modal.,https://github.com/BCStudentSoftwareDevTeam/lsf/commit/b79512245001eabcd71645ade2728a2f7e47b624
lsf,ea06dea84f66260cb104d68e0fcbdf012c0ebc56,Luis Riera,,Luis Riera,2020-02-27T16:11:56Z,Database now stores Json for Labor Department notes and the formatting of the modal is more pleasing.,https://github.com/BCStudentSoftwareDevTeam/lsf/commit/ea06dea84f66260cb104d68e0fcbdf012c0ebc56
lsf,f0c4e8ad98e0174120c8d13d75f7bcf42953bfb1,Luis Riera,,Luis Riera,2020-02-27T14:12:13Z,The notes in the database are updated and now show every note added in reverse chronological order.,https://github.com/BCStudentSoftwareDevTeam/lsf/commit/f0c4e8ad98e0174120c8d13d75f7bcf42953bfb1
lsf,824712f61501b63aa161248cdd2bd1fae476196e,GuillermoCruz32,User,GuillermoCruz32,2020-02-26T22:15:42Z,Trying to fix the redirect after the email is sent using flask mail,https://github.com/BCStudentSoftwareDevTeam/lsf/commit/824712f61501b63aa161248cdd2bd1fae476196e
lsf,f6eda876ed9993c96b84883c4955e17492eafcdf,elajamali,User,elajamali,2020-02-26T18:22:02Z,Merge branch 'development' of https://bitbucket.org/laborstudents/lsf-flask into development,https://github.com/BCStudentSoftwareDevTeam/lsf/commit/f6eda876ed9993c96b84883c4955e17492eafcdf
lsf,10abd9586c20c47b9fdd8bddfb3633424d3523de,GuillermoCruz32,User,GuillermoCruz32,2020-02-26T18:21:34Z,Fixed the controller,https://github.com/BCStudentSoftwareDevTeam/lsf/commit/10abd9586c20c47b9fdd8bddfb3633424d3523de
lsf,c87f3a1bca8a469c610bc81f4b3b5b884edceb03,Hila Manalai,,Hila Manalai,2020-02-26T16:54:00Z,fixed the issue with emails,https://github.com/BCStudentSoftwareDevTeam/lsf/commit/c87f3a1bca8a469c610bc81f4b3b5b884edceb03
lsf,6c35b5b0e60774711155f9117bbb1819176974b4,GuillermoCruz32,User,GuillermoCruz32,2020-02-25T21:57:44Z,"The overload modal is now always coming up correctly on the UI, now we need to handle the cases for overload forms",https://github.com/BCStudentSoftwareDevTeam/lsf/commit/6c35b5b0e60774711155f9117bbb1819176974b4
lsf,d3644e8ceab65e89d736e9c0b2c0e4ccb1f6e3c3,bryantal,User,BrianRamsay,2020-02-25T21:56:05Z,"Merged in issue91 (pull request #55)

Fixes Issue #91: Labor Status Form: Multi-Select for Student Drop Down

Approved-by: Brian Ramsay",https://github.com/BCStudentSoftwareDevTeam/lsf/commit/d3644e8ceab65e89d736e9c0b2c0e4ccb1f6e3c3
lsf,ac6dad48cad264824cbcbe0acb3d78e4b71d42a1,bryantal,User,BrianRamsay,2020-02-25T21:53:52Z,"Merged in issue103 (pull request #54)

Fixes Issue #103: LaborStatusForm locks ""Supervisor"" and ""Department""

Approved-by: Brian Ramsay",https://github.com/BCStudentSoftwareDevTeam/lsf/commit/ac6dad48cad264824cbcbe0acb3d78e4b71d42a1
lsf,09faf1ce4dc0eaaeab4254c0f586846f5587bfa9,Hila Manalai,,Hila Manalai,2020-02-25T21:50:36Z,still working on issues with sending emails.,https://github.com/BCStudentSoftwareDevTeam/lsf/commit/09faf1ce4dc0eaaeab4254c0f586846f5587bfa9
lsf,a04f117a276ed76d6c29c939696ed78ca7b77533,Alex Bryant,,Alex Bryant,2020-02-25T21:47:48Z,"Restarted branch.  Added date to the notes, and notes save to the log below the text area.",https://github.com/BCStudentSoftwareDevTeam/lsf/commit/a04f117a276ed76d6c29c939696ed78ca7b77533
lsf,6bc081d2ff3e88670bb93b2cf2edad5d2cd75593,GuillermoCruz32,User,BrianRamsay,2020-02-25T21:47:24Z,"Merged in issue95 (pull request #53)

My Department View: Auto-fill Select Picker

Approved-by: Brian Ramsay",https://github.com/BCStudentSoftwareDevTeam/lsf/commit/6bc081d2ff3e88670bb93b2cf2edad5d2cd75593
lsf,f04778c9b2d5726e0297291740a11e3226b7ced0,Hila Manalai,,Hila Manalai,2020-02-24T22:06:04Z,fixing issue with emails,https://github.com/BCStudentSoftwareDevTeam/lsf/commit/f04778c9b2d5726e0297291740a11e3226b7ced0
lsf,b4b8d0a3abd5c24a1fe59c3e5b2a0998f84aee86,GuillermoCruz32,User,GuillermoCruz32,2020-02-24T21:56:11Z,Refactored modify.js to get rid of unesscary AJAX calls,https://github.com/BCStudentSoftwareDevTeam/lsf/commit/b4b8d0a3abd5c24a1fe59c3e5b2a0998f84aee86
lsf,213f00cc409806ec9c5a8d042b662f9f2d5d0666,Hila Manalai,,Hila Manalai,2020-02-24T16:50:17Z,finished sending emails to all supervisors and finished replacing primary supervisor name with the name from primary lsf,https://github.com/BCStudentSoftwareDevTeam/lsf/commit/213f00cc409806ec9c5a8d042b662f9f2d5d0666
lsf,41849f6b794cd7ee6e1cf9130c27624dc720c4bf,GuillermoCruz32,User,GuillermoCruz32,2020-02-21T15:30:47Z,"Fixed the weeklyHours issue on the HTML side, but the hours are getting wiped out inside of the javascript",https://github.com/BCStudentSoftwareDevTeam/lsf/commit/41849f6b794cd7ee6e1cf9130c27624dc720c4bf
lsf,edb4005ddfcbfeadd6ee106a0083cc8242440c49,OtienoAnne,User,OtienoAnne,2020-02-20T16:16:38Z,Modified the querry.,https://github.com/BCStudentSoftwareDevTeam/lsf/commit/edb4005ddfcbfeadd6ee106a0083cc8242440c49
lsf,dd9af269a8d67cc4bdc10c95e2960b589eabe2a6,Alex Bryant,,Alex Bryant,2020-02-20T15:15:59Z,"Got rid of the refresh Selectpickers function, and added the two lines that refresh just the student selectpicker.",https://github.com/BCStudentSoftwareDevTeam/lsf/commit/dd9af269a8d67cc4bdc10c95e2960b589eabe2a6
lsf,e591a1c0feb0d873f7d444565afcda82d43684e0,Luis Riera,,Luis Riera,2020-02-20T15:07:23Z,deleted test logs.,https://github.com/BCStudentSoftwareDevTeam/lsf/commit/e591a1c0feb0d873f7d444565afcda82d43684e0
lsf,680910c8bcd9e19211ffd8e6e2d1372107c6f005,Luis Riera,,Luis Riera,2020-02-20T15:02:29Z,Finised giving cookies an expiration date of 8 hours after their creation and reset every time they go into LSF.,https://github.com/BCStudentSoftwareDevTeam/lsf/commit/680910c8bcd9e19211ffd8e6e2d1372107c6f005
lsf,008c2b26ace3126b38c58efbd5934c7e40947e7f,GuillermoCruz32,User,GuillermoCruz32,2020-02-19T22:03:07Z,Trying to fix issue of newHours variable giving us an empty value.,https://github.com/BCStudentSoftwareDevTeam/lsf/commit/008c2b26ace3126b38c58efbd5934c7e40947e7f
lsf,81408da222b0e1e1a664dbee49be5e55434d32fd,Hila Manalai,,Hila Manalai,2020-02-19T16:51:50Z,working on sending emails,https://github.com/BCStudentSoftwareDevTeam/lsf/commit/81408da222b0e1e1a664dbee49be5e55434d32fd
lsf,a8c6a4de22f0ad81ed206edafcfe860ce2bd80e1,Luis Riera,,Luis Riera,2020-02-18T22:02:28Z,Fixed a few issues with the cookies and some that arose after pulling and merging with Development. The cookies now work as intended except for their expire time.,https://github.com/BCStudentSoftwareDevTeam/lsf/commit/a8c6a4de22f0ad81ed206edafcfe860ce2bd80e1
lsf,2f6636d6f78830bf58cbc8eedc5059e8a709b799,elajamali,User,elajamali,2020-02-18T21:55:43Z,working on handling the emails,https://github.com/BCStudentSoftwareDevTeam/lsf/commit/2f6636d6f78830bf58cbc8eedc5059e8a709b799
lsf,673e0ae6026debf3ea82bf7509263bbcc201ac04,GuillermoCruz32,User,GuillermoCruz32,2020-02-18T21:52:34Z,Started working on making the new UI for modify forms.,https://github.com/BCStudentSoftwareDevTeam/lsf/commit/673e0ae6026debf3ea82bf7509263bbcc201ac04
lsf,75fddf40655de91603442e8b1b053d2f83725554,Alex Bryant,,Alex Bryant,2020-02-18T21:33:57Z,Fixed the select fields for supervisor and department form disabling when they shouldn't.,https://github.com/BCStudentSoftwareDevTeam/lsf/commit/75fddf40655de91603442e8b1b053d2f83725554
lsf,c47150dd4d95390f477673acb6b89c615a4dd3e3,Alex Bryant,,Alex Bryant,2020-02-18T20:33:41Z,Merge branch 'development' into issue93,https://github.com/BCStudentSoftwareDevTeam/lsf/commit/c47150dd4d95390f477673acb6b89c615a4dd3e3
lsf,e3eb34071a3f5d13db16da7fa580bdca6efa033a,elajamali,User,elajamali,2020-02-18T18:59:10Z,Merge branch 'issue101' of https://bitbucket.org/laborstudents/lsf-flask into issue101,https://github.com/BCStudentSoftwareDevTeam/lsf/commit/e3eb34071a3f5d13db16da7fa580bdca6efa033a
lsf,a273b13f6d74a5dafa6f8f1dd1a644ecdc7cbe4e,elajamali,User,elajamali,2020-02-18T18:58:48Z,Merge branch 'development' of https://bitbucket.org/laborstudents/lsf-flask into issue101,https://github.com/BCStudentSoftwareDevTeam/lsf/commit/a273b13f6d74a5dafa6f8f1dd1a644ecdc7cbe4e
lsf,75d714b5b90d4497c1c56acfd4bc7f4ff6d1f6cd,elajamali,User,elajamali,2020-02-18T18:48:59Z,Merge branch 'development' of https://bitbucket.org/laborstudents/lsf-flask into development,https://github.com/BCStudentSoftwareDevTeam/lsf/commit/75d714b5b90d4497c1c56acfd4bc7f4ff6d1f6cd
lsf,238c797c74b70b3432fecb077ffb32e5d160546c,OtienoAnne,User,OtienoAnne,2020-02-18T17:33:40Z,Figured out there is a problem with the keys I am accessing to get the right data.,https://github.com/BCStudentSoftwareDevTeam/lsf/commit/238c797c74b70b3432fecb077ffb32e5d160546c
lsf,7b08d83e1620ff2ee5aad3527af381b2a9779fe4,Hila Manalai,,Hila Manalai,2020-02-18T16:55:32Z,added functions to a new file,https://github.com/BCStudentSoftwareDevTeam/lsf/commit/7b08d83e1620ff2ee5aad3527af381b2a9779fe4
lsf,6416a9051da7ddfcf38b9acb3d4e8dd24b9dd6eb,Hila Manalai,,Hila Manalai,2020-02-18T15:06:07Z,Merge branch 'issue101' of https://bitbucket.org/laborstudents/lsf-flask into issue101,https://github.com/BCStudentSoftwareDevTeam/lsf/commit/6416a9051da7ddfcf38b9acb3d4e8dd24b9dd6eb
lsf,ecfec440feeb2fa5025445d759b692dce78241aa,Hila Manalai,,Hila Manalai,2020-02-18T15:05:32Z,commented out the email hanlder in wrong place,https://github.com/BCStudentSoftwareDevTeam/lsf/commit/ecfec440feeb2fa5025445d759b692dce78241aa
lsf,36294513adcbaf7f940454fb5ead0b4e20176a14,elajamali,User,elajamali,2020-02-17T21:57:54Z,working on email handling and templates,https://github.com/BCStudentSoftwareDevTeam/lsf/commit/36294513adcbaf7f940454fb5ead0b4e20176a14
lsf,83989ba952750a8fdb8b4238ec0ec2602d3ff53b,elajamali,User,elajamali,2020-02-17T21:40:10Z,fixing merge conflicts,https://github.com/BCStudentSoftwareDevTeam/lsf/commit/83989ba952750a8fdb8b4238ec0ec2602d3ff53b
lsf,bc8580bba3fef786149549d6d2bb7dc17aa4d19f,elajamali,User,elajamali,2020-02-17T21:37:48Z, added the functions for sending emails in the lsf controller,https://github.com/BCStudentSoftwareDevTeam/lsf/commit/bc8580bba3fef786149549d6d2bb7dc17aa4d19f
lsf,0a60d6adc3d319d3e7e89ed97db184fbcc81ff99,GuillermoCruz32,User,GuillermoCruz32,2020-02-17T21:29:29Z,Fixed small issue with missing line of code in labor history controller,https://github.com/BCStudentSoftwareDevTeam/lsf/commit/0a60d6adc3d319d3e7e89ed97db184fbcc81ff99
lsf,e3860ac121026168f03b36ac38175b485b36457d,elajamali,User,elajamali,2020-02-17T21:07:45Z,Merge branch 'issue101' of https://bitbucket.org/laborstudents/lsf-flask into issue101,https://github.com/BCStudentSoftwareDevTeam/lsf/commit/e3860ac121026168f03b36ac38175b485b36457d
lsf,df63d42c7257417198f6baa07e63f47c47183283,elajamali,User,elajamali,2020-02-17T21:07:09Z,Merge branch 'development' of https://bitbucket.org/laborstudents/lsf-flask into issue101,https://github.com/BCStudentSoftwareDevTeam/lsf/commit/df63d42c7257417198f6baa07e63f47c47183283
lsf,1d2945488de7c2c9c807814cec16a50a0617b021,GuillermoCruz32,User,GuillermoCruz32,2020-02-17T19:40:54Z,"Finished the issue, now if a user only has one department the select picker will select the department and populate the data table.",https://github.com/BCStudentSoftwareDevTeam/lsf/commit/1d2945488de7c2c9c807814cec16a50a0617b021
lsf,ed0119ffd02fadfcfe1ce3cacf9662735154360a,Hila Manalai,,Hila Manalai,2020-02-17T16:31:34Z,"finished showing modal, working on sending emails",https://github.com/BCStudentSoftwareDevTeam/lsf/commit/ed0119ffd02fadfcfe1ce3cacf9662735154360a
lsf,9bd9fbc68bf8e5fccd4d1dba4ab531b6d4af5033,Hila Manalai,,Hila Manalai,2020-02-17T15:00:11Z,Merge branch 'development' of https://bitbucket.org/laborstudents/lsf-flask into issue101,https://github.com/BCStudentSoftwareDevTeam/lsf/commit/9bd9fbc68bf8e5fccd4d1dba4ab531b6d4af5033
lsf,32d0adc1b83d4f75e666f3fc53f324c790d4a6ba,Alex Bryant,,Alex Bryant,2020-02-14T17:33:34Z,"merged with development and fixed conflicts
.",https://github.com/BCStudentSoftwareDevTeam/lsf/commit/32d0adc1b83d4f75e666f3fc53f324c790d4a6ba
lsf,2e8be1abad7d0940a5f9a9792554624e0be1ce35,GuillermoCruz32,User,BrianRamsay,2020-02-13T22:38:56Z,"Merged in issue94 (pull request #52)

Labor Release Form: Remove date-picker auto fill

Approved-by: Brian Ramsay",https://github.com/BCStudentSoftwareDevTeam/lsf/commit/2e8be1abad7d0940a5f9a9792554624e0be1ce35
lsf,679ba00853cff7206277348d3f0a2ab206d78c7f,Jamaliela,User,BrianRamsay,2020-02-13T22:38:31Z,"Merged in issue100 (pull request #50)

Labor Status Form: Term Cutoff Date for Primary Submissions

Approved-by: Brian Ramsay",https://github.com/BCStudentSoftwareDevTeam/lsf/commit/679ba00853cff7206277348d3f0a2ab206d78c7f
lsf,0ddaee9cef5fb5e93448d7683fa66de68603f34b,GuillermoCruz32,User,BrianRamsay,2020-02-13T22:33:58Z,"Merged in issue92 (pull request #51)

No Inter-Departmental History

Approved-by: Brian Ramsay",https://github.com/BCStudentSoftwareDevTeam/lsf/commit/0ddaee9cef5fb5e93448d7683fa66de68603f34b
lsf,5c4273f4874ca634f1671f605a528b08786bec48,Alex Bryant,,Alex Bryant,2020-02-13T18:59:27Z,setting up the buttons to check compliance.,https://github.com/BCStudentSoftwareDevTeam/lsf/commit/5c4273f4874ca634f1671f605a528b08786bec48
lsf,3b963562dd71b7d097e7374488ae5d9feb5475a2,Alex Bryant,,Alex Bryant,2020-02-13T17:22:35Z,Merge branch 'issue93' of https://bitbucket.org/laborstudents/lsf-flask into issue93,https://github.com/BCStudentSoftwareDevTeam/lsf/commit/3b963562dd71b7d097e7374488ae5d9feb5475a2
lsf,0dc2eee599772b7540843b9c23d09856f3c39df0,Alex Bryant,,Alex Bryant,2020-02-13T17:22:03Z,made one change to the lsf controller to stop overload form from being referenced before assignment.,https://github.com/BCStudentSoftwareDevTeam/lsf/commit/0dc2eee599772b7540843b9c23d09856f3c39df0
lsf,efe694bb2492197c338052a0dfe9961755727bc5,Luis Riera,,Luis Riera,2020-02-13T17:19:00Z,some changes to the controller.,https://github.com/BCStudentSoftwareDevTeam/lsf/commit/efe694bb2492197c338052a0dfe9961755727bc5
lsf,25d3961c33dc33c7e13ef240cb131789a3292f22,OtienoAnne,User,OtienoAnne,2020-02-13T17:17:02Z,Made the query for overload reason but there is still something noty working.,https://github.com/BCStudentSoftwareDevTeam/lsf/commit/25d3961c33dc33c7e13ef240cb131789a3292f22
lsf,527f0ae0f199123a2973b437ba30778d400a60f6,GuillermoCruz32,User,GuillermoCruz32,2020-02-13T16:47:14Z,"Found the issue with my logic, can now default the select picker value.",https://github.com/BCStudentSoftwareDevTeam/lsf/commit/527f0ae0f199123a2973b437ba30778d400a60f6
lsf,0452a4c7649b3f65485531df22c1b7f94328c7b3,Luis Riera,,Luis Riera,2020-02-13T15:31:09Z,Selectpickers unlock when LSF table has no students and you cannot press the review button when LSF table has no students. Cookies are changed accordingly and all delete on submition of the form,https://github.com/BCStudentSoftwareDevTeam/lsf/commit/0452a4c7649b3f65485531df22c1b7f94328c7b3
lsf,788a0d80b70de607ecb0741dd861051018711987,elajamali,User,elajamali,2020-02-12T22:12:04Z,working on the modals,https://github.com/BCStudentSoftwareDevTeam/lsf/commit/788a0d80b70de607ecb0741dd861051018711987
lsf,03302b0ddaf450be71af99df7d6d59f478ea2e79,elajamali,User,elajamali,2020-02-12T19:41:24Z,Merge branch 'issue101' of https://bitbucket.org/laborstudents/lsf-flask into issue101,https://github.com/BCStudentSoftwareDevTeam/lsf/commit/03302b0ddaf450be71af99df7d6d59f478ea2e79
lsf,8993a6588cfe0f2a925621243f1a992458fd2181,elajamali,User,elajamali,2020-02-12T19:40:43Z,Merge branch 'development' of https://bitbucket.org/laborstudents/lsf-flask into issue101,https://github.com/BCStudentSoftwareDevTeam/lsf/commit/8993a6588cfe0f2a925621243f1a992458fd2181
lsf,95d20eca3ac3d6beceb0f4485aeeb784e0620a8b,Hila Manalai,,Hila Manalai,2020-02-12T17:00:33Z,"showing modal, checking for second lsf",https://github.com/BCStudentSoftwareDevTeam/lsf/commit/95d20eca3ac3d6beceb0f4485aeeb784e0620a8b
lsf,5a6eb725d0010764615ab0c9bf30f4a9de176fee,GuillermoCruz32,User,GuillermoCruz32,2020-02-11T21:59:11Z,Added jinja tags to see test the number of departments a user has,https://github.com/BCStudentSoftwareDevTeam/lsf/commit/5a6eb725d0010764615ab0c9bf30f4a9de176fee
lsf,f1588ff3a6d76e4ca82418f543915ba794ded4f8,Luis Riera,,Luis Riera,2020-02-11T21:51:47Z,Changed a couple functions and the controller to work with the cookies,https://github.com/BCStudentSoftwareDevTeam/lsf/commit/f1588ff3a6d76e4ca82418f543915ba794ded4f8
lsf,37d9f6ced973ebe5eb2923042eab94be260606be,GuillermoCruz32,User,GuillermoCruz32,2020-02-11T20:45:41Z,The labor release page datepicker now does not pre populate with tomorows date.,https://github.com/BCStudentSoftwareDevTeam/lsf/commit/37d9f6ced973ebe5eb2923042eab94be260606be
lsf,e45a7c1270efcb4d012278935f25cc6c6c55ca75,GuillermoCruz32,User,GuillermoCruz32,2020-02-11T19:55:18Z,Fixed merge conflicts,https://github.com/BCStudentSoftwareDevTeam/lsf/commit/e45a7c1270efcb4d012278935f25cc6c6c55ca75
lsf,c1e0c2056be64ca9b4e5b5b6f9c862d765b9704f,GuillermoCruz32,User,GuillermoCruz32,2020-02-11T19:50:08Z,Small fix to flash text after demo,https://github.com/BCStudentSoftwareDevTeam/lsf/commit/c1e0c2056be64ca9b4e5b5b6f9c862d765b9704f
lsf,877241c2b18c5b7475ca2fe832bf51c30340fe86,GuillermoCruz32,User,BrianRamsay,2020-02-11T19:39:04Z,"Merged in issue81 (pull request #46)

Labor Admins: Administration Tab

Approved-by: Brian Ramsay",https://github.com/BCStudentSoftwareDevTeam/lsf/commit/877241c2b18c5b7475ca2fe832bf51c30340fe86
lsf,3e750ff44d3f409667f5e5aad73d364186f9a000,GuillermoCruz32,User,GuillermoCruz32,2020-02-11T19:28:45Z,Merge branch 'development' into issue92,https://github.com/BCStudentSoftwareDevTeam/lsf/commit/3e750ff44d3f409667f5e5aad73d364186f9a000
lsf,f62a40ce604a35ad8a135de82159e0ae26e159ae,GuillermoCruz32,User,GuillermoCruz32,2020-02-11T19:25:37Z,"Finished the issue, will start making PR.",https://github.com/BCStudentSoftwareDevTeam/lsf/commit/f62a40ce604a35ad8a135de82159e0ae26e159ae
lsf,32131286651fc85e98327fa93ce8c4bf2aa340bc,elajamali,User,elajamali,2020-02-11T18:25:09Z,cleaning up for a PR,https://github.com/BCStudentSoftwareDevTeam/lsf/commit/32131286651fc85e98327fa93ce8c4bf2aa340bc
lsf,59748203be9b93de31535e660cd755f1c6ee1bbb,OtienoAnne,User,OtienoAnne,2020-02-11T17:02:01Z,"Most of the data is being passed, except overload reason.",https://github.com/BCStudentSoftwareDevTeam/lsf/commit/59748203be9b93de31535e660cd755f1c6ee1bbb
lsf,a8aa491ce3d1aeac156098ed1cfc70ae6eedc3ce,Hila Manalai,,Hila Manalai,2020-02-11T16:44:57Z,"issue 101, checking for 40 hours",https://github.com/BCStudentSoftwareDevTeam/lsf/commit/a8aa491ce3d1aeac156098ed1cfc70ae6eedc3ce
lsf,b2433de1b9821a9d9a17830abe62fb1a87b49940,elajamali,User,elajamali,2020-02-10T22:07:51Z,finished issue100,https://github.com/BCStudentSoftwareDevTeam/lsf/commit/b2433de1b9821a9d9a17830abe62fb1a87b49940
lsf,d10a9d88c8400a85f28745495ad2a04aa7a1e512,GuillermoCruz32,User,GuillermoCruz32,2020-02-10T22:00:02Z,"Switching ideas, I am now trying to disable rows in the datatable rather than hiding rows in datatable.",https://github.com/BCStudentSoftwareDevTeam/lsf/commit/d10a9d88c8400a85f28745495ad2a04aa7a1e512
lsf,736ed68e429bdefd4349b592e266aa02024e2c0d,Luis Riera,,Luis Riera,2020-02-10T21:21:26Z,"Fixed merge conflict, pulled Alex's work, can't get the selectpicker to disable.",https://github.com/BCStudentSoftwareDevTeam/lsf/commit/736ed68e429bdefd4349b592e266aa02024e2c0d
lsf,ea4dc84c544170fcb8cf83f2be699faedc9eece5,Luis Riera,,Luis Riera,2020-02-10T20:30:36Z,Fixed merge conflict,https://github.com/BCStudentSoftwareDevTeam/lsf/commit/ea4dc84c544170fcb8cf83f2be699faedc9eece5
lsf,30cf0c2553db7f03f364a4bd6762f0f8b1743cf6,Luis Riera,,Luis Riera,2020-02-10T20:17:46Z,Made some changes,https://github.com/BCStudentSoftwareDevTeam/lsf/commit/30cf0c2553db7f03f364a4bd6762f0f8b1743cf6
lsf,3e94d81f4a97fd1d80a7eb243f6f2322248b387c,elajamali,User,elajamali,2020-02-10T18:43:44Z,Merge branch 'issue100' of https://bitbucket.org/laborstudents/lsf-flask into issue100,https://github.com/BCStudentSoftwareDevTeam/lsf/commit/3e94d81f4a97fd1d80a7eb243f6f2322248b387c
lsf,79072666d55dda703272af64242dfa4e96ed29ea,elajamali,User,elajamali,2020-02-10T18:43:12Z,Merge branch 'development' of https://bitbucket.org/laborstudents/lsf-flask into issue100,https://github.com/BCStudentSoftwareDevTeam/lsf/commit/79072666d55dda703272af64242dfa4e96ed29ea
lsf,396c2053f8f1b59815b99a4dc57dd86fa68dc602,GuillermoCruz32,User,BrianRamsay,2020-02-07T20:59:59Z,"Merged in issue47 (pull request #49)

LaborHistory URL Fix

Approved-by: Brian Ramsay",https://github.com/BCStudentSoftwareDevTeam/lsf/commit/396c2053f8f1b59815b99a4dc57dd86fa68dc602
lsf,894e3c9bc90c04f44d7193357d796ab30502bdbc,Alex Bryant,,Alex Bryant,2020-02-07T19:36:37Z,added code to empty the list after we are done using the cookies.,https://github.com/BCStudentSoftwareDevTeam/lsf/commit/894e3c9bc90c04f44d7193357d796ab30502bdbc
lsf,1b9f25460ef4090b73d0c8fd962a0aed6db4e46f,GuillermoCruz32,User,GuillermoCruz32,2020-02-07T19:23:21Z,Changed controller to redirect to the correct html page.,https://github.com/BCStudentSoftwareDevTeam/lsf/commit/1b9f25460ef4090b73d0c8fd962a0aed6db4e46f
lsf,91fa02968de805eadfa076c2ebd8f578b1d67ad6,GuillermoCruz32,User,GuillermoCruz32,2020-02-07T19:16:15Z,Stashing away progress to work on another issue.,https://github.com/BCStudentSoftwareDevTeam/lsf/commit/91fa02968de805eadfa076c2ebd8f578b1d67ad6
lsf,040efca9a32580681f850e65fd0b9f0fc3db3888,Alex Bryant,,Alex Bryant,2020-02-06T21:51:30Z,Fixed the selectpickers to be completely disabled on reload with the cookies in the table and trying to get totalhours from cookies.,https://github.com/BCStudentSoftwareDevTeam/lsf/commit/040efca9a32580681f850e65fd0b9f0fc3db3888
lsf,ee5b9219794b81dadda446489d2e192b90bf5314,Hila Manalai,,Hila Manalai,2020-02-06T16:04:59Z,disabled primary when cut off date is before today's date and added a flash,https://github.com/BCStudentSoftwareDevTeam/lsf/commit/ee5b9219794b81dadda446489d2e192b90bf5314
lsf,d125c5cf0f533db0875278c9125b616a151c7156,Luis Riera,,Luis Riera,2020-02-06T14:33:55Z,"Dept, Term, and Supervisor fields now prepopulate if there are cookies.",https://github.com/BCStudentSoftwareDevTeam/lsf/commit/d125c5cf0f533db0875278c9125b616a151c7156
lsf,4b8c8eca6ec780385838349ab11ebf8d9f9bc756,elajamali,User,elajamali,2020-02-05T22:21:40Z,working on disabling the primary position,https://github.com/BCStudentSoftwareDevTeam/lsf/commit/4b8c8eca6ec780385838349ab11ebf8d9f9bc756
lsf,4c085389d1e9750b7ff0eecc0bda53f3044d6837,elajamali,User,elajamali,2020-02-05T19:01:28Z,primary cutoff option updated in all termmangement,https://github.com/BCStudentSoftwareDevTeam/lsf/commit/4c085389d1e9750b7ff0eecc0bda53f3044d6837
lsf,7c27a5da7a198a274e39206c43ea8a220014cca0,BriaW,,BriaW,2020-02-05T16:31:00Z,Adding 12 hours to labor status form dropdown,https://github.com/BCStudentSoftwareDevTeam/lsf/commit/7c27a5da7a198a274e39206c43ea8a220014cca0
lsf,6ad464587ed1822a490863f702a8e37226c05ae1,elajamali,User,elajamali,2020-02-04T21:59:24Z,working to add a new column to Term model,https://github.com/BCStudentSoftwareDevTeam/lsf/commit/6ad464587ed1822a490863f702a8e37226c05ae1
lsf,e74951b21b2117661870376abb21f4817e4c30f0,elajamali,User,elajamali,2020-02-04T20:54:44Z,Merge branch 'development' of https://bitbucket.org/laborstudents/lsf-flask into supervisorPortalCheck,https://github.com/BCStudentSoftwareDevTeam/lsf/commit/e74951b21b2117661870376abb21f4817e4c30f0
lsf,ae843d19b99a1f77e4abca311383015271ea60f6,Alex Bryant,,Alex Bryant,2020-02-04T20:51:45Z,Merge branch 'development' into issue93,https://github.com/BCStudentSoftwareDevTeam/lsf/commit/ae843d19b99a1f77e4abca311383015271ea60f6
lsf,0d6dae845bda2d132c4f9a91b58df4d74ba21a78,Luis Riera,,Luis Riera,2020-02-04T20:41:29Z,The table now persist through reloads but still need to make more adjustments to avoid erroneous forms submitions and for the page to work properly.,https://github.com/BCStudentSoftwareDevTeam/lsf/commit/0d6dae845bda2d132c4f9a91b58df4d74ba21a78
lsf,333224d42b976930c456fd91f5b4674a138011e7,GuillermoCruz32,User,GuillermoCruz32,2020-02-04T20:24:42Z,"Fixed the controllers so that now a non-admin user should never be able to see the admin tab in the navbar, or type in the URL for an admin page.",https://github.com/BCStudentSoftwareDevTeam/lsf/commit/333224d42b976930c456fd91f5b4674a138011e7
lsf,65e3a9046f95a9b52be11eceebfb21721d3547db,GuillermoCruz32,User,GuillermoCruz32,2020-02-04T18:34:13Z,Merge branch 'development' into issue47,https://github.com/BCStudentSoftwareDevTeam/lsf/commit/65e3a9046f95a9b52be11eceebfb21721d3547db
lsf,f7b7537c7608d33927c49fb9eaab2533bca50672,BriaW,,BriaW,2020-02-04T18:01:21Z,updating gitignore file for migration files,https://github.com/BCStudentSoftwareDevTeam/lsf/commit/f7b7537c7608d33927c49fb9eaab2533bca50672
lsf,c24ddb94498f0d0dcba2cf82b60c74e6194b61f9,OtienoAnne,User,OtienoAnne,2020-02-04T16:36:00Z,Finished all the data prefill for the interface.,https://github.com/BCStudentSoftwareDevTeam/lsf/commit/c24ddb94498f0d0dcba2cf82b60c74e6194b61f9
lsf,5d7311951b0667f6fc453f5f6c22ade5c58ac838,BriaW,,BriaW,2020-02-04T14:38:53Z,"fixed default notes table length in pendingforms, added bold text to labor overload modal, changed notesglyph to edit gylph in pendingforms",https://github.com/BCStudentSoftwareDevTeam/lsf/commit/5d7311951b0667f6fc453f5f6c22ade5c58ac838
lsf,2c5cd9415a40c0cafd6a1b298fde2e8cda1f6dcd,GuillermoCruz32,User,GuillermoCruz32,2020-02-03T19:29:22Z,Merge branch 'development' into issue47,https://github.com/BCStudentSoftwareDevTeam/lsf/commit/2c5cd9415a40c0cafd6a1b298fde2e8cda1f6dcd
lsf,08a1706fe1d1f3da6af726b7624d32a9a68734b1,GuillermoCruz32,User,GuillermoCruz32,2020-02-03T19:27:05Z,Modified the labor history controller so that users can't put any BNumber into the labor history URL,https://github.com/BCStudentSoftwareDevTeam/lsf/commit/08a1706fe1d1f3da6af726b7624d32a9a68734b1
lsf,1598365350ea2874d1ba56b232ca58095cbf3331,elajamali,User,elajamali,2020-02-03T18:32:40Z,Merge branch 'supervisorPortalCheck' of https://bitbucket.org/laborstudents/lsf-flask into supervisorPortalCheck,https://github.com/BCStudentSoftwareDevTeam/lsf/commit/1598365350ea2874d1ba56b232ca58095cbf3331
lsf,7ec255143bb0c7a553a23a553b1b28f8fce5422c,Hila Manalai,,Hila Manalai,2020-02-03T16:49:51Z,refactoring modifyLSF.js,https://github.com/BCStudentSoftwareDevTeam/lsf/commit/7ec255143bb0c7a553a23a553b1b28f8fce5422c
lsf,f245bdfbef4aefd581228535fcbd6ed51d1d2e48,BriaW,,BriaW,2020-02-03T15:27:58Z,fixed admin manager,https://github.com/BCStudentSoftwareDevTeam/lsf/commit/f245bdfbef4aefd581228535fcbd6ed51d1d2e48
lsf,c3de83e3484c1c7ecc7372f47f483bb0ca9ecac8,BriaW,,BriaW,2020-01-31T22:00:53Z,saving changes,https://github.com/BCStudentSoftwareDevTeam/lsf/commit/c3de83e3484c1c7ecc7372f47f483bb0ca9ecac8
lsf,1802f03425f62cc5c54b9e0d875b16638f880fb3,BriaW,,BriaW,2020-01-31T18:20:44Z,saving things,https://github.com/BCStudentSoftwareDevTeam/lsf/commit/1802f03425f62cc5c54b9e0d875b16638f880fb3
lsf,7e7e3be8bcecc20badecf18599339f0397271eca,BriaW,,BriaW,2020-01-31T14:46:41Z,"fixing the js, modal were overwritten",https://github.com/BCStudentSoftwareDevTeam/lsf/commit/7e7e3be8bcecc20badecf18599339f0397271eca
lsf,53a14152f873c6fe6c80ba250a8db17cd0c082ad,OtienoAnne,User,OtienoAnne,2020-01-30T18:53:17Z,"Populated most of the data to the interface, restructured the UI.",https://github.com/BCStudentSoftwareDevTeam/lsf/commit/53a14152f873c6fe6c80ba250a8db17cd0c082ad
lsf,31dcafc9d2f3f4dc98a6fae24fd589696346e5f3,OtienoAnne,User,OtienoAnne,2020-01-30T17:36:52Z,Merge branch 'development' into financialAid,https://github.com/BCStudentSoftwareDevTeam/lsf/commit/31dcafc9d2f3f4dc98a6fae24fd589696346e5f3
lsf,750e1f1051eb61b776b33bc736278adb9c67b5da,OtienoAnne,User,OtienoAnne,2020-01-30T17:33:41Z,saving changes,https://github.com/BCStudentSoftwareDevTeam/lsf/commit/750e1f1051eb61b776b33bc736278adb9c67b5da
lsf,12e2ff6187391bde03cead7658043cd48df22492,OtienoAnne,User,OtienoAnne,2020-01-30T17:03:41Z,Started working on the controller to get data from overload form.,https://github.com/BCStudentSoftwareDevTeam/lsf/commit/12e2ff6187391bde03cead7658043cd48df22492
lsf,f1a9872dd28c88a6a8889f88f5e59e33339e8ec9,BriaW,,BriaW,2020-01-29T20:45:22Z,fixing js file,https://github.com/BCStudentSoftwareDevTeam/lsf/commit/f1a9872dd28c88a6a8889f88f5e59e33339e8ec9
lsf,6bb900fcd9022cd2dea8ded16a19f2232e399040,elajamali,User,elajamali,2020-01-29T20:31:00Z,fixed modify form,https://github.com/BCStudentSoftwareDevTeam/lsf/commit/6bb900fcd9022cd2dea8ded16a19f2232e399040
lsf,1810618f5cdcb8a8b5622ea87cfbbb97ef48b95a,elajamali,User,elajamali,2020-01-29T20:04:15Z,modify lsf saving the wrong supervisor has been fixed.,https://github.com/BCStudentSoftwareDevTeam/lsf/commit/1810618f5cdcb8a8b5622ea87cfbbb97ef48b95a
lsf,f10cfc78dd367a3286af4fdb06d3460c69466991,elajamali,User,elajamali,2020-01-29T19:12:20Z,Merge branch 'lsfBuild' of https://bitbucket.org/laborstudents/lsf-flask into supervisorPortalCheck,https://github.com/BCStudentSoftwareDevTeam/lsf/commit/f10cfc78dd367a3286af4fdb06d3460c69466991
lsf,b10966b2f570433cbbe34025e4cde5f10167f4e8,elajamali,User,elajamali,2020-01-29T19:11:39Z,Merge branch 'development' of https://bitbucket.org/laborstudents/lsf-flask into supervisorPortalCheck,https://github.com/BCStudentSoftwareDevTeam/lsf/commit/b10966b2f570433cbbe34025e4cde5f10167f4e8
lsf,85879036c234905d3d5120069a5f1af3db87065f,BriaW,,BriaW,2020-01-29T18:37:07Z,fixing merge conflict,https://github.com/BCStudentSoftwareDevTeam/lsf/commit/85879036c234905d3d5120069a5f1af3db87065f
lsf,4913d51d36864468c3993143e6ed71181355dc0d,Hila Manalai,,Hila Manalai,2020-01-29T16:42:57Z,fixed a glitch with modifyLSF,https://github.com/BCStudentSoftwareDevTeam/lsf/commit/4913d51d36864468c3993143e6ed71181355dc0d
lsf,6e8eff98564d39dc1a371d3541fe6ee5dd5ffa90,BriaW,,BriaW,2020-01-29T13:26:25Z,fixing error,https://github.com/BCStudentSoftwareDevTeam/lsf/commit/6e8eff98564d39dc1a371d3541fe6ee5dd5ffa90
lsf,2f66298749489e19241fe1c227668b3b3340ae52,BriaW,,BriaW,2020-01-28T22:43:07Z,Merge branch 'lsfBuild' of bitbucket.org:laborstudents/lsf-flask into lsfBuild,https://github.com/BCStudentSoftwareDevTeam/lsf/commit/2f66298749489e19241fe1c227668b3b3340ae52
lsf,02f144cc87b4e45645efc3d2e64704e94759375a,BriaW,,BriaW,2020-01-28T22:39:40Z,Merge branch 'supervisorPortalCheck' of bitbucket.org:laborstudents/lsf-flask into lsfBuild,https://github.com/BCStudentSoftwareDevTeam/lsf/commit/02f144cc87b4e45645efc3d2e64704e94759375a
lsf,c86fc3ee8b881e04a43e28a6650730a6be707744,Hila Manalai,,Hila Manalai,2020-01-28T22:18:41Z,fixed the issue with modify interface,https://github.com/BCStudentSoftwareDevTeam/lsf/commit/c86fc3ee8b881e04a43e28a6650730a6be707744
lsf,eff0602e5ed53f7bfdba7d7b6c901597cf76aaa2,GuillermoCruz32,User,GuillermoCruz32,2020-01-28T21:37:39Z,Fixed the issue of not being able to deny a pending form.,https://github.com/BCStudentSoftwareDevTeam/lsf/commit/eff0602e5ed53f7bfdba7d7b6c901597cf76aaa2
lsf,a2f76428abf76f36d59475e959fc0a783f8430c4,BriaW,,BriaW,2020-01-28T21:21:40Z,Merge branch 'lsfBuild-2' of bitbucket.org:laborstudents/lsf-flask into lsfBuild,https://github.com/BCStudentSoftwareDevTeam/lsf/commit/a2f76428abf76f36d59475e959fc0a783f8430c4
lsf,c98cd50f0cee8720131134651b7f0cf045376b5c,Luis Riera,,Luis Riera,2020-01-28T21:13:19Z,Changed demo_data.py so the account and organization numbers for departments and supervisors reflect real data.,https://github.com/BCStudentSoftwareDevTeam/lsf/commit/c98cd50f0cee8720131134651b7f0cf045376b5c
lsf,4a6e67ccf42f3fd540a955d50fdb4bc06f6b78ea,BriaW,,BriaW,2020-01-28T21:02:43Z,Merge branch 'LSFModals' of bitbucket.org:laborstudents/lsf-flask into lsfBuild,https://github.com/BCStudentSoftwareDevTeam/lsf/commit/4a6e67ccf42f3fd540a955d50fdb4bc06f6b78ea
lsf,caaf0c75f97f8c1dfbc4b071606d725bbec8d26c,BriaW,,BriaW,2020-01-28T20:53:59Z,fixingmerge conflicts,https://github.com/BCStudentSoftwareDevTeam/lsf/commit/caaf0c75f97f8c1dfbc4b071606d725bbec8d26c
lsf,c8edca805a6c1bf5af20520762e37a28d28989db,GuillermoCruz32,User,GuillermoCruz32,2020-01-28T20:52:46Z,Fixed wording on two of the LSf modals.,https://github.com/BCStudentSoftwareDevTeam/lsf/commit/c8edca805a6c1bf5af20520762e37a28d28989db
lsf,db526c0349119445cbf409891111287adb212bba,Luis Riera,,Luis Riera,2020-01-28T20:48:33Z,Modify LSF interface shows only the positions of the department selected.,https://github.com/BCStudentSoftwareDevTeam/lsf/commit/db526c0349119445cbf409891111287adb212bba
lsf,cf63c151dd3e4726a04a1dd708d497206c334614,elajamali,User,elajamali,2020-01-28T20:19:40Z,status getting updated on labor hisotry modal,https://github.com/BCStudentSoftwareDevTeam/lsf/commit/cf63c151dd3e4726a04a1dd708d497206c334614
lsf,96bfa4a1e9acc59591c2394b62b1acbdc0e411e6,BriaW,,BriaW,2020-01-28T20:08:45Z,saving changes,https://github.com/BCStudentSoftwareDevTeam/lsf/commit/96bfa4a1e9acc59591c2394b62b1acbdc0e411e6
lsf,20a60b48cc0355c44b70fef407f58c54e05c10f9,elajamali,User,elajamali,2020-01-28T19:48:36Z, fixed double wls for positions,https://github.com/BCStudentSoftwareDevTeam/lsf/commit/20a60b48cc0355c44b70fef407f58c54e05c10f9
lsf,49501ec942f72dd7075daabe8624e1d1f8103de2,GuillermoCruz32,User,Bria Williams,2020-01-28T19:37:24Z,"Merged in WLSModal (pull request #48)

Pre-Demo Fix: WLSModal in LSF",https://github.com/BCStudentSoftwareDevTeam/lsf/commit/49501ec942f72dd7075daabe8624e1d1f8103de2
lsf,da2918ef24039d5ffbce22011c1ee1394940b758,GuillermoCruz32,User,GuillermoCruz32,2020-01-28T19:33:56Z,Fixed some wording on the documentation.,https://github.com/BCStudentSoftwareDevTeam/lsf/commit/da2918ef24039d5ffbce22011c1ee1394940b758
lsf,4b3081a3b4e2f549db005118f0d7fc8bd581b334,elajamali,User,elajamali,2020-01-28T19:30:01Z,fixing the status in the laborhistory modal and adding date and created by on approve,https://github.com/BCStudentSoftwareDevTeam/lsf/commit/4b3081a3b4e2f549db005118f0d7fc8bd581b334
lsf,0efb77ad4eed4decc1726de4663b8d4111803322,GuillermoCruz32,User,GuillermoCruz32,2020-01-28T19:20:32Z,Merge branch 'lsfBuild' into WLSModal,https://github.com/BCStudentSoftwareDevTeam/lsf/commit/0efb77ad4eed4decc1726de4663b8d4111803322
lsf,52297076c854843cfbe383d6780f062124b218d6,GuillermoCruz32,User,GuillermoCruz32,2020-01-28T19:17:59Z,"Fixed the wording on one of the buttons in the Supervisor Portal, and also fixed an issue with one of the modals in LSF interface.",https://github.com/BCStudentSoftwareDevTeam/lsf/commit/52297076c854843cfbe383d6780f062124b218d6
lsf,9029a2df42d51eaa3599c74080f8748b33c9bc6c,sheggen,User,sheggen,2020-01-28T18:53:03Z,Fixed empty dept from demo data,https://github.com/BCStudentSoftwareDevTeam/lsf/commit/9029a2df42d51eaa3599c74080f8748b33c9bc6c
lsf,8d043922ba6ec770956f9546f5a4ced9f466f232,sheggen,User,sheggen,2020-01-28T18:21:12Z,Scott's version of dummy data for the demo,https://github.com/BCStudentSoftwareDevTeam/lsf/commit/8d043922ba6ec770956f9546f5a4ced9f466f232
lsf,a86ba590f685b63638df3b0b01dcfdfbe13c86d2,sheggen,User,sheggen,2020-01-28T17:20:50Z,resolving conflicts I added to add_build_data.py,https://github.com/BCStudentSoftwareDevTeam/lsf/commit/a86ba590f685b63638df3b0b01dcfdfbe13c86d2
lsf,dfc41e5cbf8c7dfcc23c9c838ed1031ae33c9b26,sheggen,User,sheggen,2020-01-28T17:19:32Z,Fixing data problems on stustaff and user,https://github.com/BCStudentSoftwareDevTeam/lsf/commit/dfc41e5cbf8c7dfcc23c9c838ed1031ae33c9b26
lsf,9b94c331f4ae6a3df69f2ec051220f6f2177e5a1,sheggen,User,sheggen,2020-01-28T17:18:49Z,modifying emailtemplate model max length on body to be long enough,https://github.com/BCStudentSoftwareDevTeam/lsf/commit/9b94c331f4ae6a3df69f2ec051220f6f2177e5a1
lsf,64880b31e2d458a4fdf49cef23b7d5dde0fee4c2,OtienoAnne,User,OtienoAnne,2020-01-28T17:04:16Z,"Finished structuring and styling the page, started working on data manipulation.",https://github.com/BCStudentSoftwareDevTeam/lsf/commit/64880b31e2d458a4fdf49cef23b7d5dde0fee4c2
lsf,ba11ec828282263f83cbffca00541ca8ba75c9b0,Hila Manalai,,Hila Manalai,2020-01-28T17:02:25Z,Merge branch 'lsfBuild' of https://bitbucket.org/laborstudents/lsf-flask into lsfBuild,https://github.com/BCStudentSoftwareDevTeam/lsf/commit/ba11ec828282263f83cbffca00541ca8ba75c9b0
lsf,ad86c84ed05ad6eb588552c7d4dba931e1dae31b,Hila Manalai,,Hila Manalai,2020-01-28T17:01:54Z,fixed the issue with contract hours,https://github.com/BCStudentSoftwareDevTeam/lsf/commit/ad86c84ed05ad6eb588552c7d4dba931e1dae31b
lsf,5f77451974288e1e39ac822df46e6889a86110fa,BriaW,,BriaW,2020-01-28T16:57:38Z,saving changes,https://github.com/BCStudentSoftwareDevTeam/lsf/commit/5f77451974288e1e39ac822df46e6889a86110fa
lsf,a4c7780d52414cc8809ebb273eaacbc0c92e11d1,BriaW,,BriaW,2020-01-27T22:33:16Z,saving changes to build branch,https://github.com/BCStudentSoftwareDevTeam/lsf/commit/a4c7780d52414cc8809ebb273eaacbc0c92e11d1
lsf,8df62d78945ec2ff7225ed6df2d6544f318d06ac,GuillermoCruz32,User,GuillermoCruz32,2020-01-27T19:44:32Z,Fixed the navigation bar so that only labor admins can see the administration tab.,https://github.com/BCStudentSoftwareDevTeam/lsf/commit/8df62d78945ec2ff7225ed6df2d6544f318d06ac
lsf,c9658ceb86b00fa162a3e687522da0d92a0fbdec,BriaW,,BriaW,2020-01-27T17:01:02Z,saving changes to build branch,https://github.com/BCStudentSoftwareDevTeam/lsf/commit/c9658ceb86b00fa162a3e687522da0d92a0fbdec
lsf,091845340cdc4601e6e712f37e65e0bae66c1651,BriaW,,BriaW,2020-01-27T16:17:07Z,saving changes to build,https://github.com/BCStudentSoftwareDevTeam/lsf/commit/091845340cdc4601e6e712f37e65e0bae66c1651
lsf,f98f8b5b1f91be1a58b9f0d2ed5a2dcd8cd2c20c,BriaW,,BriaW,2020-01-24T22:13:15Z,saving changes,https://github.com/BCStudentSoftwareDevTeam/lsf/commit/f98f8b5b1f91be1a58b9f0d2ed5a2dcd8cd2c20c
lsf,51bc472d17828f18f0de9c0520134b25a2a62448,BriaW,,BriaW,2020-01-24T20:34:45Z,deleting unnecessary data,https://github.com/BCStudentSoftwareDevTeam/lsf/commit/51bc472d17828f18f0de9c0520134b25a2a62448
lsf,4b9a516e05e01320064f92bd3a99e4f8f5eef957,Jamaliela,User,BrianRamsay,2020-01-24T16:51:29Z,"Merged in issue11 (pull request #44)

Preventing users from choosing certain WLS levels on labor status form submission

Approved-by: Brian Ramsay",https://github.com/BCStudentSoftwareDevTeam/lsf/commit/4b9a516e05e01320064f92bd3a99e4f8f5eef957
lsf,ab8c100c52b92f34f3271a54020236d08e5c1c96,Bria Williams,,BrianRamsay,2020-01-24T16:47:42Z,"Merged in issue62.2 (pull request #45)

BRIAN MERGE ME PLEASE

Approved-by: Brian Ramsay",https://github.com/BCStudentSoftwareDevTeam/lsf/commit/ab8c100c52b92f34f3271a54020236d08e5c1c96
lsf,db439fd6849641a08afe359a5912efc7214d5de1,Hila Manalai,,BriaW,2020-01-13T16:49:40Z,fixing labor history modal and loader,https://github.com/BCStudentSoftwareDevTeam/lsf/commit/db439fd6849641a08afe359a5912efc7214d5de1
lsf,95f79df5d1eb2b5f76b64d24d1cce8c5b3d90f2c,OtienoAnne,User,OtienoAnne,2020-01-23T17:06:28Z,Added a little structure to the page,https://github.com/BCStudentSoftwareDevTeam/lsf/commit/95f79df5d1eb2b5f76b64d24d1cce8c5b3d90f2c
lsf,2299db4d764db73953dabfc7ddb85622bc0facf3,OtienoAnne,User,OtienoAnne,2020-01-23T15:30:54Z,Merge conflicts and pyYAML,https://github.com/BCStudentSoftwareDevTeam/lsf/commit/2299db4d764db73953dabfc7ddb85622bc0facf3
lsf,fc3cf5e051b8ad24c758eca13825790dbd86f7b9,GuillermoCruz32,User,BrianRamsay,2020-01-22T21:30:50Z,"Merged in issue80 (pull request #43)

Tracking Emails to SAAS and Financial Aid - Labor History Button Redirection

Approved-by: Brian Ramsay",https://github.com/BCStudentSoftwareDevTeam/lsf/commit/fc3cf5e051b8ad24c758eca13825790dbd86f7b9
lsf,cebd8db8f3a0646190ce3ee789bb8cab38b8956e,GuillermoCruz32,User,GuillermoCruz32,2020-01-22T21:28:26Z,Fixing merge conflicts,https://github.com/BCStudentSoftwareDevTeam/lsf/commit/cebd8db8f3a0646190ce3ee789bb8cab38b8956e
lsf,73a13213f5cd9057748fac3277cac3f171b72e3d,elajamali,User,elajamali,2020-01-22T21:28:18Z,taking care of some lines before PR,https://github.com/BCStudentSoftwareDevTeam/lsf/commit/73a13213f5cd9057748fac3277cac3f171b72e3d
lsf,099737fc4e068a1c8e136e2f7bafa3b3ff255f84,GuillermoCruz32,User,GuillermoCruz32,2020-01-22T20:57:59Z,Fixing merge conflicts,https://github.com/BCStudentSoftwareDevTeam/lsf/commit/099737fc4e068a1c8e136e2f7bafa3b3ff255f84
lsf,aff87ac76111106c5feb87df18a55dff5004a9ce,Bria Williams,,BrianRamsay,2020-01-22T20:49:28Z,"Merged in pendingForms (pull request #26)

PendingForms Creation

Approved-by: Brian Ramsay",https://github.com/BCStudentSoftwareDevTeam/lsf/commit/aff87ac76111106c5feb87df18a55dff5004a9ce
lsf,008b802225471f6d3a56792ab82cfcafd5eaa76c,BriaW,,BriaW,2020-01-22T20:43:48Z,fixing merge conflict,https://github.com/BCStudentSoftwareDevTeam/lsf/commit/008b802225471f6d3a56792ab82cfcafd5eaa76c
lsf,e23b041334c5baf8b34218471077e87f1ea4b375,BriaW,,BriaW,2020-01-22T20:39:51Z,Merge branch 'development' of bitbucket.org:laborstudents/lsf-flask into development,https://github.com/BCStudentSoftwareDevTeam/lsf/commit/e23b041334c5baf8b34218471077e87f1ea4b375
lsf,2b55dbf740117ea03282d1a0a7ce2668a8864963,elajamali,User,elajamali,2020-01-22T20:12:55Z,refreshing the wls related selectpickers,https://github.com/BCStudentSoftwareDevTeam/lsf/commit/2b55dbf740117ea03282d1a0a7ce2668a8864963
lsf,9ab40b201f5ce689533dd687f4a07ad2aa67231e,Hila Manalai,,BrianRamsay,2020-01-22T20:03:31Z,"Merged in issue64 (pull request #39)

Fixes Issue #64

Approved-by: Brian Ramsay <brian@foont.net>",https://github.com/BCStudentSoftwareDevTeam/lsf/commit/9ab40b201f5ce689533dd687f4a07ad2aa67231e
lsf,aea754b5c36cf7eb80469fe6af3e6922b612c437,Jamaliela,User,BrianRamsay,2020-01-22T20:00:21Z,"Merged in issue75 (pull request #40)

Handling emails on submit of reason for Student Overload Application

Approved-by: Brian Ramsay <brian@foont.net>",https://github.com/BCStudentSoftwareDevTeam/lsf/commit/aea754b5c36cf7eb80469fe6af3e6922b612c437
lsf,77aa1898a06e98789c457243a2acbfc9abfe17b7,Luis Riera,,BrianRamsay,2020-01-22T19:59:12Z,"Merged in lsf-issue72 (pull request #33)

Fixed issue #72 and issue #53

Approved-by: Brian Ramsay <brian@foont.net>",https://github.com/BCStudentSoftwareDevTeam/lsf/commit/77aa1898a06e98789c457243a2acbfc9abfe17b7
lsf,377bb25ee5de5908dff851ba6d274c32a6375df9,GuillermoCruz32,User,GuillermoCruz32,2020-01-22T18:53:51Z,"Deleted some test code, and my gmail credentials.",https://github.com/BCStudentSoftwareDevTeam/lsf/commit/377bb25ee5de5908dff851ba6d274c32a6375df9
lsf,53471d5ed984f70a64821525373e6af418af598b,GuillermoCruz32,User,GuillermoCruz32,2020-01-22T18:34:30Z,Fixed some merge conflicts.,https://github.com/BCStudentSoftwareDevTeam/lsf/commit/53471d5ed984f70a64821525373e6af418af598b
lsf,def03fe80ec9703f4a0029a79ec3c73b6bab6f88,elajamali,User,elajamali,2020-01-22T18:31:58Z,Merge branch 'development' into issue11,https://github.com/BCStudentSoftwareDevTeam/lsf/commit/def03fe80ec9703f4a0029a79ec3c73b6bab6f88
lsf,107b64e4caffbb1d4a01624b9b34c7fb0855b07b,elajamali,User,elajamali,2020-01-22T18:25:45Z,removing my gmail credentials,https://github.com/BCStudentSoftwareDevTeam/lsf/commit/107b64e4caffbb1d4a01624b9b34c7fb0855b07b
lsf,62eee99772fe3fa67042360af90b3a78f8fc1fa4,GuillermoCruz32,User,GuillermoCruz32,2020-01-22T18:19:00Z,"Finished adding documentation, and cleaned up some testing code.",https://github.com/BCStudentSoftwareDevTeam/lsf/commit/62eee99772fe3fa67042360af90b3a78f8fc1fa4
lsf,bfc36f587dcde47162f3dcc9c3f6f5d6a41bb25b,Hila Manalai,,Hila Manalai,2020-01-22T16:52:05Z,starting working on issue11,https://github.com/BCStudentSoftwareDevTeam/lsf/commit/bfc36f587dcde47162f3dcc9c3f6f5d6a41bb25b
lsf,085eec6e3f04e963b8ead0eb310a15b9f7d5b63f,Hila Manalai,,BrianRamsay,2020-01-22T16:10:04Z,"Merged in cherrypick52 (pull request #42)

Fixes the issue with issue#52 that had commits from other branch

Approved-by: Brian Ramsay <brian@foont.net>",https://github.com/BCStudentSoftwareDevTeam/lsf/commit/085eec6e3f04e963b8ead0eb310a15b9f7d5b63f
lsf,bad12b27f54bef00b52a8cc63b82a63a6bb533b1,Hila Manalai,,Hila Manalai,2019-11-01T16:06:45Z,cherry picked changes from issue52,https://github.com/BCStudentSoftwareDevTeam/lsf/commit/bad12b27f54bef00b52a8cc63b82a63a6bb533b1
lsf,a852175b9ad13eedabeb055dfb5ee4e6e8be64e5,BriaW,,BriaW,2020-01-21T21:57:07Z,merging development into branch,https://github.com/BCStudentSoftwareDevTeam/lsf/commit/a852175b9ad13eedabeb055dfb5ee4e6e8be64e5
lsf,848b396f1865d9fca6b869bf43a8ad5bf18573c6,BriaW,,BriaW,2020-01-21T21:47:47Z,merging dvlpmt into branch,https://github.com/BCStudentSoftwareDevTeam/lsf/commit/848b396f1865d9fca6b869bf43a8ad5bf18573c6
lsf,bf3bdc032ba4c021cb1c914ef786ded61e68dc09,elajamali,User,elajamali,2020-01-21T21:04:08Z,done with sending emails to labor office and student,https://github.com/BCStudentSoftwareDevTeam/lsf/commit/bf3bdc032ba4c021cb1c914ef786ded61e68dc09
lsf,671a507fda3cd7c64aab128f249394733bfba13f,Luis Riera,,Luis Riera,2020-01-21T20:44:32Z,Pulled from Development and fixed merge conflicts,https://github.com/BCStudentSoftwareDevTeam/lsf/commit/671a507fda3cd7c64aab128f249394733bfba13f
lsf,c865573fb8dd7f19a8af0106fb5673a9ad1c507a,GuillermoCruz32,User,GuillermoCruz32,2020-01-21T20:24:06Z,"Fixed the issue of the buttons not redirecting to pages, and also created the emailTracker model and implemented it into the emailHandler.",https://github.com/BCStudentSoftwareDevTeam/lsf/commit/c865573fb8dd7f19a8af0106fb5673a9ad1c507a
lsf,1f1fe7e55ca2e513dd5fe97663c8633b03baa26d,elajamali,User,elajamali,2020-01-21T20:14:25Z,sending email after student application submit,https://github.com/BCStudentSoftwareDevTeam/lsf/commit/1f1fe7e55ca2e513dd5fe97663c8633b03baa26d
lsf,9b054b41b0ae874363675cffe4b9831ef4d33236,BriaW,,BriaW,2020-01-21T19:50:00Z,fixing merge conflict and changing email model,https://github.com/BCStudentSoftwareDevTeam/lsf/commit/9b054b41b0ae874363675cffe4b9831ef4d33236
lsf,31ef2381efc795609f8f38c1762d0792aff3cf6a,elajamali,User,elajamali,2020-01-21T18:07:54Z,fixing the issue with not having fpdf,https://github.com/BCStudentSoftwareDevTeam/lsf/commit/31ef2381efc795609f8f38c1762d0792aff3cf6a
lsf,63f3d73654cd613290e12deedbe199002c64fcd4,elajamali,User,elajamali,2020-01-21T17:59:48Z,Merge branch 'issue75' of https://bitbucket.org/laborstudents/lsf-flask into issue75,https://github.com/BCStudentSoftwareDevTeam/lsf/commit/63f3d73654cd613290e12deedbe199002c64fcd4
lsf,f9cc1ca854d14add4ca6e4ac9beff2b7e4bbf344,elajamali,User,elajamali,2020-01-21T17:59:11Z,fixing merge conflcits,https://github.com/BCStudentSoftwareDevTeam/lsf/commit/f9cc1ca854d14add4ca6e4ac9beff2b7e4bbf344
lsf,93d4887c93f148f0e70081b3bd280a6dc1a21734,OtienoAnne,User,OtienoAnne,2020-01-21T17:05:41Z,Set up my url and all the files. Started structuring the html.,https://github.com/BCStudentSoftwareDevTeam/lsf/commit/93d4887c93f148f0e70081b3bd280a6dc1a21734
lsf,e95fc674737180f5ddef31296202d59db4ce2dc0,Hila Manalai,,Hila Manalai,2020-01-21T16:53:45Z,Merge branch 'issue75' of https://bitbucket.org/laborstudents/lsf-flask into issue75,https://github.com/BCStudentSoftwareDevTeam/lsf/commit/e95fc674737180f5ddef31296202d59db4ce2dc0
lsf,46f7385578759b4fa7aabcd3ebde8aa0b53f8d99,bryantal,User,BrianRamsay,2020-01-21T16:22:09Z,"Merged in issue50 (pull request #32)

Fixes Issue #50: Labor history modal can be a little buggy

Approved-by: Brian Ramsay <brian@foont.net>",https://github.com/BCStudentSoftwareDevTeam/lsf/commit/46f7385578759b4fa7aabcd3ebde8aa0b53f8d99
lsf,571d00d17d0d994f31b81cadf0d53d3b0d88f572,Jamaliela,User,BrianRamsay,2020-01-21T16:19:03Z,"Merged in issue76 (pull request #38)

Redirecting to Student Overload Application

Approved-by: Brian Ramsay <brian@foont.net>",https://github.com/BCStudentSoftwareDevTeam/lsf/commit/571d00d17d0d994f31b81cadf0d53d3b0d88f572
lsf,d016eb41a1dc040ef0b7fd3cced55cb3424cc32f,Hila Manalai,,BrianRamsay,2020-01-21T15:54:11Z,"Merged in issue44 (pull request #30)

Issue44 | Adds Print Button to Labor History

Approved-by: Brian Ramsay",https://github.com/BCStudentSoftwareDevTeam/lsf/commit/d016eb41a1dc040ef0b7fd3cced55cb3424cc32f
lsf,b542a06d8f8ac96f23083484fb8f786d7cd31dd8,Hila Manalai,,Hila Manalai,2020-01-21T15:00:58Z,fixing merge conflicts,https://github.com/BCStudentSoftwareDevTeam/lsf/commit/b542a06d8f8ac96f23083484fb8f786d7cd31dd8
lsf,561ab157cc9a80fb06ba94599e7bc7aec16058cc,Hila Manalai,,Hila Manalai,2020-01-21T14:57:07Z,fixing merge conflicts,https://github.com/BCStudentSoftwareDevTeam/lsf/commit/561ab157cc9a80fb06ba94599e7bc7aec16058cc
lsf,8cbc81ae8ab9ce40c2bbfadcd6b0d77be1b1451f,Hila Manalai,,Hila Manalai,2020-01-21T14:47:57Z,Merge branch 'issue44' of https://bitbucket.org/laborstudents/lsf-flask into issue44,https://github.com/BCStudentSoftwareDevTeam/lsf/commit/8cbc81ae8ab9ce40c2bbfadcd6b0d77be1b1451f
lsf,367ef8a8c29f2693d4ca8b68c9948167129ff221,Hila Manalai,,Hila Manalai,2020-01-21T14:47:09Z,changed pdfTemplate's location,https://github.com/BCStudentSoftwareDevTeam/lsf/commit/367ef8a8c29f2693d4ca8b68c9948167129ff221
lsf,bfeb740e1182df3480c8756df8c14945ae7ace11,elajamali,User,elajamali,2020-01-20T22:11:03Z,gettign rid of comments,https://github.com/BCStudentSoftwareDevTeam/lsf/commit/bfeb740e1182df3480c8756df8c14945ae7ace11
lsf,ad89fb553aebb2bd196fe4eb2ee9eacd28be1bb2,elajamali,User,elajamali,2020-01-20T22:03:46Z,getting rid of my email credintials,https://github.com/BCStudentSoftwareDevTeam/lsf/commit/ad89fb553aebb2bd196fe4eb2ee9eacd28be1bb2
lsf,e9ecb661f9f71166ced5c0f6277e3e5f0b5daad8,GuillermoCruz32,User,GuillermoCruz32,2020-01-20T19:47:22Z,Trying to fix the issue of buttons no longer redirecting.,https://github.com/BCStudentSoftwareDevTeam/lsf/commit/e9ecb661f9f71166ced5c0f6277e3e5f0b5daad8
lsf,438f800ac04efe8593d87647069943dcda4caf24,elajamali,User,elajamali,2020-01-20T19:46:40Z,the URL is working fine,https://github.com/BCStudentSoftwareDevTeam/lsf/commit/438f800ac04efe8593d87647069943dcda4caf24
lsf,ae6332d85020248c8d2072cb4ffbe7833ac56b6a,elajamali,User,elajamali,2020-01-20T18:42:17Z,solving merge conflicts,https://github.com/BCStudentSoftwareDevTeam/lsf/commit/ae6332d85020248c8d2072cb4ffbe7833ac56b6a
lsf,e60916b95925aef073682bd990bda6e858928d82,Jamaliela,User,BrianRamsay,2020-01-20T18:36:10Z,"Merged in studentOverload (pull request #29)

Student Overload Application Interface

Approved-by: Brian Ramsay",https://github.com/BCStudentSoftwareDevTeam/lsf/commit/e60916b95925aef073682bd990bda6e858928d82
lsf,a7e9030f0a51c742a7a456c1ed826eb52c532aee,GuillermoCruz32,User,GuillermoCruz32,2020-01-20T18:29:56Z,Merge branch 'development' into issue80,https://github.com/BCStudentSoftwareDevTeam/lsf/commit/a7e9030f0a51c742a7a456c1ed826eb52c532aee
lsf,13d7ad646ab6250a969810be850ebc8bb46d99fd,GuillermoCruz32,User,GuillermoCruz32,2020-01-20T18:26:56Z,Merge branch 'development' into issue80,https://github.com/BCStudentSoftwareDevTeam/lsf/commit/13d7ad646ab6250a969810be850ebc8bb46d99fd
lsf,45e96de82614d138827d01d9d547a290b5f9a8e1,elajamali,User,elajamali,2020-01-20T18:26:02Z,created the unique URL,https://github.com/BCStudentSoftwareDevTeam/lsf/commit/45e96de82614d138827d01d9d547a290b5f9a8e1
lsf,0ea62ee668e6f1d4f1115204d73ef59db12d99d3,GuillermoCruz32,User,BrianRamsay,2020-01-20T18:23:10Z,"Merged in emailManagementInterface (pull request #37)

Email Handler User Interface: Mark 2

Approved-by: Brian Ramsay",https://github.com/BCStudentSoftwareDevTeam/lsf/commit/0ea62ee668e6f1d4f1115204d73ef59db12d99d3
lsf,7a164333518363d9636fda038b61e76130c8ff78,Jamaliela,User,BrianRamsay,2020-01-20T18:12:28Z,"Merged in issue62 (pull request #31)

Student History Modal bug on multiple clicks

Approved-by: Brian Ramsay",https://github.com/BCStudentSoftwareDevTeam/lsf/commit/7a164333518363d9636fda038b61e76130c8ff78
lsf,17c2fb5c6e2fe2d2f9abffc1687f8ade8579fded,GuillermoCruz32,User,GuillermoCruz32,2020-01-20T18:11:28Z,Fixed the issue of routes having both 'POST' and 'GET' methods,https://github.com/BCStudentSoftwareDevTeam/lsf/commit/17c2fb5c6e2fe2d2f9abffc1687f8ade8579fded
lsf,6efa4b9ed1f3bfb9bdacc95a2bd42f46590252cf,GuillermoCruz32,User,BrianRamsay,2020-01-20T18:07:21Z,"Merged in emailManagementInterface (pull request #36)

Email Handler User Interface

Approved-by: Brian Ramsay",https://github.com/BCStudentSoftwareDevTeam/lsf/commit/6efa4b9ed1f3bfb9bdacc95a2bd42f46590252cf
lsf,2c013d5ddc12b6ff1eb7e4fee64eae76fb3a871c,elajamali,User,elajamali,2020-01-20T17:54:19Z,URL formhistory ID is saved,https://github.com/BCStudentSoftwareDevTeam/lsf/commit/2c013d5ddc12b6ff1eb7e4fee64eae76fb3a871c
lsf,864d7c946ffe3482e55f25f38700f74189c94452,elajamali,User,elajamali,2020-01-20T17:31:54Z,Merge branch 'development' into issue76,https://github.com/BCStudentSoftwareDevTeam/lsf/commit/864d7c946ffe3482e55f25f38700f74189c94452
lsf,fde7530d9603613d4a9006adab8f276f8a354ad1,GuillermoCruz32,User,GuillermoCruz32,2020-01-20T16:49:30Z,Started to create the new email tracker model.,https://github.com/BCStudentSoftwareDevTeam/lsf/commit/fde7530d9603613d4a9006adab8f276f8a354ad1
lsf,2aeeb3a782eb96a217105d84564993ab686a1733,GuillermoCruz32,User,BrianRamsay,2020-01-20T16:45:30Z,"Merged in emailClassRefactor (pull request #35)

EmailClass Refactor

Approved-by: Brian Ramsay",https://github.com/BCStudentSoftwareDevTeam/lsf/commit/2aeeb3a782eb96a217105d84564993ab686a1733
lsf,2a15e162f7aef0b0d0f1f4a9376fa2b0a5ec3c97,GuillermoCruz32,User,BrianRamsay,2020-01-20T16:42:29Z,"Merged in modifiedFormBug (pull request #34)

Modified Form Bug

Approved-by: Brian Ramsay",https://github.com/BCStudentSoftwareDevTeam/lsf/commit/2a15e162f7aef0b0d0f1f4a9376fa2b0a5ec3c97
lsf,1fa5dbd728fdab538b70103a49a391bf33769c12,GuillermoCruz32,User,GuillermoCruz32,2020-01-20T15:11:31Z,"Accidently left gmail username and app password in yaml file, has been deleted.",https://github.com/BCStudentSoftwareDevTeam/lsf/commit/1fa5dbd728fdab538b70103a49a391bf33769c12
lsf,d03f2834198c15a728cbffade6398077fc9008ee,GuillermoCruz32,User,GuillermoCruz32,2020-01-17T19:19:25Z,Fixing merge conflicts,https://github.com/BCStudentSoftwareDevTeam/lsf/commit/d03f2834198c15a728cbffade6398077fc9008ee
lsf,ca0bb3514013c5a6497a1ab558cad71be01d969c,GuillermoCruz32,User,GuillermoCruz32,2020-01-17T19:01:50Z,One final small fix on the modal wording.,https://github.com/BCStudentSoftwareDevTeam/lsf/commit/ca0bb3514013c5a6497a1ab558cad71be01d969c
lsf,39bc19d45c37c234b328a33546e7a2834f10e6c8,GuillermoCruz32,User,GuillermoCruz32,2020-01-17T18:33:00Z,"Turned off the select picker, and also deleted the code that gave users the ability to change the job type.",https://github.com/BCStudentSoftwareDevTeam/lsf/commit/39bc19d45c37c234b328a33546e7a2834f10e6c8
lsf,e5aa85a410919eb3e1aa1f5fff183b60a0733dc3,Luis Riera,,Luis Riera,2020-01-16T20:21:47Z,Added a small backup in case pulling a student from Tracy fails.,https://github.com/BCStudentSoftwareDevTeam/lsf/commit/e5aa85a410919eb3e1aa1f5fff183b60a0733dc3
lsf,8b17f7100226559d34592af7f061c818081827d8,Alex Bryant,,Alex Bryant,2020-01-16T17:01:37Z,added global variable in the labor history javascript,https://github.com/BCStudentSoftwareDevTeam/lsf/commit/8b17f7100226559d34592af7f061c818081827d8
lsf,d86da317ba18d72428a61d7f255ff1bfa1941046,elajamali,User,elajamali,2020-01-15T22:07:16Z,email is being sent now working on the URL,https://github.com/BCStudentSoftwareDevTeam/lsf/commit/d86da317ba18d72428a61d7f255ff1bfa1941046
lsf,2f802d55c927cdf3da48d2b8e8a418b1d4b0a179,GuillermoCruz32,User,GuillermoCruz32,2020-01-15T19:49:33Z,"Finished documentation for the branch, and fixed one smalll bug with a select picker not clearing correctly.",https://github.com/BCStudentSoftwareDevTeam/lsf/commit/2f802d55c927cdf3da48d2b8e8a418b1d4b0a179
lsf,16fa815e8621548798c334ff170d59f29312f8ae,barnetth,,barnetth,2020-01-15T18:35:46Z,completed documentation for emailTemplates.js,https://github.com/BCStudentSoftwareDevTeam/lsf/commit/16fa815e8621548798c334ff170d59f29312f8ae
lsf,0490936fc74ab0eb041c0526e9d726c832c286d1,GuillermoCruz32,User,GuillermoCruz32,2020-01-15T18:13:49Z,Pushing latest version for partner to see changes.,https://github.com/BCStudentSoftwareDevTeam/lsf/commit/0490936fc74ab0eb041c0526e9d726c832c286d1
lsf,e2b55ce695aeb47ae8062e36aa963e0697c29525,Hila Manalai,,Hila Manalai,2020-01-15T16:58:31Z,testing email handler,https://github.com/BCStudentSoftwareDevTeam/lsf/commit/e2b55ce695aeb47ae8062e36aa963e0697c29525
lsf,976d79124d109c38c3f72fbcacebeb509bc29df3,Hila Manalai,,Hila Manalai,2020-01-15T16:46:05Z,we are able to create overloadform in formhistory,https://github.com/BCStudentSoftwareDevTeam/lsf/commit/976d79124d109c38c3f72fbcacebeb509bc29df3
lsf,911420df25e2c5db07417be9dc0d4a18791b62b8,Luis Riera,,Luis Riera,2020-01-14T22:48:18Z,New branch off of lsf_backup to work with the LSF main page and all the changes made to it so far. Fixed issue 72: new LSF forms that qualify as overload are marked as such in formhistory. Fixed issue 53: students in Tracy but not our data base are now added to our database correctly.,https://github.com/BCStudentSoftwareDevTeam/lsf/commit/911420df25e2c5db07417be9dc0d4a18791b62b8
lsf,d0f160c29422270f5d9fa9b519c48e07c18c7218,Hila Manalai,,Hila Manalai,2020-01-14T21:57:39Z,trying to add totalhours to globalarraystudents,https://github.com/BCStudentSoftwareDevTeam/lsf/commit/d0f160c29422270f5d9fa9b519c48e07c18c7218
lsf,ab7ad914431de47bed4c2c9bdb5ea7dd93e07b08,GuillermoCruz32,User,GuillermoCruz32,2020-01-14T21:36:57Z,Finished refactoring the email handler class.,https://github.com/BCStudentSoftwareDevTeam/lsf/commit/ab7ad914431de47bed4c2c9bdb5ea7dd93e07b08
lsf,53fcaf365d3a5fb7c28e2b13d5859b3a77249db8,Hila Manalai,,Hila Manalai,2020-01-14T21:31:44Z,Merge branch 'issue76' of https://bitbucket.org/laborstudents/lsf-flask into issue76,https://github.com/BCStudentSoftwareDevTeam/lsf/commit/53fcaf365d3a5fb7c28e2b13d5859b3a77249db8
lsf,83cb45e21a7351742d1816092d4a51af30038dce,Hila Manalai,,Hila Manalai,2020-01-14T21:30:57Z,reversing the changes,https://github.com/BCStudentSoftwareDevTeam/lsf/commit/83cb45e21a7351742d1816092d4a51af30038dce
lsf,0413d59dd6822cb1fb06251f97112e49a701a74e,GuillermoCruz32,User,GuillermoCruz32,2020-01-14T19:57:25Z,Pushing some small changes to be tested.,https://github.com/BCStudentSoftwareDevTeam/lsf/commit/0413d59dd6822cb1fb06251f97112e49a701a74e
lsf,ded1eef925813f4d6df202698bf26fd75aec772f,elajamali,User,elajamali,2020-01-14T19:22:24Z,fixing merge conflicts,https://github.com/BCStudentSoftwareDevTeam/lsf/commit/ded1eef925813f4d6df202698bf26fd75aec772f
lsf,1ee9a3b7bb0146d21141c6f8224cc8e6dfc5a289,GuillermoCruz32,User,GuillermoCruz32,2020-01-14T18:33:56Z,Saving these changes to pull from development.,https://github.com/BCStudentSoftwareDevTeam/lsf/commit/1ee9a3b7bb0146d21141c6f8224cc8e6dfc5a289
lsf,457a04b3374f47f616889291d7939aa06e3c3179,elajamali,User,elajamali,2020-01-14T18:18:37Z,fixing merge conflicts,https://github.com/BCStudentSoftwareDevTeam/lsf/commit/457a04b3374f47f616889291d7939aa06e3c3179
lsf,93b417135408399f494867d4eed6b8234f672590,Hila Manalai,,Hila Manalai,2020-01-14T16:49:59Z,trying to send totalhours to controller,https://github.com/BCStudentSoftwareDevTeam/lsf/commit/93b417135408399f494867d4eed6b8234f672590
lsf,e36e1b03f5a5365c981ddb733338d0e7e6371a5b,BriaW,,BriaW,2020-01-14T15:22:46Z,saving changes,https://github.com/BCStudentSoftwareDevTeam/lsf/commit/e36e1b03f5a5365c981ddb733338d0e7e6371a5b
lsf,090e5265fbd876282abd7355ed67ab2090d0d624,elajamali,User,elajamali,2020-01-13T21:58:53Z,trying to do the emails,https://github.com/BCStudentSoftwareDevTeam/lsf/commit/090e5265fbd876282abd7355ed67ab2090d0d624
lsf,84f5c44aa8b5d236e2c122cb0da3e71d3e93cc46,Hila Manalai,,Hila Manalai,2020-01-13T21:14:49Z,changed the spinner timer to 500,https://github.com/BCStudentSoftwareDevTeam/lsf/commit/84f5c44aa8b5d236e2c122cb0da3e71d3e93cc46
lsf,cc82b3314ff74cb36d6e2ee70736c9defe350ce2,elajamali,User,elajamali,2020-01-13T20:41:57Z,finished adding the loading display - this issue may have been solved now,https://github.com/BCStudentSoftwareDevTeam/lsf/commit/cc82b3314ff74cb36d6e2ee70736c9defe350ce2
lsf,f9876b5bf74dad7ec509c6a249ae1fc904c596d6,BriaW,,BriaW,2020-01-13T20:20:38Z,"Debugging the pending overloads page, fixed the modal text",https://github.com/BCStudentSoftwareDevTeam/lsf/commit/f9876b5bf74dad7ec509c6a249ae1fc904c596d6
lsf,021417375c4f64ce98a159d2839a31f3246e3a41,elajamali,User,elajamali,2020-01-13T18:32:41Z,Merge branch 'issue62' of https://bitbucket.org/laborstudents/lsf-flask into issue62,https://github.com/BCStudentSoftwareDevTeam/lsf/commit/021417375c4f64ce98a159d2839a31f3246e3a41
lsf,86b773fe4d32135f9cc5e9f549907ef3fca9713f,elajamali,User,elajamali,2020-01-13T18:32:05Z,Merge branch 'development' into issue62,https://github.com/BCStudentSoftwareDevTeam/lsf/commit/86b773fe4d32135f9cc5e9f549907ef3fca9713f
lsf,97f7984036c2c9499a887270ffa294690959e90f,Hila Manalai,,Hila Manalai,2020-01-13T16:49:40Z,fixed the issue with loading model data remotely,https://github.com/BCStudentSoftwareDevTeam/lsf/commit/97f7984036c2c9499a887270ffa294690959e90f
lsf,181aebdd32efced3b178b23c4d5131aacb71e30d,BriaW,,BriaW,2020-01-10T22:01:33Z,debugging datatable,https://github.com/BCStudentSoftwareDevTeam/lsf/commit/181aebdd32efced3b178b23c4d5131aacb71e30d
lsf,03a86393a47ae6c9b76179e582bd1173e453e190,BriaW,,BriaW,2020-01-10T15:35:17Z,Merge branch 'pendingMerge' of bitbucket.org:laborstudents/lsf-flask into pendingMerge,https://github.com/BCStudentSoftwareDevTeam/lsf/commit/03a86393a47ae6c9b76179e582bd1173e453e190
lsf,3cade3f1eb20e67342995456ebeb8068cdbeb6fb,GuillermoCruz32,User,GuillermoCruz32,2020-01-09T19:41:39Z,"Removed search box from select picker, made the Purpose field required, fixed the wording on modal, and fixed the title on select pickers.",https://github.com/BCStudentSoftwareDevTeam/lsf/commit/3cade3f1eb20e67342995456ebeb8068cdbeb6fb
lsf,5f0e163b4e766088a8fcd3fb3f8ba0553eaf1a36,BriaW,,BriaW,2020-01-09T15:17:38Z,saving changes,https://github.com/BCStudentSoftwareDevTeam/lsf/commit/5f0e163b4e766088a8fcd3fb3f8ba0553eaf1a36
lsf,1902f94f3208afc760a1a29fa73dfb3f1720f1b2,GuillermoCruz32,User,GuillermoCruz32,2020-01-08T20:16:24Z,Merge branch 'development' of https://bitbucket.org/laborstudents/lsf-flask into development,https://github.com/BCStudentSoftwareDevTeam/lsf/commit/1902f94f3208afc760a1a29fa73dfb3f1720f1b2
lsf,ca7f5a27370ac6fdc3cffae369c59af143b1096f,GuillermoCruz32,User,GuillermoCruz32,2020-01-08T20:12:01Z,"Added a modal for the save changes button, added a discard changes button to discard changes, and also fixed the python flash message because it was extending too far and getting caught behind the logo.",https://github.com/BCStudentSoftwareDevTeam/lsf/commit/ca7f5a27370ac6fdc3cffae369c59af143b1096f
lsf,655f2132c56e11111565d8b8426c02952ad8c130,Alex Bryant,,Alex Bryant,2020-01-08T20:11:50Z,Merge branch 'development' into issue44,https://github.com/BCStudentSoftwareDevTeam/lsf/commit/655f2132c56e11111565d8b8426c02952ad8c130
lsf,06057e412600b768805bbf36f99848b67a26683c,elajamali,User,elajamali,2020-01-08T18:53:13Z,"proposed a new change, need to discuss to remove the backdrop",https://github.com/BCStudentSoftwareDevTeam/lsf/commit/06057e412600b768805bbf36f99848b67a26683c
lsf,2186aca1b983b602fb3769c558de5eaddf357427,Hila Manalai,,Hila Manalai,2020-01-08T16:47:43Z,trying different approaches. Still no fix,https://github.com/BCStudentSoftwareDevTeam/lsf/commit/2186aca1b983b602fb3769c558de5eaddf357427
lsf,520e7795ceb131f83c439415fc71f6b88f228587,elajamali,User,elajamali,2020-01-07T23:00:17Z,working on the modal,https://github.com/BCStudentSoftwareDevTeam/lsf/commit/520e7795ceb131f83c439415fc71f6b88f228587
lsf,08fb9bcf3f80ef077d8c4b5d16c42cc9bbf5fadc,elajamali,User,elajamali,2020-01-07T22:20:04Z,"getting rid of async, new plans",https://github.com/BCStudentSoftwareDevTeam/lsf/commit/08fb9bcf3f80ef077d8c4b5d16c42cc9bbf5fadc
lsf,96f0727bd5cfffff0e4d4ce43989cbb2a99cd1b1,elajamali,User,elajamali,2020-01-07T20:43:25Z, moved back to what we had before. still trying to fix the issue,https://github.com/BCStudentSoftwareDevTeam/lsf/commit/96f0727bd5cfffff0e4d4ce43989cbb2a99cd1b1
lsf,37d4fafca1494f184dae0743e96e01ef652ad0c5,elajamali,User,elajamali,2020-01-06T21:33:09Z,I tried to fix the modal issue but this is borken now.,https://github.com/BCStudentSoftwareDevTeam/lsf/commit/37d4fafca1494f184dae0743e96e01ef652ad0c5
lsf,8ce8e3ffebf0c48f468807bad718f1f594d88ae2,wgs1862019,User,wgs1862019,2020-01-02T20:37:55Z,README.md edited online with Bitbucket,https://github.com/BCStudentSoftwareDevTeam/lsf/commit/8ce8e3ffebf0c48f468807bad718f1f594d88ae2
lsf,1bd58f48ce2405359c75d4d6b17535e7143e2027,wgs1862019,User,wgs1862019,2020-01-02T20:24:12Z,README.md edited online with Bitbucket,https://github.com/BCStudentSoftwareDevTeam/lsf/commit/1bd58f48ce2405359c75d4d6b17535e7143e2027
lsf,15c20f0b0cf13479a1210359c3ff9d47bc72e0f1,Hila Manalai,,Hila Manalai,2019-12-20T15:26:36Z,minor changes,https://github.com/BCStudentSoftwareDevTeam/lsf/commit/15c20f0b0cf13479a1210359c3ff9d47bc72e0f1
lsf,bd7c46b85ba335313cd64932b7bff4fc74fcabdf,Hila Manalai,,Hila Manalai,2019-12-20T15:05:02Z,I did inline styling on adminOverload modal to increase the height of the modal. The solution is for now,https://github.com/BCStudentSoftwareDevTeam/lsf/commit/bd7c46b85ba335313cd64932b7bff4fc74fcabdf
lsf,03af3db39283c5efcfcf72563791c6d2dde0989c,Hila Manalai,,Hila Manalai,2019-12-19T21:53:23Z,almost done with combining ela's pending forms page with Bri's,https://github.com/BCStudentSoftwareDevTeam/lsf/commit/03af3db39283c5efcfcf72563791c6d2dde0989c
lsf,58e3c0eb0be037b5d599554425927939aae8c949,Hila Manalai,,Hila Manalai,2019-12-18T22:02:15Z,trying,https://github.com/BCStudentSoftwareDevTeam/lsf/commit/58e3c0eb0be037b5d599554425927939aae8c949
lsf,78562094f53d024c2d4a078f8692dc1788a599f7,Hila Manalai,,Hila Manalai,2019-12-17T20:59:37Z,almost done with styling,https://github.com/BCStudentSoftwareDevTeam/lsf/commit/78562094f53d024c2d4a078f8692dc1788a599f7
lsf,e18c98394d84df95c286d03ca7951d8e36e73c89,Hila Manalai,,Hila Manalai,2019-12-17T18:20:55Z,almost done with the pdf styling,https://github.com/BCStudentSoftwareDevTeam/lsf/commit/e18c98394d84df95c286d03ca7951d8e36e73c89
lsf,378dc40261765bd32b8e8b288687147cfe2ca51f,May Jue,,BrianRamsay,2019-12-17T13:29:02Z,"Merged in EmailHandler (pull request #27)

EmailHandler

Approved-by: Brian Ramsay",https://github.com/BCStudentSoftwareDevTeam/lsf/commit/378dc40261765bd32b8e8b288687147cfe2ca51f
lsf,170ee15bdcbbc83dcd79c2f7d6fe697dea4a7060,Hila Manalai,,Hila Manalai,2019-12-16T22:13:04Z,worked on getting student information and styling the pdf,https://github.com/BCStudentSoftwareDevTeam/lsf/commit/170ee15bdcbbc83dcd79c2f7d6fe697dea4a7060
lsf,f7c6f13fe800dfae46906499c3a68a8673f18c52,GuillermoCruz32,User,GuillermoCruz32,2019-12-12T19:05:41Z,"Fixed some comments, and cancel button. Last commit before the break.",https://github.com/BCStudentSoftwareDevTeam/lsf/commit/f7c6f13fe800dfae46906499c3a68a8673f18c52
lsf,947c95416a790ee249affde8fed2659c1f73c9e2,elajamali,User,elajamali,2019-12-12T17:40:05Z,a quick change in the method to have the wait time for 2 seconds instead of 1 second,https://github.com/BCStudentSoftwareDevTeam/lsf/commit/947c95416a790ee249affde8fed2659c1f73c9e2
lsf,b1a8e767cb6d9bb7dcf5da77b78f0f1e1f72e7bf,elajamali,User,elajamali,2019-12-12T17:26:01Z,seems to be working and no duplicate modals appear,https://github.com/BCStudentSoftwareDevTeam/lsf/commit/b1a8e767cb6d9bb7dcf5da77b78f0f1e1f72e7bf
lsf,feff415fadd378bb26bb5a410fe939d513d8afbd,GuillermoCruz32,User,GuillermoCruz32,2019-12-11T16:01:41Z,"Made the custom dropdown in CKEditor window, and populated with our keywords.",https://github.com/BCStudentSoftwareDevTeam/lsf/commit/feff415fadd378bb26bb5a410fe939d513d8afbd
lsf,9d92102730dc5d4e2d7800fc37ed02c6805d2299,elajamali,User,elajamali,2019-12-11T16:00:47Z,fixed merge conflicts,https://github.com/BCStudentSoftwareDevTeam/lsf/commit/9d92102730dc5d4e2d7800fc37ed02c6805d2299
lsf,ae821aa5d4dd81ac4af8208bfb196e57531dd29c,elajamali,User,elajamali,2019-12-11T15:48:24Z,cleaning up everything for the PR,https://github.com/BCStudentSoftwareDevTeam/lsf/commit/ae821aa5d4dd81ac4af8208bfb196e57531dd29c
lsf,6f5c24ecc6b70bbecb419b7face332e9b568d8b4,elajamali,User,elajamali,2019-12-10T22:58:03Z,last changes in the UI,https://github.com/BCStudentSoftwareDevTeam/lsf/commit/6f5c24ecc6b70bbecb419b7face332e9b568d8b4
lsf,591026128912a7561f44e2e7912b8823bbca5d09,elajamali,User,elajamali,2019-12-10T22:52:23Z,fixing merge conflicts,https://github.com/BCStudentSoftwareDevTeam/lsf/commit/591026128912a7561f44e2e7912b8823bbca5d09
lsf,fddbc8e11cbbeebd62dedc3e550f9935f3b96ce2,elajamali,User,elajamali,2019-12-10T22:50:25Z,changed in the UI,https://github.com/BCStudentSoftwareDevTeam/lsf/commit/fddbc8e11cbbeebd62dedc3e550f9935f3b96ce2
lsf,0ce93196b0106c433dd09c3522519eeff7c72d74,Luis Riera,,Luis Riera,2019-12-10T22:42:58Z,More UI changes. Added more tables.,https://github.com/BCStudentSoftwareDevTeam/lsf/commit/0ce93196b0106c433dd09c3522519eeff7c72d74
lsf,50e327ea0cef725046864c38fa0f6d08173191ba,Luis Riera,,Luis Riera,2019-12-10T21:58:15Z,Merge branch 'studentOverload' of https://bitbucket.org/laborstudents/lsf-flask into studentOverload,https://github.com/BCStudentSoftwareDevTeam/lsf/commit/50e327ea0cef725046864c38fa0f6d08173191ba
lsf,1a4ffed40b9efc69cb05ef290865b2c2839a0168,Luis Riera,,Luis Riera,2019-12-10T21:57:44Z,More UI changes. Made tables prettier.,https://github.com/BCStudentSoftwareDevTeam/lsf/commit/1a4ffed40b9efc69cb05ef290865b2c2839a0168
lsf,ef28f3aab59a0cf82d6ae0ec6eb67f7a022c75c4,elajamali,User,elajamali,2019-12-10T21:57:39Z,"functionality seems to be done, getting all the terms in one year",https://github.com/BCStudentSoftwareDevTeam/lsf/commit/ef28f3aab59a0cf82d6ae0ec6eb67f7a022c75c4
lsf,35eec6c986a4e6ad004168ed417029d9a3d9eb40,Alex Bryant,,Alex Bryant,2019-12-10T21:56:46Z,"Fixed an onclick syntax issue in the HTML, made it so that the page scrolls back to the top when forms are submitted so that the user can see the flash, and fixed an issue with the system allowing positions with WLS 5 be secondary or have less than 15 hours a week.",https://github.com/BCStudentSoftwareDevTeam/lsf/commit/35eec6c986a4e6ad004168ed417029d9a3d9eb40
lsf,8da451d7b18a65ae9bc7827e5e8379f453d2c342,elajamali,User,elajamali,2019-12-10T21:21:11Z,Merge branch 'studentOverload' of https://bitbucket.org/laborstudents/lsf-flask into studentOverload,https://github.com/BCStudentSoftwareDevTeam/lsf/commit/8da451d7b18a65ae9bc7827e5e8379f453d2c342
lsf,aa55bc22dc25d554076be4b6594b012bd026fe01,elajamali,User,elajamali,2019-12-10T21:20:36Z,cleaning yp some comments,https://github.com/BCStudentSoftwareDevTeam/lsf/commit/aa55bc22dc25d554076be4b6594b012bd026fe01
lsf,135b3f7671047485cd6c295fa124991152a20177,Luis Riera,,Luis Riera,2019-12-10T21:17:44Z,Merge branch 'studentOverload' of https://bitbucket.org/laborstudents/lsf-flask into studentOverload,https://github.com/BCStudentSoftwareDevTeam/lsf/commit/135b3f7671047485cd6c295fa124991152a20177
lsf,48d8ace7172b6cdea09839a174b968416ad3a0d1,elajamali,User,elajamali,2019-12-10T21:17:17Z,post method is working now,https://github.com/BCStudentSoftwareDevTeam/lsf/commit/48d8ace7172b6cdea09839a174b968416ad3a0d1
lsf,0cb70785640bcc49b0d424cc5da2ac4e6a26f62d,Luis Riera,,Luis Riera,2019-12-10T21:07:32Z,Some UI Changes,https://github.com/BCStudentSoftwareDevTeam/lsf/commit/0cb70785640bcc49b0d424cc5da2ac4e6a26f62d
lsf,22708108a2efd77b38096983920cda0579f780be,GuillermoCruz32,User,BrianRamsay,2019-12-10T19:11:50Z,"Merged in supervisorPortal (pull request #19)

SupervisorPortal

Approved-by: Brian Ramsay <brian@foont.net>",https://github.com/BCStudentSoftwareDevTeam/lsf/commit/22708108a2efd77b38096983920cda0579f780be
lsf,73b1eb465f2f64fbf1e6cb0ba1e999879fee3da4,Jamaliela,User,BrianRamsay,2019-12-10T19:09:35Z,"Merged in modify32 (pull request #21)

Modify Labor Status Form

Approved-by: Brian Ramsay <brian@foont.net>",https://github.com/BCStudentSoftwareDevTeam/lsf/commit/73b1eb465f2f64fbf1e6cb0ba1e999879fee3da4
lsf,866c9d7144dfc2f11c6d01ff66b4e0c3b68c555f,GuillermoCruz32,User,GuillermoCruz32,2019-12-10T15:57:35Z,Found the plugin for the CKEditor dropdown.,https://github.com/BCStudentSoftwareDevTeam/lsf/commit/866c9d7144dfc2f11c6d01ff66b4e0c3b68c555f
lsf,0a96422efba54129a03df1b6a6925d7ca6b1f877,May,,May,2019-12-10T14:22:10Z,Remove unused code,https://github.com/BCStudentSoftwareDevTeam/lsf/commit/0a96422efba54129a03df1b6a6925d7ca6b1f877
lsf,2c09f4bbb881b20b66f28932ed791200a2d7217a,elajamali,User,elajamali,2019-12-09T22:10:14Z,working on the post method,https://github.com/BCStudentSoftwareDevTeam/lsf/commit/2c09f4bbb881b20b66f28932ed791200a2d7217a
lsf,69d38250073f32b8916c287aff3972aef60e1150,BriaW,,BriaW,2019-12-09T21:58:31Z,saving changes,https://github.com/BCStudentSoftwareDevTeam/lsf/commit/69d38250073f32b8916c287aff3972aef60e1150
lsf,6541de58fad7ea2d8d8ead75e4994bd41a843f4e,elajamali,User,elajamali,2019-12-09T20:54:04Z,cleaning up js with all functions that we don't need anymore,https://github.com/BCStudentSoftwareDevTeam/lsf/commit/6541de58fad7ea2d8d8ead75e4994bd41a843f4e
lsf,f5746cc2e9eaa165178253f90aa846acd8977f08,elajamali,User,elajamali,2019-12-09T20:46:08Z,a bit left form calculating hours,https://github.com/BCStudentSoftwareDevTeam/lsf/commit/f5746cc2e9eaa165178253f90aa846acd8977f08
lsf,a7e01bb37ff54860dbaf0deabb5990da480e0b50,elajamali,User,elajamali,2019-12-09T20:43:17Z,hours have been updated,https://github.com/BCStudentSoftwareDevTeam/lsf/commit/a7e01bb37ff54860dbaf0deabb5990da480e0b50
lsf,9ab6aa247d38d6ab3dd64db703f507c2d26076d1,elajamali,User,elajamali,2019-12-09T20:13:11Z,got rid of select pickers and now we have list of the positions,https://github.com/BCStudentSoftwareDevTeam/lsf/commit/9ab6aa247d38d6ab3dd64db703f507c2d26076d1
lsf,192bcffe26b06921e4afd6cfda1c3be34c2750e7,elajamali,User,elajamali,2019-12-09T18:43:17Z,changing the way we grab positions,https://github.com/BCStudentSoftwareDevTeam/lsf/commit/192bcffe26b06921e4afd6cfda1c3be34c2750e7
lsf,016c3bfbecc700001fe979f6b2361d3d923c1ecb,Hila Manalai,,Hila Manalai,2019-12-06T20:46:37Z,working on the pdf file conversion,https://github.com/BCStudentSoftwareDevTeam/lsf/commit/016c3bfbecc700001fe979f6b2361d3d923c1ecb
lsf,dab4837414854709f4f1d10fd4922a1eb7ebeffb,elajamali,User,elajamali,2019-12-05T23:05:59Z,adding to db is done,https://github.com/BCStudentSoftwareDevTeam/lsf/commit/dab4837414854709f4f1d10fd4922a1eb7ebeffb
lsf,169b462ed0000e501ffb1d6c44bcf7792a651046,elajamali,User,elajamali,2019-12-05T20:01:24Z, working on posting the data,https://github.com/BCStudentSoftwareDevTeam/lsf/commit/169b462ed0000e501ffb1d6c44bcf7792a651046
lsf,06753b012fd729088b2a2cb1cb0323243ac28ec5,Alex Bryant,,Alex Bryant,2019-12-05T19:58:13Z,forgot to change the name of a function call of a function I changed the name of in the HTML.,https://github.com/BCStudentSoftwareDevTeam/lsf/commit/06753b012fd729088b2a2cb1cb0323243ac28ec5
lsf,f4f23578b3b3804c169815ed8cb3ea0fba9990e5,Alex Bryant,,Alex Bryant,2019-12-05T19:33:06Z,Changed function names.,https://github.com/BCStudentSoftwareDevTeam/lsf/commit/f4f23578b3b3804c169815ed8cb3ea0fba9990e5
lsf,aad80d626d23fdd9c1ea24014f39cc775fc9154f,Alex Bryant,,Alex Bryant,2019-12-05T18:52:59Z,Fixed conflicts with development.,https://github.com/BCStudentSoftwareDevTeam/lsf/commit/aad80d626d23fdd9c1ea24014f39cc775fc9154f
lsf,7dd445b56bc157c9776d8961c1a6fed7e8286e2e,Alex Bryant,,Alex Bryant,2019-12-05T18:47:55Z,Fixed the notes and remove glyphicons in the table to not be clickable when a labor status form is submitted as well removed console.logs.,https://github.com/BCStudentSoftwareDevTeam/lsf/commit/7dd445b56bc157c9776d8961c1a6fed7e8286e2e
lsf,86ec3afe57307870de191dfa355f78b4939e7218,Alex Bryant,,Alex Bryant,2019-12-05T17:26:10Z,Fixed the issue with checking primary positions and removed console.logs and print statements.,https://github.com/BCStudentSoftwareDevTeam/lsf/commit/86ec3afe57307870de191dfa355f78b4939e7218
lsf,ed6f633041d391376a76a126b10f5e3f2a488dfc,Alex Bryant,,Alex Bryant,2019-12-04T23:00:06Z,found a loose curly bracket and fixed it.,https://github.com/BCStudentSoftwareDevTeam/lsf/commit/ed6f633041d391376a76a126b10f5e3f2a488dfc
lsf,ecaee9aa53e60d4aee9c415c8ef0809e425b6d02,GuillermoCruz32,User,GuillermoCruz32,2019-12-04T22:35:46Z,Populate the CKeditor body and the subject textfield based on purpose,https://github.com/BCStudentSoftwareDevTeam/lsf/commit/ecaee9aa53e60d4aee9c415c8ef0809e425b6d02
lsf,ca256ab45f8a7775b586581b1fe2924c07dc9e17,Luis Riera,,Luis Riera,2019-12-04T22:14:53Z,The checkboxes now enable and disable the fields the student is supposed to fill out after all checkboxes are checked. The fields for primary position and the reason for overload now show the button when both are filled out and hide it on load and when either field is empty. It still allows for black spaces or blank line to count as notes.,https://github.com/BCStudentSoftwareDevTeam/lsf/commit/ca256ab45f8a7775b586581b1fe2924c07dc9e17
lsf,87f6fad5fbd19e8f72d9c7a56341ce46280b785c,GuillermoCruz32,User,GuillermoCruz32,2019-12-03T22:51:30Z,"When the recipient is chosen from the select picker, the purpose now autofills with all the purposes that correspond to the recipient.",https://github.com/BCStudentSoftwareDevTeam/lsf/commit/87f6fad5fbd19e8f72d9c7a56341ce46280b785c
lsf,7f9dea2fcb054dc905567b877cc97b7797b8df73,Luis Riera,,Luis Riera,2019-12-03T22:23:59Z,fixed merge conflicts.,https://github.com/BCStudentSoftwareDevTeam/lsf/commit/7f9dea2fcb054dc905567b877cc97b7797b8df73
lsf,8058a8974d62f148d0baf2c876015a6fb75682e7,Luis Riera,,Luis Riera,2019-12-03T22:21:33Z,Created the basic outline for the AJAX call to update the database with the changes done to the form. The call occurs onclick of the Submit button.,https://github.com/BCStudentSoftwareDevTeam/lsf/commit/8058a8974d62f148d0baf2c876015a6fb75682e7
lsf,24bfacf5d993793f5db75919cc997dfa9ee97687,GuillermoCruz32,User,GuillermoCruz32,2019-12-03T20:55:16Z,"Created the js file for the emailTemaples html file, and started to work on the js file ajax calls that will be needed to populated the select pickers.",https://github.com/BCStudentSoftwareDevTeam/lsf/commit/24bfacf5d993793f5db75919cc997dfa9ee97687
lsf,3d9d0f939cf2430d2e97ade53a5abf85c37d1b08,elajamali,User,elajamali,2019-12-03T20:54:30Z,working on checkboxes,https://github.com/BCStudentSoftwareDevTeam/lsf/commit/3d9d0f939cf2430d2e97ade53a5abf85c37d1b08
lsf,c80727c4c3e84d613c0b0808e0d36fa26ac8969e,elajamali,User,elajamali,2019-12-03T20:37:08Z,added new modals and working on the checkboxes.,https://github.com/BCStudentSoftwareDevTeam/lsf/commit/c80727c4c3e84d613c0b0808e0d36fa26ac8969e
lsf,4dc394c3db944135ef0d39681cc0f500d311ffb0,elajamali,User,elajamali,2019-12-03T02:38:34Z,"hours are done, required fields are done",https://github.com/BCStudentSoftwareDevTeam/lsf/commit/4dc394c3db944135ef0d39681cc0f500d311ffb0
lsf,e659cc6d3e60bd92ee26794ccff733ecb0a46f19,GuillermoCruz32,User,GuillermoCruz32,2019-12-02T23:58:08Z,"Started making the UI for the email handler. Set up the basic controller, and set the nav bar to redirect to the correct page.",https://github.com/BCStudentSoftwareDevTeam/lsf/commit/e659cc6d3e60bd92ee26794ccff733ecb0a46f19
lsf,08cf6babdc3156d1049f49dd1540dda08f69a5ae,Alex Bryant,,Alex Bryant,2019-12-02T22:47:56Z,removed commented out function.,https://github.com/BCStudentSoftwareDevTeam/lsf/commit/08cf6babdc3156d1049f49dd1540dda08f69a5ae
lsf,870189af8a1e1edd3af529b08ba54c704e9ab99a,elajamali,User,elajamali,2019-11-26T22:46:12Z,working on secondary position not to have the breaks,https://github.com/BCStudentSoftwareDevTeam/lsf/commit/870189af8a1e1edd3af529b08ba54c704e9ab99a
lsf,4a11a1453f61b3a6cb440d8cce8babd55b9df5e8,elajamali,User,elajamali,2019-11-26T21:43:57Z,finished populating the current primary position and hours for that,https://github.com/BCStudentSoftwareDevTeam/lsf/commit/4a11a1453f61b3a6cb440d8cce8babd55b9df5e8
lsf,538e23142ce12ca60df7876f313b6e38c52ebb7c,elajamali,User,elajamali,2019-11-26T18:49:18Z,working on ajax,https://github.com/BCStudentSoftwareDevTeam/lsf/commit/538e23142ce12ca60df7876f313b6e38c52ebb7c
lsf,37b0ad6e35b186f8214e695fee4fb09f5ac44475,elajamali,User,elajamali,2019-11-26T02:09:18Z,modified add dummy,https://github.com/BCStudentSoftwareDevTeam/lsf/commit/37b0ad6e35b186f8214e695fee4fb09f5ac44475
lsf,f261a2e8ae4be985be81118a35ed15a44a8d94eb,elajamali,User,elajamali,2019-11-26T02:06:37Z,prefilled the primary position selectpicker,https://github.com/BCStudentSoftwareDevTeam/lsf/commit/f261a2e8ae4be985be81118a35ed15a44a8d94eb
lsf,82111e9f2c9c47ef2d71ac633f65094c91f10b6b,Luis Riera,,Luis Riera,2019-11-25T23:59:47Z,"Fixed dummy data, again. Got the selectpicker to populate correctly.",https://github.com/BCStudentSoftwareDevTeam/lsf/commit/82111e9f2c9c47ef2d71ac633f65094c91f10b6b
lsf,680e71a73385d21466c9960035d39512d746ff68,Luis Riera,,Luis Riera,2019-11-25T23:37:48Z,Fixed the dummy data just added,https://github.com/BCStudentSoftwareDevTeam/lsf/commit/680e71a73385d21466c9960035d39512d746ff68
lsf,6083ebf3162ff979778587b56c90688929bed4c6,Luis Riera,,Luis Riera,2019-11-25T23:14:45Z,Fixed dummy data,https://github.com/BCStudentSoftwareDevTeam/lsf/commit/6083ebf3162ff979778587b56c90688929bed4c6
lsf,60a7df7a52787220f02d9230743bb3685df2069c,Luis Riera,,Luis Riera,2019-11-25T23:06:24Z,Added dummy data for better testing,https://github.com/BCStudentSoftwareDevTeam/lsf/commit/60a7df7a52787220f02d9230743bb3685df2069c
lsf,e97746b8821ad4639ea2a02d854f767e322b2cd1,elajamali,User,elajamali,2019-11-25T22:55:02Z,populating select picker with current year primaries,https://github.com/BCStudentSoftwareDevTeam/lsf/commit/e97746b8821ad4639ea2a02d854f767e322b2cd1
lsf,73ec66dbf5e82d6018f507b12285893c90dfd7a2,Luis Riera,,Luis Riera,2019-11-25T21:56:03Z,Fixed a problem with pulling from the nonexistent columns in the lsf table.,https://github.com/BCStudentSoftwareDevTeam/lsf/commit/73ec66dbf5e82d6018f507b12285893c90dfd7a2
lsf,582edda6b069c49f5463d195928f195835d91c13,May,,May,2019-11-25T21:55:16Z,finishing up and adding comments,https://github.com/BCStudentSoftwareDevTeam/lsf/commit/582edda6b069c49f5463d195928f195835d91c13
lsf,a096b496047c4357f522ad370a873b5479d1e22f,May,,May,2019-11-25T20:15:41Z,finishing up and adding comments,https://github.com/BCStudentSoftwareDevTeam/lsf/commit/a096b496047c4357f522ad370a873b5479d1e22f
lsf,aaa2b0a52618a721fb6428d233fe49455d3e2212,Hila Manalai,,Hila Manalai,2019-11-25T19:02:03Z,continued working on the pdf,https://github.com/BCStudentSoftwareDevTeam/lsf/commit/aaa2b0a52618a721fb6428d233fe49455d3e2212
lsf,8213d3a29dd1bd8e31bdd7cad8ea0e7c6540bb3b,Hila Manalai,,Hila Manalai,2019-11-24T06:33:12Z,Merge branch 'development' of https://bitbucket.org/laborstudents/lsf-flask into issue44,https://github.com/BCStudentSoftwareDevTeam/lsf/commit/8213d3a29dd1bd8e31bdd7cad8ea0e7c6540bb3b
lsf,321c5e7d5d8c69d0a204537a751de1126171049f,elajamali,User,elajamali,2019-11-20T22:55:54Z,working on populating the current primary position for student,https://github.com/BCStudentSoftwareDevTeam/lsf/commit/321c5e7d5d8c69d0a204537a751de1126171049f
lsf,8be8505e6c486a37c0259676ff4a1924bf464745,May,,May,2019-11-20T22:54:06Z,remove email,https://github.com/BCStudentSoftwareDevTeam/lsf/commit/8be8505e6c486a37c0259676ff4a1924bf464745
lsf,e52b53d800cf2e93110a8a67a78612fb2fa4604b,Alex Bryant,,Alex Bryant,2019-11-20T22:53:29Z,Worked on reducing the amount of modals by reusing the same modal.,https://github.com/BCStudentSoftwareDevTeam/lsf/commit/e52b53d800cf2e93110a8a67a78612fb2fa4604b
lsf,8b6194d77b427310df094238ed6b65583b3ed76f,May,,May,2019-11-20T22:42:43Z,added example secret config yaml file,https://github.com/BCStudentSoftwareDevTeam/lsf/commit/8b6194d77b427310df094238ed6b65583b3ed76f
lsf,67c25a2977211f67a9850bc7c3e11456624abf73,May,,May,2019-11-20T22:33:11Z,complete the placeholder code for all the email handler and the SASS and Financial Aid,https://github.com/BCStudentSoftwareDevTeam/lsf/commit/67c25a2977211f67a9850bc7c3e11456624abf73
lsf,93268cbc2fd2a4b41e04549c323cba3be1e0dc9c,elajamali,User,elajamali,2019-11-20T21:10:27Z,Merge branch 'studentOverload' of https://bitbucket.org/laborstudents/lsf-flask into studentOverload,https://github.com/BCStudentSoftwareDevTeam/lsf/commit/93268cbc2fd2a4b41e04549c323cba3be1e0dc9c
lsf,dbb84a6310bc1e15352eafca8a101b7d5d5fb4bf,Luis Riera,,Luis Riera,2019-11-20T21:09:44Z,Made some fields disabled.,https://github.com/BCStudentSoftwareDevTeam/lsf/commit/dbb84a6310bc1e15352eafca8a101b7d5d5fb4bf
lsf,a8185f32d6df691608a23e4bcfa3290b9e765f80,elajamali,User,elajamali,2019-11-20T21:08:34Z,Merge branch 'studentOverload' of https://bitbucket.org/laborstudents/lsf-flask into studentOverload,https://github.com/BCStudentSoftwareDevTeam/lsf/commit/a8185f32d6df691608a23e4bcfa3290b9e765f80
lsf,ed09778d9d9a824f8194879dc77cee5f8985a24f,elajamali,User,elajamali,2019-11-20T21:08:04Z,Merge branch 'development' of https://bitbucket.org/laborstudents/lsf-flask into studentOverload,https://github.com/BCStudentSoftwareDevTeam/lsf/commit/ed09778d9d9a824f8194879dc77cee5f8985a24f
lsf,e657dd354b995680062ac123b6bb08b48cc9a8c3,phuyalb16,,phuyalb16,2019-11-20T20:36:40Z,"Added JS flash, changed the functionality upon failed forms, etc.",https://github.com/BCStudentSoftwareDevTeam/lsf/commit/e657dd354b995680062ac123b6bb08b48cc9a8c3
lsf,f76cf36fb318f0fa1b83dd0a4ffeff285be76d76,phuyalb16,,phuyalb16,2019-11-20T17:48:04Z,fixed merged conflicts,https://github.com/BCStudentSoftwareDevTeam/lsf/commit/f76cf36fb318f0fa1b83dd0a4ffeff285be76d76
lsf,c155210da98d45807a9ec5bcd40dd1c6eb2e6488,phuyalb16,,phuyalb16,2019-11-20T17:42:01Z,"Changed remove color, moved error message accordingly",https://github.com/BCStudentSoftwareDevTeam/lsf/commit/c155210da98d45807a9ec5bcd40dd1c6eb2e6488
lsf,1d15b954f83c9441faeb225e82b48cfb950b8ea7,Luis Riera,,Luis Riera,2019-11-19T21:08:37Z,Merge branch 'development' into studentOverload,https://github.com/BCStudentSoftwareDevTeam/lsf/commit/1d15b954f83c9441faeb225e82b48cfb950b8ea7
lsf,f9054e774206784977f12601b9df27d700e5690d,May,,May,2019-11-19T20:46:30Z,Merge branch 'development' into EmailHandler,https://github.com/BCStudentSoftwareDevTeam/lsf/commit/f9054e774206784977f12601b9df27d700e5690d
lsf,7d4d4048489a714cc904667c0dfbf1945a803c67,GuillermoCruz32,User,GuillermoCruz32,2019-11-19T20:41:34Z,Merge branch 'development' of https://bitbucket.org/laborstudents/lsf-flask into development,https://github.com/BCStudentSoftwareDevTeam/lsf/commit/7d4d4048489a714cc904667c0dfbf1945a803c67
lsf,579b654c24b6ffc1fd9396ffb79588da91eb239b,elajamali,User,elajamali,2019-11-19T19:51:16Z,made sme prefills happen,https://github.com/BCStudentSoftwareDevTeam/lsf/commit/579b654c24b6ffc1fd9396ffb79588da91eb239b
lsf,0a83ed27bda00767d41ff3d9b37e079865d6d276,elajamali,User,elajamali,2019-11-19T19:36:39Z,making the controller for prefills,https://github.com/BCStudentSoftwareDevTeam/lsf/commit/0a83ed27bda00767d41ff3d9b37e079865d6d276
lsf,8f57b5732d98a1b194be0a14df54c929e3a6b51e,Anne Achieng,,Bria Williams,2019-11-19T16:39:01Z,"Merged in departmentStyling1 (pull request #25)

Button restyling and container CSS adjustments for term management and manage departments.",https://github.com/BCStudentSoftwareDevTeam/lsf/commit/8f57b5732d98a1b194be0a14df54c929e3a6b51e
lsf,77f61f187022a1b8c6702f214d37916c094a2097,Alex Bryant,,Alex Bryant,2019-11-18T22:55:46Z,Changed wording and added a new error flash when they click resubmit when it fails.,https://github.com/BCStudentSoftwareDevTeam/lsf/commit/77f61f187022a1b8c6702f214d37916c094a2097
lsf,fa19164e6de2d6de38a50ca989fcb39c7803f6ca,May,,May,2019-11-18T22:49:33Z,created all the possible email with placeholders,https://github.com/BCStudentSoftwareDevTeam/lsf/commit/fa19164e6de2d6de38a50ca989fcb39c7803f6ca
lsf,225c2b9dfc349d4083980f2aff2246029a313ea4,BriaW,,BriaW,2019-11-18T21:29:12Z,Fixing notes conditional,https://github.com/BCStudentSoftwareDevTeam/lsf/commit/225c2b9dfc349d4083980f2aff2246029a313ea4
lsf,13fca82e106ecc109bc12e2bcf78fe4f3f514964,phuyalb16,,phuyalb16,2019-11-18T19:03:35Z,Fixed handling errors,https://github.com/BCStudentSoftwareDevTeam/lsf/commit/13fca82e106ecc109bc12e2bcf78fe4f3f514964
lsf,95684da3db59577ef8d028251db66ad183cd39d9,Hila Manalai,,Hila Manalai,2019-11-15T22:01:29Z,trying to make pdf file in javascript,https://github.com/BCStudentSoftwareDevTeam/lsf/commit/95684da3db59577ef8d028251db66ad183cd39d9
lsf,8376c1a5b91c4c99b88fa9a894f87c96202fba53,Luis Riera,,Luis Riera,2019-11-14T21:26:23Z,Cleaned up the JS file a little more with the help of JSHint.,https://github.com/BCStudentSoftwareDevTeam/lsf/commit/8376c1a5b91c4c99b88fa9a894f87c96202fba53
lsf,52fa4e577e0c4cbdb9316c92abb8e8004ff82ba0,elajamali,User,elajamali,2019-11-13T22:56:26Z,cleaning up pending forms for PR,https://github.com/BCStudentSoftwareDevTeam/lsf/commit/52fa4e577e0c4cbdb9316c92abb8e8004ff82ba0
lsf,0400185e5110a4ae647684b1a3388ae7eda1d959,May,,May,2019-11-13T22:39:27Z,we basically finish the code for the email handler class and now we just need more templates to put into our database and replace the key words,https://github.com/BCStudentSoftwareDevTeam/lsf/commit/0400185e5110a4ae647684b1a3388ae7eda1d959
lsf,dc73b3fd00015e09d89dc1303a15bb237a7fd24c,elajamali,User,elajamali,2019-11-13T22:26:40Z, made the title of the pages change dynamically,https://github.com/BCStudentSoftwareDevTeam/lsf/commit/dc73b3fd00015e09d89dc1303a15bb237a7fd24c
lsf,08b7ee3764363fad590d1b6fb92169555b8e9642,elajamali,User,elajamali,2019-11-13T22:20:10Z,fixing bugs,https://github.com/BCStudentSoftwareDevTeam/lsf/commit/08b7ee3764363fad590d1b6fb92169555b8e9642
lsf,a71edd7d50992781dff88cdd866b2fd7d660ae2e,phuyalb16,,phuyalb16,2019-11-13T22:19:31Z,fail forms show,https://github.com/BCStudentSoftwareDevTeam/lsf/commit/a71edd7d50992781dff88cdd866b2fd7d660ae2e
lsf,875e3b1b809f721c38b81401268a7cd8f17a2e31,elajamali,User,elajamali,2019-11-13T21:35:39Z,making it ready for Luis,https://github.com/BCStudentSoftwareDevTeam/lsf/commit/875e3b1b809f721c38b81401268a7cd8f17a2e31
lsf,7993df48a93a73a5b9baa9622ab87b0ebda6fdba,elajamali,User,elajamali,2019-11-12T23:13:41Z,finished refactoring,https://github.com/BCStudentSoftwareDevTeam/lsf/commit/7993df48a93a73a5b9baa9622ab87b0ebda6fdba
lsf,cbba08a102f62e34c5077fcce6a91f7094434b59,May,,May,2019-11-12T22:09:32Z,added email template and replace for keywords,https://github.com/BCStudentSoftwareDevTeam/lsf/commit/cbba08a102f62e34c5077fcce6a91f7094434b59
lsf,4249f0d26878a905b3c4220a00afa7b1350df7c8,elajamali,User,elajamali,2019-11-11T22:58:59Z,changing the controller to have all the htmls under one route,https://github.com/BCStudentSoftwareDevTeam/lsf/commit/4249f0d26878a905b3c4220a00afa7b1350df7c8
lsf,d55c1ea564b8cdf9f2b651f3ccaf7a29a6b7435b,elajamali,User,elajamali,2019-11-11T22:09:29Z,Merge branch 'pendingForms' of https://bitbucket.org/laborstudents/lsf-flask into pendingForms,https://github.com/BCStudentSoftwareDevTeam/lsf/commit/d55c1ea564b8cdf9f2b651f3ccaf7a29a6b7435b
lsf,ead430a37649cf93cd96778712539bdd1c294f44,elajamali,User,elajamali,2019-11-11T22:09:12Z,Merge branch 'development' into pendingForms,https://github.com/BCStudentSoftwareDevTeam/lsf/commit/ead430a37649cf93cd96778712539bdd1c294f44
lsf,c4baa91eab5d912d1b6cbd5ff15adc8ae14006f9,elajamali,User,elajamali,2019-11-11T22:07:04Z,finished modifying the PR comments,https://github.com/BCStudentSoftwareDevTeam/lsf/commit/c4baa91eab5d912d1b6cbd5ff15adc8ae14006f9
lsf,3c18f0d99dc584c958df40bda7449ad8a9b8cf34,phuyalb16,,phuyalb16,2019-11-11T21:23:40Z,completed steps prior to failed froms table,https://github.com/BCStudentSoftwareDevTeam/lsf/commit/3c18f0d99dc584c958df40bda7449ad8a9b8cf34
lsf,bff01e441dfae8770d2af20b0486204b5a5b85da,jamal Aw Yonis,,jamal Aw Yonis,2019-11-11T18:38:15Z,fixed the appprove selected button,https://github.com/BCStudentSoftwareDevTeam/lsf/commit/bff01e441dfae8770d2af20b0486204b5a5b85da
lsf,0dece39e95cf36a41b0f41ace65e89b2840c9865,Hila Manalai,,Hila Manalai,2019-11-08T20:06:27Z,started working on printing the history page data in pdf format,https://github.com/BCStudentSoftwareDevTeam/lsf/commit/0dece39e95cf36a41b0f41ace65e89b2840c9865
lsf,2ca6fd91b6905dc7a748a776f161f56c0be56785,elajamali,User,elajamali,2019-11-07T23:29:57Z,changing the js to jquery,https://github.com/BCStudentSoftwareDevTeam/lsf/commit/2ca6fd91b6905dc7a748a776f161f56c0be56785
lsf,0378ce668b05970471cd63733a40102260013cfd,elajamali,User,elajamali,2019-11-07T22:25:31Z,getting rid of the base64 encoded key for URL,https://github.com/BCStudentSoftwareDevTeam/lsf/commit/0378ce668b05970471cd63733a40102260013cfd
lsf,557c96b38522acde43c60d9e1281252e1fb88ee1,elajamali,User,elajamali,2019-11-07T21:56:11Z,Merge branch 'development' of https://bitbucket.org/laborstudents/lsf-flask into modify32,https://github.com/BCStudentSoftwareDevTeam/lsf/commit/557c96b38522acde43c60d9e1281252e1fb88ee1
lsf,786323761c16c819e02d6e1af748e9367c76379d,Alex Bryant,,Alex Bryant,2019-11-07T20:22:15Z,Changed modal text for a button and adjusted the function that does it on the fly.  Started work on the controller to save the data we want in the table if a status form fails.,https://github.com/BCStudentSoftwareDevTeam/lsf/commit/786323761c16c819e02d6e1af748e9367c76379d
lsf,f561db628ac1d014c1b830315d7fafdd6ac4fc91,bryantal,User,BrianRamsay,2019-11-07T19:32:25Z,"Merged in Issue22 (pull request #17)

Issue 22 Fixed on the Create New Labor Status Form Page (still needs to be fixed on Modify LSF)",https://github.com/BCStudentSoftwareDevTeam/lsf/commit/f561db628ac1d014c1b830315d7fafdd6ac4fc91
lsf,48f34277fb45c4a7b2a6fa29e5de54e7e7432145,May,,May,2019-11-06T23:01:26Z,add the LSF tmplate to the email,https://github.com/BCStudentSoftwareDevTeam/lsf/commit/48f34277fb45c4a7b2a6fa29e5de54e7e7432145
lsf,008d8d2954972344af0b50a799438fa584bf396a,Alex Bryant,,Alex Bryant,2019-11-06T22:22:56Z,got the overload modal to stop showing up when clicking the 20 hours option.,https://github.com/BCStudentSoftwareDevTeam/lsf/commit/008d8d2954972344af0b50a799438fa584bf396a
lsf,a66edc73c0d1fe39459844e148030e5335c60519,jamal Aw Yonis,,jamal Aw Yonis,2019-11-06T22:08:48Z,saving w/ comments,https://github.com/BCStudentSoftwareDevTeam/lsf/commit/a66edc73c0d1fe39459844e148030e5335c60519
lsf,f1e1f824a10af2f5bb36ba0ce663f7b94df3cdb2,jamal Aw Yonis,,jamal Aw Yonis,2019-11-06T22:06:54Z,saving until tomorrow,https://github.com/BCStudentSoftwareDevTeam/lsf/commit/f1e1f824a10af2f5bb36ba0ce663f7b94df3cdb2
lsf,8aab5d387661d9b981de66afdbcf4d5475a63fea,jamal Aw Yonis,,jamal Aw Yonis,2019-11-06T21:39:47Z,saving changes to push,https://github.com/BCStudentSoftwareDevTeam/lsf/commit/8aab5d387661d9b981de66afdbcf4d5475a63fea
lsf,31108939209d83e0c94afa6bcce3ee4ba456d303,phuyalb16,,phuyalb16,2019-11-06T20:28:04Z,Fixed fields are empty check,https://github.com/BCStudentSoftwareDevTeam/lsf/commit/31108939209d83e0c94afa6bcce3ee4ba456d303
lsf,56aea368c4606b9cd846ee6b7051c2df77c93839,May,,May,2019-11-06T19:41:13Z,create email handler to send email to students,https://github.com/BCStudentSoftwareDevTeam/lsf/commit/56aea368c4606b9cd846ee6b7051c2df77c93839
lsf,815f9dad9761120cc7b87637633f7f32405e380d,jamal Aw Yonis,,jamal Aw Yonis,2019-11-06T18:19:50Z,Fixing shit,https://github.com/BCStudentSoftwareDevTeam/lsf/commit/815f9dad9761120cc7b87637633f7f32405e380d
lsf,c209f95e12facfbb71db1da2d562e2e78efccfe3,jamal Aw Yonis,,jamal Aw Yonis,2019-11-06T17:42:42Z,changed,https://github.com/BCStudentSoftwareDevTeam/lsf/commit/c209f95e12facfbb71db1da2d562e2e78efccfe3
lsf,382af91a657a3dab4cb30eca5c74aa64d4800ba2,phuyalb16,,phuyalb16,2019-11-05T20:38:12Z,Merge branch 'lsf1' of https://bitbucket.org/laborstudents/lsf-flask into lsf1,https://github.com/BCStudentSoftwareDevTeam/lsf/commit/382af91a657a3dab4cb30eca5c74aa64d4800ba2
lsf,6f07188797fce0875ca3e11f3845089b5288f8a3,phuyalb16,,phuyalb16,2019-11-05T20:24:26Z,Merge branch 'development' into lsf1,https://github.com/BCStudentSoftwareDevTeam/lsf/commit/6f07188797fce0875ca3e11f3845089b5288f8a3
lsf,13973f24ac6748b3a1d1716aa6e64a156c2252e4,phuyalb16,,phuyalb16,2019-11-05T20:23:21Z,Merge branch 'development' of https://bitbucket.org/laborstudents/lsf-flask into development,https://github.com/BCStudentSoftwareDevTeam/lsf/commit/13973f24ac6748b3a1d1716aa6e64a156c2252e4
lsf,20a46eef3f994bb6381dbab2fbd5aa1b17850db1,Alex Bryant,,Alex Bryant,2019-11-05T20:13:42Z,Merge branch 'lsf1' of https://bitbucket.org/laborstudents/lsf-flask into lsf1,https://github.com/BCStudentSoftwareDevTeam/lsf/commit/20a46eef3f994bb6381dbab2fbd5aa1b17850db1
lsf,966e6b1539bfeb3fa063fcb30f8190c754533e38,Luis Riera,,Luis Riera,2019-11-04T22:53:49Z,Some testing of stuff.,https://github.com/BCStudentSoftwareDevTeam/lsf/commit/966e6b1539bfeb3fa063fcb30f8190c754533e38
lsf,27810b37706896011224f4f0745c275c0f1bb6a7,OtienoAnne,User,OtienoAnne,2019-11-04T22:00:46Z,Recreated a branch to copy all the changes. Restyled the buttons and the container for term management and manage departments.,https://github.com/BCStudentSoftwareDevTeam/lsf/commit/27810b37706896011224f4f0745c275c0f1bb6a7
lsf,86374e2e01edcc2e781708c374e580266d46f73a,Alex Bryant,,Alex Bryant,2019-11-04T21:40:31Z,Merge branch 'development' into lsf1,https://github.com/BCStudentSoftwareDevTeam/lsf/commit/86374e2e01edcc2e781708c374e580266d46f73a
lsf,e54bf0a21eaeab6764a45f35ce206d1e6bb663a7,Luis Riera,,Luis Riera,2019-11-04T21:36:24Z,Fixed 2 infinite loops with modals and started to work on the fields_are_empty function.,https://github.com/BCStudentSoftwareDevTeam/lsf/commit/e54bf0a21eaeab6764a45f35ce206d1e6bb663a7
lsf,e087141d71bfd952442be5c2d45608ddc5d190bb,Luis Riera,,Luis Riera,2019-11-04T21:32:15Z,Fixed 2 infinite loops with modals and started to work on the fields_are_empty function.,https://github.com/BCStudentSoftwareDevTeam/lsf/commit/e087141d71bfd952442be5c2d45608ddc5d190bb
lsf,0ea47894230e5b0606a7c3e5a9e1a039c4128c44,Alex Bryant,,Alex Bryant,2019-11-04T21:22:09Z,Forgot to commit something Thursday.,https://github.com/BCStudentSoftwareDevTeam/lsf/commit/0ea47894230e5b0606a7c3e5a9e1a039c4128c44
lsf,cea567428bb0154b38f66958eebda92d32edf927,BriaW,,BriaW,2019-11-04T19:54:31Z,fixing merge conflict,https://github.com/BCStudentSoftwareDevTeam/lsf/commit/cea567428bb0154b38f66958eebda92d32edf927
lsf,4aa4458e5460156668e4d54919f99ad9ea0feb06,BriaW,,BriaW,2019-11-04T19:45:20Z,saving changes,https://github.com/BCStudentSoftwareDevTeam/lsf/commit/4aa4458e5460156668e4d54919f99ad9ea0feb06
lsf,47c32ee4b5ef6e91607f3d655be39587d5a3ad5f,Hila Manalai,,Hila Manalai,2019-11-01T16:31:11Z,changed datepicker field to readonly and set its color to white,https://github.com/BCStudentSoftwareDevTeam/lsf/commit/47c32ee4b5ef6e91607f3d655be39587d5a3ad5f
lsf,933edd34c4029bfb966dd4ab544d2babeb0cefd6,elajamali,User,elajamali,2019-10-31T21:15:25Z,hiding the supervisor notes when it is empty,https://github.com/BCStudentSoftwareDevTeam/lsf/commit/933edd34c4029bfb966dd4ab544d2babeb0cefd6
lsf,53170287fafcc70f98f78765aa0b9543bb25d5d6,elajamali,User,elajamali,2019-10-31T21:04:42Z,Merge branch 'pendingForms' of https://bitbucket.org/laborstudents/lsf-flask into pendingForms,https://github.com/BCStudentSoftwareDevTeam/lsf/commit/53170287fafcc70f98f78765aa0b9543bb25d5d6
lsf,f53bc9cfb40902371132495991b506e3dfa988f1,elajamali,User,elajamali,2019-10-31T21:03:48Z,fixing the syntax error,https://github.com/BCStudentSoftwareDevTeam/lsf/commit/f53bc9cfb40902371132495991b506e3dfa988f1
lsf,46c0b926077ad4e81d3d357e9675a3e97eed82c3,elajamali,User,elajamali,2019-10-31T20:46:22Z,Merge branch 'development' into pendingForms,https://github.com/BCStudentSoftwareDevTeam/lsf/commit/46c0b926077ad4e81d3d357e9675a3e97eed82c3
lsf,d75d0413fd30ca70d9389ba058bcd9b1d0130055,BriaW,,BriaW,2019-10-31T19:14:07Z,fixing typo,https://github.com/BCStudentSoftwareDevTeam/lsf/commit/d75d0413fd30ca70d9389ba058bcd9b1d0130055
lsf,ba9afcdd9c615fe866f78b4a33d7637ff8b7da23,Alex Bryant,,Alex Bryant,2019-10-31T19:04:55Z,Added changes to where the overload modal shows up and which button adds student data to the table.,https://github.com/BCStudentSoftwareDevTeam/lsf/commit/ba9afcdd9c615fe866f78b4a33d7637ff8b7da23
lsf,7199b534dba96266b7d663a0f0712ee7af00b425,BriaW,,BriaW,2019-10-31T18:49:11Z,making changes to model again,https://github.com/BCStudentSoftwareDevTeam/lsf/commit/7199b534dba96266b7d663a0f0712ee7af00b425
lsf,796a9523237968c2ed7b658ce6acf4c000e52dc6,BriaW,,BriaW,2019-10-31T18:43:47Z,changing the visit tracker model,https://github.com/BCStudentSoftwareDevTeam/lsf/commit/796a9523237968c2ed7b658ce6acf4c000e52dc6
lsf,f4842feae9f41c6666ce60f6e39fb06a4195c972,Alex Bryant,,Alex Bryant,2019-10-30T22:01:56Z,started work on rearranging the fields_are_empty() function.,https://github.com/BCStudentSoftwareDevTeam/lsf/commit/f4842feae9f41c6666ce60f6e39fb06a4195c972
lsf,75796c244703384df6504a1a5d80276effad4ea5,May,,May,2019-10-30T21:53:53Z,created email handler to send email when labor release form is created,https://github.com/BCStudentSoftwareDevTeam/lsf/commit/75796c244703384df6504a1a5d80276effad4ea5
lsf,075309af27407e98727a4d0b5fa2517c5bf14914,Luis Riera,,Luis Riera,2019-10-30T20:50:54Z,Now the last modals shows which labor status forms were submitted correctly and which ones were not. Fails get a red X and successes get a green checkmark.,https://github.com/BCStudentSoftwareDevTeam/lsf/commit/075309af27407e98727a4d0b5fa2517c5bf14914
lsf,a0da3abadc8aee52997c237b09ee7716b23a103d,wgs1862019,User,BrianRamsay,2019-10-30T20:47:11Z,"Merged in OfficeVisitModel (pull request #23)

OfficeVisitModel

Approved-by: Brian Ramsay <brian@foont.net>",https://github.com/BCStudentSoftwareDevTeam/lsf/commit/a0da3abadc8aee52997c237b09ee7716b23a103d
lsf,48f3c427713e2c7cb7aadf44217a26bcca6d284d,OtienoAnne,User,OtienoAnne,2019-10-30T20:46:36Z,Styled the direction menu and standardized the Incompliance and Not incompliance buttons. Also did code cleaning.,https://github.com/BCStudentSoftwareDevTeam/lsf/commit/48f3c427713e2c7cb7aadf44217a26bcca6d284d
lsf,78a8be7855c190b23305ae42e12937f08879e161,Kat Adams & Bria Williams,,Kat Adams & Bria Williams,2019-10-30T20:43:23Z,whitespace,https://github.com/BCStudentSoftwareDevTeam/lsf/commit/78a8be7855c190b23305ae42e12937f08879e161
lsf,eaffea956c8476b6d3f478bfee106c3eae03402c,Kat Adams & Bria Williams,,Kat Adams & Bria Williams,2019-10-30T20:37:11Z,whitespace,https://github.com/BCStudentSoftwareDevTeam/lsf/commit/eaffea956c8476b6d3f478bfee106c3eae03402c
lsf,b75126efa791fd6195dad3cbb566ce3341719856,Kat Adams & Bria Williams,,Kat Adams & Bria Williams,2019-10-30T20:35:52Z,whitespace,https://github.com/BCStudentSoftwareDevTeam/lsf/commit/b75126efa791fd6195dad3cbb566ce3341719856
lsf,92a6ffd0ca0bb42c1d233eae963e21e2d2114a40,Kat Adams & Bria Williams,,Kat Adams & Bria Williams,2019-10-30T20:33:30Z,"added isStudent flag, removed Other field",https://github.com/BCStudentSoftwareDevTeam/lsf/commit/92a6ffd0ca0bb42c1d233eae963e21e2d2114a40
lsf,6f47b0a10de1f521468f99a257aca199769bda1d,Kat Adams & Bria Williams,,Kat Adams & Bria Williams,2019-10-30T20:22:30Z,Office visit model initialization.,https://github.com/BCStudentSoftwareDevTeam/lsf/commit/6f47b0a10de1f521468f99a257aca199769bda1d
lsf,94752629c2981ab7f3b4d70e4a5c5fd3355c0e97,BriaW,,BriaW,2019-10-30T18:25:11Z,saving changes,https://github.com/BCStudentSoftwareDevTeam/lsf/commit/94752629c2981ab7f3b4d70e4a5c5fd3355c0e97
lsf,36d01d280e8b69d0fb7c904e111c05664b1e7e7e,elajamali,User,elajamali,2019-10-29T22:10:37Z,Deleting comments for PR,https://github.com/BCStudentSoftwareDevTeam/lsf/commit/36d01d280e8b69d0fb7c904e111c05664b1e7e7e
lsf,7f4d82187b8d8af58cb23a430a6df95892a1f1b7,elajamali,User,elajamali,2019-10-29T20:41:45Z,encoded the URL used for modifyLSF,https://github.com/BCStudentSoftwareDevTeam/lsf/commit/7f4d82187b8d8af58cb23a430a6df95892a1f1b7
lsf,799df3a2e49932270c32d326daeafcd601adf87f,elajamali,User,elajamali,2019-10-29T20:14:00Z,Merge branch 'development' into modify32,https://github.com/BCStudentSoftwareDevTeam/lsf/commit/799df3a2e49932270c32d326daeafcd601adf87f
lsf,8c727f458c073800d8a25e817fc74846266db01c,Luis Riera,,Luis Riera,2019-10-29T19:41:46Z,Fixed the modals and commented out some code breaking the JS.,https://github.com/BCStudentSoftwareDevTeam/lsf/commit/8c727f458c073800d8a25e817fc74846266db01c
lsf,796460648d3b931a8da39a3401f101be36442f0e,Luis Riera,,Luis Riera,2019-10-29T19:38:27Z,Fixed the modals and commented out some code breaking the JS.,https://github.com/BCStudentSoftwareDevTeam/lsf/commit/796460648d3b931a8da39a3401f101be36442f0e
lsf,c693dd12ca9d6ba598d12bb477ca60cffa00ff61,Alex Bryant,,Alex Bryant,2019-10-29T19:11:36Z,Merge branch 'lsf1' of https://bitbucket.org/laborstudents/lsf-flask into lsf1,https://github.com/BCStudentSoftwareDevTeam/lsf/commit/c693dd12ca9d6ba598d12bb477ca60cffa00ff61
lsf,6ccaa5be6f49f77c040df5ae8a6c52562b0e87fa,Alex Bryant,,Alex Bryant,2019-10-29T19:11:16Z,quick change,https://github.com/BCStudentSoftwareDevTeam/lsf/commit/6ccaa5be6f49f77c040df5ae8a6c52562b0e87fa
lsf,410e37c6a458381fecdedfb6a6a53996ba4d4623,elajamali,User,elajamali,2019-10-29T18:47:51Z,fixed the modal language- ready for PR,https://github.com/BCStudentSoftwareDevTeam/lsf/commit/410e37c6a458381fecdedfb6a6a53996ba4d4623
lsf,f02a220a5cf1f36cd53515e4a058fab1d4cbb053,elajamali,User,elajamali,2019-10-29T18:32:12Z,fixed getting the supervisors based on the deparetments,https://github.com/BCStudentSoftwareDevTeam/lsf/commit/f02a220a5cf1f36cd53515e4a058fab1d4cbb053
lsf,779b3e0a861425f62c113d774ebbd779b6b5561b,Luis Riera,,Luis Riera,2019-10-28T21:51:50Z,Turned most .innerHTML into JQuery.,https://github.com/BCStudentSoftwareDevTeam/lsf/commit/779b3e0a861425f62c113d774ebbd779b6b5561b
lsf,9cea2adbb2324cac6e6d359eb4a8560ab84cdcec,elajamali,User,elajamali,2019-10-28T21:49:40Z,fixed the wls check bug having trouble with getting supervuisors based on department,https://github.com/BCStudentSoftwareDevTeam/lsf/commit/9cea2adbb2324cac6e6d359eb4a8560ab84cdcec
lsf,4441de02b13a3fe5f5f2ef7ae06b6aee413395a0,Luis Riera,,Luis Riera,2019-10-28T20:08:34Z,Fixed a few missing ; and rogue }.,https://github.com/BCStudentSoftwareDevTeam/lsf/commit/4441de02b13a3fe5f5f2ef7ae06b6aee413395a0
lsf,0faeae3497842f2a9aacca9648d13363d309be81,jamal Aw Yonis,,jamal Aw Yonis,2019-10-28T17:37:56Z,fixed modified forms,https://github.com/BCStudentSoftwareDevTeam/lsf/commit/0faeae3497842f2a9aacca9648d13363d309be81
lsf,46b053e9611ebcd40e20e4970044f0dcab5a9507,jamal Aw Yonis,,jamal Aw Yonis,2019-10-28T17:29:40Z,fixed some id issues,https://github.com/BCStudentSoftwareDevTeam/lsf/commit/46b053e9611ebcd40e20e4970044f0dcab5a9507
lsf,aa92ddb1c3c2542d278dd9d1faedcd4a3ff90507,jamal Aw Yonis,,jamal Aw Yonis,2019-10-28T17:13:14Z,fixed denial and notes modals,https://github.com/BCStudentSoftwareDevTeam/lsf/commit/aa92ddb1c3c2542d278dd9d1faedcd4a3ff90507
lsf,8a5c004142fe40aedee7b1d00c92bf4ef6e09344,jamal Aw Yonis,,jamal Aw Yonis,2019-10-28T15:53:20Z,Merge branch 'pendingForms' into forms_table,https://github.com/BCStudentSoftwareDevTeam/lsf/commit/8a5c004142fe40aedee7b1d00c92bf4ef6e09344
lsf,be942340d9c985e5ffe02e3f95629bf70ce47fab,jamal Aw Yonis,,jamal Aw Yonis,2019-10-28T15:51:55Z,removed print statement and alert,https://github.com/BCStudentSoftwareDevTeam/lsf/commit/be942340d9c985e5ffe02e3f95629bf70ce47fab
lsf,446ef3128b02ed63e9516ef36494cb6972b5cafd,Hila Manalai,,Hila Manalai,2019-10-25T20:04:30Z,Fixed yalls mess,https://github.com/BCStudentSoftwareDevTeam/lsf/commit/446ef3128b02ed63e9516ef36494cb6972b5cafd
lsf,7bb96b817633b1876b25c8316d3b7a2b3aaf7aea,phuyalb16,,phuyalb16,2019-10-24T21:15:11Z,Almost done fixing the query issue,https://github.com/BCStudentSoftwareDevTeam/lsf/commit/7bb96b817633b1876b25c8316d3b7a2b3aaf7aea
lsf,dec461a551bbdbf420aba0d1687d4fd87fd6ff59,Alex Bryant,,Alex Bryant,2019-10-24T20:59:05Z,"Moved around function calls to make the flow of the code better and more readable.  Not completely done, but there is a start.  createAndFillTable and displayTable were modified.",https://github.com/BCStudentSoftwareDevTeam/lsf/commit/dec461a551bbdbf420aba0d1687d4fd87fd6ff59
lsf,cdb08bd17af0dd16d63bac3014a634b15f02207d,Alex Bryant,,Alex Bryant,2019-10-24T18:26:24Z,Got the submit modal to display whether the ajax call to create a labor status form was correct.  Also fixed wording on the modal as well.,https://github.com/BCStudentSoftwareDevTeam/lsf/commit/cdb08bd17af0dd16d63bac3014a634b15f02207d
lsf,56d885534a1ab5a36d5a497a594aae29f18943e1,Alex Bryant,,Alex Bryant,2019-10-24T17:38:35Z,Modified the displaytable function and deleted some unnecessary comments.,https://github.com/BCStudentSoftwareDevTeam/lsf/commit/56d885534a1ab5a36d5a497a594aae29f18943e1
lsf,bf4807bf23d9eed66854856a11776181f2c0f5c2,Alex Bryant,,Alex Bryant,2019-10-24T16:12:12Z,Fixing development merge conflicts.,https://github.com/BCStudentSoftwareDevTeam/lsf/commit/bf4807bf23d9eed66854856a11776181f2c0f5c2
lsf,19df084189a50a50b620dc62782f66b9ab36c146,Alex Bryant,,Alex Bryant,2019-10-23T21:34:50Z,Uncommented parts of the displaytable function and added a new function to check for WLS,https://github.com/BCStudentSoftwareDevTeam/lsf/commit/19df084189a50a50b620dc62782f66b9ab36c146
lsf,49ca9d37be04232e302741de52dfce9337fff045,Alex Bryant,,Alex Bryant,2019-10-23T16:36:02Z,Changed the color of the notes modal button,https://github.com/BCStudentSoftwareDevTeam/lsf/commit/49ca9d37be04232e302741de52dfce9337fff045
lsf,fc6173116e41e872109f84a0db69e5b799b88d70,Luis Riera,,Luis Riera,2019-10-23T15:53:10Z,LSF is back to its intended functionality and the controller and most of the JS account for the new global array.,https://github.com/BCStudentSoftwareDevTeam/lsf/commit/fc6173116e41e872109f84a0db69e5b799b88d70
lsf,aba745a9ed0aed4a0067480f58a1e6aaeea5b561,Alex Bryant,,Alex Bryant,2019-10-23T15:52:30Z,Fixed a typo on an if statement and changed innerHTML to just use .html(),https://github.com/BCStudentSoftwareDevTeam/lsf/commit/aba745a9ed0aed4a0067480f58a1e6aaeea5b561
lsf,39ce3700392b0f47aaa1b69c51199c4163eef504,GuillermoCruz32,User,GuillermoCruz32,2019-10-22T20:20:52Z,Merge branch 'development' of https://bitbucket.org/laborstudents/lsf-flask into development,https://github.com/BCStudentSoftwareDevTeam/lsf/commit/39ce3700392b0f47aaa1b69c51199c4163eef504
lsf,d36274ce4d97ae81852cbf6f868543d0a18a66b6,phuyalb16,,phuyalb16,2019-10-22T19:42:35Z,Merge branch 'development' of https://bitbucket.org/laborstudents/lsf-flask into development,https://github.com/BCStudentSoftwareDevTeam/lsf/commit/d36274ce4d97ae81852cbf6f868543d0a18a66b6
lsf,427b1c3cb055bee717db50cadacba4cdb7ff9d1d,May,,May,2019-10-22T19:30:50Z,we deleted the file that we no longer needed to clean up the code,https://github.com/BCStudentSoftwareDevTeam/lsf/commit/427b1c3cb055bee717db50cadacba4cdb7ff9d1d
lsf,56231115a28f19f85d0d6ac07cd003bc35e56839,Luis Riera,,Luis Riera,2019-10-22T18:44:39Z,Worked on the controller and fixed a few errors with the JS modal not using the global array of students.,https://github.com/BCStudentSoftwareDevTeam/lsf/commit/56231115a28f19f85d0d6ac07cd003bc35e56839
lsf,d56ce53778a833a02d3159b4080cd51eb3f2eeae,May,,May,2019-10-21T21:12:51Z,restructure the try and except so that it will only catch the exception we want,https://github.com/BCStudentSoftwareDevTeam/lsf/commit/d56ce53778a833a02d3159b4080cd51eb3f2eeae
lsf,804778a18f543161a022132f3c9f00498f8e7660,OtienoAnne,User,OtienoAnne,2019-10-21T20:45:16Z,Changed the name of the status form to pending form then started working on the modal for deny buttons,https://github.com/BCStudentSoftwareDevTeam/lsf/commit/804778a18f543161a022132f3c9f00498f8e7660
lsf,e7b2ab58c41311290aadc063faf2a8ca5378c5c2,GuillermoCruz32,User,GuillermoCruz32,2019-10-21T20:33:05Z,"Deleted some rouge print statements, made comments more clear and precise, and also changed the main_routes controller to give send back an array rather than a dictionary.",https://github.com/BCStudentSoftwareDevTeam/lsf/commit/e7b2ab58c41311290aadc063faf2a8ca5378c5c2
lsf,0ba05086d596e5b77624da9b72dc3a50ee9946a7,Jamaliela,User,Bria Williams,2019-10-21T13:50:33Z,"Merged in 69 (pull request #18)

fixing minor changes for redirecting to modify page

Approved-by: Bria Williams <briacodes@gmail.com>",https://github.com/BCStudentSoftwareDevTeam/lsf/commit/0ba05086d596e5b77624da9b72dc3a50ee9946a7
lsf,f976220dac341e72da2f4cf85ee999d726584057,BriaW,,BriaW,2019-10-18T21:05:42Z,tabbing was broken but I fixed it,https://github.com/BCStudentSoftwareDevTeam/lsf/commit/f976220dac341e72da2f4cf85ee999d726584057
lsf,e27c885442a985becf372ef17c8557a419352709,BriaW,,BriaW,2019-10-18T18:42:23Z,fixed supervisor modal,https://github.com/BCStudentSoftwareDevTeam/lsf/commit/e27c885442a985becf372ef17c8557a419352709
lsf,ac0cf87fe043f81f0245c971604974bc0cb8052e,BriaW,,BriaW,2019-10-18T13:15:19Z,fixing merge conflicts,https://github.com/BCStudentSoftwareDevTeam/lsf/commit/ac0cf87fe043f81f0245c971604974bc0cb8052e
lsf,a519cd30f0ab3528e8f0ef6b774f317581bfbf9d,elajamali,User,elajamali,2019-10-17T22:11:55Z,working on wls function-looks much better,https://github.com/BCStudentSoftwareDevTeam/lsf/commit/a519cd30f0ab3528e8f0ef6b774f317581bfbf9d
lsf,adfa91714af652f2b5f7094d4278c11899d13e22,phuyalb16,,phuyalb16,2019-10-17T21:15:00Z,fixed approval modal population,https://github.com/BCStudentSoftwareDevTeam/lsf/commit/adfa91714af652f2b5f7094d4278c11899d13e22
lsf,4274ee3b7e8d8efc49ce9d7969d825eb8efe0a92,Alex Bryant,,Alex Bryant,2019-10-17T20:58:46Z,Added back rsp.values(),https://github.com/BCStudentSoftwareDevTeam/lsf/commit/4274ee3b7e8d8efc49ce9d7969d825eb8efe0a92
lsf,6fdfce7feae7491913ced5ec92dbde2b52ea9f8d,Alex Bryant,,Alex Bryant,2019-10-17T18:50:44Z,Combined the student dictionary into one. I also changed a variable that was causing a loop to go wrong.  Also poked around in the controller to try and figure out why we are getting those errors.,https://github.com/BCStudentSoftwareDevTeam/lsf/commit/6fdfce7feae7491913ced5ec92dbde2b52ea9f8d
lsf,f6dff29bc8ba1d1ea341aad2a63e675239088547,elajamali,User,elajamali,2019-10-16T23:24:52Z,working on wlscheck functiuon to make it cleaner and work efficiently,https://github.com/BCStudentSoftwareDevTeam/lsf/commit/f6dff29bc8ba1d1ea341aad2a63e675239088547
lsf,ca0e51f01fd65a9ab43a98d2848803de0b911f1c,Luis Riera,,Luis Riera,2019-10-16T21:42:40Z,Made some changes to the controller and the JS.,https://github.com/BCStudentSoftwareDevTeam/lsf/commit/ca0e51f01fd65a9ab43a98d2848803de0b911f1c
lsf,c20ad402ca0ea3a1bb50cd4665d67ed83ec7979c,GuillermoCruz32,User,GuillermoCruz32,2019-10-16T19:47:19Z,Merge branch 'development' into supervisorPortal,https://github.com/BCStudentSoftwareDevTeam/lsf/commit/c20ad402ca0ea3a1bb50cd4665d67ed83ec7979c
lsf,664cb0ce0bba61ab90061bda6f167106d540b33d,GuillermoCruz32,User,GuillermoCruz32,2019-10-16T19:44:59Z,Merge branch 'development' of https://bitbucket.org/laborstudents/lsf-flask into development,https://github.com/BCStudentSoftwareDevTeam/lsf/commit/664cb0ce0bba61ab90061bda6f167106d540b33d
lsf,9c6ba6c60cb72cde93ea0b9b4134a39ec23dd39c,GuillermoCruz32,User,GuillermoCruz32,2019-10-16T18:36:00Z,Added comments and cleaned up code.,https://github.com/BCStudentSoftwareDevTeam/lsf/commit/9c6ba6c60cb72cde93ea0b9b4134a39ec23dd39c
lsf,2630269ddc26da1c13a9e8b9090eabbe2a0d12b6,Alex Bryant,,Alex Bryant,2019-10-16T16:33:20Z,"Messed around with the modals, tried to make the secondary and warning modal use the same one.",https://github.com/BCStudentSoftwareDevTeam/lsf/commit/2630269ddc26da1c13a9e8b9090eabbe2a0d12b6
lsf,7fdea55f3f94dea48e5fdcb04d6bb46876fd908d,Luis Riera,,Luis Riera,2019-10-16T15:26:48Z,Adding the changes made Tuesday.,https://github.com/BCStudentSoftwareDevTeam/lsf/commit/7fdea55f3f94dea48e5fdcb04d6bb46876fd908d
lsf,948abbc07f1eceb8853951cb5828c199a26d3432,elajamali,User,elajamali,2019-10-15T22:29:20Z,some changes suggested and needed after the demo,https://github.com/BCStudentSoftwareDevTeam/lsf/commit/948abbc07f1eceb8853951cb5828c199a26d3432
lsf,8518f258ba78672be26e00b706cced2f247c6ef8,elajamali,User,elajamali,2019-10-15T20:08:26Z,ModifyLSF is done ready for PR,https://github.com/BCStudentSoftwareDevTeam/lsf/commit/8518f258ba78672be26e00b706cced2f247c6ef8
lsf,ff7032f5b92e42d7654e91503058ba7e78058278,BriaW,,BriaW,2019-10-15T16:11:39Z,Merging pendTables branch,https://github.com/BCStudentSoftwareDevTeam/lsf/commit/ff7032f5b92e42d7654e91503058ba7e78058278
lsf,a472f3f2da10a1d0174806771d7a9de65637ae14,elajamali,User,elajamali,2019-10-14T21:57:38Z, fixed the modal glitch,https://github.com/BCStudentSoftwareDevTeam/lsf/commit/a472f3f2da10a1d0174806771d7a9de65637ae14
lsf,fffe7be1e0a46aa5c4a61fa0c4f49e2f17cb676f,GuillermoCruz32,User,GuillermoCruz32,2019-10-14T21:03:25Z,"We cleaned up our code, and added comments for clarification.",https://github.com/BCStudentSoftwareDevTeam/lsf/commit/fffe7be1e0a46aa5c4a61fa0c4f49e2f17cb676f
lsf,6b75eeca2592a28e86f1e0da159fcc60a588d0a7,Luis Riera,,Luis Riera,2019-10-14T20:58:12Z,The table now deletes rows correctly and also deletes them from the globalArray in the JS.,https://github.com/BCStudentSoftwareDevTeam/lsf/commit/6b75eeca2592a28e86f1e0da159fcc60a588d0a7
lsf,98120436c18db78f5d3318157e88d3075a36075e,BriaW,,BriaW,2019-10-14T20:57:01Z,fixing the table,https://github.com/BCStudentSoftwareDevTeam/lsf/commit/98120436c18db78f5d3318157e88d3075a36075e
lsf,54f3e0d7f919881f1fd72ae26dae9f3918de8e8f,Luis Riera,,Luis Riera,2019-10-14T20:12:07Z,Tried a few different things to get the deleteRow conditional to work but had no luck. Currently there is a placeholder in it.,https://github.com/BCStudentSoftwareDevTeam/lsf/commit/54f3e0d7f919881f1fd72ae26dae9f3918de8e8f
lsf,84312953ff015d5bbae94fc00838c7ebb89e2c35,OtienoAnne,User,OtienoAnne,2019-10-14T19:50:26Z,Fixing merge conflicts,https://github.com/BCStudentSoftwareDevTeam/lsf/commit/84312953ff015d5bbae94fc00838c7ebb89e2c35
lsf,329b72ac4129ad3e335a3f66f0c72558627e7bce,BriaW,,BriaW,2019-10-14T19:39:56Z,Merge branch 'pendTables' of https://bitbucket.org/laborstudents/lsf-flask into pendTables,https://github.com/BCStudentSoftwareDevTeam/lsf/commit/329b72ac4129ad3e335a3f66f0c72558627e7bce
lsf,27bd83bc40c51182a2c75342cae882a4d095fec0,BriaW,,BriaW,2019-10-14T19:38:47Z,trying to fix duplicates,https://github.com/BCStudentSoftwareDevTeam/lsf/commit/27bd83bc40c51182a2c75342cae882a4d095fec0
lsf,8aefe878a78a1a9f7d0ba038fdbfb988428da454,jamal Aw Yonis,,jamal Aw Yonis,2019-10-14T19:08:05Z,fixed all pending forms modals,https://github.com/BCStudentSoftwareDevTeam/lsf/commit/8aefe878a78a1a9f7d0ba038fdbfb988428da454
lsf,74a78b8ffb988162a341357f10f34f3dbd3d9d11,jamal Aw Yonis,,jamal Aw Yonis,2019-10-14T16:10:35Z,fixed errors,https://github.com/BCStudentSoftwareDevTeam/lsf/commit/74a78b8ffb988162a341357f10f34f3dbd3d9d11
lsf,7d6b1e6575d9d3433e9a9a84503fe19cc10193cc,BriaW,,BriaW,2019-10-14T15:55:06Z,saving changes again,https://github.com/BCStudentSoftwareDevTeam/lsf/commit/7d6b1e6575d9d3433e9a9a84503fe19cc10193cc
lsf,5de7132d6d961798ca4081a1fd1ea9c20c35aded,BriaW,,BriaW,2019-10-11T20:09:17Z,adding datatable,https://github.com/BCStudentSoftwareDevTeam/lsf/commit/5de7132d6d961798ca4081a1fd1ea9c20c35aded
lsf,25132db54ebf333dcce117b439e45a4c5c48ebcb,BriaW,,BriaW,2019-10-11T19:24:55Z,Making a dataTable for the data,https://github.com/BCStudentSoftwareDevTeam/lsf/commit/25132db54ebf333dcce117b439e45a4c5c48ebcb
lsf,4d307bcad8052530bf0b11b582cb448bb8d00243,BriaW,,BriaW,2019-10-11T18:12:43Z,TEST,https://github.com/BCStudentSoftwareDevTeam/lsf/commit/4d307bcad8052530bf0b11b582cb448bb8d00243
lsf,48920e0dda257d140fe7a257905a2d8395d63441,elajamali,User,elajamali,2019-10-10T21:30:12Z, some changes for the no change modal on form submission,https://github.com/BCStudentSoftwareDevTeam/lsf/commit/48920e0dda257d140fe7a257905a2d8395d63441
lsf,8829f346d282c956e8d35def1507c450fab0932e,Alex Bryant,,Alex Bryant,2019-10-10T21:17:15Z,"Added to the delete row function to start work on making that function delete from the global array of students, too.",https://github.com/BCStudentSoftwareDevTeam/lsf/commit/8829f346d282c956e8d35def1507c450fab0932e
lsf,af4881450bf37d0391b65d3db5c1e22d76b3d2f0,Alex Bryant,,Alex Bryant,2019-10-10T18:57:53Z,Displaying modal for overload form now,https://github.com/BCStudentSoftwareDevTeam/lsf/commit/af4881450bf37d0391b65d3db5c1e22d76b3d2f0
lsf,2e3c1dcd9fac0365825a5917d81a3df64276720d,Alex Bryant,,Alex Bryant,2019-10-10T17:32:24Z,Added the modals that display when entries are rejected in the table.,https://github.com/BCStudentSoftwareDevTeam/lsf/commit/2e3c1dcd9fac0365825a5917d81a3df64276720d
lsf,b6347166cac81d066adc0c065b0bde82253167be,BriaW,,BriaW,2019-10-10T17:11:03Z,Saving changes!,https://github.com/BCStudentSoftwareDevTeam/lsf/commit/b6347166cac81d066adc0c065b0bde82253167be
lsf,34ef3e3d060aab112dc0f8c15aaa577f7526e1e3,BriaW,,BriaW,2019-10-10T17:09:36Z,The table now tabs!,https://github.com/BCStudentSoftwareDevTeam/lsf/commit/34ef3e3d060aab112dc0f8c15aaa577f7526e1e3
lsf,f0df26ed1af3d2918e02eb82dbbdd5823114e17b,Luis Riera,,Luis Riera,2019-10-09T21:54:04Z,stuff,https://github.com/BCStudentSoftwareDevTeam/lsf/commit/f0df26ed1af3d2918e02eb82dbbdd5823114e17b
lsf,4d05706095a63ea5d2ab07f075cebb844504ffe2,Luis Riera,,Luis Riera,2019-10-09T21:50:29Z,Made serveral changes to LSF including adding a new function to count the total hours under a student's name.,https://github.com/BCStudentSoftwareDevTeam/lsf/commit/4d05706095a63ea5d2ab07f075cebb844504ffe2
lsf,bc524e3804213ca18937cfb84821305623008573,GuillermoCruz32,User,GuillermoCruz32,2019-10-09T21:38:47Z,Cleaned up the code in the controller.,https://github.com/BCStudentSoftwareDevTeam/lsf/commit/bc524e3804213ca18937cfb84821305623008573
lsf,c88765fc05932bc7b01c292998a4115b5aba2d73,BriaW,,BriaW,2019-10-09T21:09:55Z,Making changes to the different interfaces,https://github.com/BCStudentSoftwareDevTeam/lsf/commit/c88765fc05932bc7b01c292998a4115b5aba2d73
lsf,c88424e49b15298dde35087205d1e13565055210,BriaW,,BriaW,2019-10-09T18:23:59Z,undefined variable error,https://github.com/BCStudentSoftwareDevTeam/lsf/commit/c88424e49b15298dde35087205d1e13565055210
lsf,3a3c2c457ec970f29b4f51fafc757b0a12f55baa,phuyalb16,,phuyalb16,2019-10-09T17:46:16Z,fixing merge conflicts,https://github.com/BCStudentSoftwareDevTeam/lsf/commit/3a3c2c457ec970f29b4f51fafc757b0a12f55baa
lsf,fa1b4a82c456478ce5de58c418ad1bd13bcfbf56,phuyalb16,,phuyalb16,2019-10-09T16:59:44Z,Merge branch 'development' of https://bitbucket.org/laborstudents/lsf-flask into development,https://github.com/BCStudentSoftwareDevTeam/lsf/commit/fa1b4a82c456478ce5de58c418ad1bd13bcfbf56
lsf,03cc4f143f0d6ccc124736e8b5f050e6b0bd18c1,Alex Bryant,,Alex Bryant,2019-10-09T16:33:00Z,Adjusted the display table function to work with our new combined functions.,https://github.com/BCStudentSoftwareDevTeam/lsf/commit/03cc4f143f0d6ccc124736e8b5f050e6b0bd18c1
lsf,9eef34390f3c45758afe7f095e13b65d920d9f14,elajamali,User,elajamali,2019-10-08T21:46:11Z,fixede having a modal to show up a bug in one case,https://github.com/BCStudentSoftwareDevTeam/lsf/commit/9eef34390f3c45758afe7f095e13b65d920d9f14
lsf,7295175c7571e332ff1d2e8c9c760167c0a27ab1,BriaW,,BriaW,2019-10-08T20:04:02Z,adding the tables to the tabs,https://github.com/BCStudentSoftwareDevTeam/lsf/commit/7295175c7571e332ff1d2e8c9c760167c0a27ab1
lsf,8b203c60afc2bf79a0e1c7467373e65898cb3f9c,OtienoAnne,User,OtienoAnne,2019-10-08T16:53:40Z,Redesigned notes modal in pending forms and disabled supervisor textarea.,https://github.com/BCStudentSoftwareDevTeam/lsf/commit/8b203c60afc2bf79a0e1c7467373e65898cb3f9c
lsf,f89d5c50d61d9a4e29a341af0619dc632d3a0ba7,elajamali,User,elajamali,2019-10-07T21:52:09Z,working on the modal,https://github.com/BCStudentSoftwareDevTeam/lsf/commit/f89d5c50d61d9a4e29a341af0619dc632d3a0ba7
lsf,65abdb6b1b5df0bec07334c0ab390825d184d163,BriaW,,BriaW,2019-10-07T21:06:00Z,making edits to tabs,https://github.com/BCStudentSoftwareDevTeam/lsf/commit/65abdb6b1b5df0bec07334c0ab390825d184d163
lsf,f4ea0f450ca143de9e054c6e115edb8b79e197f5,GuillermoCruz32,User,GuillermoCruz32,2019-10-07T20:35:50Z,Changed the add dummy data because it had some bad data.,https://github.com/BCStudentSoftwareDevTeam/lsf/commit/f4ea0f450ca143de9e054c6e115edb8b79e197f5
lsf,4a4c8457c6126d40255067accbd80ecfcd731e5a,elajamali,User,elajamali,2019-10-07T20:22:49Z,finished having the wls 5 and 6 and secondary relation,https://github.com/BCStudentSoftwareDevTeam/lsf/commit/4a4c8457c6126d40255067accbd80ecfcd731e5a
lsf,910b60c7d114599bf971af10686169ffb4f17706,BriaW,,BriaW,2019-10-07T17:44:21Z,Adding an all forms page,https://github.com/BCStudentSoftwareDevTeam/lsf/commit/910b60c7d114599bf971af10686169ffb4f17706
lsf,f41f51856e7045aa6ce2588dcd89c7e0a8bfa179,elajamali,User,elajamali,2019-10-03T21:46:50Z, trying things,https://github.com/BCStudentSoftwareDevTeam/lsf/commit/f41f51856e7045aa6ce2588dcd89c7e0a8bfa179
lsf,38cb06c23307b1922f628fc892dcc2ff719b06a2,Alex Bryant,,Alex Bryant,2019-10-03T20:39:18Z,Small changes trying to get the value for contract hours.,https://github.com/BCStudentSoftwareDevTeam/lsf/commit/38cb06c23307b1922f628fc892dcc2ff719b06a2
lsf,9a588757841d0ccdaa751457e3359f246521be43,Alex Bryant,,Alex Bryant,2019-10-03T18:06:33Z,Was able to get the table to create entries for breaks off of what we built in the checkPrimaryPosition function.  Added modals in some spots as well.,https://github.com/BCStudentSoftwareDevTeam/lsf/commit/9a588757841d0ccdaa751457e3359f246521be43
lsf,de899f8b9d53ebc3e13f6393c06b4fc523d87940,Luis Riera,,Luis Riera,2019-10-02T21:51:05Z,Fixed the logic and now adding to the table works correctly. Working on modifying the controller to o reduce the amount of AJAX calls done to just one.,https://github.com/BCStudentSoftwareDevTeam/lsf/commit/de899f8b9d53ebc3e13f6393c06b4fc523d87940
lsf,4beda29e530d1724e79c05e3361dfd5ca4fd2cb1,GuillermoCruz32,User,GuillermoCruz32,2019-10-02T21:50:24Z,Finished the controller so that students are now being classified correctly. Now need we need to demo before we create out PR.,https://github.com/BCStudentSoftwareDevTeam/lsf/commit/4beda29e530d1724e79c05e3361dfd5ca4fd2cb1
lsf,a561435a03a2e48d0c2d79d8692a8e384250c9a9,elajamali,User,elajamali,2019-10-02T21:46:33Z,updating the database for testing purposes,https://github.com/BCStudentSoftwareDevTeam/lsf/commit/a561435a03a2e48d0c2d79d8692a8e384250c9a9
lsf,408e9eea29c89e4365974371b671f0d88a1016e8,BriaW,,BriaW,2019-10-02T21:07:57Z,fixing things,https://github.com/BCStudentSoftwareDevTeam/lsf/commit/408e9eea29c89e4365974371b671f0d88a1016e8
lsf,0bad80193c680ac501ccc129500e604c0411c96c,phuyalb16,,phuyalb16,2019-10-02T18:56:57Z,Add flashes on empty note,https://github.com/BCStudentSoftwareDevTeam/lsf/commit/0bad80193c680ac501ccc129500e604c0411c96c
lsf,79d6907c7d69321cf5386c4f28f1439a9cc67813,phuyalb16,,phuyalb16,2019-10-02T17:37:08Z,merge conflicts,https://github.com/BCStudentSoftwareDevTeam/lsf/commit/79d6907c7d69321cf5386c4f28f1439a9cc67813
lsf,7046b9d601b9e4884850324d2ceb4e598313a5f3,phuyalb16,,phuyalb16,2019-10-02T17:21:27Z,fixin merge conflict,https://github.com/BCStudentSoftwareDevTeam/lsf/commit/7046b9d601b9e4884850324d2ceb4e598313a5f3
lsf,2d6924c65aa487aa804439b852e78a13de191f6c,phuyalb16,,phuyalb16,2019-10-02T16:53:21Z,hid the pendinfording form table,https://github.com/BCStudentSoftwareDevTeam/lsf/commit/2d6924c65aa487aa804439b852e78a13de191f6c
lsf,5856ea1d11fbda98fe57cbf3cc59e6c6faf5f02e,Alex Bryant,,Alex Bryant,2019-10-02T16:26:48Z,Added the call to modals in the conditionals of the checkPrimaryPosition function.  Changed a couple getElementbyId's to Jquery identifiers too,https://github.com/BCStudentSoftwareDevTeam/lsf/commit/5856ea1d11fbda98fe57cbf3cc59e6c6faf5f02e
lsf,4c501914803625b208e87cff4bad6fd48bb3defb,Luis Riera,,Luis Riera,2019-10-02T15:37:51Z,Made a few changes to the logic.,https://github.com/BCStudentSoftwareDevTeam/lsf/commit/4c501914803625b208e87cff4bad6fd48bb3defb
lsf,7fbc41ff3af571a7e8e0b0a40a54ca97eb76d710,elajamali,User,elajamali,2019-10-01T22:54:14Z,finshed up modify lsf partially,https://github.com/BCStudentSoftwareDevTeam/lsf/commit/7fbc41ff3af571a7e8e0b0a40a54ca97eb76d710
lsf,cf473f4ec3070df9c17dc61d556c9b9950ca9038,phuyalb16,,phuyalb16,2019-10-01T20:50:59Z,merge conflict,https://github.com/BCStudentSoftwareDevTeam/lsf/commit/cf473f4ec3070df9c17dc61d556c9b9950ca9038
lsf,edc37dbb4feece8b3520d67de7977b5a5acd8165,BriaW,,BriaW,2019-10-01T20:31:47Z,Fixed textarea clearing problem,https://github.com/BCStudentSoftwareDevTeam/lsf/commit/edc37dbb4feece8b3520d67de7977b5a5acd8165
lsf,abd7c0a40aa9f0bba237a5111d5f0d80dbe19c61,elajamali,User,elajamali,2019-10-01T17:37:43Z,fixing minoor changes for redirecting to modify page,https://github.com/BCStudentSoftwareDevTeam/lsf/commit/abd7c0a40aa9f0bba237a5111d5f0d80dbe19c61
lsf,412f7471c578960781e04b616ac5fd6f3c0236a8,elajamali,User,elajamali,2019-10-01T17:24:46Z,havign the function on the correct button,https://github.com/BCStudentSoftwareDevTeam/lsf/commit/412f7471c578960781e04b616ac5fd6f3c0236a8
lsf,efcdadabca967f7bdedbc8a47c5ed1e8f69c479a,elajamali,User,elajamali,2019-09-30T21:57:27Z, finished controller,https://github.com/BCStudentSoftwareDevTeam/lsf/commit/efcdadabca967f7bdedbc8a47c5ed1e8f69c479a
lsf,5e46ee146f809bd7ce1dba767befabf4c221f53b,BriaW,,BriaW,2019-09-30T21:21:31Z,saving changes,https://github.com/BCStudentSoftwareDevTeam/lsf/commit/5e46ee146f809bd7ce1dba767befabf4c221f53b
lsf,f35da625ce311668ef2dd64008cb14d58cb88422,BriaW,,BriaW,2019-09-30T21:07:00Z,The labor notes finally work,https://github.com/BCStudentSoftwareDevTeam/lsf/commit/f35da625ce311668ef2dd64008cb14d58cb88422
lsf,9163693cce41d373609127329baac6a680e1b9d1,elajamali,User,elajamali,2019-09-30T21:04:55Z,trying to pull from development.,https://github.com/BCStudentSoftwareDevTeam/lsf/commit/9163693cce41d373609127329baac6a680e1b9d1
lsf,34bd730ff995aab754a5febd8a6558ba94279f93,phuyalb16,,phuyalb16,2019-09-30T19:24:12Z,papulated denial popup modal,https://github.com/BCStudentSoftwareDevTeam/lsf/commit/34bd730ff995aab754a5febd8a6558ba94279f93
lsf,094b149096a9a5816687e60da0e6cf904f3cbfc6,GuillermoCruz32,User,GuillermoCruz32,2019-09-27T19:25:13Z,Trying to rework the controller to get the correct lists.,https://github.com/BCStudentSoftwareDevTeam/lsf/commit/094b149096a9a5816687e60da0e6cf904f3cbfc6
lsf,3e29637f512ab7761efbf4c5078ea1a100cc4b7c,elajamali,User,elajamali,2019-09-26T22:35:15Z,fixed supervisor modfied apppearing all the time,https://github.com/BCStudentSoftwareDevTeam/lsf/commit/3e29637f512ab7761efbf4c5078ea1a100cc4b7c
lsf,9724d47d70ff37cdf44ded29b10981c16b84dfdc,BriaW,,BriaW,2019-09-26T21:51:04Z,"Yaaay, AJAX and contollers",https://github.com/BCStudentSoftwareDevTeam/lsf/commit/9724d47d70ff37cdf44ded29b10981c16b84dfdc
lsf,bec2c6422d1d9220ad4e578afc9be4b007d01840,Alex Bryant,,Alex Bryant,2019-09-26T20:56:44Z,Added an extra query for the controller to collect jobtype in one of the functions.  Also made arranged the js code to better be able to check for primary positions.,https://github.com/BCStudentSoftwareDevTeam/lsf/commit/bec2c6422d1d9220ad4e578afc9be4b007d01840
lsf,f0b4481f98f81f32f2c86cdede5b7df7dbfa792e,BriaW,,BriaW,2019-09-26T18:38:20Z,AJAX CALL WORKS,https://github.com/BCStudentSoftwareDevTeam/lsf/commit/f0b4481f98f81f32f2c86cdede5b7df7dbfa792e
lsf,957b65a0c604a3e391cc6e51a41eb773a21f56ca,GuillermoCruz32,User,GuillermoCruz32,2019-09-25T21:58:43Z,Download modal is now working correctly.,https://github.com/BCStudentSoftwareDevTeam/lsf/commit/957b65a0c604a3e391cc6e51a41eb773a21f56ca
lsf,6189b797cf49d0c6eeeecbd759ad52b0d84e9d25,Luis Riera,,Luis Riera,2019-09-25T21:53:03Z,Merge branch 'lsf1' of https://bitbucket.org/laborstudents/lsf-flask into lsf1,https://github.com/BCStudentSoftwareDevTeam/lsf/commit/6189b797cf49d0c6eeeecbd759ad52b0d84e9d25
lsf,dff618de2f2a961ce4ae0101f2b21d1dd77f5edf,Luis Riera,,Luis Riera,2019-09-25T21:52:18Z,More refracting and rebuilding of the flow of funtions.,https://github.com/BCStudentSoftwareDevTeam/lsf/commit/dff618de2f2a961ce4ae0101f2b21d1dd77f5edf
lsf,d6b5edba5d5c9f48ad7da149b1ce8198b3a5c5d0,elajamali,User,elajamali,2019-09-25T21:51:57Z,fixed the oldhours,https://github.com/BCStudentSoftwareDevTeam/lsf/commit/d6b5edba5d5c9f48ad7da149b1ce8198b3a5c5d0
lsf,680e631f77c804f4f6fa108debcf8861f54f73ad,phuyalb16,,phuyalb16,2019-09-25T18:26:57Z,populated the data in denial modal,https://github.com/BCStudentSoftwareDevTeam/lsf/commit/680e631f77c804f4f6fa108debcf8861f54f73ad
lsf,42537ae3df4bf42ca24b2c14769455d56fa206e7,phuyalb16,,phuyalb16,2019-09-25T17:07:05Z,Fixing the Deny modal,https://github.com/BCStudentSoftwareDevTeam/lsf/commit/42537ae3df4bf42ca24b2c14769455d56fa206e7
lsf,3d6842b43469e3b85980f1cfb6057d97322b3c3c,Alex Bryant,,Alex Bryant,2019-09-25T16:19:32Z,Uncommented the else statement that creates the list for a break and adjusted it to where it works for a break.,https://github.com/BCStudentSoftwareDevTeam/lsf/commit/3d6842b43469e3b85980f1cfb6057d97322b3c3c
lsf,f545e54318f59291f88e9e5b37447884af9a86ef,GuillermoCruz32,User,GuillermoCruz32,2019-09-24T20:56:12Z,Created the datatable so that it filters correctly now.,https://github.com/BCStudentSoftwareDevTeam/lsf/commit/f545e54318f59291f88e9e5b37447884af9a86ef
lsf,44391d2eab42cee9b15cd122f3954b51f5995e09,Luis Riera,,Luis Riera,2019-09-24T20:45:54Z,Created a globalArrayOfStudents to store the students' information more conveniently and for easier access in the JS file. Deleted any redundant lines with.,https://github.com/BCStudentSoftwareDevTeam/lsf/commit/44391d2eab42cee9b15cd122f3954b51f5995e09
lsf,590ba868ea480586c811b0d5d5e5b94c6dbcfdf1,BriaW,,BriaW,2019-09-24T18:52:02Z,Saving the ID to the text area,https://github.com/BCStudentSoftwareDevTeam/lsf/commit/590ba868ea480586c811b0d5d5e5b94c6dbcfdf1
lsf,a8a6bfb3562f83860cd3c7a9efd2a30f19a66c66,elajamali,User,elajamali,2019-09-23T22:02:32Z,updated,https://github.com/BCStudentSoftwareDevTeam/lsf/commit/a8a6bfb3562f83860cd3c7a9efd2a30f19a66c66
lsf,aeec8dce58cc64261b521a74651f4eeaba1fe95d,BriaW,,BriaW,2019-09-23T21:20:32Z,Still saving notes to the database,https://github.com/BCStudentSoftwareDevTeam/lsf/commit/aeec8dce58cc64261b521a74651f4eeaba1fe95d
lsf,9f2369b44c5e771fda8c0c146a0c067ef1d249f0,BriaW,,BriaW,2019-09-23T21:12:29Z,Still saving notes to the database,https://github.com/BCStudentSoftwareDevTeam/lsf/commit/9f2369b44c5e771fda8c0c146a0c067ef1d249f0
lsf,eea8bad52847c4753fb646cd6bedec92c083dd6d,phuyalb16,,phuyalb16,2019-09-23T19:51:28Z,merge conflict,https://github.com/BCStudentSoftwareDevTeam/lsf/commit/eea8bad52847c4753fb646cd6bedec92c083dd6d
lsf,13a6e6ff0a7416d89f0fc0037ee4ad90e1e55f4d,phuyalb16,,phuyalb16,2019-09-23T19:44:57Z,merge conflict,https://github.com/BCStudentSoftwareDevTeam/lsf/commit/13a6e6ff0a7416d89f0fc0037ee4ad90e1e55f4d
lsf,bf00cc3cbd4f2f9b6011afdfa1fdf99be4b1caf0,phuyalb16,,phuyalb16,2019-09-23T19:31:19Z,The data reloads on approve button,https://github.com/BCStudentSoftwareDevTeam/lsf/commit/bf00cc3cbd4f2f9b6011afdfa1fdf99be4b1caf0
lsf,eee582a3c7503173d06a5ce80369dcb061a13f5d,BriaW,,BriaW,2019-09-23T19:22:50Z,Merge branch 'development' of https://bitbucket.org/laborstudents/lsf-flask into pendingForms,https://github.com/BCStudentSoftwareDevTeam/lsf/commit/eee582a3c7503173d06a5ce80369dcb061a13f5d
lsf,bfb416306bb8c04276180abae4c2dca3c09ec98c,BriaW,,BriaW,2019-09-23T19:22:19Z,fixing merge conflict,https://github.com/BCStudentSoftwareDevTeam/lsf/commit/bfb416306bb8c04276180abae4c2dca3c09ec98c
lsf,fd1570ff059b2a9f3d10c441c511bbbea066c175,Alex Bryant,,Alex Bryant,2019-09-19T18:33:08Z,combined the functions that check duplicates.  I still left the originals commented out just in case I messed something up.,https://github.com/BCStudentSoftwareDevTeam/lsf/commit/fd1570ff059b2a9f3d10c441c511bbbea066c175
lsf,29284b51a03c5c1bdf53e2a543fb633c40b744ff,Alex Bryant,,Alex Bryant,2019-09-19T18:00:16Z,Combined the two functions that fill the table for breaks as well as various bug fixes in the js.,https://github.com/BCStudentSoftwareDevTeam/lsf/commit/29284b51a03c5c1bdf53e2a543fb633c40b744ff
lsf,d5d12f1c3ae8e947b8187d59524d3b1c5905db7c,jamal Aw Yonis,,jamal Aw Yonis,2019-09-18T19:23:01Z,empty up the modal after the forms approved,https://github.com/BCStudentSoftwareDevTeam/lsf/commit/d5d12f1c3ae8e947b8187d59524d3b1c5905db7c
lsf,0976b148d63e9854905501b2e4c166173a770b6b,Alex Bryant,,Alex Bryant,2019-09-18T15:33:10Z,Merge branch 'lsf1' of https://bitbucket.org/laborstudents/lsf-flask into lsf1,https://github.com/BCStudentSoftwareDevTeam/lsf/commit/0976b148d63e9854905501b2e4c166173a770b6b
lsf,64cfc37a67e3bc97f4795c51cb224ed07fc839c1,Alex Bryant,,Alex Bryant,2019-09-18T15:32:51Z,Added a conditional statement when checking for WLS.,https://github.com/BCStudentSoftwareDevTeam/lsf/commit/64cfc37a67e3bc97f4795c51cb224ed07fc839c1
lsf,2c41e4c8a58ed8bbd04ff16685c860655654e9da,elajamali,User,elajamali,2019-09-17T22:07:54Z,fixed updating lsf after its been modified,https://github.com/BCStudentSoftwareDevTeam/lsf/commit/2c41e4c8a58ed8bbd04ff16685c860655654e9da
lsf,cc25eaa0a93a994e14ceca396b44f4bc9b1616f2,BriaW,,BriaW,2019-09-17T22:06:36Z,fixing labor notes,https://github.com/BCStudentSoftwareDevTeam/lsf/commit/cc25eaa0a93a994e14ceca396b44f4bc9b1616f2
lsf,e7a60b68429849851e157b20145f868e03d5c328,jamal Aw Yonis,,jamal Aw Yonis,2019-09-17T22:05:03Z,dismissed modal,https://github.com/BCStudentSoftwareDevTeam/lsf/commit/e7a60b68429849851e157b20145f868e03d5c328
lsf,336965667df2700254b36280f9880f3b97b52d52,jamal Aw Yonis,,jamal Aw Yonis,2019-09-17T21:39:58Z,fixed,https://github.com/BCStudentSoftwareDevTeam/lsf/commit/336965667df2700254b36280f9880f3b97b52d52
lsf,b56bbb3d3679646594de0a56762aecafd7829c81,Luis Riera,,Luis Riera,2019-09-17T19:55:44Z,More refractoring looking for rogue ( and fixing problems with quotation marks.,https://github.com/BCStudentSoftwareDevTeam/lsf/commit/b56bbb3d3679646594de0a56762aecafd7829c81
lsf,c9cec3858ea1bdc5caa3690083b9ea8dd56c860c,elajamali,User,elajamali,2019-09-16T22:01:40Z,stuill working on it,https://github.com/BCStudentSoftwareDevTeam/lsf/commit/c9cec3858ea1bdc5caa3690083b9ea8dd56c860c
lsf,905dac8ee996fd36f1f147fe9a3d980b1f24031a,BriaW,,BriaW,2019-09-16T21:17:23Z,"Built the ajax call for labor notes, next will insert in to db",https://github.com/BCStudentSoftwareDevTeam/lsf/commit/905dac8ee996fd36f1f147fe9a3d980b1f24031a
lsf,86c98df5ff863836099e24cc84d8210c8b752f0b,Luis Riera,,Luis Riera,2019-09-16T21:13:49Z,More refractoring and syntax fixing.,https://github.com/BCStudentSoftwareDevTeam/lsf/commit/86c98df5ff863836099e24cc84d8210c8b752f0b
lsf,05b1a11aa51f85ee63fb2cb776215e43f085c6c7,Luis Riera,,Luis Riera,2019-09-16T21:03:49Z,Refractored more of the labor status forms JS file.,https://github.com/BCStudentSoftwareDevTeam/lsf/commit/05b1a11aa51f85ee63fb2cb776215e43f085c6c7
lsf,b50051d42f1e24cd90914743f51c3784cb1f7718,phuyalb16,,phuyalb16,2019-09-16T16:54:44Z,populated approved selected popup modal,https://github.com/BCStudentSoftwareDevTeam/lsf/commit/b50051d42f1e24cd90914743f51c3784cb1f7718
lsf,20760be9f0080174d2a15f3a90cfc3892dde120f,BriaW,,BriaW,2019-09-14T20:52:25Z,"Fixed issue where modals were not clearing, doesn't work when closed button is not clicked",https://github.com/BCStudentSoftwareDevTeam/lsf/commit/20760be9f0080174d2a15f3a90cfc3892dde120f
lsf,6dd00ac60a30330e688849e175a942c60a59a9f9,Hila Manalai,,Hila Manalai,2019-09-13T21:13:07Z,fixed merge conflicts,https://github.com/BCStudentSoftwareDevTeam/lsf/commit/6dd00ac60a30330e688849e175a942c60a59a9f9
lsf,e0f26a08a256104cf936811042b36b64b48c484c,Hila Manalai,,Hila Manalai,2019-09-13T21:03:36Z,refactored some of js code,https://github.com/BCStudentSoftwareDevTeam/lsf/commit/e0f26a08a256104cf936811042b36b64b48c484c
lsf,2072b4a925cdee51099f92d969c6119c90a1422d,Hila Manalai,,Hila Manalai,2019-09-13T17:11:53Z,merging with development,https://github.com/BCStudentSoftwareDevTeam/lsf/commit/2072b4a925cdee51099f92d969c6119c90a1422d
lsf,6c0b21653b5df6fd9bdf4fb8e56303d4366667db,elajamali,User,elajamali,2019-09-12T22:10:03Z,"fixed the conflicts after merging development, working on modifying lsf",https://github.com/BCStudentSoftwareDevTeam/lsf/commit/6c0b21653b5df6fd9bdf4fb8e56303d4366667db
lsf,edf9bec5a00e3a86d28b248db56414fee03b3c8f,BriaW,,BriaW,2019-09-12T21:33:55Z,THE LABOR NOTES ASRE SHOWING IN THE TEXT AREA WOOOO!,https://github.com/BCStudentSoftwareDevTeam/lsf/commit/edf9bec5a00e3a86d28b248db56414fee03b3c8f
lsf,2a1b3482f76101aa0a9f25c9cd8d690d04bdd7a7,Alex Bryant,,Alex Bryant,2019-09-12T21:05:53Z,removed unnecessary code.,https://github.com/BCStudentSoftwareDevTeam/lsf/commit/2a1b3482f76101aa0a9f25c9cd8d690d04bdd7a7
lsf,963d5e227b39eb04f71b6343c5ba4bedd24f588e,Alex Bryant,,Alex Bryant,2019-09-12T19:03:26Z,Added changes to the js and html to check term when adding a position with wls 5,https://github.com/BCStudentSoftwareDevTeam/lsf/commit/963d5e227b39eb04f71b6343c5ba4bedd24f588e
lsf,5b79f2142e3b0bcf6bf6945735b6a68ceef76b25,elajamali,User,elajamali,2019-09-12T18:11:24Z,Merge branch 'development' into modify32,https://github.com/BCStudentSoftwareDevTeam/lsf/commit/5b79f2142e3b0bcf6bf6945735b6a68ceef76b25
lsf,ff8a14d4391bed04110a6f6550d29267bfc97d8e,elajamali,User,elajamali,2019-09-12T18:10:10Z,Merge branch 'modify32' of https://bitbucket.org/laborstudents/lsf-flask into modify32,https://github.com/BCStudentSoftwareDevTeam/lsf/commit/ff8a14d4391bed04110a6f6550d29267bfc97d8e
lsf,6ef3fb4debfd86aef49599360c844759679b9b12,elajamali,User,elajamali,2019-09-12T18:09:28Z,want to pull development,https://github.com/BCStudentSoftwareDevTeam/lsf/commit/6ef3fb4debfd86aef49599360c844759679b9b12
lsf,b5e1dce24f5568267b66a46b891582c962421644,Alex Bryant,,Alex Bryant,2019-09-12T16:51:11Z,Fixed merge conflicts.,https://github.com/BCStudentSoftwareDevTeam/lsf/commit/b5e1dce24f5568267b66a46b891582c962421644
lsf,63a305db88803b12bf8edae4e4d929ec3744371e,Alex Bryant,,Alex Bryant,2019-09-12T16:10:31Z,Adjust my code to use the jquery selectors instead.,https://github.com/BCStudentSoftwareDevTeam/lsf/commit/63a305db88803b12bf8edae4e4d929ec3744371e
lsf,83732788c645267ed7a1daea484bc77917b3b04f,Alex Bryant,,Alex Bryant,2019-09-11T21:47:16Z,Added a function to the lsf js that rejects inserts to the table if the jobtype is secondary and the WLS is 5 or 6.  Also added a data attribute to the HTML that the function uses.,https://github.com/BCStudentSoftwareDevTeam/lsf/commit/83732788c645267ed7a1daea484bc77917b3b04f
lsf,e5424890986059228df59999e69c53dac48cbb61,BriaW,,BriaW,2019-09-11T21:21:16Z,Saving changes,https://github.com/BCStudentSoftwareDevTeam/lsf/commit/e5424890986059228df59999e69c53dac48cbb61
lsf,c9d84c3fa89bc2f9c26703c9e7963d7a8ad7bcd8,jamal Aw Yonis,,jamal Aw Yonis,2019-09-11T20:22:14Z,basant,https://github.com/BCStudentSoftwareDevTeam/lsf/commit/c9d84c3fa89bc2f9c26703c9e7963d7a8ad7bcd8
lsf,b782382ae18dcafb04e68068460720d6bc0a5f57,jamal Aw Yonis,,jamal Aw Yonis,2019-09-11T20:01:11Z,added modal to the pending form,https://github.com/BCStudentSoftwareDevTeam/lsf/commit/b782382ae18dcafb04e68068460720d6bc0a5f57
lsf,80f395b6afb0dea49efa930a363402802e064697,GuillermoCruz32,User,GuillermoCruz32,2019-09-11T18:53:08Z,Fixing merge conflicts.,https://github.com/BCStudentSoftwareDevTeam/lsf/commit/80f395b6afb0dea49efa930a363402802e064697
lsf,076fa7ced5a6823e66a732fcd9445c27a11a4575,GuillermoCruz32,User,GuillermoCruz32,2019-09-11T18:46:53Z,Commiting the changes made to my second development.,https://github.com/BCStudentSoftwareDevTeam/lsf/commit/076fa7ced5a6823e66a732fcd9445c27a11a4575
lsf,bec10418fd7b9d5c3f50b15693f77d68f194c1c3,Kat Adams & Bria Williams,,Kat Adams & Bria Williams,2019-09-11T18:42:15Z,fixed a syntax error,https://github.com/BCStudentSoftwareDevTeam/lsf/commit/bec10418fd7b9d5c3f50b15693f77d68f194c1c3
lsf,97eca265f2f52718268dd6a36235fd0f5f4ea00e,GuillermoCruz32,User,GuillermoCruz32,2019-09-11T18:30:41Z,Commiting some small changes.,https://github.com/BCStudentSoftwareDevTeam/lsf/commit/97eca265f2f52718268dd6a36235fd0f5f4ea00e
lsf,d2963c2eee7e500c61ff7a9fa3750af14a54699c,Kat Adams & Bria Williams,,Kat Adams & Bria Williams,2019-09-11T18:09:56Z,fixing and ooops,https://github.com/BCStudentSoftwareDevTeam/lsf/commit/d2963c2eee7e500c61ff7a9fa3750af14a54699c
lsf,d9b4d79b97b7dabf1d86b5be841aa49a9764b28b,Hila Manalai,,wgs1862019,2019-09-11T17:25:58Z,"Merged in modelupdate (pull request #14)

Updates STUSTAFF and User model | Fixes dummy_data",https://github.com/BCStudentSoftwareDevTeam/lsf/commit/d9b4d79b97b7dabf1d86b5be841aa49a9764b28b
lsf,cef5660e2079b70786c3d1520ede4c2b2e702947,BriaW,,BriaW,2019-09-11T17:25:02Z,Merge branch 'modelupdate' of https://bitbucket.org/laborstudents/lsf-flask into modelupdate,https://github.com/BCStudentSoftwareDevTeam/lsf/commit/cef5660e2079b70786c3d1520ede4c2b2e702947
lsf,3c18b254898ad43bc22697d2a21e5925430fea5c,BriaW,,BriaW,2019-09-11T17:24:10Z,"Got rid of the users dictionary, users are now created from stustaff",https://github.com/BCStudentSoftwareDevTeam/lsf/commit/3c18b254898ad43bc22697d2a21e5925430fea5c
lsf,8d86ed96d619049512b96a3a483249c9fe0835e2,Kat Adams & Bria Williams,,Kat Adams & Bria Williams,2019-09-11T17:16:22Z,Merge branch 'modelupdate' of https://bitbucket.org/laborstudents/lsf-flask into modelupdate,https://github.com/BCStudentSoftwareDevTeam/lsf/commit/8d86ed96d619049512b96a3a483249c9fe0835e2
lsf,66cece647558b2739d7cb40686775da7c1f9a179,Kat Adams & Bria Williams,,Kat Adams & Bria Williams,2019-09-11T17:15:56Z,Getting rid of debug messages,https://github.com/BCStudentSoftwareDevTeam/lsf/commit/66cece647558b2739d7cb40686775da7c1f9a179
lsf,53570eb97a15856b60c4631017aca232c0f17904,BriaW,,BriaW,2019-09-11T16:59:25Z,Merge branch 'modelupdate' of https://bitbucket.org/laborstudents/lsf-flask into modelupdate,https://github.com/BCStudentSoftwareDevTeam/lsf/commit/53570eb97a15856b60c4631017aca232c0f17904
lsf,815d11df1cd7ad348a19e45ef075b49921106248,BriaW,,BriaW,2019-09-11T16:58:30Z,editing dummy data to fix User,https://github.com/BCStudentSoftwareDevTeam/lsf/commit/815d11df1cd7ad348a19e45ef075b49921106248
lsf,b21dc8895b39958ad874c7984993fcd524a65acd,Kat Adams & Bria Williams,,Kat Adams & Bria Williams,2019-09-11T16:58:14Z,username to UserID but still getting error on submit of LSF.,https://github.com/BCStudentSoftwareDevTeam/lsf/commit/b21dc8895b39958ad874c7984993fcd524a65acd
lsf,fb73f7215e299a6c548d70a9d898044d8848c9eb,jamal Aw Yonis,,jamal Aw Yonis,2019-09-11T16:58:08Z,Merge branch 'modify32' of https://bitbucket.org/laborstudents/lsf-flask into modify32,https://github.com/BCStudentSoftwareDevTeam/lsf/commit/fb73f7215e299a6c548d70a9d898044d8848c9eb
lsf,f5bb00e1c4f71ed9d53e308b03786b19ff696ab9,Kat Adams & Bria Williams,,Kat Adams & Bria Williams,2019-09-11T16:53:33Z,Fixing main route username issue,https://github.com/BCStudentSoftwareDevTeam/lsf/commit/f5bb00e1c4f71ed9d53e308b03786b19ff696ab9
lsf,cbd2411520f3d7e65c89e89c751d86cd3def1725,Alex Bryant,,Alex Bryant,2019-09-11T16:04:50Z,Merged with development and fixed merge conflicts.,https://github.com/BCStudentSoftwareDevTeam/lsf/commit/cbd2411520f3d7e65c89e89c751d86cd3def1725
lsf,fc49bd7107ff78056cda9c7d135a600c11933705,Alex Bryant,,Alex Bryant,2019-09-11T15:57:38Z,Merge branch 'lsf1' of https://bitbucket.org/laborstudents/lsf-flask into lsf1,https://github.com/BCStudentSoftwareDevTeam/lsf/commit/fc49bd7107ff78056cda9c7d135a600c11933705
lsf,9eca0d74bff19ceb856ab1a1d0bb9becb118125b,Alex Bryant,,Alex Bryant,2019-09-11T15:56:35Z,Added a function to the lsf js that rejects inserts to the table if the jobtype is secondary and the WLS is 5 or 6.  Also added a data attribute to the HTML that the function uses.,https://github.com/BCStudentSoftwareDevTeam/lsf/commit/9eca0d74bff19ceb856ab1a1d0bb9becb118125b
lsf,d9bc134826cfeea0f8b06ac2b6ef0b0d5dd08f79,BriaW,,BriaW,2019-09-10T20:35:35Z,Trying to find problem in this PR,https://github.com/BCStudentSoftwareDevTeam/lsf/commit/d9bc134826cfeea0f8b06ac2b6ef0b0d5dd08f79
lsf,cebfb7d04839e8f22a12b04dec1175265e3df13d,GuillermoCruz32,User,GuillermoCruz32,2019-09-10T19:31:35Z,Commiting some small changes to the code.,https://github.com/BCStudentSoftwareDevTeam/lsf/commit/cebfb7d04839e8f22a12b04dec1175265e3df13d
lsf,896a330af274f67350c31a3642b401e654ca42d0,elajamali,User,elajamali,2019-09-10T18:40:09Z,working on modifying lsf,https://github.com/BCStudentSoftwareDevTeam/lsf/commit/896a330af274f67350c31a3642b401e654ca42d0
lsf,05bad6121e96f1ad3ec77753c8de32e3d067235d,BriaW,,BriaW,2019-09-10T16:59:25Z,"Merge branch 'development' into modelupdate

~Making sure development works in this branch before mreging back into
development.",https://github.com/BCStudentSoftwareDevTeam/lsf/commit/05bad6121e96f1ad3ec77753c8de32e3d067235d
lsf,d1808235d21063a06c6b4516cbfd93529e8fd640,BriaW,,BriaW,2019-09-10T16:58:38Z,Making changes to contributors page and removing 'Overload Forms' from the navbar,https://github.com/BCStudentSoftwareDevTeam/lsf/commit/d1808235d21063a06c6b4516cbfd93529e8fd640
lsf,966116f13a8b93a218e989f52143b799d9fab4cf,phuyalb16,,phuyalb16,2019-09-10T16:55:27Z,"Revert ""Added deny button that is too big (revert)""

This reverts commit 73b8e3f63d443019d229539e77e4a9e0e3e5c0ee.",https://github.com/BCStudentSoftwareDevTeam/lsf/commit/966116f13a8b93a218e989f52143b799d9fab4cf
lsf,5822e4b3d2fd81b8991c5b6297056fbee6b63f9e,elajamali,User,elajamali,2019-09-10T02:56:49Z,modifying lsf,https://github.com/BCStudentSoftwareDevTeam/lsf/commit/5822e4b3d2fd81b8991c5b6297056fbee6b63f9e
lsf,eacb720cb4a33ff6a8315491de891cd52f8ca2d8,BriaW,,BriaW,2019-09-09T21:56:22Z,"updated contributors to add Jamal, Basant, and Anne",https://github.com/BCStudentSoftwareDevTeam/lsf/commit/eacb720cb4a33ff6a8315491de891cd52f8ca2d8
lsf,6d983f3149e3cf33cd2c82541d2d54bcb3f0976a,BriaW,,BriaW,2019-09-09T20:52:57Z,Changed JavaScript to jQuery and commneted modals.,https://github.com/BCStudentSoftwareDevTeam/lsf/commit/6d983f3149e3cf33cd2c82541d2d54bcb3f0976a
lsf,73b8e3f63d443019d229539e77e4a9e0e3e5c0ee,BriaW,,BriaW,2019-09-09T16:33:14Z,Added deny button that is too big,https://github.com/BCStudentSoftwareDevTeam/lsf/commit/73b8e3f63d443019d229539e77e4a9e0e3e5c0ee
lsf,973419f83acbdd6a5319937468a46447ffb83d06,phuyalb16,,phuyalb16,2019-09-09T16:20:30Z,intial setup,https://github.com/BCStudentSoftwareDevTeam/lsf/commit/973419f83acbdd6a5319937468a46447ffb83d06
lsf,788277b929a081ddbda2b5ea85a0169dabda23d0,Hila Manalai,,Hila Manalai,2019-09-06T20:01:25Z,modified user and staff models. Updated add dummy with correct data,https://github.com/BCStudentSoftwareDevTeam/lsf/commit/788277b929a081ddbda2b5ea85a0169dabda23d0
lsf,d6ee6ddb71df6a1d96321860cefb5fbd4deda013,Hila Manalai,,Hila Manalai,2019-09-06T19:46:05Z,worked on controller for a bit,https://github.com/BCStudentSoftwareDevTeam/lsf/commit/d6ee6ddb71df6a1d96321860cefb5fbd4deda013
lsf,a4275ad765ffc1d72cbd8090e4513e87d15f8d90,BriaW,,BriaW,2019-09-06T19:13:40Z,"Fixed labor office notes color, added department code, and fixed notes entries populating empty notes field",https://github.com/BCStudentSoftwareDevTeam/lsf/commit/a4275ad765ffc1d72cbd8090e4513e87d15f8d90
lsf,abbae7e8d69e0a6352315b7ce8689e77896b7f91,jamal Aw Yonis,,jamal Aw Yonis,2019-09-05T21:43:02Z,Merge branch 'modify32' of https://bitbucket.org/laborstudents/lsf-flask into modify32,https://github.com/BCStudentSoftwareDevTeam/lsf/commit/abbae7e8d69e0a6352315b7ce8689e77896b7f91
lsf,78b61067087a9cfeabf0d7276a367d8fdce58388,elajamali,User,elajamali,2019-09-05T21:29:45Z,id names changed successully,https://github.com/BCStudentSoftwareDevTeam/lsf/commit/78b61067087a9cfeabf0d7276a367d8fdce58388
lsf,ef21a8959a20c42646788e94f61b2384e0132c6c,Alex Bryant,,Alex Bryant,2019-09-05T21:22:34Z,Commented out stuff in the controller to narrow down the problem in it.  We left stuff with the supervisor because wants to worry about updating that first instead of the student information.,https://github.com/BCStudentSoftwareDevTeam/lsf/commit/ef21a8959a20c42646788e94f61b2384e0132c6c
lsf,29896b97d0ba9730b481e41ef6c70dce0bc7f08f,elajamali,User,elajamali,2019-09-04T23:33:37Z, changing the js for the new name ids,https://github.com/BCStudentSoftwareDevTeam/lsf/commit/29896b97d0ba9730b481e41ef6c70dce0bc7f08f
lsf,c6a860bd82daa677c470cf4d185821d4af1893aa,jamal Aw Yonis,,jamal Aw Yonis,2019-09-04T16:11:52Z,merfe fixed,https://github.com/BCStudentSoftwareDevTeam/lsf/commit/c6a860bd82daa677c470cf4d185821d4af1893aa
lsf,fed881f6cd75d226da489e10466999949b2ecd4e,jamal Aw Yonis,,jamal Aw Yonis,2019-09-04T16:08:40Z,fixed,https://github.com/BCStudentSoftwareDevTeam/lsf/commit/fed881f6cd75d226da489e10466999949b2ecd4e
lsf,47207a2e8bfc9a49cdd881d18c79a65d42b67e3d,elajamali,User,elajamali,2019-09-03T22:02:39Z,working on having lsf table changed,https://github.com/BCStudentSoftwareDevTeam/lsf/commit/47207a2e8bfc9a49cdd881d18c79a65d42b67e3d
lsf,39b069afee3ea53ec12884afa745f1aeef10d7a1,elajamali,User,elajamali,2019-09-02T22:13:18Z,working on getting the laborstatuskey from get to post,https://github.com/BCStudentSoftwareDevTeam/lsf/commit/39b069afee3ea53ec12884afa745f1aeef10d7a1
lsf,76f1d160c24afdcc1b5b3a0f63ea82ccf07517e0,GuillermoCruz32,User,GuillermoCruz32,2019-09-02T19:36:28Z,Updating dummy data.,https://github.com/BCStudentSoftwareDevTeam/lsf/commit/76f1d160c24afdcc1b5b3a0f63ea82ccf07517e0
lsf,6e659326cf2d33a72c21f42f5b9bf1a6306c7468,Hila Manalai,,Hila Manalai,2019-08-30T21:03:30Z,tried getting student data from tracy to add it to student table in our database.,https://github.com/BCStudentSoftwareDevTeam/lsf/commit/6e659326cf2d33a72c21f42f5b9bf1a6306c7468
lsf,1b4733e9af3454ae598ccb6f300ab2e2361b8245,elajamali,User,elajamali,2019-08-28T22:11:08Z,created modifiedforms working on formhistory creation,https://github.com/BCStudentSoftwareDevTeam/lsf/commit/1b4733e9af3454ae598ccb6f300ab2e2361b8245
lsf,cc0af22b49034b0559b92dac2931a2165319584f,Alex Bryant,,Alex Bryant,2019-08-28T18:36:57Z,working on fixing the controller,https://github.com/BCStudentSoftwareDevTeam/lsf/commit/cc0af22b49034b0559b92dac2931a2165319584f
lsf,d57556d7b9dbb7b21fd83954e9d1930680f5ff5a,elajamali,User,elajamali,2019-08-27T22:36:44Z,working on post method and creating modified forms,https://github.com/BCStudentSoftwareDevTeam/lsf/commit/d57556d7b9dbb7b21fd83954e9d1930680f5ff5a
lsf,d7bd490659eddfd0901ddcb0b3c5fb10d6f78c3d,elajamali,User,elajamali,2019-08-26T21:33:17Z,fixed the overwriting,https://github.com/BCStudentSoftwareDevTeam/lsf/commit/d7bd490659eddfd0901ddcb0b3c5fb10d6f78c3d
lsf,008b6c5ba0e3a88082ae9cd7fa7ff88fc94fd3f9,elajamali,User,elajamali,2019-08-26T21:09:56Z,Merge branch 'development' into modify32,https://github.com/BCStudentSoftwareDevTeam/lsf/commit/008b6c5ba0e3a88082ae9cd7fa7ff88fc94fd3f9
lsf,b014c9cbae226b51bc61e19c19d12baa3584f364,elajamali,User,elajamali,2019-08-26T21:08:19Z,adding the snips folder,https://github.com/BCStudentSoftwareDevTeam/lsf/commit/b014c9cbae226b51bc61e19c19d12baa3584f364
lsf,d6cc10b7e5991c06ba7460cb79ea105fe104f2ec,BriaW,,BriaW,2019-08-26T14:20:52Z,saving changes,https://github.com/BCStudentSoftwareDevTeam/lsf/commit/d6cc10b7e5991c06ba7460cb79ea105fe104f2ec
lsf,2d4c8eb06cacec43c2a8c3be08ab2a27e5ddf475,Hila Manalai,,Hila Manalai,2019-08-23T20:56:03Z,resized textarea,https://github.com/BCStudentSoftwareDevTeam/lsf/commit/2d4c8eb06cacec43c2a8c3be08ab2a27e5ddf475
lsf,4b30a6289e1686f7fcb1d3506b40e1daeb6a4a56,Hila Manalai,,Hila Manalai,2019-08-23T20:30:31Z,added 403 error page,https://github.com/BCStudentSoftwareDevTeam/lsf/commit/4b30a6289e1686f7fcb1d3506b40e1daeb6a4a56
lsf,c9c23743a8508a05a9b7b0122bbaa8b966969d37,GuillermoCruz32,User,GuillermoCruz32,2019-08-23T20:25:14Z,Began to make AJAX call to fill the data table when the department is selected by the user.,https://github.com/BCStudentSoftwareDevTeam/lsf/commit/c9c23743a8508a05a9b7b0122bbaa8b966969d37
lsf,e935467f5c9dae2a8f32cd73257e9223e69e7111,Hila Manalai,,Hila Manalai,2019-08-23T19:24:55Z,Fixed issue 11 and 31,https://github.com/BCStudentSoftwareDevTeam/lsf/commit/e935467f5c9dae2a8f32cd73257e9223e69e7111
lsf,12aaa76da45e5abf4db55f69512c63e8ee82e363,GuillermoCruz32,User,GuillermoCruz32,2019-08-23T18:23:26Z,Correctly getting the departments that are tied to the current user.,https://github.com/BCStudentSoftwareDevTeam/lsf/commit/12aaa76da45e5abf4db55f69512c63e8ee82e363
lsf,3f5e186f99aa014c136041ac40472dfaa6d11fc8,GuillermoCruz32,User,GuillermoCruz32,2019-08-23T17:27:30Z,Merge branch 'supervisorPortal' of https://bitbucket.org/laborstudents/lsf-flask into supervisorPortal,https://github.com/BCStudentSoftwareDevTeam/lsf/commit/3f5e186f99aa014c136041ac40472dfaa6d11fc8
lsf,48a6b5620ef7cc486cd6b22e53cdee88eae9133e,GuillermoCruz32,User,GuillermoCruz32,2019-08-23T17:25:59Z,Made some changes to dummy data,https://github.com/BCStudentSoftwareDevTeam/lsf/commit/48a6b5620ef7cc486cd6b22e53cdee88eae9133e
lsf,2a0f512b3b031fd5ea57a8624cfd1eb18e7009a4,BriaW,,BriaW,2019-08-23T15:37:05Z,pending forms,https://github.com/BCStudentSoftwareDevTeam/lsf/commit/2a0f512b3b031fd5ea57a8624cfd1eb18e7009a4
lsf,fa3bb61670518b039e33402a15a8394516e68bdf,elajamali,User,elajamali,2019-08-22T21:07:48Z, worked on the datepicker to have the dates before yesterday disabled,https://github.com/BCStudentSoftwareDevTeam/lsf/commit/fa3bb61670518b039e33402a15a8394516e68bdf
lsf,a4f7296601e2f9d8f9484d657821d4c234eb224d,BriaW,,BriaW,2019-08-22T21:01:37Z,Making more changes to the pending status forms table,https://github.com/BCStudentSoftwareDevTeam/lsf/commit/a4f7296601e2f9d8f9484d657821d4c234eb224d
lsf,a8903e54cea122f18db7adf96b552e0a4c3a64f4,BriaW,,BriaW,2019-08-22T19:35:13Z,Makin g changes to pending table,https://github.com/BCStudentSoftwareDevTeam/lsf/commit/a8903e54cea122f18db7adf96b552e0a4c3a64f4
lsf,513128199630495a48982cfb3d93f5ec5faa965d,elajamali,User,elajamali,2019-08-22T19:04:25Z,"fixed to dos and fix mes in html, js and controller",https://github.com/BCStudentSoftwareDevTeam/lsf/commit/513128199630495a48982cfb3d93f5ec5faa965d
lsf,707beefcf6576f773160c918aaa17dd624576a52,GuillermoCruz32,User,GuillermoCruz32,2019-08-21T19:39:12Z,Began working on the departments tab for the supervisor portal.,https://github.com/BCStudentSoftwareDevTeam/lsf/commit/707beefcf6576f773160c918aaa17dd624576a52
lsf,aa07e01be1c000234ca1c3e38e61a28fa3eee25b,BriaW,,BriaW,2019-08-16T20:46:17Z,closer to getting the notes field to work,https://github.com/BCStudentSoftwareDevTeam/lsf/commit/aa07e01be1c000234ca1c3e38e61a28fa3eee25b
lsf,e8624f4415e78d77ea7ba8676c1fdb5ba29fd672,Hila Manalai,,Hila Manalai,2019-08-16T19:50:18Z,"changed bnumber to subtext, added bnumber to table",https://github.com/BCStudentSoftwareDevTeam/lsf/commit/e8624f4415e78d77ea7ba8676c1fdb5ba29fd672
lsf,025eb9763bb9faf3ca76be5fececcffdde6e9d4a,Alex Bryant,,Alex Bryant,2019-08-16T17:40:16Z,Changed the datepickers to read only. Changed the color of the background for them when they are read only.  Left a note in the HTML about checking min and max dates.,https://github.com/BCStudentSoftwareDevTeam/lsf/commit/025eb9763bb9faf3ca76be5fececcffdde6e9d4a
lsf,d3825c28ccf989ab04cf9838b2a587d1087e5c64,Hila Manalai,,Hila Manalai,2019-08-16T13:10:52Z,uncommented a code that magically solves our problems,https://github.com/BCStudentSoftwareDevTeam/lsf/commit/d3825c28ccf989ab04cf9838b2a587d1087e5c64
lsf,dfd095760c677eca53005f7df4c62074dcdab3c8,Hila Manalai,,Hila Manalai,2019-08-16T12:56:23Z,"cleaned up the code, added some comments",https://github.com/BCStudentSoftwareDevTeam/lsf/commit/dfd095760c677eca53005f7df4c62074dcdab3c8
lsf,aeb04ac2169942e0027fd85641fcfd3a677d61da,Alex Bryant,,Alex Bryant,2019-08-15T22:06:49Z,made the supervisor and department select pickers disable when a student is added to the table.  Made the supervisor and department pickers disable when the department is out of compliance as well.  Added tooltips like the one next to the term label.,https://github.com/BCStudentSoftwareDevTeam/lsf/commit/aeb04ac2169942e0027fd85641fcfd3a677d61da
lsf,84bca0e98b81b4682ecd7b975bb127e9711c383a,BriaW,,BriaW,2019-08-15T21:39:42Z,adding notes section to table,https://github.com/BCStudentSoftwareDevTeam/lsf/commit/84bca0e98b81b4682ecd7b975bb127e9711c383a
lsf,275b38b0da3c542ead528f33650b667b9e355a30,Alex Bryant,,Alex Bryant,2019-08-15T20:57:00Z,"Fixed the datepicker to change the dates to add them to the table, fixed the position redirect, made the page check for department compliance on page load.",https://github.com/BCStudentSoftwareDevTeam/lsf/commit/275b38b0da3c542ead528f33650b667b9e355a30
lsf,9a6b223cbeae658141165c5cb8540e8b9767d5f9,Alex Bryant,,Alex Bryant,2019-08-15T17:05:57Z,Added a function to the js and called it in the html to update the datepicker values when changed.,https://github.com/BCStudentSoftwareDevTeam/lsf/commit/9a6b223cbeae658141165c5cb8540e8b9767d5f9
lsf,10a878ba6d3363f2a548cf6097054118787f48af,BriaW,,BriaW,2019-08-14T21:09:49Z,"Table looks great, created some modals and added some glyphicons",https://github.com/BCStudentSoftwareDevTeam/lsf/commit/10a878ba6d3363f2a548cf6097054118787f48af
lsf,7ecd7f1abd6b874e2e2e1880a17d90c12d4e0a8c,Hila Manalai,,Hila Manalai,2019-08-14T20:30:15Z,"added contract dates to table, got rid of contract hours and weekly hours labeling and made it hours only, fixed issues with department and position selectpickers",https://github.com/BCStudentSoftwareDevTeam/lsf/commit/7ecd7f1abd6b874e2e2e1880a17d90c12d4e0a8c
lsf,f5ade37923c289f58b3da2751c8022c8afb63446,Hila Manalai,,Hila Manalai,2019-08-14T19:08:57Z,changed the issues we had with wls not being sent correctly to the database,https://github.com/BCStudentSoftwareDevTeam/lsf/commit/f5ade37923c289f58b3da2751c8022c8afb63446
lsf,45c0d268ca34f085df62fe369cef3297bf5780bd,BriaW,,BriaW,2019-08-14T18:25:20Z,Table looks better and checkboxes work!,https://github.com/BCStudentSoftwareDevTeam/lsf/commit/45c0d268ca34f085df62fe369cef3297bf5780bd
lsf,e8da435433f8d03f457fbcd61a3516b97655619c,Hila Manalai,,Hila Manalai,2019-08-14T16:02:56Z,fixed minor issues in our js file,https://github.com/BCStudentSoftwareDevTeam/lsf/commit/e8da435433f8d03f457fbcd61a3516b97655619c
lsf,d0a09bc1855dcee93a8d7181367a74dfcd77a07e,Hila Manalai,,Hila Manalai,2019-08-14T15:54:49Z,fixed some glitches,https://github.com/BCStudentSoftwareDevTeam/lsf/commit/d0a09bc1855dcee93a8d7181367a74dfcd77a07e
lsf,30cb8d94975157fc0ce99ce70190b0fd95ec99e3,Alex Bryant,,Alex Bryant,2019-08-14T15:44:28Z,Changed the width of the flash container,https://github.com/BCStudentSoftwareDevTeam/lsf/commit/30cb8d94975157fc0ce99ce70190b0fd95ec99e3
lsf,7374b92d85c0ea5fe304c171b12946c4d7c99529,Alex Bryant,,Alex Bryant,2019-08-14T15:39:45Z,fixed merge conflicts,https://github.com/BCStudentSoftwareDevTeam/lsf/commit/7374b92d85c0ea5fe304c171b12946c4d7c99529
lsf,c07536d10e042dea5df3ccb5d0fff66267b5cf8e,Alex Bryant,,Alex Bryant,2019-08-14T15:34:05Z,Added a question mark glyph to the term to explain why the term selectpicker is disabled.,https://github.com/BCStudentSoftwareDevTeam/lsf/commit/c07536d10e042dea5df3ccb5d0fff66267b5cf8e
lsf,7f1c3a0e3043892d871aa80cbe448cdbc3cd2698,Hila Manalai,,Hila Manalai,2019-08-14T15:32:13Z,"deleted some unnessary code from js, and remove plus icon from add button",https://github.com/BCStudentSoftwareDevTeam/lsf/commit/7f1c3a0e3043892d871aa80cbe448cdbc3cd2698
lsf,50b53085e94682ae7b3ce69b9d48ce93bf507cd6,Hila Manalai,,Hila Manalai,2019-08-14T15:19:47Z,"resized flash, made review button show only when a add button is clicked, fixed all issues with contract hours and submit modal",https://github.com/BCStudentSoftwareDevTeam/lsf/commit/50b53085e94682ae7b3ce69b9d48ce93bf507cd6
lsf,78c439da334cfcfa9609405c3da60cd541d52181,Hila Manalai,,Hila Manalai,2019-08-13T21:09:36Z,fixed problems with academic year table,https://github.com/BCStudentSoftwareDevTeam/lsf/commit/78c439da334cfcfa9609405c3da60cd541d52181
lsf,29784a00e9e25aae026f6b6cdc8f1c91adca4592,BriaW,,BriaW,2019-08-13T21:06:06Z,Created a table with a pending status form. Woohoo!,https://github.com/BCStudentSoftwareDevTeam/lsf/commit/29784a00e9e25aae026f6b6cdc8f1c91adca4592
lsf,ca7db78f92c6f2cc389bb2f8f12213f922b2482c,Hila Manalai,,Hila Manalai,2019-08-13T20:37:07Z,trying to fix issues with table,https://github.com/BCStudentSoftwareDevTeam/lsf/commit/ca7db78f92c6f2cc389bb2f8f12213f922b2482c
lsf,0e4a739db124c9fc6fb37f761198717e803223c1,Hila Manalai,,Hila Manalai,2019-08-13T19:22:57Z,Merge branch 'lsf1' of https://bitbucket.org/laborstudents/lsf-flask into lsf1,https://github.com/BCStudentSoftwareDevTeam/lsf/commit/0e4a739db124c9fc6fb37f761198717e803223c1
lsf,a8ec18bae8e63ded3a42987b31a3fb37fcd90d6f,Hila Manalai,,Hila Manalai,2019-08-13T19:22:21Z,changing header td to th,https://github.com/BCStudentSoftwareDevTeam/lsf/commit/a8ec18bae8e63ded3a42987b31a3fb37fcd90d6f
lsf,c4c0a002ceb5a1125529e0a904afd625d90917ab,Alex Bryant,,Alex Bryant,2019-08-13T19:13:33Z,Merge branch 'lsf1' of https://bitbucket.org/laborstudents/lsf-flask into lsf1,https://github.com/BCStudentSoftwareDevTeam/lsf/commit/c4c0a002ceb5a1125529e0a904afd625d90917ab
lsf,c8a23eff555796032026c700cdd07e1932e56d70,Alex Bryant,,Alex Bryant,2019-08-13T19:12:54Z,fixed a variable issue in labor history so that we could get the modals to work again and use rehire,https://github.com/BCStudentSoftwareDevTeam/lsf/commit/c8a23eff555796032026c700cdd07e1932e56d70
lsf,407fe2263210e4aa2255367cb2bf5df0f5d3f4a7,Hila Manalai,,Hila Manalai,2019-08-13T19:08:40Z,"changed plus glyphicon to button, and fixed some glitches with review button not disabling term",https://github.com/BCStudentSoftwareDevTeam/lsf/commit/407fe2263210e4aa2255367cb2bf5df0f5d3f4a7
lsf,622517b77130981723bc87e85d233feb011b5743,Hila Manalai,,Hila Manalai,2019-08-13T18:42:46Z,almost done with restyling,https://github.com/BCStudentSoftwareDevTeam/lsf/commit/622517b77130981723bc87e85d233feb011b5743
lsf,06961939aeae284c4188e6be836cef08b7ab3f11,Hila Manalai,,Hila Manalai,2019-08-13T17:26:29Z,changed page design to two columns,https://github.com/BCStudentSoftwareDevTeam/lsf/commit/06961939aeae284c4188e6be836cef08b7ab3f11
lsf,7f63bdaf54ed293def2a7ea3bf199a81567be907,BriaW,,BriaW,2019-08-13T16:10:21Z,Saving changes,https://github.com/BCStudentSoftwareDevTeam/lsf/commit/7f63bdaf54ed293def2a7ea3bf199a81567be907
lsf,44e41d146ca9ba9a3683aa421b7ca04d2e4dd3f4,Hila Manalai,,Hila Manalai,2019-08-13T15:29:16Z,fixing merge conflicts,https://github.com/BCStudentSoftwareDevTeam/lsf/commit/44e41d146ca9ba9a3683aa421b7ca04d2e4dd3f4
lsf,3b031ab7db7a0b74adf333a1f934df56793af886,BriaW,,BriaW,2019-08-13T15:22:46Z,Fixing merge conflict from development and adding correct block tags,https://github.com/BCStudentSoftwareDevTeam/lsf/commit/3b031ab7db7a0b74adf333a1f934df56793af886
lsf,d093b95470e641dc5be2278801f4da63a6a74eb0,Hila Manalai,,Hila Manalai,2019-08-13T15:21:09Z,stylinggg,https://github.com/BCStudentSoftwareDevTeam/lsf/commit/d093b95470e641dc5be2278801f4da63a6a74eb0
lsf,d01e2d876faed4a1e44aea5a48a6bb658ad6f28f,santoshernandezr,User,sheggen,2019-08-13T13:45:37Z,"Merged in betterTermManagement (pull request #10)

BetterTermManagement",https://github.com/BCStudentSoftwareDevTeam/lsf/commit/d01e2d876faed4a1e44aea5a48a6bb658ad6f28f
lsf,6ef22f875169e0441c6f42722552d93a5f257359,sheggen,User,sheggen,2019-08-13T13:45:16Z,Styling and fixing bugs with termMgmt,https://github.com/BCStudentSoftwareDevTeam/lsf/commit/6ef22f875169e0441c6f42722552d93a5f257359
lsf,35ee0c4484b892c543470b64c547fd1236fa3035,Hila Manalai,,Hila Manalai,2019-08-13T13:38:46Z,repositioned tables and did some styling,https://github.com/BCStudentSoftwareDevTeam/lsf/commit/35ee0c4484b892c543470b64c547fd1236fa3035
lsf,3f223b8910325987ffe044cdf5705b65019df132,sheggen,User,sheggen,2019-08-13T13:16:59Z,Fixed merge conflict with app_content line,https://github.com/BCStudentSoftwareDevTeam/lsf/commit/3f223b8910325987ffe044cdf5705b65019df132
lsf,d9f527e310cfac71c756a888e09206ae7a4f3421,Jamaliela,User,sheggen,2019-08-13T13:14:47Z,"Merged in laborHistory (pull request #9)

LaborHistory Page and Modal",https://github.com/BCStudentSoftwareDevTeam/lsf/commit/d9f527e310cfac71c756a888e09206ae7a4f3421
lsf,2197272952beb05f0bbce808b459f438f5a44f3b,Hila Manalai,,Hila Manalai,2019-08-12T21:27:56Z,"changed Hours to hours, and redesigned the page a little bit",https://github.com/BCStudentSoftwareDevTeam/lsf/commit/2197272952beb05f0bbce808b459f438f5a44f3b
lsf,b70252642781f57d69280a988f1bd623072005c2,BriaW,,BriaW,2019-08-12T21:14:13Z,Creating pendingStatusForms page with corresponding html/js/py files,https://github.com/BCStudentSoftwareDevTeam/lsf/commit/b70252642781f57d69280a988f1bd623072005c2
lsf,6a457759d9e4d48af1d668228c2362e95804e171,Hila Manalai,,Hila Manalai,2019-08-12T19:33:56Z,made all fields required,https://github.com/BCStudentSoftwareDevTeam/lsf/commit/6a457759d9e4d48af1d668228c2362e95804e171
lsf,7372d7c647e55a67100c278bbcd13bf6dc05baf7,Alex Bryant,,Alex Bryant,2019-08-12T18:49:39Z,Changed  values to null to fix the flasher,https://github.com/BCStudentSoftwareDevTeam/lsf/commit/7372d7c647e55a67100c278bbcd13bf6dc05baf7
lsf,8f89afb334c96081eba246e8ddf08f9a9b10b1ef,Alex Bryant,,Alex Bryant,2019-08-12T18:34:55Z,Merge branch 'lsf' of https://bitbucket.org/laborstudents/lsf-flask into lsf,https://github.com/BCStudentSoftwareDevTeam/lsf/commit/8f89afb334c96081eba246e8ddf08f9a9b10b1ef
lsf,48b563a1d5554a618000719e31a2c43e4884ef85,Hila Manalai,,Hila Manalai,2019-08-12T18:34:15Z,"required fields works partially, fixed some glitches with student bnumber not being sent to database correctly",https://github.com/BCStudentSoftwareDevTeam/lsf/commit/48b563a1d5554a618000719e31a2c43e4884ef85
lsf,b3bd0bc39c099a6577f6627605be90d2793b8ed0,Alex Bryant,,Alex Bryant,2019-08-12T17:12:17Z,Merge branch 'lsf' of https://bitbucket.org/laborstudents/lsf-flask into lsf,https://github.com/BCStudentSoftwareDevTeam/lsf/commit/b3bd0bc39c099a6577f6627605be90d2793b8ed0
lsf,d02d206a543b7c4bf1ca786e2fc23c6a256bbfd3,Hila Manalai,,Hila Manalai,2019-08-12T17:11:27Z,tried to make fields required,https://github.com/BCStudentSoftwareDevTeam/lsf/commit/d02d206a543b7c4bf1ca786e2fc23c6a256bbfd3
lsf,e4c9ce4e8f42c8f3f93554dd8a2d31f562fceb14,Hila Manalai,,Hila Manalai,2019-08-12T14:10:12Z,Merge branch 'development' into lsf,https://github.com/BCStudentSoftwareDevTeam/lsf/commit/e4c9ce4e8f42c8f3f93554dd8a2d31f562fceb14
lsf,9f15559043225ee4a914f9c279215adc872cc92d,Alex Bryant,,Alex Bryant,2019-08-12T14:09:24Z,Merge branch 'development' into lsf,https://github.com/BCStudentSoftwareDevTeam/lsf/commit/9f15559043225ee4a914f9c279215adc872cc92d
lsf,8ee70c073ccf6b0f0023a56a44fbfad108062aae,Hila Manalai,,Hila Manalai,2019-08-12T14:09:03Z,Merge branch 'lsf' of https://bitbucket.org/laborstudents/lsf-flask into lsf,https://github.com/BCStudentSoftwareDevTeam/lsf/commit/8ee70c073ccf6b0f0023a56a44fbfad108062aae
lsf,3935aa055ef13923104f52690eef3eb6d7745017,Hila Manalai,,Hila Manalai,2019-08-12T14:08:27Z,"changed access levels on accessing forms from url, now forms only prepopulate if the user is either creator or supervisor listed in that form",https://github.com/BCStudentSoftwareDevTeam/lsf/commit/3935aa055ef13923104f52690eef3eb6d7745017
lsf,bf5229aaae4ee0dbb87905fe007002deaa2599b8,Alex Bryant,,Alex Bryant,2019-08-12T14:07:55Z,Fixed wording in the dummy data. Fixed a variable issue so we can see the modals in labor history.,https://github.com/BCStudentSoftwareDevTeam/lsf/commit/bf5229aaae4ee0dbb87905fe007002deaa2599b8
lsf,d462c8404a3f73e63438ba4a99c431d1e193de60,sheggen,User,sheggen,2019-08-12T13:43:03Z,Fixing merge conflict with added docstring,https://github.com/BCStudentSoftwareDevTeam/lsf/commit/d462c8404a3f73e63438ba4a99c431d1e193de60
lsf,d4e71833c6f64964124c4681be6a288f806f0452,May Jue,,sheggen,2019-08-12T13:41:19Z,"Merged in supervisorPortal (pull request #11)

SupervisorPortal",https://github.com/BCStudentSoftwareDevTeam/lsf/commit/d4e71833c6f64964124c4681be6a288f806f0452
lsf,37ea91fa525ef65be415cd710d58cdd6cb7d9d5a,sheggen,User,sheggen,2019-08-12T13:34:56Z,Merge branch 'development' into supervisorPortal,https://github.com/BCStudentSoftwareDevTeam/lsf/commit/37ea91fa525ef65be415cd710d58cdd6cb7d9d5a
lsf,cebe17d365683357499ba529e7a8413fa1e74ca2,Hila Manalai,,sheggen,2019-08-12T13:34:05Z,"Merged in lsf (pull request #12)

Lsf: labor status form",https://github.com/BCStudentSoftwareDevTeam/lsf/commit/cebe17d365683357499ba529e7a8413fa1e74ca2
lsf,8e7f5792934bfa316fa5053b7a0ac1e67513f95c,sheggen,User,sheggen,2019-08-12T13:31:41Z,deletin migration folders,https://github.com/BCStudentSoftwareDevTeam/lsf/commit/8e7f5792934bfa316fa5053b7a0ac1e67513f95c
lsf,3ab94e1f19b82d7c53c1a170c861448c1e6d42cf,sheggen,User,sheggen,2019-08-12T13:30:26Z,Merge branch 'development' into lsf,https://github.com/BCStudentSoftwareDevTeam/lsf/commit/3ab94e1f19b82d7c53c1a170c861448c1e6d42cf
lsf,ed1de1ead07fa46a057ae329cd9a08a9f71b8e6c,sheggen,User,sheggen,2019-08-12T13:18:43Z,changing script import to use url_for,https://github.com/BCStudentSoftwareDevTeam/lsf/commit/ed1de1ead07fa46a057ae329cd9a08a9f71b8e6c
lsf,77f30ac5eda0b216b9650d3ae83a450c9699d55d,Hila Manalai,,Hila Manalai,2019-08-12T13:14:24Z,added red borders around term selectpicker,https://github.com/BCStudentSoftwareDevTeam/lsf/commit/77f30ac5eda0b216b9650d3ae83a450c9699d55d
lsf,ca79960c2d5545483a10170bd6633e4a714b24cf,Hila Manalai,,Hila Manalai,2019-08-12T13:01:39Z,fixed issues with wls modal and changed the formatting of submit modal,https://github.com/BCStudentSoftwareDevTeam/lsf/commit/ca79960c2d5545483a10170bd6633e4a714b24cf
lsf,e5ffe6df4aea4335e1e48cac748884bb61145302,Hila Manalai,,Hila Manalai,2019-08-09T18:48:47Z,fixed some glitches with the table that contains select pickers,https://github.com/BCStudentSoftwareDevTeam/lsf/commit/e5ffe6df4aea4335e1e48cac748884bb61145302
lsf,ee9ee340a47c60c8cc6b3dce26965923f795f818,GuillermoCruz32,User,GuillermoCruz32,2019-08-09T18:41:14Z,"Fixed the wording on the buttons, fixed the controller to load in only current students for the current students list, and fixed the buttons so that they change color on click.",https://github.com/BCStudentSoftwareDevTeam/lsf/commit/ee9ee340a47c60c8cc6b3dce26965923f795f818
lsf,393e5bc2ab42c7e89c5390fd21c292b979463144,santoshernandezr,User,santoshernandezr,2019-08-09T18:39:36Z,Hover stays on when the user clicks on accordion panel,https://github.com/BCStudentSoftwareDevTeam/lsf/commit/393e5bc2ab42c7e89c5390fd21c292b979463144
lsf,4ea92ac7db6392dbeffbb91130370db853f09b80,santoshernandezr,User,santoshernandezr,2019-08-09T18:22:14Z,fixing typo,https://github.com/BCStudentSoftwareDevTeam/lsf/commit/4ea92ac7db6392dbeffbb91130370db853f09b80
lsf,218bfc654ae3d25f44fa44dc01aec40a23cfcf41,santoshernandezr,User,santoshernandezr,2019-08-09T18:14:04Z,"When the user picks a start date, the end date datepicker will disable all the dates before the date that was chosen for the start date",https://github.com/BCStudentSoftwareDevTeam/lsf/commit/218bfc654ae3d25f44fa44dc01aec40a23cfcf41
lsf,1c847c21804d476f72679ae46501bbfac19613b0,Hila Manalai,,Hila Manalai,2019-08-09T18:13:39Z,fixed merge conflicts,https://github.com/BCStudentSoftwareDevTeam/lsf/commit/1c847c21804d476f72679ae46501bbfac19613b0
lsf,85b227a3b6fea747c1b0b4fba3e488c483da7e7e,Hila Manalai,,Hila Manalai,2019-08-09T18:10:51Z,added selectpickers to table,https://github.com/BCStudentSoftwareDevTeam/lsf/commit/85b227a3b6fea747c1b0b4fba3e488c483da7e7e
lsf,be4c5cf24f12f592746ff5c6e7f189a51d227aa1,Alex Bryant,,Alex Bryant,2019-08-09T17:50:23Z,Modified the HTML and CSS for the modal in labor history to show the reject reason.,https://github.com/BCStudentSoftwareDevTeam/lsf/commit/be4c5cf24f12f592746ff5c6e7f189a51d227aa1
lsf,cced8040e8848ea91834c4313ab66bef86ac8e20,Luis Riera,,Luis Riera,2019-08-09T15:58:08Z,Got rid of the bullets in the last modal.,https://github.com/BCStudentSoftwareDevTeam/lsf/commit/cced8040e8848ea91834c4313ab66bef86ac8e20
lsf,fddf9475426dfe7514d47ae55fdcea055c723fce,Luis Riera,,Luis Riera,2019-08-09T15:33:01Z,Page now redirects back to an empty LSF when submitting a form.,https://github.com/BCStudentSoftwareDevTeam/lsf/commit/fddf9475426dfe7514d47ae55fdcea055c723fce
lsf,de8f0db1a0a7db3eb310f653bee6c1927dbc07db,Luis Riera,,Luis Riera,2019-08-09T15:12:41Z,Datepickers now update each other so you cannot pick an end date that is before the start date or a start date that is after the end date.,https://github.com/BCStudentSoftwareDevTeam/lsf/commit/de8f0db1a0a7db3eb310f653bee6c1927dbc07db
lsf,6a1df18ca436c42321650f3a7acffba615415fff,Luis Riera,,Luis Riera,2019-08-09T14:54:19Z,Made term field bright red when coming from the rehire button.,https://github.com/BCStudentSoftwareDevTeam/lsf/commit/6a1df18ca436c42321650f3a7acffba615415fff
lsf,ed4cfcf1f40efe0af818c45dd66d6f4fbe453735,Hila Manalai,,Hila Manalai,2019-08-09T12:44:05Z,documented and cleaned up the code,https://github.com/BCStudentSoftwareDevTeam/lsf/commit/ed4cfcf1f40efe0af818c45dd66d6f4fbe453735
lsf,b30c74232899263e1e4f284e6e27d5e63ea7ca7c,santoshernandezr,User,santoshernandezr,2019-08-08T21:05:34Z,fixed some stuff,https://github.com/BCStudentSoftwareDevTeam/lsf/commit/b30c74232899263e1e4f284e6e27d5e63ea7ca7c
lsf,279aedaed8dfd0616fdbae117aea50f7021c9b6f,GuillermoCruz32,User,GuillermoCruz32,2019-08-08T20:21:24Z,Finished the department tab in the sidebar. Also added comments to all of our code.,https://github.com/BCStudentSoftwareDevTeam/lsf/commit/279aedaed8dfd0616fdbae117aea50f7021c9b6f
lsf,2265821ea2329903ee4403167c29522a6c1eb798,Alex Bryant,,Alex Bryant,2019-08-08T19:29:59Z,Added docstrings to functions in the labor history python file and labor history javascript file.,https://github.com/BCStudentSoftwareDevTeam/lsf/commit/2265821ea2329903ee4403167c29522a6c1eb798
lsf,cefa1f96b0b0cefafe41a5c4282e548508b39cb2,Alex Bryant,,Alex Bryant,2019-08-08T18:36:41Z,Fixed variable names.,https://github.com/BCStudentSoftwareDevTeam/lsf/commit/cefa1f96b0b0cefafe41a5c4282e548508b39cb2
lsf,e913865d19216780c60fed33aa2c7669fb91bc36,elajamali,User,elajamali,2019-08-08T18:13:26Z,cleaned up the js file,https://github.com/BCStudentSoftwareDevTeam/lsf/commit/e913865d19216780c60fed33aa2c7669fb91bc36
lsf,0576db7dff480c386529d4558f2c9c2b212982c7,elajamali,User,elajamali,2019-08-08T18:10:50Z,cleaned up the py file,https://github.com/BCStudentSoftwareDevTeam/lsf/commit/0576db7dff480c386529d4558f2c9c2b212982c7
lsf,8acaddd69283431096c370dcf02760b7117a7021,Hila Manalai,,Hila Manalai,2019-08-08T18:04:24Z,fixed modals,https://github.com/BCStudentSoftwareDevTeam/lsf/commit/8acaddd69283431096c370dcf02760b7117a7021
lsf,f5650922c7848a1f857f40445dddea5d1773021a,Hila Manalai,,Hila Manalai,2019-08-08T17:39:11Z,prepopulating everything after redirect from formhistory,https://github.com/BCStudentSoftwareDevTeam/lsf/commit/f5650922c7848a1f857f40445dddea5d1773021a
lsf,bb0be86f4b6babcc410557747b1c0ac91407a871,Alex Bryant,,Alex Bryant,2019-08-08T15:46:24Z,Fixed dummy data.,https://github.com/BCStudentSoftwareDevTeam/lsf/commit/bb0be86f4b6babcc410557747b1c0ac91407a871
lsf,9fe7b3592fc3519d2a311ecda22fac1bcbb084d0,Alex Bryant,,Alex Bryant,2019-08-08T15:40:11Z,Merge branch 'laborHistory' of https://bitbucket.org/laborstudents/lsf-flask into laborHistory,https://github.com/BCStudentSoftwareDevTeam/lsf/commit/9fe7b3592fc3519d2a311ecda22fac1bcbb084d0
lsf,b228e37c115cd072258fdfabc83091b3aaf23c58,Alex Bryant,,Alex Bryant,2019-08-08T15:39:40Z,Modified the dummy data to test a few more cases with buttons in labor history.,https://github.com/BCStudentSoftwareDevTeam/lsf/commit/b228e37c115cd072258fdfabc83091b3aaf23c58
lsf,269a2e6e9febe1d8884d686959c9e169723f4806,Luis Riera,,Luis Riera,2019-08-08T15:22:21Z,Stuffs.,https://github.com/BCStudentSoftwareDevTeam/lsf/commit/269a2e6e9febe1d8884d686959c9e169723f4806
lsf,649212b8a402983162d2d58e1fb4d4cb2d3e326c,elajamali,User,elajamali,2019-08-08T14:40:49Z,making the terms to be the newest on top,https://github.com/BCStudentSoftwareDevTeam/lsf/commit/649212b8a402983162d2d58e1fb4d4cb2d3e326c
lsf,ea1162647254d61607be6121cd1d4abc67abbe87,Luis Riera,,Luis Riera,2019-08-08T14:35:50Z,Changed IDs to fix the issue of one of the selectpickers not passing its value correctly.,https://github.com/BCStudentSoftwareDevTeam/lsf/commit/ea1162647254d61607be6121cd1d4abc67abbe87
lsf,130e7a39ce250deef8751b42fe548ffdba27f68d,Luis Riera,,Luis Riera,2019-08-08T14:30:14Z,Changed IDs to fix the issue of one of the selectpickers not passing its value correctly.,https://github.com/BCStudentSoftwareDevTeam/lsf/commit/130e7a39ce250deef8751b42fe548ffdba27f68d
lsf,408f26d4acc99122e88c16dfa1d230024400671c,elajamali,User,elajamali,2019-08-08T14:07:48Z,wrapping labor history page,https://github.com/BCStudentSoftwareDevTeam/lsf/commit/408f26d4acc99122e88c16dfa1d230024400671c
lsf,fbc903af836a6084b09cffe907983d352f08879a,elajamali,User,elajamali,2019-08-08T12:39:20Z,creating a sitituation where we have denied overload form,https://github.com/BCStudentSoftwareDevTeam/lsf/commit/fbc903af836a6084b09cffe907983d352f08879a
lsf,cfe52165f14fa79d238371361fd59963a74edc61,elajamali,User,elajamali,2019-08-07T21:46:57Z,fixed all the withdraw issues,https://github.com/BCStudentSoftwareDevTeam/lsf/commit/cfe52165f14fa79d238371361fd59963a74edc61
lsf,b5432d3c86c933f4bfcd5403d1ec287159f55c33,GuillermoCruz32,User,GuillermoCruz32,2019-08-07T21:06:11Z,"Created the table so that rather than hiding data, we are filtering data.",https://github.com/BCStudentSoftwareDevTeam/lsf/commit/b5432d3c86c933f4bfcd5403d1ec287159f55c33
lsf,b6f1081017f0ce92f808bc411b7fbe0e9445d20b,Hila Manalai,,Hila Manalai,2019-08-07T20:58:24Z,succeeded in prepopulating fields in redirect from ela's page,https://github.com/BCStudentSoftwareDevTeam/lsf/commit/b6f1081017f0ce92f808bc411b7fbe0e9445d20b
lsf,d6a7315c204c4a380def2497164c3e3f4fdbe27d,santoshernandezr,User,santoshernandezr,2019-08-07T20:01:36Z,We were able to get our disabled button to enable whenever the two datepickers were filled in,https://github.com/BCStudentSoftwareDevTeam/lsf/commit/d6a7315c204c4a380def2497164c3e3f4fdbe27d
lsf,b664e85ae41827f0466253bbb0c6b04f7b7a0eb6,Luis Riera,,Luis Riera,2019-08-07T19:17:55Z,Prepopulating LSF when rehiring a student.,https://github.com/BCStudentSoftwareDevTeam/lsf/commit/b664e85ae41827f0466253bbb0c6b04f7b7a0eb6
lsf,244af34f4944e8e9083ffcf07e73613257c3db66,Luis Riera,,Luis Riera,2019-08-07T18:01:07Z,Working on connection to Ela's page,https://github.com/BCStudentSoftwareDevTeam/lsf/commit/244af34f4944e8e9083ffcf07e73613257c3db66
lsf,2ad8789f9a9b43b820d143319f19d1094b1e8cfd,Hila Manalai,,Hila Manalai,2019-08-07T17:18:42Z,"corrected datepicekrs, added disable class and it wORks, created amodal for when wls is 5 or greater.",https://github.com/BCStudentSoftwareDevTeam/lsf/commit/2ad8789f9a9b43b820d143319f19d1094b1e8cfd
lsf,400a39cbb9d0065c17b62e0a60f7591dad7655df,elajamali,User,elajamali,2019-08-07T14:47:10Z,working on withdraw button,https://github.com/BCStudentSoftwareDevTeam/lsf/commit/400a39cbb9d0065c17b62e0a60f7591dad7655df
lsf,62aafbb86be11df58d63f3ee9da3d5b7d9694876,elajamali,User,elajamali,2019-08-07T12:54:03Z,modified lsf gets withdrawn,https://github.com/BCStudentSoftwareDevTeam/lsf/commit/62aafbb86be11df58d63f3ee9da3d5b7d9694876
lsf,8ebdd59f2ae7be28d12d135b9f9ca109d53de1ec,elajamali,User,elajamali,2019-08-07T12:49:06Z,fixed labor release issue we had and added the conditionals,https://github.com/BCStudentSoftwareDevTeam/lsf/commit/8ebdd59f2ae7be28d12d135b9f9ca109d53de1ec
lsf,be542a5e490e567401d9e3151887f093451b63cb,elajamali,User,elajamali,2019-08-06T21:25:59Z,Merge branch 'laborHistory' of https://bitbucket.org/laborstudents/lsf-flask into laborHistory,https://github.com/BCStudentSoftwareDevTeam/lsf/commit/be542a5e490e567401d9e3151887f093451b63cb
lsf,32fdb2b8af8e816a8986ac90e816035eda8bdf06,elajamali,User,elajamali,2019-08-06T21:25:28Z,updating add dummy,https://github.com/BCStudentSoftwareDevTeam/lsf/commit/32fdb2b8af8e816a8986ac90e816035eda8bdf06
lsf,bd3b8dfae73155b660d2339e6370f85be42e6605,Alex Bryant,,Alex Bryant,2019-08-06T21:06:16Z,modified the dummy data to handle more cases for withdrawing overload and status forms. Started working on the controller to handle the deletion of those records.,https://github.com/BCStudentSoftwareDevTeam/lsf/commit/bd3b8dfae73155b660d2339e6370f85be42e6605
lsf,13078ea2feffb3416307e85c78bc89d15d690cc7,Hila Manalai,,Hila Manalai,2019-08-06T21:03:37Z,"tried to set a min date for datepickers, but faileeedd",https://github.com/BCStudentSoftwareDevTeam/lsf/commit/13078ea2feffb3416307e85c78bc89d15d690cc7
lsf,4e2270bf269bd434a16d419fa2b5d73db00fb4e4,GuillermoCruz32,User,GuillermoCruz32,2019-08-06T21:01:07Z,Started making the department page on the sidebar.,https://github.com/BCStudentSoftwareDevTeam/lsf/commit/4e2270bf269bd434a16d419fa2b5d73db00fb4e4
lsf,a0ff07a58f6d24b584b3581df304c5629c02e07d,Alex Bryant,,Alex Bryant,2019-08-06T18:24:20Z,Merge branch 'development' into laborHistory,https://github.com/BCStudentSoftwareDevTeam/lsf/commit/a0ff07a58f6d24b584b3581df304c5629c02e07d
lsf,4073ee6cecf4d3237d86bcd2cf20cd329e8dc187,elajamali,User,elajamali,2019-08-06T18:23:29Z,Merge branch 'development' of https://bitbucket.org/laborstudents/lsf-flask into laborHistory,https://github.com/BCStudentSoftwareDevTeam/lsf/commit/4073ee6cecf4d3237d86bcd2cf20cd329e8dc187
lsf,0be38418b4fd4135c3549963e83112c473529ccc,sheggen,User,sheggen,2019-08-06T18:22:57Z,Pushing morning changes before the demo,https://github.com/BCStudentSoftwareDevTeam/lsf/commit/0be38418b4fd4135c3549963e83112c473529ccc
lsf,36049494d3eb05d63058eee61052fe93c73de7b9,Alex Bryant,,Alex Bryant,2019-08-06T18:16:13Z,New branch for new changes to labor history.  Fixed issues with referencing css and js files.,https://github.com/BCStudentSoftwareDevTeam/lsf/commit/36049494d3eb05d63058eee61052fe93c73de7b9
lsf,a33827dffcec002d03a9764bda374e2e61eea790,Hila Manalai,,Hila Manalai,2019-08-06T17:07:49Z,changed out of compliance language,https://github.com/BCStudentSoftwareDevTeam/lsf/commit/a33827dffcec002d03a9764bda374e2e61eea790
lsf,5313273c2d568e604930187644f227dd63dfffe9,Luis Riera,,Luis Riera,2019-08-06T15:37:10Z,Fixed Contract Hours Glitch and plus button now disables term field instead of the student field.,https://github.com/BCStudentSoftwareDevTeam/lsf/commit/5313273c2d568e604930187644f227dd63dfffe9
lsf,3364ae15e998af7b8af6dc0efafcfc9dc86da047,BriaW,,BriaW,2019-08-06T15:26:28Z,making minor html changes,https://github.com/BCStudentSoftwareDevTeam/lsf/commit/3364ae15e998af7b8af6dc0efafcfc9dc86da047
lsf,aff940366318946d877f40568e5ca53aa95a7d90,sheggen,User,sheggen,2019-08-06T13:49:26Z,Fixed bad ID reuse in LSF,https://github.com/BCStudentSoftwareDevTeam/lsf/commit/aff940366318946d877f40568e5ca53aa95a7d90
lsf,ca15f547ad5bb1019caa0e09760248b15c21ba94,sheggen,User,sheggen,2019-08-06T12:29:36Z,styling the supervisor portal,https://github.com/BCStudentSoftwareDevTeam/lsf/commit/ca15f547ad5bb1019caa0e09760248b15c21ba94
lsf,9a0d4bbcf44b6378be3bd55ffaaadef5546e549f,sheggen,User,sheggen,2019-08-06T03:22:30Z,"added overload URLs to navbar, pages not finished",https://github.com/BCStudentSoftwareDevTeam/lsf/commit/9a0d4bbcf44b6378be3bd55ffaaadef5546e549f
lsf,ece8a5d9c95355f49a2831ecf6a9bb14b4bb2b0b,Jamaliela,User,sheggen,2019-08-06T03:12:53Z,"Merged in demoday (pull request #8)

Supervisor Portal (for Labor Office Demo)",https://github.com/BCStudentSoftwareDevTeam/lsf/commit/ece8a5d9c95355f49a2831ecf6a9bb14b4bb2b0b
lsf,f2ae28caa739af9e2b7e017d17185137d9215357,sheggen,User,sheggen,2019-08-06T03:12:25Z,minor tweak to index.html; resolved merge conflicts in add_dummy_data.py,https://github.com/BCStudentSoftwareDevTeam/lsf/commit/f2ae28caa739af9e2b7e017d17185137d9215357
lsf,67bf6cba9b05320ad99fe5085b6a9e19dc5f48e1,sheggen,User,sheggen,2019-08-06T02:58:19Z,resolving merge conflicts with all PRs,https://github.com/BCStudentSoftwareDevTeam/lsf/commit/67bf6cba9b05320ad99fe5085b6a9e19dc5f48e1
lsf,7c49877dd5042fe991e1fbb2940dd352ef9daf6d,santoshernandezr,User,sheggen,2019-08-06T02:47:13Z,"Merged in adminManagement (pull request #4)

AdminManagement",https://github.com/BCStudentSoftwareDevTeam/lsf/commit/7c49877dd5042fe991e1fbb2940dd352ef9daf6d
lsf,845c85daf4bc5c4b7873622f46e5a65a8fee9fc2,Luis Riera,,sheggen,2019-08-06T02:46:27Z,"Merged in 31 (pull request #6)

Labor Status Forms (31)",https://github.com/BCStudentSoftwareDevTeam/lsf/commit/845c85daf4bc5c4b7873622f46e5a65a8fee9fc2
lsf,5b3a0bc6255debc329c6eaa0e375d4f4e0673b04,sheggen,User,sheggen,2019-08-06T02:45:51Z,Deleting migration folders,https://github.com/BCStudentSoftwareDevTeam/lsf/commit/5b3a0bc6255debc329c6eaa0e375d4f4e0673b04
lsf,dab1c042078b640b80ba6edafbc42cbafac32160,sheggen,User,sheggen,2019-08-06T02:45:01Z,commented out css overriding container and col-1,https://github.com/BCStudentSoftwareDevTeam/lsf/commit/dab1c042078b640b80ba6edafbc42cbafac32160
lsf,6616380ee71393fa7a95d5bbf9f9a02022bb7c9a,sheggen,User,sheggen,2019-08-06T02:17:51Z,Fixing merge conflicts with 31 and development,https://github.com/BCStudentSoftwareDevTeam/lsf/commit/6616380ee71393fa7a95d5bbf9f9a02022bb7c9a
lsf,b76730f2d70c3d45b2e99f0be998ec30e9541713,sheggen,User,sheggen,2019-08-06T02:16:12Z,removing migration files and folders,https://github.com/BCStudentSoftwareDevTeam/lsf/commit/b76730f2d70c3d45b2e99f0be998ec30e9541713
lsf,493bab1955f2d6305909f9622d91aeb00e60cfc9,sheggen,User,sheggen,2019-08-06T02:15:01Z,updating files for demo,https://github.com/BCStudentSoftwareDevTeam/lsf/commit/493bab1955f2d6305909f9622d91aeb00e60cfc9
lsf,7a9411597cdfdbdd17499267bf8a0732d5283207,santoshernandezr,User,sheggen,2019-08-06T01:11:36Z,"Merged in termManagement (pull request #7)

TermManagement Rework",https://github.com/BCStudentSoftwareDevTeam/lsf/commit/7a9411597cdfdbdd17499267bf8a0732d5283207
lsf,978e8d561a8123f253b99ab838b5f3f833b47f01,elajamali,User,elajamali,2019-08-05T22:05:20Z,add dummy updated,https://github.com/BCStudentSoftwareDevTeam/lsf/commit/978e8d561a8123f253b99ab838b5f3f833b47f01
lsf,2d8f7c79b0bd4ad326bb76b4a0e573f1f431b52e,elajamali,User,elajamali,2019-08-05T21:25:16Z,fixing congflicts,https://github.com/BCStudentSoftwareDevTeam/lsf/commit/2d8f7c79b0bd4ad326bb76b4a0e573f1f431b52e
lsf,679a96589d8f1956c1c1939acafad55fd866442e,elajamali,User,elajamali,2019-08-05T21:23:08Z,fixing merge conflicts,https://github.com/BCStudentSoftwareDevTeam/lsf/commit/679a96589d8f1956c1c1939acafad55fd866442e
lsf,f7bc97a43760fd9df74b25a38e34a5182b83034f,elajamali,User,elajamali,2019-08-05T21:17:19Z,fixing merge conglcits,https://github.com/BCStudentSoftwareDevTeam/lsf/commit/f7bc97a43760fd9df74b25a38e34a5182b83034f
lsf,f1f753cb16a9424e6eb50a38f61b1ab7dd96f6e5,Hila Manalai,,Hila Manalai,2019-08-05T21:05:10Z,fixed minor bugs,https://github.com/BCStudentSoftwareDevTeam/lsf/commit/f1f753cb16a9424e6eb50a38f61b1ab7dd96f6e5
lsf,08059c7ec8bc594c75e6b4c807ff56ecf7d5a4b5,Hila Manalai,,Hila Manalai,2019-08-05T20:57:37Z,fixing merge conflicts,https://github.com/BCStudentSoftwareDevTeam/lsf/commit/08059c7ec8bc594c75e6b4c807ff56ecf7d5a4b5
lsf,e1fad1c453441c2fb89c4616e1c6d10776c2dacc,Hila Manalai,,Hila Manalai,2019-08-05T20:55:54Z,put all the modals in snips and camel cased python file,https://github.com/BCStudentSoftwareDevTeam/lsf/commit/e1fad1c453441c2fb89c4616e1c6d10776c2dacc
lsf,5afee42aefb84165e734326a595273cc113b0f80,Luis Riera,,Luis Riera,2019-08-05T20:55:11Z,Changed all the HTML file's variables and IDs to cammelcase and adjusted the JS file to account for the new names and IDs.,https://github.com/BCStudentSoftwareDevTeam/lsf/commit/5afee42aefb84165e734326a595273cc113b0f80
lsf,fc86eea535237ab9f39f711bc7885ff8e971e354,santoshernandezr,User,santoshernandezr,2019-08-05T20:47:58Z,trying to fix our disabled button,https://github.com/BCStudentSoftwareDevTeam/lsf/commit/fc86eea535237ab9f39f711bc7885ff8e971e354
lsf,7426dfdd20e698ea308307637fb574c32308d077,elajamali,User,elajamali,2019-08-05T20:35:33Z,finishing up labor history,https://github.com/BCStudentSoftwareDevTeam/lsf/commit/7426dfdd20e698ea308307637fb574c32308d077
lsf,95c900d0fd8f1d37bcf8b2e1d78a77102457ae8d,Luis Riera,,Luis Riera,2019-08-05T20:19:37Z,Changed JS file's variables and function names to cammelcase.,https://github.com/BCStudentSoftwareDevTeam/lsf/commit/95c900d0fd8f1d37bcf8b2e1d78a77102457ae8d
lsf,a79c50cf06e006a3227d62dc93fe539538b3bd98,Hila Manalai,,Hila Manalai,2019-08-05T19:43:50Z,added a flash,https://github.com/BCStudentSoftwareDevTeam/lsf/commit/a79c50cf06e006a3227d62dc93fe539538b3bd98
lsf,c089b0ab5197857e6136b1bc220a0db138594d97,Hila Manalai,,Hila Manalai,2019-08-05T19:34:32Z,"fix issues with labels, handling out of compliance cases, checkmarks works",https://github.com/BCStudentSoftwareDevTeam/lsf/commit/c089b0ab5197857e6136b1bc220a0db138594d97
lsf,95b804127333121a983fe1539b07170735cd527c,santoshernandezr,User,santoshernandezr,2019-08-05T18:51:10Z,"set the default value of termState to false, so everytime a term is created it will start off as closed",https://github.com/BCStudentSoftwareDevTeam/lsf/commit/95b804127333121a983fe1539b07170735cd527c
lsf,a2ecab227f808ae4fee23ecf13319bda7b576d43,May,,May,2019-08-05T18:37:11Z, i think it works,https://github.com/BCStudentSoftwareDevTeam/lsf/commit/a2ecab227f808ae4fee23ecf13319bda7b576d43
lsf,77d2059dc03f984da50785b7cb9424ab65b69e23,May,,May,2019-08-05T18:32:40Z,updating some stuff,https://github.com/BCStudentSoftwareDevTeam/lsf/commit/77d2059dc03f984da50785b7cb9424ab65b69e23
lsf,ffe144d611a7851548ea0877e96829a26d2dee21,May,,May,2019-08-05T18:29:59Z,updating some stuff,https://github.com/BCStudentSoftwareDevTeam/lsf/commit/ffe144d611a7851548ea0877e96829a26d2dee21
lsf,978829b8fdb122945ec1a3144ffad1b556f56a80,May,,May,2019-08-05T18:26:46Z,adding the files folder,https://github.com/BCStudentSoftwareDevTeam/lsf/commit/978829b8fdb122945ec1a3144ffad1b556f56a80
lsf,351685e8463fe20140b8333a6c0b7f30c086aaa4,May,,May,2019-08-05T18:08:24Z,add git ignore,https://github.com/BCStudentSoftwareDevTeam/lsf/commit/351685e8463fe20140b8333a6c0b7f30c086aaa4
lsf,3da751c2aa88782a168afb5e95aaba2d117e0fb6,May,,May,2019-08-05T15:53:52Z,change route fro csv file,https://github.com/BCStudentSoftwareDevTeam/lsf/commit/3da751c2aa88782a168afb5e95aaba2d117e0fb6
lsf,9c8774719b661736d001d9f2df0ce9da7e1eab71,May,,May,2019-08-05T15:37:40Z,fixed the Denied status and other minor things,https://github.com/BCStudentSoftwareDevTeam/lsf/commit/9c8774719b661736d001d9f2df0ce9da7e1eab71
lsf,3538d510ec5e960d9f1a24265a807594015acce8,May,,May,2019-08-05T14:54:50Z,took the glyphicon out,https://github.com/BCStudentSoftwareDevTeam/lsf/commit/3538d510ec5e960d9f1a24265a807594015acce8
lsf,173fb03affd391f9883a06fd12f0e5d835c1d671,May,,May,2019-08-05T14:51:57Z,change the sizing of the container and descriptions,https://github.com/BCStudentSoftwareDevTeam/lsf/commit/173fb03affd391f9883a06fd12f0e5d835c1d671
lsf,1c7a69f37075c28918c70b5d2cebc90d34a56407,Hila Manalai,,Hila Manalai,2019-08-03T20:08:25Z,fixed everything modals and notes glyphicon for breaks,https://github.com/BCStudentSoftwareDevTeam/lsf/commit/1c7a69f37075c28918c70b5d2cebc90d34a56407
lsf,0d9e100f0dbc848e38e32bc6c9ce6929038f848b,Alex Bryant,,Alex Bryant,2019-08-02T21:57:21Z,Added more changes to dummy data.,https://github.com/BCStudentSoftwareDevTeam/lsf/commit/0d9e100f0dbc848e38e32bc6c9ce6929038f848b
lsf,523565213f955c9e3d02117c95f981faba5d3856,May,,May,2019-08-02T21:35:28Z,add notes and padding,https://github.com/BCStudentSoftwareDevTeam/lsf/commit/523565213f955c9e3d02117c95f981faba5d3856
lsf,a317acfe8331bfc59a5dd011fc843ee835eb4e33,elajamali,User,elajamali,2019-08-02T21:28:23Z,updating add dummy for different stages,https://github.com/BCStudentSoftwareDevTeam/lsf/commit/a317acfe8331bfc59a5dd011fc843ee835eb4e33
lsf,6531849f40bf5cafea5415986e00bb8cd5f14f88,Hila Manalai,,Hila Manalai,2019-08-02T21:10:28Z,fixed review button issues,https://github.com/BCStudentSoftwareDevTeam/lsf/commit/6531849f40bf5cafea5415986e00bb8cd5f14f88
lsf,4319b9ff2c8d4b7bca01ad28f0f3dfdc7b4bd747,GuillermoCruz32,User,GuillermoCruz32,2019-08-02T21:03:49Z,"Finished the controller, now trying to style the html.",https://github.com/BCStudentSoftwareDevTeam/lsf/commit/4319b9ff2c8d4b7bca01ad28f0f3dfdc7b4bd747
lsf,682ac762bebae35837605bdb5b66168618d4635c,Alex Bryant,,Alex Bryant,2019-08-02T20:44:05Z,modified the dummy data.,https://github.com/BCStudentSoftwareDevTeam/lsf/commit/682ac762bebae35837605bdb5b66168618d4635c
lsf,94f8de7f13072f4fb92ec4a264802d01f55782bf,Hila Manalai,,Hila Manalai,2019-08-02T19:31:10Z,cleaned the code and added comments,https://github.com/BCStudentSoftwareDevTeam/lsf/commit/94f8de7f13072f4fb92ec4a264802d01f55782bf
lsf,ddb1752c1a6c239d16dda875f63f7a0f4505b059,Hila Manalai,,Hila Manalai,2019-08-02T17:13:07Z,created a new function for review button,https://github.com/BCStudentSoftwareDevTeam/lsf/commit/ddb1752c1a6c239d16dda875f63f7a0f4505b059
lsf,b6a98be39e04a8d3d9f744bcc4ebb3d8e93897bc,elajamali,User,elajamali,2019-08-02T15:36:48Z,adding the file folder without the excel sheet in it,https://github.com/BCStudentSoftwareDevTeam/lsf/commit/b6a98be39e04a8d3d9f744bcc4ebb3d8e93897bc
lsf,3eabbf10f6a7cd1c2cb273747def7e6792c0e5f1,elajamali,User,elajamali,2019-08-02T15:30:05Z,fixed the download button functionality,https://github.com/BCStudentSoftwareDevTeam/lsf/commit/3eabbf10f6a7cd1c2cb273747def7e6792c0e5f1
lsf,1021c94168770c791de50856bddce7560b502820,Luis Riera,,Luis Riera,2019-08-02T14:39:43Z,Fixed bug with adding Primary positions.,https://github.com/BCStudentSoftwareDevTeam/lsf/commit/1021c94168770c791de50856bddce7560b502820
lsf,40d9672ac53a1333bcbd65d24474db25b951afe0,Hila Manalai,,Hila Manalai,2019-08-02T13:08:58Z,got student information on the submit modal,https://github.com/BCStudentSoftwareDevTeam/lsf/commit/40d9672ac53a1333bcbd65d24474db25b951afe0
lsf,6fdce735e9d9f1a8c60c845c07e9714f17ec74af,santoshernandezr,User,santoshernandezr,2019-08-02T13:08:55Z,added the inactive button for when there is no start or end date in the datepicker,https://github.com/BCStudentSoftwareDevTeam/lsf/commit/6fdce735e9d9f1a8c60c845c07e9714f17ec74af
lsf,d7bf5b91ab75fb9501cc4d198d4fa1aedcbd105c,Hila Manalai,,Hila Manalai,2019-08-01T21:05:35Z,"added a function that calculate hours for overload,changed primary modal language",https://github.com/BCStudentSoftwareDevTeam/lsf/commit/d7bf5b91ab75fb9501cc4d198d4fa1aedcbd105c
lsf,ff69a956fb91dd9225ce0e52269215e15a03dde1,santoshernandezr,User,santoshernandezr,2019-08-01T21:05:03Z,changed colors for visual reasons,https://github.com/BCStudentSoftwareDevTeam/lsf/commit/ff69a956fb91dd9225ce0e52269215e15a03dde1
lsf,f6297b056a266e25896e5e2492c2e143793c8c6a,santoshernandezr,User,santoshernandezr,2019-08-01T20:46:36Z,Merge branch 'termManagement' of https://bitbucket.org/laborstudents/lsf-flask into termManagement,https://github.com/BCStudentSoftwareDevTeam/lsf/commit/f6297b056a266e25896e5e2492c2e143793c8c6a
lsf,fa4517408086f2947739e6e7c2c696fb67f8ea93,santoshernandezr,User,santoshernandezr,2019-08-01T20:45:50Z,Creating glyphicon to tell the user what it means for a term to be open and closed,https://github.com/BCStudentSoftwareDevTeam/lsf/commit/fa4517408086f2947739e6e7c2c696fb67f8ea93
lsf,6c5282639cf858f7f618d4e089964c2ed9d07db9,BriaW,,BriaW,2019-08-01T20:38:49Z,adding more terms to dummy data,https://github.com/BCStudentSoftwareDevTeam/lsf/commit/6c5282639cf858f7f618d4e089964c2ed9d07db9
lsf,cd6d16a14938424218c50823a525846116ee2e01,BriaW,,BriaW,2019-08-01T19:55:56Z,fixing merge conflict,https://github.com/BCStudentSoftwareDevTeam/lsf/commit/cd6d16a14938424218c50823a525846116ee2e01
lsf,2a06c0ef34b6befd36ba33bcb625856ecef455e3,santoshernandezr,User,santoshernandezr,2019-08-01T19:47:19Z,"Got the open and close button to work, and color changes",https://github.com/BCStudentSoftwareDevTeam/lsf/commit/2a06c0ef34b6befd36ba33bcb625856ecef455e3
lsf,11e2dac3556656f6c7fa21c00054c49b8e5a8270,GuillermoCruz32,User,GuillermoCruz32,2019-08-01T17:18:06Z,"Made the page redirct, and made the flash message appear on the redirct.",https://github.com/BCStudentSoftwareDevTeam/lsf/commit/11e2dac3556656f6c7fa21c00054c49b8e5a8270
lsf,9f31a12595cc6961bacac415e61660eb11dafb4e,Hila Manalai,,Hila Manalai,2019-08-01T17:06:34Z,counting the total hours to show overload modal,https://github.com/BCStudentSoftwareDevTeam/lsf/commit/9f31a12595cc6961bacac415e61660eb11dafb4e
lsf,0c5699a3d61cc809cfb5d372c8dcdd5d76716173,elajamali,User,elajamali,2019-08-01T15:13:01Z,working on the download button for the labor history to download all the terms,https://github.com/BCStudentSoftwareDevTeam/lsf/commit/0c5699a3d61cc809cfb5d372c8dcdd5d76716173
lsf,588927f149918508a5445d217b9671c6e96877a4,santoshernandezr,User,santoshernandezr,2019-08-01T14:32:35Z,Were able to get all of our accordion to work,https://github.com/BCStudentSoftwareDevTeam/lsf/commit/588927f149918508a5445d217b9671c6e96877a4
lsf,c3ff0ce66922866fa6302bbc393e2301998c353f,elajamali,User,elajamali,2019-08-01T14:13:30Z,Merge branch '32' into 32history,https://github.com/BCStudentSoftwareDevTeam/lsf/commit/c3ff0ce66922866fa6302bbc393e2301998c353f
lsf,c48ed4be9e2a4575217afec3fe491fc9a4500bd0,Kat Adams & Bria Williams,,Kat Adams & Bria Williams,2019-08-01T12:24:37Z,adding imports,https://github.com/BCStudentSoftwareDevTeam/lsf/commit/c48ed4be9e2a4575217afec3fe491fc9a4500bd0
lsf,3f55b58f1c25f131d11d83ef2032f3f28ff16440,May,,May,2019-07-31T22:12:17Z,fixed variable undefine error,https://github.com/BCStudentSoftwareDevTeam/lsf/commit/3f55b58f1c25f131d11d83ef2032f3f28ff16440
lsf,efff5a77e53018bb9fcb10ba56bb04fb54ae82c7,Hila Manalai,,Hila Manalai,2019-07-31T21:08:11Z,our post works fully and added a remove,https://github.com/BCStudentSoftwareDevTeam/lsf/commit/efff5a77e53018bb9fcb10ba56bb04fb54ae82c7
lsf,d730536f6698545c200cf1f60cbcde1d42b983b1,elajamali,User,elajamali,2019-07-31T21:06:22Z,Merge branch '32history' of https://bitbucket.org/laborstudents/lsf-flask into 32history,https://github.com/BCStudentSoftwareDevTeam/lsf/commit/d730536f6698545c200cf1f60cbcde1d42b983b1
lsf,c5fb2dfd2c29a6ad0bd78a1a329273a68cc07907,Alex Bryant,,Alex Bryant,2019-07-31T21:05:15Z,added the modal for download to the labor history as well as the javascript for its functionality.,https://github.com/BCStudentSoftwareDevTeam/lsf/commit/c5fb2dfd2c29a6ad0bd78a1a329273a68cc07907
lsf,127d20552e29d32a2d818474d86bfb6967321cad,May,,May,2019-07-31T20:57:44Z,fixed empty list of students,https://github.com/BCStudentSoftwareDevTeam/lsf/commit/127d20552e29d32a2d818474d86bfb6967321cad
lsf,ffc7d5809587b713c825b01795ee6d928a7635f4,GuillermoCruz32,User,GuillermoCruz32,2019-07-31T20:56:44Z,"Set up the controller to redirect, now we need to make the controller to create the release form.",https://github.com/BCStudentSoftwareDevTeam/lsf/commit/ffc7d5809587b713c825b01795ee6d928a7635f4
lsf,bf37cdff7b2fabe8526ef2f8530276ee812cd8e0,santoshernandezr,User,santoshernandezr,2019-07-31T20:30:39Z,fixed most of our accordion,https://github.com/BCStudentSoftwareDevTeam/lsf/commit/bf37cdff7b2fabe8526ef2f8530276ee812cd8e0
lsf,c1c8ee712760cd3e21fc9b98c4e102fecc21b5fa,Alex Bryant,,Alex Bryant,2019-07-31T20:04:21Z,Merge branch '32' into 32history,https://github.com/BCStudentSoftwareDevTeam/lsf/commit/c1c8ee712760cd3e21fc9b98c4e102fecc21b5fa
lsf,6cd6792fa0600b1d78a4a035f3ca60fc182994b0,elajamali,User,elajamali,2019-07-31T20:02:12Z,Merge branch '32' of https://bitbucket.org/laborstudents/lsf-flask into 32history,https://github.com/BCStudentSoftwareDevTeam/lsf/commit/6cd6792fa0600b1d78a4a035f3ca60fc182994b0
lsf,100ec9a697e09f28c45ce5f00762d191f9f4e052,elajamali,User,elajamali,2019-07-31T19:57:28Z,Merge branch '32history' of https://bitbucket.org/laborstudents/lsf-flask into 32history,https://github.com/BCStudentSoftwareDevTeam/lsf/commit/100ec9a697e09f28c45ce5f00762d191f9f4e052
lsf,63068607b79e1429d6cc1e134d441714151e1997,elajamali,User,elajamali,2019-07-31T19:56:11Z,withdraw post works perfectly,https://github.com/BCStudentSoftwareDevTeam/lsf/commit/63068607b79e1429d6cc1e134d441714151e1997
lsf,1dd489f08930c5200986fca9b7cdbd5eca9a0b61,Alex Bryant,,Alex Bryant,2019-07-31T19:41:40Z,Added file for the modal that will pop up when the user clicks the download button.,https://github.com/BCStudentSoftwareDevTeam/lsf/commit/1dd489f08930c5200986fca9b7cdbd5eca9a0b61
lsf,38d83b5167095dbb47b8ec7458464803647604a0,GuillermoCruz32,User,GuillermoCruz32,2019-07-31T17:54:38Z,Merge branch 'development' into 35,https://github.com/BCStudentSoftwareDevTeam/lsf/commit/38d83b5167095dbb47b8ec7458464803647604a0
lsf,bf702d5df283a332803f99b1747ff7f96774598a,May,,May,2019-07-31T17:47:23Z,Done with the download,https://github.com/BCStudentSoftwareDevTeam/lsf/commit/bf702d5df283a332803f99b1747ff7f96774598a
lsf,7d42f0aa112f1170ae1096cd2210cb211bb84f00,Kat Adams & Bria Williams,,Kat Adams & Bria Williams,2019-07-31T17:43:22Z,stole code from lsf.py//.js//.html for filling positions but it doesnt work yet.,https://github.com/BCStudentSoftwareDevTeam/lsf/commit/7d42f0aa112f1170ae1096cd2210cb211bb84f00
lsf,fde01c825025d13d35a1bf262df117257c206ff1,Hila Manalai,,Hila Manalai,2019-07-31T17:27:22Z,"fixed the notes modals, and added it to the controller",https://github.com/BCStudentSoftwareDevTeam/lsf/commit/fde01c825025d13d35a1bf262df117257c206ff1
lsf,dac4e04349e1c1912f5b6e41a1f4560d8bfe6c6e,Kat Adams & Bria Williams,,Kat Adams & Bria Williams,2019-07-31T17:12:19Z,supervisor does not show username anymore,https://github.com/BCStudentSoftwareDevTeam/lsf/commit/dac4e04349e1c1912f5b6e41a1f4560d8bfe6c6e
lsf,1526865dded06037f1d228314d589d4216800815,Kat Adams & Bria Williams,,Kat Adams & Bria Williams,2019-07-31T15:45:35Z,got notes added to dictionary :D,https://github.com/BCStudentSoftwareDevTeam/lsf/commit/1526865dded06037f1d228314d589d4216800815
lsf,38c3fadba30d77c0bc172bb37f65db2d0b9a4bbe,elajamali,User,elajamali,2019-07-31T15:42:50Z,working on having the withdraw delete the form form the db,https://github.com/BCStudentSoftwareDevTeam/lsf/commit/38c3fadba30d77c0bc172bb37f65db2d0b9a4bbe
lsf,c0b3b65ed25fef007eaa843e736ab5f5e749455c,Kat Adams & Bria Williams,,Kat Adams & Bria Williams,2019-07-31T15:22:48Z,Fixed a lil typo boi,https://github.com/BCStudentSoftwareDevTeam/lsf/commit/c0b3b65ed25fef007eaa843e736ab5f5e749455c
lsf,fec243d4942ce20d14937d151bb16266fa976bd0,Kat Adams & Bria Williams,,Kat Adams & Bria Williams,2019-07-31T15:21:33Z,got dropdowns styled and populating correctly except hours,https://github.com/BCStudentSoftwareDevTeam/lsf/commit/fec243d4942ce20d14937d151bb16266fa976bd0
lsf,3ed6d04b8a0709311d62fe101063dc5b688b1642,BriaW,,BriaW,2019-07-31T15:19:46Z,fixing merge conflicts,https://github.com/BCStudentSoftwareDevTeam/lsf/commit/3ed6d04b8a0709311d62fe101063dc5b688b1642
lsf,37b5c95bb41415ef398a87ceef7cc55e5ad4fa4c,santoshernandezr,User,santoshernandezr,2019-07-31T14:16:10Z,got both date pickers to work and update the database,https://github.com/BCStudentSoftwareDevTeam/lsf/commit/37b5c95bb41415ef398a87ceef7cc55e5ad4fa4c
lsf,f92f216b02a8a054ebfd1811f7998a23f81a28fe,elajamali,User,elajamali,2019-07-31T14:14:50Z,typography changes to html,https://github.com/BCStudentSoftwareDevTeam/lsf/commit/f92f216b02a8a054ebfd1811f7998a23f81a28fe
lsf,e2d19bd31a2874b51f31a05a0951123b7b15d8fa,Kat Adams & Bria Williams,,Kat Adams & Bria Williams,2019-07-31T14:14:12Z,took out wls field since it should be connected to position. linked form to passed ID from history modal. :),https://github.com/BCStudentSoftwareDevTeam/lsf/commit/e2d19bd31a2874b51f31a05a0951123b7b15d8fa
lsf,23984eda100bbd19921d106205f3019a46989715,May,,May,2019-07-31T12:31:53Z,add admin notes,https://github.com/BCStudentSoftwareDevTeam/lsf/commit/23984eda100bbd19921d106205f3019a46989715
lsf,8340b0ff0738e621275f7ed3875ad47da3bcdf0d,May,,May,2019-07-30T22:47:46Z,created the excel file and kind of the download button. Download still needs work,https://github.com/BCStudentSoftwareDevTeam/lsf/commit/8340b0ff0738e621275f7ed3875ad47da3bcdf0d
lsf,f324af97d8470269d42de944983b1c87654816e4,elajamali,User,elajamali,2019-07-30T21:34:10Z,fixing merge conflicts,https://github.com/BCStudentSoftwareDevTeam/lsf/commit/f324af97d8470269d42de944983b1c87654816e4
lsf,558712178eafc3c7483d8420777fbb5859fdd09b,BriaW,,BriaW,2019-07-30T21:32:23Z,saving changes to my tests,https://github.com/BCStudentSoftwareDevTeam/lsf/commit/558712178eafc3c7483d8420777fbb5859fdd09b
lsf,3b696a39e7baa92d60a6e68da6e3026259c5dd3d,elajamali,User,elajamali,2019-07-30T21:31:12Z,modals for labor history is mostly done just need to talk to Scott about it,https://github.com/BCStudentSoftwareDevTeam/lsf/commit/3b696a39e7baa92d60a6e68da6e3026259c5dd3d
lsf,9d65e49e38906d365869ab93e690f1d4d38f78af,Hila Manalai,,Hila Manalai,2019-07-30T21:20:56Z,created a mess,https://github.com/BCStudentSoftwareDevTeam/lsf/commit/9d65e49e38906d365869ab93e690f1d4d38f78af
lsf,86474580dde3319da675fcdc1224a2bb8490138e,santoshernandezr,User,santoshernandezr,2019-07-30T19:55:52Z,Trying to figure out how to distinguish between start and end datepicker,https://github.com/BCStudentSoftwareDevTeam/lsf/commit/86474580dde3319da675fcdc1224a2bb8490138e
lsf,f06797fe81ef6e9f61e6bc034ceeb6eaebb8dc0b,Kat Adams & Bria Williams,,Kat Adams & Bria Williams,2019-07-30T19:35:28Z,trying to figure out relationship between wls and posn,https://github.com/BCStudentSoftwareDevTeam/lsf/commit/f06797fe81ef6e9f61e6bc034ceeb6eaebb8dc0b
lsf,36fac48552abf21ff7c6822e31853b051ad60bf4,Kat Adams & Bria Williams,,Kat Adams & Bria Williams,2019-07-30T18:20:01Z,"commented queries, changed some fields after realize they were wrong (primarySUpervisor = suprvisor, etc)",https://github.com/BCStudentSoftwareDevTeam/lsf/commit/36fac48552abf21ff7c6822e31853b051ad60bf4
lsf,a2d0332dc8415bdf5a435048e9f2ecc7adef63fc,santoshernandezr,User,santoshernandezr,2019-07-30T18:19:40Z,got datepickers to work,https://github.com/BCStudentSoftwareDevTeam/lsf/commit/a2d0332dc8415bdf5a435048e9f2ecc7adef63fc
lsf,c2924c629579557312f8d91489838cc21896ccc3,Alex Bryant,,Alex Bryant,2019-07-30T17:36:12Z,fixing merge conflicts for merge with branch 31.,https://github.com/BCStudentSoftwareDevTeam/lsf/commit/c2924c629579557312f8d91489838cc21896ccc3
lsf,c3b57fb9ca56f43bc7472a38de2ff0dbddd032ce,Kat Adams & Bria Williams,,Kat Adams & Bria Williams,2019-07-30T17:14:40Z,saving progress to switch branches,https://github.com/BCStudentSoftwareDevTeam/lsf/commit/c3b57fb9ca56f43bc7472a38de2ff0dbddd032ce
lsf,f8f773519d67c9ab10ee2c6ed279c00220cb6203,elajamali,User,elajamali,2019-07-30T17:14:38Z,Merge branch '32history' of https://bitbucket.org/laborstudents/lsf-flask into 32history,https://github.com/BCStudentSoftwareDevTeam/lsf/commit/f8f773519d67c9ab10ee2c6ed279c00220cb6203
lsf,6eda9cb0aabe564a48d7aac437f9bf65c6f74737,Alex Bryant,,Alex Bryant,2019-07-30T15:58:37Z,fixed merge conflicts.,https://github.com/BCStudentSoftwareDevTeam/lsf/commit/6eda9cb0aabe564a48d7aac437f9bf65c6f74737
lsf,a8de5cae89098b6889068548dba7169d3c9ad8b1,Alex Bryant,,Alex Bryant,2019-07-30T15:54:31Z,Added to the ajax call to handle redirecting to the lsf page.,https://github.com/BCStudentSoftwareDevTeam/lsf/commit/a8de5cae89098b6889068548dba7169d3c9ad8b1
lsf,fc69e6a48c6fb5ca63b195304c67362ebcc7e5e5,elajamali,User,elajamali,2019-07-30T15:50:42Z,Merge branch '31' into 32history,https://github.com/BCStudentSoftwareDevTeam/lsf/commit/fc69e6a48c6fb5ca63b195304c67362ebcc7e5e5
lsf,2227c265cf10fdd61d1573169494829c87629fc7,elajamali,User,elajamali,2019-07-30T15:36:43Z,add dummy updated so it works for us,https://github.com/BCStudentSoftwareDevTeam/lsf/commit/2227c265cf10fdd61d1573169494829c87629fc7
lsf,b6cc13a75d99d9224e84823d1c939fef9047bbe9,Kat Adams & Bria Williams,,Kat Adams & Bria Williams,2019-07-30T15:35:55Z,just switching branches,https://github.com/BCStudentSoftwareDevTeam/lsf/commit/b6cc13a75d99d9224e84823d1c939fef9047bbe9
lsf,0808c7881b320e4d9751af8cccc5b2d5f420a1d6,Kat Adams & Bria Williams,,Kat Adams & Bria Williams,2019-07-30T15:29:14Z,"have old and new notes pulling. next is plugging them into the comparison, then dictionary...'",https://github.com/BCStudentSoftwareDevTeam/lsf/commit/0808c7881b320e4d9751af8cccc5b2d5f420a1d6
lsf,2620f067f8086001405c88b546832ff09de3335b,Kat Adams & Bria Williams,,Kat Adams & Bria Williams,2019-07-30T15:05:04Z,broke hours dropdown but fixed it again.. was trying to set up conditionals but...,https://github.com/BCStudentSoftwareDevTeam/lsf/commit/2620f067f8086001405c88b546832ff09de3335b
lsf,15cfa976684665a2b80dd0bbc8176f0b774394d5,May,,May,2019-07-30T14:32:04Z,Made some changes and created another pyton file for download,https://github.com/BCStudentSoftwareDevTeam/lsf/commit/15cfa976684665a2b80dd0bbc8176f0b774394d5
lsf,14f4a1726043721eb7141afdec3f0d56f2ca0502,Luis Riera,,Luis Riera,2019-07-30T14:23:33Z,Glyphicon now shows in the table.,https://github.com/BCStudentSoftwareDevTeam/lsf/commit/14f4a1726043721eb7141afdec3f0d56f2ca0502
lsf,9a581b7622812ad9df70d596afd048aa199802dd,Hila Manalai,,Hila Manalai,2019-07-30T14:12:28Z,added a glyphicon and modal for notes,https://github.com/BCStudentSoftwareDevTeam/lsf/commit/9a581b7622812ad9df70d596afd048aa199802dd
lsf,99ee495b8c296c18455d59e77a7c80e7518d2ae3,elajamali,User,elajamali,2019-07-30T13:36:42Z,Merge branch '31' of https://bitbucket.org/laborstudents/lsf-flask into 31,https://github.com/BCStudentSoftwareDevTeam/lsf/commit/99ee495b8c296c18455d59e77a7c80e7518d2ae3
lsf,d3bf47a8e0c8c8d17bb006744c482327b93b1769,elajamali,User,elajamali,2019-07-30T13:36:12Z,my last commit :((((((((((,https://github.com/BCStudentSoftwareDevTeam/lsf/commit/d3bf47a8e0c8c8d17bb006744c482327b93b1769
lsf,d5f421599ffd1d9ee09419f4d6c8272b2cd35570,GuillermoCruz32,User,GuillermoCruz32,2019-07-30T13:32:29Z,Pushing last changes so that Alex can Ela can begin working.,https://github.com/BCStudentSoftwareDevTeam/lsf/commit/d5f421599ffd1d9ee09419f4d6c8272b2cd35570
lsf,891e814705df2a2cb3b74905b52ad7692ddbd0f7,santoshernandezr,User,santoshernandezr,2019-07-30T13:20:35Z,got the select pickers to work,https://github.com/BCStudentSoftwareDevTeam/lsf/commit/891e814705df2a2cb3b74905b52ad7692ddbd0f7
lsf,7ca70995c29ebc9e3bea228ab2d96b4a2dbe6ea3,Hila Manalai,,Hila Manalai,2019-07-29T22:01:02Z,Merge branch '31' of https://bitbucket.org/laborstudents/lsf-flask into 31,https://github.com/BCStudentSoftwareDevTeam/lsf/commit/7ca70995c29ebc9e3bea228ab2d96b4a2dbe6ea3
lsf,ed80daa7370cfc591dad5f45e5553854b97fbb8f,Hila Manalai,,Hila Manalai,2019-07-29T21:59:22Z,added function that checks for duplicate in breaks,https://github.com/BCStudentSoftwareDevTeam/lsf/commit/ed80daa7370cfc591dad5f45e5553854b97fbb8f
lsf,671a74117ff7ad7ae0116e86a6982ae9406750f4,elajamali,User,elajamali,2019-07-29T21:39:48Z,got rid of all the console.logs and prints,https://github.com/BCStudentSoftwareDevTeam/lsf/commit/671a74117ff7ad7ae0116e86a6982ae9406750f4
lsf,5c80bf18d52d4ab00540b58c550244bb7649abc0,GuillermoCruz32,User,GuillermoCruz32,2019-07-29T21:14:20Z,"Made some changes to the modal layout, will start on controllers tomorrow.",https://github.com/BCStudentSoftwareDevTeam/lsf/commit/5c80bf18d52d4ab00540b58c550244bb7649abc0
lsf,c3d6d42cd24a6521e086c376f1fe4e75da5e2f59,elajamali,User,elajamali,2019-07-29T21:06:08Z,created form history,https://github.com/BCStudentSoftwareDevTeam/lsf/commit/c3d6d42cd24a6521e086c376f1fe4e75da5e2f59
lsf,b77356ef601c41dacfa89f362cf98cf1de2d7eb1,Kat Adams & Bria Williams,,Kat Adams & Bria Williams,2019-07-29T20:57:59Z,got date pulling and added comments,https://github.com/BCStudentSoftwareDevTeam/lsf/commit/b77356ef601c41dacfa89f362cf98cf1de2d7eb1
lsf,af3a269297ef19a542e4ef5d120f0146a6ac98f6,Kat Adams & Bria Williams,,Kat Adams & Bria Williams,2019-07-29T20:48:40Z,got date pulling and added comments,https://github.com/BCStudentSoftwareDevTeam/lsf/commit/af3a269297ef19a542e4ef5d120f0146a6ac98f6
lsf,30d1212338c003c58b0b22aed2aeb96728dbb7bd,Kat Adams & Bria Williams,,Kat Adams & Bria Williams,2019-07-29T20:17:36Z,datepicker pulling right date!,https://github.com/BCStudentSoftwareDevTeam/lsf/commit/30d1212338c003c58b0b22aed2aeb96728dbb7bd
lsf,0bd2803526a5c0acec9caf3816b77ff0d9815c2b,elajamali,User,elajamali,2019-07-29T20:12:49Z,lsfs works completely,https://github.com/BCStudentSoftwareDevTeam/lsf/commit/0bd2803526a5c0acec9caf3816b77ff0d9815c2b
lsf,19085849ced50ae87ea405efb55bf879a32c7528,Kat Adams & Bria Williams,,Kat Adams & Bria Williams,2019-07-29T20:08:51Z,datepicker getting TODAYS date instead of date clicked...,https://github.com/BCStudentSoftwareDevTeam/lsf/commit/19085849ced50ae87ea405efb55bf879a32c7528
lsf,67a4a2b25b9f3cb4dafaf910e472d832ea0e5f26,Kat Adams & Bria Williams,,Kat Adams & Bria Williams,2019-07-29T19:35:44Z,"datepicker is now a function, but we are not getting the date that is selected.",https://github.com/BCStudentSoftwareDevTeam/lsf/commit/67a4a2b25b9f3cb4dafaf910e472d832ea0e5f26
lsf,3c82119c550986042495e3834cdbb8e2431587d4,Kat Adams & Bria Williams,,Kat Adams & Bria Williams,2019-07-29T17:11:24Z,saving to go get may unstuck,https://github.com/BCStudentSoftwareDevTeam/lsf/commit/3c82119c550986042495e3834cdbb8e2431587d4
lsf,37ef1a594c6ae1f17d2bcd88d5ee9cb9f2a6c30a,Kat Adams & Bria Williams,,Kat Adams & Bria Williams,2019-07-29T14:37:45Z,datepicker is now a function and $/jquery is defined,https://github.com/BCStudentSoftwareDevTeam/lsf/commit/37ef1a594c6ae1f17d2bcd88d5ee9cb9f2a6c30a
lsf,6442ba97e4c9ace126a2ce5f8ed1576b7911151d,santoshernandezr,User,santoshernandezr,2019-07-29T13:39:49Z,Got most of the ajax call to work,https://github.com/BCStudentSoftwareDevTeam/lsf/commit/6442ba97e4c9ace126a2ce5f8ed1576b7911151d
lsf,c6c844184c282ac38a7e8b02b3736b26e1c4c70f,elajamali,User,elajamali,2019-07-29T12:39:31Z,Merge branch '31' of https://bitbucket.org/laborstudents/lsf-flask into 31,https://github.com/BCStudentSoftwareDevTeam/lsf/commit/c6c844184c282ac38a7e8b02b3736b26e1c4c70f
lsf,b1726fb8fc8ae9925b4bd9bcf51ba4db058b1af1,Kat Adams & Bria Williams,,Kat Adams & Bria Williams,2019-07-26T21:57:56Z,saving for the day,https://github.com/BCStudentSoftwareDevTeam/lsf/commit/b1726fb8fc8ae9925b4bd9bcf51ba4db058b1af1
lsf,de67aa70a824a1d7da04f1fe77f8b2e038cfc992,GuillermoCruz32,User,GuillermoCruz32,2019-07-26T21:30:28Z,Created the buttons so they load on the correct pages.,https://github.com/BCStudentSoftwareDevTeam/lsf/commit/de67aa70a824a1d7da04f1fe77f8b2e038cfc992
lsf,8a22ad93bd6312c5caa047334123528ff80ac395,Hila Manalai,,Hila Manalai,2019-07-26T21:00:11Z,tried to get wls and posn-code,https://github.com/BCStudentSoftwareDevTeam/lsf/commit/8a22ad93bd6312c5caa047334123528ff80ac395
lsf,69c79712c8babf0d8ca5c952adfa765f196af934,Kat Adams & Bria Williams,,Kat Adams & Bria Williams,2019-07-26T20:54:50Z,saving  working state with notes...,https://github.com/BCStudentSoftwareDevTeam/lsf/commit/69c79712c8babf0d8ca5c952adfa765f196af934
lsf,747f7fac7cbf45c92a4943ca88dca45d0d5fb2d2,Kat Adams & Bria Williams,,Kat Adams & Bria Williams,2019-07-26T20:00:32Z,Cleaned up dummy data to actually make sense in our run through so scott will not scold us anymore. also set up a conditional for secondary affecting the hours dropdown (primary cannot be 0-5),https://github.com/BCStudentSoftwareDevTeam/lsf/commit/747f7fac7cbf45c92a4943ca88dca45d0d5fb2d2
lsf,74151fe8c4ef4facd9a220ce4d5bc0c2894eec29,May,,May,2019-07-26T15:38:36Z,created a file for creating the excel for the download,https://github.com/BCStudentSoftwareDevTeam/lsf/commit/74151fe8c4ef4facd9a220ce4d5bc0c2894eec29
lsf,a7abb43f8dbaff75cfcc9a3822fee18aca395e30,Hila Manalai,,Hila Manalai,2019-07-26T13:54:50Z,fixed syntax Errrors,https://github.com/BCStudentSoftwareDevTeam/lsf/commit/a7abb43f8dbaff75cfcc9a3822fee18aca395e30
lsf,3880273e485131c509bdd1e2f4bb307c92191bd0,santoshernandezr,User,santoshernandezr,2019-07-26T13:38:26Z,working on the Ajax call,https://github.com/BCStudentSoftwareDevTeam/lsf/commit/3880273e485131c509bdd1e2f4bb307c92191bd0
lsf,52be02bbe56efddfd82925a263a7cedcc96341cb,Hila Manalai,,Hila Manalai,2019-07-26T12:39:29Z,Merge branch 'development' of https://bitbucket.org/laborstudents/lsf-flask into 31,https://github.com/BCStudentSoftwareDevTeam/lsf/commit/52be02bbe56efddfd82925a263a7cedcc96341cb
lsf,a24d186991cb26f93e9bfa048d674678125e9be2,Hila Manalai,,Hila Manalai,2019-07-26T12:38:56Z,removed primary supervisor selectpicker and created two new modals,https://github.com/BCStudentSoftwareDevTeam/lsf/commit/a24d186991cb26f93e9bfa048d674678125e9be2
lsf,172899ca04395fa499f5320939b1a0aedd0ce22f,Hila Manalai,,Hila Manalai,2019-07-26T12:09:59Z,changed table issues.,https://github.com/BCStudentSoftwareDevTeam/lsf/commit/172899ca04395fa499f5320939b1a0aedd0ce22f
lsf,9afec6ac0205c9843e28d3104a8bb8bb8df4a171,GuillermoCruz32,User,GuillermoCruz32,2019-07-25T21:59:37Z,Almost finished with the student modals.,https://github.com/BCStudentSoftwareDevTeam/lsf/commit/9afec6ac0205c9843e28d3104a8bb8bb8df4a171
lsf,189229f53f8efdb733b48af759199c41cc900e8e,BriaW,,BriaW,2019-07-25T18:57:59Z,putting all fields directly into a ditionary instead of lists. need to do notes and date though.,https://github.com/BCStudentSoftwareDevTeam/lsf/commit/189229f53f8efdb733b48af759199c41cc900e8e
lsf,a34d395ea4870254a35935ea929fbf136743dda3,elajamali,User,elajamali,2019-07-25T17:06:23Z,Merge branch 'development' of https://bitbucket.org/laborstudents/lsf-flask into 31,https://github.com/BCStudentSoftwareDevTeam/lsf/commit/a34d395ea4870254a35935ea929fbf136743dda3
lsf,d916e2fee6eda3f39da55d8eb1960d5da31b9d40,elajamali,User,elajamali,2019-07-25T17:05:44Z,working on modals for secondary,https://github.com/BCStudentSoftwareDevTeam/lsf/commit/d916e2fee6eda3f39da55d8eb1960d5da31b9d40
lsf,13fb1141d3f0be2db7b800c2562a0f028f647a63,GuillermoCruz32,User,GuillermoCruz32,2019-07-25T15:57:58Z,Merge branch 'development' into 32history,https://github.com/BCStudentSoftwareDevTeam/lsf/commit/13fb1141d3f0be2db7b800c2562a0f028f647a63
lsf,b3af9ac46f1067c270a992686e9ced0a57d3f508,GuillermoCruz32,User,GuillermoCruz32,2019-07-25T15:45:24Z,Merge branch '32' into 32history,https://github.com/BCStudentSoftwareDevTeam/lsf/commit/b3af9ac46f1067c270a992686e9ced0a57d3f508
lsf,5a2781017711ba0cd1e779f4c9982c66c5b87590,GuillermoCruz32,User,GuillermoCruz32,2019-07-25T15:44:42Z,Merging with May.,https://github.com/BCStudentSoftwareDevTeam/lsf/commit/5a2781017711ba0cd1e779f4c9982c66c5b87590
lsf,330c64068bb042109e6b1908e1f86351236249af,May,,May,2019-07-25T15:40:34Z,Merge branch 'development' into 32,https://github.com/BCStudentSoftwareDevTeam/lsf/commit/330c64068bb042109e6b1908e1f86351236249af
lsf,691cd4a6d616e2f4af6a7e526cd471920485f2df,santoshernandezr,User,santoshernandezr,2019-07-25T15:40:09Z,Merge branch 'termManagement' of https://bitbucket.org/laborstudents/lsf-flask into termManagement,https://github.com/BCStudentSoftwareDevTeam/lsf/commit/691cd4a6d616e2f4af6a7e526cd471920485f2df
lsf,d23d2ae12b3ea5ee8dcf4143f8a1bf0fb4b83596,May,,May,2019-07-25T15:39:28Z,resolved error,https://github.com/BCStudentSoftwareDevTeam/lsf/commit/d23d2ae12b3ea5ee8dcf4143f8a1bf0fb4b83596
lsf,b91680efee3b699bc77cd742b35cd494d3f299e2,BriaW,,BriaW,2019-07-25T15:39:27Z,saving changes before pulling DEV,https://github.com/BCStudentSoftwareDevTeam/lsf/commit/b91680efee3b699bc77cd742b35cd494d3f299e2
lsf,1cdf2335fc03d518baef9d7109b20784966a3b68,santoshernandezr,User,santoshernandezr,2019-07-25T15:38:40Z,Merge branch 'development' into termManagement,https://github.com/BCStudentSoftwareDevTeam/lsf/commit/1cdf2335fc03d518baef9d7109b20784966a3b68
lsf,36ce7b4518e7dfb7817d7d9af6fdd54283eb2410,sheggen,User,sheggen,2019-07-25T15:36:32Z,Fixed primary key field on all models,https://github.com/BCStudentSoftwareDevTeam/lsf/commit/36ce7b4518e7dfb7817d7d9af6fdd54283eb2410
lsf,e6a7bbcc38e93148f0f4040b1c82c73cd03a06e3,May,,May,2019-07-25T15:30:50Z,Merge branch 'development' into 32,https://github.com/BCStudentSoftwareDevTeam/lsf/commit/e6a7bbcc38e93148f0f4040b1c82c73cd03a06e3
lsf,e378937f686f291119336c0be561c0ac3991230a,sheggen,User,sheggen,2019-07-25T15:25:00Z,removing migration folders,https://github.com/BCStudentSoftwareDevTeam/lsf/commit/e378937f686f291119336c0be561c0ac3991230a
lsf,22a3d9fb1e942f33474a7e1e9c555ba16e8ff143,sheggen,User,sheggen,2019-07-25T15:23:53Z,Merge conflict resolved in add_dummy_data.py,https://github.com/BCStudentSoftwareDevTeam/lsf/commit/22a3d9fb1e942f33474a7e1e9c555ba16e8ff143
lsf,71892f32f8bce66528576d6a47517f837ad21bf4,GuillermoCruz32,User,GuillermoCruz32,2019-07-25T15:22:28Z,Fixed merge conflicts,https://github.com/BCStudentSoftwareDevTeam/lsf/commit/71892f32f8bce66528576d6a47517f837ad21bf4
lsf,bb8112e6050bbb95e5a806fed7689dc83a5ca4b3,sheggen,User,sheggen,2019-07-25T15:21:53Z,"Fixed add_dummy_data.py; every field must be included, even if None",https://github.com/BCStudentSoftwareDevTeam/lsf/commit/bb8112e6050bbb95e5a806fed7689dc83a5ca4b3
lsf,888c63cc9591606dea92ea2057628bc936b21dcb,santoshernandezr,User,santoshernandezr,2019-07-25T15:21:30Z,fixed merging problems,https://github.com/BCStudentSoftwareDevTeam/lsf/commit/888c63cc9591606dea92ea2057628bc936b21dcb
lsf,5aef6165f9a032dc48a8de25ff11216940d9a0e6,GuillermoCruz32,User,GuillermoCruz32,2019-07-25T15:13:05Z,Storing changes before merging with development.,https://github.com/BCStudentSoftwareDevTeam/lsf/commit/5aef6165f9a032dc48a8de25ff11216940d9a0e6
lsf,a98eeb1c847a31f5879b6952827a682e00a723a9,May,,May,2019-07-25T15:10:31Z,fix merge conflict,https://github.com/BCStudentSoftwareDevTeam/lsf/commit/a98eeb1c847a31f5879b6952827a682e00a723a9
lsf,9a9e942559bc84c30558391f89216ab5a1892aac,May,,May,2019-07-25T15:00:09Z,"added sub-sidebar under the supervisor portal on past, current, and all labor students",https://github.com/BCStudentSoftwareDevTeam/lsf/commit/9a9e942559bc84c30558391f89216ab5a1892aac
lsf,a5954c894b99adc73e7040d56be7293e82440145,santoshernandezr,User,santoshernandezr,2019-07-25T15:00:07Z,Cleaned html,https://github.com/BCStudentSoftwareDevTeam/lsf/commit/a5954c894b99adc73e7040d56be7293e82440145
lsf,d06a202f528c20fd1ffa51c31e5d9a10f0401e70,elajamali,User,elajamali,2019-07-25T14:55:59Z,fixed merge conflicts,https://github.com/BCStudentSoftwareDevTeam/lsf/commit/d06a202f528c20fd1ffa51c31e5d9a10f0401e70
lsf,7447942aa15f3f4bc8e8451edf2836f06f4b7110,BriaW,,BriaW,2019-07-25T14:54:36Z,fixed merge conflicts,https://github.com/BCStudentSoftwareDevTeam/lsf/commit/7447942aa15f3f4bc8e8451edf2836f06f4b7110
lsf,ccbe967e660f7327e8dffe9a89e0b27cb75a9cf8,Kat Adams & Bria Williams,,Kat Adams & Bria Williams,2019-07-25T14:49:14Z,merge conflicts,https://github.com/BCStudentSoftwareDevTeam/lsf/commit/ccbe967e660f7327e8dffe9a89e0b27cb75a9cf8
lsf,ed34ba5baa55629bf2b02a26a89f591ed5edcc79,elajamali,User,elajamali,2019-07-25T14:46:28Z,stuff,https://github.com/BCStudentSoftwareDevTeam/lsf/commit/ed34ba5baa55629bf2b02a26a89f591ed5edcc79
lsf,d849957060ab70c5ba49dfa7893486daa319d7c0,Kat Adams & Bria Williams,,Kat Adams & Bria Williams,2019-07-25T14:44:12Z,uh,https://github.com/BCStudentSoftwareDevTeam/lsf/commit/d849957060ab70c5ba49dfa7893486daa319d7c0
lsf,053f138a2b1eded341fd9a4f0f6a6f0dde47562b,BriaW,,BriaW,2019-07-25T14:43:24Z,"Fixed terms, dates, and added staff to add_dummy",https://github.com/BCStudentSoftwareDevTeam/lsf/commit/053f138a2b1eded341fd9a4f0f6a6f0dde47562b
lsf,b16281401d9390a56a68e48e70011c7b218d6ad5,santoshernandezr,User,santoshernandezr,2019-07-25T14:31:59Z,We were able to get the data that we watned on our accordion,https://github.com/BCStudentSoftwareDevTeam/lsf/commit/b16281401d9390a56a68e48e70011c7b218d6ad5
lsf,45a493b8cabe93d48c1f94f8367b365203f99b69,Kat Adams & Bria Williams,,Kat Adams & Bria Williams,2019-07-25T13:55:22Z,updated status foreign keys in Labor Overload form,https://github.com/BCStudentSoftwareDevTeam/lsf/commit/45a493b8cabe93d48c1f94f8367b365203f99b69
lsf,81fcf4c2d7ee0a524a83d5de2e976371731785a2,Kat Adams & Bria Williams,,Kat Adams & Bria Williams,2019-07-25T13:43:31Z,"Primary supervisor is now just supervisor, and no secondary",https://github.com/BCStudentSoftwareDevTeam/lsf/commit/81fcf4c2d7ee0a524a83d5de2e976371731785a2
lsf,e0a0a89115eee5d1e4a8fc3b6fc89df3cbcddeb5,BriaW,,BriaW,2019-07-25T13:10:54Z,Adding Ela's corrections to the datetime field,https://github.com/BCStudentSoftwareDevTeam/lsf/commit/e0a0a89115eee5d1e4a8fc3b6fc89df3cbcddeb5
lsf,e584f942284f3bd2578cd2d916f3f386bfbd8113,BriaW,,BriaW,2019-07-25T13:02:33Z,fixing merge conflict,https://github.com/BCStudentSoftwareDevTeam/lsf/commit/e584f942284f3bd2578cd2d916f3f386bfbd8113
lsf,a3e35f1b6a6fd954f7be6b6535cbd53eb3608ac2,elajamali,User,elajamali,2019-07-24T21:55:28Z,lsf has been created,https://github.com/BCStudentSoftwareDevTeam/lsf/commit/a3e35f1b6a6fd954f7be6b6535cbd53eb3608ac2
lsf,02f7409c7b37cd8e57d9dc07ef4b03d9a779c4a7,GuillermoCruz32,User,GuillermoCruz32,2019-07-24T21:50:20Z,Working on HTML for modals.,https://github.com/BCStudentSoftwareDevTeam/lsf/commit/02f7409c7b37cd8e57d9dc07ef4b03d9a779c4a7
lsf,6d4819a93976555a9ca664a194bef652dcce1a5b,Kat Adams & Bria Williams,,Kat Adams & Bria Williams,2019-07-24T20:43:33Z,planning for tomorrow,https://github.com/BCStudentSoftwareDevTeam/lsf/commit/6d4819a93976555a9ca664a194bef652dcce1a5b
lsf,8dc16783a1422fcd0c9c8b546fa56b700df035c6,Kat Adams & Bria Williams,,Kat Adams & Bria Williams,2019-07-24T20:40:41Z,got all lists pulling yay,https://github.com/BCStudentSoftwareDevTeam/lsf/commit/8dc16783a1422fcd0c9c8b546fa56b700df035c6
lsf,84c120e4baae39e6a70c8c02dd0ae6a0fbaed95c,elajamali,User,elajamali,2019-07-24T19:33:34Z,Merge branch 'development' of https://bitbucket.org/laborstudents/lsf-flask into 31,https://github.com/BCStudentSoftwareDevTeam/lsf/commit/84c120e4baae39e6a70c8c02dd0ae6a0fbaed95c
lsf,4fd0b4d8ae81b697bdb74ad90146db83d0aca700,elajamali,User,elajamali,2019-07-24T19:32:55Z,very close to make post work,https://github.com/BCStudentSoftwareDevTeam/lsf/commit/4fd0b4d8ae81b697bdb74ad90146db83d0aca700
lsf,ae7f85caf2a29f8d628ecaecf6eeea260972691e,Kat Adams & Bria Williams,,Kat Adams & Bria Williams,2019-07-24T19:05:20Z,"3 lists, field, old, and new",https://github.com/BCStudentSoftwareDevTeam/lsf/commit/ae7f85caf2a29f8d628ecaecf6eeea260972691e
lsf,8b23d5f8420d34e260579f76d2f731f9b775b2ef,Alex Bryant,,Alex Bryant,2019-07-24T18:51:42Z,"Deleted the PIDM primary key in student.py,  added historyType field in formHistory.py, and created historyType python file.",https://github.com/BCStudentSoftwareDevTeam/lsf/commit/8b23d5f8420d34e260579f76d2f731f9b775b2ef
lsf,9b720e165185c067bdc7344320d1385dfa8adf9b,Kat Adams & Bria Williams,,Kat Adams & Bria Williams,2019-07-24T18:46:18Z,now pulling all values into separate lists,https://github.com/BCStudentSoftwareDevTeam/lsf/commit/9b720e165185c067bdc7344320d1385dfa8adf9b
lsf,bb3665db040b1b30bf76a796c620b79cbc388b51,GuillermoCruz32,User,GuillermoCruz32,2019-07-24T17:29:50Z,Stashing away some code for now.,https://github.com/BCStudentSoftwareDevTeam/lsf/commit/bb3665db040b1b30bf76a796c620b79cbc388b51
lsf,4f082d6f8e5dbd9311d1770ba5a76957a530f0ab,May,,May,2019-07-24T15:32:20Z,fixed date,https://github.com/BCStudentSoftwareDevTeam/lsf/commit/4f082d6f8e5dbd9311d1770ba5a76957a530f0ab
lsf,720c982dfcb0c53cd1dfa80c710f5d20eddb36d0,Kat Adams & Bria Williams,,Kat Adams & Bria Williams,2019-07-24T15:23:41Z,got hidden tags to show in console,https://github.com/BCStudentSoftwareDevTeam/lsf/commit/720c982dfcb0c53cd1dfa80c710f5d20eddb36d0
lsf,aba2cd4c87f41bdfae2f2a4c488ad4a15b3a3311,May,,May,2019-07-24T15:06:20Z,Merge branch 'development' of https://bitbucket.org/laborstudents/lsf-flask into 32,https://github.com/BCStudentSoftwareDevTeam/lsf/commit/aba2cd4c87f41bdfae2f2a4c488ad4a15b3a3311
lsf,f2ebd07b970d61cf07524113927618ddc2339f92,BriaW,,BriaW,2019-07-24T15:03:54Z,changed models to datefields from varchars,https://github.com/BCStudentSoftwareDevTeam/lsf/commit/f2ebd07b970d61cf07524113927618ddc2339f92
lsf,a76c5141d1aeb868300474fc1104e4d182762ddd,Luis Riera,,Luis Riera,2019-07-24T15:03:26Z,Merge branch 'termManagement' of https://bitbucket.org/laborstudents/lsf-flask into termManagement,https://github.com/BCStudentSoftwareDevTeam/lsf/commit/a76c5141d1aeb868300474fc1104e4d182762ddd
lsf,ce688965c3add50540f51d1fabf520c515165c02,santoshernandezr,User,santoshernandezr,2019-07-24T15:02:09Z,are having some progress with the datepicker,https://github.com/BCStudentSoftwareDevTeam/lsf/commit/ce688965c3add50540f51d1fabf520c515165c02
lsf,5ef00d8991e05a6bbe5cc99abdd34ab84b0683a2,Kat Adams & Bria Williams,,Kat Adams & Bria Williams,2019-07-24T14:28:03Z,prefill values showing up in dropdown,https://github.com/BCStudentSoftwareDevTeam/lsf/commit/5ef00d8991e05a6bbe5cc99abdd34ab84b0683a2
lsf,60080eb0f31b3f201b49b70457db5ba0262d7607,Kat Adams & Bria Williams,,Kat Adams & Bria Williams,2019-07-24T14:13:03Z,Merge branch '32' into modify32,https://github.com/BCStudentSoftwareDevTeam/lsf/commit/60080eb0f31b3f201b49b70457db5ba0262d7607
lsf,5f0bd52e101b884ffc1b5ae632e890a54dcff145,Kat Adams & Bria Williams,,Kat Adams & Bria Williams,2019-07-24T14:12:29Z,Merge branch 'development' into 32,https://github.com/BCStudentSoftwareDevTeam/lsf/commit/5f0bd52e101b884ffc1b5ae632e890a54dcff145
lsf,e152afe5a4e9022b983afa69acbbeaa6f4ad30d8,Kat Adams & Bria Williams,,Kat Adams & Bria Williams,2019-07-24T14:12:04Z,fixed str error,https://github.com/BCStudentSoftwareDevTeam/lsf/commit/e152afe5a4e9022b983afa69acbbeaa6f4ad30d8
lsf,d358820b00f5c21a50f5ec406ebb13898aa39c8c,Kat Adams & Bria Williams,,Kat Adams & Bria Williams,2019-07-24T14:10:37Z,Merge branch '32' into modify32,https://github.com/BCStudentSoftwareDevTeam/lsf/commit/d358820b00f5c21a50f5ec406ebb13898aa39c8c
lsf,2f813f1e993be348ee7dda8a5e91606ea4e48057,Kat Adams & Bria Williams,,Kat Adams & Bria Williams,2019-07-24T14:10:18Z,Merge branch 'development' into 32,https://github.com/BCStudentSoftwareDevTeam/lsf/commit/2f813f1e993be348ee7dda8a5e91606ea4e48057
lsf,74684febf4088dc2c3909faf7ac181e18b741484,Luis Riera,,Luis Riera,2019-07-24T14:08:12Z,Merge branch 'development' into termManagement,https://github.com/BCStudentSoftwareDevTeam/lsf/commit/74684febf4088dc2c3909faf7ac181e18b741484
lsf,b43ebc8086f939a49a86c78f41306999e87d8c40,Kat Adams & Bria Williams,,Kat Adams & Bria Williams,2019-07-24T14:07:34Z,switching to development for a minute,https://github.com/BCStudentSoftwareDevTeam/lsf/commit/b43ebc8086f939a49a86c78f41306999e87d8c40
lsf,f086160af8dde6abbf46d7448f72a6c7d9d8aa61,Luis Riera,,Luis Riera,2019-07-24T13:53:47Z,Changed the term.py file in the models folder to accomodate for the changes needed for the Manage Terms page to work. Term Start and Term End can now be null and are null by default. Term State is 'Inactive' by default.,https://github.com/BCStudentSoftwareDevTeam/lsf/commit/f086160af8dde6abbf46d7448f72a6c7d9d8aa61
lsf,2ff785375e6ba829f4e11e8295c8595720a8f132,Kat Adams & Bria Williams,,Kat Adams & Bria Williams,2019-07-24T13:50:35Z,merge conflicts with origin 32,https://github.com/BCStudentSoftwareDevTeam/lsf/commit/2ff785375e6ba829f4e11e8295c8595720a8f132
lsf,5724b1f62764f07d069162d9ffc0b4350c8d5f32,elajamali,User,elajamali,2019-07-24T13:49:05Z,fixing merge conflicts with development,https://github.com/BCStudentSoftwareDevTeam/lsf/commit/5724b1f62764f07d069162d9ffc0b4350c8d5f32
lsf,c3ba6de488a7f897261c309cb95703ac7029a433,elajamali,User,elajamali,2019-07-23T21:17:59Z,table data dic worksss,https://github.com/BCStudentSoftwareDevTeam/lsf/commit/c3ba6de488a7f897261c309cb95703ac7029a433
lsf,40cd691c22c2fb591d564f18128ba14ee0f1182b,May,,May,2019-07-23T21:17:30Z,Now the supervisor portal display the student and their newest position on the supervisor page,https://github.com/BCStudentSoftwareDevTeam/lsf/commit/40cd691c22c2fb591d564f18128ba14ee0f1182b
lsf,282c1e20b329455188495cd74504169cee42e8dd,santoshernandezr,User,santoshernandezr,2019-07-23T21:14:47Z,Merge branch 'termManagement' of https://bitbucket.org/laborstudents/lsf-flask into termManagement,https://github.com/BCStudentSoftwareDevTeam/lsf/commit/282c1e20b329455188495cd74504169cee42e8dd
lsf,a49e6d44338ce96f668c04abcead09a3c0e58bdf,Luis Riera,,Luis Riera,2019-07-23T21:13:51Z,Added if statements to the end and start date columns to handle different events accordingly.,https://github.com/BCStudentSoftwareDevTeam/lsf/commit/a49e6d44338ce96f668c04abcead09a3c0e58bdf
lsf,6dd6566b829202acb3530e8f5df1ebf54908c53d,santoshernandezr,User,santoshernandezr,2019-07-23T21:07:02Z,Merge branch 'termManagement' of https://bitbucket.org/laborstudents/lsf-flask into termManagement,https://github.com/BCStudentSoftwareDevTeam/lsf/commit/6dd6566b829202acb3530e8f5df1ebf54908c53d
lsf,05bde7a907a19fd5c7681fc400c3bc8d953f7027,Luis Riera,,Luis Riera,2019-07-23T21:05:16Z,"Got the page to create every term 2 years into the past, current year, and 2 years into the future. It also prints a message to know which terms had an error and were not created. It also sets all newly created terms' state to 'Inactive' and the start and end dates as None by default.",https://github.com/BCStudentSoftwareDevTeam/lsf/commit/05bde7a907a19fd5c7681fc400c3bc8d953f7027
lsf,880de33ee83ef7145c606076b252f25a9732c4c7,Kat Adams & Bria Williams,,Kat Adams & Bria Williams,2019-07-23T20:55:46Z,saving progress for the day,https://github.com/BCStudentSoftwareDevTeam/lsf/commit/880de33ee83ef7145c606076b252f25a9732c4c7
lsf,4b240ebab8336bada93ce294a607dd361fcdb06c,Kat Adams & Bria Williams,,Kat Adams & Bria Williams,2019-07-23T19:48:14Z,Merge branch 'modify32' of https://bitbucket.org/laborstudents/lsf-flask into modify32,https://github.com/BCStudentSoftwareDevTeam/lsf/commit/4b240ebab8336bada93ce294a607dd361fcdb06c
lsf,65d0c7bcfb4cfe6636020cc0d79dba4d3cca062c,Kat Adams & Bria Williams,,Kat Adams & Bria Williams,2019-07-23T19:48:01Z,saving progress,https://github.com/BCStudentSoftwareDevTeam/lsf/commit/65d0c7bcfb4cfe6636020cc0d79dba4d3cca062c
lsf,570de96e61bdb8fb7a6b1a80128fa13633aa312e,BriaW,,BriaW,2019-07-23T19:46:05Z,added hidden tags..hopefully,https://github.com/BCStudentSoftwareDevTeam/lsf/commit/570de96e61bdb8fb7a6b1a80128fa13633aa312e
lsf,af91fa74dd0a3f2230aac0ca6f46bea4f6b9c0b5,BriaW,,BriaW,2019-07-23T19:22:31Z,Merge branch 'modify32' of https://bitbucket.org/laborstudents/lsf-flask into modify32,https://github.com/BCStudentSoftwareDevTeam/lsf/commit/af91fa74dd0a3f2230aac0ca6f46bea4f6b9c0b5
lsf,27f96e8b365b2130d2d81eec00f76fea23979a5d,BriaW,,BriaW,2019-07-23T19:17:17Z,fixing merge conflict,https://github.com/BCStudentSoftwareDevTeam/lsf/commit/27f96e8b365b2130d2d81eec00f76fea23979a5d
lsf,f676e0f580d6e0fadfeadfb9e60fc79ecd3f695c,santoshernandezr,User,santoshernandezr,2019-07-23T18:19:00Z,Merge branch 'termManagement' of https://bitbucket.org/laborstudents/lsf-flask into termManagement,https://github.com/BCStudentSoftwareDevTeam/lsf/commit/f676e0f580d6e0fadfeadfb9e60fc79ecd3f695c
lsf,91154891cd9284adf07f13fb06cf736f82cc85f7,Luis Riera,,Luis Riera,2019-07-23T18:17:40Z,Figured out how to sort the terms in chronological order.,https://github.com/BCStudentSoftwareDevTeam/lsf/commit/91154891cd9284adf07f13fb06cf736f82cc85f7
lsf,67431d13c2cc2c392a679370880ffa16a70f3f2d,GuillermoCruz32,User,GuillermoCruz32,2019-07-23T17:58:02Z,Fixed merge conflicts.,https://github.com/BCStudentSoftwareDevTeam/lsf/commit/67431d13c2cc2c392a679370880ffa16a70f3f2d
lsf,b3cb630b620ddbfef0097be91d26d1eb8a557487,GuillermoCruz32,User,GuillermoCruz32,2019-07-23T17:51:02Z,Merging with development.,https://github.com/BCStudentSoftwareDevTeam/lsf/commit/b3cb630b620ddbfef0097be91d26d1eb8a557487
lsf,9fb024d3c4a395b5dc5ca078dc7e6504cf336b71,Kat Adams & Bria Williams,,Kat Adams & Bria Williams,2019-07-23T17:24:06Z,"detecting all changes but not doing anything with it, added data live search",https://github.com/BCStudentSoftwareDevTeam/lsf/commit/9fb024d3c4a395b5dc5ca078dc7e6504cf336b71
lsf,fde0c791d5595657bb2e18fab761e0cd749449a6,Kat Adams & Bria Williams,,Kat Adams & Bria Williams,2019-07-23T15:23:55Z,Merge branch '32' into modify32,https://github.com/BCStudentSoftwareDevTeam/lsf/commit/fde0c791d5595657bb2e18fab761e0cd749449a6
lsf,a0bc8e5bc5024de76784bd627bae233b32d9bcaa,Kat Adams & Bria Williams,,Kat Adams & Bria Williams,2019-07-23T15:23:18Z,fixed column,https://github.com/BCStudentSoftwareDevTeam/lsf/commit/a0bc8e5bc5024de76784bd627bae233b32d9bcaa
lsf,642f44882da16eb8a05b99825d1e706caf3ad3bd,May,,May,2019-07-23T14:56:39Z,merge conflict,https://github.com/BCStudentSoftwareDevTeam/lsf/commit/642f44882da16eb8a05b99825d1e706caf3ad3bd
lsf,3c816b4fe5e8af11ee13469e38b93712a1936e44,May,,May,2019-07-23T14:41:12Z,Now supervisor portal print one person with position name but it's still not the most current position,https://github.com/BCStudentSoftwareDevTeam/lsf/commit/3c816b4fe5e8af11ee13469e38b93712a1936e44
lsf,b5df68fe83d43eba10deefdd0b08bff1c4567745,sheggen,User,sheggen,2019-07-23T14:38:40Z,Added formHistory for every from,https://github.com/BCStudentSoftwareDevTeam/lsf/commit/b5df68fe83d43eba10deefdd0b08bff1c4567745
lsf,4a7aab583e1c63c628fa6f3fb8045100ced99e47,sheggen,User,sheggen,2019-07-23T14:37:16Z,fixed formHistory Model and added dummy data for it,https://github.com/BCStudentSoftwareDevTeam/lsf/commit/4a7aab583e1c63c628fa6f3fb8045100ced99e47
lsf,581734df4dfdc7ac447163d388f52c44aa8ccb3e,santoshernandezr,User,santoshernandezr,2019-07-23T14:19:55Z,fixed some styling issues,https://github.com/BCStudentSoftwareDevTeam/lsf/commit/581734df4dfdc7ac447163d388f52c44aa8ccb3e
lsf,50fd5704ca780f6a27e44d129f50d513fa03ffdc,Hila Manalai,,Hila Manalai,2019-07-23T14:06:32Z,fixing merge conflicts,https://github.com/BCStudentSoftwareDevTeam/lsf/commit/50fd5704ca780f6a27e44d129f50d513fa03ffdc
lsf,28a91b27f5d0a835f04c197531124de7f72994dd,Kat Adams & Bria Williams,,Kat Adams & Bria Williams,2019-07-23T14:05:33Z,Merge branch '32' of https://bitbucket.org/laborstudents/lsf-flask into modify32,https://github.com/BCStudentSoftwareDevTeam/lsf/commit/28a91b27f5d0a835f04c197531124de7f72994dd
lsf,8f821d7c8aeafe3077c8ba3abd295f9ea19e36b5,elajamali,User,elajamali,2019-07-23T14:04:35Z,Merge branch '31' of https://bitbucket.org/laborstudents/lsf-flask into 31,https://github.com/BCStudentSoftwareDevTeam/lsf/commit/8f821d7c8aeafe3077c8ba3abd295f9ea19e36b5
lsf,3deba046f43b3d010906dc14fff5115c10744180,GuillermoCruz32,User,GuillermoCruz32,2019-07-23T14:04:18Z,Fixing merge conflicts.,https://github.com/BCStudentSoftwareDevTeam/lsf/commit/3deba046f43b3d010906dc14fff5115c10744180
lsf,0d160a9391da3c6ab165985179983251ce2acc15,elajamali,User,elajamali,2019-07-23T14:04:04Z,working on ajax post,https://github.com/BCStudentSoftwareDevTeam/lsf/commit/0d160a9391da3c6ab165985179983251ce2acc15
lsf,d78f07d3939af75a360d251c14e577ce36da2fe4,GuillermoCruz32,User,GuillermoCruz32,2019-07-23T13:59:46Z,Merging with Mays branch,https://github.com/BCStudentSoftwareDevTeam/lsf/commit/d78f07d3939af75a360d251c14e577ce36da2fe4
lsf,6e03b0df35412b023a7a2c5f4a6ba03055694274,elajamali,User,elajamali,2019-07-23T13:58:24Z,fixing merge conflicts,https://github.com/BCStudentSoftwareDevTeam/lsf/commit/6e03b0df35412b023a7a2c5f4a6ba03055694274
lsf,c84f62f9b5a0f570896d09aa2956aaf78aecc60b,santoshernandezr,User,santoshernandezr,2019-07-23T13:56:37Z,Merge branch 'development' of https://bitbucket.org/laborstudents/lsf-flask into adminManagement,https://github.com/BCStudentSoftwareDevTeam/lsf/commit/c84f62f9b5a0f570896d09aa2956aaf78aecc60b
lsf,fddbd7530c8a8aec0f47e103e440392c7bda6635,Hila Manalai,,Hila Manalai,2019-07-23T13:54:51Z,fixed merge conflicts,https://github.com/BCStudentSoftwareDevTeam/lsf/commit/fddbd7530c8a8aec0f47e103e440392c7bda6635
lsf,231a4d4f0ab0615c570a17a1cd16aab1f7c57c75,May,,May,2019-07-23T13:52:54Z,commit changes on homepage before merging,https://github.com/BCStudentSoftwareDevTeam/lsf/commit/231a4d4f0ab0615c570a17a1cd16aab1f7c57c75
lsf,9fa32710e2f1b02d6a5bfa881454d9734b9b131f,Hila Manalai,,Hila Manalai,2019-07-23T13:52:09Z,fixing merge conflicts,https://github.com/BCStudentSoftwareDevTeam/lsf/commit/9fa32710e2f1b02d6a5bfa881454d9734b9b131f
lsf,f9d8838171139f2b30b0df5639c7a111cc3c5ffe,Hila Manalai,,Hila Manalai,2019-07-23T12:59:33Z,fixed issues with duplicate and labels,https://github.com/BCStudentSoftwareDevTeam/lsf/commit/f9d8838171139f2b30b0df5639c7a111cc3c5ffe
lsf,a8a07acbe082f4a97794fbf30f50b0e0044fe630,Hila Manalai,,Hila Manalai,2019-07-22T21:45:26Z,worked on table titles,https://github.com/BCStudentSoftwareDevTeam/lsf/commit/a8a07acbe082f4a97794fbf30f50b0e0044fe630
lsf,923f6292f2306e4d2ccbe0c67cc718050682371f,elajamali,User,elajamali,2019-07-22T21:05:52Z,uh not working,https://github.com/BCStudentSoftwareDevTeam/lsf/commit/923f6292f2306e4d2ccbe0c67cc718050682371f
lsf,a5481b17c287cacd8f5b062c5b35684d52b4cc75,Kat Adams & Bria Williams,,Kat Adams & Bria Williams,2019-07-22T20:56:55Z,comment,https://github.com/BCStudentSoftwareDevTeam/lsf/commit/a5481b17c287cacd8f5b062c5b35684d52b4cc75
lsf,4780634c0a6f6e55f6e85be0a4aae40c20184395,Kat Adams & Bria Williams,,Kat Adams & Bria Williams,2019-07-22T20:50:07Z,setting up saving,https://github.com/BCStudentSoftwareDevTeam/lsf/commit/4780634c0a6f6e55f6e85be0a4aae40c20184395
lsf,ff833617a34d27a4cac795ec94d4fcd391c60d99,Kat Adams & Bria Williams,,Kat Adams & Bria Williams,2019-07-22T20:23:57Z,calendar now comes up,https://github.com/BCStudentSoftwareDevTeam/lsf/commit/ff833617a34d27a4cac795ec94d4fcd391c60d99
lsf,43102b041ec2be91915832dfb561d93625534402,Kat Adams & Bria Williams,,Kat Adams & Bria Williams,2019-07-22T19:40:38Z,centering modal,https://github.com/BCStudentSoftwareDevTeam/lsf/commit/43102b041ec2be91915832dfb561d93625534402
lsf,f702b8c9482a6d855d6dd7184fafe28760201f82,Kat Adams & Bria Williams,,Kat Adams & Bria Williams,2019-07-22T19:12:22Z,Merge branch '32' of https://bitbucket.org/laborstudents/lsf-flask into modify32,https://github.com/BCStudentSoftwareDevTeam/lsf/commit/f702b8c9482a6d855d6dd7184fafe28760201f82
lsf,cbb1b90bdba53f8776fdbf067b5f07ba87521237,BriaW,,BriaW,2019-07-22T19:10:31Z,Merge branch '32' of https://bitbucket.org/laborstudents/lsf-flask into modify32,https://github.com/BCStudentSoftwareDevTeam/lsf/commit/cbb1b90bdba53f8776fdbf067b5f07ba87521237
lsf,1c2a6e9336c802f65dd732851671ec1b301e2fff,BriaW,,BriaW,2019-07-22T18:58:13Z,Merge branch 'modify32' of https://bitbucket.org/laborstudents/lsf-flask into modify32,https://github.com/BCStudentSoftwareDevTeam/lsf/commit/1c2a6e9336c802f65dd732851671ec1b301e2fff
lsf,0159bcbd3b183c98ee558b9182d5161a7fefff36,BriaW,,BriaW,2019-07-22T18:57:51Z,getting banch up to date,https://github.com/BCStudentSoftwareDevTeam/lsf/commit/0159bcbd3b183c98ee558b9182d5161a7fefff36
lsf,4672c2a7424c18bb552e14de009af6b9b8e8851c,May,,May,2019-07-22T18:45:37Z,Merge branch '32' of https://bitbucket.org/laborstudents/lsf-flask into 32,https://github.com/BCStudentSoftwareDevTeam/lsf/commit/4672c2a7424c18bb552e14de009af6b9b8e8851c
lsf,148f3c64b772367b537ca7d43023d26f4a684da5,May,,May,2019-07-22T18:43:47Z,fixed merge conflict,https://github.com/BCStudentSoftwareDevTeam/lsf/commit/148f3c64b772367b537ca7d43023d26f4a684da5
lsf,adce78799c99c1047e8f2a94fc4f978ed0f8a71d,Kat Adams & Bria Williams,,Kat Adams & Bria Williams,2019-07-22T18:41:31Z,pushing local,https://github.com/BCStudentSoftwareDevTeam/lsf/commit/adce78799c99c1047e8f2a94fc4f978ed0f8a71d
lsf,8489efba5bc9a5b549682bd81378a624a40b4668,santoshernandezr,User,santoshernandezr,2019-07-22T18:22:41Z,Merge branch 'adminManagement' into termManagement,https://github.com/BCStudentSoftwareDevTeam/lsf/commit/8489efba5bc9a5b549682bd81378a624a40b4668
lsf,7de20efff57cb52e0990c13f460b77e36f43309b,santoshernandezr,User,santoshernandezr,2019-07-22T17:49:11Z,Worked on the styling of the modal buttons and boxes,https://github.com/BCStudentSoftwareDevTeam/lsf/commit/7de20efff57cb52e0990c13f460b77e36f43309b
lsf,814644bc4b2ea022eccf3458bce6dba9973f19fe,Luis Riera,,Luis Riera,2019-07-22T17:43:45Z,Merge branch 'development' into adminManagement,https://github.com/BCStudentSoftwareDevTeam/lsf/commit/814644bc4b2ea022eccf3458bce6dba9973f19fe
lsf,7f9e5413cba32e0bc44aab2cdf5631bedd17b813,elajamali,User,elajamali,2019-07-22T17:43:38Z,updated for now,https://github.com/BCStudentSoftwareDevTeam/lsf/commit/7f9e5413cba32e0bc44aab2cdf5631bedd17b813
lsf,0031e4cdd221ad93622019fd4cc5fb29e587e6c4,sheggen,User,sheggen,2019-07-22T17:25:21Z,Very minor code cleanup,https://github.com/BCStudentSoftwareDevTeam/lsf/commit/0031e4cdd221ad93622019fd4cc5fb29e587e6c4
lsf,459e2e5af944e0470e8e2f68d77dc2ad10289d08,sheggen,User,sheggen,2019-07-22T17:24:28Z,Fixing ui layout issues with footer,https://github.com/BCStudentSoftwareDevTeam/lsf/commit/459e2e5af944e0470e8e2f68d77dc2ad10289d08
lsf,98a3d9449dad7266d074fd93975eba351ccd1249,Kat Adams & Bria Williams,,Kat Adams & Bria Williams,2019-07-22T17:04:15Z,noting which fields cannot be changed,https://github.com/BCStudentSoftwareDevTeam/lsf/commit/98a3d9449dad7266d074fd93975eba351ccd1249
lsf,a06d14fb4c2d9ffff0ebd28f59aeb9d8de7c1f4c,sheggen,User,sheggen,2019-07-22T17:03:37Z,Fixing more UI alignment problems that I thought were already fixed,https://github.com/BCStudentSoftwareDevTeam/lsf/commit/a06d14fb4c2d9ffff0ebd28f59aeb9d8de7c1f4c
lsf,4e2a773ce6c5fa340fc245d3933cc076a528c350,sheggen,User,sheggen,2019-07-22T16:56:31Z,Fixing main container width,https://github.com/BCStudentSoftwareDevTeam/lsf/commit/4e2a773ce6c5fa340fc245d3933cc076a528c350
lsf,e1f72846767488c3385e16819dbf4fb9fbacf1de,sheggen,User,sheggen,2019-07-22T16:54:26Z,Fixed missed merge conflict,https://github.com/BCStudentSoftwareDevTeam/lsf/commit/e1f72846767488c3385e16819dbf4fb9fbacf1de
lsf,6f1c9a5f9b7bf3c3fc857a89a5ca991e868f0fa7,Kat Adams & Bria Williams,,Kat Adams & Bria Williams,2019-07-22T16:36:52Z,more setup,https://github.com/BCStudentSoftwareDevTeam/lsf/commit/6f1c9a5f9b7bf3c3fc857a89a5ca991e868f0fa7
lsf,1546fbd320d882f4267ee79be129bab23929396a,Kat Adams & Bria Williams,,Kat Adams & Bria Williams,2019-07-22T16:16:48Z,setting up first function,https://github.com/BCStudentSoftwareDevTeam/lsf/commit/1546fbd320d882f4267ee79be129bab23929396a
lsf,f17f40d4c93b84a7ec3137bdf8dcfd043c44ab10,Kat Adams & Bria Williams,,Kat Adams & Bria Williams,2019-07-22T15:52:20Z,Merge branch 'modify32' of https://bitbucket.org/laborstudents/lsf-flask into modify32,https://github.com/BCStudentSoftwareDevTeam/lsf/commit/f17f40d4c93b84a7ec3137bdf8dcfd043c44ab10
lsf,1cb885891757b57f85f1d07f77e82d4bff98ff93,Kat Adams & Bria Williams,,Kat Adams & Bria Williams,2019-07-22T15:51:51Z,seeing if we messed up already lol,https://github.com/BCStudentSoftwareDevTeam/lsf/commit/1cb885891757b57f85f1d07f77e82d4bff98ff93
lsf,5d179d9417cd776f765669ef2a2243f34ad86f5b,Kat Adams & Bria Williams,,Kat Adams & Bria Williams,2019-07-22T15:40:01Z,merge conflicts,https://github.com/BCStudentSoftwareDevTeam/lsf/commit/5d179d9417cd776f765669ef2a2243f34ad86f5b
lsf,767ac57848cf75ef0bd59ef9097d456618a60dba,bryantal,User,sheggen,2019-07-22T15:37:59Z,"Merged in 40 (pull request #3)

Fixed Issue 40: Completed the Manage Departments Page for Admins",https://github.com/BCStudentSoftwareDevTeam/lsf/commit/767ac57848cf75ef0bd59ef9097d456618a60dba
lsf,7935c8eac3e57dc0b7e00ebf52c52e7ef7260844,Kat Adams & Bria Williams,,Kat Adams & Bria Williams,2019-07-22T15:37:56Z,button to the left,https://github.com/BCStudentSoftwareDevTeam/lsf/commit/7935c8eac3e57dc0b7e00ebf52c52e7ef7260844
lsf,70398d8b1a8a29c5e762b60ea846aa1322d3b7d0,sheggen,User,sheggen,2019-07-22T15:37:20Z,"fixing UI issues with manageDepartments, and other minor improvements",https://github.com/BCStudentSoftwareDevTeam/lsf/commit/70398d8b1a8a29c5e762b60ea846aa1322d3b7d0
lsf,7ea12af83c418a1aa4bb23501e7c023d47980331,Kat Adams & Bria Williams,,Kat Adams & Bria Williams,2019-07-22T15:30:47Z,spacing merge conflict,https://github.com/BCStudentSoftwareDevTeam/lsf/commit/7ea12af83c418a1aa4bb23501e7c023d47980331
lsf,ebc5e825a487c330f922bc84cd21a69ef91bfb74,BriaW,,BriaW,2019-07-22T15:29:57Z,Merge branch '32' of https://bitbucket.org/laborstudents/lsf-flask into 32,https://github.com/BCStudentSoftwareDevTeam/lsf/commit/ebc5e825a487c330f922bc84cd21a69ef91bfb74
lsf,83c26436b46d90e6326eab84b679e4d57c344295,Kat Adams & Bria Williams,,Kat Adams & Bria Williams,2019-07-22T15:29:22Z,trying to pull development pls,https://github.com/BCStudentSoftwareDevTeam/lsf/commit/83c26436b46d90e6326eab84b679e4d57c344295
lsf,ebefa0f299f710b1ebf2a713d5d4d4b6c3764365,May,,May,2019-07-22T15:28:43Z,fixed all load_user problem,https://github.com/BCStudentSoftwareDevTeam/lsf/commit/ebefa0f299f710b1ebf2a713d5d4d4b6c3764365
lsf,0041683d7d5251286879bf860f92d8322adef69e,BriaW,,BriaW,2019-07-22T14:59:57Z,Merge branch 'development' of https://bitbucket.org/laborstudents/lsf-flask into 32,https://github.com/BCStudentSoftwareDevTeam/lsf/commit/0041683d7d5251286879bf860f92d8322adef69e
lsf,6b472fc0af715e9a7ed833e453a46bfb8f34e859,sheggen,User,sheggen,2019-07-22T14:57:19Z,Merge branch 'development' into 40,https://github.com/BCStudentSoftwareDevTeam/lsf/commit/6b472fc0af715e9a7ed833e453a46bfb8f34e859
lsf,345eead319dd4190f449239615ff5b0eb917798d,May,,May,2019-07-22T14:47:03Z,Merge branch 'development' of https://bitbucket.org/laborstudents/lsf-flask into 32,https://github.com/BCStudentSoftwareDevTeam/lsf/commit/345eead319dd4190f449239615ff5b0eb917798d
lsf,792c9d0d9a309c1d7c74badc3e270d3bad12f905,May,,May,2019-07-22T14:45:56Z,made some changes and trying to get correct supervisee position but failed,https://github.com/BCStudentSoftwareDevTeam/lsf/commit/792c9d0d9a309c1d7c74badc3e270d3bad12f905
lsf,33ce79629d4e20a3c701b3c6ca32190ce0d7c939,GuillermoCruz32,User,GuillermoCruz32,2019-07-22T14:27:49Z,Beginning the process of fixing the controllers.,https://github.com/BCStudentSoftwareDevTeam/lsf/commit/33ce79629d4e20a3c701b3c6ca32190ce0d7c939
lsf,6ddc6668748581b2ae258093cbe93e3800ff5e1f,Luis Riera,,Luis Riera,2019-07-22T13:53:52Z,Merge branch 'development' into adminManagement,https://github.com/BCStudentSoftwareDevTeam/lsf/commit/6ddc6668748581b2ae258093cbe93e3800ff5e1f
lsf,934502eda899eeba65a79bf599285df246495564,santoshernandezr,User,santoshernandezr,2019-07-22T13:09:56Z,all 6 of our add/remove  buttons are working,https://github.com/BCStudentSoftwareDevTeam/lsf/commit/934502eda899eeba65a79bf599285df246495564
lsf,5324c2402762792c848529b3b2723977b4913fad,elajamali,User,elajamali,2019-07-22T12:50:55Z,Merge branch '31' of https://bitbucket.org/laborstudents/lsf-flask into 31,https://github.com/BCStudentSoftwareDevTeam/lsf/commit/5324c2402762792c848529b3b2723977b4913fad
lsf,48cda146dc9386cbde9d6cdfe992f9b525f9c7b2,elajamali,User,elajamali,2019-07-22T12:50:19Z,Merge branch 'development' of https://bitbucket.org/laborstudents/lsf-flask into 31,https://github.com/BCStudentSoftwareDevTeam/lsf/commit/48cda146dc9386cbde9d6cdfe992f9b525f9c7b2
lsf,45309129495a8808fb10c9f1a583e613f3fde3ec,Hila Manalai,,Hila Manalai,2019-07-19T21:29:40Z,fixed some glitches,https://github.com/BCStudentSoftwareDevTeam/lsf/commit/45309129495a8808fb10c9f1a583e613f3fde3ec
lsf,4245f9aae941bbfbbc3696fe20ca4f6542cdaffe,GuillermoCruz32,User,GuillermoCruz32,2019-07-19T20:58:04Z,"Began to rework the controller, and reworked the HTML so that it loads data from the labor status form table.",https://github.com/BCStudentSoftwareDevTeam/lsf/commit/4245f9aae941bbfbbc3696fe20ca4f6542cdaffe
lsf,887d519d8cff41e544a22ca44b50cd45ac23be10,sheggen,User,sheggen,2019-07-19T20:37:28Z,Fixed issue with URLs with multiple '/'s,https://github.com/BCStudentSoftwareDevTeam/lsf/commit/887d519d8cff41e544a22ca44b50cd45ac23be10
lsf,3a12a15fbe7a023f7e36b0dd3ee8bf91df8101d9,Hila Manalai,,Hila Manalai,2019-07-19T19:18:33Z, fixing merge conflicts,https://github.com/BCStudentSoftwareDevTeam/lsf/commit/3a12a15fbe7a023f7e36b0dd3ee8bf91df8101d9
lsf,a905650ed1b091b0ac36920f60c6c9b7f8f703a7,Hila Manalai,,Hila Manalai,2019-07-19T19:14:36Z,added modals,https://github.com/BCStudentSoftwareDevTeam/lsf/commit/a905650ed1b091b0ac36920f60c6c9b7f8f703a7
lsf,b1f649a6c81cd8b7ee3199102d777fe8abda64db,elajamali,User,elajamali,2019-07-19T19:13:43Z,table submission is working for all the terms,https://github.com/BCStudentSoftwareDevTeam/lsf/commit/b1f649a6c81cd8b7ee3199102d777fe8abda64db
lsf,543c6bb34072093cf6eef463f3fd4be91a8aabcf,BriaW,,BriaW,2019-07-19T19:02:34Z,Changed button back to the left side,https://github.com/BCStudentSoftwareDevTeam/lsf/commit/543c6bb34072093cf6eef463f3fd4be91a8aabcf
lsf,8af80077d44250f9d8d3c526465313b08430b8db,elajamali,User,elajamali,2019-07-19T18:03:58Z,you can't have duplicates,https://github.com/BCStudentSoftwareDevTeam/lsf/commit/8af80077d44250f9d8d3c526465313b08430b8db
lsf,9b22f08d831266f55d5ad71186f47f37aa5f2de9,BriaW,,BriaW,2019-07-19T17:20:10Z,Fixing merge conflict,https://github.com/BCStudentSoftwareDevTeam/lsf/commit/9b22f08d831266f55d5ad71186f47f37aa5f2de9
lsf,3b9d5c0899129e951f041acf91098991e58ca797,elajamali,User,elajamali,2019-07-19T15:08:46Z,fixing merge conflicts,https://github.com/BCStudentSoftwareDevTeam/lsf/commit/3b9d5c0899129e951f041acf91098991e58ca797
lsf,bdfac3192d3708f559c3ecb3b6edbd42ab202a24,elajamali,User,elajamali,2019-07-19T15:06:54Z,changes for the table are added,https://github.com/BCStudentSoftwareDevTeam/lsf/commit/bdfac3192d3708f559c3ecb3b6edbd42ab202a24
lsf,447e2b9465c9c7403b2b11d7de1953d6de76b498,Hila Manalai,,Hila Manalai,2019-07-19T15:05:48Z,Merge branch '31' of https://bitbucket.org/laborstudents/lsf-flask into 31,https://github.com/BCStudentSoftwareDevTeam/lsf/commit/447e2b9465c9c7403b2b11d7de1953d6de76b498
lsf,48a955b62abf6ef40ecad916ab0053be18850721,Hila Manalai,,Hila Manalai,2019-07-19T15:04:45Z,repositioned the selectpickers,https://github.com/BCStudentSoftwareDevTeam/lsf/commit/48a955b62abf6ef40ecad916ab0053be18850721
lsf,700dc0857a7cfe8c373fc63887763a46a1693e5d,santoshernandezr,User,santoshernandezr,2019-07-19T14:51:55Z,Merge branch 'development' into adminManagement,https://github.com/BCStudentSoftwareDevTeam/lsf/commit/700dc0857a7cfe8c373fc63887763a46a1693e5d
lsf,20e4f6f3e83a2d15d0614b66d1c22958bf6bcce8,santoshernandezr,User,santoshernandezr,2019-07-19T14:47:49Z,working on modals,https://github.com/BCStudentSoftwareDevTeam/lsf/commit/20e4f6f3e83a2d15d0614b66d1c22958bf6bcce8
lsf,35c824625b7a6e2db283b51caf5f2eb05bf853cd,elajamali,User,elajamali,2019-07-19T14:39:51Z,js updated,https://github.com/BCStudentSoftwareDevTeam/lsf/commit/35c824625b7a6e2db283b51caf5f2eb05bf853cd
lsf,48b15c24569131d846a508898da4b2ea015dd1a1,santoshernandezr,User,santoshernandezr,2019-07-19T14:34:22Z,pulling from development,https://github.com/BCStudentSoftwareDevTeam/lsf/commit/48b15c24569131d846a508898da4b2ea015dd1a1
lsf,826a4668b2408e7ce9b636b99520141728355f63,elajamali,User,elajamali,2019-07-19T13:30:03Z,upddated,https://github.com/BCStudentSoftwareDevTeam/lsf/commit/826a4668b2408e7ce9b636b99520141728355f63
lsf,1245f016ba4ee2e2acf1dde0063dcaf3ef9a286e,santoshernandezr,User,santoshernandezr,2019-07-19T13:19:00Z,worked on add and remove button,https://github.com/BCStudentSoftwareDevTeam/lsf/commit/1245f016ba4ee2e2acf1dde0063dcaf3ef9a286e
lsf,5d8db5c0a55b846c73a5cc1a12ea765a3508204b,sheggen,User,sheggen,2019-07-19T13:02:25Z,Giving you a new state to work from,https://github.com/BCStudentSoftwareDevTeam/lsf/commit/5d8db5c0a55b846c73a5cc1a12ea765a3508204b
lsf,bdaf7d255354c0c6fd5591cbf43ede1af4407621,elajamali,User,elajamali,2019-07-19T12:48:20Z,Merge branch 'development' of https://bitbucket.org/laborstudents/lsf-flask into 31,https://github.com/BCStudentSoftwareDevTeam/lsf/commit/bdaf7d255354c0c6fd5591cbf43ede1af4407621
lsf,52171da2a538224ec786d080424e11250e34de9f,GuillermoCruz32,User,GuillermoCruz32,2019-07-19T12:11:13Z,"Fixed the input fields to be required, and fixed the buttons to redirect to the correct pages on click.",https://github.com/BCStudentSoftwareDevTeam/lsf/commit/52171da2a538224ec786d080424e11250e34de9f
lsf,aef2711385cdbf3609b4dcb060b5d0b58dbe3083,May,,May,2019-07-18T21:41:02Z,Merge branch 'development' of https://bitbucket.org/laborstudents/lsf-flask into 32,https://github.com/BCStudentSoftwareDevTeam/lsf/commit/aef2711385cdbf3609b4dcb060b5d0b58dbe3083
lsf,d9862d8b34e37959433a94cb73a9df2a6ba66ed7,May,,May,2019-07-18T21:37:40Z,"Add pagination to supervisor portal, create a modal for the download button, and other minor modifications",https://github.com/BCStudentSoftwareDevTeam/lsf/commit/d9862d8b34e37959433a94cb73a9df2a6ba66ed7
lsf,911509fd033cbb25a8d42346957965280964d537,Kat Adams & Bria Williams,,Kat Adams & Bria Williams,2019-07-18T21:17:55Z,Making header changes,https://github.com/BCStudentSoftwareDevTeam/lsf/commit/911509fd033cbb25a8d42346957965280964d537
lsf,a593101b5ea667fd64432b3dcfeb48b8acdd0e5f,elajamali,User,elajamali,2019-07-18T21:12:06Z,merge conflicts,https://github.com/BCStudentSoftwareDevTeam/lsf/commit/a593101b5ea667fd64432b3dcfeb48b8acdd0e5f
lsf,64fdd8ce1a573566f79b09a9f8c15e37dac930f8,elajamali,User,elajamali,2019-07-18T21:09:42Z,data goes correctly to the table,https://github.com/BCStudentSoftwareDevTeam/lsf/commit/64fdd8ce1a573566f79b09a9f8c15e37dac930f8
lsf,dcaa0311c50f79847c2cf47e55732b6783b9610f,Hila Manalai,,Hila Manalai,2019-07-18T21:08:28Z,rebuilding ui,https://github.com/BCStudentSoftwareDevTeam/lsf/commit/dcaa0311c50f79847c2cf47e55732b6783b9610f
lsf,5a5ff6cc9aaf9b3b91731eea1586123bcffc9094,sheggen,User,sheggen,2019-07-18T20:53:19Z,Pimping out the logo and navbar,https://github.com/BCStudentSoftwareDevTeam/lsf/commit/5a5ff6cc9aaf9b3b91731eea1586123bcffc9094
lsf,9c2fbe684d39d6518e2016aee402e16b4ccc63e2,Kat Adams & Bria Williams,,Kat Adams & Bria Williams,2019-07-18T20:27:15Z,making changes to the navbar,https://github.com/BCStudentSoftwareDevTeam/lsf/commit/9c2fbe684d39d6518e2016aee402e16b4ccc63e2
lsf,94c77bc1c54d198ffe0f8f753f0495ef0b47c584,sheggen,User,sheggen,2019-07-18T20:18:55Z,Minor change to navbar to use grid instead of custom moving,https://github.com/BCStudentSoftwareDevTeam/lsf/commit/94c77bc1c54d198ffe0f8f753f0495ef0b47c584
lsf,da77aa70d1734a4772e6984ee1518eda77b1c119,sheggen,User,sheggen,2019-07-18T20:12:38Z,cleaning up contributors UI,https://github.com/BCStudentSoftwareDevTeam/lsf/commit/da77aa70d1734a4772e6984ee1518eda77b1c119
lsf,f619587bb0969d3f750f5bb25c859a4682eed0b0,Kat Adams & Bria Williams,,Kat Adams & Bria Williams,2019-07-18T18:52:30Z,moved css to right spot,https://github.com/BCStudentSoftwareDevTeam/lsf/commit/f619587bb0969d3f750f5bb25c859a4682eed0b0
lsf,50c2afa58e504fa395ab3d120c912e01dc97eac4,Alex Bryant,,Alex Bryant,2019-07-18T18:37:35Z,"Centered the header, formatted the text in the description to be unclickable buttons that are the same to the ones in the table, and did general css styling to clean things up on the page.",https://github.com/BCStudentSoftwareDevTeam/lsf/commit/50c2afa58e504fa395ab3d120c912e01dc97eac4
lsf,36b2ad9054d012c8d1c2a9821461b8949c2b81a7,Kat Adams & Bria Williams,,Kat Adams & Bria Williams,2019-07-18T17:43:15Z,fixed button color,https://github.com/BCStudentSoftwareDevTeam/lsf/commit/36b2ad9054d012c8d1c2a9821461b8949c2b81a7
lsf,9badf98550255b3bba7609f4759bb74247321ad2,Kat Adams & Bria Williams,,Kat Adams & Bria Williams,2019-07-18T17:30:45Z,merge conflicts,https://github.com/BCStudentSoftwareDevTeam/lsf/commit/9badf98550255b3bba7609f4759bb74247321ad2
lsf,dc0f9bb9032743b0a037d12e33b1c4b4536866c9,Kat Adams & Bria Williams,,Kat Adams & Bria Williams,2019-07-18T17:28:37Z,moved css for contributors page to base.css file,https://github.com/BCStudentSoftwareDevTeam/lsf/commit/dc0f9bb9032743b0a037d12e33b1c4b4536866c9
lsf,1533d04ee28e08b12ad1d4c9cec6c19233a0f0e7,sheggen,User,sheggen,2019-07-18T17:19:32Z,fixing merge conflicts,https://github.com/BCStudentSoftwareDevTeam/lsf/commit/1533d04ee28e08b12ad1d4c9cec6c19233a0f0e7
lsf,49caae7be6c3dd8da989b2a2924fcfd4c3fae64f,sheggen,User,sheggen,2019-07-18T17:18:29Z,more styling of the menu,https://github.com/BCStudentSoftwareDevTeam/lsf/commit/49caae7be6c3dd8da989b2a2924fcfd4c3fae64f
lsf,8a109531af459c0634fe1b4dcd8a3cbfc8242317,Kat Adams & Bria Williams,,Kat Adams & Bria Williams,2019-07-18T17:15:43Z,didnt realize it added font weight to all links oops,https://github.com/BCStudentSoftwareDevTeam/lsf/commit/8a109531af459c0634fe1b4dcd8a3cbfc8242317
lsf,e62cf0d13094ea70528c306c277a9e564b0fe0fd,Kat Adams & Bria Williams,,Kat Adams & Bria Williams,2019-07-18T17:14:32Z,font weight,https://github.com/BCStudentSoftwareDevTeam/lsf/commit/e62cf0d13094ea70528c306c277a9e564b0fe0fd
lsf,786fe62b10f956ae625b7c1f4ec7293debb25c5d,Kat Adams & Bria Williams,,Kat Adams & Bria Williams,2019-07-18T17:09:35Z,button scooted down a little,https://github.com/BCStudentSoftwareDevTeam/lsf/commit/786fe62b10f956ae625b7c1f4ec7293debb25c5d
lsf,b41d90c0b3fa99ae11258713ab8f9c57a9368580,Hila Manalai,,Hila Manalai,2019-07-18T15:46:50Z,Merge branch '31' of https://bitbucket.org/laborstudents/lsf-flask into 31,https://github.com/BCStudentSoftwareDevTeam/lsf/commit/b41d90c0b3fa99ae11258713ab8f9c57a9368580
lsf,c8c96cde97f45967a12715dd3b0738b5178a9c32,elajamali,User,elajamali,2019-07-18T15:25:32Z,hours per week and jobtype have been hardcoded,https://github.com/BCStudentSoftwareDevTeam/lsf/commit/c8c96cde97f45967a12715dd3b0738b5178a9c32
lsf,d5a9310ec4666e401178c9c8d5221104fd47fba1,GuillermoCruz32,User,GuillermoCruz32,2019-07-18T15:19:14Z,Fixed the issue with username being hardcoded in.,https://github.com/BCStudentSoftwareDevTeam/lsf/commit/d5a9310ec4666e401178c9c8d5221104fd47fba1
lsf,fe62674f59cba4b614a25f7d6b9d1422f51d35e0,BriaW,,BriaW,2019-07-18T15:14:53Z,making changes to contributors.html,https://github.com/BCStudentSoftwareDevTeam/lsf/commit/fe62674f59cba4b614a25f7d6b9d1422f51d35e0
lsf,465f05af034ffeb927f924b28ba1e6a0d89f4bba,santoshernandezr,User,santoshernandezr,2019-07-18T15:14:04Z,working on jumbotrons,https://github.com/BCStudentSoftwareDevTeam/lsf/commit/465f05af034ffeb927f924b28ba1e6a0d89f4bba
lsf,8856a643d82298324a794cd2eb61381d7e565369,sheggen,User,sheggen,2019-07-18T15:12:42Z,Fixing footer,https://github.com/BCStudentSoftwareDevTeam/lsf/commit/8856a643d82298324a794cd2eb61381d7e565369
lsf,7559d0db7822ec3c5c3c615ab2e109189981df4c,sheggen,User,sheggen,2019-07-18T14:59:28Z,Resolving with other merges,https://github.com/BCStudentSoftwareDevTeam/lsf/commit/7559d0db7822ec3c5c3c615ab2e109189981df4c
lsf,cd6026c77af2f7d47642db8973aa318cfd05f418,sheggen,User,sheggen,2019-07-18T14:57:43Z,fixed config_loading for Kat and Bria; edited navbar from design review,https://github.com/BCStudentSoftwareDevTeam/lsf/commit/cd6026c77af2f7d47642db8973aa318cfd05f418
lsf,ac06af9a1e8473b9d697a864afe37409fc85148d,Alex Bryant,,Alex Bryant,2019-07-18T14:49:58Z,Merge branch 'development' into 40,https://github.com/BCStudentSoftwareDevTeam/lsf/commit/ac06af9a1e8473b9d697a864afe37409fc85148d
lsf,fc60ade67e4fba8045d2dadf397dc7fa3663b641,Alex Bryant,,Alex Bryant,2019-07-18T14:49:13Z,Added css file for Manage Departments and changed the html page for it as well.,https://github.com/BCStudentSoftwareDevTeam/lsf/commit/fc60ade67e4fba8045d2dadf397dc7fa3663b641
lsf,698a940444776c6c284c2cca66037093168e7ae3,Hila Manalai,,Hila Manalai,2019-07-18T14:47:19Z,Merge branch 'development' of https://bitbucket.org/laborstudents/lsf-flask into 31,https://github.com/BCStudentSoftwareDevTeam/lsf/commit/698a940444776c6c284c2cca66037093168e7ae3
lsf,a362e41a52b4a9cf001c7b344be99ae6b9eceb73,BriaW,,BriaW,2019-07-18T14:45:04Z,Adding footer back,https://github.com/BCStudentSoftwareDevTeam/lsf/commit/a362e41a52b4a9cf001c7b344be99ae6b9eceb73
lsf,30cdb00d433d2303ed96d34acf1af474e261b9b1,Hila Manalai,,Hila Manalai,2019-07-18T14:40:40Z,fixing merge conflicts,https://github.com/BCStudentSoftwareDevTeam/lsf/commit/30cdb00d433d2303ed96d34acf1af474e261b9b1
lsf,26f9a241847af4c17f340e897d0865f2f3d86c54,Hila Manalai,,Hila Manalai,2019-07-18T14:37:57Z,fixing merge conflicts,https://github.com/BCStudentSoftwareDevTeam/lsf/commit/26f9a241847af4c17f340e897d0865f2f3d86c54
lsf,c993a21d7c0dba725c76034680eaa3eec832c1d1,Hila Manalai,,Hila Manalai,2019-07-18T14:36:08Z,Merge branch 'development' of https://bitbucket.org/laborstudents/lsf-flask into 31,https://github.com/BCStudentSoftwareDevTeam/lsf/commit/c993a21d7c0dba725c76034680eaa3eec832c1d1
lsf,0097325e8dc8e49359c7634b17c8fcccc65ab4f7,elajamali,User,elajamali,2019-07-18T14:35:21Z,changes after the pull development,https://github.com/BCStudentSoftwareDevTeam/lsf/commit/0097325e8dc8e49359c7634b17c8fcccc65ab4f7
lsf,8ca76e1a349f000d4603e3b945935167d99028e0,May,,May,2019-07-18T14:30:58Z,We added more informations to the labor history page,https://github.com/BCStudentSoftwareDevTeam/lsf/commit/8ca76e1a349f000d4603e3b945935167d99028e0
lsf,a8471f2c57d4ac2d9dd5e1ca983be664e24cf54f,sheggen,User,sheggen,2019-07-18T13:31:28Z,editing formatting of navbar,https://github.com/BCStudentSoftwareDevTeam/lsf/commit/a8471f2c57d4ac2d9dd5e1ca983be664e24cf54f
lsf,cbd36df31d1a89b4c1060ab1d95b0c025fd78781,sheggen,User,sheggen,2019-07-18T13:03:52Z,moved main content area back up,https://github.com/BCStudentSoftwareDevTeam/lsf/commit/cbd36df31d1a89b4c1060ab1d95b0c025fd78781
lsf,1f81601b084ff89a460f63913581b8b520cf7d38,Hila Manalai,,Hila Manalai,2019-07-18T13:03:05Z,Merge branch 'development' of https://bitbucket.org/laborstudents/lsf-flask into 31,https://github.com/BCStudentSoftwareDevTeam/lsf/commit/1f81601b084ff89a460f63913581b8b520cf7d38
lsf,4a7c63442488e4d77be4f31b5c07451dee99e9b0,GuillermoCruz32,User,GuillermoCruz32,2019-07-18T13:00:16Z,Merge branch 'development' of https://bitbucket.org/laborstudents/lsf-flask into 35,https://github.com/BCStudentSoftwareDevTeam/lsf/commit/4a7c63442488e4d77be4f31b5c07451dee99e9b0
lsf,ef1432d124f5799e22519764d3e452f9f3635a5b,GuillermoCruz32,User,GuillermoCruz32,2019-07-18T12:59:55Z,Commiting last changes before pulling from development,https://github.com/BCStudentSoftwareDevTeam/lsf/commit/ef1432d124f5799e22519764d3e452f9f3635a5b
lsf,a4af3368d02dc07fd90c7a973f6d6683462ef031,sheggen,User,sheggen,2019-07-18T12:59:53Z,more navbar and header bar edits,https://github.com/BCStudentSoftwareDevTeam/lsf/commit/a4af3368d02dc07fd90c7a973f6d6683462ef031
lsf,de62f3feceff0251ce31e86fd8b0d7296f6a027a,Hila Manalai,,Hila Manalai,2019-07-18T12:50:33Z,fixing merge conflicts,https://github.com/BCStudentSoftwareDevTeam/lsf/commit/de62f3feceff0251ce31e86fd8b0d7296f6a027a
lsf,ac82053367a5d78e5edca5b7572021c275039513,elajamali,User,elajamali,2019-07-18T12:49:19Z,fixing merge conflicts,https://github.com/BCStudentSoftwareDevTeam/lsf/commit/ac82053367a5d78e5edca5b7572021c275039513
lsf,0d7a63996728e3e6c33fb680ef5bf57a13f5fe74,elajamali,User,elajamali,2019-07-18T12:29:02Z,Merge branch '31' of https://bitbucket.org/laborstudents/lsf-flask into 31,https://github.com/BCStudentSoftwareDevTeam/lsf/commit/0d7a63996728e3e6c33fb680ef5bf57a13f5fe74
lsf,8b37a10f1666b6c9d7757b25e364dc2a87d6b63c,elajamali,User,elajamali,2019-07-18T12:28:32Z,cleaning up,https://github.com/BCStudentSoftwareDevTeam/lsf/commit/8b37a10f1666b6c9d7757b25e364dc2a87d6b63c
lsf,91010ffbc8c13c3090319d6354146738111bdf43,Hila Manalai,,Hila Manalai,2019-07-17T22:01:42Z,added table,https://github.com/BCStudentSoftwareDevTeam/lsf/commit/91010ffbc8c13c3090319d6354146738111bdf43
lsf,eec501eddd5c56555b427d8b5ad737bd0441fa82,sheggen,User,sheggen,2019-07-17T21:41:58Z,Styling menu bar and fixing merge conflicts,https://github.com/BCStudentSoftwareDevTeam/lsf/commit/eec501eddd5c56555b427d8b5ad737bd0441fa82
lsf,8de8c1fefbf14f4de3f13717fb46c7c9196d6d81,sheggen,User,sheggen,2019-07-17T21:40:56Z,Styling the menu,https://github.com/BCStudentSoftwareDevTeam/lsf/commit/8de8c1fefbf14f4de3f13717fb46c7c9196d6d81
lsf,79419083b0d7ca3a5d56799e1b0b1d95aad25a6f,santoshernandezr,User,santoshernandezr,2019-07-17T21:14:08Z,added terms to add_dummy_data.py,https://github.com/BCStudentSoftwareDevTeam/lsf/commit/79419083b0d7ca3a5d56799e1b0b1d95aad25a6f
lsf,804eb84416c7eb71c038185d0dfc67eb3685f140,elajamali,User,elajamali,2019-07-17T21:03:33Z,all the fileds working,https://github.com/BCStudentSoftwareDevTeam/lsf/commit/804eb84416c7eb71c038185d0dfc67eb3685f140
lsf,deaa40a75fb71e2283390ff2e9c81ef1d02f7111,Alex Bryant,,Alex Bryant,2019-07-17T20:59:00Z,More work on the manage departments python file.  We also tried to fix the ordering for the buttons in the table for manage departments.,https://github.com/BCStudentSoftwareDevTeam/lsf/commit/deaa40a75fb71e2283390ff2e9c81ef1d02f7111
lsf,ddbde8cc8a924115dd901715ddbadb463ecac91d,BriaW,,BriaW,2019-07-17T20:03:54Z,Merge branch 'development' of https://bitbucket.org/laborstudents/lsf-flask into development,https://github.com/BCStudentSoftwareDevTeam/lsf/commit/ddbde8cc8a924115dd901715ddbadb463ecac91d
lsf,0e33892fab1fff1b0ffd068046a58d6dff9f5c52,BriaW,,BriaW,2019-07-17T20:02:16Z,Adding things,https://github.com/BCStudentSoftwareDevTeam/lsf/commit/0e33892fab1fff1b0ffd068046a58d6dff9f5c52
lsf,f0b8eacfdecf09d0010e46aa6b2fb08ca1d3b8b2,Kat Adams & Bria Williams,,Kat Adams & Bria Williams,2019-07-17T19:57:21Z,uh,https://github.com/BCStudentSoftwareDevTeam/lsf/commit/f0b8eacfdecf09d0010e46aa6b2fb08ca1d3b8b2
lsf,f8548042fbfe6840f63c644c973649b6f10221b9,Kat Adams & Bria Williams,,Kat Adams & Bria Williams,2019-07-17T19:32:34Z,merge conflicts,https://github.com/BCStudentSoftwareDevTeam/lsf/commit/f8548042fbfe6840f63c644c973649b6f10221b9
lsf,fdaf212f7c8cc0734d071cc69bfee16ee1e4ed3a,Kat Adams & Bria Williams,,Kat Adams & Bria Williams,2019-07-17T19:30:30Z,added test cases,https://github.com/BCStudentSoftwareDevTeam/lsf/commit/fdaf212f7c8cc0734d071cc69bfee16ee1e4ed3a
lsf,6e34274cecf77b82cd8020f31ca7b458fe4cdbe0,santoshernandezr,User,santoshernandezr,2019-07-17T19:10:53Z,got the add and remove buttons to work,https://github.com/BCStudentSoftwareDevTeam/lsf/commit/6e34274cecf77b82cd8020f31ca7b458fe4cdbe0
lsf,74d655a816c05f7d493c36bd7fe093d391eb88f4,Alex Bryant,,Alex Bryant,2019-07-17T19:10:37Z,fixed merge conflicts,https://github.com/BCStudentSoftwareDevTeam/lsf/commit/74d655a816c05f7d493c36bd7fe093d391eb88f4
lsf,c6bfc2618015234676dd4f1d335e478e23f6ca47,Kat Adams & Bria Williams,,Kat Adams & Bria Williams,2019-07-17T19:07:56Z,there was a wonky flasah from js,https://github.com/BCStudentSoftwareDevTeam/lsf/commit/c6bfc2618015234676dd4f1d335e478e23f6ca47
lsf,72603f3e488780ddb6247d9b9176a8c096dea5fe,Alex Bryant,,Alex Bryant,2019-07-17T19:07:21Z,fixed the python function for manageDepartments.py,https://github.com/BCStudentSoftwareDevTeam/lsf/commit/72603f3e488780ddb6247d9b9176a8c096dea5fe
lsf,24af094a85d3677a5c544ed30420d9c4f4408953,Kat Adams & Bria Williams,,Kat Adams & Bria Williams,2019-07-17T19:03:07Z,moved contributors,https://github.com/BCStudentSoftwareDevTeam/lsf/commit/24af094a85d3677a5c544ed30420d9c4f4408953
lsf,496a7dc49fbef7f2e1bd8252300a848dc2868051,Kat Adams & Bria Williams,,Kat Adams & Bria Williams,2019-07-17T18:59:56Z,footer not covering content,https://github.com/BCStudentSoftwareDevTeam/lsf/commit/496a7dc49fbef7f2e1bd8252300a848dc2868051
lsf,a8d7ef6861dfb53a6ae68cdb39a0d8d910a59ceb,May,,May,2019-07-17T18:44:25Z,merging,https://github.com/BCStudentSoftwareDevTeam/lsf/commit/a8d7ef6861dfb53a6ae68cdb39a0d8d910a59ceb
lsf,27813b876c7cb1ef0461e18105bd788136aa5b41,May,,May,2019-07-17T18:38:02Z,Scott helped us pull some data so we can display them on the supervisor portal,https://github.com/BCStudentSoftwareDevTeam/lsf/commit/27813b876c7cb1ef0461e18105bd788136aa5b41
lsf,1cce510f8777a1a3c35ae74bb72bde7bca8a67df,elajamali,User,elajamali,2019-07-17T18:15:28Z,different terms show different options,https://github.com/BCStudentSoftwareDevTeam/lsf/commit/1cce510f8777a1a3c35ae74bb72bde7bca8a67df
lsf,cb0d87fceb4f17c7e2d7e57b880659dfb4be5590,Kat Adams & Bria Williams,,Kat Adams & Bria Williams,2019-07-17T18:06:29Z,fixed sidebar clickablitity but load_user in lsf files will need work..?,https://github.com/BCStudentSoftwareDevTeam/lsf/commit/cb0d87fceb4f17c7e2d7e57b880659dfb4be5590
lsf,9ef8832d5e15ea55053788b2bed578cd16ff8992,Alex Bryant,,Alex Bryant,2019-07-17T17:52:44Z,Merge branch 'development' into 40,https://github.com/BCStudentSoftwareDevTeam/lsf/commit/9ef8832d5e15ea55053788b2bed578cd16ff8992
lsf,7e5f7dab2e9f37fa1d2ffde8257b2d1991801312,sheggen,User,sheggen,2019-07-17T17:48:27Z,Improving examples of checking login/isAdmin status,https://github.com/BCStudentSoftwareDevTeam/lsf/commit/7e5f7dab2e9f37fa1d2ffde8257b2d1991801312
lsf,633cab8a66ce9768edbe2a25aca45ad387222e79,Kat Adams & Bria Williams,,Kat Adams & Bria Williams,2019-07-17T17:40:39Z,button positioning,https://github.com/BCStudentSoftwareDevTeam/lsf/commit/633cab8a66ce9768edbe2a25aca45ad387222e79
lsf,e135da607f7bd4cd9bdc579dc6e0751b02a06ee4,sheggen,User,sheggen,2019-07-17T17:40:36Z,fixing minor formatting in add_dummy_data.py,https://github.com/BCStudentSoftwareDevTeam/lsf/commit/e135da607f7bd4cd9bdc579dc6e0751b02a06ee4
lsf,ae0e323f22703ccb3a97a0fa479b6494ab9c00c0,elajamali,User,elajamali,2019-07-17T17:37:54Z,Merge branch '31' of https://bitbucket.org/laborstudents/lsf-flask into 31,https://github.com/BCStudentSoftwareDevTeam/lsf/commit/ae0e323f22703ccb3a97a0fa479b6494ab9c00c0
lsf,1c4c653352f2300d7591eb49e6370cba69faa83b,Hila Manalai,,Hila Manalai,2019-07-17T17:34:44Z,added new data to add_dummy_data to test break times,https://github.com/BCStudentSoftwareDevTeam/lsf/commit/1c4c653352f2300d7591eb49e6370cba69faa83b
lsf,36bf7623c47e0a30f07d9f06b2c7cf01e662f9f5,Kat Adams & Bria Williams,,Kat Adams & Bria Williams,2019-07-17T17:30:49Z,heres a working instance,https://github.com/BCStudentSoftwareDevTeam/lsf/commit/36bf7623c47e0a30f07d9f06b2c7cf01e662f9f5
lsf,827aa773638ea563cecfca7c54e7506d18ed01a2,Kat Adams & Bria Williams,,Kat Adams & Bria Williams,2019-07-17T17:20:58Z,merge conflicts cause scott,https://github.com/BCStudentSoftwareDevTeam/lsf/commit/827aa773638ea563cecfca7c54e7506d18ed01a2
lsf,3784a3f4d84aedaac41c6b5dd0da8ab233b9fb67,Hila Manalai,,Hila Manalai,2019-07-17T17:16:57Z,added new function for contract hours and to hide jobtype,https://github.com/BCStudentSoftwareDevTeam/lsf/commit/3784a3f4d84aedaac41c6b5dd0da8ab233b9fb67
lsf,e0caf2194cbe7d9f85a741cfe0e96176f6c95ffb,sheggen,User,sheggen,2019-07-17T17:00:22Z,updating add_dummy_data.py to include an admin,https://github.com/BCStudentSoftwareDevTeam/lsf/commit/e0caf2194cbe7d9f85a741cfe0e96176f6c95ffb
lsf,cfeea4c60571e489f3d665a09d46b00f97b63e69,sheggen,User,sheggen,2019-07-17T16:56:46Z,Got login manager working,https://github.com/BCStudentSoftwareDevTeam/lsf/commit/cfeea4c60571e489f3d665a09d46b00f97b63e69
lsf,99f8e40bdf10139c075a3b93a64c85c69662e163,sheggen,User,sheggen,2019-07-17T16:55:25Z,Added more info and correct formatting to alerts,https://github.com/BCStudentSoftwareDevTeam/lsf/commit/99f8e40bdf10139c075a3b93a64c85c69662e163
lsf,2f42d0a1d2a764b2c31655b835f1fbfcf5b80db1,Kat Adams & Bria Williams,,Kat Adams & Bria Williams,2019-07-17T15:29:02Z,saving pogress cause i gotta switch to development,https://github.com/BCStudentSoftwareDevTeam/lsf/commit/2f42d0a1d2a764b2c31655b835f1fbfcf5b80db1
lsf,5b0cdad4ee2ef06c34209f41750f0b09d055e03c,May,,May,2019-07-17T15:01:18Z,Merge branch 'development' of https://bitbucket.org/laborstudents/lsf-flask into 32,https://github.com/BCStudentSoftwareDevTeam/lsf/commit/5b0cdad4ee2ef06c34209f41750f0b09d055e03c
lsf,69514274e9b68d5a00d32e07a1f7583da36ba087,elajamali,User,elajamali,2019-07-17T14:46:20Z,Merge branch '31' of https://bitbucket.org/laborstudents/lsf-flask into 31,https://github.com/BCStudentSoftwareDevTeam/lsf/commit/69514274e9b68d5a00d32e07a1f7583da36ba087
lsf,2c8b8b9dc9df70f01024062578a331f95a12d538,Hila Manalai,,Hila Manalai,2019-07-17T14:45:51Z,working on contract hours,https://github.com/BCStudentSoftwareDevTeam/lsf/commit/2c8b8b9dc9df70f01024062578a331f95a12d538
lsf,1e87257b621630d009ce19ea2bbf454a5a7a25b0,Alex Bryant,,Alex Bryant,2019-07-17T14:34:20Z,Merge branch 'development' into 40,https://github.com/BCStudentSoftwareDevTeam/lsf/commit/1e87257b621630d009ce19ea2bbf454a5a7a25b0
lsf,0811a20ad91c981749f4988e91ef8ceea9dec24a,Alex Bryant,,Alex Bryant,2019-07-17T14:33:38Z,added to the manageDepartment python file,https://github.com/BCStudentSoftwareDevTeam/lsf/commit/0811a20ad91c981749f4988e91ef8ceea9dec24a
lsf,351aad3b4a675c589eb9c19ed4d2ebbe7a89a8b6,sheggen,User,sheggen,2019-07-17T14:30:41Z,Added more info and correct formatting to alerts,https://github.com/BCStudentSoftwareDevTeam/lsf/commit/351aad3b4a675c589eb9c19ed4d2ebbe7a89a8b6
lsf,150fdc2f15efcc9f80a2d373d6720ee7bce9a5ad,sheggen,User,sheggen,2019-07-17T14:28:03Z,Added support for javascript-based flashing,https://github.com/BCStudentSoftwareDevTeam/lsf/commit/150fdc2f15efcc9f80a2d373d6720ee7bce9a5ad
lsf,14b4289c8242dfacd003538fae01704bc938c013,May,,May,2019-07-17T14:18:30Z,Created basic html for the overload pages,https://github.com/BCStudentSoftwareDevTeam/lsf/commit/14b4289c8242dfacd003538fae01704bc938c013
lsf,b2ec0a682496b8f929eb66cac47b9fbec5d2d6a9,elajamali,User,elajamali,2019-07-17T14:11:07Z,Merge branch '31' of https://bitbucket.org/laborstudents/lsf-flask into 31,https://github.com/BCStudentSoftwareDevTeam/lsf/commit/b2ec0a682496b8f929eb66cac47b9fbec5d2d6a9
lsf,36de5283454112ca24a7ed185da2db76523de564,sheggen,User,sheggen,2019-07-17T14:06:58Z,Got secret_key added for flash messaging,https://github.com/BCStudentSoftwareDevTeam/lsf/commit/36de5283454112ca24a7ed185da2db76523de564
lsf,4d10a6f571cfa69329ae460ddea856a8f49b60e0,Hila Manalai,,Hila Manalai,2019-07-17T14:01:42Z,repositioned some inputs,https://github.com/BCStudentSoftwareDevTeam/lsf/commit/4d10a6f571cfa69329ae460ddea856a8f49b60e0
lsf,a6dd2249c76e66482349a593b4a26decc7644234,Hila Manalai,,Hila Manalai,2019-07-17T13:54:28Z,fixing merge conflicts,https://github.com/BCStudentSoftwareDevTeam/lsf/commit/a6dd2249c76e66482349a593b4a26decc7644234
lsf,ea790aa9e130c83ee2104989048e58b0f0402439,Hila Manalai,,Hila Manalai,2019-07-17T13:52:20Z,added input field for contract hours,https://github.com/BCStudentSoftwareDevTeam/lsf/commit/ea790aa9e130c83ee2104989048e58b0f0402439
lsf,bf0e73588077cfaf8c996b233f4c14506fd32b21,elajamali,User,elajamali,2019-07-17T12:49:44Z,Merge branch 'development' of https://bitbucket.org/laborstudents/lsf-flask into 31,https://github.com/BCStudentSoftwareDevTeam/lsf/commit/bf0e73588077cfaf8c996b233f4c14506fd32b21
lsf,30131b9fb042a524b32b7b54a987961a4c60ecee,Kat Adams & Bria Williams,,Kat Adams & Bria Williams,2019-07-16T20:59:42Z,setting up footer,https://github.com/BCStudentSoftwareDevTeam/lsf/commit/30131b9fb042a524b32b7b54a987961a4c60ecee
lsf,79bbbebe5d57de09dcad28b7e9e6349d2fc16a17,Alex Bryant,,Alex Bryant,2019-07-16T20:45:09Z,"Fixed the py function for changing the department compliance status, and we added an ajax call to the server in the manageDepartments js file.",https://github.com/BCStudentSoftwareDevTeam/lsf/commit/79bbbebe5d57de09dcad28b7e9e6349d2fc16a17
lsf,d99735e6cfa6206059fbd43f59dece3582d70003,Kat Adams & Bria Williams,,Kat Adams & Bria Williams,2019-07-16T19:14:38Z,fixingscotts mess,https://github.com/BCStudentSoftwareDevTeam/lsf/commit/d99735e6cfa6206059fbd43f59dece3582d70003
lsf,04b7b96e60c2b582e911e06a440d8c2d98ff0383,Alex Bryant,,Alex Bryant,2019-07-16T19:06:50Z,fixed merge conflict.,https://github.com/BCStudentSoftwareDevTeam/lsf/commit/04b7b96e60c2b582e911e06a440d8c2d98ff0383
lsf,4b0b1d2951a18c34f4b25f0c80dc4dce4089f402,Alex Bryant,,Alex Bryant,2019-07-16T19:05:00Z,Created functions inside manageDepartments py file.,https://github.com/BCStudentSoftwareDevTeam/lsf/commit/4b0b1d2951a18c34f4b25f0c80dc4dce4089f402
lsf,d59a5502a2082502bf70dcbd5398b0de350d030b,sheggen,User,sheggen,2019-07-16T19:03:57Z,Adding primary key to departments,https://github.com/BCStudentSoftwareDevTeam/lsf/commit/d59a5502a2082502bf70dcbd5398b0de350d030b
lsf,bcbff2ea1f88a7414aff5c5b717454aab91cefe4,elajamali,User,elajamali,2019-07-16T18:57:38Z,fixing merge conflicts,https://github.com/BCStudentSoftwareDevTeam/lsf/commit/bcbff2ea1f88a7414aff5c5b717454aab91cefe4
lsf,21767976d9008a94807d8c51942be51173dcbc56,Hila Manalai,,Hila Manalai,2019-07-16T18:55:26Z,fixing merge conflict,https://github.com/BCStudentSoftwareDevTeam/lsf/commit/21767976d9008a94807d8c51942be51173dcbc56
lsf,c16f1f94b5d990d5d8d8adf5e759db7e37309bff,elajamali,User,elajamali,2019-07-16T18:52:54Z,hours per week is working,https://github.com/BCStudentSoftwareDevTeam/lsf/commit/c16f1f94b5d990d5d8d8adf5e759db7e37309bff
lsf,5e2f0f08ffebe98bae12cb5ae2d334cccb458bed,santoshernandezr,User,santoshernandezr,2019-07-16T18:44:44Z,Merge branch 'adminManagement' of https://bitbucket.org/laborstudents/lsf-flask into adminManagement,https://github.com/BCStudentSoftwareDevTeam/lsf/commit/5e2f0f08ffebe98bae12cb5ae2d334cccb458bed
lsf,669c23c112bdac86df58a3b972af2890860bc675,santoshernandezr,User,santoshernandezr,2019-07-16T18:38:19Z,Merge remote-tracking branch 'origin' into adminManagement,https://github.com/BCStudentSoftwareDevTeam/lsf/commit/669c23c112bdac86df58a3b972af2890860bc675
lsf,0da625b4ac2ef31ef4f8ab418bd0c569202ca980,Luis Riera,,Luis Riera,2019-07-16T18:27:59Z,Merge branch 'development' into adminManagement,https://github.com/BCStudentSoftwareDevTeam/lsf/commit/0da625b4ac2ef31ef4f8ab418bd0c569202ca980
lsf,4d1931c508791b45a4889dd237338daf0f61c515,santoshernandezr,User,sheggen,2019-07-16T18:26:02Z,"Merged in sidebar (pull request #2)

Sidebar",https://github.com/BCStudentSoftwareDevTeam/lsf/commit/4d1931c508791b45a4889dd237338daf0f61c515
lsf,9a07582a1d6dafe4d70f471eaf919f20553c886a,sheggen,User,sheggen,2019-07-16T18:25:28Z,Modifying column width of navbar,https://github.com/BCStudentSoftwareDevTeam/lsf/commit/9a07582a1d6dafe4d70f471eaf919f20553c886a
lsf,a777f3b66dc40794e84f685cb423e3877aec327b,sheggen,User,sheggen,2019-07-16T18:24:03Z,Merge branch 'development' into sidebar,https://github.com/BCStudentSoftwareDevTeam/lsf/commit/a777f3b66dc40794e84f685cb423e3877aec327b
lsf,496a60cc136f664e1661eddd2bf6c9a4e70fdb9e,santoshernandezr,User,santoshernandezr,2019-07-16T18:22:48Z,created a sidebar for lsf,https://github.com/BCStudentSoftwareDevTeam/lsf/commit/496a60cc136f664e1661eddd2bf6c9a4e70fdb9e
lsf,5abe4a8c0eafa8799a8cfa180a417b8a7d72d66f,Kat Adams & Bria Williams,,Kat Adams & Bria Williams,2019-07-16T18:12:56Z,add_dummy working and null constraints are fixed.,https://github.com/BCStudentSoftwareDevTeam/lsf/commit/5abe4a8c0eafa8799a8cfa180a417b8a7d72d66f
lsf,c7820465fe514e40c4a3780cbbb43f4c0dabbb63,sheggen,User,sheggen,2019-07-16T18:08:32Z,adding some structure to add_dummy_data.py,https://github.com/BCStudentSoftwareDevTeam/lsf/commit/c7820465fe514e40c4a3780cbbb43f4c0dabbb63
lsf,a41a447713a86e30f3cbdfa15989304048d6f3ac,sheggen,User,sheggen,2019-07-16T18:07:58Z,updating models with null trues and on delete values,https://github.com/BCStudentSoftwareDevTeam/lsf/commit/a41a447713a86e30f3cbdfa15989304048d6f3ac
lsf,d5a77c8a2abf5afba6cf5be8328e4f9b4a6af14c,Hila Manalai,,Hila Manalai,2019-07-16T17:58:40Z,Merge branch '31' of https://bitbucket.org/laborstudents/lsf-flask into 31,https://github.com/BCStudentSoftwareDevTeam/lsf/commit/d5a77c8a2abf5afba6cf5be8328e4f9b4a6af14c
lsf,e0564591f3d62f64d61816f15f4e1f9899fa7e32,Hila Manalai,,Hila Manalai,2019-07-16T17:57:40Z,added data to DUMMY DATA,https://github.com/BCStudentSoftwareDevTeam/lsf/commit/e0564591f3d62f64d61816f15f4e1f9899fa7e32
lsf,22d817113ce13f1d547ebb4c47aaee281990c1f0,elajamali,User,elajamali,2019-07-16T17:55:22Z,getting the jobtype based on the term,https://github.com/BCStudentSoftwareDevTeam/lsf/commit/22d817113ce13f1d547ebb4c47aaee281990c1f0
lsf,62dbbf3184e8a1ecfa465c92f3ba0385dcd5e6a8,sheggen,User,sheggen,2019-07-16T17:34:09Z,Merge branch 'development' of https://bitbucket.org/laborstudents/lsf-flask into development,https://github.com/BCStudentSoftwareDevTeam/lsf/commit/62dbbf3184e8a1ecfa465c92f3ba0385dcd5e6a8
lsf,452d25ea0dd11d97a15cfe099144259ce2c74805,sheggen,User,sheggen,2019-07-16T17:34:03Z,Adding note about source of information,https://github.com/BCStudentSoftwareDevTeam/lsf/commit/452d25ea0dd11d97a15cfe099144259ce2c74805
lsf,ec21ccdd05aa4e842b3dd83b734c5f4159cc1f25,Kat Adams & Bria Williams,,Kat Adams & Bria Williams,2019-07-16T17:33:56Z,commenting email flow in bottom of file...pt 2,https://github.com/BCStudentSoftwareDevTeam/lsf/commit/ec21ccdd05aa4e842b3dd83b734c5f4159cc1f25
lsf,8d568a04022472e5d26c46f2176dd5e4a29365c5,Kat Adams & Bria Williams,,Kat Adams & Bria Williams,2019-07-16T17:32:48Z,commenting email flow in bottom of file,https://github.com/BCStudentSoftwareDevTeam/lsf/commit/8d568a04022472e5d26c46f2176dd5e4a29365c5
lsf,6262da922054a51c7c6e7dc672855f192b50375c,Luis Riera,,Luis Riera,2019-07-16T17:27:50Z,Merge remote-tracking branch 'origin' into adminManagement,https://github.com/BCStudentSoftwareDevTeam/lsf/commit/6262da922054a51c7c6e7dc672855f192b50375c
lsf,86e13561949e88efba538cd48668fafdc5f06ea4,Kat Adams & Bria Williams,,Kat Adams & Bria Williams,2019-07-16T17:10:57Z,fixing add_dummy_.py,https://github.com/BCStudentSoftwareDevTeam/lsf/commit/86e13561949e88efba538cd48668fafdc5f06ea4
lsf,cc09513c86c9e81c187fed4bdf048d48b3b26f53,sheggen,User,sheggen,2019-07-16T16:07:54Z,making ubuntu/macosx compatible,https://github.com/BCStudentSoftwareDevTeam/lsf/commit/cc09513c86c9e81c187fed4bdf048d48b3b26f53
lsf,94421006c7d11e7b6600e072e7733af5edcd25c7,sheggen,User,sheggen,2019-07-16T15:59:06Z,Commenting edits to all models,https://github.com/BCStudentSoftwareDevTeam/lsf/commit/94421006c7d11e7b6600e072e7733af5edcd25c7
lsf,25598ebb2bdfc55edb8f036e87e71d1c83a87c17,santoshernandezr,User,santoshernandezr,2019-07-16T15:52:48Z,created the base of the sidebar and a css file for its base,https://github.com/BCStudentSoftwareDevTeam/lsf/commit/25598ebb2bdfc55edb8f036e87e71d1c83a87c17
lsf,eecbe88c4ae714cbeba001341eadd8b2f801f8e1,Hila Manalai,,Hila Manalai,2019-07-16T15:45:21Z,Merge branch 'development' of https://bitbucket.org/laborstudents/lsf-flask into 31,https://github.com/BCStudentSoftwareDevTeam/lsf/commit/eecbe88c4ae714cbeba001341eadd8b2f801f8e1
lsf,98b270bc138faa0a3641f4d886d14811b6c7bc5a,sheggen,User,sheggen,2019-07-16T15:41:37Z,Merge branch 'development' of https://bitbucket.org/laborstudents/lsf-flask into development,https://github.com/BCStudentSoftwareDevTeam/lsf/commit/98b270bc138faa0a3641f4d886d14811b6c7bc5a
lsf,88b773f9b5e48394de7e80b314b641756431fc18,sheggen,User,sheggen,2019-07-16T15:41:32Z,Tracy and lsf migrations now do not collide,https://github.com/BCStudentSoftwareDevTeam/lsf/commit/88b773f9b5e48394de7e80b314b641756431fc18
lsf,ba11b5c52e04886c69db67be0b41a053e3c4254a,Kat Adams & Bria Williams,,Kat Adams & Bria Williams,2019-07-16T15:39:44Z,add dummy working for all but form history and overload form,https://github.com/BCStudentSoftwareDevTeam/lsf/commit/ba11b5c52e04886c69db67be0b41a053e3c4254a
lsf,9a7d837f6d9e21b593930be8526192efe4886db3,Hila Manalai,,Hila Manalai,2019-07-16T15:36:37Z,fixing merge conflicts,https://github.com/BCStudentSoftwareDevTeam/lsf/commit/9a7d837f6d9e21b593930be8526192efe4886db3
lsf,1eec04941bd5215c812f7fbe2d13226a08e36153,Luis Riera,,Luis Riera,2019-07-16T15:34:51Z,Merge branch 'development' into adminManagement,https://github.com/BCStudentSoftwareDevTeam/lsf/commit/1eec04941bd5215c812f7fbe2d13226a08e36153
lsf,bca84c6c9645ccdd29e3bc8554aec056469f402a,sheggen,User,sheggen,2019-07-16T15:31:50Z,fixing merge conflict,https://github.com/BCStudentSoftwareDevTeam/lsf/commit/bca84c6c9645ccdd29e3bc8554aec056469f402a
lsf,1a95d55d3c6dfd0ff2a773685de0d2157ca77a83,sheggen,User,sheggen,2019-07-16T15:28:57Z,Updating migrate scripts to not break everything',https://github.com/BCStudentSoftwareDevTeam/lsf/commit/1a95d55d3c6dfd0ff2a773685de0d2157ca77a83
lsf,d0433ab69e1d32bd881b330d89961fa22e155c91,Kat Adams & Bria Williams,,Kat Adams & Bria Williams,2019-07-16T15:25:17Z,foreign key relations set up,https://github.com/BCStudentSoftwareDevTeam/lsf/commit/d0433ab69e1d32bd881b330d89961fa22e155c91
lsf,2856dc3e9d8fd414e022dfeacbcaff46bc17edeb,Hila Manalai,,Hila Manalai,2019-07-16T15:00:03Z,added ajax call to populate positions for departments.,https://github.com/BCStudentSoftwareDevTeam/lsf/commit/2856dc3e9d8fd414e022dfeacbcaff46bc17edeb
lsf,82e2c5849ca176fd260f382bd40e30f1a2fe54d5,Kat Adams & Bria Williams,,Kat Adams & Bria Williams,2019-07-16T13:37:16Z,working dummy and such,https://github.com/BCStudentSoftwareDevTeam/lsf/commit/82e2c5849ca176fd260f382bd40e30f1a2fe54d5
lsf,a0a42f138a25bcc9b8ec79826d9fefeb2987da95,Luis Riera,,Luis Riera,2019-07-16T13:34:47Z,Merge branch 'adminManagement' of https://bitbucket.org/laborstudents/lsf-flask into adminManagement,https://github.com/BCStudentSoftwareDevTeam/lsf/commit/a0a42f138a25bcc9b8ec79826d9fefeb2987da95
lsf,4e1999128b1f1d2f0e21908cda3a75ccb7f88659,santoshernandezr,User,santoshernandezr,2019-07-16T13:06:42Z,"maded controllers for admin management, email templates, and term management",https://github.com/BCStudentSoftwareDevTeam/lsf/commit/4e1999128b1f1d2f0e21908cda3a75ccb7f88659
lsf,326284db52df7a17027b96c7623912059e737ff7,Hila Manalai,,Hila Manalai,2019-07-15T21:32:59Z,fixing merge conflicts,https://github.com/BCStudentSoftwareDevTeam/lsf/commit/326284db52df7a17027b96c7623912059e737ff7
lsf,9c5645773d6370277b419764982a21f5097b0b97,elajamali,User,elajamali,2019-07-15T21:30:47Z,need to make an ajax call to connect positions to department,https://github.com/BCStudentSoftwareDevTeam/lsf/commit/9c5645773d6370277b419764982a21f5097b0b97
lsf,a784c0424bec1580d65975e0f6c0b2c2ad1549b7,Alex Bryant,,Alex Bryant,2019-07-15T21:05:48Z,Fixed import issues for scripts and got the data table working.,https://github.com/BCStudentSoftwareDevTeam/lsf/commit/a784c0424bec1580d65975e0f6c0b2c2ad1549b7
lsf,51c7301ade00883703f1045ddc9ada0945798544,Hila Manalai,,Hila Manalai,2019-07-15T20:44:58Z,fixing merge conflicts,https://github.com/BCStudentSoftwareDevTeam/lsf/commit/51c7301ade00883703f1045ddc9ada0945798544
lsf,8f329cc43e04f1e76c1005b75da4b58a0278bf73,elajamali,User,elajamali,2019-07-15T20:41:12Z,fixing merge conflicts,https://github.com/BCStudentSoftwareDevTeam/lsf/commit/8f329cc43e04f1e76c1005b75da4b58a0278bf73
lsf,9a4256b731ba8e4c52939b37c988479d547dd28a,Hila Manalai,,Hila Manalai,2019-07-15T20:37:02Z,fixing merge conflict,https://github.com/BCStudentSoftwareDevTeam/lsf/commit/9a4256b731ba8e4c52939b37c988479d547dd28a
lsf,30b57dbc283e3d855c4bde34cf6d175e66e4bb8d,elajamali,User,elajamali,2019-07-15T20:26:00Z,fixing db problems,https://github.com/BCStudentSoftwareDevTeam/lsf/commit/30b57dbc283e3d855c4bde34cf6d175e66e4bb8d
lsf,2365d43c3e53a233ce52c035f335432bcb3b5605,Alex Bryant,,Alex Bryant,2019-07-15T20:17:53Z,changed config.yaml,https://github.com/BCStudentSoftwareDevTeam/lsf/commit/2365d43c3e53a233ce52c035f335432bcb3b5605
lsf,8d7655361f22dea2d0558a51ee06557988b140da,Kat Adams & Bria Williams,,Kat Adams & Bria Williams,2019-07-15T19:39:12Z,commas added cauase syntax,https://github.com/BCStudentSoftwareDevTeam/lsf/commit/8d7655361f22dea2d0558a51ee06557988b140da
lsf,9b9f14c12b66cd723fae6431dd00ff46b3f86fa4,Alex Bryant,,Alex Bryant,2019-07-15T19:37:29Z,Merge branch 'development' into 40,https://github.com/BCStudentSoftwareDevTeam/lsf/commit/9b9f14c12b66cd723fae6431dd00ff46b3f86fa4
lsf,0694688ee7c018b39353c510976238030bd47bb5,GuillermoCruz32,User,GuillermoCruz32,2019-07-15T19:34:37Z,"Finished as much as the HTML as we could, just waiting to link with other HTML pages.",https://github.com/BCStudentSoftwareDevTeam/lsf/commit/0694688ee7c018b39353c510976238030bd47bb5
lsf,f11cda86c20e0d4df82093158c352586b8911059,elajamali,User,elajamali,2019-07-15T19:07:01Z,fixing merge conflict,https://github.com/BCStudentSoftwareDevTeam/lsf/commit/f11cda86c20e0d4df82093158c352586b8911059
lsf,73f5778044c9002376078cce1a5ef193dcf5f561,Hila Manalai,,Hila Manalai,2019-07-15T19:03:23Z,Merge branch 'development' of https://bitbucket.org/laborstudents/lsf-flask into 31,https://github.com/BCStudentSoftwareDevTeam/lsf/commit/73f5778044c9002376078cce1a5ef193dcf5f561
lsf,1fce5e130c436679f01ca96391f998d7c360e558,Hila Manalai,,Hila Manalai,2019-07-15T19:03:12Z,fixing merge conflict,https://github.com/BCStudentSoftwareDevTeam/lsf/commit/1fce5e130c436679f01ca96391f998d7c360e558
lsf,5f2d31049f4a14ee02a3fcf6ab3cd76f187c5cfe,Kat Adams & Bria Williams,,Kat Adams & Bria Williams,2019-07-15T18:59:53Z,Merge branch 'development' of https://bitbucket.org/laborstudents/lsf-flask into development,https://github.com/BCStudentSoftwareDevTeam/lsf/commit/5f2d31049f4a14ee02a3fcf6ab3cd76f187c5cfe
lsf,eb08b1a6fe89cd3af84188cfaf2fd96fd4988563,Kat Adams & Bria Williams,,Kat Adams & Bria Williams,2019-07-15T18:59:16Z,added more dummies,https://github.com/BCStudentSoftwareDevTeam/lsf/commit/eb08b1a6fe89cd3af84188cfaf2fd96fd4988563
lsf,19ab9c840a91ce18554a8250ce8500b5fd7c913c,May,,May,2019-07-15T18:51:13Z,"we added the datepicker, model and and model to modify lsf and pending forms. We also fixed the position and colors of the buttons",https://github.com/BCStudentSoftwareDevTeam/lsf/commit/19ab9c840a91ce18554a8250ce8500b5fd7c913c
lsf,f755d5d0807626c82c504f108b587618d3f1135b,GuillermoCruz32,User,GuillermoCruz32,2019-07-15T18:46:21Z,Merge branch 'development' of https://bitbucket.org/laborstudents/lsf-flask into 35,https://github.com/BCStudentSoftwareDevTeam/lsf/commit/f755d5d0807626c82c504f108b587618d3f1135b
lsf,65b8bc3b14238dbe81d656b3b75585a111634bc4,sheggen,User,sheggen,2019-07-15T18:45:55Z,Busted stuff with docker; try now,https://github.com/BCStudentSoftwareDevTeam/lsf/commit/65b8bc3b14238dbe81d656b3b75585a111634bc4
lsf,4c709fddae3d9de7187656c5ce015cd7c810ded2,Kat Adams & Bria Williams,,Kat Adams & Bria Williams,2019-07-15T18:33:43Z,added primary key to formHistory and added staff to add dummy,https://github.com/BCStudentSoftwareDevTeam/lsf/commit/4c709fddae3d9de7187656c5ce015cd7c810ded2
lsf,578921248503128de26ca00bd2e11d64ff06242c,GuillermoCruz32,User,GuillermoCruz32,2019-07-15T18:29:42Z,Merge branch 'development' of https://bitbucket.org/laborstudents/lsf-flask into 35,https://github.com/BCStudentSoftwareDevTeam/lsf/commit/578921248503128de26ca00bd2e11d64ff06242c
lsf,7c60712e9ea557d2009a4607c31fee9df7999fe4,sheggen,User,sheggen,2019-07-15T18:27:40Z,Adding docker code plus other fixes in various other files to make Docker work,https://github.com/BCStudentSoftwareDevTeam/lsf/commit/7c60712e9ea557d2009a4607c31fee9df7999fe4
lsf,aea99b117dc66605fb2f6a07bd69727790d40637,Luis Riera,,Luis Riera,2019-07-15T18:18:59Z,Merge branch 'adminManagement' of https://bitbucket.org/laborstudents/lsf-flask into adminManagement,https://github.com/BCStudentSoftwareDevTeam/lsf/commit/aea99b117dc66605fb2f6a07bd69727790d40637
lsf,9b318a76686808a03ec5561522571a740d51ce3e,elajamali,User,elajamali,2019-07-15T18:18:49Z,fixing duplicate lsf,https://github.com/BCStudentSoftwareDevTeam/lsf/commit/9b318a76686808a03ec5561522571a740d51ce3e
lsf,5208fee49cf7b010b24c56c0084ac60406d032ed,santoshernandezr,User,santoshernandezr,2019-07-15T18:17:30Z,"created html files for email templates, term management, and admin management.",https://github.com/BCStudentSoftwareDevTeam/lsf/commit/5208fee49cf7b010b24c56c0084ac60406d032ed
lsf,aae2de4d9b00b807a28d36a210f6d8d1ed3abb17,Kat Adams & Bria Williams,,Kat Adams & Bria Williams,2019-07-15T18:16:26Z,fixed lsf anf foreign keyts and added to add_Dummy and it all works rn,https://github.com/BCStudentSoftwareDevTeam/lsf/commit/aae2de4d9b00b807a28d36a210f6d8d1ed3abb17
lsf,37a7fd7d3bbef8eb1751102f1a5ce88950767123,elajamali,User,elajamali,2019-07-15T18:12:16Z,Merge branch '31' of https://bitbucket.org/laborstudents/lsf-flask into 31,https://github.com/BCStudentSoftwareDevTeam/lsf/commit/37a7fd7d3bbef8eb1751102f1a5ce88950767123
lsf,4be7f9aa4dda7cb2719925294345a04f4c8bdf3d,Hila Manalai,,Hila Manalai,2019-07-15T18:09:05Z,Merge branch '31' of https://bitbucket.org/laborstudents/lsf-flask into 31,https://github.com/BCStudentSoftwareDevTeam/lsf/commit/4be7f9aa4dda7cb2719925294345a04f4c8bdf3d
lsf,078fabe63e60d85345f1207d02d66387af840c9b,Kat Adams & Bria Williams,,Kat Adams & Bria Williams,2019-07-15T18:06:10Z,mixed dummy data and lsf.py,https://github.com/BCStudentSoftwareDevTeam/lsf/commit/078fabe63e60d85345f1207d02d66387af840c9b
lsf,0ec19b89b93af531a6aa9cbb957fc24e438a8db8,Kat Adams & Bria Williams,,Kat Adams & Bria Williams,2019-07-15T17:49:58Z,"added new tables for dummy data, still working onlsf updates with foreign keys but hving trouble :(",https://github.com/BCStudentSoftwareDevTeam/lsf/commit/0ec19b89b93af531a6aa9cbb957fc24e438a8db8
lsf,0d39f12daf888e8a1972ece1e6e5497feb663321,elajamali,User,elajamali,2019-07-15T17:49:24Z,testing,https://github.com/BCStudentSoftwareDevTeam/lsf/commit/0d39f12daf888e8a1972ece1e6e5497feb663321
lsf,d203f6cac38ffb190564fc5c0e1d6ab291c86090,Alex Bryant,,Alex Bryant,2019-07-15T17:47:22Z,Merge branch 'development' of https://bitbucket.org/laborstudents/lsf-flask into 31,https://github.com/BCStudentSoftwareDevTeam/lsf/commit/d203f6cac38ffb190564fc5c0e1d6ab291c86090
lsf,af3c41bc5cfd3c2e60120c519dc8f7e8e1d4322d,elajamali,User,elajamali,2019-07-15T17:21:30Z,poulating selectpickers,https://github.com/BCStudentSoftwareDevTeam/lsf/commit/af3c41bc5cfd3c2e60120c519dc8f7e8e1d4322d
lsf,c42f664d9a563bfa18f905305a0853032d48b38d,Kat Adams & Bria Williams,,Kat Adams & Bria Williams,2019-07-15T15:47:03Z,OL.py foreign keys,https://github.com/BCStudentSoftwareDevTeam/lsf/commit/c42f664d9a563bfa18f905305a0853032d48b38d
lsf,6309014c7b1cb691f130cba64a2b189f83a7e64d,Kat Adams & Bria Williams,,Kat Adams & Bria Williams,2019-07-15T15:29:11Z,Foreign keys in formHistory,https://github.com/BCStudentSoftwareDevTeam/lsf/commit/6309014c7b1cb691f130cba64a2b189f83a7e64d
lsf,978a47bc8cbff25754d7c775c68589402c07f7f1,elajamali,User,elajamali,2019-07-15T14:34:42Z,Merge branch 'development' of https://bitbucket.org/laborstudents/lsf-flask into 31,https://github.com/BCStudentSoftwareDevTeam/lsf/commit/978a47bc8cbff25754d7c775c68589402c07f7f1
lsf,872fdd0a1155ebd152afc077fce198607e3234d6,elajamali,User,elajamali,2019-07-15T14:34:06Z,updating database,https://github.com/BCStudentSoftwareDevTeam/lsf/commit/872fdd0a1155ebd152afc077fce198607e3234d6
lsf,163c0f5af8802a93395960c625c4213ff5da5ee0,Kat Adams & Bria Williams,,Kat Adams & Bria Williams,2019-07-15T14:33:08Z,updated current add_dummy to reflect new changes,https://github.com/BCStudentSoftwareDevTeam/lsf/commit/163c0f5af8802a93395960c625c4213ff5da5ee0
lsf,d613cc95206547bc52ddca9dc6d012343dad6f0d,Kat Adams & Bria Williams,,Kat Adams & Bria Williams,2019-07-15T14:26:17Z,updated fields we are pulling from TRACY,https://github.com/BCStudentSoftwareDevTeam/lsf/commit/d613cc95206547bc52ddca9dc6d012343dad6f0d
lsf,d06058084220f726e791fd7475c3ef75e6e97ba0,Alex Bryant,,Alex Bryant,2019-07-15T14:13:58Z,Deleting unnecessary things in the html.,https://github.com/BCStudentSoftwareDevTeam/lsf/commit/d06058084220f726e791fd7475c3ef75e6e97ba0
lsf,9b114c7c9da9a6566c11750e24d45a7583b88787,Hila Manalai,,Hila Manalai,2019-07-15T14:05:16Z,Merge branch 'development' of https://bitbucket.org/laborstudents/lsf-flask into 31,https://github.com/BCStudentSoftwareDevTeam/lsf/commit/9b114c7c9da9a6566c11750e24d45a7583b88787
lsf,5b90ed81da5e60fb4ffd3636ba706753b4691dcc,elajamali,User,elajamali,2019-07-15T14:03:06Z,zxMerge branch 'development' of https://bitbucket.org/laborstudents/lsf-flask into 31,https://github.com/BCStudentSoftwareDevTeam/lsf/commit/5b90ed81da5e60fb4ffd3636ba706753b4691dcc
lsf,bcf38b1812524e33fc8bbd9520b2055da1180414,Kat Adams & Bria Williams,,Kat Adams & Bria Williams,2019-07-15T13:52:26Z,fixed tracy script,https://github.com/BCStudentSoftwareDevTeam/lsf/commit/bcf38b1812524e33fc8bbd9520b2055da1180414
lsf,b764eeb3bf27e3b99c250636ec5871ee4c60f5a3,Kat Adams & Bria Williams,,Kat Adams & Bria Williams,2019-07-15T13:51:07Z,got rid of tracy models that were wrong,https://github.com/BCStudentSoftwareDevTeam/lsf/commit/b764eeb3bf27e3b99c250636ec5871ee4c60f5a3
lsf,189ba2ecf6698d9089c9d48e1cab9ff762260f0c,Kat Adams & Bria Williams,,Kat Adams & Bria Williams,2019-07-15T13:43:33Z,fixed tracy db script but it wonr populate in my pepmyadmin despite being added to watch list..,https://github.com/BCStudentSoftwareDevTeam/lsf/commit/189ba2ecf6698d9089c9d48e1cab9ff762260f0c
lsf,175f73a758e1c0788c718d1af34e6825f6b24c9b,elajamali,User,elajamali,2019-07-15T13:36:02Z,fixing name issues,https://github.com/BCStudentSoftwareDevTeam/lsf/commit/175f73a758e1c0788c718d1af34e6825f6b24c9b
lsf,c2434e7f814ac2d69dc0348d8e02b2718b1e7ed3,elajamali,User,elajamali,2019-07-15T13:13:57Z,needed some changes,https://github.com/BCStudentSoftwareDevTeam/lsf/commit/c2434e7f814ac2d69dc0348d8e02b2718b1e7ed3
lsf,45c0cf00764c67d8352c5c461da749c171828936,Kat Adams & Bria Williams,,Kat Adams & Bria Williams,2019-07-15T13:13:36Z,finally got user table fixed and update add dummy to reflect,https://github.com/BCStudentSoftwareDevTeam/lsf/commit/45c0cf00764c67d8352c5c461da749c171828936
lsf,be5aa96d792a22a40d04341e7975cf0b63d02a54,Kat Adams & Bria Williams,,Kat Adams & Bria Williams,2019-07-15T13:06:49Z,updated migrate db script to account for new tables,https://github.com/BCStudentSoftwareDevTeam/lsf/commit/be5aa96d792a22a40d04341e7975cf0b63d02a54
lsf,38027b0daabce06413487cd5ffcf2ee7809faaeb,elajamali,User,elajamali,2019-07-15T13:05:27Z,changing file names to Camel case,https://github.com/BCStudentSoftwareDevTeam/lsf/commit/38027b0daabce06413487cd5ffcf2ee7809faaeb
lsf,8f9a632e44f3b3541226f063f5259d898bd763f2,elajamali,User,elajamali,2019-07-15T12:59:08Z,Merge branch 'development' of https://bitbucket.org/laborstudents/lsf-flask into 31,https://github.com/BCStudentSoftwareDevTeam/lsf/commit/8f9a632e44f3b3541226f063f5259d898bd763f2
lsf,a4676ead961f9253f0a4b2d29d4b0a6c8eef885c,Kat Adams & Bria Williams,,Kat Adams & Bria Williams,2019-07-15T12:42:42Z,Updated LSF and add_dummy for new DB format but with no foreign keys,https://github.com/BCStudentSoftwareDevTeam/lsf/commit/a4676ead961f9253f0a4b2d29d4b0a6c8eef885c
lsf,15a9e01c04b482c4a0332907df48e53a8b1c5233,May,,May,2019-07-12T22:44:32Z,"Created html, css, and js files for the modify pending and modify LSF forms. we also created the basic html for the modify LSF",https://github.com/BCStudentSoftwareDevTeam/lsf/commit/15a9e01c04b482c4a0332907df48e53a8b1c5233
lsf,0bf15f37562cd7ce7f47c6bc8e43c768da1101b1,elajamali,User,elajamali,2019-07-12T21:14:14Z,fixed modals a bit,https://github.com/BCStudentSoftwareDevTeam/lsf/commit/0bf15f37562cd7ce7f47c6bc8e43c768da1101b1
lsf,e852d444201dc3989ccf1539884eac6a5ceed198,Hila Manalai,,Hila Manalai,2019-07-12T21:07:42Z,added modal to review button,https://github.com/BCStudentSoftwareDevTeam/lsf/commit/e852d444201dc3989ccf1539884eac6a5ceed198
lsf,279f30c7101f31e8fbb6b53e052f362925e2e9d6,Alex Bryant,,Alex Bryant,2019-07-12T21:00:10Z,"added the html file, the js file, the python file, and the route in __init__ for the manage departments page.",https://github.com/BCStudentSoftwareDevTeam/lsf/commit/279f30c7101f31e8fbb6b53e052f362925e2e9d6
lsf,fab6d7056de88e43a7e3273c4bacbb7ac4aa44c8,elajamali,User,elajamali,2019-07-12T20:53:29Z,deleted the content of js,https://github.com/BCStudentSoftwareDevTeam/lsf/commit/fab6d7056de88e43a7e3273c4bacbb7ac4aa44c8
lsf,9843835a6bec96cdb3b585f9a0acc1ef44283de7,elajamali,User,elajamali,2019-07-12T20:51:48Z,datepicker is added,https://github.com/BCStudentSoftwareDevTeam/lsf/commit/9843835a6bec96cdb3b585f9a0acc1ef44283de7
lsf,abf31dc87471c99ff629c8e0fcc35778ba2bb316,GuillermoCruz32,User,GuillermoCruz32,2019-07-12T20:48:11Z,Finished most of the html page,https://github.com/BCStudentSoftwareDevTeam/lsf/commit/abf31dc87471c99ff629c8e0fcc35778ba2bb316
lsf,1c17aada8fa58c977b931a1517169997ef1017a3,Hila Manalai,,Hila Manalai,2019-07-12T18:51:57Z,added plus sign for adding more students,https://github.com/BCStudentSoftwareDevTeam/lsf/commit/1c17aada8fa58c977b931a1517169997ef1017a3
lsf,31798587e764d191db85ebc651cc361cff0145ea,elajamali,User,elajamali,2019-07-12T18:44:29Z,updatinf the form,https://github.com/BCStudentSoftwareDevTeam/lsf/commit/31798587e764d191db85ebc651cc361cff0145ea
lsf,3f3a695bb36f23074b7eff2b277bda21aae4f932,Kat Adams & Bria Williams,,Kat Adams & Bria Williams,2019-07-12T17:54:23Z,forgot to commit this in the last 1 oops,https://github.com/BCStudentSoftwareDevTeam/lsf/commit/3f3a695bb36f23074b7eff2b277bda21aae4f932
lsf,66139c8e9650d24491a9cf0c21027cfcfc1133cc,Kat Adams & Bria Williams,,Kat Adams & Bria Williams,2019-07-12T17:46:19Z,added OL form EXCLUDING foreign keys,https://github.com/BCStudentSoftwareDevTeam/lsf/commit/66139c8e9650d24491a9cf0c21027cfcfc1133cc
lsf,d08ae28cfc11109523ef5820d3b28b5dd0330c30,Kat Adams & Bria Williams,,Kat Adams & Bria Williams,2019-07-12T17:42:12Z,fixed department and added modifiedForm,https://github.com/BCStudentSoftwareDevTeam/lsf/commit/d08ae28cfc11109523ef5820d3b28b5dd0330c30
lsf,b12b9c58fa056600534a2121b028ee5d64261673,Kat Adams & Bria Williams,,Kat Adams & Bria Williams,2019-07-12T17:38:06Z,added department file,https://github.com/BCStudentSoftwareDevTeam/lsf/commit/b12b9c58fa056600534a2121b028ee5d64261673
lsf,49acd5019faeea5c1ea61524b76a86ba1055422d,Kat Adams & Bria Williams,,Kat Adams & Bria Williams,2019-07-12T17:34:05Z,updated emailTemplates file,https://github.com/BCStudentSoftwareDevTeam/lsf/commit/49acd5019faeea5c1ea61524b76a86ba1055422d
lsf,7b9c1d3916a01c64f648df3db9a492a35aba9e9d,Kat Adams & Bria Williams,,Kat Adams & Bria Williams,2019-07-12T17:31:53Z,added status table,https://github.com/BCStudentSoftwareDevTeam/lsf/commit/7b9c1d3916a01c64f648df3db9a492a35aba9e9d
lsf,b42e34d4f0bf439277d43e416617c99a26c90d3a,Kat Adams & Bria Williams,,Kat Adams & Bria Williams,2019-07-12T17:29:42Z,added formHistory tables EXCLUDING foreign keys),https://github.com/BCStudentSoftwareDevTeam/lsf/commit/b42e34d4f0bf439277d43e416617c99a26c90d3a
lsf,6790f75c34865a8cbb95abb2f73903da1c8aebe1,Hila Manalai,,Hila Manalai,2019-07-12T17:19:02Z,LSF modified,https://github.com/BCStudentSoftwareDevTeam/lsf/commit/6790f75c34865a8cbb95abb2f73903da1c8aebe1
lsf,5d9c3f7d8eaee8304e6985b5864fafae425d8c22,May,,May,2019-07-12T17:17:58Z,added basic html for the Supervisor Portal,https://github.com/BCStudentSoftwareDevTeam/lsf/commit/5d9c3f7d8eaee8304e6985b5864fafae425d8c22
lsf,f9de4035c9bbe2c04856aeea1e0bccb618ca584c,Kat Adams & Bria Williams,,Kat Adams & Bria Williams,2019-07-12T17:16:03Z,added student table,https://github.com/BCStudentSoftwareDevTeam/lsf/commit/f9de4035c9bbe2c04856aeea1e0bccb618ca584c
lsf,fa41c6936aae5537c7b7fe18772520d9e0ca6a18,Kat Adams & Bria Williams,,Kat Adams & Bria Williams,2019-07-12T15:47:19Z,tried again to migrate but having different errors now :((((,https://github.com/BCStudentSoftwareDevTeam/lsf/commit/fa41c6936aae5537c7b7fe18772520d9e0ca6a18
lsf,8f2f7e9ffe6c9757bdd0a2a23ef210fe98d3a985,elajamali,User,elajamali,2019-07-12T15:37:59Z,working on tootltip hover,https://github.com/BCStudentSoftwareDevTeam/lsf/commit/8f2f7e9ffe6c9757bdd0a2a23ef210fe98d3a985
lsf,141524d3b786d64083cbc05e66a232dbd5f9a57f,Kat Adams & Bria Williams,,Kat Adams & Bria Williams,2019-07-12T15:32:05Z,updated LRF but there's currently no dummy data for it,https://github.com/BCStudentSoftwareDevTeam/lsf/commit/141524d3b786d64083cbc05e66a232dbd5f9a57f
lsf,c9ca6c2be96598cb7f4ed71038da9344fb53dccd,GuillermoCruz32,User,GuillermoCruz32,2019-07-12T15:01:40Z,Created our controllers page.,https://github.com/BCStudentSoftwareDevTeam/lsf/commit/c9ca6c2be96598cb7f4ed71038da9344fb53dccd
lsf,523221ecfa43ed838c9bb83339ddd73f98bd1c0c,GuillermoCruz32,User,GuillermoCruz32,2019-07-12T14:59:11Z,Created the controller to our labor release form page.,https://github.com/BCStudentSoftwareDevTeam/lsf/commit/523221ecfa43ed838c9bb83339ddd73f98bd1c0c
lsf,8f17dc2134a7f194eb6f766380a1bf4915205ddc,Hila Manalai,,Hila Manalai,2019-07-12T14:42:10Z,modified labor-status-form,https://github.com/BCStudentSoftwareDevTeam/lsf/commit/8f17dc2134a7f194eb6f766380a1bf4915205ddc
lsf,4f39f4779a382eecfb988bb4adc29791c3ceb6e3,santoshernandezr,User,santoshernandezr,2019-07-12T14:39:52Z,Merge branch 'development' into adminManagement,https://github.com/BCStudentSoftwareDevTeam/lsf/commit/4f39f4779a382eecfb988bb4adc29791c3ceb6e3
lsf,172923c54f22be2119efa4cf9d4de4f67fef0d5e,Kat Adams & Bria Williams,,Kat Adams & Bria Williams,2019-07-12T14:35:21Z,Table not needed anymore,https://github.com/BCStudentSoftwareDevTeam/lsf/commit/172923c54f22be2119efa4cf9d4de4f67fef0d5e
lsf,436e8bd0629b433a25ac0a5c9d4f884e9f2deddc,santoshernandezr,User,santoshernandezr,2019-07-12T14:34:54Z,Merge branch 'development' of https://bitbucket.org/laborstudents/lsf-flask into adminManagement,https://github.com/BCStudentSoftwareDevTeam/lsf/commit/436e8bd0629b433a25ac0a5c9d4f884e9f2deddc
lsf,1bce5f49356d359fab078b960f88697e61af3115,Kat Adams & Bria Williams,,Kat Adams & Bria Williams,2019-07-12T14:33:50Z,"Unable to update user tbale but code is there, just commented out.",https://github.com/BCStudentSoftwareDevTeam/lsf/commit/1bce5f49356d359fab078b960f88697e61af3115
lsf,4b19034f3d953feaec833b7642123bf0c8268c71,Luis Riera,,Luis Riera,2019-07-12T14:33:46Z,Merge branch 'development' into adminManagement,https://github.com/BCStudentSoftwareDevTeam/lsf/commit/4b19034f3d953feaec833b7642123bf0c8268c71
lsf,3264e7df028a87ff3a1c0c241230ffe23a50fc96,GuillermoCruz32,User,GuillermoCruz32,2019-07-12T14:23:46Z,Merge branch 'development' of https://bitbucket.org/laborstudents/lsf-flask into 35,https://github.com/BCStudentSoftwareDevTeam/lsf/commit/3264e7df028a87ff3a1c0c241230ffe23a50fc96
lsf,af14a428d727134f6f893c16a9ef06a9f036e5e4,Alex Bryant,,Alex Bryant,2019-07-12T14:22:36Z,Added fields to the Labor Release Form HTML page.,https://github.com/BCStudentSoftwareDevTeam/lsf/commit/af14a428d727134f6f893c16a9ef06a9f036e5e4
lsf,70a7e1263bf055c0a8918dee8c32ea19c1537f2f,santoshernandezr,User,santoshernandezr,2019-07-12T13:54:59Z,added termManagement.html,https://github.com/BCStudentSoftwareDevTeam/lsf/commit/70a7e1263bf055c0a8918dee8c32ea19c1537f2f
lsf,f837e5e345f11fcca3fc7bfe815a8377822ae5fc,Kat Adams & Bria Williams,,Kat Adams & Bria Williams,2019-07-12T13:51:04Z,Updated all necessary for Term. Added tracy file too,https://github.com/BCStudentSoftwareDevTeam/lsf/commit/f837e5e345f11fcca3fc7bfe815a8377822ae5fc
lsf,77e8a3f77b34612f5e7ced9aa30fcc39e728fcee,elajamali,User,elajamali,2019-07-12T13:46:55Z,form updated,https://github.com/BCStudentSoftwareDevTeam/lsf/commit/77e8a3f77b34612f5e7ced9aa30fcc39e728fcee
lsf,97a5f6f4f78a32d98e8d859177b5daccf101e493,Hila Manalai,,Hila Manalai,2019-07-12T12:53:44Z,working on labor status form html,https://github.com/BCStudentSoftwareDevTeam/lsf/commit/97a5f6f4f78a32d98e8d859177b5daccf101e493
lsf,ba1f193a407270473ee56ac8108d164976cb1727,HaileyB0311,User,HaileyB0311,2019-07-11T20:50:09Z,made minor changes to the Supervisor Portal HTML page,https://github.com/BCStudentSoftwareDevTeam/lsf/commit/ba1f193a407270473ee56ac8108d164976cb1727
lsf,9dfeee84dfaf71edf760919539a26cc8433eca97,elajamali,User,elajamali,2019-07-11T20:44:15Z,selectpickers and titles are added,https://github.com/BCStudentSoftwareDevTeam/lsf/commit/9dfeee84dfaf71edf760919539a26cc8433eca97
lsf,2f934fc6a46881d5163aaf49091e1f4bd0bdf96d,elajamali,User,elajamali,2019-07-11T20:09:43Z,started making the HTML,https://github.com/BCStudentSoftwareDevTeam/lsf/commit/2f934fc6a46881d5163aaf49091e1f4bd0bdf96d
lsf,a02c7606109e0e5c2f5f385289aea1b2f019f541,Alex Bryant,,Alex Bryant,2019-07-11T20:09:28Z,added html file for labor release form page.,https://github.com/BCStudentSoftwareDevTeam/lsf/commit/a02c7606109e0e5c2f5f385289aea1b2f019f541
lsf,d8f172d4f6f5a7e2d6d4aa4f4555efc32a4dd168,Kat Adams & Bria Williams,,Kat Adams & Bria Williams,2019-07-11T19:35:39Z,reverting to the yuck,https://github.com/BCStudentSoftwareDevTeam/lsf/commit/d8f172d4f6f5a7e2d6d4aa4f4555efc32a4dd168
lsf,591f5719c6a92285a1a469e780f8eddbc2c1e6a1,Kat Adams & Bria Williams,,Kat Adams & Bria Williams,2019-07-11T17:56:16Z,"Updated user in /models and in /models/Tracy
:",https://github.com/BCStudentSoftwareDevTeam/lsf/commit/591f5719c6a92285a1a469e780f8eddbc2c1e6a1
lsf,54d47f96d813fc675bcde0fcedd05cdf796e3bed,Kat Adams & Bria Williams,,Kat Adams & Bria Williams,2019-07-11T13:29:26Z,server setup workaround with comments,https://github.com/BCStudentSoftwareDevTeam/lsf/commit/54d47f96d813fc675bcde0fcedd05cdf796e3bed
lsf,7e30b342d880d5bfce4f84bc92f5afad8c77b3bf,sheggen,User,sheggen,2019-07-11T12:58:38Z,Merge branch 'development' of https://bitbucket.org/laborstudents/lsf-flask into development,https://github.com/BCStudentSoftwareDevTeam/lsf/commit/7e30b342d880d5bfce4f84bc92f5afad8c77b3bf
lsf,f0b04625f909625c2ab6df08a32b1ce9474ac7fd,sheggen,User,sheggen,2019-07-11T12:58:30Z,Generating sql files for testing,https://github.com/BCStudentSoftwareDevTeam/lsf/commit/f0b04625f909625c2ab6df08a32b1ce9474ac7fd
lsf,53a479089d5d857dcb9575874e31b648424a5018,Kat Adams & Bria Williams,,Kat Adams & Bria Williams,2019-07-09T12:50:50Z,Merge branch 'development' of https://bitbucket.org/laborstudents/lsf-flask into development,https://github.com/BCStudentSoftwareDevTeam/lsf/commit/53a479089d5d857dcb9575874e31b648424a5018
lsf,7d431e549af95c5cc6944ff46a7008e294a3adc9,sheggen,User,sheggen,2019-07-09T04:18:43Z,Merge branch 'development' of https://bitbucket.org/laborstudents/lsf-flask into development,https://github.com/BCStudentSoftwareDevTeam/lsf/commit/7d431e549af95c5cc6944ff46a7008e294a3adc9
lsf,9e973b42469a4fbce4ac7a8107b7ce8fd7d9e33e,sheggen,User,sheggen,2019-07-09T04:18:28Z,Working on docker setup and database migration scripts,https://github.com/BCStudentSoftwareDevTeam/lsf/commit/9e973b42469a4fbce4ac7a8107b7ce8fd7d9e33e
lsf,d1825de102dfd41647efc15a0b2e7bb47e48a405,Kat Adams & Bria Williams,,Kat Adams & Bria Williams,2019-07-08T17:27:45Z,notes,https://github.com/BCStudentSoftwareDevTeam/lsf/commit/d1825de102dfd41647efc15a0b2e7bb47e48a405
lsf,a6bde1f18845b232a89c958efde31a68c83a3d84,Kat Adams & Bria Williams,,Kat Adams & Bria Williams,2019-07-08T17:21:54Z,COmments,https://github.com/BCStudentSoftwareDevTeam/lsf/commit/a6bde1f18845b232a89c958efde31a68c83a3d84
lsf,b5b561f3146ede050a5951d4a69399c52a602a8d,sheggen,User,sheggen,2019-07-08T12:53:57Z,added a favicon; updated README with instructions to start app,https://github.com/BCStudentSoftwareDevTeam/lsf/commit/b5b561f3146ede050a5951d4a69399c52a602a8d
lsf,1be9d2ada76169fde00babea8ecdd9404505af6f,sheggen,User,sheggen,2019-07-05T12:46:02Z,Simulating Tracy now,https://github.com/BCStudentSoftwareDevTeam/lsf/commit/1be9d2ada76169fde00babea8ecdd9404505af6f
lsf,4fafbf8084fd96e9d5af99e1e70d47461ab20cc7,sheggen,User,sheggen,2019-07-05T03:20:03Z,Fixing up some HTML. Starting to look like a template,https://github.com/BCStudentSoftwareDevTeam/lsf/commit/4fafbf8084fd96e9d5af99e1e70d47461ab20cc7
lsf,b0df79ade29030855ab0f8c2905d7271dc62bac8,sheggen,User,sheggen,2019-07-04T20:30:56Z,Got all controllers into a controllers folder,https://github.com/BCStudentSoftwareDevTeam/lsf/commit/b0df79ade29030855ab0f8c2905d7271dc62bac8
lsf,06cff886ccb24007b021ac4df213eabbfc5a658b,sheggen,User,sheggen,2019-07-04T12:55:55Z,added admin interface. Took 5m,https://github.com/BCStudentSoftwareDevTeam/lsf/commit/06cff886ccb24007b021ac4df213eabbfc5a658b
lsf,8957d3c69f6616f32dc71eb5b3763b40433643c3,sheggen,User,sheggen,2019-07-04T05:08:51Z,"Added more to laborstatusform.html, including iterating through full object",https://github.com/BCStudentSoftwareDevTeam/lsf/commit/8957d3c69f6616f32dc71eb5b3763b40433643c3
lsf,0e24c763bd81d300e4bd2a2c709c7bf68c4a63dc,sheggen,User,sheggen,2019-07-04T04:46:37Z,Made add_dummy_data.py much less painful; added route for laborstatusform as a starting point for team,https://github.com/BCStudentSoftwareDevTeam/lsf/commit/0e24c763bd81d300e4bd2a2c709c7bf68c4a63dc
lsf,f86306a43724c133a72917f9b473fbd1cb2d9dce,sheggen,User,sheggen,2019-07-04T04:22:21Z,minor edits to the readme for clarity on using peewee migrations,https://github.com/BCStudentSoftwareDevTeam/lsf/commit/f86306a43724c133a72917f9b473fbd1cb2d9dce
lsf,d82b30cfec0e632fc54a3cef48f6bc65031b4aeb,sheggen,User,sheggen,2019-07-04T04:18:36Z,"Updating terminology for clarity, and starting work on models",https://github.com/BCStudentSoftwareDevTeam/lsf/commit/d82b30cfec0e632fc54a3cef48f6bc65031b4aeb
lsf,7d44f14278aefa12392b393b545dcf92f10851a9,sheggen,User,sheggen,2019-07-04T03:39:00Z,removing unnecessary and confusing route.py,https://github.com/BCStudentSoftwareDevTeam/lsf/commit/7d44f14278aefa12392b393b545dcf92f10851a9
lsf,27c2f368c50ef2ec0966ae102285b5f7d5ae29ba,sheggen,User,sheggen,2019-07-04T03:36:07Z,setting up app for initial workingness,https://github.com/BCStudentSoftwareDevTeam/lsf/commit/27c2f368c50ef2ec0966ae102285b5f7d5ae29ba
lsf,b3256d418a5623db8aabc0bdf011556ce5ec5f28,Kat Adams & Bria Williams,,Kat Adams & Bria Williams,2019-07-03T15:59:09Z,added empty files so directories show up on bitbucket and the ame directory doesnt get made twice,https://github.com/BCStudentSoftwareDevTeam/lsf/commit/b3256d418a5623db8aabc0bdf011556ce5ec5f28
lsf,e8474abc6c2ca0bfc265137dca8682d09143a84f,Kat Adams & Bria Williams,,Kat Adams & Bria Williams,2019-07-03T15:57:47Z,added empty files so directories show up on bitbucket and the ame directory doesnt get made twice,https://github.com/BCStudentSoftwareDevTeam/lsf/commit/e8474abc6c2ca0bfc265137dca8682d09143a84f
lsf,d756d891747249c4cbc3eae4c25c662a6ff95fe0,Kat Adams & Bria Williams,,Kat Adams & Bria Williams,2019-07-03T15:56:00Z,fixed primary key fields that are integers and started term.py),https://github.com/BCStudentSoftwareDevTeam/lsf/commit/d756d891747249c4cbc3eae4c25c662a6ff95fe0
lsf,3bceb3c82582ce53501829c00f3b82b10037c4f2,Kat Adams & Bria Williams,,Kat Adams & Bria Williams,2019-07-03T15:32:12Z,Documentation,https://github.com/BCStudentSoftwareDevTeam/lsf/commit/3bceb3c82582ce53501829c00f3b82b10037c4f2
lsf,3d626da0aa6b041d05977b08d9e21fb4f8173743,sheggen,User,sheggen,2019-07-03T15:12:34Z,Merge branch 'development' of https://bitbucket.org/laborstudents/lsf-flask into development,https://github.com/BCStudentSoftwareDevTeam/lsf/commit/3d626da0aa6b041d05977b08d9e21fb4f8173743
lsf,cf24494d3d28efe675ed7819d9b5488734bb07b0,sheggen,User,sheggen,2019-07-03T15:12:25Z,setup.sh now works. Look at the notes to see some dependency issues,https://github.com/BCStudentSoftwareDevTeam/lsf/commit/cf24494d3d28efe675ed7819d9b5488734bb07b0
lsf,505a08e2c1d8f4a72f39b2f838ea72b629af90a9,Kat Adams & Bria Williams,,Kat Adams & Bria Williams,2019-07-03T15:00:26Z,added new tables to __init__.py,https://github.com/BCStudentSoftwareDevTeam/lsf/commit/505a08e2c1d8f4a72f39b2f838ea72b629af90a9
lsf,da7c0bf6d98864533c92865c3a51dc78ec39e48c,Kat Adams & Bria Williams,,Kat Adams & Bria Williams,2019-07-03T14:57:45Z,added laborreleaseform.py and queries,https://github.com/BCStudentSoftwareDevTeam/lsf/commit/da7c0bf6d98864533c92865c3a51dc78ec39e48c
lsf,da3052d04499ac309ce2288bdd8575a1947a2f18,Kat Adams & Bria Williams,,Kat Adams & Bria Williams,2019-07-03T14:28:25Z,added emailTemplate class and insert function. Documentation on other py files fixed.,https://github.com/BCStudentSoftwareDevTeam/lsf/commit/da3052d04499ac309ce2288bdd8575a1947a2f18
lsf,f3402b87ed18ecdf8ee51ad368d78b701d590160,Kat Adams & Bria Williams,,Kat Adams & Bria Williams,2019-07-02T21:24:36Z,Made the starter config file with what I think we would need.,https://github.com/BCStudentSoftwareDevTeam/lsf/commit/f3402b87ed18ecdf8ee51ad368d78b701d590160
lsf,3815016e4e43c99ed2ba9af2224f9aaca7e0496a,Kat Adams & Bria Williams,,Kat Adams & Bria Williams,2019-07-02T20:36:23Z,Added other tables to __init__,https://github.com/BCStudentSoftwareDevTeam/lsf/commit/3815016e4e43c99ed2ba9af2224f9aaca7e0496a
lsf,67ef97fb363c2d5b628e1e8b28a5cd0767d71d3f,Kat Adams & Bria Williams,,Kat Adams & Bria Williams,2019-07-02T20:33:34Z,Documentation,https://github.com/BCStudentSoftwareDevTeam/lsf/commit/67ef97fb363c2d5b628e1e8b28a5cd0767d71d3f
lsf,c9d55bb1c1e8780eb4162f96d4cd3c2fa45cc368,Kat Adams & Bria Williams,,Kat Adams & Bria Williams,2019-07-02T20:09:39Z,finished student queries,https://github.com/BCStudentSoftwareDevTeam/lsf/commit/c9d55bb1c1e8780eb4162f96d4cd3c2fa45cc368
lsf,52a301ce341aa69dc2f1822d3ec634d9c86c1a9d,Kat Adams & Bria Williams,,Kat Adams & Bria Williams,2019-07-02T19:55:21Z,copied and pasted from accessibility.md in advoffice,https://github.com/BCStudentSoftwareDevTeam/lsf/commit/52a301ce341aa69dc2f1822d3ec634d9c86c1a9d
lsf,9b52753d802de382a07c789dc952ef158a58e674,Kat Adams & Bria Williams,,Kat Adams & Bria Williams,2019-07-02T19:47:08Z,"added student.py, logic/absolute_path.py",https://github.com/BCStudentSoftwareDevTeam/lsf/commit/9b52753d802de382a07c789dc952ef158a58e674
lsf,5490d90a9fb57fed94200eecfc4580adccb0eb95,Kat Adams & Bria Williams,,Kat Adams & Bria Williams,2019-07-02T19:26:33Z,queries except insert partLaborStatusForm cause...imnot really sure how LSF is realted to PLSF,https://github.com/BCStudentSoftwareDevTeam/lsf/commit/5490d90a9fb57fed94200eecfc4580adccb0eb95
lsf,6c5a273d967316fd90ced9dc0b0097bfdc07ff5b,Kat Adams & Bria Williams,,Kat Adams & Bria Williams,2019-07-02T19:17:29Z,Added attributes to pastLaborStatusForm.py and comments for what I was unsure about.,https://github.com/BCStudentSoftwareDevTeam/lsf/commit/6c5a273d967316fd90ced9dc0b0097bfdc07ff5b
lsf,97d1f6fe0a62756d5698b4bd278ec0d684cef0f0,Kat Adams & Bria Williams,,Kat Adams & Bria Williams,2019-07-02T19:09:03Z,initialized pastLaborStatusForm,https://github.com/BCStudentSoftwareDevTeam/lsf/commit/97d1f6fe0a62756d5698b4bd278ec0d684cef0f0
lsf,20f0f0c03f779ab89489a61f14edb49068ff0e1d,Kat Adams & Bria Williams,,Kat Adams & Bria Williams,2019-07-02T18:32:47Z,documentation w/ questions for questionable fields,https://github.com/BCStudentSoftwareDevTeam/lsf/commit/20f0f0c03f779ab89489a61f14edb49068ff0e1d
lsf,ad3be924b9cbc7fd2a2592dc90b139288f3a7f94,Kat Adams & Bria Williams,,Kat Adams & Bria Williams,2019-07-02T18:25:32Z,documentation,https://github.com/BCStudentSoftwareDevTeam/lsf/commit/ad3be924b9cbc7fd2a2592dc90b139288f3a7f94
lsf,9ad1456fe57a43d468db922224ea3ee8ec1af5f1,Kat Adams & Bria Williams,,Kat Adams & Bria Williams,2019-07-02T18:15:50Z,"Added user file, updated __init__",https://github.com/BCStudentSoftwareDevTeam/lsf/commit/9ad1456fe57a43d468db922224ea3ee8ec1af5f1
lsf,f697ea9972e8c6b19ce4da3206c8711bbd8d1c82,Kat Adams & Bria Williams,,Kat Adams & Bria Williams,2019-07-02T18:00:42Z,Added fields according to paper prototype and updated Insert query. Put questions as comnments in file.,https://github.com/BCStudentSoftwareDevTeam/lsf/commit/f697ea9972e8c6b19ce4da3206c8711bbd8d1c82
lsf,8a9580ad1cf234998b3a566ae3a2a0cba1c28a3a,Kat Adams & Bria Williams,,Kat Adams & Bria Williams,2019-07-02T17:51:14Z,Added laborStatusForm to __init__.py,https://github.com/BCStudentSoftwareDevTeam/lsf/commit/8a9580ad1cf234998b3a566ae3a2a0cba1c28a3a
lsf,fc9a4e185e89cd35611c7c101ae858429c00e169,Kat Adams & Bria Williams,,Kat Adams & Bria Williams,2019-07-02T17:49:02Z,Labor Status Form model and init files,https://github.com/BCStudentSoftwareDevTeam/lsf/commit/fc9a4e185e89cd35611c7c101ae858429c00e169
lsf,f2b469d394a149f591ed7e62913e4f31f1ecfbe3,Kat Adams & Bria Williams,,Kat Adams & Bria Williams,2019-07-01T20:45:49Z,all working except pip install pymysql,https://github.com/BCStudentSoftwareDevTeam/lsf/commit/f2b469d394a149f591ed7e62913e4f31f1ecfbe3
lsf,9e5bd1a6b0875eeaa30ab72075eddca601c77b9f,Kat Adams & Bria Williams,,Kat Adams & Bria Williams,2019-07-01T19:38:02Z,loadConfig.py filled in,https://github.com/BCStudentSoftwareDevTeam/lsf/commit/9e5bd1a6b0875eeaa30ab72075eddca601c77b9f
lsf,5de25200d5b1b5d1faf96dcf974c827a9e55b2aa,Kat Adams & Bria Williams,,Kat Adams & Bria Williams,2019-07-01T19:33:16Z,setup.sh but its not working,https://github.com/BCStudentSoftwareDevTeam/lsf/commit/5de25200d5b1b5d1faf96dcf974c827a9e55b2aa
lsf,0b90c8bb9036959f6e5cb8185932e7eae0de17a3,Kat Adams & Bria Williams,,Kat Adams & Bria Williams,2019-07-01T17:57:59Z,allImports.py but idk if we need those model imports or not,https://github.com/BCStudentSoftwareDevTeam/lsf/commit/0b90c8bb9036959f6e5cb8185932e7eae0de17a3
lsf,abe16f81376c7556c22622d926747d3cfca1664d,Kat Adams & Bria Williams,,Kat Adams & Bria Williams,2019-07-01T17:51:08Z,__init__.py copied except fromapp.controllers import *,https://github.com/BCStudentSoftwareDevTeam/lsf/commit/abe16f81376c7556c22622d926747d3cfca1664d
lsf,3b58db04cc9def00a8ce1cedb75b47b040c75ac6,Kat Adams & Bria Williams,,Kat Adams & Bria Williams,2019-07-01T17:42:12Z,Setup.sh for real this time,https://github.com/BCStudentSoftwareDevTeam/lsf/commit/3b58db04cc9def00a8ce1cedb75b47b040c75ac6
lsf,e0b8a304496d25a5392320484b8da7b031f24b59,Kat Adams & Bria Williams,,Kat Adams & Bria Williams,2019-07-01T17:37:12Z,setup.sh copied but no update-schema,https://github.com/BCStudentSoftwareDevTeam/lsf/commit/e0b8a304496d25a5392320484b8da7b031f24b59
lsf,d407aa3b95eda0a2489d91b3d118df1f4746743d,Kat Adams & Bria Williams,,Kat Adams & Bria Williams,2019-07-01T17:29:20Z,Filled in app.py,https://github.com/BCStudentSoftwareDevTeam/lsf/commit/d407aa3b95eda0a2489d91b3d118df1f4746743d
lsf,a4d8ec9ef9a6f9b34dc75225bd629414abde77ab,Kat Adams & Bria Williams,,Kat Adams & Bria Williams,2019-07-01T17:12:56Z,filled in flaskapp.wsgi,https://github.com/BCStudentSoftwareDevTeam/lsf/commit/a4d8ec9ef9a6f9b34dc75225bd629414abde77ab
lsf,5ae31e9621d44a7e312c95b7055ea11d243a5090,Kat Adams & Bria Williams,,Kat Adams & Bria Williams,2019-07-01T15:46:25Z,First batch of file setups,https://github.com/BCStudentSoftwareDevTeam/lsf/commit/5ae31e9621d44a7e312c95b7055ea11d243a5090
lsf,5b38ebac59e47bbaa9996d42af81da56f56003eb,wgs1862019,User,wgs1862019,2019-06-26T15:47:31Z,"Merged in Katelyn-Adams/readmemd-edited-online-with-bitbucket-1561563973753 (pull request #1)

README.md edited online with Bitbucket",https://github.com/BCStudentSoftwareDevTeam/lsf/commit/5b38ebac59e47bbaa9996d42af81da56f56003eb
lsf,c9dec8ba0f91e0c703210739163d9e39befef437,wgs1862019,User,wgs1862019,2019-06-26T15:46:17Z,README.md edited online with Bitbucket,https://github.com/BCStudentSoftwareDevTeam/lsf/commit/c9dec8ba0f91e0c703210739163d9e39befef437
lsf,7438cc4ebfe67b109dd6a0f15d727117bfa72a86,sheggen,User,sheggen,2019-06-26T15:38:30Z,Initial commit,https://github.com/BCStudentSoftwareDevTeam/lsf/commit/7438cc4ebfe67b109dd6a0f15d727117bfa72a86
