repo,number,title,author,author_type,state,created_at,updated_at,closed_at,comments_count,html_url,days_to_close
lsf,2,Editable fields when modifying an existing form,bryantal,User,closed,2019-06-26 17:10:07+00:00,2019-07-17T20:19:08Z,2019-07-17 20:19:08+00:00,1,https://github.com/BCStudentSoftwareDevTeam/lsf/issues/2,21.131261574074074
lsf,3,Footer rework,bryantal,User,closed,2019-06-26 17:12:08+00:00,2019-07-17T20:18:53Z,2019-07-17 20:18:53+00:00,1,https://github.com/BCStudentSoftwareDevTeam/lsf/issues/3,21.1296875
lsf,4,Adding and Admin needs validation,bryantal,User,closed,2019-06-26 17:15:13+00:00,2019-07-18T15:11:00Z,2019-07-18 15:11:00+00:00,1,https://github.com/BCStudentSoftwareDevTeam/lsf/issues/4,21.913738425925924
lsf,5,Flagging departments that are out of compliance,bryantal,User,closed,2019-06-26 17:18:17+00:00,2019-08-22T18:14:48Z,2019-08-22 18:14:48+00:00,1,https://github.com/BCStudentSoftwareDevTeam/lsf/issues/5,57.03924768518519
lsf,6,Past forms loading,bryantal,User,closed,2019-06-26 17:19:55+00:00,2019-07-17T20:17:06Z,2019-07-17 20:17:06+00:00,1,https://github.com/BCStudentSoftwareDevTeam/lsf/issues/6,21.12304398148148
lsf,7,Add end date for breaks,bryantal,User,closed,2019-06-26 17:21:08+00:00,2019-07-17T20:16:44Z,2019-07-17 20:16:44+00:00,1,https://github.com/BCStudentSoftwareDevTeam/lsf/issues/7,21.121944444444445
lsf,8,Allow admins to elect a start/end date for break terms,bryantal,User,closed,2019-06-26 17:23:55+00:00,2019-07-17T20:19:55Z,2019-07-17 20:19:55+00:00,1,https://github.com/BCStudentSoftwareDevTeam/lsf/issues/8,21.122222222222224
lsf,9,Adding a Download All button,bryantal,User,closed,2019-06-26 17:28:47+00:00,2019-09-10T19:57:37Z,2019-09-10 19:57:37+00:00,4,https://github.com/BCStudentSoftwareDevTeam/lsf/issues/9,76.10335648148148
lsf,10,Add term on release forms,bryantal,User,closed,2019-06-26 17:32:49+00:00,2019-07-17T20:16:29Z,2019-07-17 20:16:29+00:00,2,https://github.com/BCStudentSoftwareDevTeam/lsf/issues/10,21.11365740740741
lsf,11,Labor Status Forms: prevent submitters from choosing certain WLS levels,bryantal,User,closed,2019-06-26 17:38:34+00:00,2020-01-27T18:36:04Z,2020-01-27 18:36:04+00:00,8,https://github.com/BCStudentSoftwareDevTeam/lsf/issues/11,215.03993055555554
lsf,12,Labor History: Disable adjustments to WLS level during certain date ranges,bryantal,User,closed,2019-06-26 17:42:50+00:00,2020-05-15T14:42:03Z,2020-05-15 14:42:03+00:00,2,https://github.com/BCStudentSoftwareDevTeam/lsf/issues/12,323.8744560185185
lsf,13,Modify LSF: Position adjustments: default to WLS 1,bryantal,User,closed,2019-06-26 17:55:08+00:00,2019-10-16T17:43:24Z,2019-10-16 17:43:24+00:00,4,https://github.com/BCStudentSoftwareDevTeam/lsf/issues/13,111.99185185185185
lsf,14,Tabbing (Accessibility),bryantal,User,closed,2019-06-26 18:10:03+00:00,2019-08-23T13:03:44Z,2019-08-23 13:03:44+00:00,1,https://github.com/BCStudentSoftwareDevTeam/lsf/issues/14,57.787280092592596
lsf,15,Notes Unclear and Add Notes for submitters,bryantal,User,closed,2019-06-26 18:16:11+00:00,2019-07-17T20:15:14Z,2019-07-17 20:15:14+00:00,1,https://github.com/BCStudentSoftwareDevTeam/lsf/issues/15,21.08267361111111
lsf,16,Supervisor Portal rework,bryantal,User,closed,2019-06-26 18:22:12+00:00,2019-07-16T15:56:46Z,2019-07-16 15:56:46+00:00,1,https://github.com/BCStudentSoftwareDevTeam/lsf/issues/16,19.89900462962963
lsf,17,Past Labor Status Forms Admin interface: Add a Created date/time column to the table,bryantal,User,closed,2019-06-26 18:23:07+00:00,2019-07-16T15:57:24Z,2019-07-16 15:57:24+00:00,1,https://github.com/BCStudentSoftwareDevTeam/lsf/issues/17,19.89880787037037
lsf,18,"Remove the timestamp for ""Start date"" on emails",bryantal,User,closed,2019-06-26 18:24:16+00:00,2019-09-10T20:07:30Z,2019-09-10 20:07:30+00:00,1,https://github.com/BCStudentSoftwareDevTeam/lsf/issues/18,76.07168981481482
lsf,19,"Reject emails are causing a refresh on the pending LSF page, allowing for multiple button presses",bryantal,User,closed,2019-06-26 18:25:25+00:00,2019-09-10T20:07:57Z,2019-09-10 20:07:57+00:00,1,https://github.com/BCStudentSoftwareDevTeam/lsf/issues/19,76.0712037037037
lsf,20,Labor Overloads,bryantal,User,closed,2019-06-26 18:30:49+00:00,2019-07-16T15:54:26Z,2019-07-16 15:54:26+00:00,1,https://github.com/BCStudentSoftwareDevTeam/lsf/issues/20,19.891400462962963
lsf,21,Email Templates are fragile,bryantal,User,closed,2019-06-26 18:34:40+00:00,2019-07-16T15:52:10Z,2019-07-16 15:52:10+00:00,2,https://github.com/BCStudentSoftwareDevTeam/lsf/issues/21,19.88715277777778
lsf,22,Labor Status Form : Secondary position cannot be WLS 5 or 6,bryantal,User,closed,2019-06-26 18:37:16+00:00,2019-09-11T17:45:59Z,2019-09-11 17:45:59+00:00,4,https://github.com/BCStudentSoftwareDevTeam/lsf/issues/22,76.96438657407407
lsf,23,Approved link broken,bryantal,User,closed,2019-06-26 18:41:27+00:00,2019-09-10T20:09:18Z,2019-09-10 20:09:18+00:00,1,https://github.com/BCStudentSoftwareDevTeam/lsf/issues/23,76.06100694444444
lsf,24,Term missing in email,bryantal,User,closed,2019-06-26 18:44:50+00:00,2019-09-10T20:09:51Z,2019-09-10 20:09:51+00:00,1,https://github.com/BCStudentSoftwareDevTeam/lsf/issues/24,76.05903935185185
lsf,25,Admin feature: interface to manage departments (enable/disable),bryantal,User,closed,2019-06-26 19:17:46+00:00,2019-07-17T20:07:01Z,2019-07-17 20:07:01+00:00,1,https://github.com/BCStudentSoftwareDevTeam/lsf/issues/25,21.03420138888889
lsf,26,Pending Forms: Allow Labor Office to decide whether or not email notifications when rejecting labor status forms,bryantal,User,closed,2019-06-26 19:21:31+00:00,2022-05-27T20:05:41Z,2020-01-22 19:58:21+00:00,2,https://github.com/BCStudentSoftwareDevTeam/lsf/issues/26,210.0255787037037
lsf,27,"""Adding Term Flags and Email Templates""",bryantal,User,closed,2019-06-26 19:26:02+00:00,2019-07-17T20:07:52Z,2019-07-17 20:07:52+00:00,1,https://github.com/BCStudentSoftwareDevTeam/lsf/issues/27,21.029050925925926
lsf,28,Allow admins to edit the total hours for the break forms,bryantal,User,closed,2019-06-26 19:29:54+00:00,2019-07-17T20:09:07Z,2019-07-17 20:09:07+00:00,1,https://github.com/BCStudentSoftwareDevTeam/lsf/issues/28,21.027233796296297
lsf,29,Audit Summer/Break labor functionality.,bryantal,User,closed,2019-06-26 19:33:46+00:00,2019-09-10T20:18:06Z,2019-09-10 20:18:06+00:00,1,https://github.com/BCStudentSoftwareDevTeam/lsf/issues/29,76.03078703703704
lsf,30,Labor Overload Form (Student interface),bryantal,User,closed,2019-07-02 15:17:46+00:00,2020-01-20T18:38:34Z,2020-01-20 18:38:34+00:00,3,https://github.com/BCStudentSoftwareDevTeam/lsf/issues/30,202.13944444444445
lsf,31,Labor Status Form Feature: rework of Labor Status Form,bryantal,User,closed,2019-07-08 19:51:38+00:00,2020-01-16T15:18:28Z,2020-01-16 15:18:28+00:00,3,https://github.com/BCStudentSoftwareDevTeam/lsf/issues/31,191.81030092592593
lsf,32,Feature: rework of supervisor portal,bryantal,User,closed,2019-07-08 19:58:45+00:00,2019-08-23T13:10:09Z,2019-08-23 13:10:09+00:00,2,https://github.com/BCStudentSoftwareDevTeam/lsf/issues/32,45.71625
lsf,33,Pending Labor Forms (interface creation) (admin),bryantal,User,closed,2019-07-08 20:01:06+00:00,2020-02-04T14:34:33Z,2020-02-04 14:34:33+00:00,3,https://github.com/BCStudentSoftwareDevTeam/lsf/issues/33,210.77322916666665
lsf,34,Past forms (interface creation) (Admin),bryantal,User,closed,2019-07-08 20:03:11+00:00,2019-11-06T15:54:38Z,2019-11-06 15:54:38+00:00,2,https://github.com/BCStudentSoftwareDevTeam/lsf/issues/34,120.82739583333333
lsf,35,Feature: rework of Labor Release Forms,bryantal,User,closed,2019-07-08 20:05:27+00:00,2019-08-21T18:23:27Z,2019-08-21 18:23:27+00:00,2,https://github.com/BCStudentSoftwareDevTeam/lsf/issues/35,43.92916666666667
lsf,36,Email templates (admin),bryantal,User,closed,2019-07-08 20:07:27+00:00,2020-01-27T20:21:12Z,2020-01-27 20:21:12+00:00,2,https://github.com/BCStudentSoftwareDevTeam/lsf/issues/36,203.00954861111111
lsf,37,Admin feature: rework of admin management,bryantal,User,closed,2019-07-08 20:09:27+00:00,2019-09-10T20:33:55Z,2019-09-10 20:33:55+00:00,4,https://github.com/BCStudentSoftwareDevTeam/lsf/issues/37,64.01699074074074
lsf,38,Admin feature: Term management rework,bryantal,User,closed,2019-07-08 20:30:14+00:00,2019-08-21T13:36:37Z,2019-08-21 13:36:37+00:00,2,https://github.com/BCStudentSoftwareDevTeam/lsf/issues/38,43.7127662037037
lsf,39,Manage Overloads (admin),bryantal,User,closed,2019-07-10 15:10:49+00:00,2020-05-25T15:08:49Z,2020-05-25 15:08:49+00:00,4,https://github.com/BCStudentSoftwareDevTeam/lsf/issues/39,319.99861111111113
lsf,40,Admin feature: Manage departments,bryantal,User,closed,2019-07-10 15:20:10+00:00,2019-07-22T15:38:05Z,2019-07-22 15:38:05+00:00,2,https://github.com/BCStudentSoftwareDevTeam/lsf/issues/40,12.01244212962963
lsf,41,Manage Departments: Table Sorting (admin),bryantal,User,closed,2019-07-22 14:22:22+00:00,2019-10-28T19:59:38Z,2019-10-28 19:59:38+00:00,1,https://github.com/BCStudentSoftwareDevTeam/lsf/issues/41,98.23421296296296
lsf,42,Labor Status Form Datepicker Limit,bryantal,User,closed,2019-08-06 18:19:06+00:00,2019-08-21T13:41:01Z,2019-08-21 13:41:01+00:00,1,https://github.com/BCStudentSoftwareDevTeam/lsf/issues/42,14.806886574074074
lsf,43,"Supervisor Portal: Add ""term"" to Labor Student Information within the Supervisor Portal",bryantal,User,closed,2019-08-06 18:42:02+00:00,2020-01-16T15:57:19Z,2020-01-16 15:57:19+00:00,1,https://github.com/BCStudentSoftwareDevTeam/lsf/issues/43,162.88561342592592
lsf,44,Supervisor Portal:  Student labor history Print button,bryantal,User,closed,2019-08-06 19:12:54+00:00,2020-01-21T21:03:45Z,2020-01-21 21:03:45+00:00,2,https://github.com/BCStudentSoftwareDevTeam/lsf/issues/44,168.07697916666666
lsf,45,Create /myDepartment page which will replace the Past Forms interface,bryantal,User,closed,2019-08-06 19:58:59+00:00,2019-08-14T13:32:57Z,2019-08-14 13:32:57+00:00,1,https://github.com/BCStudentSoftwareDevTeam/lsf/issues/45,7.731921296296297
lsf,46,Feature: SmartEval Rework and migration into LSF-Flask,bryantal,User,closed,2019-08-06 20:10:08+00:00,2025-09-11T14:32:16Z,2025-09-11 14:32:16+00:00,1,https://github.com/BCStudentSoftwareDevTeam/lsf/issues/46,2227.7653703703704
lsf,47,"Supervisor Portal, LaborHistory page: Changing the URL",bryantal,User,closed,2019-08-08 15:20:56+00:00,2020-06-10T14:26:47Z,2020-06-10 14:26:47+00:00,1,https://github.com/BCStudentSoftwareDevTeam/lsf/issues/47,306.96239583333335
lsf,48,Repopulating data when redirected to Modified Pending Form,bryantal,User,closed,2019-08-08 15:27:47+00:00,2019-10-01T17:31:25Z,2019-10-01 17:31:25+00:00,2,https://github.com/BCStudentSoftwareDevTeam/lsf/issues/48,54.08585648148148
lsf,49,"Supervisor Portal, Labor History Modal: Text area for Notes",bryantal,User,closed,2019-08-08 15:35:32+00:00,2025-09-11T14:32:17Z,2025-09-11 14:32:17+00:00,1,https://github.com/BCStudentSoftwareDevTeam/lsf/issues/49,2225.956076388889
lsf,50,Supervisor Portal: Labor history modal can be a little buggy,bryantal,User,closed,2019-08-08 15:55:33+00:00,2020-01-21T16:22:15Z,2020-01-21 16:22:15+00:00,1,https://github.com/BCStudentSoftwareDevTeam/lsf/issues/50,166.01854166666666
lsf,51,Departmental Labor Allocations Interface,bryantal,User,closed,2019-08-14 13:43:55+00:00,2025-09-11T14:32:17Z,2025-09-11 14:32:17+00:00,1,https://github.com/BCStudentSoftwareDevTeam/lsf/issues/51,2220.033587962963
lsf,52,Manage Departments (admin) Adjusting the Manage Departments Controller and UI,bryantal,User,closed,2019-08-16 19:20:43+00:00,2020-01-24T19:06:15Z,2020-01-24 19:06:15+00:00,2,https://github.com/BCStudentSoftwareDevTeam/lsf/issues/52,160.9899537037037
lsf,53,Labor Status Form: Staff and student information is not being pulled correctly in laborStatusForm controller,bryantal,User,closed,2019-08-22 20:11:17+00:00,2020-01-22T19:59:18Z,2020-01-22 19:59:18+00:00,8,https://github.com/BCStudentSoftwareDevTeam/lsf/issues/53,152.99167824074075
lsf,54,Modify LSF : Secondary position cannot be WLS 5 or 6,bryantal,User,closed,2019-09-10 20:21:50+00:00,2019-10-07T20:37:26Z,2019-10-07 20:37:26+00:00,1,https://github.com/BCStudentSoftwareDevTeam/lsf/issues/54,27.010833333333334
lsf,55,Modify LSF: Save LSF fields to form,bryantal,User,closed,2019-09-10 20:53:18+00:00,2019-12-11T16:13:49Z,2019-12-11 16:13:49+00:00,5,https://github.com/BCStudentSoftwareDevTeam/lsf/issues/55,91.80591435185185
lsf,56,Modify LSF:  Save modified fields to formHistory in the appropriate places,bryantal,User,closed,2019-09-10 20:55:48+00:00,2019-10-10T21:36:02Z,2019-10-01 17:18:15+00:00,1,https://github.com/BCStudentSoftwareDevTeam/lsf/issues/56,20.84892361111111
lsf,57,Handling of all system emails,bryantal,User,closed,2019-09-11 17:54:28+00:00,2020-01-27T20:19:23Z,2020-01-27 20:19:23+00:00,1,https://github.com/BCStudentSoftwareDevTeam/lsf/issues/57,138.1006365740741
lsf,58,Supervisor Portal (My Department ),bryantal,User,closed,2019-09-11 18:11:16+00:00,2020-01-24T19:01:42Z,2020-01-24 19:01:42+00:00,1,https://github.com/BCStudentSoftwareDevTeam/lsf/issues/58,135.03502314814816
lsf,59,Form History: Labor Overload denied,bryantal,User,closed,2019-09-11 18:12:15+00:00,2020-01-22T19:53:40Z,2020-01-22 19:53:40+00:00,2,https://github.com/BCStudentSoftwareDevTeam/lsf/issues/59,133.07042824074074
lsf,61,Modify LSF: notify user of effective date,bryantal,User,closed,2019-09-11 18:17:38+00:00,2019-10-21T16:55:40Z,2019-10-21 16:55:40+00:00,1,https://github.com/BCStudentSoftwareDevTeam/lsf/issues/61,39.943078703703705
lsf,62,Supervisor portal Labor History modal can be buggy,bryantal,User,closed,2019-09-11 18:18:41+00:00,2020-01-20T18:37:27Z,2020-01-20 18:37:27+00:00,5,https://github.com/BCStudentSoftwareDevTeam/lsf/issues/62,131.0130324074074
lsf,63,Labor Release Form needs a controller update,bryantal,User,closed,2019-09-11 18:34:39+00:00,2019-10-22T20:10:07Z,2019-10-22 20:10:07+00:00,1,https://github.com/BCStudentSoftwareDevTeam/lsf/issues/63,41.066296296296294
lsf,64,Labor Release Form: date picker should be read only (?),bryantal,User,closed,2019-09-11 18:36:23+00:00,2020-01-22T20:03:34Z,2020-01-22 20:03:34+00:00,2,https://github.com/BCStudentSoftwareDevTeam/lsf/issues/64,133.0605439814815
lsf,65,Labor Release Form: security risk,bryantal,User,closed,2019-09-11 18:37:12+00:00,2019-11-05T21:26:03Z,2019-11-05 21:26:03+00:00,1,https://github.com/BCStudentSoftwareDevTeam/lsf/issues/65,55.11725694444444
lsf,66,Manage Department : styling changes,bryantal,User,closed,2019-09-11 18:43:24+00:00,2019-11-19T16:39:54Z,2019-11-19 16:39:54+00:00,3,https://github.com/BCStudentSoftwareDevTeam/lsf/issues/66,68.91423611111111
lsf,67,Student Table in the New Labor Status Form Page Has Too Many columns,bryantal,User,closed,2019-09-23 20:21:11+00:00,2020-01-09T15:49:23Z,2020-01-09 15:49:23+00:00,3,https://github.com/BCStudentSoftwareDevTeam/lsf/issues/67,107.81125
lsf,68,Refactoring the New Labor Status Form JavaScript Code,bryantal,User,closed,2019-09-26 18:26:58+00:00,2020-01-27T13:53:54Z,2020-01-27 13:53:54+00:00,1,https://github.com/BCStudentSoftwareDevTeam/lsf/issues/68,122.81037037037036
lsf,69,Minor button changes for Student Labor History Modals,bryantal,User,closed,2019-10-01 17:35:11+00:00,2019-10-21T18:00:34Z,2019-10-21 18:00:34+00:00,2,https://github.com/BCStudentSoftwareDevTeam/lsf/issues/69,20.017627314814813
lsf,70,Term management: scoot table over,bryantal,User,closed,2019-10-21 16:48:55+00:00,2019-11-19T16:40:41Z,2019-11-19 16:40:41+00:00,2,https://github.com/BCStudentSoftwareDevTeam/lsf/issues/70,28.994282407407407
lsf,71,Office Visit Tracker (webapp?),bryantal,User,closed,2019-10-21 16:50:52+00:00,2025-09-11T14:32:18Z,2025-09-11 14:32:18+00:00,6,https://github.com/BCStudentSoftwareDevTeam/lsf/issues/71,2151.903773148148
lsf,72,Labor Overload Forms History Type,bryantal,User,closed,2019-10-25 18:01:51+00:00,2020-01-22T19:59:18Z,2020-01-22 19:59:18+00:00,3,https://github.com/BCStudentSoftwareDevTeam/lsf/issues/72,89.0815625
lsf,73,Refactoring HTML in allPendingForms,bryantal,User,closed,2019-10-31 21:03:43+00:00,2020-01-22T21:42:21Z,2020-01-22 21:42:21+00:00,4,https://github.com/BCStudentSoftwareDevTeam/lsf/issues/73,83.0268287037037
lsf,74,Fix checkbox in pendingForms interface,bryantal,User,closed,2019-11-07 17:05:33+00:00,2020-01-24T18:59:36Z,2020-01-24 18:59:36+00:00,1,https://github.com/BCStudentSoftwareDevTeam/lsf/issues/74,78.07920138888889
lsf,75,Student Overload Application: Handling emails on submit,bryantal,User,closed,2019-12-11 16:45:07+00:00,2020-01-22T20:04:32Z,2020-01-22 20:04:32+00:00,2,https://github.com/BCStudentSoftwareDevTeam/lsf/issues/75,42.1384837962963
lsf,76,Labor Status Form: Redirecting to Student Overload Application,bryantal,User,closed,2019-12-11 17:24:48+00:00,2020-01-21T17:50:02Z,2020-01-21 17:50:02+00:00,2,https://github.com/BCStudentSoftwareDevTeam/lsf/issues/76,41.01752314814815
lsf,78,Supervisor Portal: Student labor history PDF redesign,bryantal,User,closed,2019-12-17 21:18:57+00:00,2020-01-21T21:03:27Z,2020-01-21 21:03:27+00:00,1,https://github.com/BCStudentSoftwareDevTeam/lsf/issues/78,34.98923611111111
lsf,79,Students pulled from Tracy create issues if their information is different,bryantal,User,closed,2020-01-16 15:06:07+00:00,2020-07-02T20:08:28Z,2020-07-02 20:08:28+00:00,1,https://github.com/BCStudentSoftwareDevTeam/lsf/issues/79,168.20996527777777
lsf,80,Email Log,bryantal,User,closed,2020-01-17 22:18:14+00:00,2020-01-22T21:33:11Z,2020-01-22 21:33:11+00:00,1,https://github.com/BCStudentSoftwareDevTeam/lsf/issues/80,4.968715277777778
lsf,81,Implementing a non-admin (Home page) view,bryantal,User,closed,2020-01-27 15:19:14+00:00,2020-05-19T17:29:58Z,2020-05-19 17:29:58+00:00,2,https://github.com/BCStudentSoftwareDevTeam/lsf/issues/81,113.09078703703703
lsf,82,Manage Overloads Emails,bryantal,User,closed,2020-01-27 15:39:21+00:00,2020-05-21T17:26:12Z,2020-05-21 17:26:12+00:00,2,https://github.com/BCStudentSoftwareDevTeam/lsf/issues/82,115.0742013888889
lsf,83,Change default number of entries on the Pending Forms table,bryantal,User,closed,2020-01-31 18:45:54+00:00,2020-02-04T14:16:42Z,2020-02-04 14:16:43+00:00,1,https://github.com/BCStudentSoftwareDevTeam/lsf/issues/83,3.8130671296296295
lsf,84,Labor Status Form: Add 12 to the Hours Per Week Drop-Down,bryantal,User,closed,2020-01-31 18:51:45+00:00,2020-02-05T16:32:19Z,2020-02-05 16:32:19+00:00,2,https://github.com/BCStudentSoftwareDevTeam/lsf/issues/84,4.903171296296296
lsf,85,Modify LSF - Add Hours,bryantal,User,closed,2020-01-31 18:55:51+00:00,2025-09-11T14:32:18Z,2025-09-11 14:32:18+00:00,1,https://github.com/BCStudentSoftwareDevTeam/lsf/issues/85,2049.8169791666664
lsf,86,Change labor office note to a log view,bryantal,User,closed,2020-01-31 18:59:54+00:00,2020-03-18T19:00:31Z,2020-03-18 19:00:31+00:00,1,https://github.com/BCStudentSoftwareDevTeam/lsf/issues/86,47.00042824074074
lsf,87,Labor Status Form: Bold or Emphasize phrase in Overload Modal,bryantal,User,closed,2020-01-31 19:03:25+00:00,2020-02-04T14:24:43Z,2020-02-04 14:24:43+00:00,1,https://github.com/BCStudentSoftwareDevTeam/lsf/issues/87,3.8064583333333335
lsf,88,Labor Status Form Adjustment Interface,bryantal,User,closed,2020-01-31 19:06:13+00:00,2020-04-07T03:33:18Z,2020-04-07 03:33:18+00:00,5,https://github.com/BCStudentSoftwareDevTeam/lsf/issues/88,66.35214120370371
lsf,89,Standardize notes icon across application,bryantal,User,closed,2020-01-31 19:09:38+00:00,2020-02-04T14:13:34Z,2020-02-04 14:13:34+00:00,1,https://github.com/BCStudentSoftwareDevTeam/lsf/issues/89,3.794398148148148
lsf,90,Admin Pending Forms Denied Reason,bryantal,User,closed,2020-01-31 19:10:06+00:00,2020-05-19T17:14:59Z,2020-05-19 17:14:59+00:00,3,https://github.com/BCStudentSoftwareDevTeam/lsf/issues/90,108.92005787037037
lsf,91,"Labor Status Form: No Form Refresh for Position, Job Type, and Hours per Week",bryantal,User,closed,2020-01-31 19:15:07+00:00,2020-02-25T21:56:08Z,2020-02-25 21:56:08+00:00,1,https://github.com/BCStudentSoftwareDevTeam/lsf/issues/91,25.111817129629628
lsf,92,Supervisor Portal - No Inter-Departmental History Allowed,bryantal,User,closed,2020-01-31 19:16:07+00:00,2020-04-07T04:33:09Z,2020-04-07 04:33:09+00:00,1,https://github.com/BCStudentSoftwareDevTeam/lsf/issues/92,66.3868287037037
lsf,93,Labor Status Form- Persistent Table,bryantal,User,closed,2020-01-31 19:22:00+00:00,2020-03-18T18:26:19Z,2020-03-18 18:26:19+00:00,1,https://github.com/BCStudentSoftwareDevTeam/lsf/issues/93,46.96133101851852
lsf,94,Remove the autofill for release date in Labor Release Forms,bryantal,User,closed,2020-01-31 19:23:10+00:00,2020-04-13T19:19:47Z,2020-04-13 19:19:47+00:00,2,https://github.com/BCStudentSoftwareDevTeam/lsf/issues/94,72.99765046296297
lsf,95,My Department view changes for Supervisor,bryantal,User,closed,2020-01-31 19:36:35+00:00,2020-06-09T20:15:38Z,2020-06-09 20:15:38+00:00,6,https://github.com/BCStudentSoftwareDevTeam/lsf/issues/95,130.02711805555555
lsf,96,Labor Status Form:  First Semester Students,bryantal,User,closed,2020-01-31 19:38:51+00:00,2020-03-18T18:28:54Z,2020-03-18 18:28:54+00:00,1,https://github.com/BCStudentSoftwareDevTeam/lsf/issues/96,46.95142361111111
lsf,97,Logo,bryantal,User,closed,2020-01-31 19:47:14+00:00,2020-05-19T17:30:44Z,2020-05-19 17:30:43+00:00,1,https://github.com/BCStudentSoftwareDevTeam/lsf/issues/97,108.90519675925925
lsf,98,Financial Aid Approved for Specific Term during AY,bryantal,User,closed,2020-01-31 20:01:11+00:00,2020-05-19T16:03:53Z,2020-05-19 16:03:53+00:00,2,https://github.com/BCStudentSoftwareDevTeam/lsf/issues/98,108.83520833333333
lsf,99,Add summer term requirements modal on submission for a summer contract,bryantal,User,closed,2020-01-31 20:01:36+00:00,2020-03-18T18:58:45Z,2020-03-18 18:58:45+00:00,1,https://github.com/BCStudentSoftwareDevTeam/lsf/issues/99,46.956354166666664
lsf,100,Labor Status Form: Term Cutoff Date for Primary Submissions,bryantal,User,closed,2020-01-31 20:02:59+00:00,2020-05-07T15:55:05Z,2020-05-07 15:55:05+00:00,3,https://github.com/BCStudentSoftwareDevTeam/lsf/issues/100,96.82784722222222
lsf,101,Labor Status Form: Warn Break Term Supervisors,bryantal,User,closed,2020-01-31 20:16:39+00:00,2020-03-19T18:14:18Z,2020-03-19 18:14:18+00:00,1,https://github.com/BCStudentSoftwareDevTeam/lsf/issues/101,47.915034722222224
lsf,102,Labor Status Form Controller: userInsert() refactoring,bryantal,User,closed,2020-02-17 16:37:57+00:00,2020-05-14T20:35:45Z,2020-05-14 20:35:45+00:00,3,https://github.com/BCStudentSoftwareDevTeam/lsf/issues/102,87.16513888888889
lsf,103,"/LaborStatusForm locks ""Supervisor"" and ""Department""",bryantal,User,closed,2020-02-18 19:29:34+00:00,2020-02-25T21:53:55Z,2020-02-25 21:53:55+00:00,1,https://github.com/BCStudentSoftwareDevTeam/lsf/issues/103,7.100243055555556
lsf,104,Only one flash at a time,bryantal,User,closed,2020-02-18 19:49:31+00:00,2020-05-19T17:24:48Z,2020-05-19 17:24:48+00:00,1,https://github.com/BCStudentSoftwareDevTeam/lsf/issues/104,90.89950231481481
lsf,105,Editing Fields out of order in LSF will add Student w/o Supervisor or Position,bryantal,User,closed,2020-02-25 19:12:02+00:00,2020-05-07T12:38:40Z,2020-05-07 12:38:40+00:00,3,https://github.com/BCStudentSoftwareDevTeam/lsf/issues/105,71.7268287037037
lsf,106,Term Management: Datepicker is broken,bryantal,User,closed,2020-02-25 21:46:46+00:00,2020-05-19T17:21:08Z,2020-05-19 17:21:08+00:00,2,https://github.com/BCStudentSoftwareDevTeam/lsf/issues/106,83.8155324074074
lsf,107,Labor Status Form Review Button Refreshes the Page,bryantal,User,closed,2020-03-03 14:08:39+00:00,2020-03-18T18:54:04Z,2020-03-18 18:54:04+00:00,1,https://github.com/BCStudentSoftwareDevTeam/lsf/issues/107,15.198206018518519
lsf,108,Fill supervisor in modified forms ignores errors,bryantal,User,closed,2020-03-03 14:31:35+00:00,2020-05-21T17:30:56Z,2020-05-21 17:30:56+00:00,2,https://github.com/BCStudentSoftwareDevTeam/lsf/issues/108,79.12454861111111
lsf,109,Adjustment Form Creation,bryantal,User,closed,2020-03-11 18:22:20+00:00,2020-04-07T03:32:07Z,2020-04-07 03:32:07+00:00,2,https://github.com/BCStudentSoftwareDevTeam/lsf/issues/109,26.381793981481483
lsf,110,Special Terms break cutoff date doesn't allow user to submit on term change,bryantal,User,closed,2020-03-18 20:32:53+00:00,2020-04-13T19:35:54Z,2020-04-13 19:35:54+00:00,1,https://github.com/BCStudentSoftwareDevTeam/lsf/issues/110,25.96042824074074
lsf,111,Break Term Cutoff Date does not check current date,bryantal,User,closed,2020-03-18 21:19:58+00:00,2020-04-03T18:06:53Z,2020-04-03 18:06:53+00:00,1,https://github.com/BCStudentSoftwareDevTeam/lsf/issues/111,15.865914351851853
lsf,112,Terms behavior should be controlled by the database,bryantal,User,closed,2020-04-01 18:27:38+00:00,2020-06-30T12:41:29Z,2020-06-30 12:41:29+00:00,1,https://github.com/BCStudentSoftwareDevTeam/lsf/issues/112,89.75961805555555
lsf,113,Admin Notes Log View Refactor,bryantal,User,closed,2020-05-04 14:23:11+00:00,2020-05-11T16:00:15Z,2020-05-11 16:00:15+00:00,2,https://github.com/BCStudentSoftwareDevTeam/lsf/issues/113,7.067407407407408
lsf,114,Labor Status Forms does not recognize denial,bryantal,User,closed,2020-05-04 14:32:40+00:00,2020-05-11T19:24:42Z,2020-05-11 19:24:42+00:00,3,https://github.com/BCStudentSoftwareDevTeam/lsf/issues/114,7.202800925925926
lsf,115,Email Templates Duplicates,bryantal,User,closed,2020-05-04 18:28:17+00:00,2020-05-19T17:33:57Z,2020-05-19 17:33:57+00:00,1,https://github.com/BCStudentSoftwareDevTeam/lsf/issues/115,14.962268518518519
lsf,116,Manage Administrator: Select User Drop down,bryantal,User,closed,2020-05-04 20:31:08+00:00,2020-05-19T17:38:29Z,2020-05-19 17:38:29+00:00,1,https://github.com/BCStudentSoftwareDevTeam/lsf/issues/116,14.880104166666667
lsf,117,Pending Overload Forms Counter,bryantal,User,closed,2020-05-04 20:46:45+00:00,2020-05-22T20:11:47Z,2020-05-22 20:11:47+00:00,1,https://github.com/BCStudentSoftwareDevTeam/lsf/issues/117,17.97571759259259
lsf,118,Approved Button in Pending Forms Not Working Properly,bryantal,User,closed,2020-05-05 15:57:04+00:00,2020-06-12T14:23:47Z,2020-06-12 14:23:47+00:00,5,https://github.com/BCStudentSoftwareDevTeam/lsf/issues/118,37.93521990740741
lsf,119,stuTotalHours Missing from LaborStatusForm.js,bryantal,User,closed,2020-05-05 16:02:38+00:00,2020-05-08T16:07:55Z,2020-05-08 16:07:55+00:00,4,https://github.com/BCStudentSoftwareDevTeam/lsf/issues/119,3.0036689814814816
lsf,120,Modify and Adjustment: Add All Supervisors,bryantal,User,closed,2020-05-05 16:03:14+00:00,2020-05-19T17:41:35Z,2020-05-19 17:41:35+00:00,2,https://github.com/BCStudentSoftwareDevTeam/lsf/issues/120,14.06829861111111
lsf,121,Incorrectly Counting Hours for Denied Labor Status Form,bryantal,User,closed,2020-05-05 16:09:44+00:00,2020-05-11T19:25:29Z,2020-05-11 19:25:29+00:00,2,https://github.com/BCStudentSoftwareDevTeam/lsf/issues/121,6.1359375
lsf,122,Department Compliance of Undefined,bryantal,User,closed,2020-05-07 15:49:55+00:00,2020-05-11T15:46:04Z,2020-05-11 15:46:04+00:00,2,https://github.com/BCStudentSoftwareDevTeam/lsf/issues/122,3.997326388888889
lsf,123,Populating all Supervisors in ModifyLSF/AdjustLSF,bryantal,User,closed,2020-05-07 18:12:48+00:00,2020-05-07T19:18:26Z,2020-05-07 19:18:26+00:00,3,https://github.com/BCStudentSoftwareDevTeam/lsf/issues/123,0.045578703703703705
lsf,124,Redirect after Modifying Form from Pending Forms Table,bryantal,User,closed,2020-05-08 17:30:16+00:00,2020-05-19T15:50:50Z,2020-05-19 15:50:49+00:00,2,https://github.com/BCStudentSoftwareDevTeam/lsf/issues/124,10.9309375
lsf,125,Labor History Doesn't Allow Overload Modifications,bryantal,User,closed,2020-05-08 19:09:27+00:00,2020-05-11T17:17:48Z,2020-05-11 17:17:48+00:00,1,https://github.com/BCStudentSoftwareDevTeam/lsf/issues/125,2.922465277777778
lsf,126,Persistent Table Refresh Check,bryantal,User,closed,2020-05-08 19:31:02+00:00,2020-06-23T18:33:36Z,2020-06-23 18:33:36+00:00,1,https://github.com/BCStudentSoftwareDevTeam/lsf/issues/126,45.96011574074074
lsf,127,Financial Aid and SAAS Admin View,bryantal,User,closed,2020-05-12 11:58:12+00:00,2020-05-19T14:15:17Z,2020-05-19 14:15:17+00:00,2,https://github.com/BCStudentSoftwareDevTeam/lsf/issues/127,7.0951967592592595
lsf,128,Wording Adjustment CutOff Date Warning,bryantal,User,closed,2020-05-12 16:47:04+00:00,2020-06-18T12:33:45Z,2020-06-18 12:33:45+00:00,2,https://github.com/BCStudentSoftwareDevTeam/lsf/issues/128,36.82408564814815
lsf,129,Term Management Edits Notification,bryantal,User,closed,2020-05-12 17:01:17+00:00,2020-05-22T20:04:38Z,2020-05-22 20:04:38+00:00,1,https://github.com/BCStudentSoftwareDevTeam/lsf/issues/129,10.12732638888889
lsf,130,TEST: Department Out of Compliance Bug (?),bryantal,User,closed,2020-05-12 17:36:50+00:00,2020-06-02T20:28:27Z,2020-06-02 20:28:27+00:00,3,https://github.com/BCStudentSoftwareDevTeam/lsf/issues/130,21.11917824074074
lsf,131,Department Compliance Modal Warning,bryantal,User,closed,2020-05-12 18:01:10+00:00,2020-05-22T19:48:41Z,2020-05-22 19:48:41+00:00,1,https://github.com/BCStudentSoftwareDevTeam/lsf/issues/131,10.074664351851851
lsf,132,Pending Forms Count,bryantal,User,closed,2020-05-13 12:58:10+00:00,2020-05-22T19:35:56Z,2020-05-22 19:35:56+00:00,1,https://github.com/BCStudentSoftwareDevTeam/lsf/issues/132,9.276226851851852
lsf,133,Notes Icon in  Pending Forms Doesn't Change Color,bryantal,User,closed,2020-05-13 13:08:49+00:00,2020-05-19T15:58:44Z,2020-05-19 15:58:44+00:00,5,https://github.com/BCStudentSoftwareDevTeam/lsf/issues/133,6.117997685185185
lsf,134,Email Templates Dropdown View Change,bryantal,User,closed,2020-05-13 15:43:24+00:00,2020-05-22T19:42:36Z,2020-05-22 19:42:36+00:00,2,https://github.com/BCStudentSoftwareDevTeam/lsf/issues/134,9.16611111111111
lsf,135,Email Templates: Insert Placeholder Formatting,bryantal,User,closed,2020-05-13 19:10:40+00:00,2020-05-19T17:26:47Z,2020-05-19 17:26:47+00:00,3,https://github.com/BCStudentSoftwareDevTeam/lsf/issues/135,5.927858796296296
lsf,136,"Remove ""None"" from  Adjust/Modify",bryantal,User,closed,2020-05-14 13:40:06+00:00,2020-05-21T13:03:33Z,2020-05-21 13:03:33+00:00,1,https://github.com/BCStudentSoftwareDevTeam/lsf/issues/136,6.974618055555555
lsf,137,Labor Status Forms Break Email Error,bryantal,User,closed,2020-05-14 15:06:31+00:00,2020-06-09T20:13:22Z,2020-06-09 20:13:22+00:00,1,https://github.com/BCStudentSoftwareDevTeam/lsf/issues/137,26.213090277777777
lsf,138,Submitting a Modified Form Crashes the Page,bryantal,User,closed,2020-05-14 20:17:52+00:00,2020-05-21T17:47:51Z,2020-05-21 17:47:51+00:00,5,https://github.com/BCStudentSoftwareDevTeam/lsf/issues/138,6.89582175925926
lsf,139,Tracking all emails using emailtracker,bryantal,User,closed,2020-05-16 14:22:23+00:00,2020-06-09T20:11:53Z,2020-06-09 20:11:53+00:00,3,https://github.com/BCStudentSoftwareDevTeam/lsf/issues/139,24.242708333333333
lsf,140,Financial Aid and SAAS Interface Re-Design,bryantal,User,closed,2020-05-16 14:32:11+00:00,2020-05-27T14:53:11Z,2020-05-27 14:53:12+00:00,3,https://github.com/BCStudentSoftwareDevTeam/lsf/issues/140,11.014594907407407
lsf,141,Accessibility (Easy) - Text Alternatives (Guideline 1.1.1),bryantal,User,closed,2020-05-16 15:06:51+00:00,2020-06-10T19:26:36Z,2020-06-10 19:26:35+00:00,4,https://github.com/BCStudentSoftwareDevTeam/lsf/issues/141,25.18037037037037
lsf,142,Accessibility (Medium) - Programmatically Determined Structure (Guideline 1.3.1),bryantal,User,closed,2020-05-16 16:23:40+00:00,2020-06-30T16:02:15Z,2020-06-30 16:02:15+00:00,3,https://github.com/BCStudentSoftwareDevTeam/lsf/issues/142,44.98512731481482
lsf,143,Accessibility (Hard) - Keyboard (Guideline 2.1.1),bryantal,User,closed,2020-05-18 19:31:42+00:00,2020-06-11T20:37:38Z,2020-06-11 20:37:38+00:00,4,https://github.com/BCStudentSoftwareDevTeam/lsf/issues/143,24.045787037037037
lsf,144,Populating Adjustment Forms with Correct Information,bryantal,User,closed,2020-05-19 14:44:46+00:00,2020-06-08T14:49:11Z,2020-06-08 14:49:11+00:00,3,https://github.com/BCStudentSoftwareDevTeam/lsf/issues/144,20.00306712962963
lsf,145,New Design for Pending Modified Forms tab in All Pending Forms interface,bryantal,User,closed,2020-05-19 14:52:29+00:00,2020-06-08T14:49:16Z,2020-06-08 14:49:16+00:00,2,https://github.com/BCStudentSoftwareDevTeam/lsf/issues/145,19.997766203703705
lsf,146,New Accessible Notes Feature,bryantal,User,closed,2020-05-19 16:44:20+00:00,2020-06-09T20:14:39Z,2020-06-09 20:14:39+00:00,3,https://github.com/BCStudentSoftwareDevTeam/lsf/issues/146,21.14605324074074
lsf,147,Pending Forms UI Changes,bryantal,User,closed,2020-05-19 17:04:14+00:00,2020-06-02T20:29:54Z,2020-06-02 20:29:54+00:00,1,https://github.com/BCStudentSoftwareDevTeam/lsf/issues/147,14.142824074074074
lsf,148,Accessibility (Medium) - Keyboard Traps (Guideline 1.1.2),bryantal,User,closed,2020-05-20 19:40:52+00:00,2020-06-09T12:27:38Z,2020-06-09 12:27:38+00:00,1,https://github.com/BCStudentSoftwareDevTeam/lsf/issues/148,19.699143518518518
lsf,149,Accessibility (Medium) - Skip Content (Guideline 2.4.1),bryantal,User,closed,2020-05-20 20:22:05+00:00,2020-06-10T14:23:59Z,2020-06-10 14:23:59+00:00,2,https://github.com/BCStudentSoftwareDevTeam/lsf/issues/149,20.751319444444444
lsf,150,Accessibility (Easy) - Webpage Titles (Guideline 2.4.2),bryantal,User,closed,2020-05-20 20:39:48+00:00,2020-06-08T17:39:41Z,2020-06-08 17:39:41+00:00,1,https://github.com/BCStudentSoftwareDevTeam/lsf/issues/150,18.874918981481482
lsf,151,Accessibility (Medium) - Accessible Texts for User Inputs (Guideline 2.5.3),bryantal,User,closed,2020-05-20 22:13:23+00:00,2020-06-08T19:36:27Z,2020-06-08 19:36:27+00:00,1,https://github.com/BCStudentSoftwareDevTeam/lsf/issues/151,18.891018518518518
lsf,152,Accessibility (Hard) - Focus when using keyboard,bryantal,User,closed,2020-05-20 22:57:36+00:00,2020-06-19T15:04:32Z,2020-06-19 15:04:32+00:00,2,https://github.com/BCStudentSoftwareDevTeam/lsf/issues/152,29.671481481481482
lsf,153,Accessibility - Input Errors (Guideline 3.3.1),bryantal,User,closed,2020-05-20 23:05:32+00:00,2020-06-18T12:35:02Z,2020-06-18 12:35:02+00:00,1,https://github.com/BCStudentSoftwareDevTeam/lsf/issues/153,28.56215277777778
lsf,154,Accessibility (Easy) - User Inputs Labels (Guideline 3.3.2),bryantal,User,closed,2020-05-20 23:12:37+00:00,2020-06-11T14:26:42Z,2020-06-11 14:26:42+00:00,5,https://github.com/BCStudentSoftwareDevTeam/lsf/issues/154,21.634780092592592
lsf,155,Form Adjustment Log shows supervisor ID changes instead of name,bryantal,User,closed,2020-05-25 18:02:16+00:00,2020-06-08T17:03:49Z,2020-06-08 17:03:49+00:00,1,https://github.com/BCStudentSoftwareDevTeam/lsf/issues/155,13.959409722222222
lsf,156,Overriding Labor Status Form Data after Adjustment Form is Approved,bryantal,User,closed,2020-05-26 16:01:04+00:00,2020-06-08T14:48:52Z,2020-06-08 14:48:52+00:00,3,https://github.com/BCStudentSoftwareDevTeam/lsf/issues/156,12.949861111111112
lsf,157,All Pending Forms: Pending Release Forms,bryantal,User,closed,2020-05-28 15:47:22+00:00,2020-06-15T14:00:22Z,2020-06-15 14:00:22+00:00,1,https://github.com/BCStudentSoftwareDevTeam/lsf/issues/157,17.925694444444446
lsf,158,"Release Modal, Admin Management Modal, and Email Template Modals Are Not in Snips",bryantal,User,closed,2020-06-08 19:42:57+00:00,2020-06-11T14:29:51Z,2020-06-11 14:29:51+00:00,1,https://github.com/BCStudentSoftwareDevTeam/lsf/issues/158,2.7825694444444444
lsf,159,Tables in Labor Overload Modal in All Pending Forms Page Grows Exponentially,bryantal,User,closed,2020-06-08 19:50:12+00:00,2020-06-09T12:27:31Z,2020-06-09 12:27:31+00:00,1,https://github.com/BCStudentSoftwareDevTeam/lsf/issues/159,0.6925810185185185
lsf,160,Admin Management CSS File Is Not Imported Correctly,bryantal,User,closed,2020-06-08 19:56:16+00:00,2020-06-10T20:35:50Z,2020-06-10 20:35:50+00:00,1,https://github.com/BCStudentSoftwareDevTeam/lsf/issues/160,2.027476851851852
lsf,161,Email Templates Page Shows a 404 (NOT FOUND) Error In Console Log For a Ckeditor Plugin,bryantal,User,closed,2020-06-08 20:02:36+00:00,2020-06-10T20:29:34Z,2020-06-10 20:29:34+00:00,1,https://github.com/BCStudentSoftwareDevTeam/lsf/issues/161,2.0187268518518517
lsf,162,Sidebar height does not change with the page content,bryantal,User,closed,2020-06-10 14:07:41+00:00,2020-06-16T22:26:13Z,2020-06-16 22:26:13+00:00,4,https://github.com/BCStudentSoftwareDevTeam/lsf/issues/162,6.346203703703703
lsf,163,Labor History: Buttons Incorrect State,bryantal,User,closed,2020-06-10 17:19:28+00:00,2020-06-11T14:42:25Z,2020-06-11 14:42:25+00:00,1,https://github.com/BCStudentSoftwareDevTeam/lsf/issues/163,0.8909375
lsf,165,Current user must use the logged-in user,bryantal,User,closed,2020-06-11 12:48:09+00:00,2020-06-16T15:51:01Z,2020-06-16 15:51:01+00:00,2,https://github.com/BCStudentSoftwareDevTeam/lsf/issues/165,5.126990740740741
lsf,166,Accessibility - Required form inputs continued,bryantal,User,closed,2020-06-11 14:15:38+00:00,2020-06-12T17:07:36Z,2020-06-12 17:07:36+00:00,1,https://github.com/BCStudentSoftwareDevTeam/lsf/issues/166,1.1194212962962964
lsf,167,Labor History Modals: Ordering and Styling,bryantal,User,closed,2020-06-11 14:44:50+00:00,2020-06-16T15:58:22Z,2020-06-16 15:58:22+00:00,2,https://github.com/BCStudentSoftwareDevTeam/lsf/issues/167,5.051064814814815
lsf,168,ModifyLSF: Contract hours and Weekly hours should not show up together,bryantal,User,closed,2020-06-11 20:40:30+00:00,2020-06-16T14:39:01Z,2020-06-16 14:39:01+00:00,1,https://github.com/BCStudentSoftwareDevTeam/lsf/issues/168,4.748969907407408
lsf,169,Refactor history modal buttonState,bryantal,User,closed,2020-06-12 12:47:50+00:00,2020-06-16T15:53:33Z,2020-06-16 15:53:33+00:00,2,https://github.com/BCStudentSoftwareDevTeam/lsf/issues/169,4.1289699074074075
lsf,170,Pages Allow Unnecessary Scrolling,bryantal,User,closed,2020-06-12 15:24:30+00:00,2020-06-16T15:54:16Z,2020-06-16 15:54:16+00:00,2,https://github.com/BCStudentSoftwareDevTeam/lsf/issues/170,4.020671296296296
lsf,171,Job Type shows up for Break Terms,bryantal,User,closed,2020-06-12 19:13:24+00:00,2020-06-16T15:50:20Z,2020-06-16 15:50:20+00:00,2,https://github.com/BCStudentSoftwareDevTeam/lsf/issues/171,3.8589814814814813
lsf,172,Withdraw Button: Different Overload States,bryantal,User,closed,2020-06-12 19:31:06+00:00,2020-06-30T20:52:21Z,2020-06-30 20:52:21+00:00,1,https://github.com/BCStudentSoftwareDevTeam/lsf/issues/172,18.05642361111111
lsf,173,Student Access to LSF,bryantal,User,closed,2020-06-16 14:12:40+00:00,2020-07-14T15:25:44Z,2020-07-14 15:25:44+00:00,1,https://github.com/BCStudentSoftwareDevTeam/lsf/issues/173,28.05074074074074
lsf,174,Student Labor Evaluation (SLE),bryantal,User,closed,2020-06-16 14:16:08+00:00,2020-07-01T19:58:38Z,2020-07-01 19:58:38+00:00,2,https://github.com/BCStudentSoftwareDevTeam/lsf/issues/174,15.237847222222221
lsf,175,Labor Experience Evaluation (LEE),bryantal,User,closed,2020-06-16 14:18:52+00:00,2020-07-29T22:13:59Z,2020-07-29 22:13:59+00:00,0,https://github.com/BCStudentSoftwareDevTeam/lsf/issues/175,43.32994212962963
lsf,176,Resolving Redundancy between modifyLSF and adjustLSF,bryantal,User,closed,2020-06-23 19:26:42+00:00,2020-07-09T14:53:09Z,2020-07-09 14:53:09+00:00,1,https://github.com/BCStudentSoftwareDevTeam/lsf/issues/176,15.810034722222222
lsf,177,Possible Combination of My Department and My Student Tabs on the Sidebar,bryantal,User,closed,2020-06-23 20:19:07+00:00,2020-06-25T20:57:23Z,2020-06-25 20:57:23+00:00,2,https://github.com/BCStudentSoftwareDevTeam/lsf/issues/177,2.026574074074074
lsf,178,On hover the student's name changes color to white,bryantal,User,closed,2020-06-23 20:52:56+00:00,2020-06-25T14:09:28Z,2020-06-25 14:09:28+00:00,2,https://github.com/BCStudentSoftwareDevTeam/lsf/issues/178,1.719814814814815
lsf,179,Create testing scenarios document and test data,bryantal,User,closed,2020-06-25 14:30:06+00:00,2020-07-01T20:02:26Z,2020-07-01 20:02:26+00:00,2,https://github.com/BCStudentSoftwareDevTeam/lsf/issues/179,6.230787037037037
lsf,180,Modify Labor Status Form Terminology Update,bryantal,User,closed,2020-06-25 18:46:42+00:00,2020-07-09T14:53:45Z,2020-07-09 14:53:45+00:00,0,https://github.com/BCStudentSoftwareDevTeam/lsf/issues/180,13.838229166666666
lsf,181,Labor Adjustment Form Terminology Update.,bryantal,User,closed,2020-06-25 18:49:48+00:00,2020-07-09T14:53:58Z,2020-07-09 14:53:58+00:00,0,https://github.com/BCStudentSoftwareDevTeam/lsf/issues/181,13.836226851851851
lsf,182,Adjustment Form page debugging,bryantal,User,closed,2020-06-25 22:30:18+00:00,2020-07-16T15:41:31Z,2020-07-16 15:41:31+00:00,2,https://github.com/BCStudentSoftwareDevTeam/lsf/issues/182,20.716122685185184
lsf,183,Unable to rehire student after releasing them in the same term,bryantal,User,closed,2020-06-26 14:39:23+00:00,2020-07-09T13:03:29Z,2020-07-09 13:03:29+00:00,1,https://github.com/BCStudentSoftwareDevTeam/lsf/issues/183,12.933402777777777
lsf,184,Modal for more than one LSF in a Break Term not showing up.,bryantal,User,closed,2020-06-26 20:21:33+00:00,2020-07-15T12:29:15Z,2020-07-15 12:29:15+00:00,2,https://github.com/BCStudentSoftwareDevTeam/lsf/issues/184,18.672013888888888
lsf,185,Labor Overload Modal: Delete 'Cancel' Button,bryantal,User,closed,2020-06-29 14:47:31+00:00,2020-06-30T12:13:06Z,2020-06-30 12:13:06+00:00,2,https://github.com/BCStudentSoftwareDevTeam/lsf/issues/185,0.8927662037037037
lsf,186,Add 'Select All' button in the All Pending Forms page,bryantal,User,closed,2020-06-29 15:07:35+00:00,2020-06-30T17:23:01Z,2020-06-30 17:23:01+00:00,1,https://github.com/BCStudentSoftwareDevTeam/lsf/issues/186,1.094050925925926
lsf,187,[Accessibility] (Easy) Form(s) Submission Modal in LSF page is not read by the screen reader,bryantal,User,closed,2020-06-29 21:02:46+00:00,2020-07-06T12:33:16Z,2020-07-06 12:33:16+00:00,2,https://github.com/BCStudentSoftwareDevTeam/lsf/issues/187,6.6461805555555555
lsf,188,Redesign of Student Labor History Modal Located in Labor History Interface,bryantal,User,closed,2020-07-02 14:28:04+00:00,2020-07-09T16:05:38Z,2020-07-09 16:05:38+00:00,3,https://github.com/BCStudentSoftwareDevTeam/lsf/issues/188,7.067754629629629
lsf,189,Pending Adjustment Form Approve and Deny Modals Does Not Display the Adjusted Information,bryantal,User,closed,2020-07-02 14:37:10+00:00,2020-07-08T17:20:09Z,2020-07-08 17:20:09+00:00,2,https://github.com/BCStudentSoftwareDevTeam/lsf/issues/189,6.113182870370371
lsf,190,Setup.sh does not check Python version number,bryantal,User,closed,2020-07-07 14:41:00+00:00,2020-07-09T14:53:31Z,2020-07-09 14:53:31+00:00,1,https://github.com/BCStudentSoftwareDevTeam/lsf/issues/190,2.0086921296296296
lsf,191,Email Handler: Sending Emails when Needed,bryantal,User,closed,2020-07-07 15:18:55+00:00,2020-07-21T12:14:27Z,2020-07-21 12:14:27+00:00,1,https://github.com/BCStudentSoftwareDevTeam/lsf/issues/191,13.871898148148148
lsf,192,Pending Adjustment Form Overload Does Not Display the Adjusted Information,bryantal,User,closed,2020-07-07 19:29:32+00:00,2020-07-15T12:29:44Z,2020-07-15 12:29:44+00:00,3,https://github.com/BCStudentSoftwareDevTeam/lsf/issues/192,7.708472222222222
lsf,193,laborHistory modal doesn't show up sometimes,bryantal,User,closed,2020-07-08 18:07:12+00:00,2020-07-08T18:34:58Z,2020-07-08 18:34:58+00:00,2,https://github.com/BCStudentSoftwareDevTeam/lsf/issues/193,0.019282407407407408
lsf,194,return button on Labor History Page doesn't lead to the right page,bryantal,User,closed,2020-07-08 18:34:04+00:00,2020-07-09T16:05:12Z,2020-07-09 16:05:12+00:00,2,https://github.com/BCStudentSoftwareDevTeam/lsf/issues/194,0.8966203703703703
lsf,195,Modified Forms Log Does Not Show Up Correctly In Labor History Modal,bryantal,User,closed,2020-07-08 19:28:51+00:00,2020-07-10T12:13:10Z,2020-07-10 12:13:10+00:00,3,https://github.com/BCStudentSoftwareDevTeam/lsf/issues/195,1.6974421296296296
lsf,196,Notes don't show on in the Pending Form Page,bryantal,User,closed,2020-07-08 20:16:39+00:00,2020-07-09T16:04:55Z,2020-07-09 16:04:55+00:00,2,https://github.com/BCStudentSoftwareDevTeam/lsf/issues/196,0.8251851851851851
lsf,197,Deprecated Querying via PIDM,bryantal,User,closed,2020-07-09 15:26:21+00:00,2020-07-14T14:32:32Z,2020-07-14 14:32:32+00:00,1,https://github.com/BCStudentSoftwareDevTeam/lsf/issues/197,4.962627314814815
lsf,198,Student Overload App Submission Not Working,bryantal,User,closed,2020-07-09 18:13:41+00:00,2020-07-23T16:57:42Z,2020-07-23 16:57:42+00:00,5,https://github.com/BCStudentSoftwareDevTeam/lsf/issues/198,13.947233796296297
lsf,199,Labor History Modal Buttons,bryantal,User,closed,2020-07-09 19:44:27+00:00,2020-07-10T16:52:50Z,2020-07-10 16:52:50+00:00,1,https://github.com/BCStudentSoftwareDevTeam/lsf/issues/199,0.8808217592592592
lsf,200,Getting an error when trying to log in as a student,bryantal,User,closed,2020-07-09 19:58:59+00:00,2020-07-14T19:28:48Z,2020-07-14 19:26:25+00:00,2,https://github.com/BCStudentSoftwareDevTeam/lsf/issues/200,4.977384259259259
lsf,201,Error when a student's name is clicked in the Supervisor Portal,bryantal,User,closed,2020-07-09 20:03:49+00:00,2020-07-15T19:19:26Z,2020-07-15 19:19:26+00:00,1,https://github.com/BCStudentSoftwareDevTeam/lsf/issues/201,5.9691782407407405
lsf,202,Hours Are Still Counted Even After a Form Is Released and Approved,bryantal,User,closed,2020-07-09 20:06:51+00:00,2020-07-13T19:07:20Z,2020-07-13 19:07:20+00:00,1,https://github.com/BCStudentSoftwareDevTeam/lsf/issues/202,3.9586689814814813
lsf,203,Pending Labor Correction Form,bryantal,User,closed,2020-07-09 21:42:36+00:00,2020-07-16T21:07:35Z,2020-07-16 21:07:35+00:00,2,https://github.com/BCStudentSoftwareDevTeam/lsf/issues/203,6.97568287037037
lsf,204,Manage Admin page flasher and Remove Button,bryantal,User,closed,2020-07-10 12:44:48+00:00,2020-07-14T18:41:15Z,2020-07-14 18:41:15+00:00,1,https://github.com/BCStudentSoftwareDevTeam/lsf/issues/204,4.247534722222222
lsf,205,Supervisor Portal Drop Down Tabs Cursor,bryantal,User,closed,2020-07-10 15:11:27+00:00,2020-07-13T18:22:07Z,2020-07-13 18:22:07+00:00,1,https://github.com/BCStudentSoftwareDevTeam/lsf/issues/205,3.1324074074074075
lsf,206,Check for Current User,bryantal,User,closed,2020-07-10 15:15:13+00:00,2020-07-14T15:24:16Z,2020-07-14 15:24:16+00:00,1,https://github.com/BCStudentSoftwareDevTeam/lsf/issues/206,4.006284722222222
lsf,207,Changing Button Language in Labor History Modals.,bryantal,User,closed,2020-07-10 15:20:51+00:00,2020-07-15T12:29:01Z,2020-07-15 12:29:01+00:00,2,https://github.com/BCStudentSoftwareDevTeam/lsf/issues/207,4.880671296296296
lsf,208,Supervisor Can Not Access Buttons on Student History Modal if They Didn't Create the LSF,bryantal,User,closed,2020-07-10 21:46:19+00:00,2020-07-14T15:18:03Z,2020-07-14 15:18:03+00:00,2,https://github.com/BCStudentSoftwareDevTeam/lsf/issues/208,3.7303703703703706
lsf,209,Fix old usage of user and supervisor tables,bryantal,User,closed,2020-07-13 15:04:51+00:00,2020-07-14T20:07:17Z,2020-07-14 20:07:17+00:00,1,https://github.com/BCStudentSoftwareDevTeam/lsf/issues/209,1.210023148148148
lsf,210,Error on Submission of a Labor Status Form,bryantal,User,closed,2020-07-15 15:13:46+00:00,2020-07-15T20:26:30Z,2020-07-15 20:26:30+00:00,2,https://github.com/BCStudentSoftwareDevTeam/lsf/issues/210,0.21717592592592594
lsf,211,Error printed in console log on submission of a labor status form,bryantal,User,closed,2020-07-15 15:34:11+00:00,2020-07-16T13:10:13Z,2020-07-16 13:10:13+00:00,2,https://github.com/BCStudentSoftwareDevTeam/lsf/issues/211,0.9000231481481481
lsf,212,"Change all instances of ""Correct"" to ""Modify""",bryantal,User,closed,2020-07-15 15:42:02+00:00,2020-07-16T13:10:39Z,2020-07-16 13:10:39+00:00,2,https://github.com/BCStudentSoftwareDevTeam/lsf/issues/212,0.8948726851851851
lsf,213,Updating User Model,bryantal,User,closed,2020-07-15 17:56:12+00:00,2020-08-03T17:50:22Z,2020-08-03 17:50:22+00:00,1,https://github.com/BCStudentSoftwareDevTeam/lsf/issues/213,18.995949074074073
lsf,214,Labor Admins need to be able to see all departmental students,bryantal,User,closed,2020-07-15 20:43:37+00:00,2020-07-16T14:34:21Z,2020-07-16 14:34:21+00:00,2,https://github.com/BCStudentSoftwareDevTeam/lsf/issues/214,0.7435648148148148
lsf,215,"Delay between the submission of status forms and the ""Done"" button appearing",bryantal,User,closed,2020-07-15 20:52:01+00:00,2020-07-22T15:01:05Z,2020-07-22 15:01:05+00:00,0,https://github.com/BCStudentSoftwareDevTeam/lsf/issues/215,6.756296296296297
lsf,216,Labor Overload Form created on any sort of modifications to the hours,bryantal,User,closed,2020-07-16 12:08:50+00:00,2020-07-16T13:09:33Z,2020-07-16 13:09:33+00:00,2,https://github.com/BCStudentSoftwareDevTeam/lsf/issues/216,0.04216435185185185
lsf,217,Not allow adding two forms for the same student in labor status form page,bryantal,User,closed,2020-07-16 13:50:24+00:00,2020-07-17T15:30:26Z,2020-07-17 15:30:26+00:00,2,https://github.com/BCStudentSoftwareDevTeam/lsf/issues/217,1.0694675925925925
lsf,218,Remove buttons related to Labor Evaluation from the student view,bryantal,User,closed,2020-07-16 16:06:16+00:00,2020-07-17T16:02:24Z,2020-07-17 16:02:24+00:00,2,https://github.com/BCStudentSoftwareDevTeam/lsf/issues/218,0.9973148148148148
lsf,219,Approve Modal on Pending Form Page Is Not Scrollable,bryantal,User,closed,2020-07-16 18:14:47+00:00,2020-07-17T15:30:39Z,2020-07-17 15:30:39+00:00,2,https://github.com/BCStudentSoftwareDevTeam/lsf/issues/219,0.8860185185185185
lsf,220,Implement Autocomplete for Adding Labor Admins,bryantal,User,closed,2020-07-17 12:16:15+00:00,2020-07-30T12:39:42Z,2020-07-30 12:39:42+00:00,1,https://github.com/BCStudentSoftwareDevTeam/lsf/issues/220,13.016284722222222
lsf,221,Start and End Date can be mismatched,bryantal,User,closed,2020-07-17 20:17:08+00:00,2020-08-29T23:58:34Z,2020-08-29 23:58:34+00:00,2,https://github.com/BCStudentSoftwareDevTeam/lsf/issues/221,43.15377314814815
lsf,222,User able to modify an LSF without an adjustment cut off date set.,bryantal,User,closed,2020-07-20 16:10:03+00:00,2020-07-23T16:58:51Z,2020-07-23 16:58:51+00:00,1,https://github.com/BCStudentSoftwareDevTeam/lsf/issues/222,3.033888888888889
lsf,223,Pages are not responsive for small displays.,bryantal,User,closed,2020-07-20 19:06:30+00:00,2020-07-27T15:05:10Z,2020-07-27 15:05:10+00:00,1,https://github.com/BCStudentSoftwareDevTeam/lsf/issues/223,6.832407407407407
lsf,224,Flasher Can't Be Seen At All Times,bryantal,User,closed,2020-07-21 17:52:40+00:00,2020-07-23T12:40:40Z,2020-07-23 12:40:40+00:00,1,https://github.com/BCStudentSoftwareDevTeam/lsf/issues/224,1.7833333333333334
lsf,225,Refactor terms to unify suffix->term mapping,bryantal,User,closed,2020-07-22 13:46:11+00:00,2021-01-29T14:09:19Z,2021-01-29 14:09:19+00:00,1,https://github.com/BCStudentSoftwareDevTeam/lsf/issues/225,191.01606481481483
lsf,226,'Rehire' page does not show the default 'hours per week',bryantal,User,closed,2020-07-22 14:58:25+00:00,2020-07-29T21:33:31Z,2020-07-29 21:33:31+00:00,1,https://github.com/BCStudentSoftwareDevTeam/lsf/issues/226,7.274375
lsf,227,Pending Adjustment Table Display Wrong Information,bryantal,User,closed,2020-07-22 20:30:06+00:00,2020-07-23T13:09:28Z,2020-07-23 13:09:28+00:00,2,https://github.com/BCStudentSoftwareDevTeam/lsf/issues/227,0.6940046296296296
lsf,228,Datepicker in Labor Adjustment lets user type in any date they want,bryantal,User,closed,2020-07-23 12:46:13+00:00,2020-07-24T15:32:04Z,2020-07-24 15:32:04+00:00,2,https://github.com/BCStudentSoftwareDevTeam/lsf/issues/228,1.115173611111111
lsf,229,Error on getcompliance function in laborStatusForm.py,bryantal,User,closed,2020-07-23 12:54:47+00:00,2020-07-28T18:22:11Z,2020-07-28 18:22:12+00:00,1,https://github.com/BCStudentSoftwareDevTeam/lsf/issues/229,5.227372685185185
lsf,230,checkForSecondLSFBreak function running with more arguments than what it takes.,bryantal,User,closed,2020-07-23 13:00:21+00:00,2020-07-23T15:17:38Z,2020-07-23 15:17:38+00:00,1,https://github.com/BCStudentSoftwareDevTeam/lsf/issues/230,0.09533564814814814
lsf,231,Fix static asset browser caching,bryantal,User,closed,2020-07-23 13:09:45+00:00,2020-07-30T12:39:00Z,2020-07-30 12:39:00+00:00,1,https://github.com/BCStudentSoftwareDevTeam/lsf/issues/231,6.978645833333333
lsf,232,Error on approving a break term labor status form,bryantal,User,closed,2020-07-23 14:47:02+00:00,2020-07-23T15:08:13Z,2020-07-23 15:08:13+00:00,1,https://github.com/BCStudentSoftwareDevTeam/lsf/issues/232,0.014710648148148148
lsf,233,Missing WLS info from Table in New LSF Page,bryantal,User,closed,2020-07-23 21:31:34+00:00,2020-07-28T21:21:50Z,2020-07-28 21:21:50+00:00,2,https://github.com/BCStudentSoftwareDevTeam/lsf/issues/233,4.993240740740741
lsf,234,Waiting after submitting new LSF forms goes unnoticed,bryantal,User,closed,2020-07-24 13:32:50+00:00,2020-08-21T00:50:18Z,2020-08-21 00:50:18+00:00,2,https://github.com/BCStudentSoftwareDevTeam/lsf/issues/234,27.470462962962962
lsf,235,Usability Enhancement: Labor Status Forms Interface Calendar,bryantal,User,closed,2020-07-24 15:53:16+00:00,2020-07-27T12:33:13Z,2020-07-27 12:33:12+00:00,1,https://github.com/BCStudentSoftwareDevTeam/lsf/issues/235,2.861064814814815
lsf,236,In sidebar it's not clear which tab the user is in,bryantal,User,closed,2020-07-24 15:59:32+00:00,2021-03-23T17:08:22Z,2021-03-23 17:08:22+00:00,2,https://github.com/BCStudentSoftwareDevTeam/lsf/issues/236,242.0478009259259
lsf,237,Admin/Supervisor may not know that they can add multiple students at once.,bryantal,User,closed,2020-07-24 18:23:16+00:00,2020-07-30T19:37:06Z,2020-07-30 19:37:06+00:00,1,https://github.com/BCStudentSoftwareDevTeam/lsf/issues/237,6.051273148148148
lsf,238,My Students/My Department pages need to indicate no data to display,bryantal,User,closed,2020-07-24 20:35:23+00:00,2020-08-21T00:50:43Z,2020-08-21 00:50:43+00:00,3,https://github.com/BCStudentSoftwareDevTeam/lsf/issues/238,27.177314814814814
lsf,239,Error when viewing student in Department Students page,bryantal,User,closed,2020-08-04 18:39:23+00:00,2020-08-05T18:33:53Z,2020-08-05 18:33:53+00:00,1,https://github.com/BCStudentSoftwareDevTeam/lsf/issues/239,0.9961805555555555
lsf,240,Download Button on All Pending Forms Page,bryantal,User,closed,2020-08-06 18:10:24+00:00,2020-08-21T00:50:59Z,2020-08-21 00:50:59+00:00,2,https://github.com/BCStudentSoftwareDevTeam/lsf/issues/240,14.27818287037037
lsf,241,New tab in Supervisor Portal for viewing all student labor status form history,bryantal,User,closed,2020-08-06 18:15:49+00:00,2020-08-31T14:20:38Z,2020-08-31 14:20:38+00:00,2,https://github.com/BCStudentSoftwareDevTeam/lsf/issues/241,24.836678240740742
lsf,242,Adding a status to students in Supervisor Portal,bryantal,User,closed,2020-08-06 19:50:44+00:00,2020-08-21T02:37:05Z,2020-08-21 02:37:05+00:00,5,https://github.com/BCStudentSoftwareDevTeam/lsf/issues/242,14.2821875
lsf,243,%LINK% is incorrect for certain emails,bryantal,User,closed,2020-08-10 15:47:02+00:00,2020-08-21T00:50:30Z,2020-08-21 00:50:30+00:00,2,https://github.com/BCStudentSoftwareDevTeam/lsf/issues/243,10.377407407407407
lsf,244,Download button in Labor History is off the screen/too far to the right,bryantal,User,closed,2020-08-20 19:06:57+00:00,2020-08-26T13:43:57Z,2020-08-26 13:43:57+00:00,2,https://github.com/BCStudentSoftwareDevTeam/lsf/issues/244,5.7756944444444445
lsf,245,Back/Return button (browser/UI) always takes you back to Supervisor Portal,bryantal,User,closed,2020-08-20 19:24:17+00:00,2020-09-20T22:31:14Z,2020-09-20 22:31:14+00:00,2,https://github.com/BCStudentSoftwareDevTeam/lsf/issues/245,31.12982638888889
lsf,246,Manage Administrators Live Selectpicker,bryantal,User,closed,2020-08-20 19:44:45+00:00,2021-01-13T16:49:03Z,2021-01-13 16:49:03+00:00,3,https://github.com/BCStudentSoftwareDevTeam/lsf/issues/246,145.8779861111111
lsf,247,Pending Forms Page Approved Forms Modal Table,bryantal,User,closed,2020-08-20 21:52:52+00:00,2020-08-31T14:20:04Z,2020-08-31 14:20:04+00:00,6,https://github.com/BCStudentSoftwareDevTeam/lsf/issues/247,10.685555555555556
lsf,248,Dummy positions only appearing for Labor admins,bryantal,User,closed,2020-08-21 17:36:42+00:00,2021-02-15T16:58:49Z,2021-02-15 16:58:49+00:00,2,https://github.com/BCStudentSoftwareDevTeam/lsf/issues/248,177.97369212962963
lsf,249,Clarify selectable dates in datepicker,bryantal,User,closed,2020-08-21 17:41:20+00:00,2021-02-03T16:24:51Z,2021-02-03 16:24:51+00:00,2,https://github.com/BCStudentSoftwareDevTeam/lsf/issues/249,165.94688657407409
lsf,250,Placement of approve/approve reluctantly/deny in Overload modal,bryantal,User,closed,2020-08-27 19:44:09+00:00,2020-09-20T22:30:25Z,2020-09-20 22:30:25+00:00,5,https://github.com/BCStudentSoftwareDevTeam/lsf/issues/250,24.11546296296296
lsf,251,Add Status to Labor History,bryantal,User,closed,2020-08-27 20:54:57+00:00,2020-09-08T21:43:15Z,2020-09-08 21:43:15+00:00,2,https://github.com/BCStudentSoftwareDevTeam/lsf/issues/251,12.033541666666666
lsf,252,Labor History sorting is unclear,bryantal,User,closed,2020-08-27 21:05:50+00:00,2020-09-09T12:12:39Z,2020-09-09 12:12:39+00:00,2,https://github.com/BCStudentSoftwareDevTeam/lsf/issues/252,12.629733796296296
lsf,253,Print Button Gives Error and Doesn't Work,bryantal,User,closed,2020-08-28 12:33:40+00:00,2020-08-28T14:46:28Z,2020-08-28 14:46:29+00:00,2,https://github.com/BCStudentSoftwareDevTeam/lsf/issues/253,0.0922337962962963
lsf,254,Old Labor Positions show incorrect number of hours.,bryantal,User,closed,2020-08-30 15:15:09+00:00,2021-01-13T16:47:25Z,2021-01-13 16:47:25+00:00,3,https://github.com/BCStudentSoftwareDevTeam/lsf/issues/254,136.06407407407409
lsf,255,Improving Labor Admin Workflow,bryantal,User,closed,2020-08-31 14:09:05+00:00,2020-09-18T19:58:21Z,2020-09-18 19:58:21+00:00,3,https://github.com/BCStudentSoftwareDevTeam/lsf/issues/255,18.242546296296297
lsf,256,Improve Manage Terms Language,bryantal,User,closed,2020-08-31 14:09:11+00:00,2020-09-07T14:25:52Z,2020-09-07 14:25:52+00:00,4,https://github.com/BCStudentSoftwareDevTeam/lsf/issues/256,7.011585648148148
lsf,257,"Make B#'s, Position Codes, etc. Persist",bryantal,User,closed,2020-08-31 14:09:18+00:00,2020-09-08T21:42:10Z,2020-09-08 21:42:10+00:00,3,https://github.com/BCStudentSoftwareDevTeam/lsf/issues/257,8.314490740740741
lsf,258,Email Template Lacks Reject Reason,bryantal,User,closed,2020-09-01 18:18:43+00:00,2020-09-23T18:37:48Z,2020-09-23 18:37:47+00:00,1,https://github.com/BCStudentSoftwareDevTeam/lsf/issues/258,22.01324074074074
lsf,259,Filtering By ORG and ACCT,bryantal,User,closed,2020-09-02 12:48:06+00:00,2020-09-23T17:22:19Z,2020-09-23 17:22:19+00:00,2,https://github.com/BCStudentSoftwareDevTeam/lsf/issues/259,21.19042824074074
lsf,260,Error On Email to Financial Aid/SAAS,bryantal,User,closed,2020-09-02 12:57:20+00:00,2020-09-20T22:29:05Z,2020-09-20 22:29:05+00:00,3,https://github.com/BCStudentSoftwareDevTeam/lsf/issues/260,18.39704861111111
lsf,261,Term In Email Templates,bryantal,User,closed,2020-09-03 17:02:22+00:00,2020-11-11T17:10:16Z,2020-11-11 17:10:16+00:00,2,https://github.com/BCStudentSoftwareDevTeam/lsf/issues/261,69.00548611111111
lsf,262,Department is not selected when labor status form page reloads,bryantal,User,closed,2020-09-07 17:15:46+00:00,2020-09-18T19:58:30Z,2020-09-18 19:58:30+00:00,3,https://github.com/BCStudentSoftwareDevTeam/lsf/issues/262,11.11300925925926
lsf,263,Student Labor Evaluation (SLE) Refactor,bryantal,User,closed,2020-09-09 14:17:04+00:00,2025-09-11T14:32:18Z,2025-09-11 14:32:18+00:00,0,https://github.com/BCStudentSoftwareDevTeam/lsf/issues/263,1828.0105787037037
lsf,264,Labor Admins Adjusting Approved Forms,bryantal,User,closed,2020-09-09 18:29:21+00:00,2020-09-20T22:31:56Z,2020-09-20 22:31:56+00:00,2,https://github.com/BCStudentSoftwareDevTeam/lsf/issues/264,11.168460648148148
lsf,265,Edit To Student Overload Application,bryantal,User,closed,2020-09-17 21:37:48+00:00,2020-09-23T13:21:04Z,2020-09-23 13:21:04+00:00,2,https://github.com/BCStudentSoftwareDevTeam/lsf/issues/265,5.655046296296296
lsf,266,Financial Aid Emails Destination,bryantal,User,closed,2020-09-18 17:04:57+00:00,2020-09-22T19:56:01Z,2020-09-22 19:56:01+00:00,2,https://github.com/BCStudentSoftwareDevTeam/lsf/issues/266,4.1187962962962965
lsf,267,Overload Shouldn't Be Processed Until Student Confirms,bryantal,User,closed,2020-09-21 15:19:08+00:00,2021-01-13T16:57:55Z,2021-01-13 16:57:55+00:00,2,https://github.com/BCStudentSoftwareDevTeam/lsf/issues/267,114.06859953703703
lsf,268,New Interface For Financial Aid Admin Approving Overload Forms,bryantal,User,closed,2020-09-21 17:55:00+00:00,2021-01-13T17:10:29Z,2021-01-13 17:10:29+00:00,2,https://github.com/BCStudentSoftwareDevTeam/lsf/issues/268,113.96908564814815
lsf,269,Change Email Sender,bryantal,User,closed,2020-09-21 17:59:58+00:00,2021-01-13T17:45:38Z,2021-01-13 17:45:38+00:00,1,https://github.com/BCStudentSoftwareDevTeam/lsf/issues/269,113.9900462962963
lsf,270,Denied Forms Supervisor,bryantal,User,closed,2020-09-24 16:24:36+00:00,2020-11-11T17:19:16Z,2020-11-11 17:19:16+00:00,2,https://github.com/BCStudentSoftwareDevTeam/lsf/issues/270,48.037962962962965
lsf,271,Form Status In Supervisor Portal,bryantal,User,closed,2020-09-24 17:23:35+00:00,2021-01-13T16:54:52Z,2021-01-13 16:54:52+00:00,2,https://github.com/BCStudentSoftwareDevTeam/lsf/issues/271,110.98005787037037
lsf,272,Supervisor Portal Department Dropdown,bryantal,User,closed,2020-09-24 17:48:37+00:00,2021-01-13T16:56:09Z,2021-01-13 16:56:09+00:00,2,https://github.com/BCStudentSoftwareDevTeam/lsf/issues/272,110.96356481481482
lsf,273,"Adjustment web form has None in the Notes field, by default",bryantal,User,closed,2020-09-24 19:22:32+00:00,2020-11-03T16:25:11Z,2020-11-03 16:25:11+00:00,0,https://github.com/BCStudentSoftwareDevTeam/lsf/issues/273,39.87684027777778
lsf,274,Form History Back Button: Incorrect Return on Adjustment Form Submission,bryantal,User,closed,2020-09-25 17:31:43+00:00,2021-01-13T17:17:32Z,2021-01-13 17:17:32+00:00,2,https://github.com/BCStudentSoftwareDevTeam/lsf/issues/274,109.99015046296296
lsf,275,Labor Correction: Missing Field,bryantal,User,closed,2020-09-25 18:35:39+00:00,2021-01-13T16:53:31Z,2021-01-13 16:53:31+00:00,2,https://github.com/BCStudentSoftwareDevTeam/lsf/issues/275,109.92907407407408
lsf,276,Adjustment Forms on the Pending Forms Page,bryantal,User,closed,2020-10-01 16:28:26+00:00,2020-11-11T21:07:06Z,2020-11-11 21:07:06+00:00,1,https://github.com/BCStudentSoftwareDevTeam/lsf/issues/276,41.193518518518516
lsf,277,Adjustment Form Information in Emails,bryantal,User,closed,2020-10-09 13:20:16+00:00,2021-01-28T05:00:03Z,2021-01-28 05:00:03+00:00,6,https://github.com/BCStudentSoftwareDevTeam/lsf/issues/277,110.65262731481481
lsf,278,Change people's names to email links,bryantal,User,closed,2020-10-09 17:20:28+00:00,2021-01-13T17:13:01Z,2021-01-13 17:13:02+00:00,2,https://github.com/BCStudentSoftwareDevTeam/lsf/issues/278,95.99483796296296
lsf,279,The exporter does not include status (nor does it filter out denied forms),bryantal,User,closed,2020-10-15 19:24:10+00:00,2021-01-13T17:11:44Z,2021-01-13 17:11:44+00:00,2,https://github.com/BCStudentSoftwareDevTeam/lsf/issues/279,89.9080324074074
lsf,280,Allow Supervisors to Submit Secondary Forms,bryantal,User,closed,2020-11-20 20:36:45+00:00,2021-01-28T16:03:22Z,2021-01-28 16:03:22+00:00,1,https://github.com/BCStudentSoftwareDevTeam/lsf/issues/280,68.81015046296297
lsf,281,Modifying Start and End Dates on Forms,bryantal,User,closed,2020-12-02 17:25:06+00:00,2021-01-28T14:11:04Z,2021-01-28 14:11:04+00:00,1,https://github.com/BCStudentSoftwareDevTeam/lsf/issues/281,56.86525462962963
lsf,282,Pending Forms Search By Term,bryantal,User,closed,2020-12-02 17:39:45+00:00,2021-12-10T20:37:41Z,2021-12-10 20:37:41+00:00,2,https://github.com/BCStudentSoftwareDevTeam/lsf/issues/282,373.1235648148148
lsf,283,Pending Forms Search By Supervisor,bryantal,User,closed,2020-12-02 17:46:29+00:00,2021-12-10T20:38:21Z,2021-12-10 20:38:21+00:00,2,https://github.com/BCStudentSoftwareDevTeam/lsf/issues/283,373.11935185185183
lsf,284,New Labor Status Form Term Selection,bryantal,User,closed,2020-12-02 20:50:29+00:00,2025-09-11T14:32:19Z,2025-09-11 14:32:19+00:00,1,https://github.com/BCStudentSoftwareDevTeam/lsf/issues/284,1743.7373842592592
lsf,285,Indicate Job Type On Pending Forms Page,bryantal,User,closed,2020-12-04 13:20:31+00:00,2020-12-09T16:34:33Z,2020-12-09 16:34:33+00:00,0,https://github.com/BCStudentSoftwareDevTeam/lsf/issues/285,5.1347453703703705
lsf,286,Missing Options From An Approved Form,bryantal,User,closed,2020-12-10 19:42:25+00:00,2021-01-28T15:05:52Z,2021-01-28 15:05:52+00:00,1,https://github.com/BCStudentSoftwareDevTeam/lsf/issues/286,48.80795138888889
lsf,287,AY Positions Not Recording Correctly,bryantal,User,closed,2020-12-15 16:00:43+00:00,2021-01-29T15:05:24Z,2021-01-29 15:05:24+00:00,1,https://github.com/BCStudentSoftwareDevTeam/lsf/issues/287,44.96158564814815
lsf,288,Overload Modal CSS Breaks in General Search Interface,bryantal,User,closed,2021-01-06 21:52:47+00:00,2021-01-08T17:56:23Z,2021-01-08 17:56:23+00:00,2,https://github.com/BCStudentSoftwareDevTeam/lsf/issues/288,1.8358333333333334
lsf,289,Incorrect sorting of columns on General Search datatable,bryantal,User,closed,2021-01-06 21:53:03+00:00,2021-01-07T19:37:57Z,2021-01-07 19:37:57+00:00,2,https://github.com/BCStudentSoftwareDevTeam/lsf/issues/289,0.9061805555555555
lsf,290,Error on Approve/Deny a Release Form,bryantal,User,closed,2021-01-15 18:49:33+00:00,2021-01-28T05:03:20Z,2021-01-28 05:03:20+00:00,2,https://github.com/BCStudentSoftwareDevTeam/lsf/issues/290,12.426238425925925
lsf,291,Redirecting email replies to labor Office,bryantal,User,closed,2021-01-25 15:35:24+00:00,2021-01-28T04:58:37Z,2021-01-28 04:58:37+00:00,1,https://github.com/BCStudentSoftwareDevTeam/lsf/issues/291,2.5577893518518517
lsf,292,Adding job descriptions to LSF,bryantal,User,closed,2021-01-27 15:49:52+00:00,2025-09-11T14:32:19Z,2025-09-11 14:32:19+00:00,2,https://github.com/BCStudentSoftwareDevTeam/lsf/issues/292,1687.9461458333333
lsf,293,Add Job Descriptions to Email Templates,bryantal,User,open,2021-01-29 14:28:47+00:00,2025-12-10T16:28:51Z,,0,https://github.com/BCStudentSoftwareDevTeam/lsf/issues/293,
lsf,294,Errors in test_alterLSF.py,bryantal,User,closed,2021-02-01 22:50:41+00:00,2021-03-23T17:15:23Z,2021-03-23 17:15:23+00:00,1,https://github.com/BCStudentSoftwareDevTeam/lsf/issues/294,49.76715277777778
lsf,295,Investigate Secondary form problem,bryantal,User,closed,2021-02-01 22:53:31+00:00,2021-02-15T16:55:36Z,2021-02-15 16:55:36+00:00,2,https://github.com/BCStudentSoftwareDevTeam/lsf/issues/295,13.75144675925926
lsf,296,Validate New Overload workflow,bryantal,User,closed,2021-02-01 23:02:45+00:00,2025-09-11T14:32:20Z,2025-09-11 14:32:20+00:00,1,https://github.com/BCStudentSoftwareDevTeam/lsf/issues/296,1682.6455439814815
lsf,297,Handle SNOLAB position,bryantal,User,closed,2021-02-11 17:19:20+00:00,2021-12-10T20:39:24Z,2021-12-10 20:39:24+00:00,1,https://github.com/BCStudentSoftwareDevTeam/lsf/issues/297,302.1389351851852
lsf,298,Give LSF Admins visibility into student overload approval,bryantal,User,closed,2021-02-11 17:23:37+00:00,2025-09-11T14:32:20Z,2025-09-11 14:32:20+00:00,0,https://github.com/BCStudentSoftwareDevTeam/lsf/issues/298,1672.8810532407408
lsf,299,"Student Overload form ""request for over 20 hours"" checkbox only appear when total hours is over 20",bryantal,User,closed,2021-02-12 19:11:35+00:00,2021-02-17T12:59:47Z,2021-02-17 12:59:47+00:00,2,https://github.com/BCStudentSoftwareDevTeam/lsf/issues/299,4.741805555555556
lsf,300,ERROR when sending Financial Aid email for Overload form,bryantal,User,closed,2021-02-12 19:20:22+00:00,2021-02-16T15:17:52Z,2021-02-16 15:17:52+00:00,1,https://github.com/BCStudentSoftwareDevTeam/lsf/issues/300,3.8315972222222223
lsf,301,"Labor Admin ""Approve"" and ""Deny"" Overload Form",bryantal,User,closed,2021-02-12 19:29:49+00:00,2021-02-17T14:26:25Z,2021-02-17 14:26:25+00:00,2,https://github.com/BCStudentSoftwareDevTeam/lsf/issues/301,4.789305555555556
lsf,302,Reformat ckeditor.js,bryantal,User,closed,2021-02-12 21:37:05+00:00,2021-12-10T20:40:25Z,2021-12-10 20:40:25+00:00,1,https://github.com/BCStudentSoftwareDevTeam/lsf/issues/302,300.96064814814815
lsf,303,Problem submitting secondary forms,bryantal,User,closed,2021-02-17 15:21:51+00:00,2021-05-05T15:30:40Z,2021-05-05 15:30:40+00:00,2,https://github.com/BCStudentSoftwareDevTeam/lsf/issues/303,77.00612268518519
lsf,304,Test Labor Status Form Creation,bryantal,User,closed,2021-02-17 16:06:51+00:00,2021-12-10T20:41:08Z,2021-12-10 20:41:08+00:00,2,https://github.com/BCStudentSoftwareDevTeam/lsf/issues/304,296.19047453703706
lsf,305,Test Overload Form Workflow,bryantal,User,closed,2021-02-17 16:08:09+00:00,2025-09-11T14:32:21Z,2025-09-11 14:32:21+00:00,0,https://github.com/BCStudentSoftwareDevTeam/lsf/issues/305,1666.9334722222222
lsf,306,#306: Labor Admin Overload Visibility,bryantal,User,closed,2021-02-17 16:43:54+00:00,2025-09-11T14:33:10Z,2025-09-11 14:33:10+00:00,1,https://github.com/BCStudentSoftwareDevTeam/lsf/issues/306,1666.909212962963
lsf,307,"Add A ""Job Search"" Interface to the Student Portal",bryantal,User,open,2021-03-02 15:13:20+00:00,2025-09-12T18:25:22Z,,0,https://github.com/BCStudentSoftwareDevTeam/lsf/issues/307,
lsf,308,Secondary Labor Status Form Submission Fails,bryantal,User,closed,2021-04-12 18:04:05+00:00,2021-05-05T15:30:19Z,2021-05-05 15:30:19+00:00,2,https://github.com/BCStudentSoftwareDevTeam/lsf/issues/308,22.893217592592592
lsf,309,Error in checktotalhours,bryantal,User,closed,2021-04-14 13:10:04+00:00,2021-12-07T21:10:36Z,2021-12-07 21:10:36+00:00,2,https://github.com/BCStudentSoftwareDevTeam/lsf/issues/309,237.3337037037037
lsf,310,New Labor Status Form Add Student Button Error,bryantal,User,closed,2021-04-26 15:31:49+00:00,2021-06-04T15:52:46Z,2021-06-04 15:52:46+00:00,1,https://github.com/BCStudentSoftwareDevTeam/lsf/issues/310,39.01454861111111
lsf,311,Formatting termManagement.js and termManagement.html,bryantal,User,closed,2021-05-14 18:03:06+00:00,2025-09-11T14:33:59Z,2025-09-11 14:33:59+00:00,0,https://github.com/BCStudentSoftwareDevTeam/lsf/issues/311,1580.8547800925926
lsf,312,"Formatting studentOverloadApp.js, studentOverloadApp.html, and studentOverloadApp.css",bryantal,User,closed,2021-05-14 18:32:57+00:00,2025-09-11T14:33:59Z,2025-09-11 14:33:59+00:00,0,https://github.com/BCStudentSoftwareDevTeam/lsf/issues/312,1580.834050925926
lsf,313,Formatting sidebar.js,bryantal,User,closed,2021-05-14 18:41:37+00:00,2025-09-11T14:33:59Z,2025-09-11 14:33:59+00:00,0,https://github.com/BCStudentSoftwareDevTeam/lsf/issues/313,1580.8280324074074
lsf,314,"Formatting adminManagement.js, adminManagement.html, and adminManagement.css",bryantal,User,closed,2021-05-14 18:45:27+00:00,2025-09-11T14:34:00Z,2025-09-11 14:34:00+00:00,0,https://github.com/BCStudentSoftwareDevTeam/lsf/issues/314,1580.8253819444444
lsf,315,"Formatting search.js, search.html and search.css",bryantal,User,closed,2021-05-14 18:46:59+00:00,2025-09-11T14:34:00Z,2025-09-11 14:34:00+00:00,0,https://github.com/BCStudentSoftwareDevTeam/lsf/issues/315,1580.8243171296297
lsf,316,"Formatting allPendingForms.js, allPendingForms.html, and allPendingForms.css",bryantal,User,closed,2021-05-14 18:51:32+00:00,2025-09-11T14:34:00Z,2025-09-11 14:34:00+00:00,0,https://github.com/BCStudentSoftwareDevTeam/lsf/issues/316,1580.8211574074073
lsf,317,"Formatting alterLSF.js, alterLSF.html and alterLSF.css",bryantal,User,closed,2021-05-17 15:16:53+00:00,2025-09-11T14:34:01Z,2025-09-11 14:34:01+00:00,0,https://github.com/BCStudentSoftwareDevTeam/lsf/issues/317,1577.9702314814815
lsf,318,Formatting emailTemplates.js and emailTemplates.html,bryantal,User,closed,2021-05-17 15:38:49+00:00,2025-09-11T14:34:01Z,2025-09-11 14:34:01+00:00,0,https://github.com/BCStudentSoftwareDevTeam/lsf/issues/318,1577.955
lsf,319,"Formatting manageDepartments.js, manageDepartments.html and manageDepartments.css",bryantal,User,closed,2021-05-17 15:39:18+00:00,2025-09-11T14:34:02Z,2025-09-11 14:34:02+00:00,0,https://github.com/BCStudentSoftwareDevTeam/lsf/issues/319,1577.9546759259258
lsf,320,"Formatting LaborStatusForm.html, LaborStatusForm.js and LaborStatusForm.css",bryantal,User,closed,2021-05-17 15:45:39+00:00,2025-09-11T14:34:02Z,2025-09-11 14:34:02+00:00,0,https://github.com/BCStudentSoftwareDevTeam/lsf/issues/320,1577.9502662037037
lsf,321,"Formatting financialAidOverload.js, financialAidOverload.html, financialAidOverload.css",bryantal,User,closed,2021-05-17 15:51:03+00:00,2025-09-11T14:34:02Z,2025-09-11 14:34:02+00:00,0,https://github.com/BCStudentSoftwareDevTeam/lsf/issues/321,1577.9465162037036
lsf,322,"Formatting LaborReleaseForm.js, laborReleaseForm.html and laborReleaseForm.css",bryantal,User,closed,2021-05-17 15:54:15+00:00,2025-09-11T14:34:03Z,2025-09-11 14:34:03+00:00,0,https://github.com/BCStudentSoftwareDevTeam/lsf/issues/322,1577.9443055555555
lsf,323,"Formatting index.js, index.html, and index.css",bryantal,User,closed,2021-05-17 16:06:13+00:00,2025-09-11T14:34:03Z,2025-09-11 14:34:03+00:00,0,https://github.com/BCStudentSoftwareDevTeam/lsf/issues/323,1577.9359953703704
lsf,324,Formatting laborhistory.js,bryantal,User,closed,2021-05-18 15:44:41+00:00,2025-09-11T14:34:04Z,2025-09-11 14:34:04+00:00,0,https://github.com/BCStudentSoftwareDevTeam/lsf/issues/324,1576.950960648148
lsf,325,Show Position Description When Submitting Labor Status Form,bryantal,User,open,2021-05-18 18:39:46+00:00,2025-09-12T18:24:06Z,,0,https://github.com/BCStudentSoftwareDevTeam/lsf/issues/325,
lsf,326,Allow Admins to Adjust Department,bryantal,User,closed,2021-08-25 13:08:15+00:00,2021-12-10T20:43:11Z,2021-12-10 20:43:11+00:00,1,https://github.com/BCStudentSoftwareDevTeam/lsf/issues/326,107.31592592592592
lsf,327,New Feature to Allow Supervisors to View Upcoming Labor Status Forms,bryantal,User,closed,2021-12-10 20:36:29+00:00,2025-09-11T14:40:39Z,2025-09-11 14:40:39+00:00,0,https://github.com/BCStudentSoftwareDevTeam/lsf/issues/327,1370.7528935185185
lsf,328,Student Labor Evaluations midyear evaluations,bryantal,User,closed,2022-01-07 20:36:53+00:00,2022-04-12T15:22:39Z,2022-04-12 15:22:39+00:00,1,https://github.com/BCStudentSoftwareDevTeam/lsf/issues/328,94.7817824074074
lsf,329,Transcript comments/Submit as Final Evaluation bug in Student Labor Evaluations,bryantal,User,closed,2022-04-12 15:27:36+00:00,2025-09-11T14:34:25Z,2025-09-11 14:34:25+00:00,0,https://github.com/BCStudentSoftwareDevTeam/lsf/issues/329,1247.9630671296297
lsf,330,"Connect LSF to LinkedIn and converting ""transcripts"" to ""resumes""",bryantal,User,open,2022-04-19 13:56:27+00:00,2025-09-12T18:25:17Z,,0,https://github.com/BCStudentSoftwareDevTeam/lsf/issues/330,
lsf,331,Integrate dates into LSF logic for Academic Year,bryantal,User,closed,2022-04-19 14:04:59+00:00,2025-09-11T14:35:04Z,2025-09-11 14:35:04+00:00,1,https://github.com/BCStudentSoftwareDevTeam/lsf/issues/331,1241.0208912037037
lsf,332,Update the Department table at some interval,bryantal,User,closed,2022-04-19 18:16:39+00:00,2025-09-11T14:34:45Z,2025-09-11 14:34:45+00:00,0,https://github.com/BCStudentSoftwareDevTeam/lsf/issues/332,1240.8459027777778
lsf,333,"SLE ""Save for Later"" resets the total score",bryantal,User,closed,2022-04-27 14:32:05+00:00,2025-09-11T14:34:36Z,2025-09-11 14:34:36+00:00,0,https://github.com/BCStudentSoftwareDevTeam/lsf/issues/333,1233.0017476851851
lsf,1,dummy issue,bryantal,User,closed,2022-05-27 21:48:09+00:00,2022-05-27T21:48:10Z,2022-05-27 21:48:10+00:00,0,https://github.com/BCStudentSoftwareDevTeam/lsf/issues/1,1.1574074074074073e-05
lsf,60,dummy issue,bryantal,User,closed,2022-05-27 21:50:50+00:00,2022-05-27T21:50:50Z,2022-05-27 21:50:50+00:00,0,https://github.com/BCStudentSoftwareDevTeam/lsf/issues/60,0.0
lsf,77,dummy issue,bryantal,User,closed,2022-05-27 21:51:36+00:00,2022-05-27T21:51:37Z,2022-05-27 21:51:37+00:00,0,https://github.com/BCStudentSoftwareDevTeam/lsf/issues/77,1.1574074074074073e-05
lsf,164,dummy issue,bryantal,User,closed,2022-05-27 21:55:30+00:00,2022-05-27T21:55:30Z,2022-05-27 21:55:30+00:00,0,https://github.com/BCStudentSoftwareDevTeam/lsf/issues/164,0.0
lsf,344,Fix Labor history ordering,sheggen,User,closed,2022-08-09 15:18:05+00:00,2024-04-02T18:17:43Z,2024-04-02 18:17:43+00:00,1,https://github.com/BCStudentSoftwareDevTeam/lsf/issues/344,602.1247453703704
lsf,345,Department dropdown is unsearchable,sheggen,User,closed,2022-08-09 15:20:10+00:00,2022-09-02T13:48:23Z,2022-09-02 13:48:23+00:00,2,https://github.com/BCStudentSoftwareDevTeam/lsf/issues/345,23.936261574074074
lsf,348,Labor history does not show contract dates,sheggen,User,closed,2022-08-11 13:48:23+00:00,2025-09-11T14:41:07Z,2025-09-11 14:41:07+00:00,1,https://github.com/BCStudentSoftwareDevTeam/lsf/issues/348,1127.0366203703704
lsf,359,Overhaul LSF,AndersonStettner,User,closed,2022-08-22 17:32:58+00:00,2025-09-11T14:31:24Z,2025-09-11 14:31:24+00:00,1,https://github.com/BCStudentSoftwareDevTeam/lsf/issues/359,1115.8739120370371
lsf,362,Rework Supervisor Portal,bledsoef,User,closed,2022-09-02 13:04:09+00:00,2022-11-28T12:56:37Z,2022-11-28 12:56:29+00:00,2,https://github.com/BCStudentSoftwareDevTeam/lsf/issues/362,86.99467592592593
lsf,363,Supervisor should be able to evaluate any student in their labor department.,bledsoef,User,closed,2022-09-02 13:12:40+00:00,2022-12-07T20:50:39Z,2022-12-07 20:50:39+00:00,0,https://github.com/BCStudentSoftwareDevTeam/lsf/issues/363,96.31804398148148
lsf,364,Supervisor Portal UI Enhancements,bledsoef,User,closed,2022-09-02 13:14:05+00:00,2022-10-05T14:07:35Z,2022-10-05 14:07:34+00:00,1,https://github.com/BCStudentSoftwareDevTeam/lsf/issues/364,33.037141203703705
lsf,365,Supervisors should be assigned to a department.,bledsoef,User,closed,2022-09-02 13:14:43+00:00,2024-03-01T17:32:21Z,2024-03-01 17:32:21+00:00,0,https://github.com/BCStudentSoftwareDevTeam/lsf/issues/365,546.1789120370371
lsf,366,Faculty and staff should be able to search their departments form's and students,bledsoef,User,closed,2022-09-02 13:15:54+00:00,2022-11-28T12:56:59Z,2022-11-28 12:56:58+00:00,1,https://github.com/BCStudentSoftwareDevTeam/lsf/issues/366,86.98685185185185
lsf,368,Searching forms without selecting a limiter gives a popup error,bledsoef,User,closed,2022-09-12 14:14:47+00:00,2024-11-21T20:08:09Z,2024-11-21 20:08:09+00:00,1,https://github.com/BCStudentSoftwareDevTeam/lsf/issues/368,801.2453935185185
lsf,369,"New Feature: Labor supervisors must sign a ""Labor Supervisor Agreement""",sheggen,User,closed,2022-09-15 14:45:07+00:00,2025-09-11T15:49:09Z,2025-09-11 15:49:09+00:00,1,https://github.com/BCStudentSoftwareDevTeam/lsf/issues/369,1092.0444675925926
lsf,388,Give Form Search Presets,bledsoef,User,closed,2022-10-18 20:52:59+00:00,2024-08-29T20:29:22Z,2024-08-29 20:29:22+00:00,1,https://github.com/BCStudentSoftwareDevTeam/lsf/issues/388,680.9835995370371
lsf,389,Some overloads are only given for a single term (though the position is AY),sheggen,User,closed,2022-11-14 14:17:05+00:00,2025-09-11T14:30:24Z,2025-09-11 14:30:24+00:00,0,https://github.com/BCStudentSoftwareDevTeam/lsf/issues/389,1032.009247685185
lsf,390,Remove the Usage of Cookies in and refactor laborStatusForms.js,bledsoef,User,closed,2022-11-14 14:29:03+00:00,2025-09-11T14:40:10Z,2025-09-11 14:40:10+00:00,1,https://github.com/BCStudentSoftwareDevTeam/lsf/issues/390,1032.0077199074074
lsf,391,Upgrade Flask from 1.0.3 --> 2.2.2,martinj2-dot,User,closed,2022-11-17 15:15:59+00:00,2023-07-17T20:23:59Z,2023-07-17 20:23:59+00:00,0,https://github.com/BCStudentSoftwareDevTeam/lsf/issues/391,242.2138888888889
lsf,392,Turn the Notes Character fields into Text fields and remove character limit on the text fields,AndersonStettner,User,closed,2022-11-21 15:29:53+00:00,2023-02-09T15:43:05Z,2023-02-09 15:43:05+00:00,1,https://github.com/BCStudentSoftwareDevTeam/lsf/issues/392,80.00916666666667
lsf,393,Fix pending form adjustment for adjusting supervisors or hours,AndersonStettner,User,closed,2022-11-29 14:08:52+00:00,2023-01-26T21:12:47Z,2023-01-26 21:12:46+00:00,2,https://github.com/BCStudentSoftwareDevTeam/lsf/issues/393,58.294375
lsf,396,"Add a ""date submitted"" on final evaluations",AndersonStettner,User,closed,2023-01-13 15:42:21+00:00,2023-02-16T21:05:49Z,2023-02-16 21:05:49+00:00,1,https://github.com/BCStudentSoftwareDevTeam/lsf/issues/396,34.22462962962963
lsf,397,Give supervisors the ability to reset an evaluation.,AndersonStettner,User,closed,2023-01-13 15:42:50+00:00,2023-02-16T21:06:03Z,2023-02-16 21:06:03+00:00,1,https://github.com/BCStudentSoftwareDevTeam/lsf/issues/397,34.22445601851852
lsf,405,Form Search Breaks When No Term Is Selected,bledsoef,User,closed,2023-02-13 20:18:30+00:00,2024-11-21T20:19:32Z,2024-11-21 20:19:32+00:00,1,https://github.com/BCStudentSoftwareDevTeam/lsf/issues/405,647.0007175925925
lsf,408,Imported Courses and new courses with the same course name can't have different sections,sheggen,User,closed,2023-02-28 19:12:21+00:00,2023-04-05T18:43:57Z,2023-04-05 18:43:57+00:00,2,https://github.com/BCStudentSoftwareDevTeam/lsf/issues/408,35.98027777777778
lsf,410,button isn't blocked enough,solijonovam,User,closed,2023-04-18 19:16:09+00:00,2023-07-17T20:23:15Z,2023-07-17 20:23:14+00:00,1,https://github.com/BCStudentSoftwareDevTeam/lsf/issues/410,90.04658564814815
lsf,417,Adjustment forms are not going through properly when the adjustment triggers an overload.,AndersonStettner,User,closed,2023-08-21 17:10:31+00:00,2023-10-17T13:51:26Z,2023-10-17 13:51:26+00:00,1,https://github.com/BCStudentSoftwareDevTeam/lsf/issues/417,56.861747685185186
lsf,418,Create an easy contact button. ,AndersonStettner,User,closed,2023-08-21 17:12:03+00:00,2023-10-05T12:37:56Z,2023-10-05 12:37:56+00:00,1,https://github.com/BCStudentSoftwareDevTeam/lsf/issues/418,44.809641203703706
lsf,419,Create a Banner resubmit button,AndersonStettner,User,closed,2023-08-21 17:13:14+00:00,2025-08-19T15:00:27Z,2025-08-19 15:00:27+00:00,1,https://github.com/BCStudentSoftwareDevTeam/lsf/issues/419,728.9077893518519
lsf,431,Fix the failing tests in `test_userInsertFunctions.py` and `test_formSearch.py`,AndersonStettner,User,closed,2023-09-29 11:51:56+00:00,2023-10-25T17:31:17Z,2023-10-25 17:31:17+00:00,1,https://github.com/BCStudentSoftwareDevTeam/lsf/issues/431,26.235659722222223
lsf,435,Supervisor student list does not show current students who have break forms,AndersonStettner,User,closed,2024-03-26 20:22:29+00:00,2025-09-11T14:23:12Z,2025-09-11 14:23:12+00:00,1,https://github.com/BCStudentSoftwareDevTeam/lsf/issues/435,533.7504976851852
lsf,439,Revamp Supervisor Portal,bledsoef,User,closed,2024-09-05 19:59:00+00:00,2025-09-11T14:30:41Z,2025-09-11 14:30:41+00:00,0,https://github.com/BCStudentSoftwareDevTeam/lsf/issues/439,370.7720023148148
lsf,440,Refactor Supervisor Portal UI,bledsoef,User,closed,2024-09-05 20:26:33+00:00,2024-10-15T19:59:00Z,2024-10-15 19:58:59+00:00,1,https://github.com/BCStudentSoftwareDevTeam/lsf/issues/440,39.98085648148148
lsf,441,Form Search Views,WackyWeaver,User,closed,2024-09-05 20:46:50+00:00,2024-11-21T15:40:05Z,2024-11-21 15:40:05+00:00,1,https://github.com/BCStudentSoftwareDevTeam/lsf/issues/441,76.78697916666667
lsf,442,Creating more filters for Form Search ,WackyWeaver,User,closed,2024-09-05 21:31:58+00:00,2024-11-21T15:40:28Z,2024-11-21 15:40:28+00:00,1,https://github.com/BCStudentSoftwareDevTeam/lsf/issues/442,76.75590277777778
lsf,443,Errors and Unwanted Form Search Behavior,WackyWeaver,User,closed,2024-09-05 21:39:38+00:00,2024-10-15T19:58:43Z,2024-10-15 19:58:42+00:00,1,https://github.com/BCStudentSoftwareDevTeam/lsf/issues/443,39.929907407407406
lsf,446,Create Custom Sorting for Datatables,bledsoef,User,closed,2024-09-19 18:43:50+00:00,2024-09-19T19:56:35Z,2024-09-19 19:56:35+00:00,0,https://github.com/BCStudentSoftwareDevTeam/lsf/issues/446,0.050520833333333334
lsf,448,Tracy not working in LSF docker container,bledsoef,User,closed,2024-09-24 15:44:52+00:00,2024-11-19T21:27:20Z,2024-11-19 21:27:20+00:00,0,https://github.com/BCStudentSoftwareDevTeam/lsf/issues/448,56.23782407407408
lsf,449,Add a button on a student's labor history that can link work experience to LinkedIn,Karina-Agliullova,User,open,2024-10-11 18:21:07+00:00,2025-09-11T15:51:30Z,,1,https://github.com/BCStudentSoftwareDevTeam/lsf/issues/449,
lsf,450,Ability to move some departmental info between LSF to Smartsheets/Banner,Karina-Agliullova,User,open,2024-10-11 18:22:08+00:00,2025-09-11T15:51:21Z,,1,https://github.com/BCStudentSoftwareDevTeam/lsf/issues/450,
lsf,451,Logout page doesn’t work,Karina-Agliullova,User,closed,2024-10-11 18:24:29+00:00,2025-08-19T14:59:06Z,2025-08-19 14:59:06+00:00,0,https://github.com/BCStudentSoftwareDevTeam/lsf/issues/451,311.85737268518517
lsf,452,Students who are also Labor Admins cannot see the New Labor Status Forms page,Karina-Agliullova,User,closed,2024-10-11 18:37:43+00:00,2024-11-22T18:40:54Z,2024-11-22 18:40:54+00:00,0,https://github.com/BCStudentSoftwareDevTeam/lsf/issues/452,42.00221064814815
lsf,453,Pending form errors,Karina-Agliullova,User,closed,2024-10-11 18:38:18+00:00,2025-09-11T14:22:02Z,2025-09-11 14:22:02+00:00,0,https://github.com/BCStudentSoftwareDevTeam/lsf/issues/453,334.82203703703703
lsf,454,Creating New Student Views,Karina-Agliullova,User,closed,2024-10-11 18:39:07+00:00,2025-09-11T14:21:48Z,2025-09-11 14:21:48+00:00,0,https://github.com/BCStudentSoftwareDevTeam/lsf/issues/454,334.8213078703704
lsf,455,Handshake functionality enhancement,Karina-Agliullova,User,closed,2024-10-11 18:39:48+00:00,2025-06-24T13:32:14Z,2025-06-24 13:32:14+00:00,0,https://github.com/BCStudentSoftwareDevTeam/lsf/issues/455,255.78641203703702
lsf,456,Email notifications not working,Karina-Agliullova,User,closed,2024-10-11 18:40:31+00:00,2025-04-28T20:34:18Z,2025-04-28 20:34:18+00:00,1,https://github.com/BCStudentSoftwareDevTeam/lsf/issues/456,199.0790162037037
lsf,457,REQUIRE student confirmation of work contracts through email,Karina-Agliullova,User,closed,2024-10-11 18:42:49+00:00,2025-06-09T20:15:31Z,2025-06-09 20:15:31+00:00,1,https://github.com/BCStudentSoftwareDevTeam/lsf/issues/457,241.064375
lsf,458,Labor Release forms should not be a surprise to the Labor Office staff,sheggen,User,closed,2024-10-17 15:22:36+00:00,2025-08-19T12:17:12Z,2025-08-19 12:17:12+00:00,0,https://github.com/BCStudentSoftwareDevTeam/lsf/issues/458,305.87125
lsf,461,Labor History Form Search,bledsoef,User,closed,2024-10-25 19:13:00+00:00,2025-09-11T14:20:42Z,2025-09-11 14:20:42+00:00,0,https://github.com/BCStudentSoftwareDevTeam/lsf/issues/461,320.7970138888889
lsf,463,Fix Devcontainer Port Mapping,hoerstl,User,open,2024-11-19 03:34:50+00:00,2024-12-02T16:00:03Z,,2,https://github.com/BCStudentSoftwareDevTeam/lsf/issues/463,
lsf,465,Fix Tracy Connection in the Devcontainer,hoerstl,User,closed,2024-12-03 20:46:59+00:00,2025-09-11T14:18:23Z,2025-09-11 14:18:23+00:00,2,https://github.com/BCStudentSoftwareDevTeam/lsf/issues/465,281.7301388888889
lsf,472,Secondary Labor Position addition of email confirmation + fixes,Karina-Agliullova,User,closed,2025-03-26 20:31:11+00:00,2025-06-23T02:58:24Z,2025-06-23 02:58:24+00:00,0,https://github.com/BCStudentSoftwareDevTeam/lsf/issues/472,88.26890046296296
lsf,476,Student Oriented Simple View,WackyWeaver,User,closed,2025-04-11 15:46:49+00:00,2025-04-30T20:55:14Z,2025-04-30 20:55:14+00:00,0,https://github.com/BCStudentSoftwareDevTeam/lsf/issues/476,19.21417824074074
lsf,478,LSF Logic Modularization,ojmakinde,User,closed,2025-04-11 23:53:55+00:00,2025-09-11T14:17:02Z,2025-09-11 14:17:02+00:00,1,https://github.com/BCStudentSoftwareDevTeam/lsf/issues/478,152.59938657407406
lsf,480,Spreadsheets Download Button Bug on Simple View,ojmakinde,User,closed,2025-04-18 18:55:36+00:00,2025-06-26T15:25:37Z,2025-06-26 15:25:37+00:00,1,https://github.com/BCStudentSoftwareDevTeam/lsf/issues/480,68.85417824074074
lsf,481,UI Improvement of Pending Forms Page,ojmakinde,User,closed,2025-04-18 19:52:56+00:00,2025-09-11T14:16:37Z,2025-09-11 14:16:37+00:00,0,https://github.com/BCStudentSoftwareDevTeam/lsf/issues/481,145.76644675925925
lsf,482,SSDT Footer Link Does Not Work,ojmakinde,User,closed,2025-04-21 17:41:01+00:00,2025-06-26T19:45:27Z,2025-06-26 19:45:27+00:00,1,https://github.com/BCStudentSoftwareDevTeam/lsf/issues/482,66.08641203703704
lsf,484,Disable Download Button if Supervisor Portal Returns No Results,ojmakinde,User,closed,2025-04-25 19:22:29+00:00,2025-06-26T14:54:15Z,2025-06-26 14:54:14+00:00,2,https://github.com/BCStudentSoftwareDevTeam/lsf/issues/484,61.813715277777774
lsf,489,Disable Download Button on Pending Forms if No Results,GalinaP7,User,closed,2025-06-26 15:32:13+00:00,2025-06-26T19:10:56Z,2025-06-26 19:10:56+00:00,0,https://github.com/BCStudentSoftwareDevTeam/lsf/issues/489,0.15188657407407408
lsf,496,Send email to Labor staff when tagged in a labor release form,BesherKitaz,User,closed,2025-07-14 14:56:50+00:00,2025-11-25T21:25:12Z,2025-11-25 21:25:12+00:00,1,https://github.com/BCStudentSoftwareDevTeam/lsf/issues/496,134.26969907407408
lsf,499,"Student Search results show legal first name, not preferred name",Arohasina,User,closed,2025-07-15 13:40:10+00:00,2025-08-18T16:23:52Z,2025-08-18 16:23:52+00:00,0,https://github.com/BCStudentSoftwareDevTeam/lsf/issues/499,34.113680555555554
lsf,501,Download options,Karina-Agliullova,User,closed,2025-07-15 20:17:06+00:00,2025-08-19T14:58:29Z,2025-08-19 14:58:29+00:00,0,https://github.com/BCStudentSoftwareDevTeam/lsf/issues/501,34.77873842592592
lsf,502,Supervisor Portal,Karina-Agliullova,User,closed,2025-07-15 20:17:49+00:00,2025-11-19T19:29:35Z,2025-11-19 19:29:35+00:00,1,https://github.com/BCStudentSoftwareDevTeam/lsf/issues/502,126.96650462962963
lsf,503,Reason when releasing a form,Karina-Agliullova,User,closed,2025-07-15 20:18:40+00:00,2025-08-19T18:25:13Z,2025-08-19 18:25:13+00:00,0,https://github.com/BCStudentSoftwareDevTeam/lsf/issues/503,34.921215277777776
lsf,504,Expiration script,Karina-Agliullova,User,closed,2025-07-15 20:19:08+00:00,2025-11-25T21:25:12Z,2025-11-25 21:25:12+00:00,1,https://github.com/BCStudentSoftwareDevTeam/lsf/issues/504,133.04587962962964
lsf,505,Student approval for modified and adjusted forms,Karina-Agliullova,User,open,2025-07-15 20:19:48+00:00,2025-12-10T16:28:49Z,,2,https://github.com/BCStudentSoftwareDevTeam/lsf/issues/505,
lsf,506,Combine Overload and normal student approval,Karina-Agliullova,User,open,2025-07-15 20:20:17+00:00,2026-06-20T14:56:02Z,,1,https://github.com/BCStudentSoftwareDevTeam/lsf/issues/506,
lsf,507,Refactor Form History code,Karina-Agliullova,User,open,2025-07-15 20:20:49+00:00,2026-06-18T15:19:31Z,,2,https://github.com/BCStudentSoftwareDevTeam/lsf/issues/507,
lsf,508,Remove Approved Reluctantly from the application,jjijon7000,User,closed,2025-07-16 18:59:07+00:00,2025-08-19T18:19:54Z,2025-08-19 18:19:54+00:00,0,https://github.com/BCStudentSoftwareDevTeam/lsf/issues/508,33.972766203703706
lsf,513,Add Edit Functionality to Profile Notes,Jsmi8334,User,closed,2025-07-31 17:15:42+00:00,2025-09-11T14:12:12Z,2025-09-11 14:12:12+00:00,1,https://github.com/BCStudentSoftwareDevTeam/lsf/issues/513,41.872569444444444
lsf,514,CCE Minor Table Changes,Jsmi8334,User,closed,2025-07-31 17:26:16+00:00,2025-09-11T14:09:33Z,2025-09-11 14:09:33+00:00,1,https://github.com/BCStudentSoftwareDevTeam/lsf/issues/514,41.863391203703706
lsf,515,Add Visual Indicators for Administration Nav Menu,Jsmi8334,User,open,2025-07-31 19:38:59+00:00,2026-06-17T13:10:02Z,,1,https://github.com/BCStudentSoftwareDevTeam/lsf/issues/515,
lsf,520,Fix Labor History form ordering,Karina-Agliullova,User,closed,2025-08-21 13:35:55+00:00,2026-05-04T13:50:05Z,2026-05-04 13:50:05+00:00,1,https://github.com/BCStudentSoftwareDevTeam/lsf/issues/520,256.009837962963
lsf,521,Flash Message after form approval,bakobagassas,User,open,2025-08-21 21:12:10+00:00,2025-09-11T15:43:59Z,,1,https://github.com/BCStudentSoftwareDevTeam/lsf/issues/521,
lsf,522,Remove Evaluation buttons from Term Management,bakobagassas,User,closed,2025-08-21 21:21:21+00:00,2026-09-16T15:08:21Z,2026-09-16 15:08:21+00:00,1,https://github.com/BCStudentSoftwareDevTeam/lsf/issues/522,390.74097222222224
lsf,523,"remove extra ""close option""",bakobagassas,User,closed,2025-08-21 21:25:55+00:00,2025-08-22T20:13:24Z,2025-08-22 20:13:24+00:00,0,https://github.com/BCStudentSoftwareDevTeam/lsf/issues/523,0.9496412037037038
lsf,524,Fix the Cookie Bug on Supervisor Portal,ojmakinde,User,open,2025-08-21 21:27:39+00:00,2026-06-23T14:13:50Z,,3,https://github.com/BCStudentSoftwareDevTeam/lsf/issues/524,
lsf,526,Reconcile contrasting confirmation messages,bakobagassas,User,open,2025-08-22 22:11:59+00:00,2026-02-19T18:33:44Z,,2,https://github.com/BCStudentSoftwareDevTeam/lsf/issues/526,
lsf,527,Student reasons don't show on adjustment forms,Kafui123,User,open,2025-08-25 14:36:14+00:00,2025-11-14T20:58:50Z,,1,https://github.com/BCStudentSoftwareDevTeam/lsf/issues/527,
lsf,530,Administrators Being Removed When They Shouldn't Be,JohnCox2211,User,closed,2025-09-09 21:11:19+00:00,2025-11-11T17:43:28Z,2025-11-11 17:43:28+00:00,2,https://github.com/BCStudentSoftwareDevTeam/lsf/issues/530,62.85565972222222
lsf,531,Inconsistent Remove Message Colors,JohnCox2211,User,open,2025-09-09 21:22:17+00:00,2026-06-17T18:54:36Z,,3,https://github.com/BCStudentSoftwareDevTeam/lsf/issues/531,
lsf,543,Default Term Correction,Karina-Agliullova,User,closed,2025-09-30 15:29:17+00:00,2025-09-30T15:30:57Z,2025-09-30 15:30:57+00:00,0,https://github.com/BCStudentSoftwareDevTeam/lsf/issues/543,0.0011574074074074073
lsf,545,Adjustment form is not getting created when labor form is modified.,Kafui123,User,closed,2025-10-16 21:13:44+00:00,2025-10-16T21:16:06Z,2025-10-16 21:16:06+00:00,0,https://github.com/BCStudentSoftwareDevTeam/lsf/issues/545,0.0016435185185185185
lsf,547,#547 Academic Vice Pres/Provost & Dean Default Error,Meatchema,User,open,2025-10-17 19:53:56+00:00,2026-07-01T13:54:35Z,,0,https://github.com/BCStudentSoftwareDevTeam/lsf/issues/547,
lsf,554,Departmental Portal,Karina-Agliullova,User,open,2025-12-03 21:38:45+00:00,2025-12-03T21:38:45Z,,0,https://github.com/BCStudentSoftwareDevTeam/lsf/issues/554,
lsf,555,Position Description + Student Portal,Karina-Agliullova,User,open,2025-12-03 21:58:31+00:00,2025-12-03T21:58:31Z,,0,https://github.com/BCStudentSoftwareDevTeam/lsf/issues/555,
lsf,572,Adding confirmation Modal when a Student Approves/Denies an LSF,BesherKitaz,User,open,2026-04-10 13:47:14+00:00,2026-04-10T13:47:14Z,,0,https://github.com/BCStudentSoftwareDevTeam/lsf/issues/572,
lsf,573,Highlight inactive supervisors/students,Karina-Agliullova,User,closed,2026-05-18 20:52:58+00:00,2026-06-22T20:25:36Z,2026-06-22 20:25:36+00:00,1,https://github.com/BCStudentSoftwareDevTeam/lsf/issues/573,34.98099537037037
lsf,574,"Rename ""Labor Program""",Karina-Agliullova,User,open,2026-05-18 20:55:45+00:00,2026-06-16T13:34:15Z,,1,https://github.com/BCStudentSoftwareDevTeam/lsf/issues/574,
lsf,575,Remove Temporary Employees from LSF,Karina-Agliullova,User,open,2026-05-18 20:57:59+00:00,2026-06-22T15:27:19Z,,1,https://github.com/BCStudentSoftwareDevTeam/lsf/issues/575,
lsf,576,Facilities Management issue when adjusting labor status form,Karina-Agliullova,User,open,2026-05-20 14:51:10+00:00,2026-06-18T13:37:33Z,,1,https://github.com/BCStudentSoftwareDevTeam/lsf/issues/576,
lsf,577,Create a warning for admins for active/inactive isue,Karina-Agliullova,User,open,2026-05-20 15:17:02+00:00,2026-05-20T15:17:28Z,,1,https://github.com/BCStudentSoftwareDevTeam/lsf/issues/577,
lsf,578,Tracy upgrade,Karina-Agliullova,User,open,2026-05-20 15:19:52+00:00,2026-05-20T15:20:31Z,,1,https://github.com/BCStudentSoftwareDevTeam/lsf/issues/578,
lsf,579,Fix email system,Karina-Agliullova,User,open,2026-05-20 15:22:35+00:00,2026-05-20T15:23:02Z,,1,https://github.com/BCStudentSoftwareDevTeam/lsf/issues/579,
lsf,580,Allocations requests,Karina-Agliullova,User,open,2026-05-20 18:08:29+00:00,2026-06-18T18:53:36Z,,1,https://github.com/BCStudentSoftwareDevTeam/lsf/issues/580,
lsf,585,Garbled UI on LSF website for narrow screens,conwelld,User,open,2026-06-18 19:14:33+00:00,2026-06-23T17:16:01Z,,1,https://github.com/BCStudentSoftwareDevTeam/lsf/issues/585,
lsf,591,Fixed the layout for footer.,BhushanSah,User,closed,2026-06-23 13:55:53+00:00,2026-07-08T17:54:31Z,2026-07-08 17:54:31+00:00,0,https://github.com/BCStudentSoftwareDevTeam/lsf/issues/591,15.165717592592593
lsf,594,Build Department Portal Role and Access Management,NYABUTOA,User,open,2026-06-29 18:17:22+00:00,2026-06-29T18:52:27Z,,1,https://github.com/BCStudentSoftwareDevTeam/lsf/issues/594,
lsf,595,Labor Position Description Migration,MImran2002,User,open,2026-06-30 17:35:51+00:00,2026-06-30T17:35:53Z,,0,https://github.com/BCStudentSoftwareDevTeam/lsf/issues/595,
lsf,602,Create Current Allocation Card for the Department Portal,MImran2002,User,open,2026-07-06 14:06:31+00:00,2026-07-07T14:57:22Z,,0,https://github.com/BCStudentSoftwareDevTeam/lsf/issues/602,
lsf,603,Create Members Card for the Department Portal Page,MImran2002,User,closed,2026-07-06 14:07:33+00:00,2026-07-14T17:52:40Z,2026-07-14 17:52:40+00:00,0,https://github.com/BCStudentSoftwareDevTeam/lsf/issues/603,8.156331018518518
lsf,604,Create Positions Card for the Department Portal,MImran2002,User,closed,2026-07-06 14:09:23+00:00,2026-08-21T20:55:02Z,2026-08-21 20:55:02+00:00,0,https://github.com/BCStudentSoftwareDevTeam/lsf/issues/604,46.28170138888889
lsf,605,Create Manage Personnel Page for the Department Portal,MImran2002,User,closed,2026-07-06 14:26:40+00:00,2026-08-21T20:55:10Z,2026-08-21 20:55:10+00:00,0,https://github.com/BCStudentSoftwareDevTeam/lsf/issues/605,46.26979166666667
lsf,606,Add Supervisor Management to the Manage Personnel Page,MImran2002,User,closed,2026-07-06 14:29:16+00:00,2026-08-21T20:55:20Z,2026-08-21 20:55:20+00:00,0,https://github.com/BCStudentSoftwareDevTeam/lsf/issues/606,46.26810185185185
lsf,607,Create Current Department Allocation Page,MImran2002,User,open,2026-07-06 14:31:06+00:00,2026-07-30T13:40:59Z,,0,https://github.com/BCStudentSoftwareDevTeam/lsf/issues/607,
lsf,608,Export Department Allocation as Spreadsheet,MImran2002,User,open,2026-07-06 14:35:01+00:00,2026-08-10T13:44:03Z,,0,https://github.com/BCStudentSoftwareDevTeam/lsf/issues/608,
lsf,609,Allow Labor Office to Access Department Allocation History,MImran2002,User,open,2026-07-06 14:36:08+00:00,2026-07-06T15:17:11Z,,0,https://github.com/BCStudentSoftwareDevTeam/lsf/issues/609,
lsf,610,Create Manage Positions Page for Departments,MImran2002,User,closed,2026-07-06 14:38:30+00:00,2026-08-21T20:54:36Z,2026-08-21 20:54:36+00:00,0,https://github.com/BCStudentSoftwareDevTeam/lsf/issues/610,46.261180555555555
lsf,611,Create Individual Position Details Page,MImran2002,User,open,2026-07-06 14:39:48+00:00,2026-07-28T17:55:20Z,,0,https://github.com/BCStudentSoftwareDevTeam/lsf/issues/611,
lsf,612,Add Position History to Individual Position Page,MImran2002,User,open,2026-07-06 14:44:32+00:00,2026-07-28T17:52:49Z,,0,https://github.com/BCStudentSoftwareDevTeam/lsf/issues/612,
lsf,613,Allow Departments to Submit Allocation Requests,MImran2002,User,closed,2026-07-06 14:47:08+00:00,2026-08-21T20:51:00Z,2026-08-21 20:51:00+00:00,0,https://github.com/BCStudentSoftwareDevTeam/lsf/issues/613,46.252685185185186
lsf,614,Allow Labor Office to Review Allocation Requests,MImran2002,User,closed,2026-07-06 14:48:54+00:00,2026-08-21T20:52:57Z,2026-08-21 20:52:57+00:00,0,https://github.com/BCStudentSoftwareDevTeam/lsf/issues/614,46.2528125
lsf,615,Display Over-Allocation Warnings During LSF Creation,MImran2002,User,open,2026-07-06 14:51:43+00:00,2026-07-10T17:47:49Z,,0,https://github.com/BCStudentSoftwareDevTeam/lsf/issues/615,
lsf,616,Add Department Allocation Download to Manage Departments,MImran2002,User,open,2026-07-06 14:54:15+00:00,2026-07-06T15:21:59Z,,0,https://github.com/BCStudentSoftwareDevTeam/lsf/issues/616,
lsf,617,Add Annual Allocation Review Request Button,MImran2002,User,open,2026-07-06 14:55:06+00:00,2026-07-06T14:55:06Z,,0,https://github.com/BCStudentSoftwareDevTeam/lsf/issues/617,
lsf,618,Add Annual Position Review Request,MImran2002,User,open,2026-07-06 14:55:51+00:00,2026-09-14T17:59:16Z,,0,https://github.com/BCStudentSoftwareDevTeam/lsf/issues/618,
lsf,619,Add Position Utilization Columns to the Manage Departments Page,MImran2002,User,open,2026-07-06 14:57:14+00:00,2026-07-06T14:57:14Z,,0,https://github.com/BCStudentSoftwareDevTeam/lsf/issues/619,
lsf,620,Display Allocation Request Status,MImran2002,User,open,2026-07-06 14:57:52+00:00,2026-07-06T14:57:52Z,,0,https://github.com/BCStudentSoftwareDevTeam/lsf/issues/620,
lsf,621,Add Department Actions Menu,MImran2002,User,open,2026-07-06 14:59:46+00:00,2026-07-07T03:03:13Z,,0,https://github.com/BCStudentSoftwareDevTeam/lsf/issues/621,
lsf,622,Display Allocation Warning During Pending LSF Approval,MImran2002,User,open,2026-07-06 15:01:06+00:00,2026-07-08T14:36:06Z,,0,https://github.com/BCStudentSoftwareDevTeam/lsf/issues/622,
lsf,623,Display Current Department Allocation on the Manage Departments Page,MImran2002,User,open,2026-07-06 15:01:35+00:00,2026-07-09T13:59:59Z,,0,https://github.com/BCStudentSoftwareDevTeam/lsf/issues/623,
lsf,644,Create a view positions page,munsakad,User,open,2026-07-10 17:48:51+00:00,2026-07-22T14:14:58Z,,1,https://github.com/BCStudentSoftwareDevTeam/lsf/issues/644,
lsf,657,Replace department-portal allocation summary with the shared allocation-utilization service,DanielRukwasha,User,open,2026-07-22 17:49:50+00:00,2026-07-22T17:49:50Z,,0,https://github.com/BCStudentSoftwareDevTeam/lsf/issues/657,
lsf,659,Fix `test_tracy.py`'s and `test_search.py` tests from being brittle.,fritzj2,User,open,2026-07-29 19:42:35+00:00,2026-07-29T19:42:35Z,,0,https://github.com/BCStudentSoftwareDevTeam/lsf/issues/659,
lsf,672,Troubleshoot CELTS & LSF Dev Containers Speed,MImran2002,User,open,2026-08-18 13:32:18+00:00,2026-08-18T13:32:18Z,,0,https://github.com/BCStudentSoftwareDevTeam/lsf/issues/672,
lsf,673,Position Description should be reviewed by Labor,MImran2002,User,open,2026-08-25 19:54:15+00:00,2026-09-15T00:08:05Z,,0,https://github.com/BCStudentSoftwareDevTeam/lsf/issues/673,
lsf,674,Making Tests Independent From Academic Year Term Code,ArtemKurasov,User,open,2026-08-28 21:21:02+00:00,2026-08-28T21:21:02Z,,0,https://github.com/BCStudentSoftwareDevTeam/lsf/issues/674,
