repo,date,user,activity,month,weekday,hour
cas,2024-12-18 17:22:11+00:00,stevensonmichel,Commit,2024-12,Wednesday,17
cas,2024-12-17 19:23:37+00:00,stevensonmichel,Commit,2024-12,Tuesday,19
cas,2024-12-16 18:56:54+00:00,stevensonmichel,Commit,2024-12,Monday,18
cas,2024-11-08 19:14:30+00:00,Karina-Agliullova,Commit,2024-11,Friday,19
cas,2024-10-21 21:16:11+00:00,hoerstl,Commit,2024-10,Monday,21
cas,2024-10-21 20:29:41+00:00,hoerstl,Commit,2024-10,Monday,20
cas,2024-10-21 19:28:57+00:00,stevensonmichel,Commit,2024-10,Monday,19
cas,2024-10-21 19:00:25+00:00,hoerstl,Commit,2024-10,Monday,19
cas,2024-10-21 18:00:14+00:00,hoerstl,Commit,2024-10,Monday,18
cas,2024-10-02 17:00:05+00:00,sheggen,Commit,2024-10,Wednesday,17
cas,2024-10-01 17:10:55+00:00,sheggen,Commit,2024-10,Tuesday,17
cas,2024-09-30 22:44:50+00:00,hoerstl,Commit,2024-09,Monday,22
cas,2024-09-30 22:43:54+00:00,hoerstl,Commit,2024-09,Monday,22
cas,2024-09-30 21:53:53+00:00,hoerstl,Commit,2024-09,Monday,21
cas,2024-09-24 15:38:58+00:00,sheggen,Commit,2024-09,Tuesday,15
cas,2024-09-24 15:38:34+00:00,sheggen,Commit,2024-09,Tuesday,15
cas,2024-09-13 12:56:48+00:00,sheggen,Commit,2024-09,Friday,12
cas,2024-04-17 14:00:07+00:00,AndersonStettner,Commit,2024-04,Wednesday,14
cas,2024-04-17 13:58:50+00:00,AndersonStettner,Commit,2024-04,Wednesday,13
cas,2024-04-17 13:58:25+00:00,AndersonStettner,Commit,2024-04,Wednesday,13
cas,2024-04-17 13:12:16+00:00,AndersonStettner,Commit,2024-04,Wednesday,13
cas,2024-04-17 12:37:51+00:00,AndersonStettner,Commit,2024-04,Wednesday,12
cas,2022-02-28 17:17:58+00:00,mupotsal,Commit,2022-02,Monday,17
cas,2022-02-28 16:17:25+00:00,mupotsal,Commit,2022-02,Monday,16
cas,2022-02-16 21:28:18+00:00,zachneill,Commit,2022-02,Wednesday,21
cas,2022-02-16 21:22:33+00:00,zachneill,Commit,2022-02,Wednesday,21
cas,2022-02-15 20:37:09+00:00,mupotsal,Commit,2022-02,Tuesday,20
cas,2022-02-15 18:40:11+00:00,zachneill,Commit,2022-02,Tuesday,18
cas,2022-02-15 17:55:39+00:00,zachneill,Commit,2022-02,Tuesday,17
cas,2022-02-11 19:01:31+00:00,mupotsal,Commit,2022-02,Friday,19
cas,2022-02-07 15:58:50+00:00,mupotsal,Commit,2022-02,Monday,15
cas,2022-02-01 20:36:06+00:00,Luis Riera,Commit,2022-02,Tuesday,20
cas,2022-01-31 19:32:27+00:00,sreynit02,Commit,2022-01,Monday,19
cas,2021-11-19 19:15:08+00:00,zachneill,Commit,2021-11,Friday,19
cas,2021-11-19 19:13:45+00:00,zachneill,Commit,2021-11,Friday,19
cas,2021-11-19 19:05:13+00:00,zachneill,Commit,2021-11,Friday,19
cas,2021-11-19 19:04:27+00:00,zachneill,Commit,2021-11,Friday,19
cas,2021-11-19 18:15:34+00:00,zachneill,Commit,2021-11,Friday,18
cas,2021-11-19 17:36:28+00:00,zachneill,Commit,2021-11,Friday,17
cas,2021-11-18 17:34:49+00:00,zachneill,Commit,2021-11,Thursday,17
cas,2021-11-15 18:02:22+00:00,tylerpar99,Commit,2021-11,Monday,18
cas,2021-09-21 19:34:54+00:00,Tyler Parton,Commit,2021-09,Tuesday,19
cas,2021-09-21 17:54:41+00:00,Tyler Parton,Commit,2021-09,Tuesday,17
cas,2021-06-11 18:50:03+00:00,None,Commit,2021-06,Friday,18
cas,2021-06-10 19:35:37+00:00,None,Commit,2021-06,Thursday,19
cas,2021-06-10 17:39:26+00:00,zachneill,Commit,2021-06,Thursday,17
cas,2021-06-10 14:58:05+00:00,zachneill,Commit,2021-06,Thursday,14
cas,2021-06-09 17:11:17+00:00,None,Commit,2021-06,Wednesday,17
cas,2021-06-09 14:42:50+00:00,None,Commit,2021-06,Wednesday,14
cas,2021-06-09 14:39:20+00:00,None,Commit,2021-06,Wednesday,14
cas,2021-06-08 21:09:33+00:00,escalerapadronl,Commit,2021-06,Tuesday,21
cas,2021-06-08 18:54:48+00:00,sreynit02,Commit,2021-06,Tuesday,18
cas,2021-06-08 18:37:03+00:00,sreynit02,Commit,2021-06,Tuesday,18
cas,2021-06-08 17:23:51+00:00,None,Commit,2021-06,Tuesday,17
cas,2021-06-07 22:04:33+00:00,escalerapadronl,Commit,2021-06,Monday,22
cas,2021-06-07 21:31:38+00:00,zachneill,Commit,2021-06,Monday,21
cas,2021-06-07 20:06:39+00:00,None,Commit,2021-06,Monday,20
cas,2021-06-07 19:24:28+00:00,None,Commit,2021-06,Monday,19
cas,2021-06-07 18:37:01+00:00,None,Commit,2021-06,Monday,18
cas,2021-06-07 18:26:43+00:00,None,Commit,2021-06,Monday,18
cas,2021-06-07 16:22:57+00:00,zachneill,Commit,2021-06,Monday,16
cas,2021-06-07 16:19:58+00:00,zachneill,Commit,2021-06,Monday,16
cas,2021-06-07 15:29:32+00:00,zachneill,Commit,2021-06,Monday,15
cas,2021-06-04 21:50:58+00:00,None,Commit,2021-06,Friday,21
cas,2021-06-04 21:07:48+00:00,None,Commit,2021-06,Friday,21
cas,2021-06-04 18:41:24+00:00,None,Commit,2021-06,Friday,18
cas,2021-06-04 18:33:24+00:00,None,Commit,2021-06,Friday,18
cas,2021-06-04 14:37:06+00:00,None,Commit,2021-06,Friday,14
cas,2021-06-03 20:33:48+00:00,gastonjarju,Commit,2021-06,Thursday,20
cas,2021-06-03 20:23:57+00:00,None,Commit,2021-06,Thursday,20
cas,2021-06-03 20:17:16+00:00,None,Commit,2021-06,Thursday,20
cas,2021-06-03 20:16:07+00:00,None,Commit,2021-06,Thursday,20
cas,2021-06-03 16:32:09+00:00,zachneill,Commit,2021-06,Thursday,16
cas,2021-06-03 16:13:02+00:00,sreynit02,Commit,2021-06,Thursday,16
cas,2021-06-03 14:34:15+00:00,None,Commit,2021-06,Thursday,14
cas,2021-06-02 20:56:46+00:00,None,Commit,2021-06,Wednesday,20
cas,2021-06-02 14:48:48+00:00,zachneill,Commit,2021-06,Wednesday,14
cas,2021-06-02 14:33:00+00:00,None,Commit,2021-06,Wednesday,14
cas,2021-05-19 14:37:01+00:00,mupotsal,Commit,2021-05,Wednesday,14
cas,2021-05-19 14:35:40+00:00,Hila Manalai,Commit,2021-05,Wednesday,14
cas,2021-05-19 14:34:05+00:00,Hila Manalai,Commit,2021-05,Wednesday,14
cas,2021-05-19 14:31:45+00:00,Hila Manalai,Commit,2021-05,Wednesday,14
cas,2021-05-19 14:31:23+00:00,May Jue,Commit,2021-05,Wednesday,14
cas,2021-05-19 14:30:47+00:00,mupotsal,Commit,2021-05,Wednesday,14
cas,2021-05-19 14:29:23+00:00,Hila Manalai,Commit,2021-05,Wednesday,14
cas,2021-05-19 14:28:52+00:00,Hila Manalai,Commit,2021-05,Wednesday,14
cas,2021-05-19 14:28:21+00:00,Hila Manalai,Commit,2021-05,Wednesday,14
cas,2021-05-19 14:01:04+00:00,romano-w,Commit,2021-05,Wednesday,14
cas,2021-05-19 13:59:45+00:00,Hila Manalai,Commit,2021-05,Wednesday,13
cas,2021-05-10 16:20:58+00:00,Hila Manalai,Commit,2021-05,Monday,16
cas,2021-05-06 17:13:59+00:00,mupotsal,Commit,2021-05,Thursday,17
cas,2021-05-04 14:51:34+00:00,Hila Manalai,Commit,2021-05,Tuesday,14
cas,2021-05-03 19:11:39+00:00,Hila Manalai,Commit,2021-05,Monday,19
cas,2021-04-13 18:44:28+00:00,mupotsal,Commit,2021-04,Tuesday,18
cas,2021-04-09 18:20:52+00:00,mupotsal,Commit,2021-04,Friday,18
cas,2021-04-07 20:08:55+00:00,mupotsal,Commit,2021-04,Wednesday,20
cas,2021-04-07 14:42:24+00:00,May Jue,Commit,2021-04,Wednesday,14
cas,2021-04-06 17:31:07+00:00,Hila Manalai,Commit,2021-04,Tuesday,17
cas,2021-04-06 17:28:40+00:00,Hila Manalai,Commit,2021-04,Tuesday,17
cas,2021-04-06 16:10:00+00:00,Hila Manalai,Commit,2021-04,Tuesday,16
cas,2021-04-05 19:15:55+00:00,Hila Manalai,Commit,2021-04,Monday,19
cas,2021-04-05 14:38:38+00:00,Hila Manalai,Commit,2021-04,Monday,14
cas,2021-04-04 16:11:12+00:00,Hila Manalai,Commit,2021-04,Sunday,16
cas,2021-04-04 15:10:13+00:00,Hila Manalai,Commit,2021-04,Sunday,15
cas,2021-04-03 18:51:12+00:00,Hila Manalai,Commit,2021-04,Saturday,18
cas,2021-03-16 16:21:54+00:00,Hila Manalai,Commit,2021-03,Tuesday,16
cas,2021-03-15 17:59:37+00:00,Hila Manalai,Commit,2021-03,Monday,17
cas,2021-03-10 18:58:21+00:00,Hila Manalai,Commit,2021-03,Wednesday,18
cas,2021-03-09 16:45:55+00:00,romano-w,Commit,2021-03,Tuesday,16
cas,2021-03-09 15:06:20+00:00,Hila Manalai,Commit,2021-03,Tuesday,15
cas,2021-03-09 15:05:20+00:00,Hila Manalai,Commit,2021-03,Tuesday,15
cas,2021-03-08 21:09:40+00:00,sheggen,Commit,2021-03,Monday,21
cas,2021-03-08 21:04:57+00:00,sheggen,Commit,2021-03,Monday,21
cas,2021-03-08 17:33:12+00:00,Hila Manalai,Commit,2021-03,Monday,17
cas,2021-03-04 16:44:06+00:00,Luis Riera,Commit,2021-03,Thursday,16
cas,2021-03-03 17:29:49+00:00,romano-w,Commit,2021-03,Wednesday,17
cas,2021-03-03 17:29:06+00:00,romano-w,Commit,2021-03,Wednesday,17
cas,2021-03-03 17:11:26+00:00,romano-w,Commit,2021-03,Wednesday,17
cas,2021-03-03 17:06:40+00:00,romano-w,Commit,2021-03,Wednesday,17
cas,2021-02-18 15:52:02+00:00,romano-w,Commit,2021-02,Thursday,15
cas,2021-02-18 15:51:18+00:00,Hila Manalai,Commit,2021-02,Thursday,15
cas,2021-02-16 17:17:15+00:00,romano-w,Commit,2021-02,Tuesday,17
cas,2021-02-16 17:13:48+00:00,romano-w,Commit,2021-02,Tuesday,17
cas,2021-02-15 16:12:58+00:00,Hila Manalai,Commit,2021-02,Monday,16
cas,2021-02-10 16:58:49+00:00,Hila Manalai,Commit,2021-02,Wednesday,16
cas,2021-02-10 16:54:20+00:00,Hila Manalai,Commit,2021-02,Wednesday,16
cas,2021-02-10 16:52:40+00:00,Hila Manalai,Commit,2021-02,Wednesday,16
cas,2021-02-10 16:42:48+00:00,bryantal,Commit,2021-02,Wednesday,16
cas,2021-02-09 21:08:35+00:00,bryantal,Commit,2021-02,Tuesday,21
cas,2021-02-09 21:06:38+00:00,bryantal,Commit,2021-02,Tuesday,21
cas,2021-02-09 20:55:04+00:00,bryantal,Commit,2021-02,Tuesday,20
cas,2021-02-09 20:46:20+00:00,bryantal,Commit,2021-02,Tuesday,20
cas,2021-02-09 16:39:09+00:00,bryantal,Commit,2021-02,Tuesday,16
cas,2021-02-09 16:36:14+00:00,bryantal,Commit,2021-02,Tuesday,16
cas,2021-02-09 16:31:22+00:00,bryantal,Commit,2021-02,Tuesday,16
cas,2021-02-09 16:25:21+00:00,bryantal,Commit,2021-02,Tuesday,16
cas,2021-02-09 16:17:30+00:00,bryantal,Commit,2021-02,Tuesday,16
cas,2021-02-09 16:12:14+00:00,bryantal,Commit,2021-02,Tuesday,16
cas,2021-02-08 16:42:23+00:00,Hila Manalai,Commit,2021-02,Monday,16
cas,2021-01-08 20:26:01+00:00,sheggen,Commit,2021-01,Friday,20
cas,2020-09-24 18:14:36+00:00,sheggen,Commit,2020-09,Thursday,18
cas,2020-09-24 18:13:54+00:00,sheggen,Commit,2020-09,Thursday,18
cas,2020-09-24 18:13:25+00:00,sheggen,Commit,2020-09,Thursday,18
cas,2020-09-24 18:11:51+00:00,sheggen,Commit,2020-09,Thursday,18
cas,2020-09-24 18:09:52+00:00,sheggen,Commit,2020-09,Thursday,18
cas,2020-09-08 16:18:50+00:00,sheggen,Commit,2020-09,Tuesday,16
cas,2020-09-08 16:08:19+00:00,sheggen,Commit,2020-09,Tuesday,16
cas,2020-09-08 15:28:21+00:00,sheggen,Commit,2020-09,Tuesday,15
cas,2020-09-08 15:21:11+00:00,sheggen,Commit,2020-09,Tuesday,15
cas,2020-09-03 17:18:55+00:00,sheggen,Commit,2020-09,Thursday,17
cas,2020-09-03 17:18:17+00:00,sheggen,Commit,2020-09,Thursday,17
cas,2020-09-03 17:12:16+00:00,sheggen,Commit,2020-09,Thursday,17
cas,2020-09-03 17:02:43+00:00,sheggen,Commit,2020-09,Thursday,17
cas,2020-08-31 21:03:38+00:00,sheggen,Commit,2020-08,Monday,21
cas,2020-08-31 20:58:31+00:00,sheggen,Commit,2020-08,Monday,20
cas,2020-08-31 18:46:53+00:00,sheggen,Commit,2020-08,Monday,18
cas,2020-08-29 02:30:49+00:00,sheggen,Commit,2020-08,Saturday,2
cas,2020-08-29 01:25:28+00:00,sheggen,Commit,2020-08,Saturday,1
cas,2020-08-28 20:01:13+00:00,sheggen,Commit,2020-08,Friday,20
cas,2020-08-03 19:42:20+00:00,sheggen,Commit,2020-08,Monday,19
cas,2020-06-09 16:08:48+00:00,sheggen,Commit,2020-06,Tuesday,16
cas,2020-06-09 15:21:01+00:00,sheggen,Commit,2020-06,Tuesday,15
cas,2020-06-09 15:05:11+00:00,sheggen,Commit,2020-06,Tuesday,15
cas,2020-06-05 17:37:31+00:00,Hila Manalai,Commit,2020-06,Friday,17
cas,2020-06-05 17:33:38+00:00,Hila Manalai,Commit,2020-06,Friday,17
cas,2020-06-05 17:26:44+00:00,Hila Manalai,Commit,2020-06,Friday,17
cas,2020-06-05 17:23:17+00:00,Hila Manalai,Commit,2020-06,Friday,17
cas,2020-06-05 16:18:52+00:00,Hila Manalai,Commit,2020-06,Friday,16
cas,2020-06-05 02:45:14+00:00,sheggen,Commit,2020-06,Friday,2
cas,2020-06-05 01:54:02+00:00,sheggen,Commit,2020-06,Friday,1
cas,2020-06-04 21:09:59+00:00,sheggen,Commit,2020-06,Thursday,21
cas,2020-06-04 20:54:07+00:00,sheggen,Commit,2020-06,Thursday,20
cas,2020-06-04 19:42:26+00:00,sheggen,Commit,2020-06,Thursday,19
cas,2020-06-03 16:59:20+00:00,sheggen,Commit,2020-06,Wednesday,16
cas,2020-06-02 20:56:40+00:00,sheggen,Commit,2020-06,Tuesday,20
cas,2020-06-02 20:47:21+00:00,sheggen,Commit,2020-06,Tuesday,20
cas,2020-06-02 19:55:18+00:00,sheggen,Commit,2020-06,Tuesday,19
cas,2020-06-02 18:29:11+00:00,sheggen,Commit,2020-06,Tuesday,18
cas,2020-06-02 17:58:26+00:00,sheggen,Commit,2020-06,Tuesday,17
cas,2020-06-02 14:42:03+00:00,sheggen,Commit,2020-06,Tuesday,14
cas,2020-06-02 14:41:53+00:00,sheggen,Commit,2020-06,Tuesday,14
cas,2020-06-02 14:39:40+00:00,sheggen,Commit,2020-06,Tuesday,14
cas,2020-06-02 14:38:17+00:00,sheggen,Commit,2020-06,Tuesday,14
cas,2020-06-02 14:37:17+00:00,sheggen,Commit,2020-06,Tuesday,14
cas,2020-06-02 14:30:21+00:00,sheggen,Commit,2020-06,Tuesday,14
cas,2020-06-02 14:21:48+00:00,Jamal Aw Yonis,Commit,2020-06,Tuesday,14
cas,2020-06-02 14:17:59+00:00,sheggen,Commit,2020-06,Tuesday,14
cas,2020-06-02 14:17:34+00:00,sheggen,Commit,2020-06,Tuesday,14
cas,2020-06-01 20:48:22+00:00,sheggen,Commit,2020-06,Monday,20
cas,2020-06-01 20:47:37+00:00,sheggen,Commit,2020-06,Monday,20
cas,2020-06-01 20:47:33+00:00,sheggen,Commit,2020-06,Monday,20
cas,2020-06-01 20:44:05+00:00,Jamal Aw Yonis,Commit,2020-06,Monday,20
cas,2020-06-01 20:43:01+00:00,sheggen,Commit,2020-06,Monday,20
cas,2020-06-01 20:39:56+00:00,sheggen,Commit,2020-06,Monday,20
cas,2020-06-01 19:34:10+00:00,sheggen,Commit,2020-06,Monday,19
cas,2020-02-25 21:24:12+00:00,jamal Aw Yonis,Commit,2020-02,Tuesday,21
cas,2020-02-25 21:09:50+00:00,jamal Aw Yonis,Commit,2020-02,Tuesday,21
cas,2020-02-24 16:48:05+00:00,jamal Aw Yonis,Commit,2020-02,Monday,16
cas,2020-02-19 16:53:27+00:00,jamal Aw Yonis,Commit,2020-02,Wednesday,16
cas,2020-02-18 22:28:05+00:00,jamal Aw Yonis,Commit,2020-02,Tuesday,22
cas,2020-02-17 21:02:55+00:00,phuyalb16,Commit,2020-02,Monday,21
cas,2020-02-17 16:57:37+00:00,phuyalb16,Commit,2020-02,Monday,16
cas,2020-02-17 14:50:00+00:00,jamal Aw Yonis,Commit,2020-02,Monday,14
cas,2020-02-13 22:23:41+00:00,jamal Aw Yonis,Commit,2020-02,Thursday,22
cas,2020-02-13 21:41:11+00:00,jamal Aw Yonis,Commit,2020-02,Thursday,21
cas,2020-02-13 19:51:26+00:00,jamal Aw Yonis,Commit,2020-02,Thursday,19
cas,2020-02-12 17:12:30+00:00,phuyalb16,Commit,2020-02,Wednesday,17
cas,2020-02-11 23:05:53+00:00,jamal Aw Yonis,Commit,2020-02,Tuesday,23
cas,2020-02-04 21:00:34+00:00,jamal Aw Yonis,Commit,2020-02,Tuesday,21
cas,2020-02-03 23:10:13+00:00,jamal Aw Yonis,Commit,2020-02,Monday,23
cas,2020-01-30 20:32:59+00:00,phuyalb16,Commit,2020-01,Thursday,20
cas,2020-01-27 22:05:54+00:00,phuyalb16,Commit,2020-01,Monday,22
cas,2020-01-27 15:36:11+00:00,jamal Aw Yonis,Commit,2020-01,Monday,15
cas,2020-01-23 21:51:13+00:00,phuyalb16,Commit,2020-01,Thursday,21
cas,2020-01-22 16:06:35+00:00,phuyalb16,Commit,2020-01,Wednesday,16
cas,2020-01-21 21:55:11+00:00,phuyalb16,Commit,2020-01,Tuesday,21
cas,2020-01-20 17:35:26+00:00,phuyalb16,Commit,2020-01,Monday,17
cas,2020-01-16 21:39:11+00:00,phuyalb16,Commit,2020-01,Thursday,21
cas,2020-01-15 20:19:25+00:00,phuyalb16,Commit,2020-01,Wednesday,20
cas,2020-01-15 17:58:49+00:00,jamal Aw Yonis,Commit,2020-01,Wednesday,17
cas,2020-01-14 22:06:34+00:00,jamal Aw Yonis,Commit,2020-01,Tuesday,22
cas,2020-01-13 16:50:22+00:00,jamal Aw Yonis,Commit,2020-01,Monday,16
cas,2020-01-13 16:45:40+00:00,jamal Aw Yonis,Commit,2020-01,Monday,16
cas,2020-01-13 16:23:17+00:00,phuyalb16,Commit,2020-01,Monday,16
cas,2020-01-13 16:21:17+00:00,phuyalb16,Commit,2020-01,Monday,16
cas,2020-01-08 14:43:27+00:00,jamal Aw Yonis,Commit,2020-01,Wednesday,14
cas,2019-12-19 13:13:33+00:00,Scott Heggen,Commit,2019-12,Thursday,13
cas,2019-11-11 18:32:48+00:00,Kat Adams & Bria Williams,Commit,2019-11,Monday,18
cas,2019-10-21 19:39:38+00:00,Kat Adams & Bria Williams,Commit,2019-10,Monday,19
cas,2019-09-27 17:05:40+00:00,Kat Adams & Bria Williams,Commit,2019-09,Friday,17
cas,2019-09-27 17:00:07+00:00,Kat Adams & Bria Williams,Commit,2019-09,Friday,17
cas,2019-09-25 18:59:23+00:00,Kat Adams & Bria Williams,Commit,2019-09,Wednesday,18
cas,2019-09-25 17:15:24+00:00,Kat Adams & Bria Williams,Commit,2019-09,Wednesday,17
cas,2019-09-20 18:25:21+00:00,Scott Heggen,Commit,2019-09,Friday,18
cas,2019-09-16 16:49:44+00:00,Kat Adams & Bria Williams,Commit,2019-09,Monday,16
cas,2019-09-13 18:32:53+00:00,wgs1862019,Commit,2019-09,Friday,18
cas,2019-09-13 18:29:03+00:00,sheggen,Commit,2019-09,Friday,18
cas,2019-09-13 17:59:23+00:00,Kat Adams & Bria Williams,Commit,2019-09,Friday,17
cas,2019-09-13 17:49:02+00:00,Kat Adams & Bria Williams,Commit,2019-09,Friday,17
cas,2019-09-10 17:22:48+00:00,Scott Heggen,Commit,2019-09,Tuesday,17
cas,2019-09-09 18:57:17+00:00,wgs1862019,Commit,2019-09,Monday,18
cas,2019-09-09 18:23:11+00:00,Kat Adams & Bria Williams,Commit,2019-09,Monday,18
cas,2019-09-06 20:17:29+00:00,wgs1862019,Commit,2019-09,Friday,20
cas,2019-09-06 16:38:39+00:00,Kat Adams & Bria Williams,Commit,2019-09,Friday,16
cas,2019-09-06 16:20:39+00:00,Kat Adams & Bria Williams,Commit,2019-09,Friday,16
cas,2019-09-05 21:07:20+00:00,Kat Adams & Bria Williams,Commit,2019-09,Thursday,21
cas,2019-09-05 20:34:24+00:00,Kat Adams & Bria Williams,Commit,2019-09,Thursday,20
cas,2019-09-05 20:01:24+00:00,Kat Adams & Bria Williams,Commit,2019-09,Thursday,20
cas,2019-09-06 16:38:39+00:00,Kat Adams & Bria Williams,Commit,2019-09,Friday,16
cas,2019-09-06 16:20:39+00:00,Kat Adams & Bria Williams,Commit,2019-09,Friday,16
cas,2019-09-05 21:07:20+00:00,Kat Adams & Bria Williams,Commit,2019-09,Thursday,21
cas,2019-09-05 20:34:24+00:00,Kat Adams & Bria Williams,Commit,2019-09,Thursday,20
cas,2019-09-05 20:01:24+00:00,Kat Adams & Bria Williams,Commit,2019-09,Thursday,20
cas,2019-06-19 16:31:52+00:00,Scott Heggen,Commit,2019-06,Wednesday,16
cas,2019-06-14 20:24:08+00:00,johnsonwe,Commit,2019-06,Friday,20
cas,2019-06-11 15:31:26+00:00,johnsonwe,Commit,2019-06,Tuesday,15
cas,2019-06-06 18:24:09+00:00,johnsonwe,Commit,2019-06,Thursday,18
cas,2019-06-04 20:46:12+00:00,johnsonwe,Commit,2019-06,Tuesday,20
cas,2019-06-03 20:05:49+00:00,johnsonwe,Commit,2019-06,Monday,20
cas,2019-06-03 19:26:21+00:00,johnsonwe,Commit,2019-06,Monday,19
cas,2019-06-03 19:24:10+00:00,johnsonwe,Commit,2019-06,Monday,19
cas,2019-06-03 19:11:43+00:00,johnsonwe,Commit,2019-06,Monday,19
cas,2019-06-03 19:11:04+00:00,johnsonwe,Commit,2019-06,Monday,19
cas,2019-05-30 20:29:32+00:00,johnsonwe,Commit,2019-05,Thursday,20
cas,2019-05-30 20:26:00+00:00,johnsonwe,Commit,2019-05,Thursday,20
cas,2019-05-30 19:19:23+00:00,johnsonwe,Commit,2019-05,Thursday,19
cas,2019-05-28 20:16:05+00:00,johnsonwe,Commit,2019-05,Tuesday,20
cas,2019-05-28 19:34:04+00:00,johnsonwe,Commit,2019-05,Tuesday,19
cas,2019-05-24 12:45:14+00:00,sanginovs,Commit,2019-05,Friday,12
cas,2019-05-24 12:44:47+00:00,sheggen,Commit,2019-05,Friday,12
cas,2019-05-24 12:43:45+00:00,sheggen,Commit,2019-05,Friday,12
cas,2019-05-24 12:35:09+00:00,sheggen,Commit,2019-05,Friday,12
cas,2019-05-24 12:26:00+00:00,sheggen,Commit,2019-05,Friday,12
cas,2019-05-23 20:22:25+00:00,sanginovs,Commit,2019-05,Thursday,20
cas,2019-05-23 20:16:37+00:00,sheggen,Commit,2019-05,Thursday,20
cas,2019-05-23 19:39:08+00:00,sheggen,Commit,2019-05,Thursday,19
cas,2019-05-23 17:35:21+00:00,sheggen,Commit,2019-05,Thursday,17
cas,2019-05-21 20:36:36+00:00,sheggen,Commit,2019-05,Tuesday,20
cas,2019-05-21 15:48:04+00:00,sheggen,Commit,2019-05,Tuesday,15
cas,2019-05-17 17:51:43+00:00,sheggen,Commit,2019-05,Friday,17
cas,2019-05-17 14:00:30+00:00,sheggen,Commit,2019-05,Friday,14
cas,2019-05-17 13:53:48+00:00,sheggen,Commit,2019-05,Friday,13
cas,2019-05-16 20:01:44+00:00,wgs1862019,Commit,2019-05,Thursday,20
cas,2019-05-14 13:15:50+00:00,sheggen,Commit,2019-05,Tuesday,13
cas,2019-05-14 13:09:54+00:00,sheggen,Commit,2019-05,Tuesday,13
cas,2019-05-14 12:26:36+00:00,sheggen,Commit,2019-05,Tuesday,12
cas,2019-05-14 12:24:52+00:00,johnsonwe,Commit,2019-05,Tuesday,12
cas,2019-05-14 12:16:20+00:00,Chauwaj,Commit,2019-05,Tuesday,12
cas,2019-05-14 12:04:18+00:00,sheggen,Commit,2019-05,Tuesday,12
cas,2019-05-13 13:03:08+00:00,johnsonwe,Commit,2019-05,Monday,13
cas,2019-05-13 12:49:30+00:00,nelsonke,Commit,2019-05,Monday,12
cas,2019-04-23 17:40:02+00:00,Sher Sanginov,Commit,2019-04,Tuesday,17
cas,2019-04-23 16:21:06+00:00,Sher Sanginov,Commit,2019-04,Tuesday,16
cas,2019-04-22 16:51:18+00:00,wgs1862019,Commit,2019-04,Monday,16
cas,2019-04-18 20:06:26+00:00,Sher Sanginov,Commit,2019-04,Thursday,20
cas,2019-04-16 19:17:52+00:00,wgs1862019,Commit,2019-04,Tuesday,19
cas,2019-04-16 12:32:23+00:00,Sher Sanginov,Commit,2019-04,Tuesday,12
cas,2019-04-11 20:05:25+00:00,wgs1862019,Commit,2019-04,Thursday,20
cas,2019-04-11 20:00:35+00:00,wgs1862019,Commit,2019-04,Thursday,20
cas,2019-04-10 19:21:45+00:00,wgs1862019,Commit,2019-04,Wednesday,19
cas,2019-04-02 20:17:37+00:00,nelsonkenny,Commit,2019-04,Tuesday,20
cas,2019-04-01 20:29:41+00:00,Sher Sanginov,Commit,2019-04,Monday,20
cas,2019-04-01 20:27:35+00:00,Sher Sanginov,Commit,2019-04,Monday,20
cas,2019-04-01 20:26:23+00:00,Sher Sanginov,Commit,2019-04,Monday,20
cas,2019-04-01 18:53:53+00:00,Sher Sanginov,Commit,2019-04,Monday,18
cas,2019-03-28 20:03:10+00:00,johnsonwe,Commit,2019-03,Thursday,20
cas,2019-03-28 19:58:53+00:00,johnsonwe,Commit,2019-03,Thursday,19
cas,2019-03-21 19:54:56+00:00,Chauwaj,Commit,2019-03,Thursday,19
cas,2019-03-21 19:35:49+00:00,johnsonwe,Commit,2019-03,Thursday,19
cas,2019-03-21 19:32:22+00:00,johnsonwe,Commit,2019-03,Thursday,19
cas,2019-03-20 19:46:11+00:00,johnsonwe,Commit,2019-03,Wednesday,19
cas,2019-03-20 19:25:03+00:00,johnsonwe,Commit,2019-03,Wednesday,19
cas,2019-03-19 18:46:18+00:00,Sher Sanginov,Commit,2019-03,Tuesday,18
cas,2019-03-19 18:10:49+00:00,Sher Sanginov,Commit,2019-03,Tuesday,18
cas,2019-03-19 17:48:12+00:00,Sher Sanginov,Commit,2019-03,Tuesday,17
cas,2019-03-19 17:23:58+00:00,Sher Sanginov,Commit,2019-03,Tuesday,17
cas,2019-03-19 16:26:48+00:00,Sher Sanginov,Commit,2019-03,Tuesday,16
cas,2019-03-19 06:04:34+00:00,Chauwaj,Commit,2019-03,Tuesday,6
cas,2019-03-18 19:37:33+00:00,johnsonwe,Commit,2019-03,Monday,19
cas,2019-03-18 19:36:23+00:00,johnsonwe,Commit,2019-03,Monday,19
cas,2019-03-15 19:05:06+00:00,Sher Sanginov,Commit,2019-03,Friday,19
cas,2019-03-13 19:12:13+00:00,wgs1862019,Commit,2019-03,Wednesday,19
cas,2019-03-13 19:09:46+00:00,sheggen,Commit,2019-03,Wednesday,19
cas,2019-03-13 19:09:04+00:00,wgs1862019,Commit,2019-03,Wednesday,19
cas,2019-03-13 17:03:34+00:00,sheggen,Commit,2019-03,Wednesday,17
cas,2019-03-13 16:58:33+00:00,wgs1862019,Commit,2019-03,Wednesday,16
cas,2019-03-13 16:17:55+00:00,sheggen,Commit,2019-03,Wednesday,16
cas,2019-03-13 16:04:19+00:00,sheggen,Commit,2019-03,Wednesday,16
cas,2019-03-12 16:54:24+00:00,Sher Sanginov,Commit,2019-03,Tuesday,16
cas,2019-03-12 16:23:33+00:00,Sher Sanginov,Commit,2019-03,Tuesday,16
cas,2019-03-12 16:03:06+00:00,Sher Sanginov,Commit,2019-03,Tuesday,16
cas,2019-03-12 14:32:51+00:00,Sher Sanginov,Commit,2019-03,Tuesday,14
cas,2019-03-11 18:23:56+00:00,Scott Heggen,Commit,2019-03,Monday,18
cas,2019-03-11 18:03:42+00:00,Scott Heggen,Commit,2019-03,Monday,18
cas,2019-03-11 17:59:34+00:00,Scott Heggen,Commit,2019-03,Monday,17
cas,2019-03-11 14:41:34+00:00,Scott Heggen,Commit,2019-03,Monday,14
cas,2019-03-11 14:14:25+00:00,Scott Heggen,Commit,2019-03,Monday,14
cas,2019-03-11 13:11:37+00:00,Scott Heggen,Commit,2019-03,Monday,13
cas,2019-03-07 20:03:12+00:00,Scott Heggen,Commit,2019-03,Thursday,20
cas,2019-03-07 20:01:12+00:00,Scott Heggen,Commit,2019-03,Thursday,20
cas,2019-03-07 20:00:42+00:00,Scott Heggen,Commit,2019-03,Thursday,20
cas,2019-03-07 19:59:36+00:00,Jamal Aw Yonis,Commit,2019-03,Thursday,19
cas,2019-03-07 19:59:14+00:00,sheggen,Commit,2019-03,Thursday,19
cas,2019-03-07 19:57:03+00:00,sheggen,Commit,2019-03,Thursday,19
cas,2019-03-07 19:54:12+00:00,sheggen,Commit,2019-03,Thursday,19
cas,2019-03-07 19:12:37+00:00,awyoonis,Commit,2019-03,Thursday,19
cas,2019-03-07 18:56:27+00:00,awyoonis,Commit,2019-03,Thursday,18
cas,2019-03-07 14:57:53+00:00,Scott Heggen,Commit,2019-03,Thursday,14
cas,2019-03-07 14:36:52+00:00,sheggen,Commit,2019-03,Thursday,14
cas,2019-03-07 14:32:12+00:00,sheggen,Commit,2019-03,Thursday,14
cas,2019-03-07 14:15:18+00:00,sheggen,Commit,2019-03,Thursday,14
cas,2019-03-06 21:05:14+00:00,sheggen,Commit,2019-03,Wednesday,21
cas,2019-03-06 20:29:11+00:00,sheggen,Commit,2019-03,Wednesday,20
cas,2019-03-06 20:21:28+00:00,sheggen,Commit,2019-03,Wednesday,20
cas,2019-03-06 19:06:15+00:00,sheggen,Commit,2019-03,Wednesday,19
cas,2019-03-06 19:04:23+00:00,sheggen,Commit,2019-03,Wednesday,19
cas,2019-03-06 13:54:51+00:00,sheggen,Commit,2019-03,Wednesday,13
cas,2019-02-28 15:35:17+00:00,Sher Sanginov,Commit,2019-02,Thursday,15
cas,2019-02-28 15:09:26+00:00,Sher Sanginov,Commit,2019-02,Thursday,15
cas,2019-02-28 14:56:43+00:00,Sher Sanginov,Commit,2019-02,Thursday,14
cas,2019-02-28 14:36:04+00:00,Sher Sanginov,Commit,2019-02,Thursday,14
cas,2019-02-28 14:25:52+00:00,Sher Sanginov,Commit,2019-02,Thursday,14
cas,2019-02-27 22:20:53+00:00,awyoonis,Commit,2019-02,Wednesday,22
cas,2019-02-27 18:18:33+00:00,wgs1862019,Commit,2019-02,Wednesday,18
cas,2019-02-27 18:14:56+00:00,wgs1862019,Commit,2019-02,Wednesday,18
cas,2019-02-27 17:56:21+00:00,wgs1862019,Commit,2019-02,Wednesday,17
cas,2019-02-25 21:51:23+00:00,wgs1862019,Commit,2019-02,Monday,21
cas,2019-02-25 18:50:00+00:00,wgs1862019,Commit,2019-02,Monday,18
cas,2019-02-21 21:01:18+00:00,sheggen,Commit,2019-02,Thursday,21
cas,2019-02-21 20:59:47+00:00,sheggen,Commit,2019-02,Thursday,20
cas,2019-02-20 17:00:27+00:00,sheggen,Commit,2019-02,Wednesday,17
cas,2019-02-20 16:43:38+00:00,sheggen,Commit,2019-02,Wednesday,16
cas,2019-02-20 15:50:42+00:00,sheggen,Commit,2019-02,Wednesday,15
cas,2019-02-14 00:36:18+00:00,awyoonis,Commit,2019-02,Thursday,0
cas,2019-02-13 21:49:38+00:00,wgs1862019,Commit,2019-02,Wednesday,21
cas,2019-02-12 19:57:52+00:00,awyoonis,Commit,2019-02,Tuesday,19
cas,2019-02-12 19:56:23+00:00,awyoonis,Commit,2019-02,Tuesday,19
cas,2019-02-12 18:43:10+00:00,Sher Sanginov,Commit,2019-02,Tuesday,18
cas,2019-02-12 18:37:59+00:00,Sher Sanginov,Commit,2019-02,Tuesday,18
cas,2019-02-12 02:12:42+00:00,johnsonwe,Commit,2019-02,Tuesday,2
cas,2019-02-11 22:59:44+00:00,awyoonis,Commit,2019-02,Monday,22
cas,2019-02-11 20:21:07+00:00,johnsonwe,Commit,2019-02,Monday,20
cas,2019-02-06 20:43:07+00:00,wgs1862019,Commit,2019-02,Wednesday,20
cas,2019-02-06 20:42:33+00:00,wgs1862019,Commit,2019-02,Wednesday,20
cas,2019-02-06 19:57:26+00:00,wgs1862019,Commit,2019-02,Wednesday,19
cas,2019-02-05 20:22:19+00:00,awyoonis,Commit,2019-02,Tuesday,20
cas,2019-02-05 18:45:48+00:00,awyoonis,Commit,2019-02,Tuesday,18
cas,2019-02-04 22:38:06+00:00,awyoonis,Commit,2019-02,Monday,22
cas,2019-02-04 21:45:28+00:00,awyoonis,Commit,2019-02,Monday,21
cas,2019-02-04 21:44:39+00:00,awyoonis,Commit,2019-02,Monday,21
cas,2019-02-04 21:35:25+00:00,awyoonis,Commit,2019-02,Monday,21
cas,2019-01-30 17:26:40+00:00,wgs1862019,Commit,2019-01,Wednesday,17
cas,2019-01-29 21:46:47+00:00,wgs1862019,Commit,2019-01,Tuesday,21
cas,2019-01-29 20:50:38+00:00,wgs1862019,Commit,2019-01,Tuesday,20
cas,2019-01-29 20:41:34+00:00,wgs1862019,Commit,2019-01,Tuesday,20
cas,2019-01-28 22:24:17+00:00,awyoonis,Commit,2019-01,Monday,22
cas,2019-01-28 21:39:39+00:00,awyoonis,Commit,2019-01,Monday,21
cas,2019-01-28 18:17:50+00:00,wgs1862019,Commit,2019-01,Monday,18
cas,2019-01-28 17:37:54+00:00,sheggen,Commit,2019-01,Monday,17
cas,2019-01-28 17:36:10+00:00,Scott Heggen,Commit,2019-01,Monday,17
cas,2019-01-25 19:43:13+00:00,sheggen,Commit,2019-01,Friday,19
cas,2019-01-25 19:42:08+00:00,Scott Heggen,Commit,2019-01,Friday,19
cas,2019-01-25 19:30:04+00:00,Scott Heggen,Commit,2019-01,Friday,19
cas,2019-01-25 19:29:35+00:00,Scott Heggen,Commit,2019-01,Friday,19
cas,2019-01-25 19:29:08+00:00,Scott Heggen,Commit,2019-01,Friday,19
cas,2019-01-25 19:28:28+00:00,Scott Heggen,Commit,2019-01,Friday,19
cas,2019-01-25 19:28:05+00:00,Scott Heggen,Commit,2019-01,Friday,19
cas,2019-01-25 19:27:11+00:00,Scott Heggen,Commit,2019-01,Friday,19
cas,2019-01-25 19:26:18+00:00,Scott Heggen,Commit,2019-01,Friday,19
cas,2019-01-25 19:18:42+00:00,Scott Heggen,Commit,2019-01,Friday,19
cas,2019-01-24 21:28:43+00:00,awyoonis,Commit,2019-01,Thursday,21
cas,2019-01-24 20:43:10+00:00,wgs1862019,Commit,2019-01,Thursday,20
cas,2019-01-24 18:28:40+00:00,Sher Sanginov,Commit,2019-01,Thursday,18
cas,2019-01-24 18:24:11+00:00,Sher Sanginov,Commit,2019-01,Thursday,18
cas,2019-01-23 22:18:31+00:00,awyoonis,Commit,2019-01,Wednesday,22
cas,2019-01-23 22:00:14+00:00,awyoonis,Commit,2019-01,Wednesday,22
cas,2019-01-23 21:52:02+00:00,awyoonis,Commit,2019-01,Wednesday,21
cas,2019-01-23 21:42:07+00:00,awyoonis,Commit,2019-01,Wednesday,21
cas,2019-01-23 18:23:05+00:00,wgs1862019,Commit,2019-01,Wednesday,18
cas,2019-01-22 21:18:18+00:00,wgs1862019,Commit,2019-01,Tuesday,21
cas,2019-01-22 21:12:04+00:00,wgs1862019,Commit,2019-01,Tuesday,21
cas,2019-01-22 20:06:01+00:00,wgs1862019,Commit,2019-01,Tuesday,20
cas,2019-01-22 18:24:20+00:00,awyoonis,Commit,2019-01,Tuesday,18
cas,2019-01-21 02:15:22+00:00,Chauwaj,Commit,2019-01,Monday,2
cas,2019-01-21 02:01:29+00:00,Chauwaj,Commit,2019-01,Monday,2
cas,2019-01-21 01:56:54+00:00,Chauwaj,Commit,2019-01,Monday,1
cas,2019-01-17 21:14:40+00:00,wgs1862019,Commit,2019-01,Thursday,21
cas,2019-01-17 20:45:22+00:00,johnsonwe,Commit,2019-01,Thursday,20
cas,2019-01-16 19:36:59+00:00,wgs1862019,Commit,2019-01,Wednesday,19
cas,2019-01-16 19:35:04+00:00,wgs1862019,Commit,2019-01,Wednesday,19
cas,2019-01-16 18:15:56+00:00,wgs1862019,Commit,2019-01,Wednesday,18
cas,2019-01-14 22:57:19+00:00,awyoonis,Commit,2019-01,Monday,22
cas,2019-01-14 21:06:31+00:00,wgs1862019,Commit,2019-01,Monday,21
cas,2019-01-08 17:51:29+00:00,awyoonis,Commit,2019-01,Tuesday,17
cas,2019-01-08 16:31:05+00:00,awyoonis,Commit,2019-01,Tuesday,16
cas,2019-01-08 16:17:50+00:00,awyoonis,Commit,2019-01,Tuesday,16
cas,2018-12-10 18:03:52+00:00,wgs1862019,Commit,2018-12,Monday,18
cas,2018-12-10 18:03:13+00:00,wgs1862019,Commit,2018-12,Monday,18
cas,2018-12-06 21:09:57+00:00,awyoonis,Commit,2018-12,Thursday,21
cas,2018-12-06 18:51:55+00:00,Scott Heggen,Commit,2018-12,Thursday,18
cas,2018-12-06 17:28:28+00:00,sheggen,Commit,2018-12,Thursday,17
cas,2018-12-06 16:29:13+00:00,sheggen,Commit,2018-12,Thursday,16
cas,2018-12-05 23:03:53+00:00,wgs1862019,Commit,2018-12,Wednesday,23
cas,2018-12-05 19:28:35+00:00,awyoonis,Commit,2018-12,Wednesday,19
cas,2018-12-05 19:17:44+00:00,sheggen,Commit,2018-12,Wednesday,19
cas,2018-12-05 18:51:28+00:00,awyoonis,Commit,2018-12,Wednesday,18
cas,2018-12-04 23:29:33+00:00,nelsonkenny,Commit,2018-12,Tuesday,23
cas,2018-12-03 20:59:56+00:00,nelsonkenny,Commit,2018-12,Monday,20
cas,2018-12-03 20:24:26+00:00,wgs1862019,Commit,2018-12,Monday,20
cas,2018-11-29 21:46:31+00:00,awyoonis,Commit,2018-11,Thursday,21
cas,2018-11-29 21:04:09+00:00,nelsonkenny,Commit,2018-11,Thursday,21
cas,2018-11-29 20:33:25+00:00,nelsonkenny,Commit,2018-11,Thursday,20
cas,2018-11-29 19:31:13+00:00,nelsonkenny,Commit,2018-11,Thursday,19
cas,2018-11-28 20:37:22+00:00,wgs1862019,Commit,2018-11,Wednesday,20
cas,2018-11-28 19:44:02+00:00,wgs1862019,Commit,2018-11,Wednesday,19
cas,2018-11-27 20:47:19+00:00,nelsonkenny,Commit,2018-11,Tuesday,20
cas,2018-11-27 20:46:58+00:00,awyoonis,Commit,2018-11,Tuesday,20
cas,2018-11-27 20:45:51+00:00,nelsonkenny,Commit,2018-11,Tuesday,20
cas,2018-11-27 19:55:12+00:00,Sher Sanginov,Commit,2018-11,Tuesday,19
cas,2018-11-27 18:57:38+00:00,nelsonkenny,Commit,2018-11,Tuesday,18
cas,2018-11-26 23:19:08+00:00,wgs1862019,Commit,2018-11,Monday,23
cas,2018-11-26 22:14:17+00:00,wgs1862019,Commit,2018-11,Monday,22
cas,2018-11-26 22:10:22+00:00,wgs1862019,Commit,2018-11,Monday,22
cas,2018-11-26 21:46:46+00:00,sanginovs,Commit,2018-11,Monday,21
cas,2018-11-26 21:46:12+00:00,sheggen,Commit,2018-11,Monday,21
cas,2018-11-19 21:45:53+00:00,wgs1862019,Commit,2018-11,Monday,21
cas,2018-11-19 20:54:48+00:00,awyoonis,Commit,2018-11,Monday,20
cas,2018-11-18 03:57:21+00:00,Sher Sanginov,Commit,2018-11,Sunday,3
cas,2018-11-16 20:57:53+00:00,nelsonkenny,Commit,2018-11,Friday,20
cas,2018-11-14 22:58:36+00:00,awyoonis,Commit,2018-11,Wednesday,22
cas,2018-11-14 20:54:12+00:00,wgs1862019,Commit,2018-11,Wednesday,20
cas,2018-11-14 19:24:00+00:00,wgs1862019,Commit,2018-11,Wednesday,19
cas,2018-11-14 18:31:59+00:00,wgs1862019,Commit,2018-11,Wednesday,18
cas,2018-11-09 21:55:58+00:00,nelsonkenny,Commit,2018-11,Friday,21
cas,2018-11-08 20:46:43+00:00,awyoonis,Commit,2018-11,Thursday,20
cas,2018-11-07 20:47:46+00:00,wgs1862019,Commit,2018-11,Wednesday,20
cas,2018-11-07 20:26:29+00:00,wgs1862019,Commit,2018-11,Wednesday,20
cas,2018-11-07 20:21:25+00:00,wgs1862019,Commit,2018-11,Wednesday,20
cas,2018-11-06 19:53:07+00:00,awyoonis,Commit,2018-11,Tuesday,19
cas,2018-11-05 22:36:43+00:00,Sher Sanginov,Commit,2018-11,Monday,22
cas,2018-11-05 19:50:07+00:00,wgs1862019,Commit,2018-11,Monday,19
cas,2018-11-05 19:23:45+00:00,wgs1862019,Commit,2018-11,Monday,19
cas,2018-11-03 04:09:19+00:00,Sher Sanginov,Commit,2018-11,Saturday,4
cas,2018-11-02 21:15:38+00:00,Sher Sanginov,Commit,2018-11,Friday,21
cas,2018-11-01 20:28:51+00:00,awyoonis,Commit,2018-11,Thursday,20
cas,2018-10-31 21:52:49+00:00,awyoonis,Commit,2018-10,Wednesday,21
cas,2018-10-31 16:39:17+00:00,Sher Sanginov,Commit,2018-10,Wednesday,16
cas,2018-10-31 16:21:39+00:00,Sher Sanginov,Commit,2018-10,Wednesday,16
cas,2018-10-31 16:16:40+00:00,Sher Sanginov,Commit,2018-10,Wednesday,16
cas,2018-10-31 16:04:31+00:00,Sher Sanginov,Commit,2018-10,Wednesday,16
cas,2018-10-30 20:01:18+00:00,awyoonis,Commit,2018-10,Tuesday,20
cas,2018-10-29 20:15:36+00:00,nelsonkenny,Commit,2018-10,Monday,20
cas,2018-10-29 01:40:51+00:00,nelsonkenny,Commit,2018-10,Monday,1
cas,2018-10-26 20:10:37+00:00,wgs1862019,Commit,2018-10,Friday,20
cas,2018-10-24 18:46:38+00:00,wgs1862019,Commit,2018-10,Wednesday,18
cas,2018-10-24 18:26:00+00:00,wgs1862019,Commit,2018-10,Wednesday,18
cas,2018-10-24 15:46:56+00:00,Sher Sanginov,Commit,2018-10,Wednesday,15
cas,2018-10-24 15:44:40+00:00,Sher Sanginov,Commit,2018-10,Wednesday,15
cas,2018-10-24 15:42:28+00:00,Sher Sanginov,Commit,2018-10,Wednesday,15
cas,2018-10-23 19:25:18+00:00,nelsonkenny,Commit,2018-10,Tuesday,19
cas,2018-10-23 18:24:22+00:00,Sher Sanginov,Commit,2018-10,Tuesday,18
cas,2018-10-23 18:19:04+00:00,Sher Sanginov,Commit,2018-10,Tuesday,18
cas,2018-10-22 21:25:54+00:00,Sher Sanginov,Commit,2018-10,Monday,21
cas,2018-10-22 18:43:48+00:00,wgs1862019,Commit,2018-10,Monday,18
cas,2018-10-22 15:57:16+00:00,nelsonkenny,Commit,2018-10,Monday,15
cas,2018-10-19 20:06:53+00:00,nelsonkenny,Commit,2018-10,Friday,20
cas,2018-10-19 19:24:51+00:00,Sher Sanginov,Commit,2018-10,Friday,19
cas,2018-10-19 19:08:33+00:00,nelsonkenny,Commit,2018-10,Friday,19
cas,2018-10-19 18:37:20+00:00,Sher Sanginov,Commit,2018-10,Friday,18
cas,2018-10-19 18:25:10+00:00,nelsonkenny,Commit,2018-10,Friday,18
cas,2018-10-19 18:15:27+00:00,nelsonkenny,Commit,2018-10,Friday,18
cas,2018-10-19 18:04:47+00:00,Sher Sanginov,Commit,2018-10,Friday,18
cas,2018-10-19 15:16:32+00:00,Sher Sanginov,Commit,2018-10,Friday,15
cas,2018-10-19 15:11:51+00:00,Sher Sanginov,Commit,2018-10,Friday,15
cas,2018-10-18 20:07:58+00:00,Sher Sanginov,Commit,2018-10,Thursday,20
cas,2018-10-18 19:21:23+00:00,Sher Sanginov,Commit,2018-10,Thursday,19
cas,2018-10-18 19:19:53+00:00,Sher Sanginov,Commit,2018-10,Thursday,19
cas,2018-10-18 19:17:11+00:00,Sher Sanginov,Commit,2018-10,Thursday,19
cas,2018-10-18 18:49:33+00:00,Sher Sanginov,Commit,2018-10,Thursday,18
cas,2018-10-17 17:08:39+00:00,Scott Heggen,Commit,2018-10,Wednesday,17
cas,2018-10-16 20:25:37+00:00,sheggen,Commit,2018-10,Tuesday,20
cas,2018-10-16 19:13:56+00:00,sheggen,Commit,2018-10,Tuesday,19
cas,2018-10-16 18:30:45+00:00,Scott Heggen,Commit,2018-10,Tuesday,18
cas,2018-10-16 01:34:32+00:00,sheggen,Commit,2018-10,Tuesday,1
cas,2018-10-15 21:33:25+00:00,nelsonkenny,Commit,2018-10,Monday,21
cas,2018-10-15 21:32:48+00:00,sheggen,Commit,2018-10,Monday,21
cas,2018-10-15 21:26:58+00:00,nelsonke,Commit,2018-10,Monday,21
cas,2018-10-15 21:25:50+00:00,wgs1862019,Commit,2018-10,Monday,21
cas,2018-10-15 21:00:28+00:00,wgs1862019,Commit,2018-10,Monday,21
cas,2018-10-15 20:40:28+00:00,wgs1862019,Commit,2018-10,Monday,20
cas,2018-10-15 19:55:10+00:00,nelsonkenny,Commit,2018-10,Monday,19
cas,2018-10-15 18:12:31+00:00,wgs1862019,Commit,2018-10,Monday,18
cas,2018-10-15 18:03:07+00:00,wgs1862019,Commit,2018-10,Monday,18
cas,2018-10-15 16:49:01+00:00,Chauwaj,Commit,2018-10,Monday,16
cas,2018-10-15 16:44:30+00:00,sanginovs,Commit,2018-10,Monday,16
cas,2018-10-15 16:43:07+00:00,Chauwaj,Commit,2018-10,Monday,16
cas,2018-10-12 21:20:42+00:00,phuyalb16,Commit,2018-10,Friday,21
cas,2018-10-12 21:08:59+00:00,Chauwaj,Commit,2018-10,Friday,21
cas,2018-10-12 21:03:54+00:00,nelsonke,Commit,2018-10,Friday,21
cas,2018-10-12 20:59:42+00:00,Chauwaj,Commit,2018-10,Friday,20
cas,2018-10-12 20:44:03+00:00,Chauwaj,Commit,2018-10,Friday,20
cas,2018-10-12 20:43:36+00:00,Chauwaj,Commit,2018-10,Friday,20
cas,2018-10-12 20:30:29+00:00,Chauwaj,Commit,2018-10,Friday,20
cas,2018-10-12 20:22:34+00:00,nelsonke,Commit,2018-10,Friday,20
cas,2018-10-12 20:22:22+00:00,nelsonkenny,Commit,2018-10,Friday,20
cas,2018-10-12 20:15:12+00:00,Jamal Aw Yonis,Commit,2018-10,Friday,20
cas,2018-10-12 19:46:03+00:00,nelsonkenny,Commit,2018-10,Friday,19
cas,2018-10-12 19:35:03+00:00,nelsonkenny,Commit,2018-10,Friday,19
cas,2018-10-12 19:01:22+00:00,nelsonkenny,Commit,2018-10,Friday,19
cas,2018-10-12 18:43:18+00:00,nelsonkenny,Commit,2018-10,Friday,18
cas,2018-10-12 17:23:04+00:00,nelsonkenny,Commit,2018-10,Friday,17
cas,2018-10-12 16:07:14+00:00,Sher Sanginov,Commit,2018-10,Friday,16
cas,2018-10-12 15:49:45+00:00,nelsonkenny,Commit,2018-10,Friday,15
cas,2018-10-12 15:40:45+00:00,nelsonkenny,Commit,2018-10,Friday,15
cas,2018-10-11 20:35:47+00:00,Sher Sanginov,Commit,2018-10,Thursday,20
cas,2018-10-11 18:41:55+00:00,nelsonkenny,Commit,2018-10,Thursday,18
cas,2018-10-11 17:04:52+00:00,nelsonkenny,Commit,2018-10,Thursday,17
cas,2018-10-10 22:01:49+00:00,wgs1862019,Commit,2018-10,Wednesday,22
cas,2018-10-10 14:45:06+00:00,Sher Sanginov,Commit,2018-10,Wednesday,14
cas,2018-10-10 13:33:41+00:00,Aleksandra Cvetanovska,Commit,2018-10,Wednesday,13
cas,2018-10-09 20:16:11+00:00,awyoonis,Commit,2018-10,Tuesday,20
cas,2018-10-09 18:46:30+00:00,Aleksandra Cvetanovska,Commit,2018-10,Tuesday,18
cas,2018-10-09 17:53:26+00:00,Aleksandra Cvetanovska,Commit,2018-10,Tuesday,17
cas,2018-10-09 17:05:04+00:00,sheggen,Commit,2018-10,Tuesday,17
cas,2018-10-09 12:53:47+00:00,sheggen,Commit,2018-10,Tuesday,12
cas,2018-10-08 23:41:42+00:00,awyoonis,Commit,2018-10,Monday,23
cas,2018-10-08 21:12:59+00:00,nelsonkenny,Commit,2018-10,Monday,21
cas,2018-10-08 20:38:40+00:00,wgs1862019,Commit,2018-10,Monday,20
cas,2018-10-08 20:10:45+00:00,wgs1862019,Commit,2018-10,Monday,20
cas,2018-10-08 19:04:34+00:00,wgs1862019,Commit,2018-10,Monday,19
cas,2018-10-08 18:43:57+00:00,awyoonis,Commit,2018-10,Monday,18
cas,2018-10-07 23:53:35+00:00,Aleksandra Cvetanovska,Commit,2018-10,Sunday,23
cas,2018-10-07 21:48:57+00:00,Aleksandra Cvetanovska,Commit,2018-10,Sunday,21
cas,2018-10-05 20:03:03+00:00,Sher Sanginov,Commit,2018-10,Friday,20
cas,2018-10-05 19:58:32+00:00,Sher Sanginov,Commit,2018-10,Friday,19
cas,2018-10-05 16:34:02+00:00,johnsonwe,Commit,2018-10,Friday,16
cas,2018-10-05 16:33:24+00:00,Sher Sanginov,Commit,2018-10,Friday,16
cas,2018-10-05 16:30:39+00:00,Sher Sanginov,Commit,2018-10,Friday,16
cas,2018-10-05 15:57:08+00:00,nelsonkenny,Commit,2018-10,Friday,15
cas,2018-10-04 17:54:22+00:00,nelsonkenny,Commit,2018-10,Thursday,17
cas,2018-10-04 17:54:02+00:00,nelsonkenny,Commit,2018-10,Thursday,17
cas,2018-10-04 17:41:38+00:00,johnsonwe,Commit,2018-10,Thursday,17
cas,2018-10-04 16:16:53+00:00,Sher Sanginov,Commit,2018-10,Thursday,16
cas,2018-10-04 16:07:20+00:00,johnsonwe,Commit,2018-10,Thursday,16
cas,2018-10-04 13:50:54+00:00,Sher Sanginov,Commit,2018-10,Thursday,13
cas,2018-10-03 21:20:29+00:00,awyoonis,Commit,2018-10,Wednesday,21
cas,2018-10-02 21:02:26+00:00,sheggen,Commit,2018-10,Tuesday,21
cas,2018-10-02 20:29:54+00:00,Sher Sanginov,Commit,2018-10,Tuesday,20
cas,2018-10-02 19:51:24+00:00,awyoonis,Commit,2018-10,Tuesday,19
cas,2018-10-02 19:44:59+00:00,Sher Sanginov,Commit,2018-10,Tuesday,19
cas,2018-10-02 18:57:39+00:00,johnsonwe,Commit,2018-10,Tuesday,18
cas,2018-10-02 18:02:25+00:00,Aleksandra Cvetanovska,Commit,2018-10,Tuesday,18
cas,2018-10-01 20:51:53+00:00,Aleksandra Cvetanovska,Commit,2018-10,Monday,20
cas,2018-10-01 18:52:03+00:00,wgs1862019,Commit,2018-10,Monday,18
cas,2018-10-01 18:51:19+00:00,wgs1862019,Commit,2018-10,Monday,18
cas,2018-10-01 18:11:18+00:00,Scott Heggen,Commit,2018-10,Monday,18
cas,2018-09-29 01:42:25+00:00,Scott Heggen,Commit,2018-09,Saturday,1
cas,2018-09-29 00:03:27+00:00,sheggen,Commit,2018-09,Saturday,0
cas,2018-09-28 19:17:07+00:00,nelsonkenny,Commit,2018-09,Friday,19
cas,2018-09-28 18:02:11+00:00,nelsonkenny,Commit,2018-09,Friday,18
cas,2018-09-27 21:31:18+00:00,nelsonkenny,Commit,2018-09,Thursday,21
cas,2018-09-27 20:51:05+00:00,Sher Sanginov,Commit,2018-09,Thursday,20
cas,2018-09-27 19:18:51+00:00,Sher Sanginov,Commit,2018-09,Thursday,19
cas,2018-09-27 19:17:05+00:00,Sher Sanginov,Commit,2018-09,Thursday,19
cas,2018-09-27 18:49:26+00:00,awyoonis,Commit,2018-09,Thursday,18
cas,2018-09-26 21:28:55+00:00,wgs1862019,Commit,2018-09,Wednesday,21
cas,2018-09-26 21:21:27+00:00,awyoonis,Commit,2018-09,Wednesday,21
cas,2018-09-26 20:22:02+00:00,nelsonkenny,Commit,2018-09,Wednesday,20
cas,2018-09-26 14:56:05+00:00,wgs1862019,Commit,2018-09,Wednesday,14
cas,2018-09-25 22:52:01+00:00,nelsonkenny,Commit,2018-09,Tuesday,22
cas,2018-09-25 20:34:51+00:00,nelsonkenny,Commit,2018-09,Tuesday,20
cas,2018-09-25 20:23:56+00:00,awyoonis,Commit,2018-09,Tuesday,20
cas,2018-09-25 19:54:44+00:00,awyoonis,Commit,2018-09,Tuesday,19
cas,2018-09-25 19:09:08+00:00,wgs1862019,Commit,2018-09,Tuesday,19
cas,2018-09-25 17:42:16+00:00,awyoonis,Commit,2018-09,Tuesday,17
cas,2018-09-25 15:15:55+00:00,Scott Heggen,Commit,2018-09,Tuesday,15
cas,2018-09-25 15:12:20+00:00,Scott Heggen,Commit,2018-09,Tuesday,15
cas,2018-09-25 15:11:38+00:00,Scott Heggen,Commit,2018-09,Tuesday,15
cas,2018-09-24 20:04:21+00:00,nelsonkenny,Commit,2018-09,Monday,20
cas,2018-09-24 17:59:13+00:00,wgs1862019,Commit,2018-09,Monday,17
cas,2018-09-24 13:49:16+00:00,Aleksandra Cvetanovska,Commit,2018-09,Monday,13
cas,2018-09-21 13:01:49+00:00,Aleksandra Cvetanovska,Commit,2018-09,Friday,13
cas,2018-09-17 21:27:47+00:00,nelsonkenny,Commit,2018-09,Monday,21
cas,2018-09-17 21:25:51+00:00,nelsonkenny,Commit,2018-09,Monday,21
cas,2018-09-17 20:35:19+00:00,wgs1862019,Commit,2018-09,Monday,20
cas,2018-09-17 20:33:50+00:00,wgs1862019,Commit,2018-09,Monday,20
cas,2018-09-17 20:28:20+00:00,sheggen,Commit,2018-09,Monday,20
cas,2018-09-17 20:04:37+00:00,nelsonkenny,Commit,2018-09,Monday,20
cas,2018-09-17 19:27:00+00:00,nelsonkenny,Commit,2018-09,Monday,19
cas,2018-09-17 19:21:20+00:00,wgs1862019,Commit,2018-09,Monday,19
cas,2018-09-17 18:46:55+00:00,wgs1862019,Commit,2018-09,Monday,18
cas,2018-09-17 18:18:15+00:00,nelsonkenny,Commit,2018-09,Monday,18
cas,2018-09-17 18:12:45+00:00,nelsonkenny,Commit,2018-09,Monday,18
cas,2018-09-17 15:59:27+00:00,nelsonkenny,Commit,2018-09,Monday,15
cas,2018-09-17 14:18:19+00:00,Aleksandra Cvetanovska,Commit,2018-09,Monday,14
cas,2018-09-17 13:38:47+00:00,Aleksandra Cvetanovska,Commit,2018-09,Monday,13
cas,2018-09-16 17:49:15+00:00,sheggen,Commit,2018-09,Sunday,17
cas,2018-09-16 17:33:45+00:00,sheggen,Commit,2018-09,Sunday,17
cas,2018-09-15 02:58:53+00:00,sheggen,Commit,2018-09,Saturday,2
cas,2018-09-15 02:01:08+00:00,sheggen,Commit,2018-09,Saturday,2
cas,2018-09-15 01:52:59+00:00,sheggen,Commit,2018-09,Saturday,1
cas,2018-09-15 01:43:36+00:00,sheggen,Commit,2018-09,Saturday,1
cas,2018-09-15 01:35:21+00:00,sheggen,Commit,2018-09,Saturday,1
cas,2018-09-15 01:26:16+00:00,sheggen,Commit,2018-09,Saturday,1
cas,2018-09-15 01:25:25+00:00,sheggen,Commit,2018-09,Saturday,1
cas,2018-09-15 01:17:31+00:00,sheggen,Commit,2018-09,Saturday,1
cas,2018-09-15 01:02:12+00:00,sheggen,Commit,2018-09,Saturday,1
cas,2018-09-15 00:16:21+00:00,sheggen,Commit,2018-09,Saturday,0
cas,2018-09-14 22:46:05+00:00,sheggen,Commit,2018-09,Friday,22
cas,2018-09-14 22:39:06+00:00,sheggen,Commit,2018-09,Friday,22
cas,2018-09-14 22:27:37+00:00,sheggen,Commit,2018-09,Friday,22
cas,2018-09-14 22:24:06+00:00,sheggen,Commit,2018-09,Friday,22
cas,2018-09-14 22:23:04+00:00,sheggen,Commit,2018-09,Friday,22
cas,2018-09-14 22:19:49+00:00,sheggen,Commit,2018-09,Friday,22
cas,2018-09-14 22:18:28+00:00,sheggen,Commit,2018-09,Friday,22
cas,2018-09-14 22:17:04+00:00,sheggen,Commit,2018-09,Friday,22
cas,2018-09-14 22:11:23+00:00,sheggen,Commit,2018-09,Friday,22
cas,2018-09-14 22:10:30+00:00,sheggen,Commit,2018-09,Friday,22
cas,2018-09-14 22:10:07+00:00,sheggen,Commit,2018-09,Friday,22
cas,2018-09-14 22:05:47+00:00,sheggen,Commit,2018-09,Friday,22
cas,2018-09-14 22:04:49+00:00,sheggen,Commit,2018-09,Friday,22
cas,2018-09-14 22:03:38+00:00,sheggen,Commit,2018-09,Friday,22
cas,2018-09-14 22:02:49+00:00,sheggen,Commit,2018-09,Friday,22
cas,2018-09-14 22:00:50+00:00,sheggen,Commit,2018-09,Friday,22
cas,2018-09-14 21:59:38+00:00,sheggen,Commit,2018-09,Friday,21
cas,2018-09-14 21:57:53+00:00,sheggen,Commit,2018-09,Friday,21
cas,2018-09-14 21:51:06+00:00,sheggen,Commit,2018-09,Friday,21
cas,2018-09-14 21:46:58+00:00,sheggen,Commit,2018-09,Friday,21
cas,2018-09-14 21:41:08+00:00,sheggen,Commit,2018-09,Friday,21
cas,2018-09-14 21:40:50+00:00,sheggen,Commit,2018-09,Friday,21
cas,2018-09-14 21:39:38+00:00,Sher Sanginov,Commit,2018-09,Friday,21
cas,2018-09-14 18:28:22+00:00,sheggen,Commit,2018-09,Friday,18
cas,2018-09-14 18:05:22+00:00,sheggen,Commit,2018-09,Friday,18
cas,2018-09-14 17:54:24+00:00,sheggen,Commit,2018-09,Friday,17
cas,2018-09-14 15:48:53+00:00,Sher Sanginov,Commit,2018-09,Friday,15
cas,2018-09-14 13:58:53+00:00,Aleksandra Cvetanovska,Commit,2018-09,Friday,13
cas,2018-09-14 13:03:47+00:00,Aleksandra Cvetanovska,Commit,2018-09,Friday,13
cas,2018-09-14 00:26:13+00:00,Sher Sanginov,Commit,2018-09,Friday,0
cas,2018-09-13 19:33:31+00:00,awyoonis,Commit,2018-09,Thursday,19
cas,2018-09-13 19:31:31+00:00,awyoonis,Commit,2018-09,Thursday,19
cas,2018-09-12 20:18:48+00:00,Aleksandra Cvetanovska,Commit,2018-09,Wednesday,20
cas,2018-09-11 20:25:36+00:00,Aleksandra Cvetanovska,Commit,2018-09,Tuesday,20
cas,2018-09-11 20:16:03+00:00,Sher Sanginov,Commit,2018-09,Tuesday,20
cas,2018-09-11 20:00:00+00:00,awyoonis,Commit,2018-09,Tuesday,20
cas,2018-09-11 19:35:03+00:00,awyoonis,Commit,2018-09,Tuesday,19
cas,2018-09-11 18:36:13+00:00,awyoonis,Commit,2018-09,Tuesday,18
cas,2018-09-10 17:58:49+00:00,wgs1862019,Commit,2018-09,Monday,17
cas,2018-09-08 21:03:08+00:00,Sher Sanginov,Commit,2018-09,Saturday,21
cas,2018-09-07 23:48:25+00:00,nelsonkenny,Commit,2018-09,Friday,23
cas,2018-09-07 19:35:32+00:00,wgs1862019,Commit,2018-09,Friday,19
cas,2018-09-07 17:56:53+00:00,wgs1862019,Commit,2018-09,Friday,17
cas,2018-09-06 21:41:55+00:00,Sher Sanginov,Commit,2018-09,Thursday,21
cas,2018-09-05 21:51:12+00:00,Aleksandra Cvetanovska,Commit,2018-09,Wednesday,21
cas,2018-09-05 13:46:00+00:00,Aleksandra Cvetanovska,Commit,2018-09,Wednesday,13
cas,2018-09-05 13:39:10+00:00,Aleksandra Cvetanovska,Commit,2018-09,Wednesday,13
cas,2018-09-05 13:36:52+00:00,Aleksandra Cvetanovska,Commit,2018-09,Wednesday,13
cas,2018-09-04 23:28:14+00:00,Chauwaj,Commit,2018-09,Tuesday,23
cas,2018-09-04 22:48:14+00:00,nelsonkenny,Commit,2018-09,Tuesday,22
cas,2018-09-04 21:27:20+00:00,nelsonkenny,Commit,2018-09,Tuesday,21
cas,2018-09-03 23:46:47+00:00,awyoonis,Commit,2018-09,Monday,23
cas,2018-09-03 21:25:01+00:00,wgs1862019,Commit,2018-09,Monday,21
cas,2018-09-03 20:32:46+00:00,Sher Sanginov,Commit,2018-09,Monday,20
cas,2018-09-03 20:03:24+00:00,Sher Sanginov,Commit,2018-09,Monday,20
cas,2018-09-03 19:26:20+00:00,wgs1862019,Commit,2018-09,Monday,19
cas,2018-09-03 15:10:30+00:00,wgs1862019,Commit,2018-09,Monday,15
cas,2018-09-03 13:50:22+00:00,Aleksandra Cvetanovska,Commit,2018-09,Monday,13
cas,2018-09-03 12:54:23+00:00,Aleksandra Cvetanovska,Commit,2018-09,Monday,12
cas,2018-08-30 18:52:30+00:00,awyoonis,Commit,2018-08,Thursday,18
cas,2018-08-29 20:33:27+00:00,Aleksandra Cvetanovska,Commit,2018-08,Wednesday,20
cas,2018-08-29 20:29:49+00:00,Aleksandra Cvetanovska,Commit,2018-08,Wednesday,20
cas,2018-08-29 17:49:28+00:00,wgs1862019,Commit,2018-08,Wednesday,17
cas,2018-08-28 20:23:18+00:00,wgs1862019,Commit,2018-08,Tuesday,20
cas,2018-08-24 22:35:21+00:00,awyoonis,Commit,2018-08,Friday,22
cas,2018-08-23 20:21:44+00:00,awyoonis,Commit,2018-08,Thursday,20
cas,2018-08-23 19:12:29+00:00,awyoonis,Commit,2018-08,Thursday,19
cas,2018-08-23 16:40:06+00:00,awyoonis,Commit,2018-08,Thursday,16
cas,2018-08-14 21:21:43+00:00,awyoonis,Commit,2018-08,Tuesday,21
cas,2018-08-14 18:56:04+00:00,awyoonis,Commit,2018-08,Tuesday,18
cas,2018-08-14 17:12:33+00:00,awyoonis,Commit,2018-08,Tuesday,17
cas,2018-08-14 16:01:48+00:00,awyoonis,Commit,2018-08,Tuesday,16
cas,2018-08-14 15:40:56+00:00,awyoonis,Commit,2018-08,Tuesday,15
cas,2018-08-14 15:17:17+00:00,awyoonis,Commit,2018-08,Tuesday,15
cas,2018-08-14 14:37:18+00:00,awyoonis,Commit,2018-08,Tuesday,14
cas,2018-08-13 20:58:09+00:00,awyoonis,Commit,2018-08,Monday,20
cas,2018-08-10 20:44:48+00:00,awyoonis,Commit,2018-08,Friday,20
cas,2018-08-10 18:54:38+00:00,awyoonis,Commit,2018-08,Friday,18
cas,2018-08-10 17:09:05+00:00,awyoonis,Commit,2018-08,Friday,17
cas,2018-08-10 00:42:24+00:00,awyoonis,Commit,2018-08,Friday,0
cas,2018-08-09 16:15:55+00:00,awyoonis,Commit,2018-08,Thursday,16
cas,2018-08-09 14:29:24+00:00,awyoonis,Commit,2018-08,Thursday,14
cas,2018-08-09 03:00:06+00:00,awyoonis,Commit,2018-08,Thursday,3
cas,2018-08-08 20:01:11+00:00,awyoonis,Commit,2018-08,Wednesday,20
cas,2018-08-08 19:59:04+00:00,awyoonis,Commit,2018-08,Wednesday,19
cas,2018-08-07 20:04:24+00:00,awyoonis,Commit,2018-08,Tuesday,20
cas,2018-08-06 20:03:02+00:00,awyoonis,Commit,2018-08,Monday,20
cas,2018-08-06 14:58:29+00:00,myersCody,Commit,2018-08,Monday,14
cas,2018-08-03 18:53:30+00:00,grrdsoto,Commit,2018-08,Friday,18
cas,2018-08-03 16:09:09+00:00,OtienoAnne,Commit,2018-08,Friday,16
cas,2018-08-03 15:11:40+00:00,awyoonis,Commit,2018-08,Friday,15
cas,2018-08-03 14:19:32+00:00,grrdsoto,Commit,2018-08,Friday,14
cas,2018-08-03 14:18:44+00:00,OtienoAnne,Commit,2018-08,Friday,14
cas,2018-08-03 14:13:13+00:00,OtienoAnne,Commit,2018-08,Friday,14
cas,2018-08-03 13:20:37+00:00,OtienoAnne,Commit,2018-08,Friday,13
cas,2018-08-03 13:15:21+00:00,awyoonis,Commit,2018-08,Friday,13
cas,2018-08-02 20:22:24+00:00,OtienoAnne,Commit,2018-08,Thursday,20
cas,2018-08-02 19:40:22+00:00,grrdsoto,Commit,2018-08,Thursday,19
cas,2018-08-02 16:23:46+00:00,awyoonis,Commit,2018-08,Thursday,16
cas,2018-08-02 15:34:57+00:00,grrdsoto,Commit,2018-08,Thursday,15
cas,2018-08-02 15:00:32+00:00,awyoonis,Commit,2018-08,Thursday,15
cas,2018-08-02 14:16:15+00:00,awyoonis,Commit,2018-08,Thursday,14
cas,2018-08-02 14:03:08+00:00,grrdsoto,Commit,2018-08,Thursday,14
cas,2018-08-01 20:54:28+00:00,OtienoAnne,Commit,2018-08,Wednesday,20
cas,2018-08-01 19:17:38+00:00,grrdsoto,Commit,2018-08,Wednesday,19
cas,2018-08-01 18:58:47+00:00,grrdsoto,Commit,2018-08,Wednesday,18
cas,2018-08-01 18:35:53+00:00,awyoonis,Commit,2018-08,Wednesday,18
cas,2018-08-01 18:21:14+00:00,awyoonis,Commit,2018-08,Wednesday,18
cas,2018-08-01 18:16:22+00:00,awyoonis,Commit,2018-08,Wednesday,18
cas,2018-08-01 17:09:36+00:00,sheggen,Commit,2018-08,Wednesday,17
cas,2018-08-01 13:57:04+00:00,sheggen,Commit,2018-08,Wednesday,13
cas,2018-07-31 20:36:48+00:00,OtienoAnne,Commit,2018-07,Tuesday,20
cas,2018-07-31 19:39:24+00:00,awyoonis,Commit,2018-07,Tuesday,19
cas,2018-07-31 19:38:15+00:00,awyoonis,Commit,2018-07,Tuesday,19
cas,2018-07-31 19:37:24+00:00,awyoonis,Commit,2018-07,Tuesday,19
cas,2018-07-31 19:33:05+00:00,awyoonis,Commit,2018-07,Tuesday,19
cas,2018-07-31 19:31:56+00:00,awyoonis,Commit,2018-07,Tuesday,19
cas,2018-07-31 15:30:52+00:00,grrdsoto,Commit,2018-07,Tuesday,15
cas,2018-07-30 18:58:31+00:00,grrdsoto,Commit,2018-07,Monday,18
cas,2018-07-30 17:56:51+00:00,OtienoAnne,Commit,2018-07,Monday,17
cas,2018-07-30 15:49:31+00:00,grrdsoto,Commit,2018-07,Monday,15
cas,2018-07-26 15:09:32+00:00,OtienoAnne,Commit,2018-07,Thursday,15
cas,2018-07-25 20:41:55+00:00,OtienoAnne,Commit,2018-07,Wednesday,20
cas,2018-07-24 19:48:00+00:00,OtienoAnne,Commit,2018-07,Tuesday,19
cas,2018-07-24 17:42:23+00:00,grrdsoto,Commit,2018-07,Tuesday,17
cas,2018-07-24 16:53:51+00:00,Sarah Watts,Commit,2018-07,Tuesday,16
cas,2018-07-24 15:23:32+00:00,Sarah Watts,Commit,2018-07,Tuesday,15
cas,2018-07-24 15:21:25+00:00,Sarah Watts,Commit,2018-07,Tuesday,15
cas,2018-07-24 15:16:18+00:00,Sarah Watts,Commit,2018-07,Tuesday,15
cas,2018-07-24 15:07:42+00:00,Sarah Watts,Commit,2018-07,Tuesday,15
cas,2018-07-24 15:02:15+00:00,grrdsoto,Commit,2018-07,Tuesday,15
cas,2018-07-24 14:59:36+00:00,Sarah Watts,Commit,2018-07,Tuesday,14
cas,2018-07-24 14:41:54+00:00,Sarah Watts,Commit,2018-07,Tuesday,14
cas,2018-07-24 14:32:36+00:00,Sarah Watts,Commit,2018-07,Tuesday,14
cas,2018-07-24 14:30:22+00:00,Sarah Watts,Commit,2018-07,Tuesday,14
cas,2018-07-24 14:26:59+00:00,Sarah Watts,Commit,2018-07,Tuesday,14
cas,2018-07-24 14:22:57+00:00,Sarah Watts,Commit,2018-07,Tuesday,14
cas,2018-07-24 14:21:14+00:00,Sarah Watts,Commit,2018-07,Tuesday,14
cas,2018-07-24 14:19:47+00:00,Sarah Watts,Commit,2018-07,Tuesday,14
cas,2018-07-24 14:15:16+00:00,Sarah Watts,Commit,2018-07,Tuesday,14
cas,2018-07-24 14:12:43+00:00,Sarah Watts,Commit,2018-07,Tuesday,14
cas,2018-07-24 14:09:19+00:00,Sarah Watts,Commit,2018-07,Tuesday,14
cas,2018-07-23 19:46:10+00:00,grrdsoto,Commit,2018-07,Monday,19
cas,2018-07-23 14:46:26+00:00,grrdsoto,Commit,2018-07,Monday,14
cas,2018-07-20 19:47:48+00:00,awyoonis,Commit,2018-07,Friday,19
cas,2018-07-20 19:39:17+00:00,grrdsoto,Commit,2018-07,Friday,19
cas,2018-07-20 19:21:54+00:00,OtienoAnne,Commit,2018-07,Friday,19
cas,2018-07-20 14:22:58+00:00,grrdsoto,Commit,2018-07,Friday,14
cas,2018-07-20 13:29:33+00:00,grrdsoto,Commit,2018-07,Friday,13
cas,2018-07-19 19:51:17+00:00,OtienoAnne,Commit,2018-07,Thursday,19
cas,2018-07-19 19:49:07+00:00,grrdsoto,Commit,2018-07,Thursday,19
cas,2018-07-19 15:00:29+00:00,OtienoAnne,Commit,2018-07,Thursday,15
cas,2018-07-19 14:28:35+00:00,awyoonis,Commit,2018-07,Thursday,14
cas,2018-07-18 19:30:27+00:00,OtienoAnne,Commit,2018-07,Wednesday,19
cas,2018-07-18 17:31:38+00:00,grrdsoto,Commit,2018-07,Wednesday,17
cas,2018-07-18 14:15:11+00:00,grrdsoto,Commit,2018-07,Wednesday,14
cas,2018-07-17 19:49:44+00:00,grrdsoto,Commit,2018-07,Tuesday,19
cas,2018-07-17 16:24:33+00:00,grrdsoto,Commit,2018-07,Tuesday,16
cas,2018-07-16 20:18:56+00:00,grrdsoto,Commit,2018-07,Monday,20
cas,2018-07-16 19:39:03+00:00,grrdsoto,Commit,2018-07,Monday,19
cas,2018-07-16 18:49:41+00:00,grrdsoto,Commit,2018-07,Monday,18
cas,2018-07-16 18:46:42+00:00,grrdsoto,Commit,2018-07,Monday,18
cas,2018-07-16 18:46:13+00:00,grrdsoto,Commit,2018-07,Monday,18
cas,2018-07-16 15:47:44+00:00,OtienoAnne,Commit,2018-07,Monday,15
cas,2018-07-16 15:13:10+00:00,myersCody,Commit,2018-07,Monday,15
cas,2018-07-13 19:15:47+00:00,grrdsoto,Commit,2018-07,Friday,19
cas,2018-07-13 19:12:51+00:00,OtienoAnne,Commit,2018-07,Friday,19
cas,2018-07-13 15:34:39+00:00,awyoonis,Commit,2018-07,Friday,15
cas,2018-07-13 13:39:20+00:00,awyoonis,Commit,2018-07,Friday,13
cas,2018-07-13 13:38:22+00:00,awyoonis,Commit,2018-07,Friday,13
cas,2018-07-13 13:36:27+00:00,awyoonis,Commit,2018-07,Friday,13
cas,2018-07-13 13:33:24+00:00,awyoonis,Commit,2018-07,Friday,13
cas,2018-07-12 20:18:47+00:00,OtienoAnne,Commit,2018-07,Thursday,20
cas,2018-07-12 18:22:06+00:00,OtienoAnne,Commit,2018-07,Thursday,18
cas,2018-07-12 17:22:24+00:00,grrdsoto,Commit,2018-07,Thursday,17
cas,2018-07-11 13:57:33+00:00,grrdsoto,Commit,2018-07,Wednesday,13
cas,2018-07-10 18:02:49+00:00,OtienoAnne,Commit,2018-07,Tuesday,18
cas,2018-07-09 15:17:56+00:00,grrdsoto,Commit,2018-07,Monday,15
cas,2018-07-09 02:54:14+00:00,awyoonis,Commit,2018-07,Monday,2
cas,2018-07-09 02:49:19+00:00,awyoonis,Commit,2018-07,Monday,2
cas,2018-07-06 22:09:42+00:00,awyoonis,Commit,2018-07,Friday,22
cas,2018-07-06 20:15:12+00:00,OtienoAnne,Commit,2018-07,Friday,20
cas,2018-07-06 19:54:19+00:00,grrdsoto,Commit,2018-07,Friday,19
cas,2018-07-06 19:06:19+00:00,OtienoAnne,Commit,2018-07,Friday,19
cas,2018-07-06 19:04:56+00:00,OtienoAnne,Commit,2018-07,Friday,19
cas,2018-07-06 18:51:54+00:00,OtienoAnne,Commit,2018-07,Friday,18
cas,2018-07-06 15:45:03+00:00,grrdsoto,Commit,2018-07,Friday,15
cas,2018-07-06 15:39:42+00:00,grrdsoto,Commit,2018-07,Friday,15
cas,2018-07-06 15:08:14+00:00,Muhammad Hamza Khattak,Commit,2018-07,Friday,15
cas,2018-07-06 14:15:09+00:00,sheggen,Commit,2018-07,Friday,14
cas,2018-07-06 14:03:45+00:00,grrdsoto,Commit,2018-07,Friday,14
cas,2018-07-06 14:02:35+00:00,grrdsoto,Commit,2018-07,Friday,14
cas,2018-07-06 14:01:58+00:00,grrdsoto,Commit,2018-07,Friday,14
cas,2018-07-06 14:01:03+00:00,grrdsoto,Commit,2018-07,Friday,14
cas,2018-07-06 13:58:02+00:00,grrdsoto,Commit,2018-07,Friday,13
cas,2018-07-05 17:04:46+00:00,awyoonis,Commit,2018-07,Thursday,17
cas,2018-07-05 13:23:48+00:00,awyoonis,Commit,2018-07,Thursday,13
cas,2018-07-03 19:50:23+00:00,OtienoAnne,Commit,2018-07,Tuesday,19
cas,2018-07-03 19:40:34+00:00,grrdsoto,Commit,2018-07,Tuesday,19
cas,2018-07-03 18:52:35+00:00,OtienoAnne,Commit,2018-07,Tuesday,18
cas,2018-07-03 17:45:26+00:00,OtienoAnne,Commit,2018-07,Tuesday,17
cas,2018-07-03 17:44:07+00:00,OtienoAnne,Commit,2018-07,Tuesday,17
cas,2018-07-03 17:39:42+00:00,awyoonis,Commit,2018-07,Tuesday,17
cas,2018-07-03 17:35:34+00:00,grrdsoto,Commit,2018-07,Tuesday,17
cas,2018-07-03 17:35:21+00:00,grrdsoto,Commit,2018-07,Tuesday,17
cas,2018-07-03 17:31:43+00:00,grrdsoto,Commit,2018-07,Tuesday,17
cas,2018-07-03 17:28:53+00:00,awyoonis,Commit,2018-07,Tuesday,17
cas,2018-07-03 17:26:38+00:00,awyoonis,Commit,2018-07,Tuesday,17
cas,2018-07-03 17:25:54+00:00,grrdsoto,Commit,2018-07,Tuesday,17
cas,2018-07-03 17:22:10+00:00,awyoonis,Commit,2018-07,Tuesday,17
cas,2018-07-03 15:50:45+00:00,grrdsoto,Commit,2018-07,Tuesday,15
cas,2018-07-03 15:43:40+00:00,OtienoAnne,Commit,2018-07,Tuesday,15
cas,2018-07-03 15:40:53+00:00,Jamal Aw Yonis,Commit,2018-07,Tuesday,15
cas,2018-07-03 15:36:51+00:00,Muhammad Hamza Khattak,Commit,2018-07,Tuesday,15
cas,2018-07-03 15:28:55+00:00,sheggen,Commit,2018-07,Tuesday,15
cas,2018-07-03 15:24:06+00:00,sheggen,Commit,2018-07,Tuesday,15
cas,2018-07-03 15:18:53+00:00,Sarah Watts,Commit,2018-07,Tuesday,15
cas,2018-07-03 15:13:29+00:00,sheggen,Commit,2018-07,Tuesday,15
cas,2018-07-03 15:08:28+00:00,wgs1862019,Commit,2018-07,Tuesday,15
cas,2018-07-03 15:07:41+00:00,sheggen,Commit,2018-07,Tuesday,15
cas,2018-07-02 20:39:50+00:00,grrdsoto,Commit,2018-07,Monday,20
cas,2018-07-02 20:19:19+00:00,OtienoAnne,Commit,2018-07,Monday,20
cas,2018-07-02 19:47:46+00:00,grrdsoto,Commit,2018-07,Monday,19
cas,2018-07-02 19:29:59+00:00,grrdsoto,Commit,2018-07,Monday,19
cas,2018-07-02 19:20:59+00:00,grrdsoto,Commit,2018-07,Monday,19
cas,2018-07-02 19:01:35+00:00,grrdsoto,Commit,2018-07,Monday,19
cas,2018-07-02 18:13:02+00:00,awyoonis,Commit,2018-07,Monday,18
cas,2018-07-02 17:43:11+00:00,awyoonis,Commit,2018-07,Monday,17
cas,2018-07-02 17:35:43+00:00,grrdsoto,Commit,2018-07,Monday,17
cas,2018-07-02 17:32:36+00:00,grrdsoto,Commit,2018-07,Monday,17
cas,2018-07-02 17:28:09+00:00,grrdsoto,Commit,2018-07,Monday,17
cas,2018-07-02 17:26:54+00:00,grrdsoto,Commit,2018-07,Monday,17
cas,2018-07-02 17:01:20+00:00,awyoonis,Commit,2018-07,Monday,17
cas,2018-07-02 15:41:03+00:00,wgs1862019,Commit,2018-07,Monday,15
cas,2018-07-02 15:39:46+00:00,OtienoAnne,Commit,2018-07,Monday,15
cas,2018-07-02 15:28:24+00:00,OtienoAnne,Commit,2018-07,Monday,15
cas,2018-07-02 15:26:35+00:00,grrdsoto,Commit,2018-07,Monday,15
cas,2018-07-02 15:25:05+00:00,OtienoAnne,Commit,2018-07,Monday,15
cas,2018-07-02 15:21:05+00:00,grrdsoto,Commit,2018-07,Monday,15
cas,2018-07-02 15:09:54+00:00,Anne Otieno,Commit,2018-07,Monday,15
cas,2018-07-02 15:08:44+00:00,OtienoAnne,Commit,2018-07,Monday,15
cas,2018-07-02 15:03:17+00:00,OtienoAnne,Commit,2018-07,Monday,15
cas,2018-07-02 15:01:26+00:00,OtienoAnne,Commit,2018-07,Monday,15
cas,2018-07-02 14:59:19+00:00,OtienoAnne,Commit,2018-07,Monday,14
cas,2018-06-30 22:07:13+00:00,OtienoAnne,Commit,2018-06,Saturday,22
cas,2018-06-30 17:27:29+00:00,awyoonis,Commit,2018-06,Saturday,17
cas,2018-06-29 20:14:06+00:00,grrdsoto,Commit,2018-06,Friday,20
cas,2018-06-29 19:56:18+00:00,OtienoAnne,Commit,2018-06,Friday,19
cas,2018-06-29 18:14:32+00:00,grrdsoto,Commit,2018-06,Friday,18
cas,2018-06-29 15:26:33+00:00,OtienoAnne,Commit,2018-06,Friday,15
cas,2018-06-29 15:24:34+00:00,awyoonis,Commit,2018-06,Friday,15
cas,2018-06-29 15:04:23+00:00,awyoonis,Commit,2018-06,Friday,15
cas,2018-06-29 14:58:27+00:00,awyoonis,Commit,2018-06,Friday,14
cas,2018-06-29 14:55:05+00:00,Muhammad Hamza Khattak,Commit,2018-06,Friday,14
cas,2018-06-29 14:49:21+00:00,grrdsoto,Commit,2018-06,Friday,14
cas,2018-06-28 20:05:01+00:00,grrdsoto,Commit,2018-06,Thursday,20
cas,2018-06-28 19:59:20+00:00,awyoonis,Commit,2018-06,Thursday,19
cas,2018-06-28 19:55:19+00:00,OtienoAnne,Commit,2018-06,Thursday,19
cas,2018-06-28 15:51:58+00:00,Sarah Watts,Commit,2018-06,Thursday,15
cas,2018-06-28 15:42:56+00:00,Sarah Watts,Commit,2018-06,Thursday,15
cas,2018-06-28 13:45:14+00:00,OtienoAnne,Commit,2018-06,Thursday,13
cas,2018-06-28 13:39:29+00:00,awyoonis,Commit,2018-06,Thursday,13
cas,2018-06-27 20:49:02+00:00,OtienoAnne,Commit,2018-06,Wednesday,20
cas,2018-06-27 18:43:13+00:00,OtienoAnne,Commit,2018-06,Wednesday,18
cas,2018-06-27 18:41:38+00:00,OtienoAnne,Commit,2018-06,Wednesday,18
cas,2018-06-27 16:01:02+00:00,awyoonis,Commit,2018-06,Wednesday,16
cas,2018-06-27 15:42:54+00:00,Muhammad Hamza Khattak,Commit,2018-06,Wednesday,15
cas,2018-06-27 15:37:39+00:00,OtienoAnne,Commit,2018-06,Wednesday,15
cas,2018-06-27 15:27:43+00:00,Muhammad Hamza Khattak,Commit,2018-06,Wednesday,15
cas,2018-06-27 13:47:57+00:00,grrdsoto,Commit,2018-06,Wednesday,13
cas,2018-06-27 13:33:07+00:00,OtienoAnne,Commit,2018-06,Wednesday,13
cas,2018-06-27 03:05:08+00:00,Sarah Watts,Commit,2018-06,Wednesday,3
cas,2018-06-27 02:54:45+00:00,wgs1862019,Commit,2018-06,Wednesday,2
cas,2018-06-26 20:10:35+00:00,OtienoAnne,Commit,2018-06,Tuesday,20
cas,2018-06-22 18:20:50+00:00,wgs1862019,Commit,2018-06,Friday,18
cas,2018-06-15 13:14:56+00:00,Sarah Watts,Commit,2018-06,Friday,13
cas,2018-06-15 13:14:12+00:00,Sarah Watts,Commit,2018-06,Friday,13
cas,2018-06-13 15:35:58+00:00,OtienoAnne,Commit,2018-06,Wednesday,15
cas,2018-06-13 14:56:22+00:00,OtienoAnne,Commit,2018-06,Wednesday,14
cas,2018-06-13 14:45:47+00:00,awyoonis,Commit,2018-06,Wednesday,14
cas,2018-06-13 14:43:46+00:00,Muhammad Hamza Khattak,Commit,2018-06,Wednesday,14
cas,2018-06-13 14:25:45+00:00,Muhammad Hamza Khattak,Commit,2018-06,Wednesday,14
cas,2018-06-13 14:13:23+00:00,OtienoAnne,Commit,2018-06,Wednesday,14
cas,2018-06-13 14:07:33+00:00,awyoonis,Commit,2018-06,Wednesday,14
cas,2018-06-13 13:59:57+00:00,Sarah Watts,Commit,2018-06,Wednesday,13
cas,2018-06-13 13:50:09+00:00,Sarah Watts,Commit,2018-06,Wednesday,13
cas,2018-06-13 12:13:38+00:00,wgs1862019,Commit,2018-06,Wednesday,12
cas,2018-06-12 20:48:24+00:00,Muhammad Hamza Khattak,Commit,2018-06,Tuesday,20
cas,2018-06-12 20:30:19+00:00,wgs1862019,Commit,2018-06,Tuesday,20
cas,2018-06-12 20:19:38+00:00,awyoonis,Commit,2018-06,Tuesday,20
cas,2018-06-12 18:59:05+00:00,wgs1862019,Commit,2018-06,Tuesday,18
cas,2018-06-12 18:08:52+00:00,wgs1862019,Commit,2018-06,Tuesday,18
cas,2018-06-12 15:19:08+00:00,awyoonis,Commit,2018-06,Tuesday,15
cas,2018-06-12 15:12:19+00:00,awyoonis,Commit,2018-06,Tuesday,15
cas,2018-06-12 15:08:28+00:00,Muhammad Hamza Khattak,Commit,2018-06,Tuesday,15
cas,2018-06-12 15:05:32+00:00,Muhammad Hamza Khattak,Commit,2018-06,Tuesday,15
cas,2018-06-12 14:58:47+00:00,awyoonis,Commit,2018-06,Tuesday,14
cas,2018-06-12 14:44:46+00:00,wgs1862019,Commit,2018-06,Tuesday,14
cas,2018-06-12 14:36:16+00:00,wgs1862019,Commit,2018-06,Tuesday,14
cas,2018-06-11 20:02:06+00:00,Muhammad Hamza Khattak,Commit,2018-06,Monday,20
cas,2018-06-11 19:58:27+00:00,Muhammad Hamza Khattak,Commit,2018-06,Monday,19
cas,2018-06-11 19:56:38+00:00,Muhammad Hamza Khattak,Commit,2018-06,Monday,19
cas,2018-06-11 19:45:13+00:00,Muhammad Hamza Khattak,Commit,2018-06,Monday,19
cas,2018-06-11 18:37:05+00:00,wgs1862019,Commit,2018-06,Monday,18
cas,2018-06-11 18:35:55+00:00,sheggen,Commit,2018-06,Monday,18
cas,2018-06-11 18:34:07+00:00,sheggen,Commit,2018-06,Monday,18
cas,2018-06-11 18:31:47+00:00,sheggen,Commit,2018-06,Monday,18
cas,2018-06-11 18:08:06+00:00,OtienoAnne,Commit,2018-06,Monday,18
cas,2018-06-11 18:04:45+00:00,Muhammad Hamza Khattak,Commit,2018-06,Monday,18
cas,2018-06-11 15:48:26+00:00,sheggen,Commit,2018-06,Monday,15
cas,2018-06-11 15:44:36+00:00,sheggen,Commit,2018-06,Monday,15
cas,2018-06-11 15:34:35+00:00,sheggen,Commit,2018-06,Monday,15
cas,2018-03-09 19:01:27+00:00,Sarah Watts,Commit,2018-03,Friday,19
cas,2018-03-09 17:41:45+00:00,Sarah Watts,Commit,2018-03,Friday,17
cas,2018-03-09 16:35:48+00:00,Sarah Watts,Commit,2018-03,Friday,16
cas,2018-03-08 21:02:11+00:00,Sarah Watts,Commit,2018-03,Thursday,21
cas,2018-03-08 19:01:48+00:00,Sarah Watts,Commit,2018-03,Thursday,19
cas,2018-03-08 17:42:30+00:00,Sarah Watts,Commit,2018-03,Thursday,17
cas,2018-03-05 21:36:47+00:00,Sarah Watts,Commit,2018-03,Monday,21
cas,2018-03-05 21:35:09+00:00,Sarah Watts,Commit,2018-03,Monday,21
cas,2018-03-05 21:32:18+00:00,Sarah Watts,Commit,2018-03,Monday,21
cas,2018-03-05 15:34:32+00:00,Sarah Watts,Commit,2018-03,Monday,15
cas,2018-03-05 15:33:45+00:00,Sarah Watts,Commit,2018-03,Monday,15
cas,2018-03-05 15:22:52+00:00,Sarah Watts,Commit,2018-03,Monday,15
cas,2018-03-05 14:55:17+00:00,Sarah Watts,Commit,2018-03,Monday,14
cas,2018-02-19 17:58:23+00:00,Cody Myers,Commit,2018-02,Monday,17
cas,2018-02-19 17:57:47+00:00,tahmidefaz,Commit,2018-02,Monday,17
cas,2018-02-19 17:44:40+00:00,Cody Myers,Commit,2018-02,Monday,17
cas,2018-02-19 17:42:46+00:00,myersCody,Commit,2018-02,Monday,17
cas,2018-02-19 17:41:54+00:00,myersCody,Commit,2018-02,Monday,17
cas,2018-02-19 17:40:35+00:00,myersCody,Commit,2018-02,Monday,17
cas,2018-02-19 17:39:41+00:00,myersCody,Commit,2018-02,Monday,17
cas,2018-02-14 17:21:11+00:00,tahmidefaz,Commit,2018-02,Wednesday,17
cas,2018-02-14 16:29:25+00:00,Cody Myers,Commit,2018-02,Wednesday,16
cas,2018-02-14 16:28:59+00:00,myersCody,Commit,2018-02,Wednesday,16
cas,2018-02-14 16:24:55+00:00,myersCody,Commit,2018-02,Wednesday,16
cas,2018-02-14 15:32:44+00:00,Cody Myers,Commit,2018-02,Wednesday,15
cas,2018-02-14 15:30:07+00:00,myersCody,Commit,2018-02,Wednesday,15
cas,2018-02-13 22:17:20+00:00,myersCody,Commit,2018-02,Tuesday,22
cas,2018-02-13 22:16:53+00:00,myersCody,Commit,2018-02,Tuesday,22
cas,2018-02-13 22:11:10+00:00,myersCody,Commit,2018-02,Tuesday,22
cas,2018-02-13 22:10:41+00:00,myersCody,Commit,2018-02,Tuesday,22
cas,2018-02-13 15:57:37+00:00,Cody Myers,Commit,2018-02,Tuesday,15
cas,2018-02-13 15:54:55+00:00,myersCody,Commit,2018-02,Tuesday,15
cas,2018-02-13 15:54:34+00:00,myersCody,Commit,2018-02,Tuesday,15
cas,2018-02-13 15:19:53+00:00,Cody Myers,Commit,2018-02,Tuesday,15
cas,2018-02-13 15:19:12+00:00,Cody Myers,Commit,2018-02,Tuesday,15
cas,2018-02-13 15:17:29+00:00,myersCody,Commit,2018-02,Tuesday,15
cas,2018-02-12 21:07:20+00:00,Cody Myers,Commit,2018-02,Monday,21
cas,2018-02-12 21:06:21+00:00,myersCody,Commit,2018-02,Monday,21
cas,2018-02-12 21:05:18+00:00,myersCody,Commit,2018-02,Monday,21
cas,2018-02-12 20:46:48+00:00,Cody Myers,Commit,2018-02,Monday,20
cas,2018-02-12 20:45:04+00:00,Cody Myers,Commit,2018-02,Monday,20
cas,2018-02-12 20:13:16+00:00,myersCody,Commit,2018-02,Monday,20
cas,2018-02-12 20:12:31+00:00,myersCody,Commit,2018-02,Monday,20
cas,2018-02-12 20:11:46+00:00,myersCody,Commit,2018-02,Monday,20
cas,2018-02-12 20:10:58+00:00,myersCody,Commit,2018-02,Monday,20
cas,2018-02-12 20:06:15+00:00,myersCody,Commit,2018-02,Monday,20
cas,2018-02-06 14:25:09+00:00,myersCody,Commit,2018-02,Tuesday,14
cas,2018-01-29 15:42:30+00:00,Cody Myers,Commit,2018-01,Monday,15
cas,2018-01-29 14:44:59+00:00,myersCody,Commit,2018-01,Monday,14
cas,2018-01-29 13:21:25+00:00,memo330179,Commit,2018-01,Monday,13
cas,2018-01-26 19:22:44+00:00,memo330179,Commit,2018-01,Friday,19
cas,2018-01-26 16:09:52+00:00,myersCody,Commit,2018-01,Friday,16
cas,2018-01-24 16:27:00+00:00,memo330179,Commit,2018-01,Wednesday,16
cas,2018-01-24 15:58:36+00:00,nelsonke,Commit,2018-01,Wednesday,15
cas,2018-01-15 14:00:50+00:00,Cody Myers,Commit,2018-01,Monday,14
cas,2018-01-15 13:57:40+00:00,memo330179,Commit,2018-01,Monday,13
cas,2018-01-11 15:55:20+00:00,nelsonkenny,Commit,2018-01,Thursday,15
cas,2018-01-08 19:47:01+00:00,myersCody,Commit,2018-01,Monday,19
cas,2018-01-08 17:40:03+00:00,myersCody,Commit,2018-01,Monday,17
cas,2018-01-08 17:38:50+00:00,myersCody,Commit,2018-01,Monday,17
cas,2018-01-08 17:38:18+00:00,myersCody,Commit,2018-01,Monday,17
cas,2018-01-08 17:34:58+00:00,myersCody,Commit,2018-01,Monday,17
cas,2018-01-08 16:18:18+00:00,myersCody,Commit,2018-01,Monday,16
cas,2018-01-08 14:52:15+00:00,myersCody,Commit,2018-01,Monday,14
cas,2018-01-08 14:51:37+00:00,myersCody,Commit,2018-01,Monday,14
cas,2018-01-02 15:50:52+00:00,myersCody,Commit,2018-01,Tuesday,15
cas,2018-01-02 15:14:45+00:00,Cody Myers,Commit,2018-01,Tuesday,15
cas,2018-01-02 15:13:47+00:00,Cody Myers,Commit,2018-01,Tuesday,15
cas,2018-01-02 15:12:32+00:00,Cody Myers,Commit,2018-01,Tuesday,15
cas,2018-01-02 15:09:06+00:00,Cody Myers,Commit,2018-01,Tuesday,15
cas,2018-01-02 14:55:29+00:00,myersCody,Commit,2018-01,Tuesday,14
cas,2018-01-02 14:54:23+00:00,myersCody,Commit,2018-01,Tuesday,14
cas,2018-01-02 14:33:43+00:00,myersCody,Commit,2018-01,Tuesday,14
cas,2017-12-19 18:13:02+00:00,myersCody,Commit,2017-12,Tuesday,18
cas,2017-12-19 18:11:29+00:00,myersCody,Commit,2017-12,Tuesday,18
cas,2017-12-19 17:34:38+00:00,myersCody,Commit,2017-12,Tuesday,17
cas,2017-12-18 17:27:52+00:00,myersCody,Commit,2017-12,Monday,17
cas,2017-12-14 16:50:17+00:00,Jesson Soto Ventura,Commit,2017-12,Thursday,16
cas,2017-12-13 16:02:53+00:00,myersCody,Commit,2017-12,Wednesday,16
cas,2017-12-12 21:09:56+00:00,myersCody,Commit,2017-12,Tuesday,21
cas,2017-12-12 21:09:02+00:00,myersCody,Commit,2017-12,Tuesday,21
cas,2017-12-12 21:07:52+00:00,myersCody,Commit,2017-12,Tuesday,21
cas,2017-12-12 21:06:56+00:00,myersCody,Commit,2017-12,Tuesday,21
cas,2017-12-12 21:06:19+00:00,myersCody,Commit,2017-12,Tuesday,21
cas,2017-12-12 21:04:33+00:00,myersCody,Commit,2017-12,Tuesday,21
cas,2017-12-12 21:03:53+00:00,myersCody,Commit,2017-12,Tuesday,21
cas,2017-12-12 21:02:37+00:00,myersCody,Commit,2017-12,Tuesday,21
cas,2017-12-12 21:02:18+00:00,myersCody,Commit,2017-12,Tuesday,21
cas,2017-12-12 21:00:57+00:00,myersCody,Commit,2017-12,Tuesday,21
cas,2017-12-11 19:27:51+00:00,myersCody,Commit,2017-12,Monday,19
cas,2017-12-11 18:59:32+00:00,myersCody,Commit,2017-12,Monday,18
cas,2017-12-11 18:12:10+00:00,Jesson Soto Ventura,Commit,2017-12,Monday,18
cas,2017-12-08 23:53:56+00:00,Jesson Soto Ventura,Commit,2017-12,Friday,23
cas,2017-12-08 22:09:09+00:00,Jesson Soto Ventura,Commit,2017-12,Friday,22
cas,2017-12-08 22:07:32+00:00,myersCody,Commit,2017-12,Friday,22
cas,2017-12-08 22:06:59+00:00,myersCody,Commit,2017-12,Friday,22
cas,2017-12-08 18:44:38+00:00,myersCody,Commit,2017-12,Friday,18
cas,2017-12-08 18:40:46+00:00,myersCody,Commit,2017-12,Friday,18
cas,2017-12-08 18:36:28+00:00,myersCody,Commit,2017-12,Friday,18
cas,2017-12-08 15:51:34+00:00,myersCody,Commit,2017-12,Friday,15
cas,2017-12-08 15:49:31+00:00,myersCody,Commit,2017-12,Friday,15
cas,2017-12-07 14:16:33+00:00,Jesson Soto Ventura,Commit,2017-12,Thursday,14
cas,2017-12-18 16:12:03+00:00,memo330179,Commit,2017-12,Monday,16
cas,2017-12-14 19:35:25+00:00,memo330179,Commit,2017-12,Thursday,19
cas,2017-12-14 16:50:17+00:00,Jesson Soto Ventura,Commit,2017-12,Thursday,16
cas,2017-12-14 15:36:06+00:00,sanginovs,Commit,2017-12,Thursday,15
cas,2017-12-14 15:32:02+00:00,memo330179,Commit,2017-12,Thursday,15
cas,2017-12-14 15:30:19+00:00,memo330179,Commit,2017-12,Thursday,15
cas,2017-12-14 15:04:01+00:00,Cody Myers,Commit,2017-12,Thursday,15
cas,2017-12-14 15:02:34+00:00,josezindia,Commit,2017-12,Thursday,15
cas,2017-12-14 14:57:31+00:00,Cody Myers,Commit,2017-12,Thursday,14
cas,2017-12-14 14:41:40+00:00,memo330179,Commit,2017-12,Thursday,14
cas,2017-12-14 14:33:35+00:00,memo330179,Commit,2017-12,Thursday,14
cas,2017-12-14 03:21:44+00:00,Jose Zindia,Commit,2017-12,Thursday,3
cas,2017-12-13 17:12:46+00:00,myersCody,Commit,2017-12,Wednesday,17
cas,2017-12-13 16:02:53+00:00,myersCody,Commit,2017-12,Wednesday,16
cas,2017-12-12 22:54:21+00:00,Jose Zindia,Commit,2017-12,Tuesday,22
cas,2017-12-12 22:07:48+00:00,Sher Sanginov,Commit,2017-12,Tuesday,22
cas,2017-12-12 21:58:45+00:00,Sher Sanginov,Commit,2017-12,Tuesday,21
cas,2017-12-12 21:09:56+00:00,myersCody,Commit,2017-12,Tuesday,21
cas,2017-12-12 21:09:02+00:00,myersCody,Commit,2017-12,Tuesday,21
cas,2017-12-12 21:07:52+00:00,myersCody,Commit,2017-12,Tuesday,21
cas,2017-12-12 21:06:56+00:00,myersCody,Commit,2017-12,Tuesday,21
cas,2017-12-12 21:06:19+00:00,myersCody,Commit,2017-12,Tuesday,21
cas,2017-12-12 21:04:33+00:00,myersCody,Commit,2017-12,Tuesday,21
cas,2017-12-12 21:03:53+00:00,myersCody,Commit,2017-12,Tuesday,21
cas,2017-12-12 21:02:37+00:00,myersCody,Commit,2017-12,Tuesday,21
cas,2017-12-12 21:02:18+00:00,myersCody,Commit,2017-12,Tuesday,21
cas,2017-12-12 21:00:57+00:00,myersCody,Commit,2017-12,Tuesday,21
cas,2017-12-11 19:27:51+00:00,myersCody,Commit,2017-12,Monday,19
cas,2017-12-11 18:59:51+00:00,myersCody,Commit,2017-12,Monday,18
cas,2017-12-11 18:59:32+00:00,myersCody,Commit,2017-12,Monday,18
cas,2017-12-11 18:12:10+00:00,Jesson Soto Ventura,Commit,2017-12,Monday,18
cas,2017-12-11 14:08:10+00:00,myersCody,Commit,2017-12,Monday,14
cas,2017-12-08 23:53:56+00:00,Jesson Soto Ventura,Commit,2017-12,Friday,23
cas,2017-12-08 22:20:05+00:00,Jesson Soto Ventura,Commit,2017-12,Friday,22
cas,2017-12-08 22:09:09+00:00,Jesson Soto Ventura,Commit,2017-12,Friday,22
cas,2017-12-08 22:07:32+00:00,myersCody,Commit,2017-12,Friday,22
cas,2017-12-08 22:06:59+00:00,myersCody,Commit,2017-12,Friday,22
cas,2017-12-08 18:56:56+00:00,myersCody,Commit,2017-12,Friday,18
cas,2017-12-08 18:44:38+00:00,myersCody,Commit,2017-12,Friday,18
cas,2017-12-08 18:40:46+00:00,myersCody,Commit,2017-12,Friday,18
cas,2017-12-08 18:36:28+00:00,myersCody,Commit,2017-12,Friday,18
cas,2017-12-08 15:51:34+00:00,myersCody,Commit,2017-12,Friday,15
cas,2017-12-08 15:49:31+00:00,myersCody,Commit,2017-12,Friday,15
cas,2017-12-08 14:32:00+00:00,johnsonwe,Commit,2017-12,Friday,14
cas,2017-12-08 14:26:40+00:00,myersCody,Commit,2017-12,Friday,14
cas,2017-12-08 14:21:10+00:00,myersCody,Commit,2017-12,Friday,14
cas,2017-12-08 14:17:30+00:00,myersCody,Commit,2017-12,Friday,14
cas,2017-12-08 14:09:56+00:00,myersCody,Commit,2017-12,Friday,14
cas,2017-12-07 20:50:43+00:00,johnsonwe,Commit,2017-12,Thursday,20
cas,2017-12-07 18:18:41+00:00,sanginovs,Commit,2017-12,Thursday,18
cas,2017-12-07 18:16:11+00:00,josezindia,Commit,2017-12,Thursday,18
cas,2017-12-07 18:12:49+00:00,josezindia,Commit,2017-12,Thursday,18
cas,2017-12-07 14:19:22+00:00,Jesson Soto Ventura,Commit,2017-12,Thursday,14
cas,2017-12-07 14:16:33+00:00,Jesson Soto Ventura,Commit,2017-12,Thursday,14
cas,2017-12-05 20:52:24+00:00,Jose Zindia,Commit,2017-12,Tuesday,20
cas,2017-12-05 20:44:58+00:00,Jose Zindia,Commit,2017-12,Tuesday,20
cas,2017-12-05 18:42:53+00:00,Jesson Soto Ventura,Commit,2017-12,Tuesday,18
cas,2017-12-05 18:39:47+00:00,sanginovs,Commit,2017-12,Tuesday,18
cas,2017-12-05 18:32:09+00:00,Jesson Soto Ventura,Commit,2017-12,Tuesday,18
cas,2017-12-05 15:05:25+00:00,Sher Sanginov,Commit,2017-12,Tuesday,15
cas,2017-12-04 23:11:02+00:00,Jesson Soto Ventura,Commit,2017-12,Monday,23
cas,2017-12-04 23:07:10+00:00,Jesson Soto Ventura,Commit,2017-12,Monday,23
cas,2017-12-04 21:49:46+00:00,Jesson Soto Ventura,Commit,2017-12,Monday,21
cas,2017-12-04 22:05:29+00:00,Jesson Soto Ventura,Commit,2017-12,Monday,22
cas,2017-12-01 18:32:44+00:00,Jesson Soto Ventura,Commit,2017-12,Friday,18
cas,2017-12-01 18:30:20+00:00,Jesson Soto Ventura,Commit,2017-12,Friday,18
cas,2017-12-01 14:34:19+00:00,nelsonke,Commit,2017-12,Friday,14
cas,2017-12-01 14:22:17+00:00,Jesson Soto Ventura,Commit,2017-12,Friday,14
cas,2017-11-30 23:41:48+00:00,nelsonkenny,Commit,2017-11,Thursday,23
cas,2017-11-30 21:27:21+00:00,Sher Sanginov,Commit,2017-11,Thursday,21
cas,2017-11-30 20:46:17+00:00,Sher Sanginov,Commit,2017-11,Thursday,20
cas,2017-11-30 20:44:15+00:00,Jesson Soto Ventura,Commit,2017-11,Thursday,20
cas,2017-11-30 20:26:01+00:00,Jesson Soto Ventura,Commit,2017-11,Thursday,20
cas,2017-11-30 20:11:59+00:00,Jesson Soto Ventura,Commit,2017-11,Thursday,20
cas,2017-11-30 19:55:56+00:00,Jesson Soto Ventura,Commit,2017-11,Thursday,19
cas,2017-11-29 16:01:15+00:00,myersCody,Commit,2017-11,Wednesday,16
cas,2017-11-28 15:01:27+00:00,memo330179,Commit,2017-11,Tuesday,15
cas,2017-11-28 14:31:37+00:00,memo330179,Commit,2017-11,Tuesday,14
cas,2017-11-27 13:51:42+00:00,nelsonke,Commit,2017-11,Monday,13
cas,2017-11-21 17:12:35+00:00,nelsonkenny,Commit,2017-11,Tuesday,17
cas,2017-11-21 14:18:41+00:00,nelsonkenny,Commit,2017-11,Tuesday,14
cas,2017-11-21 14:14:57+00:00,nelsonkenny,Commit,2017-11,Tuesday,14
cas,2017-11-08 13:46:18+00:00,myersCody,Commit,2017-11,Wednesday,13
cas,2017-11-17 14:37:33+00:00,Jesson Soto Ventura,Commit,2017-11,Friday,14
cas,2017-11-16 18:30:10+00:00,Jesson Soto Ventura,Commit,2017-11,Thursday,18
cas,2017-11-16 14:57:47+00:00,Jesson Soto Ventura,Commit,2017-11,Thursday,14
cas,2017-11-16 14:13:53+00:00,Jesson Soto Ventura,Commit,2017-11,Thursday,14
cas,2017-11-15 00:52:04+00:00,Jesson Soto Ventura,Commit,2017-11,Wednesday,0
cas,2017-11-14 14:47:28+00:00,Jesson Soto Ventura,Commit,2017-11,Tuesday,14
cas,2017-11-14 14:08:55+00:00,Jesson Soto Ventura,Commit,2017-11,Tuesday,14
cas,2017-11-14 14:06:23+00:00,Jesson Soto Ventura,Commit,2017-11,Tuesday,14
cas,2017-11-14 13:40:58+00:00,Jesson Soto Ventura,Commit,2017-11,Tuesday,13
cas,2017-11-13 13:16:51+00:00,sanginovs,Commit,2017-11,Monday,13
cas,2017-11-13 13:15:12+00:00,Aleksandra Cvetanovska,Commit,2017-11,Monday,13
cas,2017-11-10 22:14:15+00:00,Aleksandra Cvetanovska,Commit,2017-11,Friday,22
cas,2017-10-15 23:29:01+00:00,Aleksandra Cvetanovska,Commit,2017-10,Sunday,23
cas,2017-10-15 23:00:08+00:00,Aleksandra Cvetanovska,Commit,2017-10,Sunday,23
cas,2017-10-13 18:32:53+00:00,Aleksandra Cvetanovska,Commit,2017-10,Friday,18
cas,2017-10-12 13:22:37+00:00,Aleksandra Cvetanovska,Commit,2017-10,Thursday,13
cas,2017-11-09 14:08:40+00:00,Aleksandra Cvetanovska,Commit,2017-11,Thursday,14
cas,2017-11-08 13:46:18+00:00,myersCody,Commit,2017-11,Wednesday,13
cas,2017-11-02 18:25:17+00:00,Sher Sanginov,Commit,2017-11,Thursday,18
cas,2017-11-02 18:00:35+00:00,Sher Sanginov,Commit,2017-11,Thursday,18
cas,2017-11-02 17:50:16+00:00,Jesson Soto Ventura,Commit,2017-11,Thursday,17
cas,2017-11-02 17:46:24+00:00,Jesson Soto Ventura,Commit,2017-11,Thursday,17
cas,2017-11-02 17:38:26+00:00,Sher Sanginov,Commit,2017-11,Thursday,17
cas,2017-11-02 17:22:00+00:00,Sher Sanginov,Commit,2017-11,Thursday,17
cas,2017-11-02 14:02:38+00:00,memo330179,Commit,2017-11,Thursday,14
cas,2017-11-02 14:00:59+00:00,memo330179,Commit,2017-11,Thursday,14
cas,2017-11-02 13:30:40+00:00,Jesson Soto Ventura,Commit,2017-11,Thursday,13
cas,2017-10-26 18:25:23+00:00,Jesson Soto Ventura,Commit,2017-10,Thursday,18
cas,2017-11-02 13:38:45+00:00,Sher Sanginov,Commit,2017-11,Thursday,13
cas,2017-11-02 13:30:40+00:00,Jesson Soto Ventura,Commit,2017-11,Thursday,13
cas,2017-11-02 13:17:23+00:00,Sher Sanginov,Commit,2017-11,Thursday,13
cas,2017-11-02 13:11:42+00:00,Jesson Soto Ventura,Commit,2017-11,Thursday,13
cas,2017-11-02 12:55:43+00:00,Jesson Soto Ventura,Commit,2017-11,Thursday,12
cas,2017-11-02 12:39:21+00:00,Jesson Soto Ventura,Commit,2017-11,Thursday,12
cas,2017-11-02 12:18:24+00:00,Sher Sanginov,Commit,2017-11,Thursday,12
cas,2017-10-31 15:06:18+00:00,nelsonke,Commit,2017-10,Tuesday,15
cas,2017-10-31 15:05:51+00:00,memo330179,Commit,2017-10,Tuesday,15
cas,2017-10-31 15:04:29+00:00,memo330179,Commit,2017-10,Tuesday,15
cas,2017-10-31 15:02:09+00:00,memo330179,Commit,2017-10,Tuesday,15
cas,2017-10-31 15:00:47+00:00,nelsonkenny,Commit,2017-10,Tuesday,15
cas,2017-10-31 14:57:05+00:00,nelsonkenny,Commit,2017-10,Tuesday,14
cas,2017-10-31 14:55:52+00:00,memo330179,Commit,2017-10,Tuesday,14
cas,2017-10-31 14:46:14+00:00,nelsonkenny,Commit,2017-10,Tuesday,14
cas,2017-10-31 14:45:24+00:00,memo330179,Commit,2017-10,Tuesday,14
cas,2017-10-31 14:43:17+00:00,nelsonkenny,Commit,2017-10,Tuesday,14
cas,2017-10-31 14:30:40+00:00,nelsonkenny,Commit,2017-10,Tuesday,14
cas,2017-10-31 14:21:00+00:00,memo330179,Commit,2017-10,Tuesday,14
cas,2017-10-31 13:31:02+00:00,Sher Sanginov,Commit,2017-10,Tuesday,13
cas,2017-10-27 12:53:21+00:00,memo330179,Commit,2017-10,Friday,12
cas,2017-10-19 16:53:05+00:00,memo330179,Commit,2017-10,Thursday,16
cas,2017-10-26 18:25:23+00:00,Jesson Soto Ventura,Commit,2017-10,Thursday,18
cas,2017-10-15 23:29:01+00:00,Aleksandra Cvetanovska,Commit,2017-10,Sunday,23
cas,2017-10-15 23:00:08+00:00,Aleksandra Cvetanovska,Commit,2017-10,Sunday,23
cas,2017-10-13 18:32:53+00:00,Aleksandra Cvetanovska,Commit,2017-10,Friday,18
cas,2017-10-12 13:22:37+00:00,Aleksandra Cvetanovska,Commit,2017-10,Thursday,13
cas,2017-10-12 13:22:37+00:00,Aleksandra Cvetanovska,Commit,2017-10,Thursday,13
cas,2017-10-26 14:26:58+00:00,Cody Myers,Commit,2017-10,Thursday,14
cas,2017-10-26 14:25:46+00:00,Chauwaj,Commit,2017-10,Thursday,14
cas,2017-10-26 14:25:17+00:00,josezindia,Commit,2017-10,Thursday,14
cas,2017-10-26 14:23:52+00:00,Cody Myers,Commit,2017-10,Thursday,14
cas,2017-10-24 17:38:39+00:00,Sher Sanginov,Commit,2017-10,Tuesday,17
cas,2017-10-24 17:24:35+00:00,Chauwaj,Commit,2017-10,Tuesday,17
cas,2017-10-24 16:41:58+00:00,myersCody,Commit,2017-10,Tuesday,16
cas,2017-10-24 16:39:21+00:00,myersCody,Commit,2017-10,Tuesday,16
cas,2017-10-24 16:38:35+00:00,myersCody,Commit,2017-10,Tuesday,16
cas,2017-10-23 17:39:00+00:00,myersCody,Commit,2017-10,Monday,17
cas,2017-10-23 17:05:37+00:00,myersCody,Commit,2017-10,Monday,17
cas,2017-10-17 14:14:11+00:00,myersCody,Commit,2017-10,Tuesday,14
cas,2017-10-16 18:02:01+00:00,myersCody,Commit,2017-10,Monday,18
cas,2017-10-13 17:47:34+00:00,myersCody,Commit,2017-10,Friday,17
cas,2017-10-21 22:32:49+00:00,nelsonkenny,Commit,2017-10,Saturday,22
cas,2017-10-17 20:26:01+00:00,Chauwaj,Commit,2017-10,Tuesday,20
cas,2017-10-17 17:51:53+00:00,Chauwaj,Commit,2017-10,Tuesday,17
cas,2017-10-17 17:29:20+00:00,Sher Sanginov,Commit,2017-10,Tuesday,17
cas,2017-10-05 18:05:42+00:00,Jose Zindia,Commit,2017-10,Thursday,18
cas,2017-10-05 17:38:37+00:00,Jose Zindia,Commit,2017-10,Thursday,17
cas,2017-10-03 20:05:48+00:00,Jose Zindia,Commit,2017-10,Tuesday,20
cas,2017-09-28 04:36:21+00:00,Jose Zindia,Commit,2017-09,Thursday,4
cas,2017-10-17 16:18:31+00:00,Chauwaj,Commit,2017-10,Tuesday,16
cas,2017-10-17 05:29:12+00:00,nelsonkenny,Commit,2017-10,Tuesday,5
cas,2017-10-17 04:37:13+00:00,nelsonkenny,Commit,2017-10,Tuesday,4
cas,2017-09-26 16:07:57+00:00,nelsonkenny,Commit,2017-09,Tuesday,16
cas,2017-08-29 13:04:09+00:00,nelsonkenny,Commit,2017-08,Tuesday,13
cas,2017-08-18 17:30:19+00:00,nelsonkenny,Commit,2017-08,Friday,17
cas,2017-08-16 19:02:34+00:00,nelsonkenny,Commit,2017-08,Wednesday,19
cas,2017-10-15 20:22:02+00:00,Cody Myers,Commit,2017-10,Sunday,20
cas,2017-10-15 19:26:49+00:00,Cody Myers,Commit,2017-10,Sunday,19
cas,2017-10-15 19:10:18+00:00,tahmidefaz,Commit,2017-10,Sunday,19
cas,2017-10-15 18:54:33+00:00,johnsonwe,Commit,2017-10,Sunday,18
cas,2017-10-14 05:00:01+00:00,Sher Sanginov,Commit,2017-10,Saturday,5
cas,2017-10-14 03:25:58+00:00,Sher Sanginov,Commit,2017-10,Saturday,3
cas,2017-10-13 20:06:10+00:00,tahmidefaz,Commit,2017-10,Friday,20
cas,2017-10-13 18:14:17+00:00,johnsonwe,Commit,2017-10,Friday,18
cas,2017-10-13 14:18:44+00:00,Sher Sanginov,Commit,2017-10,Friday,14
cas,2017-10-06 13:08:55+00:00,Sher Sanginov,Commit,2017-10,Friday,13
cas,2017-10-04 19:33:55+00:00,myersCody,Commit,2017-10,Wednesday,19
cas,2017-10-04 18:54:47+00:00,Sher Sanginov,Commit,2017-10,Wednesday,18
cas,2017-10-13 13:48:24+00:00,myersCody,Commit,2017-10,Friday,13
cas,2017-10-13 13:47:09+00:00,myersCody,Commit,2017-10,Friday,13
cas,2017-10-13 12:19:31+00:00,memo330179,Commit,2017-10,Friday,12
cas,2017-10-11 18:44:58+00:00,memo330179,Commit,2017-10,Wednesday,18
cas,2017-10-11 18:29:24+00:00,memo330179,Commit,2017-10,Wednesday,18
cas,2017-10-11 17:59:00+00:00,memo330179,Commit,2017-10,Wednesday,17
cas,2017-10-04 00:32:41+00:00,memo330179,Commit,2017-10,Wednesday,0
cas,2017-09-26 15:14:13+00:00,memo330179,Commit,2017-09,Tuesday,15
cas,2017-10-11 13:28:11+00:00,Jesson Soto Ventura,Commit,2017-10,Wednesday,13
cas,2017-10-11 13:00:20+00:00,Jesson Soto Ventura,Commit,2017-10,Wednesday,13
cas,2017-10-11 12:30:26+00:00,Cody Myers,Commit,2017-10,Wednesday,12
cas,2017-10-11 12:29:50+00:00,Jesson Soto Ventura,Commit,2017-10,Wednesday,12
cas,2017-10-10 17:06:16+00:00,myersCody,Commit,2017-10,Tuesday,17
cas,2017-10-10 16:08:13+00:00,myersCody,Commit,2017-10,Tuesday,16
cas,2017-10-10 16:00:53+00:00,myersCody,Commit,2017-10,Tuesday,16
cas,2017-10-10 15:08:46+00:00,Jesson Soto Ventura,Commit,2017-10,Tuesday,15
cas,2017-10-10 15:08:36+00:00,myersCody,Commit,2017-10,Tuesday,15
cas,2017-10-10 15:05:16+00:00,myersCody,Commit,2017-10,Tuesday,15
cas,2017-10-10 14:30:58+00:00,Jesson Soto Ventura,Commit,2017-10,Tuesday,14
cas,2017-10-10 14:12:59+00:00,Jesson Soto Ventura,Commit,2017-10,Tuesday,14
cas,2017-10-10 14:06:09+00:00,Jesson Soto Ventura,Commit,2017-10,Tuesday,14
cas,2017-10-10 14:03:36+00:00,Jesson Soto Ventura,Commit,2017-10,Tuesday,14
cas,2017-10-10 14:02:29+00:00,Jesson Soto Ventura,Commit,2017-10,Tuesday,14
cas,2017-10-10 14:00:41+00:00,Jesson Soto Ventura,Commit,2017-10,Tuesday,14
cas,2017-10-10 14:00:17+00:00,johnsonwe,Commit,2017-10,Tuesday,14
cas,2017-10-10 13:59:24+00:00,johnsonwe,Commit,2017-10,Tuesday,13
cas,2017-10-10 13:59:07+00:00,Jesson Soto Ventura,Commit,2017-10,Tuesday,13
cas,2017-10-09 15:31:19+00:00,myersCody,Commit,2017-10,Monday,15
cas,2017-10-09 15:30:35+00:00,myersCody,Commit,2017-10,Monday,15
cas,2017-10-09 14:55:13+00:00,myersCody,Commit,2017-10,Monday,14
cas,2017-10-09 14:48:22+00:00,myersCody,Commit,2017-10,Monday,14
cas,2017-10-09 14:46:41+00:00,myersCody,Commit,2017-10,Monday,14
cas,2017-10-07 02:09:53+00:00,johnsonwe,Commit,2017-10,Saturday,2
cas,2017-10-07 01:54:23+00:00,Sher Sanginov,Commit,2017-10,Saturday,1
cas,2017-10-07 01:41:39+00:00,Sher Sanginov,Commit,2017-10,Saturday,1
cas,2017-10-06 18:15:35+00:00,johnsonwe,Commit,2017-10,Friday,18
cas,2017-10-06 17:57:13+00:00,johnsonwe,Commit,2017-10,Friday,17
cas,2017-10-06 17:56:59+00:00,johnsonwe,Commit,2017-10,Friday,17
cas,2017-10-06 15:09:26+00:00,myersCody,Commit,2017-10,Friday,15
cas,2017-10-06 14:51:03+00:00,myersCody,Commit,2017-10,Friday,14
cas,2017-10-06 14:44:16+00:00,Jesson Soto Ventura,Commit,2017-10,Friday,14
cas,2017-10-06 14:43:26+00:00,myersCody,Commit,2017-10,Friday,14
cas,2017-10-06 14:37:36+00:00,myersCody,Commit,2017-10,Friday,14
cas,2017-10-06 14:09:47+00:00,myersCody,Commit,2017-10,Friday,14
cas,2017-10-06 14:09:18+00:00,myersCody,Commit,2017-10,Friday,14
cas,2017-10-06 13:58:09+00:00,myersCody,Commit,2017-10,Friday,13
cas,2017-10-06 13:23:59+00:00,Jesson Soto Ventura,Commit,2017-10,Friday,13
cas,2017-10-06 13:21:20+00:00,memo330179,Commit,2017-10,Friday,13
cas,2017-10-06 13:19:43+00:00,Cody Myers,Commit,2017-10,Friday,13
cas,2017-10-06 13:18:28+00:00,Sher Sanginov,Commit,2017-10,Friday,13
cas,2017-10-06 13:07:17+00:00,Cody Myers,Commit,2017-10,Friday,13
cas,2017-10-06 13:04:08+00:00,Cody Myers,Commit,2017-10,Friday,13
cas,2017-10-06 12:57:56+00:00,Chauwaj,Commit,2017-10,Friday,12
cas,2017-10-05 18:31:03+00:00,Jesson Soto Ventura,Commit,2017-10,Thursday,18
cas,2017-10-05 18:16:21+00:00,myersCody,Commit,2017-10,Thursday,18
cas,2017-10-05 18:05:42+00:00,Jose Zindia,Commit,2017-10,Thursday,18
cas,2017-10-05 17:44:54+00:00,myersCody,Commit,2017-10,Thursday,17
cas,2017-10-05 17:38:37+00:00,Jose Zindia,Commit,2017-10,Thursday,17
cas,2017-10-05 17:37:45+00:00,myersCody,Commit,2017-10,Thursday,17
cas,2017-10-05 15:26:37+00:00,myersCody,Commit,2017-10,Thursday,15
cas,2017-10-05 13:34:13+00:00,Jesson Soto Ventura,Commit,2017-10,Thursday,13
cas,2017-10-05 12:55:46+00:00,Jesson Soto Ventura,Commit,2017-10,Thursday,12
cas,2017-10-04 21:20:14+00:00,Jesson Soto Ventura,Commit,2017-10,Wednesday,21
cas,2017-10-04 20:55:13+00:00,johnsonwe,Commit,2017-10,Wednesday,20
cas,2017-10-04 20:45:33+00:00,johnsonwe,Commit,2017-10,Wednesday,20
cas,2017-10-04 20:44:55+00:00,johnsonwe,Commit,2017-10,Wednesday,20
cas,2017-10-04 13:52:03+00:00,myersCody,Commit,2017-10,Wednesday,13
cas,2017-10-04 00:38:30+00:00,memo330179,Commit,2017-10,Wednesday,0
cas,2017-10-03 22:19:25+00:00,Cody Myers,Commit,2017-10,Tuesday,22
cas,2017-10-03 20:05:48+00:00,Jose Zindia,Commit,2017-10,Tuesday,20
cas,2017-10-03 18:52:46+00:00,Cody Myers,Commit,2017-10,Tuesday,18
cas,2017-10-03 18:49:17+00:00,Cody Myers,Commit,2017-10,Tuesday,18
cas,2017-10-03 17:49:16+00:00,Jesson Soto Ventura,Commit,2017-10,Tuesday,17
cas,2017-10-03 16:49:56+00:00,Chauwaj,Commit,2017-10,Tuesday,16
cas,2017-10-03 13:49:42+00:00,Cody Myers,Commit,2017-10,Tuesday,13
cas,2017-10-03 13:42:35+00:00,Jesson Soto Ventura,Commit,2017-10,Tuesday,13
cas,2017-10-03 13:35:35+00:00,Jesson Soto Ventura,Commit,2017-10,Tuesday,13
cas,2017-10-03 13:13:25+00:00,myersCody,Commit,2017-10,Tuesday,13
cas,2017-09-28 21:36:28+00:00,myersCody,Commit,2017-09,Thursday,21
cas,2017-09-28 04:36:21+00:00,Jose Zindia,Commit,2017-09,Thursday,4
cas,2017-09-27 21:58:05+00:00,myersCody,Commit,2017-09,Wednesday,21
cas,2017-09-27 21:54:01+00:00,myersCody,Commit,2017-09,Wednesday,21
cas,2017-09-27 21:53:36+00:00,myersCody,Commit,2017-09,Wednesday,21
cas,2017-09-27 21:46:29+00:00,Cody Myers,Commit,2017-09,Wednesday,21
cas,2017-09-27 21:45:32+00:00,myersCody,Commit,2017-09,Wednesday,21
cas,2017-09-27 20:33:28+00:00,johnsonwe,Commit,2017-09,Wednesday,20
cas,2017-09-27 19:37:55+00:00,myersCody,Commit,2017-09,Wednesday,19
cas,2017-09-27 19:19:54+00:00,myersCody,Commit,2017-09,Wednesday,19
cas,2017-09-27 19:09:36+00:00,myersCody,Commit,2017-09,Wednesday,19
cas,2017-09-27 15:19:48+00:00,myersCody,Commit,2017-09,Wednesday,15
cas,2017-09-27 14:51:29+00:00,myersCody,Commit,2017-09,Wednesday,14
cas,2017-09-27 14:24:25+00:00,myersCody,Commit,2017-09,Wednesday,14
cas,2017-09-26 18:42:33+00:00,Jesson Soto Ventura,Commit,2017-09,Tuesday,18
cas,2017-09-26 18:35:03+00:00,Jesson Soto,Commit,2017-09,Tuesday,18
cas,2017-09-26 13:16:49+00:00,Jesson Soto,Commit,2017-09,Tuesday,13
cas,2017-09-18 12:05:41+00:00,memo330179,Commit,2017-09,Monday,12
cas,2017-09-14 15:39:14+00:00,memo330179,Commit,2017-09,Thursday,15
cas,2017-09-14 13:09:17+00:00,Jesson Soto Ventura,Commit,2017-09,Thursday,13
cas,2017-09-13 18:18:59+00:00,Aleksandra Cvetanovska,Commit,2017-09,Wednesday,18
cas,2017-09-11 22:06:44+00:00,Jesson Soto,Commit,2017-09,Monday,22
cas,2017-09-12 14:58:44+00:00,memo330179,Commit,2017-09,Tuesday,14
cas,2017-09-12 13:03:29+00:00,Cody Myers,Commit,2017-09,Tuesday,13
cas,2017-09-12 13:03:08+00:00,Cody Myers,Commit,2017-09,Tuesday,13
cas,2017-09-11 21:27:01+00:00,Aleksandra Cvetanovska,Commit,2017-09,Monday,21
cas,2017-09-11 16:31:16+00:00,myersCody,Commit,2017-09,Monday,16
cas,2017-09-11 16:22:09+00:00,myersCody,Commit,2017-09,Monday,16
cas,2017-09-09 02:25:26+00:00,Sher Sanginov,Commit,2017-09,Saturday,2
cas,2017-09-09 02:22:50+00:00,Sher Sanginov,Commit,2017-09,Saturday,2
cas,2017-08-29 13:28:07+00:00,Aleksandra Cvetanovska,Commit,2017-08,Tuesday,13
cas,2017-08-29 13:16:47+00:00,Aleksandra Cvetanovska,Commit,2017-08,Tuesday,13
cas,2017-07-12 17:58:20+00:00,nelsonke,Commit,2017-07,Wednesday,17
cas,2017-07-12 15:32:47+00:00,nelsonkenny,Commit,2017-07,Wednesday,15
cas,2017-07-12 14:13:41+00:00,myersCody,Commit,2017-07,Wednesday,14
cas,2017-07-12 13:52:27+00:00,myersCody,Commit,2017-07,Wednesday,13
cas,2017-07-10 12:51:34+00:00,nelsonke,Commit,2017-07,Monday,12
cas,2017-06-22 18:58:23+00:00,nelsonkenny,Commit,2017-06,Thursday,18
cas,2016-11-29 21:33:45+00:00,myersCody,Commit,2016-11,Tuesday,21
cas,2016-11-11 21:18:34+00:00,myersCody,Commit,2016-11,Friday,21
cas,2016-11-01 16:17:11+00:00,myersCody,Commit,2016-11,Tuesday,16
cas,2016-10-28 17:38:44+00:00,myersCody,Commit,2016-10,Friday,17
cas,2016-10-28 16:45:11+00:00,myersCody,Commit,2016-10,Friday,16
cas,2016-10-28 16:43:08+00:00,myersCody,Commit,2016-10,Friday,16
cas,2016-10-26 18:09:11+00:00,myersCody,Commit,2016-10,Wednesday,18
cas,2016-10-26 17:44:37+00:00,myersCody,Commit,2016-10,Wednesday,17
cas,2016-10-26 17:31:42+00:00,myersCody,Commit,2016-10,Wednesday,17
cas,2016-10-25 19:33:49+00:00,myersCody,Commit,2016-10,Tuesday,19
cas,2016-10-25 19:15:30+00:00,Cody Myers,Commit,2016-10,Tuesday,19
cas,2016-10-25 18:58:12+00:00,myersCody,Commit,2016-10,Tuesday,18
cas,2016-10-20 19:52:05+00:00,myersCody,Commit,2016-10,Thursday,19
cas,2016-10-20 19:49:16+00:00,myersCody,Commit,2016-10,Thursday,19
cas,2016-10-06 19:18:41+00:00,Cody Myers,Commit,2016-10,Thursday,19
cas,2016-10-05 18:25:45+00:00,myersCody,Commit,2016-10,Wednesday,18
cas,2016-09-21 18:19:59+00:00,myersCody,Commit,2016-09,Wednesday,18
cas,2016-09-21 18:06:42+00:00,myersCody,Commit,2016-09,Wednesday,18
cas,2016-09-20 19:17:26+00:00,myersCody,Commit,2016-09,Tuesday,19
cas,2016-09-20 19:03:38+00:00,myersCody,Commit,2016-09,Tuesday,19
cas,2016-09-16 19:37:06+00:00,myersCody,Commit,2016-09,Friday,19
cas,2016-09-16 19:36:26+00:00,myersCody,Commit,2016-09,Friday,19
cas,2016-09-16 03:17:01+00:00,sheggen,Commit,2016-09,Friday,3
cas,2016-09-14 17:27:52+00:00,myersCody,Commit,2016-09,Wednesday,17
cas,2016-09-13 18:16:11+00:00,memo330179,Commit,2016-09,Tuesday,18
cas,2016-09-13 17:04:13+00:00,Guillermo Ramos Macias,Commit,2016-09,Tuesday,17
cas,2016-09-12 18:04:50+00:00,myersCody,Commit,2016-09,Monday,18
cas,2016-09-09 18:04:36+00:00,Guillermo Ramos-Macias,Commit,2016-09,Friday,18
cas,2016-08-15 20:04:01+00:00,Cody Myers,Commit,2016-08,Monday,20
cas,2016-08-10 21:20:18+00:00,memo330179,Commit,2016-08,Wednesday,21
cas,2016-08-09 18:01:49+00:00,Cody Myers,Commit,2016-08,Tuesday,18
cas,2016-08-09 16:30:31+00:00,myersCody,Commit,2016-08,Tuesday,16
cas,2016-08-09 16:24:42+00:00,Cody Myers,Commit,2016-08,Tuesday,16
cas,2016-08-09 16:16:27+00:00,myersCody,Commit,2016-08,Tuesday,16
cas,2016-08-09 16:05:01+00:00,Cody Myers,Commit,2016-08,Tuesday,16
cas,2016-08-09 15:45:05+00:00,Cody Myers,Commit,2016-08,Tuesday,15
cas,2016-08-09 15:36:05+00:00,myersCody,Commit,2016-08,Tuesday,15
cas,2016-08-08 18:41:40+00:00,Cody Myers,Commit,2016-08,Monday,18
cas,2016-08-08 17:17:26+00:00,myersCody,Commit,2016-08,Monday,17
cas,2016-08-08 16:45:47+00:00,myersCody,Commit,2016-08,Monday,16
cas,2016-08-08 15:30:04+00:00,myersCody,Commit,2016-08,Monday,15
cas,2016-08-08 14:39:52+00:00,myersCody,Commit,2016-08,Monday,14
cas,2016-08-05 19:00:22+00:00,agarwali,Commit,2016-08,Friday,19
cas,2016-08-05 18:51:26+00:00,agarwali,Commit,2016-08,Friday,18
cas,2016-08-05 18:24:41+00:00,myersCody,Commit,2016-08,Friday,18
cas,2016-08-05 18:18:19+00:00,myersCody,Commit,2016-08,Friday,18
cas,2016-08-05 18:04:01+00:00,myersCody,Commit,2016-08,Friday,18
cas,2016-08-05 18:00:22+00:00,myersCody,Commit,2016-08,Friday,18
cas,2016-08-05 17:50:01+00:00,Cody Myers,Commit,2016-08,Friday,17
cas,2016-08-05 15:41:06+00:00,myersCody,Commit,2016-08,Friday,15
cas,2016-08-05 13:50:56+00:00,myersCody,Commit,2016-08,Friday,13
cas,2016-08-05 13:28:38+00:00,myersCody,Commit,2016-08,Friday,13
cas,2016-08-05 13:10:18+00:00,myersCody,Commit,2016-08,Friday,13
cas,2016-08-01 18:29:02+00:00,myersCody,Commit,2016-08,Monday,18
cas,2016-08-01 17:54:55+00:00,myersCody,Commit,2016-08,Monday,17
cas,2016-08-01 17:53:49+00:00,myersCody,Commit,2016-08,Monday,17
cas,2016-07-31 17:52:41+00:00,memo330179,Commit,2016-07,Sunday,17
cas,2016-07-31 17:33:50+00:00,memo330179,Commit,2016-07,Sunday,17
cas,2016-07-31 16:56:40+00:00,memo330179,Commit,2016-07,Sunday,16
cas,2016-07-31 16:56:21+00:00,memo330179,Commit,2016-07,Sunday,16
cas,2016-07-31 16:06:14+00:00,memo330179,Commit,2016-07,Sunday,16
cas,2016-07-31 15:44:27+00:00,memo330179,Commit,2016-07,Sunday,15
cas,2016-07-30 20:55:59+00:00,memo330179,Commit,2016-07,Saturday,20
cas,2016-07-30 18:07:10+00:00,memo330179,Commit,2016-07,Saturday,18
cas,2016-07-30 17:30:19+00:00,memo330179,Commit,2016-07,Saturday,17
cas,2016-07-30 17:16:00+00:00,memo330179,Commit,2016-07,Saturday,17
cas,2016-07-29 17:26:26+00:00,myersCody,Commit,2016-07,Friday,17
cas,2016-07-29 17:17:47+00:00,myersCody,Commit,2016-07,Friday,17
cas,2016-07-29 16:06:19+00:00,myersCody,Commit,2016-07,Friday,16
cas,2016-07-29 16:05:05+00:00,myersCody,Commit,2016-07,Friday,16
cas,2016-07-29 14:52:32+00:00,myersCody,Commit,2016-07,Friday,14
cas,2016-07-29 14:29:20+00:00,myersCody,Commit,2016-07,Friday,14
cas,2016-07-29 14:28:40+00:00,myersCody,Commit,2016-07,Friday,14
cas,2016-07-28 20:14:11+00:00,myersCody,Commit,2016-07,Thursday,20
cas,2016-07-28 20:13:02+00:00,myersCody,Commit,2016-07,Thursday,20
cas,2016-07-28 20:11:35+00:00,myersCody,Commit,2016-07,Thursday,20
cas,2016-07-28 20:10:20+00:00,myersCody,Commit,2016-07,Thursday,20
cas,2016-07-28 19:13:24+00:00,myersCody,Commit,2016-07,Thursday,19
cas,2016-07-28 19:10:05+00:00,myersCody,Commit,2016-07,Thursday,19
cas,2016-07-28 18:37:07+00:00,Cody Myers,Commit,2016-07,Thursday,18
cas,2016-07-28 18:36:07+00:00,Cody Myers,Commit,2016-07,Thursday,18
cas,2016-07-28 18:34:36+00:00,Cody Myers,Commit,2016-07,Thursday,18
cas,2016-07-28 15:07:08+00:00,myersCody,Commit,2016-07,Thursday,15
cas,2016-07-27 18:34:01+00:00,myersCody,Commit,2016-07,Wednesday,18
cas,2016-07-27 18:33:08+00:00,myersCody,Commit,2016-07,Wednesday,18
cas,2016-07-27 18:30:46+00:00,myersCody,Commit,2016-07,Wednesday,18
cas,2016-07-27 18:22:47+00:00,myersCody,Commit,2016-07,Wednesday,18
cas,2016-07-27 18:22:15+00:00,myersCody,Commit,2016-07,Wednesday,18
cas,2016-07-27 18:16:11+00:00,myersCody,Commit,2016-07,Wednesday,18
cas,2016-07-27 18:12:41+00:00,myersCody,Commit,2016-07,Wednesday,18
cas,2016-07-27 17:40:49+00:00,myersCody,Commit,2016-07,Wednesday,17
cas,2016-07-27 17:28:32+00:00,myersCody,Commit,2016-07,Wednesday,17
cas,2016-07-27 17:27:55+00:00,myersCody,Commit,2016-07,Wednesday,17
cas,2016-07-27 15:55:54+00:00,memo330179,Commit,2016-07,Wednesday,15
cas,2016-07-27 15:50:48+00:00,memo330179,Commit,2016-07,Wednesday,15
cas,2016-07-27 13:39:05+00:00,memo330179,Commit,2016-07,Wednesday,13
cas,2016-07-27 13:15:04+00:00,memo330179,Commit,2016-07,Wednesday,13
cas,2016-07-26 21:01:06+00:00,myersCody,Commit,2016-07,Tuesday,21
cas,2016-07-26 20:40:54+00:00,myersCody,Commit,2016-07,Tuesday,20
cas,2016-07-26 20:16:52+00:00,myersCody,Commit,2016-07,Tuesday,20
cas,2016-07-26 20:14:18+00:00,myersCody,Commit,2016-07,Tuesday,20
cas,2016-07-26 20:12:13+00:00,memo330179,Commit,2016-07,Tuesday,20
cas,2016-07-26 19:40:38+00:00,myersCody,Commit,2016-07,Tuesday,19
cas,2016-07-26 14:46:00+00:00,memo330179,Commit,2016-07,Tuesday,14
cas,2016-07-25 20:23:00+00:00,memo330179,Commit,2016-07,Monday,20
cas,2016-07-24 15:48:37+00:00,memo330179,Commit,2016-07,Sunday,15
cas,2016-07-22 13:27:46+00:00,memo330179,Commit,2016-07,Friday,13
cas,2016-07-22 13:23:51+00:00,memo330179,Commit,2016-07,Friday,13
cas,2016-07-22 12:33:28+00:00,memo330179,Commit,2016-07,Friday,12
cas,2016-07-20 18:57:11+00:00,memo330179,Commit,2016-07,Wednesday,18
cas,2016-07-20 18:48:41+00:00,memo330179,Commit,2016-07,Wednesday,18
cas,2016-07-19 17:08:18+00:00,memo330179,Commit,2016-07,Tuesday,17
cas,2016-07-18 19:06:05+00:00,memo330179,Commit,2016-07,Monday,19
cas,2016-07-18 19:01:48+00:00,memo330179,Commit,2016-07,Monday,19
cas,2016-07-18 18:53:52+00:00,memo330179,Commit,2016-07,Monday,18
cas,2016-07-18 18:31:11+00:00,myersCody,Commit,2016-07,Monday,18
cas,2016-07-18 18:07:42+00:00,memo330179,Commit,2016-07,Monday,18
cas,2016-07-18 17:50:58+00:00,myersCody,Commit,2016-07,Monday,17
cas,2016-07-18 17:39:59+00:00,myersCody,Commit,2016-07,Monday,17
cas,2016-07-18 17:30:05+00:00,memo330179,Commit,2016-07,Monday,17
cas,2016-07-18 17:15:37+00:00,memo330179,Commit,2016-07,Monday,17
cas,2016-07-18 17:04:21+00:00,myersCody,Commit,2016-07,Monday,17
cas,2016-07-18 16:45:36+00:00,myersCody,Commit,2016-07,Monday,16
cas,2016-07-18 16:14:52+00:00,myersCody,Commit,2016-07,Monday,16
cas,2016-07-18 16:08:22+00:00,myersCody,Commit,2016-07,Monday,16
cas,2016-07-18 15:46:00+00:00,myersCody,Commit,2016-07,Monday,15
cas,2016-07-18 15:45:06+00:00,myersCody,Commit,2016-07,Monday,15
cas,2016-07-18 15:44:35+00:00,myersCody,Commit,2016-07,Monday,15
cas,2016-07-18 15:31:05+00:00,myersCody,Commit,2016-07,Monday,15
cas,2016-07-18 15:30:19+00:00,myersCody,Commit,2016-07,Monday,15
cas,2016-07-18 15:30:21+00:00,memo330179,Commit,2016-07,Monday,15
cas,2016-07-18 15:25:08+00:00,myersCody,Commit,2016-07,Monday,15
cas,2016-07-18 15:11:47+00:00,myersCody,Commit,2016-07,Monday,15
cas,2016-07-18 14:57:57+00:00,memo330179,Commit,2016-07,Monday,14
cas,2016-07-18 14:57:24+00:00,memo330179,Commit,2016-07,Monday,14
cas,2016-07-18 14:56:36+00:00,memo330179,Commit,2016-07,Monday,14
cas,2016-07-18 14:11:37+00:00,myersCody,Commit,2016-07,Monday,14
cas,2016-07-18 13:39:22+00:00,myersCody,Commit,2016-07,Monday,13
cas,2016-07-18 13:11:52+00:00,myersCody,Commit,2016-07,Monday,13
cas,2016-07-18 13:10:40+00:00,myersCody,Commit,2016-07,Monday,13
cas,2016-07-18 12:48:23+00:00,myersCody,Commit,2016-07,Monday,12
cas,2016-07-18 12:20:10+00:00,myersCody,Commit,2016-07,Monday,12
cas,2016-07-18 12:03:36+00:00,myersCody,Commit,2016-07,Monday,12
cas,2016-07-18 12:00:46+00:00,myersCody,Commit,2016-07,Monday,12
cas,2016-07-18 11:57:18+00:00,myersCody,Commit,2016-07,Monday,11
cas,2016-07-15 20:46:02+00:00,memo330179,Commit,2016-07,Friday,20
cas,2016-07-15 15:13:47+00:00,memo330179,Commit,2016-07,Friday,15
cas,2016-07-15 15:11:09+00:00,memo330179,Commit,2016-07,Friday,15
cas,2016-07-15 14:51:15+00:00,memo330179,Commit,2016-07,Friday,14
cas,2016-07-14 20:53:40+00:00,myersCody,Commit,2016-07,Thursday,20
cas,2016-07-14 20:49:52+00:00,myersCody,Commit,2016-07,Thursday,20
cas,2016-07-14 20:48:42+00:00,myersCody,Commit,2016-07,Thursday,20
cas,2016-07-14 20:47:04+00:00,myersCody,Commit,2016-07,Thursday,20
cas,2016-07-14 20:45:46+00:00,myersCody,Commit,2016-07,Thursday,20
cas,2016-07-14 20:43:43+00:00,myersCody,Commit,2016-07,Thursday,20
cas,2016-07-14 20:38:30+00:00,myersCody,Commit,2016-07,Thursday,20
cas,2016-07-14 20:37:17+00:00,myersCody,Commit,2016-07,Thursday,20
cas,2016-07-14 20:35:39+00:00,myersCody,Commit,2016-07,Thursday,20
cas,2016-07-14 20:34:26+00:00,myersCody,Commit,2016-07,Thursday,20
cas,2016-07-14 20:32:24+00:00,myersCody,Commit,2016-07,Thursday,20
cas,2016-07-14 20:31:11+00:00,myersCody,Commit,2016-07,Thursday,20
cas,2016-07-14 20:28:23+00:00,myersCody,Commit,2016-07,Thursday,20
cas,2016-07-14 20:25:56+00:00,myersCody,Commit,2016-07,Thursday,20
cas,2016-07-14 18:45:51+00:00,memo330179,Commit,2016-07,Thursday,18
cas,2016-07-14 18:33:15+00:00,memo330179,Commit,2016-07,Thursday,18
cas,2016-07-14 18:27:38+00:00,memo330179,Commit,2016-07,Thursday,18
cas,2016-07-14 18:20:18+00:00,memo330179,Commit,2016-07,Thursday,18
cas,2016-07-14 18:18:06+00:00,memo330179,Commit,2016-07,Thursday,18
cas,2016-07-14 16:33:51+00:00,myersCody,Commit,2016-07,Thursday,16
cas,2016-07-14 16:29:13+00:00,myersCody,Commit,2016-07,Thursday,16
cas,2016-07-14 16:25:59+00:00,myersCody,Commit,2016-07,Thursday,16
cas,2016-07-14 16:23:33+00:00,myersCody,Commit,2016-07,Thursday,16
cas,2016-07-14 16:21:11+00:00,myersCody,Commit,2016-07,Thursday,16
cas,2016-07-14 14:50:55+00:00,memo330179,Commit,2016-07,Thursday,14
cas,2016-07-14 14:06:18+00:00,memo330179,Commit,2016-07,Thursday,14
cas,2016-07-14 14:01:27+00:00,memo330179,Commit,2016-07,Thursday,14
cas,2016-07-14 13:59:48+00:00,memo330179,Commit,2016-07,Thursday,13
cas,2016-07-14 13:56:02+00:00,myersCody,Commit,2016-07,Thursday,13
cas,2016-07-14 13:53:03+00:00,memo330179,Commit,2016-07,Thursday,13
cas,2016-07-14 13:48:34+00:00,myersCody,Commit,2016-07,Thursday,13
cas,2016-07-14 13:40:24+00:00,memo330179,Commit,2016-07,Thursday,13
cas,2016-07-13 21:11:56+00:00,myersCody,Commit,2016-07,Wednesday,21
cas,2016-07-13 21:09:31+00:00,myersCody,Commit,2016-07,Wednesday,21
cas,2016-07-13 20:55:26+00:00,memo330179,Commit,2016-07,Wednesday,20
cas,2016-07-13 20:28:07+00:00,memo330179,Commit,2016-07,Wednesday,20
cas,2016-07-13 20:26:02+00:00,memo330179,Commit,2016-07,Wednesday,20
cas,2016-07-13 19:55:33+00:00,memo330179,Commit,2016-07,Wednesday,19
cas,2016-07-13 19:53:39+00:00,myersCody,Commit,2016-07,Wednesday,19
cas,2016-07-13 19:50:28+00:00,memo330179,Commit,2016-07,Wednesday,19
cas,2016-07-13 19:43:03+00:00,memo330179,Commit,2016-07,Wednesday,19
cas,2016-07-13 17:18:49+00:00,myersCody,Commit,2016-07,Wednesday,17
cas,2016-07-13 16:00:09+00:00,memo330179,Commit,2016-07,Wednesday,16
cas,2016-07-13 15:41:30+00:00,memo330179,Commit,2016-07,Wednesday,15
cas,2016-07-13 14:29:06+00:00,myersCody,Commit,2016-07,Wednesday,14
cas,2016-07-13 14:01:00+00:00,memo330179,Commit,2016-07,Wednesday,14
cas,2016-07-13 13:57:10+00:00,myersCody,Commit,2016-07,Wednesday,13
cas,2016-07-13 13:55:43+00:00,myersCody,Commit,2016-07,Wednesday,13
cas,2016-07-13 01:43:03+00:00,myersCody,Commit,2016-07,Wednesday,1
cas,2016-07-12 20:32:30+00:00,memo330179,Commit,2016-07,Tuesday,20
cas,2016-07-12 20:15:58+00:00,myersCody,Commit,2016-07,Tuesday,20
cas,2016-07-12 16:04:25+00:00,myersCody,Commit,2016-07,Tuesday,16
cas,2016-07-11 21:39:06+00:00,myersCody,Commit,2016-07,Monday,21
cas,2016-07-11 19:40:36+00:00,memo330179,Commit,2016-07,Monday,19
cas,2016-07-11 19:24:22+00:00,memo330179,Commit,2016-07,Monday,19
cas,2016-07-11 18:53:24+00:00,myersCody,Commit,2016-07,Monday,18
cas,2016-07-11 18:32:13+00:00,myersCody,Commit,2016-07,Monday,18
cas,2016-07-11 17:16:21+00:00,myersCody,Commit,2016-07,Monday,17
cas,2016-07-11 16:38:28+00:00,myersCody,Commit,2016-07,Monday,16
cas,2016-07-11 17:09:59+00:00,memo330179,Commit,2016-07,Monday,17
cas,2016-07-11 15:45:25+00:00,memo330179,Commit,2016-07,Monday,15
cas,2016-07-11 15:23:16+00:00,myersCody,Commit,2016-07,Monday,15
cas,2016-07-11 15:14:34+00:00,memo330179,Commit,2016-07,Monday,15
cas,2016-07-11 15:07:23+00:00,memo330179,Commit,2016-07,Monday,15
cas,2016-07-11 13:34:50+00:00,myersCody,Commit,2016-07,Monday,13
cas,2016-07-11 13:14:50+00:00,myersCody,Commit,2016-07,Monday,13
cas,2016-07-11 13:13:40+00:00,myersCody,Commit,2016-07,Monday,13
cas,2016-07-01 19:56:12+00:00,myersCody,Commit,2016-07,Friday,19
cas,2016-07-01 18:59:01+00:00,myersCody,Commit,2016-07,Friday,18
cas,2016-07-01 18:38:09+00:00,myersCody,Commit,2016-07,Friday,18
cas,2016-06-30 15:57:27+00:00,myersCody,Commit,2016-06,Thursday,15
cas,2016-06-29 17:31:30+00:00,myersCody,Commit,2016-06,Wednesday,17
cas,2016-06-29 17:16:26+00:00,myersCody,Commit,2016-06,Wednesday,17
cas,2016-06-29 17:02:08+00:00,myersCody,Commit,2016-06,Wednesday,17
cas,2016-06-29 16:00:51+00:00,myersCody,Commit,2016-06,Wednesday,16
cas,2016-06-28 20:26:01+00:00,myersCody,Commit,2016-06,Tuesday,20
cas,2016-06-28 16:16:46+00:00,myersCody,Commit,2016-06,Tuesday,16
cas,2016-06-28 15:50:17+00:00,myersCody,Commit,2016-06,Tuesday,15
cas,2016-06-27 20:41:55+00:00,myersCody,Commit,2016-06,Monday,20
cas,2016-06-24 13:36:49+00:00,myersCody,Commit,2016-06,Friday,13
cas,2016-06-23 17:22:07+00:00,myersCody,Commit,2016-06,Thursday,17
cas,2016-06-23 14:26:10+00:00,myersCody,Commit,2016-06,Thursday,14
cas,2016-06-22 19:52:24+00:00,myersCody,Commit,2016-06,Wednesday,19
cas,2016-06-22 15:57:35+00:00,myersCody,Commit,2016-06,Wednesday,15
cas,2016-06-21 19:56:22+00:00,myersCody,Commit,2016-06,Tuesday,19
cas,2016-06-21 19:15:08+00:00,myersCody,Commit,2016-06,Tuesday,19
cas,2016-06-21 19:13:16+00:00,myersCody,Commit,2016-06,Tuesday,19
cas,2016-06-21 16:10:29+00:00,myersCody,Commit,2016-06,Tuesday,16
cas,2016-06-21 15:53:30+00:00,myersCody,Commit,2016-06,Tuesday,15
cas,2016-06-21 15:41:31+00:00,myersCody,Commit,2016-06,Tuesday,15
cas,2016-06-21 15:11:49+00:00,myersCody,Commit,2016-06,Tuesday,15
cas,2016-06-21 15:04:55+00:00,myersCody,Commit,2016-06,Tuesday,15
cas,2016-06-20 14:22:21+00:00,Jesson Soto,Commit,2016-06,Monday,14
cas,2016-06-17 18:23:26+00:00,myersCody,Commit,2016-06,Friday,18
cas,2016-06-17 18:05:50+00:00,myersCody,Commit,2016-06,Friday,18
cas,2016-06-17 17:45:50+00:00,myersCody,Commit,2016-06,Friday,17
cas,2016-06-17 14:17:32+00:00,myersCody,Commit,2016-06,Friday,14
cas,2016-06-16 16:15:24+00:00,myersCody,Commit,2016-06,Thursday,16
cas,2016-06-16 13:36:05+00:00,myersCody,Commit,2016-06,Thursday,13
cas,2016-06-16 13:31:38+00:00,myersCody,Commit,2016-06,Thursday,13
cas,2016-06-16 13:26:30+00:00,myersCody,Commit,2016-06,Thursday,13
cas,2016-06-16 12:54:45+00:00,myersCody,Commit,2016-06,Thursday,12
cas,2016-06-16 12:34:32+00:00,myersCody,Commit,2016-06,Thursday,12
cas,2016-06-16 12:32:59+00:00,myersCody,Commit,2016-06,Thursday,12
cas,2016-06-15 21:31:36+00:00,Nicholas DeTore,Commit,2016-06,Wednesday,21
cas,2016-06-15 21:08:30+00:00,myersCody,Commit,2016-06,Wednesday,21
cas,2016-06-15 20:33:35+00:00,myersCody,Commit,2016-06,Wednesday,20
cas,2016-06-15 19:44:44+00:00,myersCody,Commit,2016-06,Wednesday,19
cas,2016-06-15 19:31:39+00:00,myersCody,Commit,2016-06,Wednesday,19
cas,2016-06-15 19:19:15+00:00,myersCody,Commit,2016-06,Wednesday,19
cas,2016-06-15 18:47:13+00:00,myersCody,Commit,2016-06,Wednesday,18
cas,2016-06-15 16:54:36+00:00,myersCody,Commit,2016-06,Wednesday,16
cas,2016-06-15 16:54:15+00:00,myersCody,Commit,2016-06,Wednesday,16
cas,2016-06-15 16:03:46+00:00,Nicholas DeTore,Commit,2016-06,Wednesday,16
cas,2016-06-15 16:00:11+00:00,myersCody,Commit,2016-06,Wednesday,16
cas,2016-06-15 15:58:31+00:00,Nicholas DeTore,Commit,2016-06,Wednesday,15
cas,2016-06-15 15:23:50+00:00,myersCody,Commit,2016-06,Wednesday,15
cas,2016-06-14 19:29:11+00:00,Nicholas DeTore,Commit,2016-06,Tuesday,19
cas,2016-06-14 19:22:19+00:00,myersCody,Commit,2016-06,Tuesday,19
cas,2016-06-14 19:16:35+00:00,Nicholas DeTore,Commit,2016-06,Tuesday,19
cas,2016-06-14 19:04:53+00:00,myersCody,Commit,2016-06,Tuesday,19
cas,2016-06-14 18:56:57+00:00,Nicholas DeTore,Commit,2016-06,Tuesday,18
cas,2016-06-14 18:28:43+00:00,myersCody,Commit,2016-06,Tuesday,18
cas,2016-06-14 17:37:25+00:00,myersCody,Commit,2016-06,Tuesday,17
cas,2016-06-14 16:50:32+00:00,myersCody,Commit,2016-06,Tuesday,16
cas,2016-06-14 15:36:56+00:00,myersCody,Commit,2016-06,Tuesday,15
cas,2016-06-13 17:35:08+00:00,myersCody,Commit,2016-06,Monday,17
cas,2016-06-13 17:34:38+00:00,myersCody,Commit,2016-06,Monday,17
cas,2016-06-10 18:05:22+00:00,Jesson Soto,Commit,2016-06,Friday,18
cas,2016-06-10 17:47:06+00:00,Jesson Soto,Commit,2016-06,Friday,17
cas,2016-06-10 17:47:06+00:00,Jesson Soto,Commit,2016-06,Friday,17
cas,2016-06-10 17:07:47+00:00,Jesson Soto,Commit,2016-06,Friday,17
cas,2016-06-10 15:37:47+00:00,myersCody,Commit,2016-06,Friday,15
cas,2016-06-10 15:21:39+00:00,myersCody,Commit,2016-06,Friday,15
cas,2016-06-10 15:07:42+00:00,myersCody,Commit,2016-06,Friday,15
cas,2016-06-10 15:03:18+00:00,Jesson Soto,Commit,2016-06,Friday,15
cas,2016-06-10 14:06:06+00:00,Aleksandra Cvetanovska,Commit,2016-06,Friday,14
cas,2016-06-10 13:10:07+00:00,Aleksandra Cvetanovska,Commit,2016-06,Friday,13
cas,2016-06-10 12:24:12+00:00,Jesson Soto,Commit,2016-06,Friday,12
cas,2016-06-09 20:40:46+00:00,Jesson Soto,Commit,2016-06,Thursday,20
cas,2016-06-09 20:36:08+00:00,Aleksandra Cvetanovska,Commit,2016-06,Thursday,20
cas,2016-06-09 17:30:38+00:00,Jesson Soto,Commit,2016-06,Thursday,17
cas,2016-06-09 17:10:47+00:00,Aleksandra Cvetanovska,Commit,2016-06,Thursday,17
cas,2016-06-09 17:08:36+00:00,Aleksandra Cvetanovska,Commit,2016-06,Thursday,17
cas,2016-06-09 16:43:22+00:00,Jesson Soto,Commit,2016-06,Thursday,16
cas,2016-06-09 15:57:56+00:00,myersCody,Commit,2016-06,Thursday,15
cas,2016-06-09 13:35:12+00:00,myersCody,Commit,2016-06,Thursday,13
cas,2016-06-09 13:26:17+00:00,myersCody,Commit,2016-06,Thursday,13
cas,2016-06-09 13:19:53+00:00,myersCody,Commit,2016-06,Thursday,13
cas,2016-06-09 13:06:15+00:00,Jesson Soto,Commit,2016-06,Thursday,13
cas,2016-06-08 21:51:00+00:00,Jesson Soto,Commit,2016-06,Wednesday,21
cas,2016-06-08 20:42:22+00:00,Jesson Soto,Commit,2016-06,Wednesday,20
cas,2016-06-08 20:38:41+00:00,Jesson Soto,Commit,2016-06,Wednesday,20
cas,2016-06-08 20:33:03+00:00,Jesson Soto,Commit,2016-06,Wednesday,20
cas,2016-06-08 20:29:30+00:00,Jesson Soto,Commit,2016-06,Wednesday,20
cas,2016-06-08 20:21:32+00:00,Jesson Soto,Commit,2016-06,Wednesday,20
cas,2016-06-08 20:06:51+00:00,myersCody,Commit,2016-06,Wednesday,20
cas,2016-06-08 19:29:41+00:00,myersCody,Commit,2016-06,Wednesday,19
cas,2016-06-08 19:21:01+00:00,Jesson Soto,Commit,2016-06,Wednesday,19
cas,2016-06-08 19:14:00+00:00,myersCody,Commit,2016-06,Wednesday,19
cas,2016-06-08 18:31:29+00:00,myersCody,Commit,2016-06,Wednesday,18
cas,2016-06-08 15:40:46+00:00,myersCody,Commit,2016-06,Wednesday,15
cas,2016-06-08 15:39:31+00:00,myersCody,Commit,2016-06,Wednesday,15
cas,2016-06-08 15:36:56+00:00,myersCody,Commit,2016-06,Wednesday,15
cas,2016-06-08 14:48:38+00:00,Jesson Soto,Commit,2016-06,Wednesday,14
cas,2016-06-08 14:27:00+00:00,Jesson Soto,Commit,2016-06,Wednesday,14
cas,2016-06-07 20:44:40+00:00,myersCody,Commit,2016-06,Tuesday,20
cas,2016-06-07 20:29:31+00:00,myersCody,Commit,2016-06,Tuesday,20
cas,2016-06-07 19:08:01+00:00,myersCody,Commit,2016-06,Tuesday,19
cas,2016-06-07 15:41:44+00:00,myersCody,Commit,2016-06,Tuesday,15
cas,2016-06-07 15:25:39+00:00,myersCody,Commit,2016-06,Tuesday,15
cas,2016-06-07 15:20:04+00:00,myersCody,Commit,2016-06,Tuesday,15
cas,2016-06-06 20:26:44+00:00,myersCody,Commit,2016-06,Monday,20
cas,2016-06-06 20:19:03+00:00,myersCody,Commit,2016-06,Monday,20
cas,2016-06-06 20:01:29+00:00,myersCody,Commit,2016-06,Monday,20
cas,2016-06-06 18:41:39+00:00,myersCody,Commit,2016-06,Monday,18
cas,2016-05-05 03:10:54+00:00,agarwali,Commit,2016-05,Thursday,3
cas,2016-04-29 17:47:52+00:00,agarwali,Commit,2016-04,Friday,17
cas,2016-04-29 16:23:46+00:00,agarwali,Commit,2016-04,Friday,16
cas,2016-04-29 16:20:38+00:00,agarwali,Commit,2016-04,Friday,16
cas,2016-04-29 07:07:49+00:00,agarwali,Commit,2016-04,Friday,7
cas,2016-04-23 20:19:27+00:00,agarwali,Commit,2016-04,Saturday,20
cas,2016-04-18 22:33:02+00:00,agarwali,Commit,2016-04,Monday,22
cas,2016-04-16 21:21:18+00:00,agarwali,Commit,2016-04,Saturday,21
cas,2016-04-16 15:09:11+00:00,agarwali,Commit,2016-04,Saturday,15
cas,2016-04-09 18:31:52+00:00,agarwali,Commit,2016-04,Saturday,18
cas,2016-04-08 19:15:27+00:00,agarwali,Commit,2016-04,Friday,19
cas,2016-04-04 22:42:40+00:00,memo330179,Commit,2016-04,Monday,22
cas,2016-03-28 23:57:09+00:00,Guillermo Ramos,Commit,2016-03,Monday,23
cas,2016-03-14 20:45:16+00:00,sheggen,Commit,2016-03,Monday,20
cas,2016-03-04 13:01:28+00:00,memo330179,Commit,2016-03,Friday,13
cas,2016-03-04 01:39:17+00:00,agarwali,Commit,2016-03,Friday,1
cas,2016-03-04 01:27:20+00:00,agarwali,Commit,2016-03,Friday,1
cas,2016-03-04 01:04:30+00:00,agarwali,Commit,2016-03,Friday,1
cas,2016-03-03 01:53:48+00:00,memo330179,Commit,2016-03,Thursday,1
cas,2016-03-03 01:52:58+00:00,memo330179,Commit,2016-03,Thursday,1
cas,2016-03-03 01:52:55+00:00,agarwali,Commit,2016-03,Thursday,1
cas,2016-03-03 01:50:21+00:00,memo330179,Commit,2016-03,Thursday,1
cas,2016-03-03 01:30:26+00:00,memo330179,Commit,2016-03,Thursday,1
cas,2016-03-03 01:28:21+00:00,memo330179,Commit,2016-03,Thursday,1
cas,2016-03-03 01:28:01+00:00,memo330179,Commit,2016-03,Thursday,1
cas,2016-03-03 01:21:41+00:00,memo330179,Commit,2016-03,Thursday,1
cas,2016-03-03 01:21:15+00:00,memo330179,Commit,2016-03,Thursday,1
cas,2016-03-03 01:12:00+00:00,agarwali,Commit,2016-03,Thursday,1
cas,2016-03-03 01:11:35+00:00,memo330179,Commit,2016-03,Thursday,1
cas,2016-03-03 01:11:09+00:00,memo330179,Commit,2016-03,Thursday,1
cas,2016-03-03 00:59:32+00:00,memo330179,Commit,2016-03,Thursday,0
cas,2016-03-03 00:53:40+00:00,memo330179,Commit,2016-03,Thursday,0
cas,2016-03-03 00:52:10+00:00,memo330179,Commit,2016-03,Thursday,0
cas,2016-03-03 00:42:49+00:00,memo330179,Commit,2016-03,Thursday,0
cas,2016-03-03 00:20:46+00:00,memo330179,Commit,2016-03,Thursday,0
cas,2016-03-03 00:09:40+00:00,memo330179,Commit,2016-03,Thursday,0
cas,2016-03-03 00:07:41+00:00,memo330179,Commit,2016-03,Thursday,0
cas,2016-03-03 00:07:16+00:00,memo330179,Commit,2016-03,Thursday,0
cas,2016-03-02 22:05:27+00:00,memo330179,Commit,2016-03,Wednesday,22
cas,2016-03-02 22:03:40+00:00,memo330179,Commit,2016-03,Wednesday,22
cas,2016-03-02 22:02:12+00:00,memo330179,Commit,2016-03,Wednesday,22
cas,2016-03-02 21:59:51+00:00,memo330179,Commit,2016-03,Wednesday,21
cas,2016-03-02 21:34:01+00:00,memo330179,Commit,2016-03,Wednesday,21
cas,2016-03-02 21:02:43+00:00,sheggen,Commit,2016-03,Wednesday,21
cas,2016-03-02 20:57:11+00:00,sheggen,Commit,2016-03,Wednesday,20
cas,2016-02-19 02:49:29+00:00,sheggen,Commit,2016-02,Friday,2
cas,2016-02-18 02:04:03+00:00,sheggen,Commit,2016-02,Thursday,2
cas,2021-06-02 15:01:18+00:00,zachneill,PR opened,2021-06,Wednesday,15
cas,2021-06-02 15:06:33+00:00,zachneill,PR opened,2021-06,Wednesday,15
cas,2021-06-03 13:10:26+00:00,,PR merged,2021-06,Thursday,13
cas,2021-06-02 15:26:05+00:00,tylerpar99,PR opened,2021-06,Wednesday,15
cas,2021-06-03 13:08:09+00:00,,PR merged,2021-06,Thursday,13
cas,2021-06-02 21:08:57+00:00,Sandesh-L,PR opened,2021-06,Wednesday,21
cas,2021-06-03 13:06:42+00:00,,PR merged,2021-06,Thursday,13
cas,2021-06-03 16:20:07+00:00,sreynit02,PR opened,2021-06,Thursday,16
cas,2021-09-17 15:27:18+00:00,,PR merged,2021-09,Friday,15
cas,2021-06-04 13:46:21+00:00,zachneill,PR opened,2021-06,Friday,13
cas,2021-06-10 13:06:02+00:00,,PR merged,2021-06,Thursday,13
cas,2021-06-04 15:02:18+00:00,Sandesh-L,PR opened,2021-06,Friday,15
cas,2021-09-17 15:25:03+00:00,,PR merged,2021-09,Friday,15
cas,2021-06-04 19:14:23+00:00,gastonjarju,PR opened,2021-06,Friday,19
cas,2021-09-17 15:24:09+00:00,,PR merged,2021-09,Friday,15
cas,2021-06-07 16:35:04+00:00,zachneill,PR opened,2021-06,Monday,16
cas,2022-02-24 16:27:34+00:00,,PR merged,2022-02,Thursday,16
cas,2021-06-07 20:03:10+00:00,tylerpar99,PR opened,2021-06,Monday,20
cas,2021-09-17 15:20:10+00:00,,PR merged,2021-09,Friday,15
cas,2021-06-07 21:37:27+00:00,zachneill,PR opened,2021-06,Monday,21
cas,2021-09-17 15:18:44+00:00,,PR merged,2021-09,Friday,15
cas,2021-06-08 18:49:59+00:00,Karina-Agliullova,PR opened,2021-06,Tuesday,18
cas,2021-09-17 15:34:36+00:00,,PR merged,2021-09,Friday,15
cas,2021-06-09 14:51:28+00:00,Karina-Agliullova,PR opened,2021-06,Wednesday,14
cas,2021-09-17 15:35:07+00:00,,PR merged,2021-09,Friday,15
cas,2021-06-09 15:20:08+00:00,tylerpar99,PR opened,2021-06,Wednesday,15
cas,2021-09-17 15:37:27+00:00,,PR merged,2021-09,Friday,15
cas,2021-06-09 17:28:13+00:00,zachneill,PR opened,2021-06,Wednesday,17
cas,2021-09-17 15:33:53+00:00,,PR merged,2021-09,Friday,15
cas,2021-06-10 15:28:56+00:00,zachneill,PR opened,2021-06,Thursday,15
cas,2021-11-19 20:17:02+00:00,,PR merged,2021-11,Friday,20
cas,2021-06-10 17:46:02+00:00,zachneill,PR opened,2021-06,Thursday,17
cas,2021-09-09 14:22:20+00:00,,PR merged,2021-09,Thursday,14
cas,2021-06-11 19:03:03+00:00,tylerpar99,PR opened,2021-06,Friday,19
cas,2022-02-01 20:51:12+00:00,sreynit02,PR opened,2022-02,Tuesday,20
cas,2022-02-07 19:55:02+00:00,,PR merged,2022-02,Monday,19
cas,2022-02-07 16:14:18+00:00,mupotsal,PR opened,2022-02,Monday,16
cas,2022-02-07 20:03:42+00:00,,PR merged,2022-02,Monday,20
cas,2022-02-15 20:43:06+00:00,mupotsal,PR opened,2022-02,Tuesday,20
cas,2022-02-24 16:30:14+00:00,,PR merged,2022-02,Thursday,16
cas,2022-02-28 17:39:15+00:00,mupotsal,PR opened,2022-02,Monday,17
cas,2022-03-23 15:11:08+00:00,,PR merged,2022-03,Wednesday,15
cas,2024-04-17 13:10:37+00:00,AndersonStettner,PR opened,2024-04,Wednesday,13
cas,2024-04-17 14:35:20+00:00,,PR merged,2024-04,Wednesday,14
cas,2024-10-21 21:12:20+00:00,hoerstl,PR opened,2024-10,Monday,21
cas,2024-12-20 21:18:00+00:00,,PR merged,2024-12,Friday,21
cas,2016-06-06 19:28:40+00:00,bryantal,Issue opened,2016-06,Monday,19
cas,2016-06-06 19:30:15+00:00,bryantal,Issue opened,2016-06,Monday,19
cas,2016-06-06 19:31:30+00:00,bryantal,Issue opened,2016-06,Monday,19
cas,2016-06-06 19:33:30+00:00,bryantal,Issue opened,2016-06,Monday,19
cas,2016-06-06 19:36:35+00:00,bryantal,Issue opened,2016-06,Monday,19
cas,2016-06-08 13:46:43+00:00,bryantal,Issue opened,2016-06,Wednesday,13
cas,2016-06-08 14:05:37+00:00,bryantal,Issue opened,2016-06,Wednesday,14
cas,2016-06-08 14:58:37+00:00,bryantal,Issue opened,2016-06,Wednesday,14
cas,2016-06-08 15:24:08+00:00,bryantal,Issue opened,2016-06,Wednesday,15
cas,2016-06-08 17:08:00+00:00,bryantal,Issue opened,2016-06,Wednesday,17
cas,2016-06-08 19:06:09+00:00,bryantal,Issue opened,2016-06,Wednesday,19
cas,2016-06-08 19:08:28+00:00,bryantal,Issue opened,2016-06,Wednesday,19
cas,2016-06-08 19:45:06+00:00,bryantal,Issue opened,2016-06,Wednesday,19
cas,2016-06-09 18:01:18+00:00,bryantal,Issue opened,2016-06,Thursday,18
cas,2016-06-09 18:06:31+00:00,bryantal,Issue opened,2016-06,Thursday,18
cas,2016-06-09 18:14:26+00:00,bryantal,Issue opened,2016-06,Thursday,18
cas,2016-06-09 18:25:48+00:00,bryantal,Issue opened,2016-06,Thursday,18
cas,2016-06-09 18:31:21+00:00,bryantal,Issue opened,2016-06,Thursday,18
cas,2016-06-09 18:46:47+00:00,bryantal,Issue opened,2016-06,Thursday,18
cas,2016-06-09 18:49:50+00:00,bryantal,Issue opened,2016-06,Thursday,18
cas,2016-06-13 14:28:52+00:00,bryantal,Issue opened,2016-06,Monday,14
cas,2016-06-14 13:36:06+00:00,bryantal,Issue opened,2016-06,Tuesday,13
cas,2016-06-14 13:51:43+00:00,bryantal,Issue opened,2016-06,Tuesday,13
cas,2016-06-14 13:55:57+00:00,bryantal,Issue opened,2016-06,Tuesday,13
cas,2016-06-14 13:57:58+00:00,bryantal,Issue opened,2016-06,Tuesday,13
cas,2016-06-14 14:05:42+00:00,bryantal,Issue opened,2016-06,Tuesday,14
cas,2016-06-14 14:07:00+00:00,bryantal,Issue opened,2016-06,Tuesday,14
cas,2016-06-14 14:08:13+00:00,bryantal,Issue opened,2016-06,Tuesday,14
cas,2016-06-14 14:09:19+00:00,bryantal,Issue opened,2016-06,Tuesday,14
cas,2016-06-14 14:10:44+00:00,bryantal,Issue opened,2016-06,Tuesday,14
cas,2016-06-14 14:11:48+00:00,bryantal,Issue opened,2016-06,Tuesday,14
cas,2016-06-14 14:14:14+00:00,bryantal,Issue opened,2016-06,Tuesday,14
cas,2016-06-15 12:55:01+00:00,bryantal,Issue opened,2016-06,Wednesday,12
cas,2016-06-15 13:38:27+00:00,bryantal,Issue opened,2016-06,Wednesday,13
cas,2016-06-15 14:34:33+00:00,bryantal,Issue opened,2016-06,Wednesday,14
cas,2016-06-15 20:35:00+00:00,bryantal,Issue opened,2016-06,Wednesday,20
cas,2016-06-16 13:17:14+00:00,bryantal,Issue opened,2016-06,Thursday,13
cas,2016-06-20 15:53:10+00:00,bryantal,Issue opened,2016-06,Monday,15
cas,2016-06-20 15:55:51+00:00,bryantal,Issue opened,2016-06,Monday,15
cas,2016-06-20 15:58:11+00:00,bryantal,Issue opened,2016-06,Monday,15
cas,2016-06-20 19:51:50+00:00,bryantal,Issue opened,2016-06,Monday,19
cas,2016-06-20 20:03:18+00:00,bryantal,Issue opened,2016-06,Monday,20
cas,2016-06-20 20:19:30+00:00,bryantal,Issue opened,2016-06,Monday,20
cas,2016-06-20 20:28:33+00:00,bryantal,Issue opened,2016-06,Monday,20
cas,2016-06-21 14:55:58+00:00,bryantal,Issue opened,2016-06,Tuesday,14
cas,2016-06-21 14:58:26+00:00,bryantal,Issue opened,2016-06,Tuesday,14
cas,2016-06-21 20:59:06+00:00,bryantal,Issue opened,2016-06,Tuesday,20
cas,2016-06-28 20:28:12+00:00,bryantal,Issue opened,2016-06,Tuesday,20
cas,2016-06-29 16:05:38+00:00,bryantal,Issue opened,2016-06,Wednesday,16
cas,2016-06-29 16:06:35+00:00,bryantal,Issue opened,2016-06,Wednesday,16
cas,2016-06-29 16:08:34+00:00,bryantal,Issue opened,2016-06,Wednesday,16
cas,2016-06-29 17:21:44+00:00,bryantal,Issue opened,2016-06,Wednesday,17
cas,2016-06-29 19:00:17+00:00,bryantal,Issue opened,2016-06,Wednesday,19
cas,2016-06-30 14:07:22+00:00,bryantal,Issue opened,2016-06,Thursday,14
cas,2016-06-30 14:57:10+00:00,bryantal,Issue opened,2016-06,Thursday,14
cas,2016-06-30 15:23:42+00:00,bryantal,Issue opened,2016-06,Thursday,15
cas,2016-06-30 16:57:08+00:00,bryantal,Issue opened,2016-06,Thursday,16
cas,2016-07-01 18:52:45+00:00,bryantal,Issue opened,2016-07,Friday,18
cas,2016-07-01 18:53:31+00:00,bryantal,Issue opened,2016-07,Friday,18
cas,2016-07-01 18:54:31+00:00,bryantal,Issue opened,2016-07,Friday,18
cas,2016-07-01 19:08:18+00:00,bryantal,Issue opened,2016-07,Friday,19
cas,2016-07-01 19:10:18+00:00,bryantal,Issue opened,2016-07,Friday,19
cas,2016-07-11 13:18:24+00:00,bryantal,Issue opened,2016-07,Monday,13
cas,2016-07-11 14:09:00+00:00,bryantal,Issue opened,2016-07,Monday,14
cas,2016-07-12 15:15:41+00:00,bryantal,Issue opened,2016-07,Tuesday,15
cas,2016-07-14 14:42:01+00:00,bryantal,Issue opened,2016-07,Thursday,14
cas,2016-07-14 16:41:39+00:00,bryantal,Issue opened,2016-07,Thursday,16
cas,2016-07-14 16:48:39+00:00,bryantal,Issue opened,2016-07,Thursday,16
cas,2016-07-14 20:00:25+00:00,bryantal,Issue opened,2016-07,Thursday,20
cas,2016-07-15 20:14:04+00:00,bryantal,Issue opened,2016-07,Friday,20
cas,2016-07-15 20:17:36+00:00,bryantal,Issue opened,2016-07,Friday,20
cas,2016-07-15 20:23:48+00:00,bryantal,Issue opened,2016-07,Friday,20
cas,2016-07-15 20:26:27+00:00,bryantal,Issue opened,2016-07,Friday,20
cas,2016-07-15 20:29:04+00:00,bryantal,Issue opened,2016-07,Friday,20
cas,2016-07-15 20:31:21+00:00,bryantal,Issue opened,2016-07,Friday,20
cas,2016-07-15 20:36:12+00:00,bryantal,Issue opened,2016-07,Friday,20
cas,2016-07-15 20:38:33+00:00,bryantal,Issue opened,2016-07,Friday,20
cas,2016-07-15 22:25:31+00:00,bryantal,Issue opened,2016-07,Friday,22
cas,2016-07-15 22:30:22+00:00,bryantal,Issue opened,2016-07,Friday,22
cas,2016-07-18 15:13:57+00:00,bryantal,Issue opened,2016-07,Monday,15
cas,2016-07-18 15:24:06+00:00,bryantal,Issue opened,2016-07,Monday,15
cas,2016-07-18 15:52:26+00:00,bryantal,Issue opened,2016-07,Monday,15
cas,2016-07-18 16:29:29+00:00,bryantal,Issue opened,2016-07,Monday,16
cas,2016-07-18 16:43:28+00:00,bryantal,Issue opened,2016-07,Monday,16
cas,2016-07-18 16:51:16+00:00,bryantal,Issue opened,2016-07,Monday,16
cas,2016-07-18 17:17:26+00:00,bryantal,Issue opened,2016-07,Monday,17
cas,2016-07-18 17:18:03+00:00,bryantal,Issue opened,2016-07,Monday,17
cas,2016-07-18 17:37:21+00:00,bryantal,Issue opened,2016-07,Monday,17
cas,2016-07-18 21:04:03+00:00,bryantal,Issue opened,2016-07,Monday,21
cas,2016-07-26 18:08:52+00:00,bryantal,Issue opened,2016-07,Tuesday,18
cas,2016-07-26 20:37:18+00:00,bryantal,Issue opened,2016-07,Tuesday,20
cas,2016-07-27 18:14:02+00:00,bryantal,Issue opened,2016-07,Wednesday,18
cas,2016-07-28 14:33:19+00:00,bryantal,Issue opened,2016-07,Thursday,14
cas,2016-07-28 14:34:59+00:00,bryantal,Issue opened,2016-07,Thursday,14
cas,2016-07-28 14:36:44+00:00,bryantal,Issue opened,2016-07,Thursday,14
cas,2016-07-28 14:37:22+00:00,bryantal,Issue opened,2016-07,Thursday,14
cas,2016-07-28 14:38:05+00:00,bryantal,Issue opened,2016-07,Thursday,14
cas,2016-07-28 14:41:25+00:00,bryantal,Issue opened,2016-07,Thursday,14
cas,2016-07-28 14:43:04+00:00,bryantal,Issue opened,2016-07,Thursday,14
cas,2016-07-28 14:44:24+00:00,bryantal,Issue opened,2016-07,Thursday,14
cas,2016-07-28 14:45:23+00:00,bryantal,Issue opened,2016-07,Thursday,14
cas,2016-07-28 14:46:57+00:00,bryantal,Issue opened,2016-07,Thursday,14
cas,2016-07-28 14:52:10+00:00,bryantal,Issue opened,2016-07,Thursday,14
cas,2016-07-29 17:39:34+00:00,bryantal,Issue opened,2016-07,Friday,17
cas,2016-08-02 15:52:37+00:00,bryantal,Issue opened,2016-08,Tuesday,15
cas,2016-08-02 16:01:31+00:00,bryantal,Issue opened,2016-08,Tuesday,16
cas,2016-08-02 16:08:28+00:00,bryantal,Issue opened,2016-08,Tuesday,16
cas,2016-08-02 17:48:11+00:00,bryantal,Issue opened,2016-08,Tuesday,17
cas,2016-08-02 17:59:02+00:00,bryantal,Issue opened,2016-08,Tuesday,17
cas,2016-08-02 18:19:13+00:00,bryantal,Issue opened,2016-08,Tuesday,18
cas,2016-08-15 17:42:26+00:00,bryantal,Issue opened,2016-08,Monday,17
cas,2016-09-12 14:46:06+00:00,bryantal,Issue opened,2016-09,Monday,14
cas,2016-09-14 12:13:50+00:00,bryantal,Issue opened,2016-09,Wednesday,12
cas,2016-09-14 21:08:07+00:00,bryantal,Issue opened,2016-09,Wednesday,21
cas,2016-09-16 03:11:09+00:00,bryantal,Issue opened,2016-09,Friday,3
cas,2016-09-16 03:25:45+00:00,bryantal,Issue opened,2016-09,Friday,3
cas,2016-09-16 03:26:30+00:00,bryantal,Issue opened,2016-09,Friday,3
cas,2016-09-19 19:34:47+00:00,bryantal,Issue opened,2016-09,Monday,19
cas,2016-09-27 19:15:29+00:00,bryantal,Issue opened,2016-09,Tuesday,19
cas,2016-10-03 20:42:56+00:00,bryantal,Issue opened,2016-10,Monday,20
cas,2016-10-05 13:41:43+00:00,bryantal,Issue opened,2016-10,Wednesday,13
cas,2016-10-12 19:37:56+00:00,bryantal,Issue opened,2016-10,Wednesday,19
cas,2016-10-12 20:12:00+00:00,bryantal,Issue opened,2016-10,Wednesday,20
cas,2016-10-18 17:41:05+00:00,bryantal,Issue opened,2016-10,Tuesday,17
cas,2016-10-26 16:51:40+00:00,bryantal,Issue opened,2016-10,Wednesday,16
cas,2016-11-01 17:05:30+00:00,bryantal,Issue opened,2016-11,Tuesday,17
cas,2016-11-01 21:30:51+00:00,bryantal,Issue opened,2016-11,Tuesday,21
cas,2016-11-04 16:26:58+00:00,bryantal,Issue opened,2016-11,Friday,16
cas,2016-11-10 19:27:00+00:00,bryantal,Issue opened,2016-11,Thursday,19
cas,2016-11-11 18:27:43+00:00,bryantal,Issue opened,2016-11,Friday,18
cas,2016-11-11 21:04:29+00:00,bryantal,Issue opened,2016-11,Friday,21
cas,2016-12-01 16:04:24+00:00,bryantal,Issue opened,2016-12,Thursday,16
cas,2016-12-01 16:15:44+00:00,bryantal,Issue opened,2016-12,Thursday,16
cas,2016-12-01 16:16:33+00:00,bryantal,Issue opened,2016-12,Thursday,16
cas,2016-12-01 16:18:38+00:00,bryantal,Issue opened,2016-12,Thursday,16
cas,2016-12-01 16:19:56+00:00,bryantal,Issue opened,2016-12,Thursday,16
cas,2016-12-01 16:24:32+00:00,bryantal,Issue opened,2016-12,Thursday,16
cas,2017-01-18 00:39:57+00:00,bryantal,Issue opened,2017-01,Wednesday,0
cas,2017-02-16 13:21:22+00:00,bryantal,Issue opened,2017-02,Thursday,13
cas,2017-06-13 18:17:06+00:00,bryantal,Issue opened,2017-06,Tuesday,18
cas,2017-06-16 12:58:42+00:00,bryantal,Issue opened,2017-06,Friday,12
cas,2017-06-22 17:28:24+00:00,bryantal,Issue opened,2017-06,Thursday,17
cas,2017-06-22 17:35:04+00:00,bryantal,Issue opened,2017-06,Thursday,17
cas,2017-06-22 18:06:54+00:00,bryantal,Issue opened,2017-06,Thursday,18
cas,2017-06-22 19:14:52+00:00,bryantal,Issue opened,2017-06,Thursday,19
cas,2017-08-31 16:17:04+00:00,bryantal,Issue opened,2017-08,Thursday,16
cas,2017-09-06 14:39:45+00:00,bryantal,Issue opened,2017-09,Wednesday,14
cas,2017-09-11 15:22:17+00:00,bryantal,Issue opened,2017-09,Monday,15
cas,2017-09-13 18:26:31+00:00,bryantal,Issue opened,2017-09,Wednesday,18
cas,2017-09-14 16:25:58+00:00,bryantal,Issue opened,2017-09,Thursday,16
cas,2017-09-14 17:43:29+00:00,bryantal,Issue opened,2017-09,Thursday,17
cas,2017-09-15 17:50:38+00:00,bryantal,Issue opened,2017-09,Friday,17
cas,2017-09-15 18:04:15+00:00,bryantal,Issue opened,2017-09,Friday,18
cas,2017-09-15 18:14:00+00:00,bryantal,Issue opened,2017-09,Friday,18
cas,2017-09-19 13:36:39+00:00,bryantal,Issue opened,2017-09,Tuesday,13
cas,2017-09-19 13:37:54+00:00,bryantal,Issue opened,2017-09,Tuesday,13
cas,2017-09-19 13:38:47+00:00,bryantal,Issue opened,2017-09,Tuesday,13
cas,2017-09-19 13:39:27+00:00,bryantal,Issue opened,2017-09,Tuesday,13
cas,2017-09-19 13:44:05+00:00,bryantal,Issue opened,2017-09,Tuesday,13
cas,2017-09-19 16:30:17+00:00,bryantal,Issue opened,2017-09,Tuesday,16
cas,2017-09-25 12:25:45+00:00,bryantal,Issue opened,2017-09,Monday,12
cas,2017-09-25 13:14:02+00:00,bryantal,Issue opened,2017-09,Monday,13
cas,2017-09-26 14:00:07+00:00,bryantal,Issue opened,2017-09,Tuesday,14
cas,2017-09-26 14:13:28+00:00,bryantal,Issue opened,2017-09,Tuesday,14
cas,2017-09-26 16:18:44+00:00,bryantal,Issue opened,2017-09,Tuesday,16
cas,2017-09-26 16:39:55+00:00,bryantal,Issue opened,2017-09,Tuesday,16
cas,2017-09-26 16:49:57+00:00,bryantal,Issue opened,2017-09,Tuesday,16
cas,2017-09-27 12:51:10+00:00,bryantal,Issue opened,2017-09,Wednesday,12
cas,2017-10-02 12:29:48+00:00,bryantal,Issue opened,2017-10,Monday,12
cas,2017-10-02 12:45:11+00:00,bryantal,Issue opened,2017-10,Monday,12
cas,2017-10-04 16:14:38+00:00,bryantal,Issue opened,2017-10,Wednesday,16
cas,2017-10-04 16:16:36+00:00,bryantal,Issue opened,2017-10,Wednesday,16
cas,2017-10-05 15:25:06+00:00,bryantal,Issue opened,2017-10,Thursday,15
cas,2017-10-06 13:47:46+00:00,bryantal,Issue opened,2017-10,Friday,13
cas,2017-10-06 13:53:30+00:00,bryantal,Issue opened,2017-10,Friday,13
cas,2017-10-06 15:02:41+00:00,bryantal,Issue opened,2017-10,Friday,15
cas,2017-10-09 14:31:20+00:00,bryantal,Issue opened,2017-10,Monday,14
cas,2017-10-10 13:59:58+00:00,bryantal,Issue opened,2017-10,Tuesday,13
cas,2017-10-10 15:10:03+00:00,bryantal,Issue opened,2017-10,Tuesday,15
cas,2017-10-13 17:06:00+00:00,bryantal,Issue opened,2017-10,Friday,17
cas,2017-10-17 16:35:16+00:00,bryantal,Issue opened,2017-10,Tuesday,16
cas,2017-11-08 13:39:16+00:00,bryantal,Issue opened,2017-11,Wednesday,13
cas,2017-11-20 15:27:52+00:00,bryantal,Issue opened,2017-11,Monday,15
cas,2017-11-20 15:32:17+00:00,bryantal,Issue opened,2017-11,Monday,15
cas,2017-11-27 19:57:23+00:00,bryantal,Issue opened,2017-11,Monday,19
cas,2017-11-30 14:21:28+00:00,bryantal,Issue opened,2017-11,Thursday,14
cas,2017-11-30 14:25:03+00:00,bryantal,Issue opened,2017-11,Thursday,14
cas,2017-11-30 14:51:24+00:00,bryantal,Issue opened,2017-11,Thursday,14
cas,2017-11-30 15:36:55+00:00,bryantal,Issue opened,2017-11,Thursday,15
cas,2017-11-30 16:13:17+00:00,bryantal,Issue opened,2017-11,Thursday,16
cas,2017-11-30 16:20:59+00:00,bryantal,Issue opened,2017-11,Thursday,16
cas,2017-11-30 16:24:53+00:00,bryantal,Issue opened,2017-11,Thursday,16
cas,2017-11-30 16:26:16+00:00,bryantal,Issue opened,2017-11,Thursday,16
cas,2017-11-30 16:32:02+00:00,bryantal,Issue opened,2017-11,Thursday,16
cas,2017-11-30 16:32:26+00:00,bryantal,Issue opened,2017-11,Thursday,16
cas,2017-11-30 18:43:45+00:00,bryantal,Issue opened,2017-11,Thursday,18
cas,2017-11-30 18:45:01+00:00,bryantal,Issue opened,2017-11,Thursday,18
cas,2017-11-30 18:46:33+00:00,bryantal,Issue opened,2017-11,Thursday,18
cas,2017-11-30 18:48:53+00:00,bryantal,Issue opened,2017-11,Thursday,18
cas,2017-11-30 18:52:05+00:00,bryantal,Issue opened,2017-11,Thursday,18
cas,2017-11-30 18:55:17+00:00,bryantal,Issue opened,2017-11,Thursday,18
cas,2017-11-30 18:58:48+00:00,bryantal,Issue opened,2017-11,Thursday,18
cas,2017-11-30 18:59:35+00:00,bryantal,Issue opened,2017-11,Thursday,18
cas,2017-11-30 19:02:45+00:00,bryantal,Issue opened,2017-11,Thursday,19
cas,2017-11-30 19:04:18+00:00,bryantal,Issue opened,2017-11,Thursday,19
cas,2017-11-30 19:05:59+00:00,bryantal,Issue opened,2017-11,Thursday,19
cas,2017-11-30 19:09:07+00:00,bryantal,Issue opened,2017-11,Thursday,19
cas,2017-11-30 19:10:59+00:00,bryantal,Issue opened,2017-11,Thursday,19
cas,2017-11-30 19:15:32+00:00,bryantal,Issue opened,2017-11,Thursday,19
cas,2017-12-06 18:26:01+00:00,bryantal,Issue opened,2017-12,Wednesday,18
cas,2017-12-06 18:40:41+00:00,bryantal,Issue opened,2017-12,Wednesday,18
cas,2017-12-06 18:42:28+00:00,bryantal,Issue opened,2017-12,Wednesday,18
cas,2017-12-06 18:44:08+00:00,bryantal,Issue opened,2017-12,Wednesday,18
cas,2017-12-06 18:49:45+00:00,bryantal,Issue opened,2017-12,Wednesday,18
cas,2017-12-06 18:51:34+00:00,bryantal,Issue opened,2017-12,Wednesday,18
cas,2017-12-06 18:53:03+00:00,bryantal,Issue opened,2017-12,Wednesday,18
cas,2017-12-06 18:55:21+00:00,bryantal,Issue opened,2017-12,Wednesday,18
cas,2017-12-08 20:08:40+00:00,bryantal,Issue opened,2017-12,Friday,20
cas,2017-12-11 14:49:15+00:00,bryantal,Issue opened,2017-12,Monday,14
cas,2017-12-11 18:45:31+00:00,bryantal,Issue opened,2017-12,Monday,18
cas,2017-12-12 15:01:31+00:00,bryantal,Issue opened,2017-12,Tuesday,15
cas,2018-01-24 15:49:56+00:00,bryantal,Issue opened,2018-01,Wednesday,15
cas,2018-01-25 19:52:13+00:00,bryantal,Issue opened,2018-01,Thursday,19
cas,2018-01-25 20:23:27+00:00,bryantal,Issue opened,2018-01,Thursday,20
cas,2018-02-06 19:41:15+00:00,bryantal,Issue opened,2018-02,Tuesday,19
cas,2018-02-12 14:33:56+00:00,bryantal,Issue opened,2018-02,Monday,14
cas,2018-02-13 15:08:53+00:00,bryantal,Issue opened,2018-02,Tuesday,15
cas,2018-02-13 15:30:56+00:00,bryantal,Issue opened,2018-02,Tuesday,15
cas,2018-02-16 20:29:19+00:00,bryantal,Issue opened,2018-02,Friday,20
cas,2018-02-28 14:51:56+00:00,bryantal,Issue opened,2018-02,Wednesday,14
cas,2018-03-05 16:58:58+00:00,bryantal,Issue opened,2018-03,Monday,16
cas,2018-03-05 21:59:32+00:00,bryantal,Issue opened,2018-03,Monday,21
cas,2018-03-06 15:38:50+00:00,bryantal,Issue opened,2018-03,Tuesday,15
cas,2018-03-09 16:30:22+00:00,bryantal,Issue opened,2018-03,Friday,16
cas,2018-06-13 14:38:49+00:00,bryantal,Issue opened,2018-06,Wednesday,14
cas,2018-06-15 13:04:11+00:00,bryantal,Issue opened,2018-06,Friday,13
cas,2018-06-22 13:40:22+00:00,bryantal,Issue opened,2018-06,Friday,13
cas,2018-07-23 13:26:43+00:00,bryantal,Issue opened,2018-07,Monday,13
cas,2018-07-25 13:42:32+00:00,bryantal,Issue opened,2018-07,Wednesday,13
cas,2018-08-03 13:31:27+00:00,bryantal,Issue opened,2018-08,Friday,13
cas,2018-08-03 15:01:49+00:00,bryantal,Issue opened,2018-08,Friday,15
cas,2018-08-03 15:35:30+00:00,bryantal,Issue opened,2018-08,Friday,15
cas,2018-08-03 15:43:54+00:00,bryantal,Issue opened,2018-08,Friday,15
cas,2018-08-03 17:56:03+00:00,bryantal,Issue opened,2018-08,Friday,17
cas,2018-08-03 19:34:15+00:00,bryantal,Issue opened,2018-08,Friday,19
cas,2018-08-14 19:43:22+00:00,bryantal,Issue opened,2018-08,Tuesday,19
cas,2018-08-22 15:27:22+00:00,bryantal,Issue opened,2018-08,Wednesday,15
cas,2018-08-22 15:28:38+00:00,bryantal,Issue opened,2018-08,Wednesday,15
cas,2018-08-29 19:43:25+00:00,bryantal,Issue opened,2018-08,Wednesday,19
cas,2018-08-29 20:01:51+00:00,bryantal,Issue opened,2018-08,Wednesday,20
cas,2018-09-14 18:23:06+00:00,bryantal,Issue opened,2018-09,Friday,18
cas,2018-09-17 13:48:10+00:00,bryantal,Issue opened,2018-09,Monday,13
cas,2018-09-17 13:52:28+00:00,bryantal,Issue opened,2018-09,Monday,13
cas,2018-09-17 13:56:02+00:00,bryantal,Issue opened,2018-09,Monday,13
cas,2018-09-19 18:42:38+00:00,bryantal,Issue opened,2018-09,Wednesday,18
cas,2018-09-24 15:25:25+00:00,bryantal,Issue opened,2018-09,Monday,15
cas,2018-09-24 16:22:58+00:00,bryantal,Issue opened,2018-09,Monday,16
cas,2018-09-24 16:49:44+00:00,bryantal,Issue opened,2018-09,Monday,16
cas,2018-10-02 18:50:40+00:00,bryantal,Issue opened,2018-10,Tuesday,18
cas,2018-10-05 17:03:44+00:00,bryantal,Issue opened,2018-10,Friday,17
cas,2018-10-11 19:31:15+00:00,bryantal,Issue opened,2018-10,Thursday,19
cas,2018-10-11 21:27:41+00:00,bryantal,Issue opened,2018-10,Thursday,21
cas,2018-10-12 15:27:59+00:00,bryantal,Issue opened,2018-10,Friday,15
cas,2018-10-16 02:05:16+00:00,bryantal,Issue opened,2018-10,Tuesday,2
cas,2018-10-16 02:12:40+00:00,bryantal,Issue opened,2018-10,Tuesday,2
cas,2018-10-24 15:39:09+00:00,bryantal,Issue opened,2018-10,Wednesday,15
cas,2018-10-24 19:43:01+00:00,bryantal,Issue opened,2018-10,Wednesday,19
cas,2018-11-26 20:27:28+00:00,bryantal,Issue opened,2018-11,Monday,20
cas,2018-11-26 20:39:12+00:00,bryantal,Issue opened,2018-11,Monday,20
cas,2018-11-26 20:51:17+00:00,bryantal,Issue opened,2018-11,Monday,20
cas,2018-11-26 21:02:55+00:00,bryantal,Issue opened,2018-11,Monday,21
cas,2018-11-26 21:09:58+00:00,bryantal,Issue opened,2018-11,Monday,21
cas,2018-11-30 19:35:34+00:00,bryantal,Issue opened,2018-11,Friday,19
cas,2018-11-30 19:38:34+00:00,bryantal,Issue opened,2018-11,Friday,19
cas,2018-12-03 21:21:10+00:00,bryantal,Issue opened,2018-12,Monday,21
cas,2018-12-03 23:01:44+00:00,bryantal,Issue opened,2018-12,Monday,23
cas,2019-01-08 18:23:43+00:00,bryantal,Issue opened,2019-01,Tuesday,18
cas,2019-01-22 21:50:51+00:00,bryantal,Issue opened,2019-01,Tuesday,21
cas,2019-01-24 19:31:25+00:00,bryantal,Issue opened,2019-01,Thursday,19
cas,2019-01-25 19:51:07+00:00,bryantal,Issue opened,2019-01,Friday,19
cas,2019-01-28 19:48:55+00:00,bryantal,Issue opened,2019-01,Monday,19
cas,2019-01-31 21:33:48+00:00,bryantal,Issue opened,2019-01,Thursday,21
cas,2019-02-04 17:52:18+00:00,bryantal,Issue opened,2019-02,Monday,17
cas,2019-02-04 18:03:15+00:00,bryantal,Issue opened,2019-02,Monday,18
cas,2019-02-04 18:37:57+00:00,bryantal,Issue opened,2019-02,Monday,18
cas,2019-02-04 19:10:47+00:00,bryantal,Issue opened,2019-02,Monday,19
cas,2019-02-04 20:59:19+00:00,bryantal,Issue opened,2019-02,Monday,20
cas,2019-02-05 14:01:34+00:00,bryantal,Issue opened,2019-02,Tuesday,14
cas,2019-02-05 16:40:55+00:00,bryantal,Issue opened,2019-02,Tuesday,16
cas,2019-02-05 21:03:10+00:00,bryantal,Issue opened,2019-02,Tuesday,21
cas,2019-02-06 20:19:22+00:00,bryantal,Issue opened,2019-02,Wednesday,20
cas,2019-02-07 15:26:48+00:00,bryantal,Issue opened,2019-02,Thursday,15
cas,2019-02-07 15:31:52+00:00,bryantal,Issue opened,2019-02,Thursday,15
cas,2019-02-12 19:26:45+00:00,bryantal,Issue opened,2019-02,Tuesday,19
cas,2019-02-18 17:29:53+00:00,bryantal,Issue opened,2019-02,Monday,17
cas,2019-02-19 16:14:22+00:00,bryantal,Issue opened,2019-02,Tuesday,16
cas,2019-02-19 20:38:14+00:00,bryantal,Issue opened,2019-02,Tuesday,20
cas,2019-02-20 16:26:00+00:00,bryantal,Issue opened,2019-02,Wednesday,16
cas,2019-02-20 16:47:35+00:00,bryantal,Issue opened,2019-02,Wednesday,16
cas,2019-02-28 15:05:54+00:00,bryantal,Issue opened,2019-02,Thursday,15
cas,2019-02-28 15:14:14+00:00,bryantal,Issue opened,2019-02,Thursday,15
cas,2019-02-28 15:20:58+00:00,bryantal,Issue opened,2019-02,Thursday,15
cas,2019-03-06 14:37:20+00:00,bryantal,Issue opened,2019-03,Wednesday,14
cas,2019-03-11 18:30:29+00:00,bryantal,Issue opened,2019-03,Monday,18
cas,2019-03-13 16:24:05+00:00,bryantal,Issue opened,2019-03,Wednesday,16
cas,2019-03-13 16:26:05+00:00,bryantal,Issue opened,2019-03,Wednesday,16
cas,2019-03-13 19:17:53+00:00,bryantal,Issue opened,2019-03,Wednesday,19
cas,2019-03-13 21:38:45+00:00,bryantal,Issue opened,2019-03,Wednesday,21
cas,2019-03-28 19:09:52+00:00,bryantal,Issue opened,2019-03,Thursday,19
cas,2019-03-28 19:16:17+00:00,bryantal,Issue opened,2019-03,Thursday,19
cas,2019-03-28 20:15:42+00:00,bryantal,Issue opened,2019-03,Thursday,20
cas,2019-03-28 20:22:02+00:00,bryantal,Issue opened,2019-03,Thursday,20
cas,2019-04-02 20:15:08+00:00,bryantal,Issue opened,2019-04,Tuesday,20
cas,2019-04-22 17:08:06+00:00,bryantal,Issue opened,2019-04,Monday,17
cas,2019-05-16 17:14:15+00:00,bryantal,Issue opened,2019-05,Thursday,17
cas,2019-05-16 17:16:55+00:00,bryantal,Issue opened,2019-05,Thursday,17
cas,2019-05-16 17:19:29+00:00,bryantal,Issue opened,2019-05,Thursday,17
cas,2019-05-17 19:17:20+00:00,bryantal,Issue opened,2019-05,Friday,19
cas,2019-05-23 18:05:01+00:00,bryantal,Issue opened,2019-05,Thursday,18
cas,2019-05-24 12:27:45+00:00,bryantal,Issue opened,2019-05,Friday,12
cas,2019-06-03 20:02:34+00:00,bryantal,Issue opened,2019-06,Monday,20
cas,2019-09-03 19:30:05+00:00,bryantal,Issue opened,2019-09,Tuesday,19
cas,2019-09-25 16:12:55+00:00,bryantal,Issue opened,2019-09,Wednesday,16
cas,2019-10-01 20:20:26+00:00,bryantal,Issue opened,2019-10,Tuesday,20
cas,2019-10-01 20:21:38+00:00,bryantal,Issue opened,2019-10,Tuesday,20
cas,2019-10-09 13:09:07+00:00,bryantal,Issue opened,2019-10,Wednesday,13
cas,2019-10-10 20:40:30+00:00,bryantal,Issue opened,2019-10,Thursday,20
cas,2019-10-16 19:59:36+00:00,bryantal,Issue opened,2019-10,Wednesday,19
cas,2019-11-25 14:56:58+00:00,bryantal,Issue opened,2019-11,Monday,14
cas,2019-11-25 14:58:32+00:00,bryantal,Issue opened,2019-11,Monday,14
cas,2019-11-25 14:59:17+00:00,bryantal,Issue opened,2019-11,Monday,14
cas,2019-12-06 14:29:16+00:00,bryantal,Issue opened,2019-12,Friday,14
cas,2020-02-25 21:32:06+00:00,bryantal,Issue opened,2020-02,Tuesday,21
cas,2020-03-26 15:25:05+00:00,bryantal,Issue opened,2020-03,Thursday,15
cas,2020-05-20 21:04:17+00:00,bryantal,Issue opened,2020-05,Wednesday,21
cas,2020-05-20 21:47:11+00:00,bryantal,Issue opened,2020-05,Wednesday,21
cas,2020-06-01 16:44:01+00:00,bryantal,Issue opened,2020-06,Monday,16
cas,2020-06-01 19:20:27+00:00,bryantal,Issue opened,2020-06,Monday,19
cas,2020-06-01 20:38:35+00:00,bryantal,Issue opened,2020-06,Monday,20
cas,2020-06-10 14:11:52+00:00,bryantal,Issue opened,2020-06,Wednesday,14
cas,2020-06-10 14:14:22+00:00,bryantal,Issue opened,2020-06,Wednesday,14
cas,2020-06-11 18:14:50+00:00,bryantal,Issue opened,2020-06,Thursday,18
cas,2020-06-11 18:17:39+00:00,bryantal,Issue opened,2020-06,Thursday,18
cas,2020-06-11 18:20:01+00:00,bryantal,Issue opened,2020-06,Thursday,18
cas,2020-06-11 18:22:44+00:00,bryantal,Issue opened,2020-06,Thursday,18
cas,2020-06-11 18:26:02+00:00,bryantal,Issue opened,2020-06,Thursday,18
cas,2020-06-11 18:28:22+00:00,bryantal,Issue opened,2020-06,Thursday,18
cas,2020-06-11 18:32:09+00:00,bryantal,Issue opened,2020-06,Thursday,18
cas,2020-06-11 18:36:00+00:00,bryantal,Issue opened,2020-06,Thursday,18
cas,2020-06-15 17:08:36+00:00,bryantal,Issue opened,2020-06,Monday,17
cas,2020-06-15 17:12:40+00:00,bryantal,Issue opened,2020-06,Monday,17
cas,2020-06-15 18:19:37+00:00,bryantal,Issue opened,2020-06,Monday,18
cas,2020-06-15 18:22:09+00:00,bryantal,Issue opened,2020-06,Monday,18
cas,2020-06-15 18:24:35+00:00,bryantal,Issue opened,2020-06,Monday,18
cas,2020-06-30 20:26:22+00:00,bryantal,Issue opened,2020-06,Tuesday,20
cas,2020-09-18 19:02:03+00:00,bryantal,Issue opened,2020-09,Friday,19
cas,2020-09-28 02:07:11+00:00,bryantal,Issue opened,2020-09,Monday,2
cas,2020-09-28 15:44:51+00:00,bryantal,Issue opened,2020-09,Monday,15
cas,2020-12-17 14:32:05+00:00,bryantal,Issue opened,2020-12,Thursday,14
cas,2021-02-04 15:40:15+00:00,bryantal,Issue opened,2021-02,Thursday,15
cas,2021-02-12 15:12:29+00:00,bryantal,Issue opened,2021-02,Friday,15
cas,2021-02-12 15:54:12+00:00,bryantal,Issue opened,2021-02,Friday,15
cas,2021-02-12 15:56:36+00:00,bryantal,Issue opened,2021-02,Friday,15
cas,2021-02-17 16:11:14+00:00,bryantal,Issue opened,2021-02,Wednesday,16
cas,2021-03-03 13:52:53+00:00,bryantal,Issue opened,2021-03,Wednesday,13
cas,2021-03-04 17:34:04+00:00,bryantal,Issue opened,2021-03,Thursday,17
cas,2021-03-29 16:00:47+00:00,bryantal,Issue opened,2021-03,Monday,16
cas,2021-06-01 13:47:23+00:00,bryantal,Issue opened,2021-06,Tuesday,13
cas,2021-06-01 13:47:27+00:00,bryantal,Issue opened,2021-06,Tuesday,13
cas,2021-06-01 13:47:28+00:00,bryantal,Issue opened,2021-06,Tuesday,13
cas,2021-06-01 13:50:54+00:00,bryantal,Issue opened,2021-06,Tuesday,13
cas,2021-06-01 13:51:56+00:00,bryantal,Issue opened,2021-06,Tuesday,13
cas,2021-06-01 13:52:24+00:00,bryantal,Issue opened,2021-06,Tuesday,13
cas,2021-06-01 13:53:54+00:00,bryantal,Issue opened,2021-06,Tuesday,13
cas,2021-06-01 13:53:56+00:00,bryantal,Issue opened,2021-06,Tuesday,13
cas,2021-06-01 13:54:45+00:00,bryantal,Issue opened,2021-06,Tuesday,13
cas,2021-06-01 13:55:54+00:00,bryantal,Issue opened,2021-06,Tuesday,13
cas,2021-06-01 13:57:30+00:00,bryantal,Issue opened,2021-06,Tuesday,13
cas,2021-06-01 13:58:16+00:00,bryantal,Issue opened,2021-06,Tuesday,13
cas,2021-06-01 13:58:35+00:00,bryantal,Issue opened,2021-06,Tuesday,13
cas,2021-06-01 13:59:25+00:00,bryantal,Issue opened,2021-06,Tuesday,13
cas,2021-06-01 13:59:40+00:00,bryantal,Issue opened,2021-06,Tuesday,13
cas,2021-06-01 13:59:42+00:00,bryantal,Issue opened,2021-06,Tuesday,13
cas,2021-06-01 14:00:09+00:00,bryantal,Issue opened,2021-06,Tuesday,14
cas,2021-06-01 14:00:45+00:00,bryantal,Issue opened,2021-06,Tuesday,14
cas,2021-06-03 15:53:47+00:00,zachneill,Issue opened,2021-06,Thursday,15
cas,2021-06-04 14:00:48+00:00,escalerapadronl,Issue opened,2021-06,Friday,14
cas,2021-06-08 19:59:04+00:00,gastonjarju,Issue opened,2021-06,Tuesday,19
cas,2021-06-09 16:42:00+00:00,Sandesh-L,Issue opened,2021-06,Wednesday,16
cas,2021-06-09 19:01:18+00:00,Sandesh-L,Issue opened,2021-06,Wednesday,19
cas,2021-06-10 14:23:38+00:00,zachneill,Issue opened,2021-06,Thursday,14
cas,2021-06-10 15:29:42+00:00,bryantal,Issue opened,2021-06,Thursday,15
cas,2021-06-10 15:41:34+00:00,bryantal,Issue opened,2021-06,Thursday,15
cas,2021-06-10 17:35:00+00:00,zachneill,Issue opened,2021-06,Thursday,17
cas,2021-06-11 18:50:17+00:00,Sandesh-L,Issue opened,2021-06,Friday,18
cas,2021-06-11 19:03:42+00:00,Sandesh-L,Issue opened,2021-06,Friday,19
cas,2021-10-04 13:37:30+00:00,sheggen,Issue opened,2021-10,Monday,13
cas,2021-10-04 13:40:04+00:00,sheggen,Issue opened,2021-10,Monday,13
cas,2021-11-17 19:55:59+00:00,bryantal,Issue opened,2021-11,Wednesday,19
cas,2022-01-27 21:20:32+00:00,mupotsal,Issue opened,2022-01,Thursday,21
cas,2022-09-12 15:18:52+00:00,sheggen,Issue opened,2022-09,Monday,15
cas,2022-09-12 15:45:37+00:00,sheggen,Issue opened,2022-09,Monday,15
cas,2023-04-05 18:45:16+00:00,sheggen,Issue opened,2023-04,Wednesday,18
cas,2023-05-18 14:42:05+00:00,AndersonStettner,Issue opened,2023-05,Thursday,14
cas,2024-07-12 12:59:03+00:00,sheggen,Issue opened,2024-07,Friday,12
cas,2024-09-05 13:36:22+00:00,sheggen,Issue opened,2024-09,Thursday,13
cas,2024-09-19 14:40:01+00:00,sheggen,Issue opened,2024-09,Thursday,14
cas,2024-10-04 22:09:52+00:00,Cedrick-J,Issue opened,2024-10,Friday,22
cas,2026-02-16 20:09:07+00:00,Karina-Agliullova,Issue opened,2026-02,Monday,20
cas,2026-08-01 15:00:01+00:00,sheggen,Issue opened,2026-08,Saturday,15
cas,2016-06-07 13:49:47+00:00,bryantal,Conversation comment,2016-06,Tuesday,13
cas,2016-06-07 15:09:25+00:00,bryantal,Conversation comment,2016-06,Tuesday,15
cas,2016-06-07 15:43:37+00:00,bryantal,Conversation comment,2016-06,Tuesday,15
cas,2016-06-07 20:09:38+00:00,bryantal,Conversation comment,2016-06,Tuesday,20
cas,2016-06-07 20:09:48+00:00,bryantal,Conversation comment,2016-06,Tuesday,20
cas,2016-06-07 20:10:55+00:00,bryantal,Conversation comment,2016-06,Tuesday,20
cas,2016-06-07 20:24:31+00:00,bryantal,Conversation comment,2016-06,Tuesday,20
cas,2016-06-07 20:38:34+00:00,bryantal,Conversation comment,2016-06,Tuesday,20
cas,2016-06-08 13:52:20+00:00,bryantal,Conversation comment,2016-06,Wednesday,13
cas,2016-06-08 13:53:30+00:00,bryantal,Conversation comment,2016-06,Wednesday,13
cas,2016-06-08 14:10:45+00:00,bryantal,Conversation comment,2016-06,Wednesday,14
cas,2016-06-08 14:52:56+00:00,bryantal,Conversation comment,2016-06,Wednesday,14
cas,2016-06-08 15:44:50+00:00,bryantal,Conversation comment,2016-06,Wednesday,15
cas,2016-06-08 15:45:01+00:00,bryantal,Conversation comment,2016-06,Wednesday,15
cas,2016-06-08 19:35:47+00:00,bryantal,Conversation comment,2016-06,Wednesday,19
cas,2016-06-08 20:14:58+00:00,bryantal,Conversation comment,2016-06,Wednesday,20
cas,2016-06-08 20:52:05+00:00,bryantal,Conversation comment,2016-06,Wednesday,20
cas,2016-06-08 20:56:32+00:00,bryantal,Conversation comment,2016-06,Wednesday,20
cas,2016-06-08 22:02:01+00:00,bryantal,Conversation comment,2016-06,Wednesday,22
cas,2016-06-09 13:09:23+00:00,bryantal,Conversation comment,2016-06,Thursday,13
cas,2016-06-09 13:30:40+00:00,bryantal,Conversation comment,2016-06,Thursday,13
cas,2016-06-09 13:32:42+00:00,bryantal,Conversation comment,2016-06,Thursday,13
cas,2016-06-09 17:13:52+00:00,bryantal,Conversation comment,2016-06,Thursday,17
cas,2016-06-09 17:31:48+00:00,bryantal,Conversation comment,2016-06,Thursday,17
cas,2016-06-09 20:37:33+00:00,bryantal,Conversation comment,2016-06,Thursday,20
cas,2016-06-10 12:43:51+00:00,bryantal,Conversation comment,2016-06,Friday,12
cas,2016-06-10 12:46:52+00:00,bryantal,Conversation comment,2016-06,Friday,12
cas,2016-06-10 13:26:11+00:00,bryantal,Conversation comment,2016-06,Friday,13
cas,2016-06-10 13:34:31+00:00,bryantal,Conversation comment,2016-06,Friday,13
cas,2016-06-10 14:55:24+00:00,bryantal,Conversation comment,2016-06,Friday,14
cas,2016-06-10 14:58:55+00:00,bryantal,Conversation comment,2016-06,Friday,14
cas,2016-06-10 15:20:29+00:00,bryantal,Conversation comment,2016-06,Friday,15
cas,2016-06-10 15:55:04+00:00,bryantal,Conversation comment,2016-06,Friday,15
cas,2016-06-10 16:40:27+00:00,bryantal,Conversation comment,2016-06,Friday,16
cas,2016-06-10 16:57:04+00:00,bryantal,Conversation comment,2016-06,Friday,16
cas,2016-06-10 17:49:16+00:00,bryantal,Conversation comment,2016-06,Friday,17
cas,2016-06-10 17:59:48+00:00,bryantal,Conversation comment,2016-06,Friday,17
cas,2016-06-13 13:15:21+00:00,bryantal,Conversation comment,2016-06,Monday,13
cas,2016-06-13 14:26:33+00:00,bryantal,Conversation comment,2016-06,Monday,14
cas,2016-06-14 13:31:48+00:00,bryantal,Conversation comment,2016-06,Tuesday,13
cas,2016-06-14 15:31:10+00:00,bryantal,Conversation comment,2016-06,Tuesday,15
cas,2016-06-14 15:34:30+00:00,bryantal,Conversation comment,2016-06,Tuesday,15
cas,2016-06-14 16:52:14+00:00,bryantal,Conversation comment,2016-06,Tuesday,16
cas,2016-06-14 17:34:46+00:00,bryantal,Conversation comment,2016-06,Tuesday,17
cas,2016-06-14 17:38:25+00:00,bryantal,Conversation comment,2016-06,Tuesday,17
cas,2016-06-14 18:52:15+00:00,bryantal,Conversation comment,2016-06,Tuesday,18
cas,2016-06-14 19:12:08+00:00,bryantal,Conversation comment,2016-06,Tuesday,19
cas,2016-06-14 19:36:29+00:00,bryantal,Conversation comment,2016-06,Tuesday,19
cas,2016-06-15 16:17:06+00:00,bryantal,Conversation comment,2016-06,Wednesday,16
cas,2016-06-15 16:58:00+00:00,bryantal,Conversation comment,2016-06,Wednesday,16
cas,2016-06-15 17:00:12+00:00,bryantal,Conversation comment,2016-06,Wednesday,17
cas,2016-06-15 17:05:27+00:00,bryantal,Conversation comment,2016-06,Wednesday,17
cas,2016-06-15 17:10:00+00:00,bryantal,Conversation comment,2016-06,Wednesday,17
cas,2016-06-15 17:12:39+00:00,bryantal,Conversation comment,2016-06,Wednesday,17
cas,2016-06-15 18:45:50+00:00,bryantal,Conversation comment,2016-06,Wednesday,18
cas,2016-06-15 19:45:20+00:00,bryantal,Conversation comment,2016-06,Wednesday,19
cas,2016-06-15 20:35:20+00:00,bryantal,Conversation comment,2016-06,Wednesday,20
cas,2016-06-15 21:36:29+00:00,bryantal,Conversation comment,2016-06,Wednesday,21
cas,2016-06-16 12:24:16+00:00,bryantal,Conversation comment,2016-06,Thursday,12
cas,2016-06-16 13:32:14+00:00,bryantal,Conversation comment,2016-06,Thursday,13
cas,2016-06-16 13:33:37+00:00,bryantal,Conversation comment,2016-06,Thursday,13
cas,2016-06-16 16:13:49+00:00,bryantal,Conversation comment,2016-06,Thursday,16
cas,2016-06-17 14:18:31+00:00,bryantal,Conversation comment,2016-06,Friday,14
cas,2016-06-17 18:06:51+00:00,bryantal,Conversation comment,2016-06,Friday,18
cas,2016-06-17 18:23:47+00:00,bryantal,Conversation comment,2016-06,Friday,18
cas,2016-06-21 14:54:12+00:00,bryantal,Conversation comment,2016-06,Tuesday,14
cas,2016-06-21 14:59:54+00:00,bryantal,Conversation comment,2016-06,Tuesday,14
cas,2016-06-21 15:01:10+00:00,bryantal,Conversation comment,2016-06,Tuesday,15
cas,2016-06-21 15:02:49+00:00,bryantal,Conversation comment,2016-06,Tuesday,15
cas,2016-06-21 15:12:22+00:00,bryantal,Conversation comment,2016-06,Tuesday,15
cas,2016-06-21 15:21:05+00:00,bryantal,Conversation comment,2016-06,Tuesday,15
cas,2016-06-21 15:42:19+00:00,bryantal,Conversation comment,2016-06,Tuesday,15
cas,2016-06-21 15:43:30+00:00,bryantal,Conversation comment,2016-06,Tuesday,15
cas,2016-06-21 15:44:27+00:00,bryantal,Conversation comment,2016-06,Tuesday,15
cas,2016-06-21 15:54:19+00:00,bryantal,Conversation comment,2016-06,Tuesday,15
cas,2016-06-21 16:12:29+00:00,bryantal,Conversation comment,2016-06,Tuesday,16
cas,2016-06-21 19:05:11+00:00,bryantal,Conversation comment,2016-06,Tuesday,19
cas,2016-06-21 19:17:24+00:00,bryantal,Conversation comment,2016-06,Tuesday,19
cas,2016-06-21 19:17:40+00:00,bryantal,Conversation comment,2016-06,Tuesday,19
cas,2016-06-21 19:17:52+00:00,bryantal,Conversation comment,2016-06,Tuesday,19
cas,2016-06-21 20:57:23+00:00,bryantal,Conversation comment,2016-06,Tuesday,20
cas,2016-06-21 20:57:46+00:00,bryantal,Conversation comment,2016-06,Tuesday,20
cas,2016-06-28 15:46:30+00:00,bryantal,Conversation comment,2016-06,Tuesday,15
cas,2016-06-28 15:47:12+00:00,bryantal,Conversation comment,2016-06,Tuesday,15
cas,2016-06-28 15:49:11+00:00,bryantal,Conversation comment,2016-06,Tuesday,15
cas,2016-06-28 15:50:56+00:00,bryantal,Conversation comment,2016-06,Tuesday,15
cas,2016-06-28 15:51:26+00:00,bryantal,Conversation comment,2016-06,Tuesday,15
cas,2016-06-28 15:53:01+00:00,bryantal,Conversation comment,2016-06,Tuesday,15
cas,2016-06-28 16:02:43+00:00,bryantal,Conversation comment,2016-06,Tuesday,16
cas,2016-06-28 16:17:28+00:00,bryantal,Conversation comment,2016-06,Tuesday,16
cas,2016-06-28 17:30:12+00:00,bryantal,Conversation comment,2016-06,Tuesday,17
cas,2016-06-28 20:26:36+00:00,bryantal,Conversation comment,2016-06,Tuesday,20
cas,2016-06-28 20:26:43+00:00,bryantal,Conversation comment,2016-06,Tuesday,20
cas,2016-06-28 20:27:19+00:00,bryantal,Conversation comment,2016-06,Tuesday,20
cas,2016-06-28 20:47:06+00:00,bryantal,Conversation comment,2016-06,Tuesday,20
cas,2016-06-29 16:01:39+00:00,bryantal,Conversation comment,2016-06,Wednesday,16
cas,2016-06-29 17:32:27+00:00,bryantal,Conversation comment,2016-06,Wednesday,17
cas,2016-06-29 17:33:33+00:00,bryantal,Conversation comment,2016-06,Wednesday,17
cas,2016-06-30 15:55:44+00:00,bryantal,Conversation comment,2016-06,Thursday,15
cas,2016-07-01 18:39:35+00:00,bryantal,Conversation comment,2016-07,Friday,18
cas,2016-07-01 18:41:31+00:00,bryantal,Conversation comment,2016-07,Friday,18
cas,2016-07-01 18:47:34+00:00,bryantal,Conversation comment,2016-07,Friday,18
cas,2016-07-01 18:57:07+00:00,bryantal,Conversation comment,2016-07,Friday,18
cas,2016-07-01 19:01:37+00:00,bryantal,Conversation comment,2016-07,Friday,19
cas,2016-07-01 19:04:56+00:00,bryantal,Conversation comment,2016-07,Friday,19
cas,2016-07-01 19:06:36+00:00,bryantal,Conversation comment,2016-07,Friday,19
cas,2016-07-11 13:21:29+00:00,bryantal,Conversation comment,2016-07,Monday,13
cas,2016-07-11 13:29:36+00:00,bryantal,Conversation comment,2016-07,Monday,13
cas,2016-07-11 15:10:51+00:00,bryantal,Conversation comment,2016-07,Monday,15
cas,2016-07-11 15:11:35+00:00,bryantal,Conversation comment,2016-07,Monday,15
cas,2016-07-11 15:32:16+00:00,bryantal,Conversation comment,2016-07,Monday,15
cas,2016-07-11 15:47:53+00:00,bryantal,Conversation comment,2016-07,Monday,15
cas,2016-07-11 15:48:12+00:00,bryantal,Conversation comment,2016-07,Monday,15
cas,2016-07-11 17:12:03+00:00,bryantal,Conversation comment,2016-07,Monday,17
cas,2016-07-11 17:12:22+00:00,bryantal,Conversation comment,2016-07,Monday,17
cas,2016-07-11 19:27:00+00:00,bryantal,Conversation comment,2016-07,Monday,19
cas,2016-07-11 19:27:16+00:00,bryantal,Conversation comment,2016-07,Monday,19
cas,2016-07-11 19:29:05+00:00,bryantal,Conversation comment,2016-07,Monday,19
cas,2016-07-11 20:57:49+00:00,bryantal,Conversation comment,2016-07,Monday,20
cas,2016-07-12 16:05:27+00:00,bryantal,Conversation comment,2016-07,Tuesday,16
cas,2016-07-13 20:53:07+00:00,bryantal,Conversation comment,2016-07,Wednesday,20
cas,2016-07-14 16:34:15+00:00,bryantal,Conversation comment,2016-07,Thursday,16
cas,2016-07-14 16:34:27+00:00,bryantal,Conversation comment,2016-07,Thursday,16
cas,2016-07-14 16:34:49+00:00,bryantal,Conversation comment,2016-07,Thursday,16
cas,2016-07-14 16:35:27+00:00,bryantal,Conversation comment,2016-07,Thursday,16
cas,2016-07-14 16:36:02+00:00,bryantal,Conversation comment,2016-07,Thursday,16
cas,2016-07-14 16:36:14+00:00,bryantal,Conversation comment,2016-07,Thursday,16
cas,2016-07-14 16:36:43+00:00,bryantal,Conversation comment,2016-07,Thursday,16
cas,2016-07-14 19:43:58+00:00,bryantal,Conversation comment,2016-07,Thursday,19
cas,2016-07-14 19:44:50+00:00,bryantal,Conversation comment,2016-07,Thursday,19
cas,2016-07-14 19:45:10+00:00,bryantal,Conversation comment,2016-07,Thursday,19
cas,2016-07-14 19:45:37+00:00,bryantal,Conversation comment,2016-07,Thursday,19
cas,2016-07-14 19:45:57+00:00,bryantal,Conversation comment,2016-07,Thursday,19
cas,2016-07-15 20:46:51+00:00,bryantal,Conversation comment,2016-07,Friday,20
cas,2016-07-15 22:14:18+00:00,bryantal,Conversation comment,2016-07,Friday,22
cas,2016-07-18 11:48:54+00:00,bryantal,Conversation comment,2016-07,Monday,11
cas,2016-07-18 11:51:31+00:00,bryantal,Conversation comment,2016-07,Monday,11
cas,2016-07-18 11:54:43+00:00,bryantal,Conversation comment,2016-07,Monday,11
cas,2016-07-18 11:59:42+00:00,bryantal,Conversation comment,2016-07,Monday,11
cas,2016-07-18 12:05:11+00:00,bryantal,Conversation comment,2016-07,Monday,12
cas,2016-07-18 12:14:37+00:00,bryantal,Conversation comment,2016-07,Monday,12
cas,2016-07-18 12:16:51+00:00,bryantal,Conversation comment,2016-07,Monday,12
cas,2016-07-18 12:42:43+00:00,bryantal,Conversation comment,2016-07,Monday,12
cas,2016-07-18 13:12:26+00:00,bryantal,Conversation comment,2016-07,Monday,13
cas,2016-07-18 13:22:10+00:00,bryantal,Conversation comment,2016-07,Monday,13
cas,2016-07-18 13:25:08+00:00,bryantal,Conversation comment,2016-07,Monday,13
cas,2016-07-18 13:39:45+00:00,bryantal,Conversation comment,2016-07,Monday,13
cas,2016-07-18 13:41:21+00:00,bryantal,Conversation comment,2016-07,Monday,13
cas,2016-07-18 13:42:27+00:00,bryantal,Conversation comment,2016-07,Monday,13
cas,2016-07-18 13:54:04+00:00,bryantal,Conversation comment,2016-07,Monday,13
cas,2016-07-18 14:03:31+00:00,bryantal,Conversation comment,2016-07,Monday,14
cas,2016-07-18 14:13:33+00:00,bryantal,Conversation comment,2016-07,Monday,14
cas,2016-07-18 15:09:08+00:00,bryantal,Conversation comment,2016-07,Monday,15
cas,2016-07-18 15:13:09+00:00,bryantal,Conversation comment,2016-07,Monday,15
cas,2016-07-18 15:31:48+00:00,bryantal,Conversation comment,2016-07,Monday,15
cas,2016-07-18 16:14:06+00:00,bryantal,Conversation comment,2016-07,Monday,16
cas,2016-07-18 16:46:36+00:00,bryantal,Conversation comment,2016-07,Monday,16
cas,2016-07-18 17:15:26+00:00,bryantal,Conversation comment,2016-07,Monday,17
cas,2016-07-18 17:31:50+00:00,bryantal,Conversation comment,2016-07,Monday,17
cas,2016-07-18 17:34:31+00:00,bryantal,Conversation comment,2016-07,Monday,17
cas,2016-07-18 17:42:19+00:00,bryantal,Conversation comment,2016-07,Monday,17
cas,2016-07-18 17:44:12+00:00,bryantal,Conversation comment,2016-07,Monday,17
cas,2016-07-18 17:49:46+00:00,bryantal,Conversation comment,2016-07,Monday,17
cas,2016-07-18 17:51:45+00:00,bryantal,Conversation comment,2016-07,Monday,17
cas,2016-07-18 18:12:01+00:00,bryantal,Conversation comment,2016-07,Monday,18
cas,2016-07-18 18:12:30+00:00,bryantal,Conversation comment,2016-07,Monday,18
cas,2016-07-18 18:17:16+00:00,bryantal,Conversation comment,2016-07,Monday,18
cas,2016-07-18 18:19:44+00:00,bryantal,Conversation comment,2016-07,Monday,18
cas,2016-07-18 18:33:19+00:00,bryantal,Conversation comment,2016-07,Monday,18
cas,2016-07-19 12:24:04+00:00,bryantal,Conversation comment,2016-07,Tuesday,12
cas,2016-07-19 17:21:04+00:00,bryantal,Conversation comment,2016-07,Tuesday,17
cas,2016-07-27 15:53:08+00:00,bryantal,Conversation comment,2016-07,Wednesday,15
cas,2016-07-27 17:04:20+00:00,bryantal,Conversation comment,2016-07,Wednesday,17
cas,2016-07-27 17:05:12+00:00,bryantal,Conversation comment,2016-07,Wednesday,17
cas,2016-07-27 17:05:32+00:00,bryantal,Conversation comment,2016-07,Wednesday,17
cas,2016-07-27 17:06:37+00:00,bryantal,Conversation comment,2016-07,Wednesday,17
cas,2016-07-27 17:07:03+00:00,bryantal,Conversation comment,2016-07,Wednesday,17
cas,2016-07-27 17:07:24+00:00,bryantal,Conversation comment,2016-07,Wednesday,17
cas,2016-07-27 17:08:15+00:00,bryantal,Conversation comment,2016-07,Wednesday,17
cas,2016-07-27 17:09:05+00:00,bryantal,Conversation comment,2016-07,Wednesday,17
cas,2016-07-28 14:33:42+00:00,bryantal,Conversation comment,2016-07,Thursday,14
cas,2016-07-28 15:09:08+00:00,bryantal,Conversation comment,2016-07,Thursday,15
cas,2016-07-28 15:09:39+00:00,bryantal,Conversation comment,2016-07,Thursday,15
cas,2016-07-28 17:13:35+00:00,bryantal,Conversation comment,2016-07,Thursday,17
cas,2016-07-28 19:11:42+00:00,bryantal,Conversation comment,2016-07,Thursday,19
cas,2016-07-28 19:14:08+00:00,bryantal,Conversation comment,2016-07,Thursday,19
cas,2016-07-28 20:15:03+00:00,bryantal,Conversation comment,2016-07,Thursday,20
cas,2016-07-28 20:19:58+00:00,bryantal,Conversation comment,2016-07,Thursday,20
cas,2016-07-29 14:29:59+00:00,bryantal,Conversation comment,2016-07,Friday,14
cas,2016-07-29 14:53:28+00:00,bryantal,Conversation comment,2016-07,Friday,14
cas,2016-07-29 16:07:30+00:00,bryantal,Conversation comment,2016-07,Friday,16
cas,2016-07-29 17:10:14+00:00,bryantal,Conversation comment,2016-07,Friday,17
cas,2016-07-29 17:27:14+00:00,bryantal,Conversation comment,2016-07,Friday,17
cas,2016-07-31 15:47:59+00:00,bryantal,Conversation comment,2016-07,Sunday,15
cas,2016-07-31 15:49:20+00:00,bryantal,Conversation comment,2016-07,Sunday,15
cas,2016-08-01 14:24:44+00:00,bryantal,Conversation comment,2016-08,Monday,14
cas,2016-08-01 17:58:08+00:00,bryantal,Conversation comment,2016-08,Monday,17
cas,2016-08-10 20:15:29+00:00,bryantal,Conversation comment,2016-08,Wednesday,20
cas,2016-08-10 20:18:15+00:00,bryantal,Conversation comment,2016-08,Wednesday,20
cas,2016-08-11 13:51:20+00:00,bryantal,Conversation comment,2016-08,Thursday,13
cas,2016-08-11 13:51:47+00:00,bryantal,Conversation comment,2016-08,Thursday,13
cas,2016-08-11 13:52:08+00:00,bryantal,Conversation comment,2016-08,Thursday,13
cas,2016-08-11 13:52:23+00:00,bryantal,Conversation comment,2016-08,Thursday,13
cas,2016-09-06 00:28:18+00:00,bryantal,Conversation comment,2016-09,Tuesday,0
cas,2016-09-06 00:28:34+00:00,bryantal,Conversation comment,2016-09,Tuesday,0
cas,2016-09-16 03:20:39+00:00,bryantal,Conversation comment,2016-09,Friday,3
cas,2016-09-16 03:22:32+00:00,bryantal,Conversation comment,2016-09,Friday,3
cas,2016-09-27 19:18:04+00:00,bryantal,Conversation comment,2016-09,Tuesday,19
cas,2016-10-14 16:25:18+00:00,bryantal,Conversation comment,2016-10,Friday,16
cas,2016-10-20 19:44:32+00:00,bryantal,Conversation comment,2016-10,Thursday,19
cas,2016-10-20 19:54:43+00:00,bryantal,Conversation comment,2016-10,Thursday,19
cas,2016-10-26 17:01:11+00:00,bryantal,Conversation comment,2016-10,Wednesday,17
cas,2016-10-26 17:48:53+00:00,bryantal,Conversation comment,2016-10,Wednesday,17
cas,2016-10-26 17:49:28+00:00,bryantal,Conversation comment,2016-10,Wednesday,17
cas,2016-10-26 18:11:08+00:00,bryantal,Conversation comment,2016-10,Wednesday,18
cas,2016-11-01 16:37:10+00:00,bryantal,Conversation comment,2016-11,Tuesday,16
cas,2016-11-01 17:13:33+00:00,bryantal,Conversation comment,2016-11,Tuesday,17
cas,2016-11-01 19:14:12+00:00,bryantal,Conversation comment,2016-11,Tuesday,19
cas,2016-11-01 19:23:55+00:00,bryantal,Conversation comment,2016-11,Tuesday,19
cas,2016-11-01 19:40:00+00:00,bryantal,Conversation comment,2016-11,Tuesday,19
cas,2016-11-01 21:16:05+00:00,bryantal,Conversation comment,2016-11,Tuesday,21
cas,2016-11-01 21:17:17+00:00,bryantal,Conversation comment,2016-11,Tuesday,21
cas,2016-11-02 18:23:16+00:00,bryantal,Conversation comment,2016-11,Wednesday,18
cas,2016-11-04 16:29:27+00:00,bryantal,Conversation comment,2016-11,Friday,16
cas,2016-11-10 17:51:53+00:00,bryantal,Conversation comment,2016-11,Thursday,17
cas,2016-11-29 21:01:18+00:00,bryantal,Conversation comment,2016-11,Tuesday,21
cas,2017-02-14 13:55:25+00:00,bryantal,Conversation comment,2017-02,Tuesday,13
cas,2017-02-14 13:56:43+00:00,bryantal,Conversation comment,2017-02,Tuesday,13
cas,2017-02-14 13:59:00+00:00,bryantal,Conversation comment,2017-02,Tuesday,13
cas,2017-02-15 19:56:28+00:00,bryantal,Conversation comment,2017-02,Wednesday,19
cas,2017-02-15 19:57:46+00:00,bryantal,Conversation comment,2017-02,Wednesday,19
cas,2017-02-15 19:58:06+00:00,bryantal,Conversation comment,2017-02,Wednesday,19
cas,2017-02-15 20:20:49+00:00,bryantal,Conversation comment,2017-02,Wednesday,20
cas,2017-02-15 20:24:18+00:00,bryantal,Conversation comment,2017-02,Wednesday,20
cas,2017-02-15 20:28:49+00:00,bryantal,Conversation comment,2017-02,Wednesday,20
cas,2017-03-14 12:24:41+00:00,bryantal,Conversation comment,2017-03,Tuesday,12
cas,2017-03-14 12:26:37+00:00,bryantal,Conversation comment,2017-03,Tuesday,12
cas,2017-03-14 13:48:12+00:00,bryantal,Conversation comment,2017-03,Tuesday,13
cas,2017-03-14 16:41:59+00:00,bryantal,Conversation comment,2017-03,Tuesday,16
cas,2017-06-13 17:45:26+00:00,bryantal,Conversation comment,2017-06,Tuesday,17
cas,2017-06-13 18:22:57+00:00,bryantal,Conversation comment,2017-06,Tuesday,18
cas,2017-06-15 19:16:07+00:00,bryantal,Conversation comment,2017-06,Thursday,19
cas,2017-06-16 13:01:37+00:00,bryantal,Conversation comment,2017-06,Friday,13
cas,2017-06-22 17:22:47+00:00,bryantal,Conversation comment,2017-06,Thursday,17
cas,2017-06-22 19:18:34+00:00,bryantal,Conversation comment,2017-06,Thursday,19
cas,2017-07-30 22:17:44+00:00,bryantal,Conversation comment,2017-07,Sunday,22
cas,2017-07-30 22:18:33+00:00,bryantal,Conversation comment,2017-07,Sunday,22
cas,2017-07-30 22:19:59+00:00,bryantal,Conversation comment,2017-07,Sunday,22
cas,2017-07-30 22:21:22+00:00,bryantal,Conversation comment,2017-07,Sunday,22
cas,2017-07-31 01:35:50+00:00,bryantal,Conversation comment,2017-07,Monday,1
cas,2017-08-29 14:07:10+00:00,bryantal,Conversation comment,2017-08,Tuesday,14
cas,2017-08-29 15:21:09+00:00,bryantal,Conversation comment,2017-08,Tuesday,15
cas,2017-08-29 16:13:43+00:00,bryantal,Conversation comment,2017-08,Tuesday,16
cas,2017-08-31 16:14:06+00:00,bryantal,Conversation comment,2017-08,Thursday,16
cas,2017-09-07 17:20:34+00:00,bryantal,Conversation comment,2017-09,Thursday,17
cas,2017-09-09 02:42:25+00:00,bryantal,Conversation comment,2017-09,Saturday,2
cas,2017-09-09 02:42:53+00:00,bryantal,Conversation comment,2017-09,Saturday,2
cas,2017-09-11 15:16:05+00:00,bryantal,Conversation comment,2017-09,Monday,15
cas,2017-09-12 00:23:49+00:00,bryantal,Conversation comment,2017-09,Tuesday,0
cas,2017-09-12 13:44:08+00:00,bryantal,Conversation comment,2017-09,Tuesday,13
cas,2017-09-12 13:44:08+00:00,bryantal,Conversation comment,2017-09,Tuesday,13
cas,2017-09-12 14:51:40+00:00,bryantal,Conversation comment,2017-09,Tuesday,14
cas,2017-09-12 15:42:39+00:00,bryantal,Conversation comment,2017-09,Tuesday,15
cas,2017-09-12 16:00:02+00:00,bryantal,Conversation comment,2017-09,Tuesday,16
cas,2017-09-12 17:27:42+00:00,bryantal,Conversation comment,2017-09,Tuesday,17
cas,2017-09-12 18:19:43+00:00,bryantal,Conversation comment,2017-09,Tuesday,18
cas,2017-09-13 13:02:28+00:00,bryantal,Conversation comment,2017-09,Wednesday,13
cas,2017-09-13 17:36:11+00:00,bryantal,Conversation comment,2017-09,Wednesday,17
cas,2017-09-14 12:11:26+00:00,bryantal,Conversation comment,2017-09,Thursday,12
cas,2017-09-14 12:29:45+00:00,bryantal,Conversation comment,2017-09,Thursday,12
cas,2017-09-14 13:18:38+00:00,bryantal,Conversation comment,2017-09,Thursday,13
cas,2017-09-15 15:02:18+00:00,bryantal,Conversation comment,2017-09,Friday,15
cas,2017-09-18 19:58:04+00:00,bryantal,Conversation comment,2017-09,Monday,19
cas,2017-09-21 14:09:06+00:00,bryantal,Conversation comment,2017-09,Thursday,14
cas,2017-09-25 02:26:36+00:00,bryantal,Conversation comment,2017-09,Monday,2
cas,2017-09-26 16:15:50+00:00,bryantal,Conversation comment,2017-09,Tuesday,16
cas,2017-09-27 14:37:25+00:00,bryantal,Conversation comment,2017-09,Wednesday,14
cas,2017-09-27 14:51:40+00:00,bryantal,Conversation comment,2017-09,Wednesday,14
cas,2017-09-27 19:50:08+00:00,bryantal,Conversation comment,2017-09,Wednesday,19
cas,2017-09-27 20:10:01+00:00,bryantal,Conversation comment,2017-09,Wednesday,20
cas,2017-09-27 20:38:13+00:00,bryantal,Conversation comment,2017-09,Wednesday,20
cas,2017-09-27 21:51:19+00:00,bryantal,Conversation comment,2017-09,Wednesday,21
cas,2017-09-27 21:51:19+00:00,bryantal,Conversation comment,2017-09,Wednesday,21
cas,2017-10-03 13:15:47+00:00,bryantal,Conversation comment,2017-10,Tuesday,13
cas,2017-10-03 13:47:50+00:00,bryantal,Conversation comment,2017-10,Tuesday,13
cas,2017-10-04 19:26:36+00:00,bryantal,Conversation comment,2017-10,Wednesday,19
cas,2017-10-04 20:33:01+00:00,bryantal,Conversation comment,2017-10,Wednesday,20
cas,2017-10-05 03:01:46+00:00,bryantal,Conversation comment,2017-10,Thursday,3
cas,2017-10-05 13:20:41+00:00,bryantal,Conversation comment,2017-10,Thursday,13
cas,2017-10-05 14:52:19+00:00,bryantal,Conversation comment,2017-10,Thursday,14
cas,2017-10-05 14:52:43+00:00,bryantal,Conversation comment,2017-10,Thursday,14
cas,2017-10-05 14:53:41+00:00,bryantal,Conversation comment,2017-10,Thursday,14
cas,2017-10-05 14:54:00+00:00,bryantal,Conversation comment,2017-10,Thursday,14
cas,2017-10-05 14:55:08+00:00,bryantal,Conversation comment,2017-10,Thursday,14
cas,2017-10-05 17:37:51+00:00,bryantal,Conversation comment,2017-10,Thursday,17
cas,2017-10-05 17:40:32+00:00,bryantal,Conversation comment,2017-10,Thursday,17
cas,2017-10-05 18:06:47+00:00,bryantal,Conversation comment,2017-10,Thursday,18
cas,2017-10-05 18:16:25+00:00,bryantal,Conversation comment,2017-10,Thursday,18
cas,2017-10-05 18:39:10+00:00,bryantal,Conversation comment,2017-10,Thursday,18
cas,2017-10-05 18:40:17+00:00,bryantal,Conversation comment,2017-10,Thursday,18
cas,2017-10-05 18:40:17+00:00,bryantal,Conversation comment,2017-10,Thursday,18
cas,2017-10-06 13:04:13+00:00,bryantal,Conversation comment,2017-10,Friday,13
cas,2017-10-06 13:19:47+00:00,bryantal,Conversation comment,2017-10,Friday,13
cas,2017-10-06 13:20:52+00:00,bryantal,Conversation comment,2017-10,Friday,13
cas,2017-10-06 15:09:33+00:00,bryantal,Conversation comment,2017-10,Friday,15
cas,2017-10-06 17:35:34+00:00,bryantal,Conversation comment,2017-10,Friday,17
cas,2017-10-06 17:38:26+00:00,bryantal,Conversation comment,2017-10,Friday,17
cas,2017-10-07 02:29:54+00:00,bryantal,Conversation comment,2017-10,Saturday,2
cas,2017-10-09 19:19:04+00:00,bryantal,Conversation comment,2017-10,Monday,19
cas,2017-10-09 19:57:56+00:00,bryantal,Conversation comment,2017-10,Monday,19
cas,2017-10-09 20:00:23+00:00,bryantal,Conversation comment,2017-10,Monday,20
cas,2017-10-09 20:08:08+00:00,bryantal,Conversation comment,2017-10,Monday,20
cas,2017-10-10 12:30:19+00:00,bryantal,Conversation comment,2017-10,Tuesday,12
cas,2017-10-10 15:06:02+00:00,bryantal,Conversation comment,2017-10,Tuesday,15
cas,2017-10-10 16:04:33+00:00,bryantal,Conversation comment,2017-10,Tuesday,16
cas,2017-10-11 12:30:29+00:00,bryantal,Conversation comment,2017-10,Wednesday,12
cas,2017-10-12 12:51:00+00:00,bryantal,Conversation comment,2017-10,Thursday,12
cas,2017-10-12 21:16:00+00:00,bryantal,Conversation comment,2017-10,Thursday,21
cas,2017-10-13 12:21:53+00:00,bryantal,Conversation comment,2017-10,Friday,12
cas,2017-10-13 12:23:52+00:00,bryantal,Conversation comment,2017-10,Friday,12
cas,2017-10-13 20:06:32+00:00,bryantal,Conversation comment,2017-10,Friday,20
cas,2017-10-15 19:10:21+00:00,bryantal,Conversation comment,2017-10,Sunday,19
cas,2017-10-15 19:14:42+00:00,bryantal,Conversation comment,2017-10,Sunday,19
cas,2017-10-15 23:40:02+00:00,bryantal,Conversation comment,2017-10,Sunday,23
cas,2017-10-17 14:16:26+00:00,bryantal,Conversation comment,2017-10,Tuesday,14
cas,2017-10-17 17:55:02+00:00,bryantal,Conversation comment,2017-10,Tuesday,17
cas,2017-10-26 17:34:11+00:00,bryantal,Conversation comment,2017-10,Thursday,17
cas,2017-10-26 17:34:11+00:00,bryantal,Conversation comment,2017-10,Thursday,17
cas,2017-10-26 17:34:11+00:00,bryantal,Conversation comment,2017-10,Thursday,17
cas,2017-10-26 17:34:11+00:00,bryantal,Conversation comment,2017-10,Thursday,17
cas,2017-10-26 17:34:11+00:00,bryantal,Conversation comment,2017-10,Thursday,17
cas,2017-10-26 17:44:33+00:00,bryantal,Conversation comment,2017-10,Thursday,17
cas,2017-10-31 15:02:08+00:00,bryantal,Conversation comment,2017-10,Tuesday,15
cas,2017-11-08 13:46:38+00:00,bryantal,Conversation comment,2017-11,Wednesday,13
cas,2017-11-21 17:12:55+00:00,bryantal,Conversation comment,2017-11,Tuesday,17
cas,2017-11-27 13:52:59+00:00,bryantal,Conversation comment,2017-11,Monday,13
cas,2017-11-27 13:53:29+00:00,bryantal,Conversation comment,2017-11,Monday,13
cas,2017-11-28 15:43:50+00:00,bryantal,Conversation comment,2017-11,Tuesday,15
cas,2017-11-30 14:58:40+00:00,bryantal,Conversation comment,2017-11,Thursday,14
cas,2017-11-30 20:15:47+00:00,bryantal,Conversation comment,2017-11,Thursday,20
cas,2017-11-30 20:17:11+00:00,bryantal,Conversation comment,2017-11,Thursday,20
cas,2017-11-30 20:18:39+00:00,bryantal,Conversation comment,2017-11,Thursday,20
cas,2017-11-30 22:15:29+00:00,bryantal,Conversation comment,2017-11,Thursday,22
cas,2017-12-02 06:03:18+00:00,bryantal,Conversation comment,2017-12,Saturday,6
cas,2017-12-04 22:19:19+00:00,bryantal,Conversation comment,2017-12,Monday,22
cas,2017-12-04 23:12:46+00:00,bryantal,Conversation comment,2017-12,Monday,23
cas,2017-12-05 13:25:23+00:00,bryantal,Conversation comment,2017-12,Tuesday,13
cas,2017-12-05 14:49:06+00:00,bryantal,Conversation comment,2017-12,Tuesday,14
cas,2017-12-05 15:06:52+00:00,bryantal,Conversation comment,2017-12,Tuesday,15
cas,2017-12-05 17:01:30+00:00,bryantal,Conversation comment,2017-12,Tuesday,17
cas,2017-12-05 18:32:13+00:00,bryantal,Conversation comment,2017-12,Tuesday,18
cas,2017-12-05 20:10:25+00:00,bryantal,Conversation comment,2017-12,Tuesday,20
cas,2017-12-07 18:16:13+00:00,bryantal,Conversation comment,2017-12,Thursday,18
cas,2017-12-07 18:18:43+00:00,bryantal,Conversation comment,2017-12,Thursday,18
cas,2017-12-07 21:05:09+00:00,bryantal,Conversation comment,2017-12,Thursday,21
cas,2017-12-08 14:32:04+00:00,bryantal,Conversation comment,2017-12,Friday,14
cas,2017-12-11 15:44:58+00:00,bryantal,Conversation comment,2017-12,Monday,15
cas,2017-12-12 15:35:14+00:00,bryantal,Conversation comment,2017-12,Tuesday,15
cas,2017-12-12 15:49:21+00:00,bryantal,Conversation comment,2017-12,Tuesday,15
cas,2017-12-14 15:42:51+00:00,bryantal,Conversation comment,2017-12,Thursday,15
cas,2018-01-02 15:13:48+00:00,bryantal,Conversation comment,2018-01,Tuesday,15
cas,2018-01-09 20:46:42+00:00,bryantal,Conversation comment,2018-01,Tuesday,20
cas,2018-01-11 15:57:30+00:00,bryantal,Conversation comment,2018-01,Thursday,15
cas,2018-01-24 15:49:37+00:00,bryantal,Conversation comment,2018-01,Wednesday,15
cas,2018-01-24 15:51:38+00:00,bryantal,Conversation comment,2018-01,Wednesday,15
cas,2018-01-24 15:55:22+00:00,bryantal,Conversation comment,2018-01,Wednesday,15
cas,2018-01-24 16:00:46+00:00,bryantal,Conversation comment,2018-01,Wednesday,16
cas,2018-01-24 16:01:46+00:00,bryantal,Conversation comment,2018-01,Wednesday,16
cas,2018-01-26 16:10:05+00:00,bryantal,Conversation comment,2018-01,Friday,16
cas,2018-01-26 16:11:37+00:00,bryantal,Conversation comment,2018-01,Friday,16
cas,2018-02-13 15:55:12+00:00,bryantal,Conversation comment,2018-02,Tuesday,15
cas,2018-02-13 15:57:40+00:00,bryantal,Conversation comment,2018-02,Tuesday,15
cas,2018-02-19 17:57:50+00:00,bryantal,Conversation comment,2018-02,Monday,17
cas,2018-02-28 14:55:36+00:00,bryantal,Conversation comment,2018-02,Wednesday,14
cas,2018-06-12 14:51:50+00:00,bryantal,Conversation comment,2018-06,Tuesday,14
cas,2018-06-12 15:23:02+00:00,bryantal,Conversation comment,2018-06,Tuesday,15
cas,2018-06-12 15:24:40+00:00,bryantal,Conversation comment,2018-06,Tuesday,15
cas,2018-06-12 18:09:04+00:00,bryantal,Conversation comment,2018-06,Tuesday,18
cas,2018-06-12 18:59:20+00:00,bryantal,Conversation comment,2018-06,Tuesday,18
cas,2018-06-12 20:42:47+00:00,bryantal,Conversation comment,2018-06,Tuesday,20
cas,2018-06-12 20:45:32+00:00,bryantal,Conversation comment,2018-06,Tuesday,20
cas,2018-06-12 20:52:09+00:00,bryantal,Conversation comment,2018-06,Tuesday,20
cas,2018-06-13 13:50:17+00:00,bryantal,Conversation comment,2018-06,Wednesday,13
cas,2018-06-13 14:00:05+00:00,bryantal,Conversation comment,2018-06,Wednesday,14
cas,2018-06-13 14:29:01+00:00,bryantal,Conversation comment,2018-06,Wednesday,14
cas,2018-06-27 03:05:15+00:00,bryantal,Conversation comment,2018-06,Wednesday,3
cas,2018-07-03 15:08:35+00:00,bryantal,Conversation comment,2018-07,Tuesday,15
cas,2018-08-03 17:46:55+00:00,bryantal,Conversation comment,2018-08,Friday,17
cas,2018-08-14 19:20:05+00:00,bryantal,Conversation comment,2018-08,Tuesday,19
cas,2018-08-22 15:34:58+00:00,bryantal,Conversation comment,2018-08,Wednesday,15
cas,2018-08-22 15:38:06+00:00,bryantal,Conversation comment,2018-08,Wednesday,15
cas,2018-08-22 19:50:05+00:00,bryantal,Conversation comment,2018-08,Wednesday,19
cas,2018-08-23 17:44:23+00:00,bryantal,Conversation comment,2018-08,Thursday,17
cas,2018-08-23 20:15:11+00:00,bryantal,Conversation comment,2018-08,Thursday,20
cas,2018-08-24 22:07:02+00:00,bryantal,Conversation comment,2018-08,Friday,22
cas,2018-08-27 14:56:54+00:00,bryantal,Conversation comment,2018-08,Monday,14
cas,2018-08-27 17:55:15+00:00,bryantal,Conversation comment,2018-08,Monday,17
cas,2018-08-27 18:00:54+00:00,bryantal,Conversation comment,2018-08,Monday,18
cas,2018-08-28 17:54:21+00:00,bryantal,Conversation comment,2018-08,Tuesday,17
cas,2018-08-28 18:06:03+00:00,bryantal,Conversation comment,2018-08,Tuesday,18
cas,2018-08-29 17:43:30+00:00,bryantal,Conversation comment,2018-08,Wednesday,17
cas,2018-08-29 19:18:33+00:00,bryantal,Conversation comment,2018-08,Wednesday,19
cas,2018-08-29 19:21:07+00:00,bryantal,Conversation comment,2018-08,Wednesday,19
cas,2018-08-29 20:07:37+00:00,bryantal,Conversation comment,2018-08,Wednesday,20
cas,2018-08-29 20:32:33+00:00,bryantal,Conversation comment,2018-08,Wednesday,20
cas,2018-09-03 23:47:56+00:00,bryantal,Conversation comment,2018-09,Monday,23
cas,2018-09-04 17:48:45+00:00,bryantal,Conversation comment,2018-09,Tuesday,17
cas,2018-09-04 19:02:22+00:00,bryantal,Conversation comment,2018-09,Tuesday,19
cas,2018-09-04 19:04:53+00:00,bryantal,Conversation comment,2018-09,Tuesday,19
cas,2018-09-04 19:24:48+00:00,bryantal,Conversation comment,2018-09,Tuesday,19
cas,2018-09-04 20:12:00+00:00,bryantal,Conversation comment,2018-09,Tuesday,20
cas,2018-09-04 20:12:16+00:00,bryantal,Conversation comment,2018-09,Tuesday,20
cas,2018-09-05 03:01:08+00:00,bryantal,Conversation comment,2018-09,Wednesday,3
cas,2018-09-07 20:01:41+00:00,bryantal,Conversation comment,2018-09,Friday,20
cas,2018-09-07 20:19:08+00:00,bryantal,Conversation comment,2018-09,Friday,20
cas,2018-09-07 20:20:17+00:00,bryantal,Conversation comment,2018-09,Friday,20
cas,2018-09-07 20:20:44+00:00,bryantal,Conversation comment,2018-09,Friday,20
cas,2018-09-07 20:21:22+00:00,bryantal,Conversation comment,2018-09,Friday,20
cas,2018-09-07 20:21:48+00:00,bryantal,Conversation comment,2018-09,Friday,20
cas,2018-09-07 20:23:03+00:00,bryantal,Conversation comment,2018-09,Friday,20
cas,2018-09-07 20:24:09+00:00,bryantal,Conversation comment,2018-09,Friday,20
cas,2018-09-07 20:51:12+00:00,bryantal,Conversation comment,2018-09,Friday,20
cas,2018-09-10 14:57:42+00:00,bryantal,Conversation comment,2018-09,Monday,14
cas,2018-09-10 20:06:57+00:00,bryantal,Conversation comment,2018-09,Monday,20
cas,2018-09-11 16:59:09+00:00,bryantal,Conversation comment,2018-09,Tuesday,16
cas,2018-09-11 20:05:26+00:00,bryantal,Conversation comment,2018-09,Tuesday,20
cas,2018-09-11 20:39:58+00:00,bryantal,Conversation comment,2018-09,Tuesday,20
cas,2018-09-14 18:24:12+00:00,bryantal,Conversation comment,2018-09,Friday,18
cas,2018-09-24 15:09:07+00:00,bryantal,Conversation comment,2018-09,Monday,15
cas,2018-09-25 17:26:05+00:00,bryantal,Conversation comment,2018-09,Tuesday,17
cas,2018-09-25 17:40:47+00:00,bryantal,Conversation comment,2018-09,Tuesday,17
cas,2018-09-25 19:31:21+00:00,bryantal,Conversation comment,2018-09,Tuesday,19
cas,2018-09-25 19:32:45+00:00,bryantal,Conversation comment,2018-09,Tuesday,19
cas,2018-09-26 17:58:10+00:00,bryantal,Conversation comment,2018-09,Wednesday,17
cas,2018-09-27 15:14:19+00:00,bryantal,Conversation comment,2018-09,Thursday,15
cas,2018-09-27 15:45:07+00:00,bryantal,Conversation comment,2018-09,Thursday,15
cas,2018-09-27 15:45:09+00:00,bryantal,Conversation comment,2018-09,Thursday,15
cas,2018-09-28 18:05:09+00:00,bryantal,Conversation comment,2018-09,Friday,18
cas,2018-10-01 16:14:23+00:00,bryantal,Conversation comment,2018-10,Monday,16
cas,2018-10-01 16:51:52+00:00,bryantal,Conversation comment,2018-10,Monday,16
cas,2018-10-01 16:56:33+00:00,bryantal,Conversation comment,2018-10,Monday,16
cas,2018-10-02 17:23:04+00:00,bryantal,Conversation comment,2018-10,Tuesday,17
cas,2018-10-02 17:24:14+00:00,bryantal,Conversation comment,2018-10,Tuesday,17
cas,2018-10-02 17:26:39+00:00,bryantal,Conversation comment,2018-10,Tuesday,17
cas,2018-10-02 17:27:44+00:00,bryantal,Conversation comment,2018-10,Tuesday,17
cas,2018-10-02 17:30:24+00:00,bryantal,Conversation comment,2018-10,Tuesday,17
cas,2018-10-02 17:30:55+00:00,bryantal,Conversation comment,2018-10,Tuesday,17
cas,2018-10-02 17:31:54+00:00,bryantal,Conversation comment,2018-10,Tuesday,17
cas,2018-10-02 18:47:25+00:00,bryantal,Conversation comment,2018-10,Tuesday,18
cas,2018-10-04 16:04:56+00:00,bryantal,Conversation comment,2018-10,Thursday,16
cas,2018-10-05 16:03:48+00:00,bryantal,Conversation comment,2018-10,Friday,16
cas,2018-10-05 16:47:50+00:00,bryantal,Conversation comment,2018-10,Friday,16
cas,2018-10-05 16:56:54+00:00,bryantal,Conversation comment,2018-10,Friday,16
cas,2018-10-10 15:55:00+00:00,bryantal,Conversation comment,2018-10,Wednesday,15
cas,2018-10-11 15:44:10+00:00,bryantal,Conversation comment,2018-10,Thursday,15
cas,2018-10-11 19:31:35+00:00,bryantal,Conversation comment,2018-10,Thursday,19
cas,2018-10-12 20:16:49+00:00,bryantal,Conversation comment,2018-10,Friday,20
cas,2018-10-12 21:12:34+00:00,bryantal,Conversation comment,2018-10,Friday,21
cas,2018-10-15 19:13:53+00:00,bryantal,Conversation comment,2018-10,Monday,19
cas,2018-10-15 19:15:01+00:00,bryantal,Conversation comment,2018-10,Monday,19
cas,2018-10-15 22:49:43+00:00,bryantal,Conversation comment,2018-10,Monday,22
cas,2018-10-16 17:27:47+00:00,bryantal,Conversation comment,2018-10,Tuesday,17
cas,2018-10-23 19:12:25+00:00,bryantal,Conversation comment,2018-10,Tuesday,19
cas,2018-10-24 19:51:58+00:00,bryantal,Conversation comment,2018-10,Wednesday,19
cas,2018-10-24 19:52:40+00:00,bryantal,Conversation comment,2018-10,Wednesday,19
cas,2018-10-24 19:53:23+00:00,bryantal,Conversation comment,2018-10,Wednesday,19
cas,2018-10-24 19:53:46+00:00,bryantal,Conversation comment,2018-10,Wednesday,19
cas,2018-10-24 19:53:56+00:00,bryantal,Conversation comment,2018-10,Wednesday,19
cas,2018-10-25 14:30:12+00:00,bryantal,Conversation comment,2018-10,Thursday,14
cas,2018-11-06 20:00:35+00:00,bryantal,Conversation comment,2018-11,Tuesday,20
cas,2018-11-15 18:36:52+00:00,bryantal,Conversation comment,2018-11,Thursday,18
cas,2018-11-15 18:55:14+00:00,bryantal,Conversation comment,2018-11,Thursday,18
cas,2018-11-29 02:48:37+00:00,bryantal,Conversation comment,2018-11,Thursday,2
cas,2018-12-04 19:08:50+00:00,bryantal,Conversation comment,2018-12,Tuesday,19
cas,2018-12-05 21:44:15+00:00,bryantal,Conversation comment,2018-12,Wednesday,21
cas,2018-12-10 16:20:50+00:00,bryantal,Conversation comment,2018-12,Monday,16
cas,2018-12-10 16:23:47+00:00,bryantal,Conversation comment,2018-12,Monday,16
cas,2019-01-10 20:24:13+00:00,bryantal,Conversation comment,2019-01,Thursday,20
cas,2019-01-10 20:26:39+00:00,bryantal,Conversation comment,2019-01,Thursday,20
cas,2019-01-10 21:25:05+00:00,bryantal,Conversation comment,2019-01,Thursday,21
cas,2019-01-16 19:40:54+00:00,bryantal,Conversation comment,2019-01,Wednesday,19
cas,2019-01-16 19:43:09+00:00,bryantal,Conversation comment,2019-01,Wednesday,19
cas,2019-01-17 20:46:33+00:00,bryantal,Conversation comment,2019-01,Thursday,20
cas,2019-01-17 20:57:21+00:00,bryantal,Conversation comment,2019-01,Thursday,20
cas,2019-01-21 17:11:36+00:00,bryantal,Conversation comment,2019-01,Monday,17
cas,2019-01-22 18:26:59+00:00,bryantal,Conversation comment,2019-01,Tuesday,18
cas,2019-01-24 06:10:24+00:00,bryantal,Conversation comment,2019-01,Thursday,6
cas,2019-01-24 21:02:51+00:00,bryantal,Conversation comment,2019-01,Thursday,21
cas,2019-01-28 14:01:18+00:00,bryantal,Conversation comment,2019-01,Monday,14
cas,2019-01-28 17:50:27+00:00,bryantal,Conversation comment,2019-01,Monday,17
cas,2019-01-29 15:13:01+00:00,bryantal,Conversation comment,2019-01,Tuesday,15
cas,2019-01-29 15:30:36+00:00,bryantal,Conversation comment,2019-01,Tuesday,15
cas,2019-01-29 15:35:14+00:00,bryantal,Conversation comment,2019-01,Tuesday,15
cas,2019-01-29 15:37:32+00:00,bryantal,Conversation comment,2019-01,Tuesday,15
cas,2019-01-29 15:43:39+00:00,bryantal,Conversation comment,2019-01,Tuesday,15
cas,2019-01-29 15:45:29+00:00,bryantal,Conversation comment,2019-01,Tuesday,15
cas,2019-01-29 15:47:41+00:00,bryantal,Conversation comment,2019-01,Tuesday,15
cas,2019-01-29 15:50:04+00:00,bryantal,Conversation comment,2019-01,Tuesday,15
cas,2019-01-29 15:50:22+00:00,bryantal,Conversation comment,2019-01,Tuesday,15
cas,2019-01-29 15:51:33+00:00,bryantal,Conversation comment,2019-01,Tuesday,15
cas,2019-01-29 15:52:10+00:00,bryantal,Conversation comment,2019-01,Tuesday,15
cas,2019-01-29 15:53:19+00:00,bryantal,Conversation comment,2019-01,Tuesday,15
cas,2019-01-29 15:55:21+00:00,bryantal,Conversation comment,2019-01,Tuesday,15
cas,2019-01-29 16:01:10+00:00,bryantal,Conversation comment,2019-01,Tuesday,16
cas,2019-01-29 16:01:54+00:00,bryantal,Conversation comment,2019-01,Tuesday,16
cas,2019-01-29 16:05:09+00:00,bryantal,Conversation comment,2019-01,Tuesday,16
cas,2019-01-29 16:07:06+00:00,bryantal,Conversation comment,2019-01,Tuesday,16
cas,2019-01-29 16:09:36+00:00,bryantal,Conversation comment,2019-01,Tuesday,16
cas,2019-01-29 16:12:01+00:00,bryantal,Conversation comment,2019-01,Tuesday,16
cas,2019-01-29 16:12:44+00:00,bryantal,Conversation comment,2019-01,Tuesday,16
cas,2019-01-29 16:17:03+00:00,bryantal,Conversation comment,2019-01,Tuesday,16
cas,2019-01-29 16:37:42+00:00,bryantal,Conversation comment,2019-01,Tuesday,16
cas,2019-01-29 16:38:46+00:00,bryantal,Conversation comment,2019-01,Tuesday,16
cas,2019-01-29 16:39:46+00:00,bryantal,Conversation comment,2019-01,Tuesday,16
cas,2019-01-29 16:40:38+00:00,bryantal,Conversation comment,2019-01,Tuesday,16
cas,2019-01-29 16:42:11+00:00,bryantal,Conversation comment,2019-01,Tuesday,16
cas,2019-01-29 16:56:15+00:00,bryantal,Conversation comment,2019-01,Tuesday,16
cas,2019-01-29 19:03:39+00:00,bryantal,Conversation comment,2019-01,Tuesday,19
cas,2019-01-30 16:14:49+00:00,bryantal,Conversation comment,2019-01,Wednesday,16
cas,2019-01-30 16:32:52+00:00,bryantal,Conversation comment,2019-01,Wednesday,16
cas,2019-01-30 16:40:48+00:00,bryantal,Conversation comment,2019-01,Wednesday,16
cas,2019-01-30 17:02:04+00:00,bryantal,Conversation comment,2019-01,Wednesday,17
cas,2019-01-31 15:37:24+00:00,bryantal,Conversation comment,2019-01,Thursday,15
cas,2019-01-31 15:41:40+00:00,bryantal,Conversation comment,2019-01,Thursday,15
cas,2019-02-01 20:45:49+00:00,bryantal,Conversation comment,2019-02,Friday,20
cas,2019-02-04 17:44:00+00:00,bryantal,Conversation comment,2019-02,Monday,17
cas,2019-02-04 17:44:23+00:00,bryantal,Conversation comment,2019-02,Monday,17
cas,2019-02-04 17:54:24+00:00,bryantal,Conversation comment,2019-02,Monday,17
cas,2019-02-04 17:55:14+00:00,bryantal,Conversation comment,2019-02,Monday,17
cas,2019-02-04 18:38:15+00:00,bryantal,Conversation comment,2019-02,Monday,18
cas,2019-02-05 00:58:18+00:00,bryantal,Conversation comment,2019-02,Tuesday,0
cas,2019-02-05 00:58:34+00:00,bryantal,Conversation comment,2019-02,Tuesday,0
cas,2019-02-06 20:04:42+00:00,bryantal,Conversation comment,2019-02,Wednesday,20
cas,2019-02-07 21:19:11+00:00,bryantal,Conversation comment,2019-02,Thursday,21
cas,2019-02-12 19:27:27+00:00,bryantal,Conversation comment,2019-02,Tuesday,19
cas,2019-02-12 21:03:50+00:00,bryantal,Conversation comment,2019-02,Tuesday,21
cas,2019-02-13 19:48:40+00:00,bryantal,Conversation comment,2019-02,Wednesday,19
cas,2019-02-25 21:53:23+00:00,bryantal,Conversation comment,2019-02,Monday,21
cas,2019-03-13 19:18:49+00:00,bryantal,Conversation comment,2019-03,Wednesday,19
cas,2019-03-13 21:31:54+00:00,bryantal,Conversation comment,2019-03,Wednesday,21
cas,2019-03-14 13:38:38+00:00,bryantal,Conversation comment,2019-03,Thursday,13
cas,2019-03-14 13:50:01+00:00,bryantal,Conversation comment,2019-03,Thursday,13
cas,2019-03-14 13:54:42+00:00,bryantal,Conversation comment,2019-03,Thursday,13
cas,2019-03-14 14:04:13+00:00,bryantal,Conversation comment,2019-03,Thursday,14
cas,2019-03-21 20:16:53+00:00,bryantal,Conversation comment,2019-03,Thursday,20
cas,2019-03-25 19:27:43+00:00,bryantal,Conversation comment,2019-03,Monday,19
cas,2019-03-28 18:11:14+00:00,bryantal,Conversation comment,2019-03,Thursday,18
cas,2019-03-28 20:17:49+00:00,bryantal,Conversation comment,2019-03,Thursday,20
cas,2019-04-01 16:56:06+00:00,bryantal,Conversation comment,2019-04,Monday,16
cas,2019-04-04 02:47:25+00:00,bryantal,Conversation comment,2019-04,Thursday,2
cas,2019-04-04 02:48:01+00:00,bryantal,Conversation comment,2019-04,Thursday,2
cas,2019-04-04 19:30:42+00:00,bryantal,Conversation comment,2019-04,Thursday,19
cas,2019-04-11 20:09:43+00:00,bryantal,Conversation comment,2019-04,Thursday,20
cas,2019-04-12 19:09:17+00:00,bryantal,Conversation comment,2019-04,Friday,19
cas,2019-04-17 17:33:45+00:00,bryantal,Conversation comment,2019-04,Wednesday,17
cas,2019-05-17 17:51:40+00:00,bryantal,Conversation comment,2019-05,Friday,17
cas,2019-05-20 17:22:16+00:00,bryantal,Conversation comment,2019-05,Monday,17
cas,2019-05-20 21:13:18+00:00,bryantal,Conversation comment,2019-05,Monday,21
cas,2019-05-23 18:05:22+00:00,bryantal,Conversation comment,2019-05,Thursday,18
cas,2019-05-24 18:17:00+00:00,bryantal,Conversation comment,2019-05,Friday,18
cas,2019-05-24 18:18:00+00:00,bryantal,Conversation comment,2019-05,Friday,18
cas,2019-05-24 18:18:45+00:00,bryantal,Conversation comment,2019-05,Friday,18
cas,2019-05-24 18:18:59+00:00,bryantal,Conversation comment,2019-05,Friday,18
cas,2019-05-24 18:19:13+00:00,bryantal,Conversation comment,2019-05,Friday,18
cas,2019-05-24 18:19:28+00:00,bryantal,Conversation comment,2019-05,Friday,18
cas,2019-05-24 18:21:13+00:00,bryantal,Conversation comment,2019-05,Friday,18
cas,2019-05-24 19:14:01+00:00,bryantal,Conversation comment,2019-05,Friday,19
cas,2019-05-24 19:20:09+00:00,bryantal,Conversation comment,2019-05,Friday,19
cas,2019-06-03 20:04:22+00:00,bryantal,Conversation comment,2019-06,Monday,20
cas,2019-06-03 20:31:19+00:00,bryantal,Conversation comment,2019-06,Monday,20
cas,2019-06-03 20:34:27+00:00,bryantal,Conversation comment,2019-06,Monday,20
cas,2019-09-25 16:09:39+00:00,bryantal,Conversation comment,2019-09,Wednesday,16
cas,2019-09-27 17:54:25+00:00,bryantal,Conversation comment,2019-09,Friday,17
cas,2019-09-30 20:07:29+00:00,bryantal,Conversation comment,2019-09,Monday,20
cas,2019-09-30 20:07:59+00:00,bryantal,Conversation comment,2019-09,Monday,20
cas,2019-11-25 14:51:24+00:00,bryantal,Conversation comment,2019-11,Monday,14
cas,2019-11-25 14:53:21+00:00,bryantal,Conversation comment,2019-11,Monday,14
cas,2019-11-25 14:53:48+00:00,bryantal,Conversation comment,2019-11,Monday,14
cas,2020-01-30 19:58:56+00:00,bryantal,Conversation comment,2020-01,Thursday,19
cas,2020-01-30 20:00:14+00:00,bryantal,Conversation comment,2020-01,Thursday,20
cas,2020-01-30 20:06:38+00:00,bryantal,Conversation comment,2020-01,Thursday,20
cas,2020-01-30 20:25:01+00:00,bryantal,Conversation comment,2020-01,Thursday,20
cas,2020-01-30 20:25:13+00:00,bryantal,Conversation comment,2020-01,Thursday,20
cas,2020-02-05 16:15:57+00:00,bryantal,Conversation comment,2020-02,Wednesday,16
cas,2020-02-12 15:14:06+00:00,bryantal,Conversation comment,2020-02,Wednesday,15
cas,2020-02-12 15:14:32+00:00,bryantal,Conversation comment,2020-02,Wednesday,15
cas,2020-02-12 15:45:27+00:00,bryantal,Conversation comment,2020-02,Wednesday,15
cas,2020-02-12 15:45:37+00:00,bryantal,Conversation comment,2020-02,Wednesday,15
cas,2020-02-12 15:58:42+00:00,bryantal,Conversation comment,2020-02,Wednesday,15
cas,2020-02-12 15:58:56+00:00,bryantal,Conversation comment,2020-02,Wednesday,15
cas,2020-02-12 16:04:56+00:00,bryantal,Conversation comment,2020-02,Wednesday,16
cas,2020-02-12 16:05:05+00:00,bryantal,Conversation comment,2020-02,Wednesday,16
cas,2020-05-20 21:09:50+00:00,bryantal,Conversation comment,2020-05,Wednesday,21
cas,2020-06-01 19:24:15+00:00,bryantal,Conversation comment,2020-06,Monday,19
cas,2021-02-09 16:55:20+00:00,bryantal,Conversation comment,2021-02,Tuesday,16
cas,2021-02-10 16:42:54+00:00,bryantal,Conversation comment,2021-02,Wednesday,16
cas,2021-02-24 14:07:09+00:00,bryantal,Conversation comment,2021-02,Wednesday,14
cas,2021-02-24 14:15:55+00:00,bryantal,Conversation comment,2021-02,Wednesday,14
cas,2021-03-02 15:48:29+00:00,bryantal,Conversation comment,2021-03,Tuesday,15
cas,2021-03-09 15:07:31+00:00,bryantal,Conversation comment,2021-03,Tuesday,15
cas,2021-04-04 15:19:43+00:00,bryantal,Conversation comment,2021-04,Sunday,15
cas,2021-04-05 14:47:26+00:00,bryantal,Conversation comment,2021-04,Monday,14
cas,2021-04-06 17:37:12+00:00,bryantal,Conversation comment,2021-04,Tuesday,17
cas,2021-04-13 15:09:17+00:00,bryantal,Conversation comment,2021-04,Tuesday,15
cas,2021-05-03 19:16:52+00:00,bryantal,Conversation comment,2021-05,Monday,19
cas,2021-05-04 14:57:53+00:00,bryantal,Conversation comment,2021-05,Tuesday,14
cas,2021-05-04 16:25:59+00:00,bryantal,Conversation comment,2021-05,Tuesday,16
cas,2021-05-04 16:27:02+00:00,bryantal,Conversation comment,2021-05,Tuesday,16
cas,2021-05-10 15:29:47+00:00,bryantal,Conversation comment,2021-05,Monday,15
cas,2021-05-10 15:48:53+00:00,bryantal,Conversation comment,2021-05,Monday,15
cas,2021-05-10 15:49:13+00:00,bryantal,Conversation comment,2021-05,Monday,15
cas,2021-05-10 16:25:41+00:00,bryantal,Conversation comment,2021-05,Monday,16
cas,2021-05-11 16:17:43+00:00,bryantal,Conversation comment,2021-05,Tuesday,16
cas,2021-06-02 17:57:17+00:00,bryantal,Conversation comment,2021-06,Wednesday,17
cas,2021-06-02 18:01:42+00:00,bryantal,Conversation comment,2021-06,Wednesday,18
cas,2021-06-02 19:39:12+00:00,escalerapadronl,Conversation comment,2021-06,Wednesday,19
cas,2021-06-02 21:27:31+00:00,Sandesh-L,Conversation comment,2021-06,Wednesday,21
cas,2021-06-03 15:00:27+00:00,Ebenezer997,Conversation comment,2021-06,Thursday,15
cas,2021-06-03 15:05:05+00:00,tylerpar99,Conversation comment,2021-06,Thursday,15
cas,2021-06-03 17:12:16+00:00,Sandesh-L,Conversation comment,2021-06,Thursday,17
cas,2021-06-04 13:53:21+00:00,zachneill,Conversation comment,2021-06,Friday,13
cas,2021-06-04 14:01:31+00:00,Sandesh-L,Conversation comment,2021-06,Friday,14
cas,2021-06-06 16:18:33+00:00,sheggen,Conversation comment,2021-06,Sunday,16
cas,2021-06-07 20:59:38+00:00,escalerapadronl,Conversation comment,2021-06,Monday,20
cas,2021-06-07 21:02:02+00:00,zachneill,Conversation comment,2021-06,Monday,21
cas,2021-06-07 21:02:59+00:00,Sandesh-L,Conversation comment,2021-06,Monday,21
cas,2021-06-07 21:38:08+00:00,zachneill,Conversation comment,2021-06,Monday,21
cas,2021-06-08 15:02:27+00:00,bryantal,Conversation comment,2021-06,Tuesday,15
cas,2021-06-08 19:06:55+00:00,sreynit02,Conversation comment,2021-06,Tuesday,19
cas,2021-06-08 19:07:43+00:00,Karina-Agliullova,Conversation comment,2021-06,Tuesday,19
cas,2021-06-08 19:08:07+00:00,gastonjarju,Conversation comment,2021-06,Tuesday,19
cas,2021-06-09 15:06:57+00:00,bryantal,Conversation comment,2021-06,Wednesday,15
cas,2021-06-09 15:07:10+00:00,bryantal,Conversation comment,2021-06,Wednesday,15
cas,2021-06-09 15:15:36+00:00,bryantal,Conversation comment,2021-06,Wednesday,15
cas,2021-06-09 17:10:18+00:00,sanginovs,Conversation comment,2021-06,Wednesday,17
cas,2021-06-09 17:30:46+00:00,zachneill,Conversation comment,2021-06,Wednesday,17
cas,2021-06-09 18:29:03+00:00,bryantal,Conversation comment,2021-06,Wednesday,18
cas,2021-06-09 19:07:30+00:00,bryantal,Conversation comment,2021-06,Wednesday,19
cas,2021-06-09 19:08:36+00:00,bryantal,Conversation comment,2021-06,Wednesday,19
cas,2021-06-09 19:09:40+00:00,bryantal,Conversation comment,2021-06,Wednesday,19
cas,2021-06-09 19:43:23+00:00,bryantal,Conversation comment,2021-06,Wednesday,19
cas,2021-06-10 15:31:27+00:00,bryantal,Conversation comment,2021-06,Thursday,15
cas,2021-06-10 15:31:34+00:00,bryantal,Conversation comment,2021-06,Thursday,15
cas,2021-06-10 15:42:11+00:00,bryantal,Conversation comment,2021-06,Thursday,15
cas,2021-06-10 17:36:24+00:00,zachneill,Conversation comment,2021-06,Thursday,17
cas,2021-06-11 20:35:15+00:00,Sandesh-L,Conversation comment,2021-06,Friday,20
cas,2021-06-11 20:40:38+00:00,Sandesh-L,Conversation comment,2021-06,Friday,20
cas,2021-10-04 13:41:05+00:00,sheggen,Conversation comment,2021-10,Monday,13
cas,2021-11-17 19:56:12+00:00,bryantal,Conversation comment,2021-11,Wednesday,19
cas,2021-11-18 16:10:41+00:00,bryantal,Conversation comment,2021-11,Thursday,16
cas,2022-02-01 20:52:49+00:00,sreynit02,Conversation comment,2022-02,Tuesday,20
cas,2024-09-19 14:33:34+00:00,sheggen,Conversation comment,2024-09,Thursday,14
cas,2024-10-21 21:14:15+00:00,hoerstl,Conversation comment,2024-10,Monday,21
cas,2024-11-12 21:31:48+00:00,Karina-Agliullova,Conversation comment,2024-11,Tuesday,21
cas,2025-12-05 18:46:59+00:00,sheggen,Conversation comment,2025-12,Friday,18
cas,2026-02-16 20:09:49+00:00,Karina-Agliullova,Conversation comment,2026-02,Monday,20
cas,2021-09-14 15:41:21+00:00,bryantal,Review comment,2021-09,Tuesday,15
cas,2021-09-14 14:26:22+00:00,bryantal,PR review,2021-09,Tuesday,14
cas,2021-09-14 14:27:51+00:00,bryantal,PR review,2021-09,Tuesday,14
cas,2021-09-14 15:41:21+00:00,bryantal,PR review,2021-09,Tuesday,15
cas,2022-02-15 19:50:43+00:00,bryantal,PR review,2022-02,Tuesday,19
cas,2022-02-16 21:46:18+00:00,bryantal,PR review,2022-02,Wednesday,21
cas,2021-09-15 17:52:26+00:00,bryantal,PR review,2021-09,Wednesday,17
cas,2021-09-15 17:54:02+00:00,bryantal,PR review,2021-09,Wednesday,17
cas,2022-02-07 18:08:30+00:00,bryantal,PR review,2022-02,Monday,18
