repo,sha,author,author_type,committer,date,message,html_url
cas,3c2cb112f380bbfe1d131b005d7c1aa93f76c337,stevensonmichel,User,stevensonmichel,2024-12-18T17:22:11Z,Fix search bar for programs,https://github.com/BCStudentSoftwareDevTeam/cas/commit/3c2cb112f380bbfe1d131b005d7c1aa93f76c337
cas,0ea7a796b216cc4acbec45daa2deda4539a63745,stevensonmichel,User,stevensonmichel,2024-12-17T19:23:37Z,Fixed MAT link and dropdown position,https://github.com/BCStudentSoftwareDevTeam/cas/commit/0ea7a796b216cc4acbec45daa2deda4539a63745
cas,3e796326a7b510e0aa9dd1bfb930ba665984563a,stevensonmichel,User,stevensonmichel,2024-12-16T18:56:54Z,Merge branch '432-Fix-Division-Scrolling' of https://github.com/BCStudentSoftwareDevTeam/cas into 432-Fix-Division-Scrolling,https://github.com/BCStudentSoftwareDevTeam/cas/commit/3e796326a7b510e0aa9dd1bfb930ba665984563a
cas,4c5d0342610ec5558e6765072c6f10199a2920fd,Karina-Agliullova,User,Karina-Agliullova,2024-11-08T19:14:30Z,Small fix,https://github.com/BCStudentSoftwareDevTeam/cas/commit/4c5d0342610ec5558e6765072c6f10199a2920fd
cas,08b9eea3b603b261233b494d5d58623aceeebc7d,hoerstl,User,hoerstl,2024-10-21T21:16:11Z,Renamed the divisions header to programs,https://github.com/BCStudentSoftwareDevTeam/cas/commit/08b9eea3b603b261233b494d5d58623aceeebc7d
cas,2f2caa2a5c76605e7e2092345b46194cb0040069,hoerstl,User,hoerstl,2024-10-21T20:29:41Z,Made the select invisible and made it searchable with a bunch of relevant terms,https://github.com/BCStudentSoftwareDevTeam/cas/commit/2f2caa2a5c76605e7e2092345b46194cb0040069
cas,c8daa4e083cbfdeff0f5e7add40e359cc5128131,stevensonmichel,User,stevensonmichel,2024-10-21T19:28:57Z,Delete unnecessary division button,https://github.com/BCStudentSoftwareDevTeam/cas/commit/c8daa4e083cbfdeff0f5e7add40e359cc5128131
cas,4a77231cc285ed0e9c19736820cdab3a43d257e0,hoerstl,User,hoerstl,2024-10-21T19:00:25Z,Added redirect functionality to the new division select on the sidebar,https://github.com/BCStudentSoftwareDevTeam/cas/commit/4a77231cc285ed0e9c19736820cdab3a43d257e0
cas,14757ace556a708beaaba4a06ed05993558030f9,hoerstl,User,hoerstl,2024-10-21T18:00:14Z,Started modifying the sidebar,https://github.com/BCStudentSoftwareDevTeam/cas/commit/14757ace556a708beaaba4a06ed05993558030f9
cas,1216051f11482ae89478c70ecb001cf18ea897ae,sheggen,User,sheggen,2024-10-02T17:00:05Z,Open docusign doc in new window,https://github.com/BCStudentSoftwareDevTeam/cas/commit/1216051f11482ae89478c70ecb001cf18ea897ae
cas,05d555510d92dccce2eb2341b552440616afb2e4,sheggen,User,sheggen,2024-10-01T17:10:55Z,"Remove special topics courses from crosslisted dropdown, add docusign link",https://github.com/BCStudentSoftwareDevTeam/cas/commit/05d555510d92dccce2eb2341b552440616afb2e4
cas,aae1400fc46b24294c2efc8f6e7e25ee50e0ce1f,hoerstl,User,hoerstl,2024-09-30T22:44:50Z,Removed a comment,https://github.com/BCStudentSoftwareDevTeam/cas/commit/aae1400fc46b24294c2efc8f6e7e25ee50e0ce1f
cas,cf018df3b67a43d3f6171a33964349be69951245,hoerstl,User,hoerstl,2024-09-30T22:43:54Z,Removed wrapper from everywhere and adjusted sidebar styling,https://github.com/BCStudentSoftwareDevTeam/cas/commit/cf018df3b67a43d3f6171a33964349be69951245
cas,4e23225c4d088494a2212da778f9b931f8526e20,hoerstl,User,hoerstl,2024-09-30T21:53:53Z,Started rearranging the layout of base.html to allow for proper sizing of the sidebar and mainContent,https://github.com/BCStudentSoftwareDevTeam/cas/commit/4e23225c4d088494a2212da778f9b931f8526e20
cas,92f19e68ae5c219748527d96ec8b8e129d8f1630,sheggen,User,sheggen,2024-09-24T15:38:58Z,"Course resources working properly, no errors",https://github.com/BCStudentSoftwareDevTeam/cas/commit/92f19e68ae5c219748527d96ec8b8e129d8f1630
cas,d89d97e99ed72da445cd2aa6e63f08f48dc2d5cd,sheggen,User,sheggen,2024-09-24T15:38:34Z,Minor prod changes,https://github.com/BCStudentSoftwareDevTeam/cas/commit/d89d97e99ed72da445cd2aa6e63f08f48dc2d5cd
cas,1fbb467731be9dd941ecc58be851127fd2b54628,sheggen,User,sheggen,2024-09-13T12:56:48Z,Added Course Resources features,https://github.com/BCStudentSoftwareDevTeam/cas/commit/1fbb467731be9dd941ecc58be851127fd2b54628
cas,2092a5270a72faae66d140aac9225fb64e0aa247,AndersonStettner,User,web-flow,2024-04-17T14:00:07Z,Update devcontainer.json,https://github.com/BCStudentSoftwareDevTeam/cas/commit/2092a5270a72faae66d140aac9225fb64e0aa247
cas,505caca597d7f907766d3e742c1e8f54d3ab1b4c,AndersonStettner,User,web-flow,2024-04-17T13:58:50Z,Update secret_config.yaml,https://github.com/BCStudentSoftwareDevTeam/cas/commit/505caca597d7f907766d3e742c1e8f54d3ab1b4c
cas,cfb38e46db1bfef15a5092d4a7a8d27c43aea4e0,AndersonStettner,User,web-flow,2024-04-17T13:58:25Z,Update secret_config.yaml,https://github.com/BCStudentSoftwareDevTeam/cas/commit/cfb38e46db1bfef15a5092d4a7a8d27c43aea4e0
cas,b21cd5d6b05021bfda33e9c04c36211b84e17ab6,AndersonStettner,User,AndersonStettner,2024-04-17T13:12:16Z,Changed the port that flask runs on,https://github.com/BCStudentSoftwareDevTeam/cas/commit/b21cd5d6b05021bfda33e9c04c36211b84e17ab6
cas,3825fd3830654058f800d7b1ddd18697c58cfba6,AndersonStettner,User,AndersonStettner,2024-04-17T12:37:51Z,Containerized CAS dev environment,https://github.com/BCStudentSoftwareDevTeam/cas/commit/3825fd3830654058f800d7b1ddd18697c58cfba6
cas,dcd893f04353b9d3b894ae7a974caae29225dff6,mupotsal,User,mupotsal,2022-02-28T17:17:58Z,fixed the crosslisted feature,https://github.com/BCStudentSoftwareDevTeam/cas/commit/dcd893f04353b9d3b894ae7a974caae29225dff6
cas,f8376698f5a2ba7676ce126edf6e16c9971187ab,mupotsal,User,mupotsal,2022-02-28T16:17:25Z,"Revert ""Merge pull request #422 from BCStudentSoftwareDevTeam/crosslisted-feature""

This reverts commit d5b4c2ff0a7963a45b28dc2d4001ed15b642b9e2, reversing
changes made to 309e1f058a8180dfe3a7f9caf10a5ba2f692fca7.",https://github.com/BCStudentSoftwareDevTeam/cas/commit/f8376698f5a2ba7676ce126edf6e16c9971187ab
cas,f7ebf9315078e36b6c521f6d325bc72d32ac815c,zachneill,User,zachneill,2022-02-16T21:28:18Z,Return root back to password,https://github.com/BCStudentSoftwareDevTeam/cas/commit/f7ebf9315078e36b6c521f6d325bc72d32ac815c
cas,1406ce952a4e582b459afe493cbce5047caaa2a3,zachneill,User,zachneill,2022-02-16T21:22:33Z,Remove test images,https://github.com/BCStudentSoftwareDevTeam/cas/commit/1406ce952a4e582b459afe493cbce5047caaa2a3
cas,39491efb965e9a4086c09d2a2ce8974ea7395c3d,mupotsal,User,mupotsal,2022-02-15T20:37:09Z,fixed the crosslisted issue,https://github.com/BCStudentSoftwareDevTeam/cas/commit/39491efb965e9a4086c09d2a2ce8974ea7395c3d
cas,4f897b53cdaddefedab401296555d635ebdf7f1d,zachneill,User,zachneill,2022-02-15T18:40:11Z,Re-implement try except,https://github.com/BCStudentSoftwareDevTeam/cas/commit/4f897b53cdaddefedab401296555d635ebdf7f1d
cas,2d8dfdd10ae51ad3dd83fd7811c0db63005518a2,zachneill,User,zachneill,2022-02-15T17:55:39Z,Merge branch 'development' of https://github.com/BCStudentSoftwareDevTeam/cas into handling-cancel-image-upload-373,https://github.com/BCStudentSoftwareDevTeam/cas/commit/2d8dfdd10ae51ad3dd83fd7811c0db63005518a2
cas,764ba168d025bbd803370571bc0890f9bb7e6976,mupotsal,User,mupotsal,2022-02-11T19:01:31Z,table structure bot okay,https://github.com/BCStudentSoftwareDevTeam/cas/commit/764ba168d025bbd803370571bc0890f9bb7e6976
cas,e804cba1ec0b239646139f452a4666665235d6b8,mupotsal,User,mupotsal,2022-02-07T15:58:50Z,fixed the crosslisted course issus,https://github.com/BCStudentSoftwareDevTeam/cas/commit/e804cba1ec0b239646139f452a4666665235d6b8
cas,6d82f2750d8b2c60cf6cc87260f9364067c31027,Luis Riera,,Luis Riera,2022-02-01T20:36:06Z,sorts the division programs in the sidebar alphabetically,https://github.com/BCStudentSoftwareDevTeam/cas/commit/6d82f2750d8b2c60cf6cc87260f9364067c31027
cas,9e8b90278a424487cc7aa21d4d06c1ba58b0bd31,sreynit02,User,sreynit02,2022-01-31T19:32:27Z,ordered program alphabetically,https://github.com/BCStudentSoftwareDevTeam/cas/commit/9e8b90278a424487cc7aa21d4d06c1ba58b0bd31
cas,8ac0bbacbbfdea42e6988d930571f2eeb0a33cdf,zachneill,User,web-flow,2021-11-19T19:15:08Z,restoring unnecessary changes,https://github.com/BCStudentSoftwareDevTeam/cas/commit/8ac0bbacbbfdea42e6988d930571f2eeb0a33cdf
cas,75d1d03d9eda4dd760b11755bed683c48c98708d,zachneill,User,web-flow,2021-11-19T19:13:45Z,uncommit root change,https://github.com/BCStudentSoftwareDevTeam/cas/commit/75d1d03d9eda4dd760b11755bed683c48c98708d
cas,d00176ede197d0b7d75ae82ea6d44ee3c708a624,zachneill,User,zachneill,2021-11-19T19:05:13Z,fixed jinja and pulled development,https://github.com/BCStudentSoftwareDevTeam/cas/commit/d00176ede197d0b7d75ae82ea6d44ee3c708a624
cas,4ac5b807afd7c31166f70eda0373e1eaea975afc,zachneill,User,zachneill,2021-11-19T19:04:27Z,fixed jinja,https://github.com/BCStudentSoftwareDevTeam/cas/commit/4ac5b807afd7c31166f70eda0373e1eaea975afc
cas,bacd91855cbde81bd62cf57d79be39476560a252,zachneill,User,zachneill,2021-11-19T18:15:34Z,WIP oneline jinja didn't work,https://github.com/BCStudentSoftwareDevTeam/cas/commit/bacd91855cbde81bd62cf57d79be39476560a252
cas,66bd634e8772a8a0f5b3228536c429bf50d7f871,zachneill,User,zachneill,2021-11-19T17:36:28Z,WIP jinja oneline idea,https://github.com/BCStudentSoftwareDevTeam/cas/commit/66bd634e8772a8a0f5b3228536c429bf50d7f871
cas,6d5acc751f9599f7b7cfcc86ef2a2e9fd711cbd6,zachneill,User,zachneill,2021-11-18T17:34:49Z,Merge remote-tracking branch 'origin' into x-button-crosslisted-courses-406,https://github.com/BCStudentSoftwareDevTeam/cas/commit/6d5acc751f9599f7b7cfcc86ef2a2e9fd711cbd6
cas,41958cf911376de5f87baaf50e0f15a90b574e72,tylerpar99,User,tylerpar99,2021-11-15T18:02:22Z,Fixes pr comments.,https://github.com/BCStudentSoftwareDevTeam/cas/commit/41958cf911376de5f87baaf50e0f15a90b574e72
cas,7ae4beffb4f3b2a01671263bfaed9aa85ccdcac7,Tyler Parton,,Tyler Parton,2021-09-21T19:34:54Z,Edited code to make it less repetitive.,https://github.com/BCStudentSoftwareDevTeam/cas/commit/7ae4beffb4f3b2a01671263bfaed9aa85ccdcac7
cas,e55f7734dc8c2bad0cf68cb6ac3efcc87de2238b,Tyler Parton,,Tyler Parton,2021-09-21T17:54:41Z,Merged development,https://github.com/BCStudentSoftwareDevTeam/cas/commit/e55f7734dc8c2bad0cf68cb6ac3efcc87de2238b
cas,ce99358454d26da001852e590b375d8feddf4871,None,,None,2021-06-11T18:50:03Z,Created a conditional for roomPreference.py that will allow admin to view all courses.,https://github.com/BCStudentSoftwareDevTeam/cas/commit/ce99358454d26da001852e590b375d8feddf4871
cas,5c7252ed9b58b85ebcb4f01265faf38ddad530e8,None,,None,2021-06-10T19:35:37Z,Changed order to name,https://github.com/BCStudentSoftwareDevTeam/cas/commit/5c7252ed9b58b85ebcb4f01265faf38ddad530e8
cas,c19624b18cac27ae5a8607f47b09e7707b2a026b,zachneill,User,zachneill,2021-06-10T17:39:26Z,footer does not overlay over buttons,https://github.com/BCStudentSoftwareDevTeam/cas/commit/c19624b18cac27ae5a8607f47b09e7707b2a026b
cas,76a9728349b6b2ac99d02ac761736d39d76f348b,zachneill,User,zachneill,2021-06-10T14:58:05Z,clicking edit course x modal takes you to the right pages,https://github.com/BCStudentSoftwareDevTeam/cas/commit/76a9728349b6b2ac99d02ac761736d39d76f348b
cas,7cdf0a07e817f4e5f7c740bd3f30067d02b59b52,None,,None,2021-06-09T17:11:17Z,Users and current users dropdown does not disappear,https://github.com/BCStudentSoftwareDevTeam/cas/commit/7cdf0a07e817f4e5f7c740bd3f30067d02b59b52
cas,d860ae623d96ee0fef5295069b66f235baaa17ff,None,,None,2021-06-09T14:42:50Z,Fixed styling for tooltip,https://github.com/BCStudentSoftwareDevTeam/cas/commit/d860ae623d96ee0fef5295069b66f235baaa17ff
cas,82696dd7aecfec6ce21e01b6315c991dc5fd822f,None,,None,2021-06-09T14:39:20Z,Changed z-index to display help text that covers images,https://github.com/BCStudentSoftwareDevTeam/cas/commit/82696dd7aecfec6ce21e01b6315c991dc5fd822f
cas,03689e463d51bd73c0c146a1327da7ddf55e7968,escalerapadronl,User,escalerapadronl,2021-06-08T21:09:33Z,fixed notes overlapping and added close icon to notes modal. changed info popover on editActiveCourses to tooltip,https://github.com/BCStudentSoftwareDevTeam/cas/commit/03689e463d51bd73c0c146a1327da7ddf55e7968
cas,6e9d8e01577687a7ae1fb17464fc85325ffbf581,sreynit02,User,sreynit02,2021-06-08T18:54:48Z,deleted an unneccessary comment line,https://github.com/BCStudentSoftwareDevTeam/cas/commit/6e9d8e01577687a7ae1fb17464fc85325ffbf581
cas,18db9a47f055cd9182dc955faa6c6e73170f9671,sreynit02,User,sreynit02,2021-06-08T18:37:03Z,deleted the saveWarning modal when Cancel button is clicked,https://github.com/BCStudentSoftwareDevTeam/cas/commit/18db9a47f055cd9182dc955faa6c6e73170f9671
cas,5ea3dd50514101c742e0cae70ba7e45cc7a8159a,None,,None,2021-06-08T17:23:51Z,linked popup.js to popover in adminCourseTable,https://github.com/BCStudentSoftwareDevTeam/cas/commit/5ea3dd50514101c742e0cae70ba7e45cc7a8159a
cas,e76c3c3a4d6aad497b4580bb0608e5325d550151,escalerapadronl,User,escalerapadronl,2021-06-07T22:04:33Z,added trigger to popover so clicking on one note closes any open notes modal,https://github.com/BCStudentSoftwareDevTeam/cas/commit/e76c3c3a4d6aad497b4580bb0608e5325d550151
cas,d31accafff98fcf690f3cd8348b0818222ebcb0b,zachneill,User,zachneill,2021-06-07T21:31:38Z,Added closing table tag and fixed line break,https://github.com/BCStudentSoftwareDevTeam/cas/commit/d31accafff98fcf690f3cd8348b0818222ebcb0b
cas,f7c4ba764fc853bcfae2f88965a264ac1ba7c748,None,,None,2021-06-07T20:06:39Z,Removed error handling and html page for error 401.,https://github.com/BCStudentSoftwareDevTeam/cas/commit/f7c4ba764fc853bcfae2f88965a264ac1ba7c748
cas,c1d4998698ea72e00ffeedc8c1a50af38709a3c9,None,,None,2021-06-07T19:24:28Z,Routed custom error pages using  imports instead of blueprints. Modified language on error pages. Added error page for 500 error.,https://github.com/BCStudentSoftwareDevTeam/cas/commit/c1d4998698ea72e00ffeedc8c1a50af38709a3c9
cas,9d3d020cde0e60bee17677e5a3ebfcf27a5d2654,None,,None,2021-06-07T18:37:01Z,Added a button to close without saving,https://github.com/BCStudentSoftwareDevTeam/cas/commit/9d3d020cde0e60bee17677e5a3ebfcf27a5d2654
cas,6a55778f74fd90fcaf8804786d55e116b45c1164,None,,None,2021-06-07T18:26:43Z,Added a collapsible button with a warning message,https://github.com/BCStudentSoftwareDevTeam/cas/commit/6a55778f74fd90fcaf8804786d55e116b45c1164
cas,79adfd94db58d1b8fd51cc958a69dfd7f49ec7da,zachneill,User,zachneill,2021-06-07T16:22:57Z,removed unnecessary js that did not work,https://github.com/BCStudentSoftwareDevTeam/cas/commit/79adfd94db58d1b8fd51cc958a69dfd7f49ec7da
cas,80d3f02caaed0d3f86e50b82140b5c5349ac676f,zachneill,User,zachneill,2021-06-07T16:19:58Z,added multipart/form-data to html and added os remove function that deletes file,https://github.com/BCStudentSoftwareDevTeam/cas/commit/80d3f02caaed0d3f86e50b82140b5c5349ac676f
cas,2c2bec540db55e77074a9a8fd8ba33641f34eecd,zachneill,User,zachneill,2021-06-07T15:29:32Z,"Changed .py so when removed, the preview it no longer stays shown. WIP on removing file itself from server",https://github.com/BCStudentSoftwareDevTeam/cas/commit/2c2bec540db55e77074a9a8fd8ba33641f34eecd
cas,24e3af252c79fd2c23d871253819e113c2a060c2,None,,None,2021-06-04T21:50:58Z,Deleted the data_target id next to the close button,https://github.com/BCStudentSoftwareDevTeam/cas/commit/24e3af252c79fd2c23d871253819e113c2a060c2
cas,e139126ca4d2f47dbe143a70f5357563e5fcfa3e,None,,None,2021-06-04T21:07:48Z,Nonsense commit,https://github.com/BCStudentSoftwareDevTeam/cas/commit/e139126ca4d2f47dbe143a70f5357563e5fcfa3e
cas,7e77cfda890e78c3b683e84c333fc16cf5e4d7ea,None,,None,2021-06-04T18:41:24Z,Fixed indentation,https://github.com/BCStudentSoftwareDevTeam/cas/commit/7e77cfda890e78c3b683e84c333fc16cf5e4d7ea
cas,3aa1272fd634ccbbfa3a74b29e8588f896975d53,None,,None,2021-06-04T18:33:24Z,Added an if statement to check admin privileges,https://github.com/BCStudentSoftwareDevTeam/cas/commit/3aa1272fd634ccbbfa3a74b29e8588f896975d53
cas,7d444cfa6394327baf843024fabc85bfc54254bc,None,,None,2021-06-04T14:37:06Z,we added an extra option in the credit load select picker in the special topics courses.,https://github.com/BCStudentSoftwareDevTeam/cas/commit/7d444cfa6394327baf843024fabc85bfc54254bc
cas,9f1082238dbecab058c7f92e2ef2cdf9c7510e81,gastonjarju,User,web-flow,2021-06-03T20:33:48Z,"Update secret_config.yaml

Remove my password and username",https://github.com/BCStudentSoftwareDevTeam/cas/commit/9f1082238dbecab058c7f92e2ef2cdf9c7510e81
cas,eb18ed81323cc9e13ab844d4b6a763568c815afa,None,,None,2021-06-03T20:23:57Z,wothless commit to test something,https://github.com/BCStudentSoftwareDevTeam/cas/commit/eb18ed81323cc9e13ab844d4b6a763568c815afa
cas,853e8ebf322f89e8a3c79e9f6b3fc5e03b7a70b7,None,,None,2021-06-03T20:17:16Z,Testing,https://github.com/BCStudentSoftwareDevTeam/cas/commit/853e8ebf322f89e8a3c79e9f6b3fc5e03b7a70b7
cas,8b253b50da1fd204edf2d2fcb914690b9d910969,None,,None,2021-06-03T20:16:07Z,Testing,https://github.com/BCStudentSoftwareDevTeam/cas/commit/8b253b50da1fd204edf2d2fcb914690b9d910969
cas,8ea54fe2b609fe371c5e283bb1366ea142f2c013,zachneill,User,zachneill,2021-06-03T16:32:09Z,changed footer class in css and added navbar-fixed-bottom to footer.html,https://github.com/BCStudentSoftwareDevTeam/cas/commit/8ea54fe2b609fe371c5e283bb1366ea142f2c013
cas,90570acc879eabb12679199a50f077bf8e08e122,sreynit02,User,sreynit02,2021-06-03T16:13:02Z,added an elif statement to check when can_edit is false,https://github.com/BCStudentSoftwareDevTeam/cas/commit/90570acc879eabb12679199a50f077bf8e08e122
cas,e45506e45ddee11bc55fee726a24a131cb402400,None,,None,2021-06-03T14:34:15Z,deleted the exception condition,https://github.com/BCStudentSoftwareDevTeam/cas/commit/e45506e45ddee11bc55fee726a24a131cb402400
cas,d02d3ffabbfd50792755cd0622b2c7bb6a8d1d27,None,,None,2021-06-02T20:56:46Z,removed jinja conditional that checks for approved_special_topics,https://github.com/BCStudentSoftwareDevTeam/cas/commit/d02d3ffabbfd50792755cd0622b2c7bb6a8d1d27
cas,13303e7b7cc64570a04ce15f355376388c720958,zachneill,User,zachneill,2021-06-02T14:48:48Z,added min='0',https://github.com/BCStudentSoftwareDevTeam/cas/commit/13303e7b7cc64570a04ce15f355376388c720958
cas,c9ef2527abbf1fb732e15e225a44dfeeb39ba40f,None,,None,2021-06-02T14:33:00Z,centered and shifted submit button on create course modal,https://github.com/BCStudentSoftwareDevTeam/cas/commit/c9ef2527abbf1fb732e15e225a44dfeeb39ba40f
cas,dbd8bb979a9008a0fa647cd406c0f7d689984276,mupotsal,User,BrianRamsay,2021-05-19T14:37:01Z,"Merged in finalSortingDropDownIssue379 (pull request #189)

Sorting Import Courses Dropdown issue#379

Approved-by: Brian Ramsay",https://github.com/BCStudentSoftwareDevTeam/cas/commit/dbd8bb979a9008a0fa647cd406c0f7d689984276
cas,61ccf99b0a9ef9f04c92d5a3f462aa915674f57f,Hila Manalai,,BrianRamsay,2021-05-19T14:35:40Z,"Merged in last-edited-column-issue364 (pull request #190)

Last Edited column showed 'None' if a course was not edited

Approved-by: Brian Ramsay
Approved-by: Alex Bryant",https://github.com/BCStudentSoftwareDevTeam/cas/commit/61ccf99b0a9ef9f04c92d5a3f462aa915674f57f
cas,6b2b6618a5f1217d8dbec1d4bc4503b2a2bab90e,Hila Manalai,,BrianRamsay,2021-05-19T14:34:05Z,"Merged in mouse-pointer-room-resolution-link-issue368 (pull request #188)

Set Room Resolution Link Cursor to Pointer

Approved-by: Brian Ramsay
Approved-by: Alex Bryant",https://github.com/BCStudentSoftwareDevTeam/cas/commit/6b2b6618a5f1217d8dbec1d4bc4503b2a2bab90e
cas,153af7dbae1dbc4011d4d02f5468e482151ee386,Hila Manalai,,BrianRamsay,2021-05-19T14:31:45Z,"Merged in room-pref-select-issue370 (pull request #187)

Prevent Room Preference Select Picker to Overflow

Approved-by: Brian Ramsay
Approved-by: Alex Bryant",https://github.com/BCStudentSoftwareDevTeam/cas/commit/153af7dbae1dbc4011d4d02f5468e482151ee386
cas,a97172cf417fa9f668453a09f4169c42fd5db9c7,May Jue,,BrianRamsay,2021-05-19T14:31:23Z,"Merged in sidebarOverlap#137 (pull request #186)

issue 372: Courses: Accordion

Approved-by: Brian Ramsay
Approved-by: Alex Bryant",https://github.com/BCStudentSoftwareDevTeam/cas/commit/a97172cf417fa9f668453a09f4169c42fd5db9c7
cas,ff2e93176b289afd7ce57130a6fe6ab03c41e0d8,mupotsal,User,BrianRamsay,2021-05-19T14:30:47Z,"Merged in logoutButton374 (pull request #185)

LogoutButton374

Approved-by: Brian Ramsay
Approved-by: Alex Bryant",https://github.com/BCStudentSoftwareDevTeam/cas/commit/ff2e93176b289afd7ce57130a6fe6ab03c41e0d8
cas,775f61c93e25c16171d92902aaec0339e43df522,Hila Manalai,,BrianRamsay,2021-05-19T14:29:23Z,"Merged in crosslisted-default-load-credit-issue385 (pull request #184)

Crosslisted default load credit set to zero

Approved-by: Brian Ramsay
Approved-by: Alex Bryant",https://github.com/BCStudentSoftwareDevTeam/cas/commit/775f61c93e25c16171d92902aaec0339e43df522
cas,0b0d7e88888b99307a258f3c4bd7aef635926c37,Hila Manalai,,BrianRamsay,2021-05-19T14:28:52Z,"Merged in sort-crosslisted-courses-issue384 (pull request #182)

Sorting Crosslisted Courses Dropdown in Ascending Order

Approved-by: Brian Ramsay
Approved-by: Alex Bryant",https://github.com/BCStudentSoftwareDevTeam/cas/commit/0b0d7e88888b99307a258f3c4bd7aef635926c37
cas,eadf9648c146fe8026eecc4866b5feadd0241e07,Hila Manalai,,BrianRamsay,2021-05-19T14:28:21Z,"Merged in admin-add-courses-issue383 (pull request #183)

Add New Course Feature for Admins

Approved-by: Alex Bryant",https://github.com/BCStudentSoftwareDevTeam/cas/commit/eadf9648c146fe8026eecc4866b5feadd0241e07
cas,8b1bd80fbc98707879130bc9f3d35534a1906f2a,romano-w,User,BrianRamsay,2021-05-19T14:01:04Z,"Merged in issue382-streamline-setup-process (pull request #180)

Issue382 streamline setup process

Approved-by: Hila Manalai
Approved-by: Alex Bryant",https://github.com/BCStudentSoftwareDevTeam/cas/commit/8b1bd80fbc98707879130bc9f3d35534a1906f2a
cas,251f8c1af1debf36c9db61a92b3bbe860fa374c7,Hila Manalai,,BrianRamsay,2021-05-19T13:59:45Z,"Merged in import-courses-load-issue380 (pull request #181)

Refactored the Import Courses Code for Selectpicker

Approved-by: Brian Ramsay
Approved-by: Alex Bryant",https://github.com/BCStudentSoftwareDevTeam/cas/commit/251f8c1af1debf36c9db61a92b3bbe860fa374c7
cas,e87ad8cab7e4d75bba12ae811f2ab03d0a241cc2,Hila Manalai,,Hila Manalai,2021-05-10T16:20:58Z,changed none to empty field when there are no previous edits,https://github.com/BCStudentSoftwareDevTeam/cas/commit/e87ad8cab7e4d75bba12ae811f2ab03d0a241cc2
cas,5f666aa8d6bca10d0c100de09aaf14795538f300,mupotsal,User,mupotsal,2021-05-06T17:13:59Z,done with sorting,https://github.com/BCStudentSoftwareDevTeam/cas/commit/5f666aa8d6bca10d0c100de09aaf14795538f300
cas,2f843dfcc85ba3cbf0674126c6c8d7eb801a519e,Hila Manalai,,Hila Manalai,2021-05-04T14:51:34Z,changed cursor to pointer,https://github.com/BCStudentSoftwareDevTeam/cas/commit/2f843dfcc85ba3cbf0674126c6c8d7eb801a519e
cas,a2412057c104a7e46e6abd3f36a8b932cccc6601,Hila Manalai,,Hila Manalai,2021-05-03T19:11:39Z,fixed the issue with select picker overflowing,https://github.com/BCStudentSoftwareDevTeam/cas/commit/a2412057c104a7e46e6abd3f36a8b932cccc6601
cas,3a7a17b64e75dca342e86dcd8553337e1bc4295b,mupotsal,User,mupotsal,2021-04-13T18:44:28Z,fixed the overlapping sidebar,https://github.com/BCStudentSoftwareDevTeam/cas/commit/3a7a17b64e75dca342e86dcd8553337e1bc4295b
cas,902966bd6bb7e5ea11588594afae0b230e67fac0,mupotsal,User,mupotsal,2021-04-09T18:20:52Z,removed some print messages,https://github.com/BCStudentSoftwareDevTeam/cas/commit/902966bd6bb7e5ea11588594afae0b230e67fac0
cas,df80800ab7f3954aabd8d2199e38e81ecf914a6c,mupotsal,User,mupotsal,2021-04-07T20:08:55Z,fixing the login lout issue,https://github.com/BCStudentSoftwareDevTeam/cas/commit/df80800ab7f3954aabd8d2199e38e81ecf914a6c
cas,2643824374482d11681b0e05b6ef7a604c86eeb0,May Jue,,May Jue,2021-04-07T14:42:24Z,fix route issue of login_logout file,https://github.com/BCStudentSoftwareDevTeam/cas/commit/2643824374482d11681b0e05b6ef7a604c86eeb0
cas,a3fc463bf6239e9680ca258a96ede7a6314edbb7,Hila Manalai,,Hila Manalai,2021-04-06T17:31:07Z,reverting changes,https://github.com/BCStudentSoftwareDevTeam/cas/commit/a3fc463bf6239e9680ca258a96ede7a6314edbb7
cas,e6cddb121656846cb0d1d66c1fd852314d81b256,Hila Manalai,,Hila Manalai,2021-04-06T17:28:40Z,finishing up the issue,https://github.com/BCStudentSoftwareDevTeam/cas/commit/e6cddb121656846cb0d1d66c1fd852314d81b256
cas,a408f4e43ab0840742dea496e9def675e87df37d,Hila Manalai,,Hila Manalai,2021-04-06T16:10:00Z,changed the excel maker,https://github.com/BCStudentSoftwareDevTeam/cas/commit/a408f4e43ab0840742dea496e9def675e87df37d
cas,9de55ab6a408f84a346c5f94fa9bdaf890c02b0b,Hila Manalai,,Hila Manalai,2021-04-05T19:15:55Z,changed the credit for crosslisted course in excel maker,https://github.com/BCStudentSoftwareDevTeam/cas/commit/9de55ab6a408f84a346c5f94fa9bdaf890c02b0b
cas,d6a58011778c24d28f90efe2d654c0b5d656115a,Hila Manalai,,Hila Manalai,2021-04-05T14:38:38Z,fixed the flash message issue,https://github.com/BCStudentSoftwareDevTeam/cas/commit/d6a58011778c24d28f90efe2d654c0b5d656115a
cas,385259621ff9f54413b1d211fe192425e1316cde,Hila Manalai,,Hila Manalai,2021-04-04T16:11:12Z,changed not specified to zero,https://github.com/BCStudentSoftwareDevTeam/cas/commit/385259621ff9f54413b1d211fe192425e1316cde
cas,2363fbfe00b09205c4ac8aa32aaf6e2db0e2e15e,Hila Manalai,,Hila Manalai,2021-04-04T15:10:13Z,sorting crosslisted courses,https://github.com/BCStudentSoftwareDevTeam/cas/commit/2363fbfe00b09205c4ac8aa32aaf6e2db0e2e15e
cas,54332cee04900868795758e34a88274ec31c3895,Hila Manalai,,Hila Manalai,2021-04-03T18:51:12Z,removed comment,https://github.com/BCStudentSoftwareDevTeam/cas/commit/54332cee04900868795758e34a88274ec31c3895
cas,011be9259a22ca04cb0071f77c0a5d6c9320474b,Hila Manalai,,Hila Manalai,2021-03-16T16:21:54Z,changed ui design,https://github.com/BCStudentSoftwareDevTeam/cas/commit/011be9259a22ca04cb0071f77c0a5d6c9320474b
cas,8f1635ee026d239c1cb48f39a5d85d408b32e2b8,Hila Manalai,,Hila Manalai,2021-03-15T17:59:37Z,adding a new interface for admins,https://github.com/BCStudentSoftwareDevTeam/cas/commit/8f1635ee026d239c1cb48f39a5d85d408b32e2b8
cas,aabea257f3d6d3905c84f76d164685bbbdb36351,Hila Manalai,,Hila Manalai,2021-03-10T18:58:21Z,the backend logic for new courses page,https://github.com/BCStudentSoftwareDevTeam/cas/commit/aabea257f3d6d3905c84f76d164685bbbdb36351
cas,f2e6c051375137bb009c5a2c7356299fe8224b38,romano-w,User,romano-w,2021-03-09T16:45:55Z,Fixed merge conflict in sampel_secret_config.yaml,https://github.com/BCStudentSoftwareDevTeam/cas/commit/f2e6c051375137bb009c5a2c7356299fe8224b38
cas,074c198ad43758222e62a496bb872645071aec75,Hila Manalai,,Hila Manalai,2021-03-09T15:06:20Z,Merge branch 'development' into import-courses-load-issue380,https://github.com/BCStudentSoftwareDevTeam/cas/commit/074c198ad43758222e62a496bb872645071aec75
cas,0be2481713f2d4cedc71168b8aa7f75549afc09b,Hila Manalai,,Hila Manalai,2021-03-09T15:05:20Z,emptying selectpicker,https://github.com/BCStudentSoftwareDevTeam/cas/commit/0be2481713f2d4cedc71168b8aa7f75549afc09b
cas,1b70ebadcc0c02a76e885f253b7243a45d00fe0e,sheggen,User,sheggen,2021-03-08T21:09:40Z,Removed an extrenuous space,https://github.com/BCStudentSoftwareDevTeam/cas/commit/1b70ebadcc0c02a76e885f253b7243a45d00fe0e
cas,4bbd9dbae706a2cd6fd34394e196b81db816c4e6,sheggen,User,sheggen,2021-03-08T21:04:57Z,Modify config.yaml to include a 1.25 faculty load credit,https://github.com/BCStudentSoftwareDevTeam/cas/commit/4bbd9dbae706a2cd6fd34394e196b81db816c4e6
cas,4d5679fc246f3f440e0fa619f359f5468b4d6d76,Hila Manalai,,Hila Manalai,2021-03-08T17:33:12Z,refactored the import courses code,https://github.com/BCStudentSoftwareDevTeam/cas/commit/4d5679fc246f3f440e0fa619f359f5468b4d6d76
cas,8dffc6acc266e8a2db60b3fc7abf7d207267fc94,Luis Riera,,Luis Riera,2021-03-04T16:44:06Z,Moved config.yaml contents into secret_config.yaml. Created sample_secret_config.yaml for future reference.,https://github.com/BCStudentSoftwareDevTeam/cas/commit/8dffc6acc266e8a2db60b3fc7abf7d207267fc94
cas,2831a2292ae6d46224c88bb609a8e00d7cfee5bd,romano-w,User,romano-w,2021-03-03T17:29:49Z,Added secret_config.yaml to gitignore,https://github.com/BCStudentSoftwareDevTeam/cas/commit/2831a2292ae6d46224c88bb609a8e00d7cfee5bd
cas,70ccbe87cd0ab5bd1e849fee32b7c337ca6e0aff,romano-w,User,romano-w,2021-03-03T17:29:06Z,Added instructions to README and tested setup,https://github.com/BCStudentSoftwareDevTeam/cas/commit/70ccbe87cd0ab5bd1e849fee32b7c337ca6e0aff
cas,d6b953c2538115293055eb9bce71449c72725f24,romano-w,User,romano-w,2021-03-03T17:11:26Z,Added FIXME instructions to secret_config.yaml,https://github.com/BCStudentSoftwareDevTeam/cas/commit/d6b953c2538115293055eb9bce71449c72725f24
cas,316cd674527c7c7b2879c623f890518a4a8b6ebd,romano-w,User,romano-w,2021-03-03T17:06:40Z,Refactored config.yaml to secret_config.yaml,https://github.com/BCStudentSoftwareDevTeam/cas/commit/316cd674527c7c7b2879c623f890518a4a8b6ebd
cas,a229f07ef7df27f5c46da05fa963209d6e779028,romano-w,User,BrianRamsay,2021-02-18T15:52:02Z,"Merged in issue376-course-capacity (pull request #178)

Issue376 course capacity

Approved-by: Brian Ramsay",https://github.com/BCStudentSoftwareDevTeam/cas/commit/a229f07ef7df27f5c46da05fa963209d6e779028
cas,bdf97242e50cd0820589948705ad2cddd9a1237f,Hila Manalai,,BrianRamsay,2021-02-18T15:51:18Z,"Merged in readme-refactor (pull request #177)

Added a note to readme

Approved-by: Brian Ramsay",https://github.com/BCStudentSoftwareDevTeam/cas/commit/bdf97242e50cd0820589948705ad2cddd9a1237f
cas,8ae306a3c706701ecf8cdd97747a9e2f1c7edb81,romano-w,User,romano-w,2021-02-16T17:17:15Z,Removed accidental formatting edits,https://github.com/BCStudentSoftwareDevTeam/cas/commit/8ae306a3c706701ecf8cdd97747a9e2f1c7edb81
cas,1a2346492f1fb01efb8c87c6061468a0dbffb02e,romano-w,User,romano-w,2021-02-16T17:13:48Z,Fixed bug by editing form value,https://github.com/BCStudentSoftwareDevTeam/cas/commit/1a2346492f1fb01efb8c87c6061468a0dbffb02e
cas,151fb57eeb3f011d5ba9b494db2e164021d4f54c,Hila Manalai,,Hila Manalai,2021-02-15T16:12:58Z,added a note to readme,https://github.com/BCStudentSoftwareDevTeam/cas/commit/151fb57eeb3f011d5ba9b494db2e164021d4f54c
cas,90b55a6dba48da02b836bb7bc953e75e18e9b23e,Hila Manalai,,BrianRamsay,2021-02-10T16:58:49Z,"Merged in issue375 (pull request #175)

Handling LastVisited being NULL

Approved-by: Brian Ramsay",https://github.com/BCStudentSoftwareDevTeam/cas/commit/90b55a6dba48da02b836bb7bc953e75e18e9b23e
cas,49b70d4f97417779772b962fb95a1c1624a280ff,Hila Manalai,,Hila Manalai,2021-02-10T16:54:20Z,Merge branch 'issue375' of https://bitbucket.org/laborstudents/cas-flask into issue375,https://github.com/BCStudentSoftwareDevTeam/cas/commit/49b70d4f97417779772b962fb95a1c1624a280ff
cas,6ea2de7e774dc90bc6c4ef24fe4fbf305b1a92f9,Hila Manalai,,Hila Manalai,2021-02-10T16:52:40Z,fixing merge conflict,https://github.com/BCStudentSoftwareDevTeam/cas/commit/6ea2de7e774dc90bc6c4ef24fe4fbf305b1a92f9
cas,a1251f2730e928df6b0aee73bf25f53b0da018d8,bryantal,User,BrianRamsay,2021-02-10T16:42:48Z,"Merged in issue378 (pull request #176)

Fixes Issue 378: Error With CAS Import Courses Function

Approved-by: Brian Ramsay",https://github.com/BCStudentSoftwareDevTeam/cas/commit/a1251f2730e928df6b0aee73bf25f53b0da018d8
cas,f964af6cdccae1d50d26d46959347b4e6f0ea3dc,bryantal,User,bryantal,2021-02-09T21:08:35Z,fixing spacing again,https://github.com/BCStudentSoftwareDevTeam/cas/commit/f964af6cdccae1d50d26d46959347b4e6f0ea3dc
cas,ea17f537878d68820b3e88a1789c4e8837b8275c,bryantal,User,bryantal,2021-02-09T21:06:38Z,re-added crosslisted to config,https://github.com/BCStudentSoftwareDevTeam/cas/commit/ea17f537878d68820b3e88a1789c4e8837b8275c
cas,de1a397ca93ddaf511ed6f036c88930f230bc5ce,bryantal,User,bryantal,2021-02-09T20:55:04Z,fixing spacing,https://github.com/BCStudentSoftwareDevTeam/cas/commit/de1a397ca93ddaf511ed6f036c88930f230bc5ce
cas,5811c9d149a0910328bfb7b40f8fe4e08824f4c1,bryantal,User,bryantal,2021-02-09T20:46:20Z,added the CrossListed model to the config file and added prefix to the addMany function when importing courses,https://github.com/BCStudentSoftwareDevTeam/cas/commit/5811c9d149a0910328bfb7b40f8fe4e08824f4c1
cas,5beefafbbfefa86ceee104cfc69a62ecb497fe29,bryantal,User,bryantal,2021-02-09T16:39:09Z,Hopefully correctly reverting the config file back,https://github.com/BCStudentSoftwareDevTeam/cas/commit/5beefafbbfefa86ceee104cfc69a62ecb497fe29
cas,80a7053489cf49d6ff0e746a22cdf4d1ac9e4790,bryantal,User,bryantal,2021-02-09T16:36:14Z,reverted config file back,https://github.com/BCStudentSoftwareDevTeam/cas/commit/80a7053489cf49d6ff0e746a22cdf4d1ac9e4790
cas,683641d9b4ec565ddef2d9fb8165cf64a8b47fcb,bryantal,User,bryantal,2021-02-09T16:31:22Z,changed spacing again,https://github.com/BCStudentSoftwareDevTeam/cas/commit/683641d9b4ec565ddef2d9fb8165cf64a8b47fcb
cas,9ee2f09741bed4e86225a624867053550652b36b,bryantal,User,bryantal,2021-02-09T16:25:21Z,changing spacing again,https://github.com/BCStudentSoftwareDevTeam/cas/commit/9ee2f09741bed4e86225a624867053550652b36b
cas,219a63b9ff25cc69190bbf0bbc13e9e5f6d6f0bc,bryantal,User,bryantal,2021-02-09T16:17:30Z,changed spacing in config file,https://github.com/BCStudentSoftwareDevTeam/cas/commit/219a63b9ff25cc69190bbf0bbc13e9e5f6d6f0bc
cas,9099d8aeef2c2019b22594cc879403441925e5e2,bryantal,User,bryantal,2021-02-09T16:12:14Z,put an if statement when doing a check for course prefix,https://github.com/BCStudentSoftwareDevTeam/cas/commit/9099d8aeef2c2019b22594cc879403441925e5e2
cas,a9598ae78f0e409e50c7c959f66f951ca604efcd,Hila Manalai,,Hila Manalai,2021-02-08T16:42:23Z,trying to fix import issues,https://github.com/BCStudentSoftwareDevTeam/cas/commit/a9598ae78f0e409e50c7c959f66f951ca604efcd
cas,9ab5a97e382dbda9a30edb2d7c028b06e985a0f2,sheggen,User,sheggen,2021-01-08T20:26:01Z,Hide pandemic times and off-campus option. Optimistic,https://github.com/BCStudentSoftwareDevTeam/cas/commit/9ab5a97e382dbda9a30edb2d7c028b06e985a0f2
cas,cbc67b1c6f754fe883cafd1f79b5c5f54ca58aa9,sheggen,User,sheggen,2020-09-24T18:14:36Z,Merge branch 'development' of https://bitbucket.org/laborstudents/cas-flask into development,https://github.com/BCStudentSoftwareDevTeam/cas/commit/cbc67b1c6f754fe883cafd1f79b5c5f54ca58aa9
cas,aaba178bdfbd176ed7d960f371a14a8f7a0f3a3c,sheggen,User,sheggen,2020-09-24T18:13:54Z,fixing sync_faculty script for py3,https://github.com/BCStudentSoftwareDevTeam/cas/commit/aaba178bdfbd176ed7d960f371a14a8f7a0f3a3c
cas,163ff088ab1124e0b63e5168e4bf2e838df55806,sheggen,User,sheggen,2020-09-24T18:13:25Z,Adding ldap3 as a pip requirement for sync_faculty.py script,https://github.com/BCStudentSoftwareDevTeam/cas/commit/163ff088ab1124e0b63e5168e4bf2e838df55806
cas,102e607f8c73fd4159b3c95d7a8f59dcf2df6298,sheggen,User,sheggen,2020-09-24T18:11:51Z,adding 1.5 as option for faculty load credit.,https://github.com/BCStudentSoftwareDevTeam/cas/commit/102e607f8c73fd4159b3c95d7a8f59dcf2df6298
cas,4aef618e5ae3d05f06afe20ffa08803f2ec367df,sheggen,User,sheggen,2020-09-24T18:09:52Z,Updating way we pull in values for faculty load credit from config.yaml,https://github.com/BCStudentSoftwareDevTeam/cas/commit/4aef618e5ae3d05f06afe20ffa08803f2ec367df
cas,7c999c2ccfaa34884d9515ecbcd8736ece65ddb2,sheggen,User,sheggen,2020-09-08T16:18:50Z,Production server required lowercase in Table names,https://github.com/BCStudentSoftwareDevTeam/cas/commit/7c999c2ccfaa34884d9515ecbcd8736ece65ddb2
cas,251e979b3d31d5c0a147846be55f82e82bb7a275,sheggen,User,sheggen,2020-09-08T16:08:19Z,"Merged in on_off_campus_flag (pull request #174)

On off campus flag

Approved-by: Brian Ramsay",https://github.com/BCStudentSoftwareDevTeam/cas/commit/251e979b3d31d5c0a147846be55f82e82bb7a275
cas,e77575e0429af2d0479ee46f96ce34d1393521ea,sheggen,User,sheggen,2020-09-08T15:28:21Z,Updating syntax error in update_schema and requirements.txt,https://github.com/BCStudentSoftwareDevTeam/cas/commit/e77575e0429af2d0479ee46f96ce34d1393521ea
cas,551915f49115a9ec8984e7739fb60854e75f2d83,sheggen,User,sheggen,2020-09-08T15:21:11Z,adding covid_schedule.csv,https://github.com/BCStudentSoftwareDevTeam/cas/commit/551915f49115a9ec8984e7739fb60854e75f2d83
cas,884312ea81801e13d704d3acba0f0d3a94835846,sheggen,User,sheggen,2020-09-03T17:18:55Z,Merged development into on_off_campus_flag,https://github.com/BCStudentSoftwareDevTeam/cas/commit/884312ea81801e13d704d3acba0f0d3a94835846
cas,ec415a136c2bb09c0f8e6db8c30917a335d49764,sheggen,User,sheggen,2020-09-03T17:18:17Z,Code cleanup for PR,https://github.com/BCStudentSoftwareDevTeam/cas/commit/ec415a136c2bb09c0f8e6db8c30917a335d49764
cas,c56b2303f7e5e1b667caa131011dc31a8b7fb76d,sheggen,User,sheggen,2020-09-03T17:12:16Z,Updating config.yaml to be correct,https://github.com/BCStudentSoftwareDevTeam/cas/commit/c56b2303f7e5e1b667caa131011dc31a8b7fb76d
cas,d3351984c5ea86aad93fdd79105946767b0f3f2d,sheggen,User,sheggen,2020-09-03T17:02:43Z,"Fixed the table to include a room and off-campus, if both are set",https://github.com/BCStudentSoftwareDevTeam/cas/commit/d3351984c5ea86aad93fdd79105946767b0f3f2d
cas,23db34ed719c925762a6c3d066677ad717aefee5,sheggen,User,sheggen,2020-08-31T21:03:38Z,updating conflicts dictionary with new scheduled times,https://github.com/BCStudentSoftwareDevTeam/cas/commit/23db34ed719c925762a6c3d066677ad717aefee5
cas,e57cb17eb8a93139fb2d1d508a559eb216234e01,sheggen,User,sheggen,2020-08-31T20:58:31Z,Script to find conflicts between all schedule days and times,https://github.com/BCStudentSoftwareDevTeam/cas/commit/e57cb17eb8a93139fb2d1d508a559eb216234e01
cas,012c9b1c15e1a09703db8d59f3c82800b6832fbf,sheggen,User,sheggen,2020-08-31T18:46:53Z,update schema includes the new covid schedules,https://github.com/BCStudentSoftwareDevTeam/cas/commit/012c9b1c15e1a09703db8d59f3c82800b6832fbf
cas,a604ea89021c765ca1457e70603e472cc3e69ad9,sheggen,User,sheggen,2020-08-29T02:30:49Z,"Export works, room Pref&res working",https://github.com/BCStudentSoftwareDevTeam/cas/commit/a604ea89021c765ca1457e70603e472cc3e69ad9
cas,99089b0a81a581b383b69ffdfe325c89a0db781c,sheggen,User,sheggen,2020-08-29T01:25:28Z,Integrating Off-campus flags. Works with x-listed and ST forms.,https://github.com/BCStudentSoftwareDevTeam/cas/commit/99089b0a81a581b383b69ffdfe325c89a0db781c
cas,3710e0469f74fcc685e58afaef1958f275afda99,sheggen,User,sheggen,2020-08-28T20:01:13Z,Updated models and includes migrate script for off-campus flag,https://github.com/BCStudentSoftwareDevTeam/cas/commit/3710e0469f74fcc685e58afaef1958f275afda99
cas,e61643a9eecb62ba8874e4b2e343f58d29a79061,sheggen,User,sheggen,2020-08-03T19:42:20Z,"updating Schedule days to remove excess space, plus old commits from prod",https://github.com/BCStudentSoftwareDevTeam/cas/commit/e61643a9eecb62ba8874e4b2e343f58d29a79061
cas,c01b80c9fc064d4ce29f3c48a2717d8cbb946367,sheggen,User,sheggen,2020-06-09T16:08:48Z,Fixed sidebar in course management and access control to building management,https://github.com/BCStudentSoftwareDevTeam/cas/commit/c01b80c9fc064d4ce29f3c48a2717d8cbb946367
cas,815c627e1792b5a42b66fe1621e4c530a4a444d1,sheggen,User,sheggen,2020-06-09T15:21:01Z,fixed menu bar issues and dropzone issues,https://github.com/BCStudentSoftwareDevTeam/cas/commit/815c627e1792b5a42b66fe1621e4c530a4a444d1
cas,5a30f05fe999c5734bb5e6f1cdd0f82c360c8cc1,sheggen,User,sheggen,2020-06-09T15:05:11Z,Fixed missing menu item,https://github.com/BCStudentSoftwareDevTeam/cas/commit/5a30f05fe999c5734bb5e6f1cdd0f82c360c8cc1
cas,d904d3d22a08210ebdbbb9d6ddfd30fd865a1a8c,Hila Manalai,,sheggen,2020-06-05T17:37:31Z,"Merged in setupIssue (pull request #173)

Refactoring the Setup.sh

Approved-by: Scott Heggen",https://github.com/BCStudentSoftwareDevTeam/cas/commit/d904d3d22a08210ebdbbb9d6ddfd30fd865a1a8c
cas,49d514bc601544a5621dffd214db51fe49a0c408,Hila Manalai,,Hila Manalai,2020-06-05T17:33:38Z,took out version numbers,https://github.com/BCStudentSoftwareDevTeam/cas/commit/49d514bc601544a5621dffd214db51fe49a0c408
cas,af2901ad12e394c9a898d45dd9c3c6c6639394ee,Hila Manalai,,Hila Manalai,2020-06-05T17:26:44Z,took out comments,https://github.com/BCStudentSoftwareDevTeam/cas/commit/af2901ad12e394c9a898d45dd9c3c6c6639394ee
cas,7f67ac1aa834aa50babb7d3f46701426e0dfb848,Hila Manalai,,Hila Manalai,2020-06-05T17:23:17Z,refactored setup.sh,https://github.com/BCStudentSoftwareDevTeam/cas/commit/7f67ac1aa834aa50babb7d3f46701426e0dfb848
cas,9001c8c05d8f20b46862b0720d2ca965a4557c12,Hila Manalai,,Hila Manalai,2020-06-05T16:18:52Z,refactoring setup.sh,https://github.com/BCStudentSoftwareDevTeam/cas/commit/9001c8c05d8f20b46862b0720d2ca965a4557c12
cas,6ff82e0ed73390f2d785926137b299d80f86cc7d,sheggen,User,sheggen,2020-06-05T02:45:14Z,Cleanup of buildingManagement.js,https://github.com/BCStudentSoftwareDevTeam/cas/commit/6ff82e0ed73390f2d785926137b299d80f86cc7d
cas,aaeab4b7c1c36a3b6259988846640463f9eb6b86,sheggen,User,sheggen,2020-06-05T01:54:02Z,fixed syntax error in update_schema,https://github.com/BCStudentSoftwareDevTeam/cas/commit/aaeab4b7c1c36a3b6259988846640463f9eb6b86
cas,a7110887cf8bcd89fd9036c354bd7deeab7407c4,sheggen,User,sheggen,2020-06-04T21:09:59Z,Fixed accessibility hover text,https://github.com/BCStudentSoftwareDevTeam/cas/commit/a7110887cf8bcd89fd9036c354bd7deeab7407c4
cas,2e8ed3182ad0a2e98e82ec25bcb942154b200e2a,sheggen,User,sheggen,2020-06-04T20:54:07Z,Fixing Dropzone multiple uploads.,https://github.com/BCStudentSoftwareDevTeam/cas/commit/2e8ed3182ad0a2e98e82ec25bcb942154b200e2a
cas,bf27d631e6417a79d5c03642ae6a97923109da9a,sheggen,User,sheggen,2020-06-04T19:42:26Z,Dropzone updated and works nicely,https://github.com/BCStudentSoftwareDevTeam/cas/commit/bf27d631e6417a79d5c03642ae6a97923109da9a
cas,2b4d262908ff6e4a2d3da1e47d59350b5ca47500,sheggen,User,sheggen,2020-06-03T16:59:20Z,Building Management UI handles accordions correctly now.,https://github.com/BCStudentSoftwareDevTeam/cas/commit/2b4d262908ff6e4a2d3da1e47d59350b5ca47500
cas,0ab04ca07f62fe700fed774eafcc0bd80f658f2b,sheggen,User,sheggen,2020-06-02T20:56:40Z,Image adjustments for better lookingness.,https://github.com/BCStudentSoftwareDevTeam/cas/commit/0ab04ca07f62fe700fed774eafcc0bd80f658f2b
cas,08e3bc840f5b046ae04f531a8498862ea56bb3f1,sheggen,User,sheggen,2020-06-02T20:47:21Z,update_schema.py now updates all the rooms with their image.,https://github.com/BCStudentSoftwareDevTeam/cas/commit/08e3bc840f5b046ae04f531a8498862ea56bb3f1
cas,6ca127f829ebae44056a1cb80bcd82b3f5de43a1,sheggen,User,sheggen,2020-06-02T19:55:18Z,All current images added. Fixed UI to handle multiple images.,https://github.com/BCStudentSoftwareDevTeam/cas/commit/6ca127f829ebae44056a1cb80bcd82b3f5de43a1
cas,9f0da3a68a046048941350e3200662d521c4ede1,sheggen,User,sheggen,2020-06-02T18:29:11Z,"Fixed UI; Now shows rooms if images exists, handles no images and changing between images.",https://github.com/BCStudentSoftwareDevTeam/cas/commit/9f0da3a68a046048941350e3200662d521c4ede1
cas,1f5eddf472498158b452b7dedbbb3565c30615d0,sheggen,User,sheggen,2020-06-02T17:58:26Z,Added images to Room Preference UI,https://github.com/BCStudentSoftwareDevTeam/cas/commit/1f5eddf472498158b452b7dedbbb3565c30615d0
cas,9620278887b32b37d794d1ec5b0edaaed00edc63,sheggen,User,sheggen,2020-06-02T14:42:03Z,Merge branch 'development' of https://bitbucket.org/laborstudents/cas-flask into development,https://github.com/BCStudentSoftwareDevTeam/cas/commit/9620278887b32b37d794d1ec5b0edaaed00edc63
cas,02faaf4688b784d81c1b9bfab3072609e888956e,sheggen,User,sheggen,2020-06-02T14:41:53Z,removing unnecessary dir.,https://github.com/BCStudentSoftwareDevTeam/cas/commit/02faaf4688b784d81c1b9bfab3072609e888956e
cas,12359b835936d7bb8dbfb17df981188f73181508,sheggen,User,sheggen,2020-06-02T14:39:40Z,Removed debug messages.,https://github.com/BCStudentSoftwareDevTeam/cas/commit/12359b835936d7bb8dbfb17df981188f73181508
cas,a34d8afaadf15d60c1dfacd8af16ae836278ad4c,sheggen,User,sheggen,2020-06-02T14:38:17Z,Merge branch 'development' into invalidate-js-cache,https://github.com/BCStudentSoftwareDevTeam/cas/commit/a34d8afaadf15d60c1dfacd8af16ae836278ad4c
cas,bb1a0e851adb7bc226132bf7cbed67b20e49cc04,sheggen,User,sheggen,2020-06-02T14:37:17Z,Re-added classrooms pdf because not sure where it went...,https://github.com/BCStudentSoftwareDevTeam/cas/commit/bb1a0e851adb7bc226132bf7cbed67b20e49cc04
cas,00ff0d5bb249a4cee9bb1815ae74a2872f971145,sheggen,User,sheggen,2020-06-02T14:30:21Z,Fixing merge conflicts with development post-py3 upgrade,https://github.com/BCStudentSoftwareDevTeam/cas/commit/00ff0d5bb249a4cee9bb1815ae74a2872f971145
cas,90d6f8eade7a0610983eaa751a354757307da415,Jamal Aw Yonis,,sheggen,2020-06-02T14:21:48Z,"Merged in room_res (pull request #170)

Room res

Approved-by: Scott Heggen",https://github.com/BCStudentSoftwareDevTeam/cas/commit/90d6f8eade7a0610983eaa751a354757307da415
cas,fdd0da1ab16e15f4f6a8650167688b4ecfca6b48,sheggen,User,sheggen,2020-06-02T14:17:59Z,Merge branch 'room_res' of https://bitbucket.org/laborstudents/cas-flask into room_res,https://github.com/BCStudentSoftwareDevTeam/cas/commit/fdd0da1ab16e15f4f6a8650167688b4ecfca6b48
cas,3a4213f5d85ef59cb29f9edefe9eb38d542b0d1a,sheggen,User,sheggen,2020-06-02T14:17:34Z,Added classrooms pdf to main menu,https://github.com/BCStudentSoftwareDevTeam/cas/commit/3a4213f5d85ef59cb29f9edefe9eb38d542b0d1a
cas,c44816765b60d3017a9852713cf70bb95fe1c832,sheggen,User,sheggen,2020-06-01T20:48:22Z,Merged development into room_res,https://github.com/BCStudentSoftwareDevTeam/cas/commit/c44816765b60d3017a9852713cf70bb95fe1c832
cas,c9d3b4b8f67690c259d2e70ba8399e9d4ca14b05,sheggen,User,sheggen,2020-06-01T20:47:37Z,Merge branch 'development' into room_res,https://github.com/BCStudentSoftwareDevTeam/cas/commit/c9d3b4b8f67690c259d2e70ba8399e9d4ca14b05
cas,e4c9d7b4a1118a6894f3efe0651da270f3b8d372,sheggen,User,sheggen,2020-06-01T20:47:33Z,saving insignificant change,https://github.com/BCStudentSoftwareDevTeam/cas/commit/e4c9d7b4a1118a6894f3efe0651da270f3b8d372
cas,d9556704f0682105c1269f1cad2795726e2ebafe,Jamal Aw Yonis,,sheggen,2020-06-01T20:44:05Z,"Merged in flc (pull request #172)

Combined two Branches( Stcourseupdate and room_res) to remove of unnecessary files that are committed",https://github.com/BCStudentSoftwareDevTeam/cas/commit/d9556704f0682105c1269f1cad2795726e2ebafe
cas,ccba1a8a33a5b74aa9c2dc5a37ac6b6c82dcd133,sheggen,User,sheggen,2020-06-01T20:43:01Z,removing files left by JY and BP,https://github.com/BCStudentSoftwareDevTeam/cas/commit/ccba1a8a33a5b74aa9c2dc5a37ac6b6c82dcd133
cas,ba1c04df7e8730305988798ce6ae4990dcfdce59,sheggen,User,sheggen,2020-06-01T20:39:56Z,reviewing Faculty load credit addition,https://github.com/BCStudentSoftwareDevTeam/cas/commit/ba1c04df7e8730305988798ce6ae4990dcfdce59
cas,8427b127af000cf1b38d776ff5c7b9e1eb6f891b,sheggen,User,sheggen,2020-06-01T19:34:10Z,Massive refactor to make CAS Python 3.,https://github.com/BCStudentSoftwareDevTeam/cas/commit/8427b127af000cf1b38d776ff5c7b9e1eb6f891b
cas,69e3af35ed4cb6f11697720eb5b3f9b886b62970,jamal Aw Yonis,,jamal Aw Yonis,2020-02-25T21:24:12Z, added colon to faculty laod credit,https://github.com/BCStudentSoftwareDevTeam/cas/commit/69e3af35ed4cb6f11697720eb5b3f9b886b62970
cas,c9888550b37ad7169c9a73daac308b68be0b8334,jamal Aw Yonis,,jamal Aw Yonis,2020-02-25T21:09:50Z,fixed course intructor for stcourses and updatd stcourse credits updated in config.yaml,https://github.com/BCStudentSoftwareDevTeam/cas/commit/c9888550b37ad7169c9a73daac308b68be0b8334
cas,545f9648d1f810637d3223c479610f576c3d0d48,jamal Aw Yonis,,jamal Aw Yonis,2020-02-24T16:48:05Z,fixed faculty credit title and added crossed list to stcourses,https://github.com/BCStudentSoftwareDevTeam/cas/commit/545f9648d1f810637d3223c479610f576c3d0d48
cas,cbbf46d58b0c52d994daed74e3655ba6c2413aa6,jamal Aw Yonis,,jamal Aw Yonis,2020-02-19T16:53:27Z,finished faculty load credit,https://github.com/BCStudentSoftwareDevTeam/cas/commit/cbbf46d58b0c52d994daed74e3655ba6c2413aa6
cas,6f900691b2acaab35d6d0980284609657dc6cb5b,jamal Aw Yonis,,jamal Aw Yonis,2020-02-18T22:28:05Z,added new column to course create table,https://github.com/BCStudentSoftwareDevTeam/cas/commit/6f900691b2acaab35d6d0980284609657dc6cb5b
cas,9fc8091d6df41ed2405e7f274b213e2a93056c0f,phuyalb16,,phuyalb16,2020-02-17T21:02:55Z,"Fixed the faculty credit, now working on the table",https://github.com/BCStudentSoftwareDevTeam/cas/commit/9fc8091d6df41ed2405e7f274b213e2a93056c0f
cas,36e1ca6a9fd293deeef69d318537dcf9d14628e5,phuyalb16,,phuyalb16,2020-02-17T16:57:37Z,added faculty_credit to the course tables,https://github.com/BCStudentSoftwareDevTeam/cas/commit/36e1ca6a9fd293deeef69d318537dcf9d14628e5
cas,c3bbd3ce89fe4fe915a742a836b2b74eac4e5238,jamal Aw Yonis,,jamal Aw Yonis,2020-02-17T14:50:00Z,hid description and prereqs for stcourses,https://github.com/BCStudentSoftwareDevTeam/cas/commit/c3bbd3ce89fe4fe915a742a836b2b74eac4e5238
cas,37bca92f36d6109d43b59dcd2df2048efad76220,jamal Aw Yonis,,jamal Aw Yonis,2020-02-13T22:23:41Z,changed course js,https://github.com/BCStudentSoftwareDevTeam/cas/commit/37bca92f36d6109d43b59dcd2df2048efad76220
cas,58155d77fa5c67c8c182fa16803038e06b592ad1,jamal Aw Yonis,,jamal Aw Yonis,2020-02-13T21:41:11Z,we created the script for creating new columns to the data tables,https://github.com/BCStudentSoftwareDevTeam/cas/commit/58155d77fa5c67c8c182fa16803038e06b592ad1
cas,b6692c9ec49cba1ca54811e20fb1a803c98aca95,jamal Aw Yonis,,jamal Aw Yonis,2020-02-13T19:51:26Z,Merge branch 'room_res' of https://bitbucket.org/laborstudents/cas-flask into room_res,https://github.com/BCStudentSoftwareDevTeam/cas/commit/b6692c9ec49cba1ca54811e20fb1a803c98aca95
cas,070bb2cd00d20ace85de903943772a881ad9f109,phuyalb16,,phuyalb16,2020-02-12T17:12:30Z,fixed negative number of edtech and descrip and prereqs,https://github.com/BCStudentSoftwareDevTeam/cas/commit/070bb2cd00d20ace85de903943772a881ad9f109
cas,e41ac506ef3dcb37e1127acde8ed740f0da1a604,jamal Aw Yonis,,jamal Aw Yonis,2020-02-11T23:05:53Z,fixed db migrations,https://github.com/BCStudentSoftwareDevTeam/cas/commit/e41ac506ef3dcb37e1127acde8ed740f0da1a604
cas,5deeb819295226d10d7136d36c62ea6044477eb8,jamal Aw Yonis,,jamal Aw Yonis,2020-02-04T21:00:34Z,we fixex create course and import course tabs,https://github.com/BCStudentSoftwareDevTeam/cas/commit/5deeb819295226d10d7136d36c62ea6044477eb8
cas,668bbe4a62265565bda751d9eaa0e18fa21b3387,jamal Aw Yonis,,jamal Aw Yonis,2020-02-03T23:10:13Z,fixed internal server error for room resolution,https://github.com/BCStudentSoftwareDevTeam/cas/commit/668bbe4a62265565bda751d9eaa0e18fa21b3387
cas,a3a2e856ef623eb7b4cc1d8953265055556e286f,phuyalb16,,phuyalb16,2020-01-30T20:32:59Z,fixed data that was appearing in the corresponding pages,https://github.com/BCStudentSoftwareDevTeam/cas/commit/a3a2e856ef623eb7b4cc1d8953265055556e286f
cas,819d415c241aa7ce80c62e7c4f5742123f7c1cde,phuyalb16,,phuyalb16,2020-01-27T22:05:54Z,"Fixed course management sidemenu, put cap in room resolution, added if statment jinja in unavailable rooms",https://github.com/BCStudentSoftwareDevTeam/cas/commit/819d415c241aa7ce80c62e7c4f5742123f7c1cde
cas,13f0adfe9bbfea35b7aebb2b31f494e8b3e0645e,jamal Aw Yonis,,jamal Aw Yonis,2020-01-27T15:36:11Z,fixed stcourse modal,https://github.com/BCStudentSoftwareDevTeam/cas/commit/13f0adfe9bbfea35b7aebb2b31f494e8b3e0645e
cas,b39ded9454404b0005b317d2b0a050b7b054c7d7,phuyalb16,,phuyalb16,2020-01-23T21:51:13Z,fixed nasty sidebar collapse menu,https://github.com/BCStudentSoftwareDevTeam/cas/commit/b39ded9454404b0005b317d2b0a050b7b054c7d7
cas,acf0d76df1a0ef261c29601ef300aba5775e9d7b,phuyalb16,,phuyalb16,2020-01-22T16:06:35Z,fixed stcourse table,https://github.com/BCStudentSoftwareDevTeam/cas/commit/acf0d76df1a0ef261c29601ef300aba5775e9d7b
cas,0b9dc71dbbd83527dc66a1b8bed3d3cf167a81e8,phuyalb16,,phuyalb16,2020-01-21T21:55:11Z,fixed table reload issues,https://github.com/BCStudentSoftwareDevTeam/cas/commit/0b9dc71dbbd83527dc66a1b8bed3d3cf167a81e8
cas,899a314aaa9cd079ff13dc2bb982bcb0c52e61d6,phuyalb16,,phuyalb16,2020-01-20T17:35:26Z,added description to st course,https://github.com/BCStudentSoftwareDevTeam/cas/commit/899a314aaa9cd079ff13dc2bb982bcb0c52e61d6
cas,18560e46ae1b85f4e8ddbfb4dd557b7398b51aa5,phuyalb16,,phuyalb16,2020-01-16T21:39:11Z,changed the css and fixed the database issue,https://github.com/BCStudentSoftwareDevTeam/cas/commit/18560e46ae1b85f4e8ddbfb4dd557b7398b51aa5
cas,0f64aed78c80abdc3e1375d21391c840da73ecf2,phuyalb16,,phuyalb16,2020-01-15T20:19:25Z,"Fixed the controller: corrected the query, fixed styling in html",https://github.com/BCStudentSoftwareDevTeam/cas/commit/0f64aed78c80abdc3e1375d21391c840da73ecf2
cas,543e67c075d3d39e7aa514c3fc55c3b421d6c0b0,jamal Aw Yonis,,jamal Aw Yonis,2020-01-15T17:58:49Z,descriptions and prereqs,https://github.com/BCStudentSoftwareDevTeam/cas/commit/543e67c075d3d39e7aa514c3fc55c3b421d6c0b0
cas,f747ee3adca2b275657e4354a2eb83db0e832bba,jamal Aw Yonis,,jamal Aw Yonis,2020-01-14T22:06:34Z,fixed the special topic issues,https://github.com/BCStudentSoftwareDevTeam/cas/commit/f747ee3adca2b275657e4354a2eb83db0e832bba
cas,4360aa578fafb5735129ecac4a66c5f3cd62aee9,jamal Aw Yonis,,jamal Aw Yonis,2020-01-13T16:50:22Z,merge conflict,https://github.com/BCStudentSoftwareDevTeam/cas/commit/4360aa578fafb5735129ecac4a66c5f3cd62aee9
cas,4ccec3e82510402ca46c55639082e74e6f10c74c,jamal Aw Yonis,,jamal Aw Yonis,2020-01-13T16:45:40Z,fixed cas database issues,https://github.com/BCStudentSoftwareDevTeam/cas/commit/4ccec3e82510402ca46c55639082e74e6f10c74c
cas,4886fc6bb780baa95cbff0da55d8da29dd1e6879,phuyalb16,,phuyalb16,2020-01-13T16:23:17Z,Merge branch 'development' into stcourseupdate,https://github.com/BCStudentSoftwareDevTeam/cas/commit/4886fc6bb780baa95cbff0da55d8da29dd1e6879
cas,08bd05e35c4087dfd527b2e2f26acbbc392c25ef,phuyalb16,,phuyalb16,2020-01-13T16:21:17Z,setup the cas database,https://github.com/BCStudentSoftwareDevTeam/cas/commit/08bd05e35c4087dfd527b2e2f26acbbc392c25ef
cas,220948945e67c19a478433f0be4b850a010f625d,jamal Aw Yonis,,jamal Aw Yonis,2020-01-08T14:43:27Z,Merge branch 'development' into stcourseupdate,https://github.com/BCStudentSoftwareDevTeam/cas/commit/220948945e67c19a478433f0be4b850a010f625d
cas,0cf2f4755c0e619a3b3f3a8c33748890a01a4ba0,Scott Heggen,,Scott Heggen,2019-12-19T13:13:33Z,Small change related specifically to Colesa,https://github.com/BCStudentSoftwareDevTeam/cas/commit/0cf2f4755c0e619a3b3f3a8c33748890a01a4ba0
cas,5143330630154a93be536cdee1131cab0e33f4f1,Kat Adams & Bria Williams,,Kat Adams & Bria Williams,2019-11-11T18:32:48Z,Wow a commit? been awhile ;-;,https://github.com/BCStudentSoftwareDevTeam/cas/commit/5143330630154a93be536cdee1131cab0e33f4f1
cas,13f583f0d98714e0182179adc3520f3db685c7a4,Kat Adams & Bria Williams,,Kat Adams & Bria Williams,2019-10-21T19:39:38Z,No longer auto knapp 202 on special topics,https://github.com/BCStudentSoftwareDevTeam/cas/commit/13f583f0d98714e0182179adc3520f3db685c7a4
cas,a2f9a8d7b8a0cb9203319a37a70caf3b65927f46,Kat Adams & Bria Williams,,Kat Adams & Bria Williams,2019-09-27T17:05:40Z,Just cleaning up,https://github.com/BCStudentSoftwareDevTeam/cas/commit/a2f9a8d7b8a0cb9203319a37a70caf3b65927f46
cas,05bf6aba2a139225f1e7fe8b0fb2ae7731bc5c00,Kat Adams & Bria Williams,,Kat Adams & Bria Williams,2019-09-27T17:00:07Z,No longer showing fields for Special Topics since we are going back to the paper form (yuck),https://github.com/BCStudentSoftwareDevTeam/cas/commit/05bf6aba2a139225f1e7fe8b0fb2ae7731bc5c00
cas,ebf1f818a9e076abb5aeaf64424b58ac59383d74,Kat Adams & Bria Williams,,Kat Adams & Bria Williams,2019-09-25T18:59:23Z,saving for the day,https://github.com/BCStudentSoftwareDevTeam/cas/commit/ebf1f818a9e076abb5aeaf64424b58ac59383d74
cas,f802d7cd62232511ea6595d4103175fddf9bde83,Kat Adams & Bria Williams,,Kat Adams & Bria Williams,2019-09-25T17:15:24Z,trying to hide ST elements,https://github.com/BCStudentSoftwareDevTeam/cas/commit/f802d7cd62232511ea6595d4103175fddf9bde83
cas,7c072a3d7aee5e5cc869c85f45e2cf1aef8d9119,Scott Heggen,,Scott Heggen,2019-09-20T18:25:21Z,Fixed a partially deleted section of code from Special Topics code in databaseInterface.py,https://github.com/BCStudentSoftwareDevTeam/cas/commit/7c072a3d7aee5e5cc869c85f45e2cf1aef8d9119
cas,df8fa00cd2e1dc331e42b4b89d88d179eee9ee5e,Kat Adams & Bria Williams,,Kat Adams & Bria Williams,2019-09-16T16:49:44Z,Add git hash as query string instead of in the filename to avoid .htaccess,https://github.com/BCStudentSoftwareDevTeam/cas/commit/df8fa00cd2e1dc331e42b4b89d88d179eee9ee5e
cas,f680454f8280293324ab821345693ce35abff316,wgs1862019,User,sheggen,2019-09-13T18:32:53Z,"Merged in badrequest (pull request #167)

Bad request fix (jsvascript didnt like e.preventdefault)",https://github.com/BCStudentSoftwareDevTeam/cas/commit/f680454f8280293324ab821345693ce35abff316
cas,740c1c57ba3fdcd2541af8db308ce2e81b47b840,sheggen,User,sheggen,2019-09-13T18:29:03Z,Removing git merge conflict line,https://github.com/BCStudentSoftwareDevTeam/cas/commit/740c1c57ba3fdcd2541af8db308ce2e81b47b840
cas,9f318f295608e5957181a78b3f4967d275376b16,Kat Adams & Bria Williams,,Kat Adams & Bria Williams,2019-09-13T17:59:23Z,fixing merge conflict,https://github.com/BCStudentSoftwareDevTeam/cas/commit/9f318f295608e5957181a78b3f4967d275376b16
cas,ea2a8f2000484c172f3d829d90497982c00f5e64,Kat Adams & Bria Williams,,Kat Adams & Bria Williams,2019-09-13T17:49:02Z,Bad request fix (jsvascript didnt like e.preventdefault),https://github.com/BCStudentSoftwareDevTeam/cas/commit/ea2a8f2000484c172f3d829d90497982c00f5e64
cas,5b689da21758cfbd38d81538aeeb4c540516880b,Scott Heggen,,Scott Heggen,2019-09-10T17:22:48Z,fixing bugs related to the change tracker; probably more!,https://github.com/BCStudentSoftwareDevTeam/cas/commit/5b689da21758cfbd38d81538aeeb4c540516880b
cas,6b1ab5656d6fcb71c148f3e61ba377a17d1e29ab,wgs1862019,User,sheggen,2019-09-09T18:57:17Z,"Merged in bugfix9919 (pull request #166)

this whole bit broke other things (logic/dbinterface's functions are turds according to scott",https://github.com/BCStudentSoftwareDevTeam/cas/commit/6b1ab5656d6fcb71c148f3e61ba377a17d1e29ab
cas,133dc08f57a1a4e62b64b48b5aa94e004c576f1f,Kat Adams & Bria Williams,,Kat Adams & Bria Williams,2019-09-09T18:23:11Z,this whole bit broke other things (logic/dbinterface's functions are turds according to scott,https://github.com/BCStudentSoftwareDevTeam/cas/commit/133dc08f57a1a4e62b64b48b5aa94e004c576f1f
cas,4ffa1674a813cc4efef67467f4cd3ec38583ce3e,wgs1862019,User,BrianRamsay,2019-09-06T20:17:29Z,"Merged in scottsbuglol (pull request #165)

Fixing 2 instructor loop bug so we can remove and read a professor to a course.",https://github.com/BCStudentSoftwareDevTeam/cas/commit/4ffa1674a813cc4efef67467f4cd3ec38583ce3e
cas,cdca9f884db5394842e9c4ba2759ff280e877d94,Kat Adams & Bria Williams,,BrianRamsay,2019-09-06T16:38:39Z,Got rid of comment,https://github.com/BCStudentSoftwareDevTeam/cas/commit/cdca9f884db5394842e9c4ba2759ff280e877d94
cas,421c0eac83df6d7c370f1079d568aa117ee5ae8f,Kat Adams & Bria Williams,,BrianRamsay,2019-09-06T16:20:39Z,Got rid of comment,https://github.com/BCStudentSoftwareDevTeam/cas/commit/421c0eac83df6d7c370f1079d568aa117ee5ae8f
cas,8b814c28b22579bb13c8872f1fde068d422f3659,Kat Adams & Bria Williams,,BrianRamsay,2019-09-05T21:07:20Z,Think we fixed the wsgi problem,https://github.com/BCStudentSoftwareDevTeam/cas/commit/8b814c28b22579bb13c8872f1fde068d422f3659
cas,237db15858eb4d6ce35cfaf27688cf5a564c239b,Kat Adams & Bria Williams,,BrianRamsay,2019-09-05T20:34:24Z,"Actually fixed the problem; change tracker was being called when RMVing one prof and Adding another at the same time. Also commented out change tracker link so it cant be accessed anymore, cause its DEAD.",https://github.com/BCStudentSoftwareDevTeam/cas/commit/237db15858eb4d6ce35cfaf27688cf5a564c239b
cas,ee629e5cf08b670fea895913ed1692271c10351b,Kat Adams & Bria Williams,,BrianRamsay,2019-09-05T20:01:24Z,Fixing 2 instructor loop bug so we can remove and readd a professor to a course.,https://github.com/BCStudentSoftwareDevTeam/cas/commit/ee629e5cf08b670fea895913ed1692271c10351b
cas,a16c7d9dd57a5d985ec3301b3334d8ae29229099,Kat Adams & Bria Williams,,Kat Adams & Bria Williams,2019-09-06T16:38:39Z,Got rid of comment,https://github.com/BCStudentSoftwareDevTeam/cas/commit/a16c7d9dd57a5d985ec3301b3334d8ae29229099
cas,fc2c42bcc97e0bb6ab0e931fac75ed8e74547ea7,Kat Adams & Bria Williams,,Kat Adams & Bria Williams,2019-09-06T16:20:39Z,Got rid of comment,https://github.com/BCStudentSoftwareDevTeam/cas/commit/fc2c42bcc97e0bb6ab0e931fac75ed8e74547ea7
cas,9a5809aee4fa2191103dc2802f4b70d170544cc8,Kat Adams & Bria Williams,,Kat Adams & Bria Williams,2019-09-05T21:07:20Z,Think we fixed the wsgi problem,https://github.com/BCStudentSoftwareDevTeam/cas/commit/9a5809aee4fa2191103dc2802f4b70d170544cc8
cas,9214e9daf8d66db3d286a685599faab287952e25,Kat Adams & Bria Williams,,Kat Adams & Bria Williams,2019-09-05T20:34:24Z,"Actually fixed the problem; change tracker was being called when RMVing one prof and Adding another at the same time. Also commented out change tracker link so it cant be accessed anymore, cause its DEAD.",https://github.com/BCStudentSoftwareDevTeam/cas/commit/9214e9daf8d66db3d286a685599faab287952e25
cas,95d6e11361dc7cf2c1150e9ee8ecb5fccb4cd0fe,Kat Adams & Bria Williams,,Kat Adams & Bria Williams,2019-09-05T20:01:24Z,Fixing 2 instructor loop bug so we can remove and readd a professor to a course.,https://github.com/BCStudentSoftwareDevTeam/cas/commit/95d6e11361dc7cf2c1150e9ee8ecb5fccb4cd0fe
cas,b3ab4a90c3110aa935e0b54bf431de1a9b65bb86,Scott Heggen,,Scott Heggen,2019-06-19T16:31:52Z,fixed deleteCourse to create a new CourseChange object if one doesn't exist (for change tracker),https://github.com/BCStudentSoftwareDevTeam/cas/commit/b3ab4a90c3110aa935e0b54bf431de1a9b65bb86
cas,21b5410d6a8c85e488291754f1800d9d53b82941,johnsonwe,User,sheggen,2019-06-14T20:24:08Z,"Merged in ahh (pull request #164)

Term Managment Formatting

Approved-by: Katelyn Adams <adamska@berea.edu>",https://github.com/BCStudentSoftwareDevTeam/cas/commit/21b5410d6a8c85e488291754f1800d9d53b82941
cas,c0c44561cd7854ea79320094870452f25c41d211,johnsonwe,User,johnsonwe,2019-06-11T15:31:26Z,Fixed terms not showing if they are currently locked.,https://github.com/BCStudentSoftwareDevTeam/cas/commit/c0c44561cd7854ea79320094870452f25c41d211
cas,8f07b777016910846588830e4409fb86abd33f26,johnsonwe,User,johnsonwe,2019-06-06T18:24:09Z,Added timer to room assignment warning modal.,https://github.com/BCStudentSoftwareDevTeam/cas/commit/8f07b777016910846588830e4409fb86abd33f26
cas,b0127b1c559c1147cd008fb31bbbf948a1fe8a30,johnsonwe,User,johnsonwe,2019-06-04T20:46:12Z,Removed console output,https://github.com/BCStudentSoftwareDevTeam/cas/commit/b0127b1c559c1147cd008fb31bbbf948a1fe8a30
cas,9dd7a3cc8dbfdf182866f541aace5a3d305f1724,johnsonwe,User,johnsonwe,2019-06-03T20:05:49Z,Added wait modal to Reassign Button,https://github.com/BCStudentSoftwareDevTeam/cas/commit/9dd7a3cc8dbfdf182866f541aace5a3d305f1724
cas,f10c770d96d5c2c4604ca0883ad3d889bbe8f7c0,johnsonwe,User,johnsonwe,2019-06-03T19:26:21Z,Merge branch 'ahh' of https://bitbucket.org/sheggen/cas-flask into ahh,https://github.com/BCStudentSoftwareDevTeam/cas/commit/f10c770d96d5c2c4604ca0883ad3d889bbe8f7c0
cas,0f1e531a29922b6d7a4ef89ace0670451fa8eefb,johnsonwe,User,johnsonwe,2019-06-03T19:24:10Z,Addition time and warning implemented,https://github.com/BCStudentSoftwareDevTeam/cas/commit/0f1e531a29922b6d7a4ef89ace0670451fa8eefb
cas,d028c26c3660032c92f44fadbf9a933a8c1aa716,johnsonwe,User,johnsonwe,2019-06-03T19:11:43Z,forgot to save oops,https://github.com/BCStudentSoftwareDevTeam/cas/commit/d028c26c3660032c92f44fadbf9a933a8c1aa716
cas,337fd3edec05b6ab13709585474b71db83e665a1,johnsonwe,User,johnsonwe,2019-06-03T19:11:04Z,Wait modal implemented to account for room assignment alrogithm. Prevents users from clicking during this process.,https://github.com/BCStudentSoftwareDevTeam/cas/commit/337fd3edec05b6ab13709585474b71db83e665a1
cas,aabc567fbf8bc5217791987791bccc460e707bac,johnsonwe,User,johnsonwe,2019-05-30T20:29:32Z,Merged development into ahh,https://github.com/BCStudentSoftwareDevTeam/cas/commit/aabc567fbf8bc5217791987791bccc460e707bac
cas,74b7f2268196277f0d3840244bdb8befdfffc198,johnsonwe,User,johnsonwe,2019-05-30T20:26:00Z,I think I fixed it... I have forsaken family and home to achieve this pyrrhic victory...,https://github.com/BCStudentSoftwareDevTeam/cas/commit/74b7f2268196277f0d3840244bdb8befdfffc198
cas,6d74e131f3387958b2b5d10684af7dd6e4dc6892,johnsonwe,User,johnsonwe,2019-05-30T19:19:23Z,Unerachive panel now closes and stays closed,https://github.com/BCStudentSoftwareDevTeam/cas/commit/6d74e131f3387958b2b5d10684af7dd6e4dc6892
cas,078875b8bd212c9d7aca85f2e100f6b4dbff435c,johnsonwe,User,johnsonwe,2019-05-28T20:16:05Z,saving progress,https://github.com/BCStudentSoftwareDevTeam/cas/commit/078875b8bd212c9d7aca85f2e100f6b4dbff435c
cas,db04e71288dcbc9a511c4d723a8e291ed983fa6f,johnsonwe,User,johnsonwe,2019-05-28T19:34:04Z,Panels firing between rows!,https://github.com/BCStudentSoftwareDevTeam/cas/commit/db04e71288dcbc9a511c4d723a8e291ed983fa6f
cas,5902a401a3352b317466aed9743d8c2d952f6b98,sanginovs,User,sheggen,2019-05-24T12:45:14Z,"Merged in roomResolution/bugfix (pull request #161)

RoomResolution Available and Unavailable Rooms Feature Implemented",https://github.com/BCStudentSoftwareDevTeam/cas/commit/5902a401a3352b317466aed9743d8c2d952f6b98
cas,25de4d2cc77d09b99f1c98aa23f62f2f3bec1d54,sheggen,User,sheggen,2019-05-24T12:44:47Z,Removing ZZZ from dictionary,https://github.com/BCStudentSoftwareDevTeam/cas/commit/25de4d2cc77d09b99f1c98aa23f62f2f3bec1d54
cas,5a00b0b0e53c703c6f715eea61877cc257d517e9,sheggen,User,sheggen,2019-05-24T12:43:45Z,"Nothing should conflict with ZZZ, including itself (it's a catchall for non-standard schedules)",https://github.com/BCStudentSoftwareDevTeam/cas/commit/5a00b0b0e53c703c6f715eea61877cc257d517e9
cas,8327d300a581fa902777ead65252bafcb2b0a857,sheggen,User,sheggen,2019-05-24T12:35:09Z,fixing merge conflicts,https://github.com/BCStudentSoftwareDevTeam/cas/commit/8327d300a581fa902777ead65252bafcb2b0a857
cas,2eafd101d3d45d243c6e2bad34ca0583b10ad3cd,sheggen,User,sheggen,2019-05-24T12:26:00Z,Merge branch 'development' into roomResolution/bugfix,https://github.com/BCStudentSoftwareDevTeam/cas/commit/2eafd101d3d45d243c6e2bad34ca0583b10ad3cd
cas,609512f2a179e0e88c1ac2aca684976d8acdd7ab,sanginovs,User,sheggen,2019-05-23T20:22:25Z,"Merged in design/iss266 (pull request #156)

Design/iss266

Approved-by: Kenny Louissaint Nelson <nkennylouissaint@gmail.com>",https://github.com/BCStudentSoftwareDevTeam/cas/commit/609512f2a179e0e88c1ac2aca684976d8acdd7ab
cas,fc976d83673b712a0ecf6ab2921c0680407f19a5,sheggen,User,sheggen,2019-05-23T20:16:37Z,fixed UI of verified confirmation buttons on courses page,https://github.com/BCStudentSoftwareDevTeam/cas/commit/fc976d83673b712a0ecf6ab2921c0680407f19a5
cas,e91547931f247eaa3d2e1c0c67d0c962b488db7d,sheggen,User,sheggen,2019-05-23T19:39:08Z,Checkmark or x is no longer separating from course name :D,https://github.com/BCStudentSoftwareDevTeam/cas/commit/e91547931f247eaa3d2e1c0c67d0c962b488db7d
cas,8dfbf9eff21d804e485c7dd69a75341fc97af4c1,sheggen,User,sheggen,2019-05-23T17:35:21Z,cleaning up bits and bobs about crosslisted courses,https://github.com/BCStudentSoftwareDevTeam/cas/commit/8dfbf9eff21d804e485c7dd69a75341fc97af4c1
cas,ce9c07bdc2193c7d0b3eb9856fffe80f8def2391,sheggen,User,sheggen,2019-05-21T20:36:36Z,Fixed tooltip language and layout; made excelMaker not overwrite instructors if more than one and crosslisted,https://github.com/BCStudentSoftwareDevTeam/cas/commit/ce9c07bdc2193c7d0b3eb9856fffe80f8def2391
cas,7965dba498ae9683dbab46c804803bec5ffd44a7,sheggen,User,sheggen,2019-05-21T15:48:04Z,Modified addCourse.py to no longer insert into InstructorCourseChange table; not sure it's right,https://github.com/BCStudentSoftwareDevTeam/cas/commit/7965dba498ae9683dbab46c804803bec5ffd44a7
cas,356491b491ea84797a1cc30e80aef0a5a7358bf7,sheggen,User,sheggen,2019-05-17T17:51:43Z,Made update_schema.py handle errors more gracefully,https://github.com/BCStudentSoftwareDevTeam/cas/commit/356491b491ea84797a1cc30e80aef0a5a7358bf7
cas,7cfa6a5a8beded5eb474f577028db2dae7918d9d,sheggen,User,sheggen,2019-05-17T14:00:30Z,"Merged in scheduleRoomPrefFix (pull request #163)

Courses without schedules do not break the room preferences interface anymore",https://github.com/BCStudentSoftwareDevTeam/cas/commit/7cfa6a5a8beded5eb474f577028db2dae7918d9d
cas,27333c7c05f422f3eb28d93f5e19f4482c6db4fe,sheggen,User,sheggen,2019-05-17T13:53:48Z,"reformatted messaging for missing schedule on room preferences, to be more helpful",https://github.com/BCStudentSoftwareDevTeam/cas/commit/27333c7c05f422f3eb28d93f5e19f4482c6db4fe
cas,9313fa9c457d3871fab7a767e8f5862582bd11f7,wgs1862019,User,wgs1862019,2019-05-16T20:01:44Z,Courses without schedules do not break the room preferences interfce anymore,https://github.com/BCStudentSoftwareDevTeam/cas/commit/9313fa9c457d3871fab7a767e8f5862582bd11f7
cas,da8848b1e942679d7fdb5828b7f896ae3952e97c,sheggen,User,sheggen,2019-05-14T13:15:50Z,"Merged in 301-revert (pull request #162)

Revert ""301 (pull request #157)""",https://github.com/BCStudentSoftwareDevTeam/cas/commit/da8848b1e942679d7fdb5828b7f896ae3952e97c
cas,50f84c0e55daba4edbbe1861c86bde95c56b1ad8,sheggen,User,sheggen,2019-05-14T13:09:54Z,Fixed checkboxes in ed tech modal to check or uncheck based on server response,https://github.com/BCStudentSoftwareDevTeam/cas/commit/50f84c0e55daba4edbbe1861c86bde95c56b1ad8
cas,1bcfecb989995a21673a4344bbe7ff1f84dbd89b,sheggen,User,sheggen,2019-05-14T12:26:36Z,"Revert ""301 (pull request #157)""

This reverts pull request #157.

> * **For reviewers:**
> 
>     1. Checkout this branch 301
>     
>         1. git fetch --all
>         2. git checkout 301
>         
>     2. Make sure your mysql database is correctly setup and you have production data in your database. Adjust config.yaml credentials.
>     
>         1. sudo service mysql start
>         2. ![](https://bitbucket.org/repo/y4axrX/images/1158182384-clone.png)
>         
>     3. All done. Run the application and start testing.
>     
> 
> Intended Functionality:
> 
> When closing the education tech modal for building managers, one should get a warning if they are choosing to not save.",https://github.com/BCStudentSoftwareDevTeam/cas/commit/1bcfecb989995a21673a4344bbe7ff1f84dbd89b
cas,fa6eb179f50b447c37a958f1d785068124793352,johnsonwe,User,sheggen,2019-05-14T12:24:52Z,"Merged in 301 (pull request #157)

301

Approved-by: Sher Sanginov <shersanginov6505@gmail.com>",https://github.com/BCStudentSoftwareDevTeam/cas/commit/fa6eb179f50b447c37a958f1d785068124793352
cas,b5d829e35e107b740b2006532f1e4f1c1aa4f316,Chauwaj,User,sheggen,2019-05-14T12:16:20Z,"Merged in march (pull request #158)

Downloads on Term Rows

Approved-by: Evan Johnson <johnsone@berea.edu>",https://github.com/BCStudentSoftwareDevTeam/cas/commit/b5d829e35e107b740b2006532f1e4f1c1aa4f316
cas,a19b15a3a5d96a0952e9faf8ab2bd3543c6c1355,sheggen,User,sheggen,2019-05-14T12:04:18Z,"fixed UI issue with new download button, plus made it create required dirs if missing",https://github.com/BCStudentSoftwareDevTeam/cas/commit/a19b15a3a5d96a0952e9faf8ab2bd3543c6c1355
cas,8269522b4dbe2f75d7fe700a928721e54708bf57,johnsonwe,User,sheggen,2019-05-13T13:03:08Z,"Merged in 302 (pull request #159)

302

Approved-by: Katelyn Adams <adamska@berea.edu>
Approved-by: Sher Sanginov <shersanginov6505@gmail.com>",https://github.com/BCStudentSoftwareDevTeam/cas/commit/8269522b4dbe2f75d7fe700a928721e54708bf57
cas,cbf003011467d15a0048df9c5205d413576807b8,nelsonke,User,sheggen,2019-05-13T12:49:30Z,"Merged in iss331 (pull request #160)

Preventing non-admins from editing and deleting courses when scheduling is locked.

Approved-by: Evan Johnson <johnsone@berea.edu>
Approved-by: Katelyn Adams <adamska@berea.edu>",https://github.com/BCStudentSoftwareDevTeam/cas/commit/cbf003011467d15a0048df9c5205d413576807b8
cas,846ed2a74a13e3c9042536ce21150437e4641e7a,Sher Sanginov,,Sher Sanginov,2019-04-23T17:40:02Z,documented my code and tested the feature,https://github.com/BCStudentSoftwareDevTeam/cas/commit/846ed2a74a13e3c9042536ce21150437e4641e7a
cas,62234944076ec0819c16e00406b383e0dbabe068,Sher Sanginov,,Sher Sanginov,2019-04-23T16:21:06Z,fixed the bug to query available rooms,https://github.com/BCStudentSoftwareDevTeam/cas/commit/62234944076ec0819c16e00406b383e0dbabe068
cas,ef1a50a9bf85e5339c8b24a7e463bae6c2db0d72,wgs1862019,User,wgs1862019,2019-04-22T16:51:18Z,Fixed error. Admins should be able to Create courses with instructors now.,https://github.com/BCStudentSoftwareDevTeam/cas/commit/ef1a50a9bf85e5339c8b24a7e463bae6c2db0d72
cas,a8bb840715157047deff039a5679c1f7722d1d20,Sher Sanginov,,Sher Sanginov,2019-04-18T20:06:26Z,implemented find_conflict_nonconflicting_rooms function,https://github.com/BCStudentSoftwareDevTeam/cas/commit/a8bb840715157047deff039a5679c1f7722d1d20
cas,bf1b30e56b9d59a8f134876dff78a9711411c93f,wgs1862019,User,wgs1862019,2019-04-16T19:17:52Z,Hiding button for nonAdmind when term scheduling is locked,https://github.com/BCStudentSoftwareDevTeam/cas/commit/bf1b30e56b9d59a8f134876dff78a9711411c93f
cas,5b1d8ab3d88a85f378d75f6e0795bf6fd69d5056,Sher Sanginov,,Sher Sanginov,2019-04-16T12:32:23Z,query available rooms logic implemented,https://github.com/BCStudentSoftwareDevTeam/cas/commit/5b1d8ab3d88a85f378d75f6e0795bf6fd69d5056
cas,5681620b0e8e5f02fe414de8df29e5e51901b5a4,wgs1862019,User,wgs1862019,2019-04-11T20:05:25Z,THIS ONE WORKS not the last one ha,https://github.com/BCStudentSoftwareDevTeam/cas/commit/5681620b0e8e5f02fe414de8df29e5e51901b5a4
cas,01c5267f8b7159eb717a374889f9e2aaadffb18a,wgs1862019,User,wgs1862019,2019-04-11T20:00:35Z,Hiding icons and column when scheduling is locked for all but admins,https://github.com/BCStudentSoftwareDevTeam/cas/commit/01c5267f8b7159eb717a374889f9e2aaadffb18a
cas,063a721d4622e4df0f94a02d07d87af50e1ac52f,wgs1862019,User,wgs1862019,2019-04-10T19:21:45Z,"Trying to hide buttons, but the state is not reflecting any chenges",https://github.com/BCStudentSoftwareDevTeam/cas/commit/063a721d4622e4df0f94a02d07d87af50e1ac52f
cas,640cd2d2d8969f2bf1559b658f0c47a459efe9e7,nelsonkenny,User,nelsonkenny,2019-04-02T20:17:37Z,Preventing non-admins from editing and deleting courses when scheduling is locked.,https://github.com/BCStudentSoftwareDevTeam/cas/commit/640cd2d2d8969f2bf1559b658f0c47a459efe9e7
cas,b5d18263d2590bec96084892b2a9eec4cba5dd8d,Sher Sanginov,,Sher Sanginov,2019-04-01T20:29:41Z,removed commented code,https://github.com/BCStudentSoftwareDevTeam/cas/commit/b5d18263d2590bec96084892b2a9eec4cba5dd8d
cas,16b3d67334d47778ffb23770de57f171a043402b,Sher Sanginov,,Sher Sanginov,2019-04-01T20:27:35Z,changed db name config,https://github.com/BCStudentSoftwareDevTeam/cas/commit/16b3d67334d47778ffb23770de57f171a043402b
cas,eaf3d0a936db1858881b52808d50021166a265ad,Sher Sanginov,,Sher Sanginov,2019-04-01T20:26:23Z,removed commented code,https://github.com/BCStudentSoftwareDevTeam/cas/commit/eaf3d0a936db1858881b52808d50021166a265ad
cas,25a5f0c657195fa1d06c35c91b78c19154ba3a74,Sher Sanginov,,Sher Sanginov,2019-04-01T18:53:53Z,fixed conflict,https://github.com/BCStudentSoftwareDevTeam/cas/commit/25a5f0c657195fa1d06c35c91b78c19154ba3a74
cas,f5ac0394324c1b51aceb379cdc6005e8130605fd,johnsonwe,User,johnsonwe,2019-03-28T20:03:10Z,Another quick tweak,https://github.com/BCStudentSoftwareDevTeam/cas/commit/f5ac0394324c1b51aceb379cdc6005e8130605fd
cas,71072f32f666650ef9d5ee792bcfbd0f00f0673c,johnsonwe,User,johnsonwe,2019-03-28T19:58:53Z,Progress on table. I say progress because I can't tell if it looks like trash or not.,https://github.com/BCStudentSoftwareDevTeam/cas/commit/71072f32f666650ef9d5ee792bcfbd0f00f0673c
cas,c7a6e3970ec49b983bf34b1339b1d67ca93299fe,Chauwaj,User,Chauwaj,2019-03-21T19:54:56Z,Fixed downloads,https://github.com/BCStudentSoftwareDevTeam/cas/commit/c7a6e3970ec49b983bf34b1339b1d67ca93299fe
cas,00745f33251feaa4c927ac638abdbb98d9462483,johnsonwe,User,johnsonwe,2019-03-21T19:35:49Z,Discarded junk code,https://github.com/BCStudentSoftwareDevTeam/cas/commit/00745f33251feaa4c927ac638abdbb98d9462483
cas,bc125a30d46349b62677f03c37e293a10d344d5c,johnsonwe,User,johnsonwe,2019-03-21T19:32:22Z,"Fixed active modal issue, ready for review",https://github.com/BCStudentSoftwareDevTeam/cas/commit/bc125a30d46349b62677f03c37e293a10d344d5c
cas,9e2c8b8991981bde28071ccdec2617b8775411a4,johnsonwe,User,johnsonwe,2019-03-20T19:46:11Z,Created Warning for closing Edu Tech Modal without saving. Need to fix the designation of active modal.,https://github.com/BCStudentSoftwareDevTeam/cas/commit/9e2c8b8991981bde28071ccdec2617b8775411a4
cas,362b76702cb888abffbe30c9f590a08eb55303b3,johnsonwe,User,johnsonwe,2019-03-20T19:25:03Z,More progress on 301,https://github.com/BCStudentSoftwareDevTeam/cas/commit/362b76702cb888abffbe30c9f590a08eb55303b3
cas,7634fa861a9d99078cfaf41d0de1213a16c1e9c1,Sher Sanginov,,Sher Sanginov,2019-03-19T18:46:18Z,updated schema,https://github.com/BCStudentSoftwareDevTeam/cas/commit/7634fa861a9d99078cfaf41d0de1213a16c1e9c1
cas,29aba3cbcfb9f3a64643cf9cffb89db0c528dfdd,Sher Sanginov,,Sher Sanginov,2019-03-19T18:10:49Z,update schema for crossListed,https://github.com/BCStudentSoftwareDevTeam/cas/commit/29aba3cbcfb9f3a64643cf9cffb89db0c528dfdd
cas,0d1a21e748fe469b7d9bc39d6894d8020a21e983,Sher Sanginov,,Sher Sanginov,2019-03-19T17:48:12Z,merge conflict fixed,https://github.com/BCStudentSoftwareDevTeam/cas/commit/0d1a21e748fe469b7d9bc39d6894d8020a21e983
cas,ab513349d74ad4d851eefd711f631d37cf54f3bd,Sher Sanginov,,Sher Sanginov,2019-03-19T17:23:58Z,removed margin top on create course button,https://github.com/BCStudentSoftwareDevTeam/cas/commit/ab513349d74ad4d851eefd711f631d37cf54f3bd
cas,3744762e08a0c3afad53208741b532046a072c20,Sher Sanginov,,Sher Sanginov,2019-03-19T16:26:48Z,added authentication for roomResolution page,https://github.com/BCStudentSoftwareDevTeam/cas/commit/3744762e08a0c3afad53208741b532046a072c20
cas,adeba33a37d6a44681b882c4e28ef1c71965331c,Chauwaj,User,Chauwaj,2019-03-19T06:04:34Z,made the download links buttons,https://github.com/BCStudentSoftwareDevTeam/cas/commit/adeba33a37d6a44681b882c4e28ef1c71965331c
cas,40b65bfdc9f380c438ad9d1274e4739c1ce0d4b8,johnsonwe,User,johnsonwe,2019-03-18T19:37:33Z,Other changes to 301,https://github.com/BCStudentSoftwareDevTeam/cas/commit/40b65bfdc9f380c438ad9d1274e4739c1ce0d4b8
cas,84d304a3b7b9a025f32aa0ccac2a9e87eb4a292a,johnsonwe,User,johnsonwe,2019-03-18T19:36:23Z,Saving progress on Issue 301,https://github.com/BCStudentSoftwareDevTeam/cas/commit/84d304a3b7b9a025f32aa0ccac2a9e87eb4a292a
cas,b0e2694969f5ad8b145215ffbad1446eac2fdb6f,Sher Sanginov,,Sher Sanginov,2019-03-15T19:05:06Z,navbar fix commit,https://github.com/BCStudentSoftwareDevTeam/cas/commit/b0e2694969f5ad8b145215ffbad1446eac2fdb6f
cas,4e56de48b888cf7c1da9acc74ea6de1fc91cab3d,wgs1862019,User,wgs1862019,2019-03-13T19:12:13Z,Config issue fixing,https://github.com/BCStudentSoftwareDevTeam/cas/commit/4e56de48b888cf7c1da9acc74ea6de1fc91cab3d
cas,11b80e7d3badc8f100608291cc51245e02a50726,sheggen,User,sheggen,2019-03-13T19:09:46Z,Adding a config.yaml to development,https://github.com/BCStudentSoftwareDevTeam/cas/commit/11b80e7d3badc8f100608291cc51245e02a50726
cas,aed30cde841937da56a2bfa560ed033ced45402b,wgs1862019,User,wgs1862019,2019-03-13T19:09:04Z,missing config.yaml,https://github.com/BCStudentSoftwareDevTeam/cas/commit/aed30cde841937da56a2bfa560ed033ced45402b
cas,359d80243baa7b04a10f41c7835b1f93ac698bfe,sheggen,User,sheggen,2019-03-13T17:03:34Z,Cleaned up excel exporter room numbers and building shortName,https://github.com/BCStudentSoftwareDevTeam/cas/commit/359d80243baa7b04a10f41c7835b1f93ac698bfe
cas,68ebc0d3d1e5dec7b1bdf55559c038891030df85,wgs1862019,User,wgs1862019,2019-03-13T16:58:33Z,Branch for issue 301,https://github.com/BCStudentSoftwareDevTeam/cas/commit/68ebc0d3d1e5dec7b1bdf55559c038891030df85
cas,d2dc02509ca3e2577b3f10ba20ffe3caf6a3641a,sheggen,User,sheggen,2019-03-13T16:17:55Z,Adding Schedule Letter to Unavailable rooms UI so they know what days of the week the room is unavailable,https://github.com/BCStudentSoftwareDevTeam/cas/commit/d2dc02509ca3e2577b3f10ba20ffe3caf6a3641a
cas,c0833cd9d28fa6cf8e55aacadb3e6c699f597e83,sheggen,User,sheggen,2019-03-13T16:04:19Z,Fixing extra rogue space in conflicts_query which broke SQL,https://github.com/BCStudentSoftwareDevTeam/cas/commit/c0833cd9d28fa6cf8e55aacadb3e6c699f597e83
cas,6872243d0cb5af7c0944df704d3055c33164c103,Sher Sanginov,,Sher Sanginov,2019-03-12T16:54:24Z,fixed conflicts,https://github.com/BCStudentSoftwareDevTeam/cas/commit/6872243d0cb5af7c0944df704d3055c33164c103
cas,f899b126ff6985a213b5a23eade3e779d663500a,Sher Sanginov,,Sher Sanginov,2019-03-12T16:23:33Z,fixed navigation hamburgermenu issue,https://github.com/BCStudentSoftwareDevTeam/cas/commit/f899b126ff6985a213b5a23eade3e779d663500a
cas,f8a916e726f420f472c12ff24846c628d35682fd,Sher Sanginov,,Sher Sanginov,2019-03-12T16:03:06Z,revert back to original termManagement page,https://github.com/BCStudentSoftwareDevTeam/cas/commit/f8a916e726f420f472c12ff24846c628d35682fd
cas,cae871996a37ddd6f86704384ae41a13cd0da118,Sher Sanginov,,Sher Sanginov,2019-03-12T14:32:51Z,fix styling issue wip,https://github.com/BCStudentSoftwareDevTeam/cas/commit/cae871996a37ddd6f86704384ae41a13cd0da118
cas,796cd84cb7592e58ae5f65bbb3ac0db2f6da1aed,Scott Heggen,,Scott Heggen,2019-03-11T18:23:56Z,updating add classroom scripts with FIXMEs which need fixed before the files can be used again to insert new rooms,https://github.com/BCStudentSoftwareDevTeam/cas/commit/796cd84cb7592e58ae5f65bbb3ac0db2f6da1aed
cas,419f5535efcc161b0152457db3126a1b4fc8ef48,Scott Heggen,,Scott Heggen,2019-03-11T18:03:42Z,Updating building management to use long name instead of shortname,https://github.com/BCStudentSoftwareDevTeam/cas/commit/419f5535efcc161b0152457db3126a1b4fc8ef48
cas,13376ef469502a68a8ffd88880d927d5fdb51b72,Scott Heggen,,Scott Heggen,2019-03-11T17:59:34Z,"Added course time to room preferences table, and formatted date/time string",https://github.com/BCStudentSoftwareDevTeam/cas/commit/13376ef469502a68a8ffd88880d927d5fdb51b72
cas,b7fe276f0b6315d88472f276a0c4ad1311adda25,Scott Heggen,,Scott Heggen,2019-03-11T14:41:34Z,Updating Room Preferences to include room layout as well as formatting fixes,https://github.com/BCStudentSoftwareDevTeam/cas/commit/b7fe276f0b6315d88472f276a0c4ad1311adda25
cas,fb940c3644907101aa6f9941b7cbb25257a96004,Scott Heggen,,Scott Heggen,2019-03-11T14:14:25Z,Fixed null references issue in room preferences for pref_1 through pref_3,https://github.com/BCStudentSoftwareDevTeam/cas/commit/fb940c3644907101aa6f9941b7cbb25257a96004
cas,52b9a1f7332a330848d27b8fb20ec64ae8d004d1,Scott Heggen,,Scott Heggen,2019-03-11T13:11:37Z,Commenting out dangerous code in termManagement (resets all terms),https://github.com/BCStudentSoftwareDevTeam/cas/commit/52b9a1f7332a330848d27b8fb20ec64ae8d004d1
cas,e102e6635628df2debd231be8b606dab50699275,Scott Heggen,,Scott Heggen,2019-03-07T20:03:12Z,merging in changes,https://github.com/BCStudentSoftwareDevTeam/cas/commit/e102e6635628df2debd231be8b606dab50699275
cas,cdb8863842b8bf476f071d5cb31100ddb021187a,Scott Heggen,,Scott Heggen,2019-03-07T20:01:12Z,removing redundant call to google charts,https://github.com/BCStudentSoftwareDevTeam/cas/commit/cdb8863842b8bf476f071d5cb31100ddb021187a
cas,0f8b0b6f84b89ddb629472c347cc348f0b313c57,Scott Heggen,,Scott Heggen,2019-03-07T20:00:42Z,fixing bad HTML on timeline.html,https://github.com/BCStudentSoftwareDevTeam/cas/commit/0f8b0b6f84b89ddb629472c347cc348f0b313c57
cas,041a9d64e2b6934dd65e04bf6dd128cacb90828d,Jamal Aw Yonis,,sheggen,2019-03-07T19:59:36Z,"Merged in buildingM (pull request #152)

CreateD a Dropdown Menu and saved current suers for userManagement Ui

Approved-by: Anne Achieng <aneachieng@gmail.com>",https://github.com/BCStudentSoftwareDevTeam/cas/commit/041a9d64e2b6934dd65e04bf6dd128cacb90828d
cas,3623bac0d3a9ee57616649c91b7430850f574ef5,sheggen,User,sheggen,2019-03-07T19:59:14Z,removing junk files plus fixing config.yaml,https://github.com/BCStudentSoftwareDevTeam/cas/commit/3623bac0d3a9ee57616649c91b7430850f574ef5
cas,d06e8b907c0ca118e582e04eab0a91654388848b,sheggen,User,sheggen,2019-03-07T19:57:03Z,Adding config.yaml back after telling Jamal to remove it,https://github.com/BCStudentSoftwareDevTeam/cas/commit/d06e8b907c0ca118e582e04eab0a91654388848b
cas,4f337e266070d5e0c6146ff44975e4edb156bf27,sheggen,User,sheggen,2019-03-07T19:54:12Z,Sorted all dropdowns alphabetically,https://github.com/BCStudentSoftwareDevTeam/cas/commit/4f337e266070d5e0c6146ff44975e4edb156bf27
cas,39a739e1b758b7c7bc74de5ad09fee06fc452cb2,awyoonis,,awyoonis,2019-03-07T19:12:37Z, updated update_schema for PR,https://github.com/BCStudentSoftwareDevTeam/cas/commit/39a739e1b758b7c7bc74de5ad09fee06fc452cb2
cas,88cc898590594341c891bfe1b24c824470dccd48,awyoonis,,awyoonis,2019-03-07T18:56:27Z,fixed merge conflicts with development,https://github.com/BCStudentSoftwareDevTeam/cas/commit/88cc898590594341c891bfe1b24c824470dccd48
cas,0c42ea5dc445cb42329fe8eb8fcb0949065afec6,Scott Heggen,,Scott Heggen,2019-03-07T14:57:53Z,Updated buildingManagement for admins to see all,https://github.com/BCStudentSoftwareDevTeam/cas/commit/0c42ea5dc445cb42329fe8eb8fcb0949065afec6
cas,63a0558b925a66f6607bf65f078906b596a41891,sheggen,User,sheggen,2019-03-07T14:36:52Z,"Merged in fixCharts (pull request #155)

Fixes Google Charts generator on homepage",https://github.com/BCStudentSoftwareDevTeam/cas/commit/63a0558b925a66f6607bf65f078906b596a41891
cas,2d946d1ea61f3a0243388212769a91ca20c98af7,sheggen,User,sheggen,2019-03-07T14:32:12Z,Fixed charts on home page; config.yaml was updated with new fields,https://github.com/BCStudentSoftwareDevTeam/cas/commit/2d946d1ea61f3a0243388212769a91ca20c98af7
cas,294521e765d16a7e50b1054bbd2b636f5e18cc27,sheggen,User,sheggen,2019-03-07T14:15:18Z,Making Building Management menu only appear for BMs and Admins,https://github.com/BCStudentSoftwareDevTeam/cas/commit/294521e765d16a7e50b1054bbd2b636f5e18cc27
cas,46e54bb08d05b4a65ec1b9172f0256b80c846e45,sheggen,User,sheggen,2019-03-06T21:05:14Z,Added logic to load building managers ui only for building managers,https://github.com/BCStudentSoftwareDevTeam/cas/commit/46e54bb08d05b4a65ec1b9172f0256b80c846e45
cas,15d09d4e6cd658fb532a91e991c33abbf1e7f602,sheggen,User,sheggen,2019-03-06T20:29:11Z,selectpicker updates Accessibility selections from DB,https://github.com/BCStudentSoftwareDevTeam/cas/commit/15d09d4e6cd658fb532a91e991c33abbf1e7f602
cas,6fd77f395a55a0b3177e4d6b94cb6c4832f6a4df,sheggen,User,sheggen,2019-03-06T20:21:28Z,Updating UI with better styling,https://github.com/BCStudentSoftwareDevTeam/cas/commit/6fd77f395a55a0b3177e4d6b94cb6c4832f6a4df
cas,35c2c2b5e8745788e23c324feb2596cc2c446653,sheggen,User,sheggen,2019-03-06T19:06:15Z,clarifying intent of buildingManagementSidebar.html,https://github.com/BCStudentSoftwareDevTeam/cas/commit/35c2c2b5e8745788e23c324feb2596cc2c446653
cas,9ab3dae7cb181362b42576fc1832a9302e585c5c,sheggen,User,sheggen,2019-03-06T19:04:23Z,Significant UI changes to Building management and Ed tech,https://github.com/BCStudentSoftwareDevTeam/cas/commit/9ab3dae7cb181362b42576fc1832a9302e585c5c
cas,1c5aef7f0a67de47bb012a2c5a48ab230e1261d5,sheggen,User,sheggen,2019-03-06T13:54:51Z,updated term management UI to save state changes for both state and term_state,https://github.com/BCStudentSoftwareDevTeam/cas/commit/1c5aef7f0a67de47bb012a2c5a48ab230e1261d5
cas,7b735dea7ee6d3f2e36be8551bb8b122cdcc18cf,Sher Sanginov,,Sher Sanginov,2019-02-28T15:35:17Z,javascript crosslisted yes or no bug fix,https://github.com/BCStudentSoftwareDevTeam/cas/commit/7b735dea7ee6d3f2e36be8551bb8b122cdcc18cf
cas,6a05869c24a28d64bb38c2a0ba3986fed61e3d0a,Sher Sanginov,,Sher Sanginov,2019-02-28T15:09:26Z,docstrings added,https://github.com/BCStudentSoftwareDevTeam/cas/commit/6a05869c24a28d64bb38c2a0ba3986fed61e3d0a
cas,560fe6662388f37405da115c064be83bef7dc046,Sher Sanginov,,Sher Sanginov,2019-02-28T14:56:43Z,removed print statements,https://github.com/BCStudentSoftwareDevTeam/cas/commit/560fe6662388f37405da115c064be83bef7dc046
cas,945d626faf27ded221a83c0b7148559310abb271,Sher Sanginov,,Sher Sanginov,2019-02-28T14:36:04Z,removed file called tatoiq,https://github.com/BCStudentSoftwareDevTeam/cas/commit/945d626faf27ded221a83c0b7148559310abb271
cas,ddd6f6163265d3916fcd00702289898d3164b0b9,Sher Sanginov,,Sher Sanginov,2019-02-28T14:25:52Z,merged crosslisted feature with Development,https://github.com/BCStudentSoftwareDevTeam/cas/commit/ddd6f6163265d3916fcd00702289898d3164b0b9
cas,4f05776a86874c529181953a32f22969ce3e8d38,awyoonis,,awyoonis,2019-02-27T22:20:53Z,made ID used in ARIA role unique and gave the document a title so it does not have non-empty title,https://github.com/BCStudentSoftwareDevTeam/cas/commit/4f05776a86874c529181953a32f22969ce3e8d38
cas,50c630e294b2957876e6d08b91ddafd598e77d72,wgs1862019,User,wgs1862019,2019-02-27T18:18:33Z,Merge conflicts between 304 and 305,https://github.com/BCStudentSoftwareDevTeam/cas/commit/50c630e294b2957876e6d08b91ddafd598e77d72
cas,32518a3d0f194fda7aad7272fc1b244722d3392c,wgs1862019,User,wgs1862019,2019-02-27T18:14:56Z,Fixing merge conflicts between parent and child branch,https://github.com/BCStudentSoftwareDevTeam/cas/commit/32518a3d0f194fda7aad7272fc1b244722d3392c
cas,45850ac8592d9d3241a0bd6ce5aae4a2d5761a20,wgs1862019,User,wgs1862019,2019-02-27T17:56:21Z,Merge branch 'development' into 305,https://github.com/BCStudentSoftwareDevTeam/cas/commit/45850ac8592d9d3241a0bd6ce5aae4a2d5761a20
cas,3fc6a7662fd16b9c577187b2a604eeb1b46c0c3d,wgs1862019,User,wgs1862019,2019-02-25T21:51:23Z,"Button centered, READY FOR PR",https://github.com/BCStudentSoftwareDevTeam/cas/commit/3fc6a7662fd16b9c577187b2a604eeb1b46c0c3d
cas,2dd8283329ff19c011a84739da72646385c9bfe7,wgs1862019,User,wgs1862019,2019-02-25T18:50:00Z,Tooltip refactor,https://github.com/BCStudentSoftwareDevTeam/cas/commit/2dd8283329ff19c011a84739da72646385c9bfe7
cas,f738af3bae25bd1b77f6687c8a98ce67ed2acbdd,sheggen,User,sheggen,2019-02-21T21:01:18Z,"Merged in fix_config.yaml (pull request #153)

Updating config.yaml for Term Management language and typo fixes",https://github.com/BCStudentSoftwareDevTeam/cas/commit/f738af3bae25bd1b77f6687c8a98ce67ed2acbdd
cas,baa995cf77cd7523357103e51de91ef702b59ef1,sheggen,User,sheggen,2019-02-21T20:59:47Z,fixing language in config.yaml for Term Management,https://github.com/BCStudentSoftwareDevTeam/cas/commit/baa995cf77cd7523357103e51de91ef702b59ef1
cas,f6fef787185d159e351099044ce3b4082507b553,sheggen,User,sheggen,2019-02-20T17:00:27Z,Minor UI and language fixes,https://github.com/BCStudentSoftwareDevTeam/cas/commit/f6fef787185d159e351099044ce3b4082507b553
cas,93d6b0f0256cbf2763d8cf74e503d17f0f9a3c93,sheggen,User,sheggen,2019-02-20T16:43:38Z,added script to import DB; updated update_schema.py for this PR,https://github.com/BCStudentSoftwareDevTeam/cas/commit/93d6b0f0256cbf2763d8cf74e503d17f0f9a3c93
cas,76276320b2a479fd70033537d998c4a248db64d3,sheggen,User,sheggen,2019-02-20T15:50:42Z,Adding new file for automating import of cas.sql file from prod,https://github.com/BCStudentSoftwareDevTeam/cas/commit/76276320b2a479fd70033537d998c4a248db64d3
cas,80f42fb12f0f5c73bb414fb8d881ed5cf21f5800,awyoonis,,awyoonis,2019-02-14T00:36:18Z,Merge branch 'development' into buildingM,https://github.com/BCStudentSoftwareDevTeam/cas/commit/80f42fb12f0f5c73bb414fb8d881ed5cf21f5800
cas,8f2236effb1007bbc9f932239a10bfd49fe7db62,wgs1862019,User,sheggen,2019-02-13T21:49:38Z,"Merged in removalchairs (pull request #148)

Removal of chair pages from admin menu

Approved-by: Evan Johnson <johnsone@berea.edu>
Approved-by: Jonathan Chauwa <chauwaj@berea.edu>",https://github.com/BCStudentSoftwareDevTeam/cas/commit/8f2236effb1007bbc9f932239a10bfd49fe7db62
cas,f19f7298f6e79e6eac69b29b46b6684f2f9697d8,awyoonis,,awyoonis,2019-02-12T19:57:52Z,Merge branch 'development' into buildingM,https://github.com/BCStudentSoftwareDevTeam/cas/commit/f19f7298f6e79e6eac69b29b46b6684f2f9697d8
cas,fe35e98ca161fbbf7347c5eb38e363154458df10,awyoonis,,awyoonis,2019-02-12T19:56:23Z,saved the current users in the front-end,https://github.com/BCStudentSoftwareDevTeam/cas/commit/fe35e98ca161fbbf7347c5eb38e363154458df10
cas,0db837562f201f1d9261574189a0c197017a000b,Sher Sanginov,,Sher Sanginov,2019-02-12T18:43:10Z,update schema modified,https://github.com/BCStudentSoftwareDevTeam/cas/commit/0db837562f201f1d9261574189a0c197017a000b
cas,1e7b5f32aeebb8e0c0fcda762f1510e6d3a62674,Sher Sanginov,,Sher Sanginov,2019-02-12T18:37:59Z,new crosslisted feature initial commit,https://github.com/BCStudentSoftwareDevTeam/cas/commit/1e7b5f32aeebb8e0c0fcda762f1510e6d3a62674
cas,0383bdca383421fafbf440b02e4144e0473450a3,johnsonwe,User,sheggen,2019-02-12T02:12:42Z,"Merged in 309_contributors (pull request #151)

edited contributors

Approved-by: Evan Johnson <johnsone@berea.edu>",https://github.com/BCStudentSoftwareDevTeam/cas/commit/0383bdca383421fafbf440b02e4144e0473450a3
cas,c1a497f8ff1125a12c194683aa202e71ce67d60f,awyoonis,,awyoonis,2019-02-11T22:59:44Z,trying to save the current user in the fron-end,https://github.com/BCStudentSoftwareDevTeam/cas/commit/c1a497f8ff1125a12c194683aa202e71ce67d60f
cas,bd6bbe8bca5002c3cb5fd27637958a3454a9b1c6,johnsonwe,User,johnsonwe,2019-02-11T20:21:07Z,edited contributors,https://github.com/BCStudentSoftwareDevTeam/cas/commit/bd6bbe8bca5002c3cb5fd27637958a3454a9b1c6
cas,667276faf3a1219ae6d4725fae67e3d1d23b5305,wgs1862019,User,wgs1862019,2019-02-06T20:43:07Z,Cleaned up code pt 2,https://github.com/BCStudentSoftwareDevTeam/cas/commit/667276faf3a1219ae6d4725fae67e3d1d23b5305
cas,258f5c8b7b7bb1b2959c134c241211e7b84193c7,wgs1862019,User,wgs1862019,2019-02-06T20:42:33Z,Cleaned up code pt 1,https://github.com/BCStudentSoftwareDevTeam/cas/commit/258f5c8b7b7bb1b2959c134c241211e7b84193c7
cas,e9edd2d586eb7af876e098d0f8142e27a3b069e6,wgs1862019,User,wgs1862019,2019-02-06T19:57:26Z,Tooltip for shortName displays name,https://github.com/BCStudentSoftwareDevTeam/cas/commit/e9edd2d586eb7af876e098d0f8142e27a3b069e6
cas,04c09057ea202c00f4e13bd836368c87c1ba1656,awyoonis,,awyoonis,2019-02-05T20:22:19Z,mysql table conflict,https://github.com/BCStudentSoftwareDevTeam/cas/commit/04c09057ea202c00f4e13bd836368c87c1ba1656
cas,1fc41d7d72ff924245a12c9870f4ddda836e0177,awyoonis,,awyoonis,2019-02-05T18:45:48Z,finished the selectpicker usermanagement,https://github.com/BCStudentSoftwareDevTeam/cas/commit/1fc41d7d72ff924245a12c9870f4ddda836e0177
cas,d75302d38f9f9da535c55ee606c10abc6ef30af6,awyoonis,,awyoonis,2019-02-04T22:38:06Z,fixed DATABASE CONFLICT,https://github.com/BCStudentSoftwareDevTeam/cas/commit/d75302d38f9f9da535c55ee606c10abc6ef30af6
cas,cc7b294594703387e39a94a993431cd5a7fd1358,awyoonis,,awyoonis,2019-02-04T21:45:28Z,conflict,https://github.com/BCStudentSoftwareDevTeam/cas/commit/cc7b294594703387e39a94a993431cd5a7fd1358
cas,7f7613280cd39ab474d427b0fcb68dea343a485d,awyoonis,,awyoonis,2019-02-04T21:44:39Z,merge conflict,https://github.com/BCStudentSoftwareDevTeam/cas/commit/7f7613280cd39ab474d427b0fcb68dea343a485d
cas,e1a94e9e5e0bc83f63e16896b0286899a3be2233,awyoonis,,awyoonis,2019-02-04T21:35:25Z,merge conflict,https://github.com/BCStudentSoftwareDevTeam/cas/commit/e1a94e9e5e0bc83f63e16896b0286899a3be2233
cas,cf70bebaa4d7f7e411e4146976b4713e9c7a63a4,wgs1862019,User,wgs1862019,2019-01-30T17:26:40Z,Removal of chair pages from admin menu,https://github.com/BCStudentSoftwareDevTeam/cas/commit/cf70bebaa4d7f7e411e4146976b4713e9c7a63a4
cas,d1baddc17ea8938d26c534b202dde5cb4c494a4d,wgs1862019,User,wgs1862019,2019-01-29T21:46:47Z,Msql migration,https://github.com/BCStudentSoftwareDevTeam/cas/commit/d1baddc17ea8938d26c534b202dde5cb4c494a4d
cas,171fd04262bb573dbbf9d1cfec26e688cd6e5ada,wgs1862019,User,wgs1862019,2019-01-29T20:50:38Z,Merging with development,https://github.com/BCStudentSoftwareDevTeam/cas/commit/171fd04262bb573dbbf9d1cfec26e688cd6e5ada
cas,88542801d8023fb960784d554f68016d062cb787,wgs1862019,User,wgs1862019,2019-01-29T20:41:34Z,Cleaning up code,https://github.com/BCStudentSoftwareDevTeam/cas/commit/88542801d8023fb960784d554f68016d062cb787
cas,9ba496d1d1891340038d78656a78b04db1e17ca4,awyoonis,,awyoonis,2019-01-28T22:24:17Z,fixed merge conflict between BuildinMg and 265.,https://github.com/BCStudentSoftwareDevTeam/cas/commit/9ba496d1d1891340038d78656a78b04db1e17ca4
cas,125616014fe3726e36ce9761faadc98aa601247c,awyoonis,,awyoonis,2019-01-28T21:39:39Z,Merge branch '265' of https://bitbucket.org/sheggen/cas-flask into 265,https://github.com/BCStudentSoftwareDevTeam/cas/commit/125616014fe3726e36ce9761faadc98aa601247c
cas,967b1d6950b4e40d0b20d69d3170eb4404890f6b,wgs1862019,User,wgs1862019,2019-01-28T18:17:50Z,Updated schema for building management table and downloaded db from slack,https://github.com/BCStudentSoftwareDevTeam/cas/commit/967b1d6950b4e40d0b20d69d3170eb4404890f6b
cas,d71f1c4402723105fe893fce0ad74d0863e10b5b,sheggen,User,sheggen,2019-01-28T17:37:54Z,"Merged in SystemManagement#2 (pull request #146)

Updated Room Resolution query to stop breaking MySQL. Must have 'as' clause on JOINs",https://github.com/BCStudentSoftwareDevTeam/cas/commit/d71f1c4402723105fe893fce0ad74d0863e10b5b
cas,ea787d4b0d04f88e50dea4d9f7d29d06c5ce77ce,Scott Heggen,,Scott Heggen,2019-01-28T17:36:10Z,Updated Room Resolution query to stop breaking MySQL. Must have 'as' clause on JOINs,https://github.com/BCStudentSoftwareDevTeam/cas/commit/ea787d4b0d04f88e50dea4d9f7d29d06c5ce77ce
cas,a2ad295608080317d00662f843e03fca3560acdc,sheggen,User,sheggen,2019-01-25T19:43:13Z,"Merged in SystemManagement#2 (pull request #144)

SystemManagement#2",https://github.com/BCStudentSoftwareDevTeam/cas/commit/a2ad295608080317d00662f843e03fca3560acdc
cas,bda0d760ec2b60033840ea4b04d570bae8e230b5,Scott Heggen,,Scott Heggen,2019-01-25T19:42:08Z,Fixing merge conflict in flaskapp.wsgi,https://github.com/BCStudentSoftwareDevTeam/cas/commit/bda0d760ec2b60033840ea4b04d570bae8e230b5
cas,f9e01881a083cf9ed3929bddd08c770306ecc979,Scott Heggen,,Scott Heggen,2019-01-25T19:30:04Z,update_schema modified to create TermStates table,https://github.com/BCStudentSoftwareDevTeam/cas/commit/f9e01881a083cf9ed3929bddd08c770306ecc979
cas,57fe44088a3df23707cff1e7ea7c1e0276c02c10,Scott Heggen,,Scott Heggen,2019-01-25T19:29:35Z,updated setup.sh to include mysql stuff,https://github.com/BCStudentSoftwareDevTeam/cas/commit/57fe44088a3df23707cff1e7ea7c1e0276c02c10
cas,b812b0a39ac69e4d5174c98316d973f9a25f1829,Scott Heggen,,Scott Heggen,2019-01-25T19:29:08Z,updated migrate_data script to work with sqlite and current db state,https://github.com/BCStudentSoftwareDevTeam/cas/commit/b812b0a39ac69e4d5174c98316d973f9a25f1829
cas,1ccd84b6a575351c36f86c3624fa71ff73969a3a,Scott Heggen,,Scott Heggen,2019-01-25T19:28:28Z,updating paths for newest version,https://github.com/BCStudentSoftwareDevTeam/cas/commit/1ccd84b6a575351c36f86c3624fa71ff73969a3a
cas,dcd8e6d7e68d1d3d8ba2097b716b78fb2266fc1e,Scott Heggen,,Scott Heggen,2019-01-25T19:28:05Z,updating models_sqlite to ignore termstate,https://github.com/BCStudentSoftwareDevTeam/cas/commit/dcd8e6d7e68d1d3d8ba2097b716b78fb2266fc1e
cas,82ca4369f6332694566e57998e6ad4b3d775447d,Scott Heggen,,Scott Heggen,2019-01-25T19:27:11Z,added import for pymysql. not sure if needed,https://github.com/BCStudentSoftwareDevTeam/cas/commit/82ca4369f6332694566e57998e6ad4b3d775447d
cas,9c2afd15aee5a80d50c35d0de3d9fae841447235,Scott Heggen,,Scott Heggen,2019-01-25T19:26:18Z,updating flask admin to include termstate,https://github.com/BCStudentSoftwareDevTeam/cas/commit/9c2afd15aee5a80d50c35d0de3d9fae841447235
cas,2ffc4f4fa13ee7304973830dc984cdeac171ab0c,Scott Heggen,,Scott Heggen,2019-01-25T19:18:42Z,Removed debugging code that was modifying termState on pageload,https://github.com/BCStudentSoftwareDevTeam/cas/commit/2ffc4f4fa13ee7304973830dc984cdeac171ab0c
cas,07cf74fb04e95c98cb85ce33212f81f8c3164ec6,awyoonis,,awyoonis,2019-01-24T21:28:43Z,Merge branch '265' of https://bitbucket.org/sheggen/cas-flask into 265,https://github.com/BCStudentSoftwareDevTeam/cas/commit/07cf74fb04e95c98cb85ce33212f81f8c3164ec6
cas,368b57561fa4a62257ab9fa9bd3b3dc0f6b66a79,wgs1862019,User,wgs1862019,2019-01-24T20:43:10Z,Query working and pulling rooms only for select building,https://github.com/BCStudentSoftwareDevTeam/cas/commit/368b57561fa4a62257ab9fa9bd3b3dc0f6b66a79
cas,3327db800b959b10698272043a688b891f527361,Sher Sanginov,,Sher Sanginov,2019-01-24T18:28:40Z,Merge remote-tracking branch 'origin/crosslisted2019' into design/iss266,https://github.com/BCStudentSoftwareDevTeam/cas/commit/3327db800b959b10698272043a688b891f527361
cas,c35cdb21cef153210f78fc9efa7422dedaf9026e,Sher Sanginov,,Sher Sanginov,2019-01-24T18:24:11Z,crosslisted features,https://github.com/BCStudentSoftwareDevTeam/cas/commit/c35cdb21cef153210f78fc9efa7422dedaf9026e
cas,ccc61b4dbe902a423726413b135ad96c5267c150,awyoonis,,awyoonis,2019-01-23T22:18:31Z,merge conflict,https://github.com/BCStudentSoftwareDevTeam/cas/commit/ccc61b4dbe902a423726413b135ad96c5267c150
cas,5816e330ae2b6fd97b6885a7415daf82e812d3f8,awyoonis,,awyoonis,2019-01-23T22:00:14Z,merge conflict,https://github.com/BCStudentSoftwareDevTeam/cas/commit/5816e330ae2b6fd97b6885a7415daf82e812d3f8
cas,8f5b9367e9c8fe858a85385665394d920475e9b7,awyoonis,,awyoonis,2019-01-23T21:52:02Z,solved conflict,https://github.com/BCStudentSoftwareDevTeam/cas/commit/8f5b9367e9c8fe858a85385665394d920475e9b7
cas,9c3493ebe047bcbc92fd537ae4e0242e486bcfb4,awyoonis,,awyoonis,2019-01-23T21:42:07Z,cleaned the code and also commented it,https://github.com/BCStudentSoftwareDevTeam/cas/commit/9c3493ebe047bcbc92fd537ae4e0242e486bcfb4
cas,f6fd574c2bc136d49183ac4e16444d2ff6c93be6,wgs1862019,User,wgs1862019,2019-01-23T18:23:05Z,Relocation from admin panel to top row,https://github.com/BCStudentSoftwareDevTeam/cas/commit/f6fd574c2bc136d49183ac4e16444d2ff6c93be6
cas,07453cd29fa7ea2df7e27934b2ba9cca9bf2d70c,wgs1862019,User,wgs1862019,2019-01-22T21:18:18Z,Made comments more useful,https://github.com/BCStudentSoftwareDevTeam/cas/commit/07453cd29fa7ea2df7e27934b2ba9cca9bf2d70c
cas,1945d21fe572229244351bf39ddc29fb6820d934,wgs1862019,User,wgs1862019,2019-01-22T21:12:04Z,saveDateTime is now currently working and is formatted appropriately!,https://github.com/BCStudentSoftwareDevTeam/cas/commit/1945d21fe572229244351bf39ddc29fb6820d934
cas,4b1ed3a03413fccc00dc768c9a7c41989f1a1068,wgs1862019,User,wgs1862019,2019-01-22T20:06:01Z,Merge branch '265' of https://bitbucket.org/sheggen/cas-flask into 265,https://github.com/BCStudentSoftwareDevTeam/cas/commit/4b1ed3a03413fccc00dc768c9a7c41989f1a1068
cas,2ad93b71c414262879130cb1c23d95c9a8855e5f,awyoonis,,awyoonis,2019-01-22T18:24:20Z,saved educationTech materials to the Database,https://github.com/BCStudentSoftwareDevTeam/cas/commit/2ad93b71c414262879130cb1c23d95c9a8855e5f
cas,13a634c878d27dd2b958e94d92344577f460ec8c,Chauwaj,User,Chauwaj,2019-01-21T02:15:22Z,more feature code and cleaning,https://github.com/BCStudentSoftwareDevTeam/cas/commit/13a634c878d27dd2b958e94d92344577f460ec8c
cas,2ca10aa759822623dc781e22145321e2ba5f7367,Chauwaj,User,Chauwaj,2019-01-21T02:01:29Z,fixing conflicts,https://github.com/BCStudentSoftwareDevTeam/cas/commit/2ca10aa759822623dc781e22145321e2ba5f7367
cas,a5086d8f8adb5cc78598574fbcb03a3fca3e147a,Chauwaj,User,Chauwaj,2019-01-21T01:56:54Z,Finalizing crosslisted feature/cleaning up code,https://github.com/BCStudentSoftwareDevTeam/cas/commit/a5086d8f8adb5cc78598574fbcb03a3fca3e147a
cas,7a0c8a1f627adaf2469aac0fc3ba8131c4bb0bc7,wgs1862019,User,wgs1862019,2019-01-17T21:14:40Z,Chnaged modal appearance on the view,https://github.com/BCStudentSoftwareDevTeam/cas/commit/7a0c8a1f627adaf2469aac0fc3ba8131c4bb0bc7
cas,3fefeb4c036a80f782064f28b7ab3c8020a3fe6c,johnsonwe,User,johnsonwe,2019-01-17T20:45:22Z,Rooms in Building Management should now only be shown to the relavant parties,https://github.com/BCStudentSoftwareDevTeam/cas/commit/3fefeb4c036a80f782064f28b7ab3c8020a3fe6c
cas,8296c67ad7d7031348dfe4ada972163ca2671ca0,wgs1862019,User,wgs1862019,2019-01-16T19:36:59Z,"Cleaned up js, deleted unnecessary function",https://github.com/BCStudentSoftwareDevTeam/cas/commit/8296c67ad7d7031348dfe4ada972163ca2671ca0
cas,2e4b6c32988adb9e37333095fed4e71e2eb9ed56,wgs1862019,User,wgs1862019,2019-01-16T19:35:04Z,LastModified is now working! Shows date and saves to db!,https://github.com/BCStudentSoftwareDevTeam/cas/commit/2e4b6c32988adb9e37333095fed4e71e2eb9ed56
cas,36690c8a0b1239cd23fc0e1f2d74b347cf8dc565,wgs1862019,User,wgs1862019,2019-01-16T18:15:56Z,Added lastModified to models,https://github.com/BCStudentSoftwareDevTeam/cas/commit/36690c8a0b1239cd23fc0e1f2d74b347cf8dc565
cas,86b9e6ba95aacae55dc7d871176532b919041672,awyoonis,,awyoonis,2019-01-14T22:57:19Z,Saved some of the edecucationTech stuff in each room,https://github.com/BCStudentSoftwareDevTeam/cas/commit/86b9e6ba95aacae55dc7d871176532b919041672
cas,83a327b229f5826f1d22567e53b0ab2687a7a9b7,wgs1862019,User,wgs1862019,2019-01-14T21:06:31Z,timestamp is replacing innerhtml but not sticking upon reload,https://github.com/BCStudentSoftwareDevTeam/cas/commit/83a327b229f5826f1d22567e53b0ab2687a7a9b7
cas,4d20f594ffc93699f84136225b9698854cb8bfc5,awyoonis,,awyoonis,2019-01-08T17:51:29Z,save data for the edtech,https://github.com/BCStudentSoftwareDevTeam/cas/commit/4d20f594ffc93699f84136225b9698854cb8bfc5
cas,2473c7721a94a76a22561668805c4bbd68ad6dec,awyoonis,,awyoonis,2019-01-08T16:31:05Z,merge conflict with 265 branch,https://github.com/BCStudentSoftwareDevTeam/cas/commit/2473c7721a94a76a22561668805c4bbd68ad6dec
cas,c311068afd09d5e62c82ca0ce6fa836daefcba9b,awyoonis,,awyoonis,2019-01-08T16:17:50Z,made some changes to save the edtech,https://github.com/BCStudentSoftwareDevTeam/cas/commit/c311068afd09d5e62c82ca0ce6fa836daefcba9b
cas,2808ead186f1373b336a42515258d353009146dd,wgs1862019,User,wgs1862019,2018-12-10T18:03:52Z,Merge branch 'development' into 265,https://github.com/BCStudentSoftwareDevTeam/cas/commit/2808ead186f1373b336a42515258d353009146dd
cas,68cc061076ad72294f938f574d1246bc65d7365d,wgs1862019,User,wgs1862019,2018-12-10T18:03:13Z,Starting timestamp function,https://github.com/BCStudentSoftwareDevTeam/cas/commit/68cc061076ad72294f938f574d1246bc65d7365d
cas,63c2ce9712dc734f3ed2a8144e4103bae095f1a9,awyoonis,,awyoonis,2018-12-06T21:09:57Z,saved educationtech data into the database,https://github.com/BCStudentSoftwareDevTeam/cas/commit/63c2ce9712dc734f3ed2a8144e4103bae095f1a9
cas,8632a68c26f91828187a99dcea20aa7483a39060,Scott Heggen,,Scott Heggen,2018-12-06T18:51:55Z,Bug fixing the UI for import course; special topics was breaking it,https://github.com/BCStudentSoftwareDevTeam/cas/commit/8632a68c26f91828187a99dcea20aa7483a39060
cas,fdb6201344ac490a33f918ddc94ceac125d912a0,sheggen,User,sheggen,2018-12-06T17:28:28Z,Updating Import courses UI so it's more clear which course is coming in,https://github.com/BCStudentSoftwareDevTeam/cas/commit/fdb6201344ac490a33f918ddc94ceac125d912a0
cas,bf920593101ea7ad8b08357e4c226d378f830ebb,sheggen,User,sheggen,2018-12-06T16:29:13Z,Merge branch 'iss294' into development,https://github.com/BCStudentSoftwareDevTeam/cas/commit/bf920593101ea7ad8b08357e4c226d378f830ebb
cas,b9f882947f792bcf2711623e8530d2610db913b8,wgs1862019,User,wgs1862019,2018-12-05T23:03:53Z,Worked on movable furiture,https://github.com/BCStudentSoftwareDevTeam/cas/commit/b9f882947f792bcf2711623e8530d2610db913b8
cas,c685c386b495fc41cd47c55a933a427e2268c3e9,awyoonis,,awyoonis,2018-12-05T19:28:35Z,trying to save educationtech and created some js functioions,https://github.com/BCStudentSoftwareDevTeam/cas/commit/c685c386b495fc41cd47c55a933a427e2268c3e9
cas,1dd07ae8984815fda497fdbacfbcc42e1774949c,sheggen,User,sheggen,2018-12-05T19:17:44Z,fixed date formatting on dropdown inside import courses panel,https://github.com/BCStudentSoftwareDevTeam/cas/commit/1dd07ae8984815fda497fdbacfbcc42e1774949c
cas,5ef38cfc17c8baae19fbaf3af32f4bf2cd76079d,awyoonis,,awyoonis,2018-12-05T18:51:28Z,merge conflict,https://github.com/BCStudentSoftwareDevTeam/cas/commit/5ef38cfc17c8baae19fbaf3af32f4bf2cd76079d
cas,6832a861c132ae983a819de222b1d46f28cd4ef7,nelsonkenny,User,nelsonkenny,2018-12-04T23:29:33Z,Fixed issue with importing courses from previous semesters,https://github.com/BCStudentSoftwareDevTeam/cas/commit/6832a861c132ae983a819de222b1d46f28cd4ef7
cas,bfb1eee38eef2e1c5a68e46e7346de9a344a4c65,nelsonkenny,User,nelsonkenny,2018-12-03T20:59:56Z,made a quick fix to excel maker,https://github.com/BCStudentSoftwareDevTeam/cas/commit/bfb1eee38eef2e1c5a68e46e7346de9a344a4c65
cas,96cb0dc558b70f079d084064ee879520bbcc95db,wgs1862019,User,wgs1862019,2018-12-03T20:24:26Z,Merge branch 'development' into 265,https://github.com/BCStudentSoftwareDevTeam/cas/commit/96cb0dc558b70f079d084064ee879520bbcc95db
cas,09ce4d0438772ceffc0fd0799f6556e99fa045a1,awyoonis,,awyoonis,2018-11-29T21:46:31Z,working on to save the educationtech for buildingM,https://github.com/BCStudentSoftwareDevTeam/cas/commit/09ce4d0438772ceffc0fd0799f6556e99fa045a1
cas,298f668a00e23eb2bc68d1ccb16bd8348fc9d024,nelsonkenny,User,nelsonkenny,2018-11-29T21:04:09Z,Fixed issue with term creation and added clarification to readme,https://github.com/BCStudentSoftwareDevTeam/cas/commit/298f668a00e23eb2bc68d1ccb16bd8348fc9d024
cas,cb13a5b290b6c81e78a05c219294077861a1352d,nelsonkenny,User,nelsonkenny,2018-11-29T20:33:25Z,"Added documentation for the mysql migration in the Readme.md and changed how preferences 1, 2, 3 are being saved to the database when a room was not selected",https://github.com/BCStudentSoftwareDevTeam/cas/commit/cb13a5b290b6c81e78a05c219294077861a1352d
cas,950d15b5a12deb3fb55f175f4257c15f07244cbc,nelsonkenny,User,nelsonkenny,2018-11-29T19:31:13Z,Fixed the problem with the course page failing to load and also added a condition in the room preferences UI,https://github.com/BCStudentSoftwareDevTeam/cas/commit/950d15b5a12deb3fb55f175f4257c15f07244cbc
cas,a260a176fe603e852eef8194c083ed3d482cfdeb,wgs1862019,User,wgs1862019,2018-11-28T20:37:22Z,Merge branch '265' of https://bitbucket.org/sheggen/cas-flask into 265,https://github.com/BCStudentSoftwareDevTeam/cas/commit/a260a176fe603e852eef8194c083ed3d482cfdeb
cas,934a874e89b657f2ff932d6ec9a6c865a1f1a932,wgs1862019,User,wgs1862019,2018-11-28T19:44:02Z,All data saving correctly except movableFurniture,https://github.com/BCStudentSoftwareDevTeam/cas/commit/934a874e89b657f2ff932d6ec9a6c865a1f1a932
cas,88be4ddebe3bbdb947bef06eb0d8204fb42b5bf3,nelsonkenny,User,nelsonkenny,2018-11-27T20:47:19Z,Merge branch 'development' of bitbucket.org:sheggen/cas-flask into SystemManagement#2,https://github.com/BCStudentSoftwareDevTeam/cas/commit/88be4ddebe3bbdb947bef06eb0d8204fb42b5bf3
cas,50a7fa71f7448ab0b6842dc4dc720536136d2465,awyoonis,,awyoonis,2018-11-27T20:46:58Z,removed the spaces between collopse table rows after clicked edit buttons,https://github.com/BCStudentSoftwareDevTeam/cas/commit/50a7fa71f7448ab0b6842dc4dc720536136d2465
cas,10a3fce38769ec12b874bad4a332a54d75790f34,nelsonkenny,User,nelsonkenny,2018-11-27T20:45:51Z,Added on_delete cascade to foreign key relationships; redirected models.py to mysql database,https://github.com/BCStudentSoftwareDevTeam/cas/commit/10a3fce38769ec12b874bad4a332a54d75790f34
cas,5a01ccdab0bd0fe550ee23e277ece0fbdbfa9f9d,Sher Sanginov,,Sher Sanginov,2018-11-27T19:55:12Z,Merge branch 'development' of https://bitbucket.org/sheggen/cas-flask into design/iss266,https://github.com/BCStudentSoftwareDevTeam/cas/commit/5a01ccdab0bd0fe550ee23e277ece0fbdbfa9f9d
cas,9115360dbfb8e23d65b4b7b6698bc1981266e0be,nelsonkenny,User,nelsonkenny,2018-11-27T18:57:38Z,Cleaned the script,https://github.com/BCStudentSoftwareDevTeam/cas/commit/9115360dbfb8e23d65b4b7b6698bc1981266e0be
cas,9cdf9e0c6ad27fa12cbf6f6ab326f790054748b0,wgs1862019,User,wgs1862019,2018-11-26T23:19:08Z,"run through print statements to check if the save function is getting the right information, continue to see why it is not saving it",https://github.com/BCStudentSoftwareDevTeam/cas/commit/9cdf9e0c6ad27fa12cbf6f6ab326f790054748b0
cas,946798c99d0015ce245a4d98895267dfa1452bcd,wgs1862019,User,wgs1862019,2018-11-26T22:14:17Z,All attributes correct for panel data paassing via dictionary in js,https://github.com/BCStudentSoftwareDevTeam/cas/commit/946798c99d0015ce245a4d98895267dfa1452bcd
cas,64fdd9619497dd7f4299f6b32d7cbba73031f804,wgs1862019,User,wgs1862019,2018-11-26T22:10:22Z,Movable furniture radio working for ajax dictionary,https://github.com/BCStudentSoftwareDevTeam/cas/commit/64fdd9619497dd7f4299f6b32d7cbba73031f804
cas,9cfadec3e72a72068421bce81c758e39504dff37,sanginovs,User,sheggen,2018-11-26T21:46:46Z,"Merged in roomResolved (pull request #129)

RoomResolved

Approved-by: Jonathan Chauwa <chauwaj@berea.edu>
Approved-by: Evan Johnson <johnsone@berea.edu>
Approved-by: Anne Achieng <aneachieng@gmail.com>
Approved-by: Kenny Louissaint Nelson <nkennylouissaint@gmail.com>",https://github.com/BCStudentSoftwareDevTeam/cas/commit/9cfadec3e72a72068421bce81c758e39504dff37
cas,b68130b5f8abe3f0fa9825dc2ad4c27777d12ce8,sheggen,User,sheggen,2018-11-26T21:46:12Z,removed oversized Ed Tech label,https://github.com/BCStudentSoftwareDevTeam/cas/commit/b68130b5f8abe3f0fa9825dc2ad4c27777d12ce8
cas,ebbbc69116ea080b6b305f2da9d3984399293243,wgs1862019,User,wgs1862019,2018-11-19T21:45:53Z,first 2 accs pulled into roomDetails dictionary,https://github.com/BCStudentSoftwareDevTeam/cas/commit/ebbbc69116ea080b6b305f2da9d3984399293243
cas,87971a85571754ecdcc2d64da52fec8dae449db5,awyoonis,,awyoonis,2018-11-19T20:54:48Z,cleaned up the code little bit,https://github.com/BCStudentSoftwareDevTeam/cas/commit/87971a85571754ecdcc2d64da52fec8dae449db5
cas,d953dd456d333137f371374a57f495798ae7380a,Sher Sanginov,,Sher Sanginov,2018-11-18T03:57:21Z,roompreference integrated with crosslisted feature,https://github.com/BCStudentSoftwareDevTeam/cas/commit/d953dd456d333137f371374a57f495798ae7380a
cas,39fbcd7f0d7c70f9699ee2f55079f2fd63f6133b,nelsonkenny,User,nelsonkenny,2018-11-16T20:57:53Z,Created script to create mysql database and migrate data from sqlite database,https://github.com/BCStudentSoftwareDevTeam/cas/commit/39fbcd7f0d7c70f9699ee2f55079f2fd63f6133b
cas,fc7e715b2bc90459492a30489d743f3f0feaaf73,awyoonis,,awyoonis,2018-11-14T22:58:36Z,made work the modals for each preference in RoomResolutionUI,https://github.com/BCStudentSoftwareDevTeam/cas/commit/fc7e715b2bc90459492a30489d743f3f0feaaf73
cas,3021360ae1d378fc3398352fdd7eab3b07af76b3,wgs1862019,User,wgs1862019,2018-11-14T20:54:12Z,"Movable furniture, 3 acc, and ed tech do not work in javascript file inside saveChanges() function.",https://github.com/BCStudentSoftwareDevTeam/cas/commit/3021360ae1d378fc3398352fdd7eab3b07af76b3
cas,c6a398fc6f482a7060d6d3776cafd4c3a800bdb7,wgs1862019,User,wgs1862019,2018-11-14T19:24:00Z,Debugged JS errors caused by education Tech. Instances are commented out to keep it from breaking,https://github.com/BCStudentSoftwareDevTeam/cas/commit/c6a398fc6f482a7060d6d3776cafd4c3a800bdb7
cas,9655c4bccf4f40c3503336cd4a02f655e39cd3c3,wgs1862019,User,wgs1862019,2018-11-14T18:31:59Z,Partial ajax call,https://github.com/BCStudentSoftwareDevTeam/cas/commit/9655c4bccf4f40c3503336cd4a02f655e39cd3c3
cas,f53c59fc7b2709afa5453219db6af57a78ee6cac,nelsonkenny,User,nelsonkenny,2018-11-09T21:55:58Z,Created mysql database and a script to migrate data from old db to mysql db but it only works now for table without foreign keys and date time fields,https://github.com/BCStudentSoftwareDevTeam/cas/commit/f53c59fc7b2709afa5453219db6af57a78ee6cac
cas,12107e5e3cc88b502b87d589f9a082154862f709,awyoonis,,awyoonis,2018-11-08T20:46:43Z,fixed the issue that the third preference of rommRe to redirect properly,https://github.com/BCStudentSoftwareDevTeam/cas/commit/12107e5e3cc88b502b87d589f9a082154862f709
cas,3b927c9a9f253686e408c1b9c3940bb5c57e28ae,wgs1862019,User,wgs1862019,2018-11-07T20:47:46Z,Setting up ajax function for saveChanges,https://github.com/BCStudentSoftwareDevTeam/cas/commit/3b927c9a9f253686e408c1b9c3940bb5c57e28ae
cas,530e93b92476ee45964dffa84eff0864a22d5f38,wgs1862019,User,wgs1862019,2018-11-07T20:26:29Z,Audio acc and Physical acc pulling and prepopulating,https://github.com/BCStudentSoftwareDevTeam/cas/commit/530e93b92476ee45964dffa84eff0864a22d5f38
cas,5a2d09660f5ab6bf0247edabbf116cc393306ed7,wgs1862019,User,wgs1862019,2018-11-07T20:21:25Z,Added more aria tags and got visual Acc preloading,https://github.com/BCStudentSoftwareDevTeam/cas/commit/5a2d09660f5ab6bf0247edabbf116cc393306ed7
cas,c5e6d6b0cf9e1745319e21cb688ce33c55994730,awyoonis,,awyoonis,2018-11-06T19:53:07Z,fixed the enter and tab key to collapse the available rooms accordion and everything in each of the accordion.,https://github.com/BCStudentSoftwareDevTeam/cas/commit/c5e6d6b0cf9e1745319e21cb688ce33c55994730
cas,5581c7dfe7cc6bfd0d41262b7b887be4dc73fa58,Sher Sanginov,,Sher Sanginov,2018-11-05T22:36:43Z,wip,https://github.com/BCStudentSoftwareDevTeam/cas/commit/5581c7dfe7cc6bfd0d41262b7b887be4dc73fa58
cas,8c2791b6eac6f348fea111dd172cd19d22a8d1e6,wgs1862019,User,wgs1862019,2018-11-05T19:50:07Z,Added aria tags for education tech,https://github.com/BCStudentSoftwareDevTeam/cas/commit/8c2791b6eac6f348fea111dd172cd19d22a8d1e6
cas,d594a7a6c8a68e8e45442d3cf2a3fbaa05009d1d,wgs1862019,User,wgs1862019,2018-11-05T19:23:45Z,Added aria tags for bmgmt.html,https://github.com/BCStudentSoftwareDevTeam/cas/commit/d594a7a6c8a68e8e45442d3cf2a3fbaa05009d1d
cas,16bdcfc4bc5837f5fe1a03842d0158584a0b14e5,Sher Sanginov,,Sher Sanginov,2018-11-03T04:09:19Z,Crosslisted verification fully implemented,https://github.com/BCStudentSoftwareDevTeam/cas/commit/16bdcfc4bc5837f5fe1a03842d0158584a0b14e5
cas,a1b715aa965a6b14d35cd10acf1e5581ad7dccd5,Sher Sanginov,,Sher Sanginov,2018-11-02T21:15:38Z,view crosslisted courses functionality implemented; verification is 60% done,https://github.com/BCStudentSoftwareDevTeam/cas/commit/a1b715aa965a6b14d35cd10acf1e5581ad7dccd5
cas,8731026d845e141d354ead2e5c58a1f76c2f3be2,awyoonis,,awyoonis,2018-11-01T20:28:51Z,worked making the enter key to work with the roomsellution educationtech2,https://github.com/BCStudentSoftwareDevTeam/cas/commit/8731026d845e141d354ead2e5c58a1f76c2f3be2
cas,5acf1fae356109085570f6562e2937440646dddf,awyoonis,,awyoonis,2018-10-31T21:52:49Z, worked on to open modal pressing the enter key,https://github.com/BCStudentSoftwareDevTeam/cas/commit/5acf1fae356109085570f6562e2937440646dddf
cas,175ab4c1938ac52aba687f0f1d1289073ca52d6e,Sher Sanginov,,Sher Sanginov,2018-10-31T16:39:17Z,fixed Merge Conflict on create_course.html file,https://github.com/BCStudentSoftwareDevTeam/cas/commit/175ab4c1938ac52aba687f0f1d1289073ca52d6e
cas,16accd9ebe0233a16bde98b9705eb3d36b28d5ad,Sher Sanginov,,Sher Sanginov,2018-10-31T16:21:39Z,merge conflict fixed in createCourse.html file when pulling dev,https://github.com/BCStudentSoftwareDevTeam/cas/commit/16accd9ebe0233a16bde98b9705eb3d36b28d5ad
cas,f50e9810df68ce1649cab4450aec12b0aa9a9a35,Sher Sanginov,,Sher Sanginov,2018-10-31T16:16:40Z,fixed merge conflict development in create_db.py file,https://github.com/BCStudentSoftwareDevTeam/cas/commit/f50e9810df68ce1649cab4450aec12b0aa9a9a35
cas,2845cb972d56a24a039b7b9bcc91816b6762053c,Sher Sanginov,,Sher Sanginov,2018-10-31T16:04:31Z,fixed merge conflicts in course.py and createCourse.html,https://github.com/BCStudentSoftwareDevTeam/cas/commit/2845cb972d56a24a039b7b9bcc91816b6762053c
cas,bfc1bea948cca61026525a2f9ad680ffe0425023,awyoonis,,awyoonis,2018-10-30T20:01:18Z,fixed to access the accordion collapse by using the keyboard keys,https://github.com/BCStudentSoftwareDevTeam/cas/commit/bfc1bea948cca61026525a2f9ad680ffe0425023
cas,e09c6d2222049a1308dedcfe8969b5067aaa9b26,nelsonkenny,User,nelsonkenny,2018-10-29T20:15:36Z,Fixed database is locked issue by setting a flag to check if the algorithm is running,https://github.com/BCStudentSoftwareDevTeam/cas/commit/e09c6d2222049a1308dedcfe8969b5067aaa9b26
cas,51c651dde6f3334bca8838c7f7e079580bff88d7,nelsonkenny,User,nelsonkenny,2018-10-29T01:40:51Z,Trying to fix the problem with database connection,https://github.com/BCStudentSoftwareDevTeam/cas/commit/51c651dde6f3334bca8838c7f7e079580bff88d7
cas,8097c9f547144017851dc9bd945c4e69765095d5,wgs1862019,User,wgs1862019,2018-10-26T20:10:37Z,Started working on the populating the dropdwon for accessibility,https://github.com/BCStudentSoftwareDevTeam/cas/commit/8097c9f547144017851dc9bd945c4e69765095d5
cas,3430e0b9d3d1825027a5c7b0f5c9575421c46cfe,wgs1862019,User,wgs1862019,2018-10-24T18:46:38Z,Fixed js errors. Education tech was breaking it. Next: update create_db to show all Room attributes.,https://github.com/BCStudentSoftwareDevTeam/cas/commit/3430e0b9d3d1825027a5c7b0f5c9575421c46cfe
cas,daa201212a42e51f90ad6e153ad397b5e66bacc3,wgs1862019,User,wgs1862019,2018-10-24T18:26:00Z,Fixed merge conflicts with development and is now up to date. Will now work on js errors.,https://github.com/BCStudentSoftwareDevTeam/cas/commit/daa201212a42e51f90ad6e153ad397b5e66bacc3
cas,b8589e2fef5fae77c22db3c2856b1e4da35e1ff1,Sher Sanginov,,Sher Sanginov,2018-10-24T15:46:56Z,educationTech customized for roomResolution,https://github.com/BCStudentSoftwareDevTeam/cas/commit/b8589e2fef5fae77c22db3c2856b1e4da35e1ff1
cas,47b5237fd60faa4a19274b7b5be8607134f0eb8f,Sher Sanginov,,Sher Sanginov,2018-10-24T15:44:40Z,cleaned print statements,https://github.com/BCStudentSoftwareDevTeam/cas/commit/47b5237fd60faa4a19274b7b5be8607134f0eb8f
cas,05027a15a6167624340add174c1d10204e6a7499,Sher Sanginov,,Sher Sanginov,2018-10-24T15:42:28Z,tabindex=0 added on accordion for tabbing through content,https://github.com/BCStudentSoftwareDevTeam/cas/commit/05027a15a6167624340add174c1d10204e6a7499
cas,943af6f51b3e7c0ca47b3586bdb6cdd1c7b8cdab,nelsonkenny,User,nelsonkenny,2018-10-23T19:25:18Z,Changed System Management to Term Management everywhere; Started on implementing multithreading for algorithm,https://github.com/BCStudentSoftwareDevTeam/cas/commit/943af6f51b3e7c0ca47b3586bdb6cdd1c7b8cdab
cas,0657a1cf7aac567bf137eb2bb678d459582265b7,Sher Sanginov,,Sher Sanginov,2018-10-23T18:24:22Z,cleaned the code from comments,https://github.com/BCStudentSoftwareDevTeam/cas/commit/0657a1cf7aac567bf137eb2bb678d459582265b7
cas,9e652f5978a7c00eae1170bdd661de8ccb5b2333,Sher Sanginov,,Sher Sanginov,2018-10-23T18:19:04Z,education tech file fix,https://github.com/BCStudentSoftwareDevTeam/cas/commit/9e652f5978a7c00eae1170bdd661de8ccb5b2333
cas,cf6c8bf9ccf45abbbf6ff9bbf800d19e090365b5,Sher Sanginov,,Sher Sanginov,2018-10-22T21:25:54Z,unavailable courses feature implemented,https://github.com/BCStudentSoftwareDevTeam/cas/commit/cf6c8bf9ccf45abbbf6ff9bbf800d19e090365b5
cas,d581c92e74ba7092a0e59b4de17c0d56f1b36068,wgs1862019,User,wgs1862019,2018-10-22T18:43:48Z,Fixing merge conflicts with development,https://github.com/BCStudentSoftwareDevTeam/cas/commit/d581c92e74ba7092a0e59b4de17c0d56f1b36068
cas,1adc66035212904e1c23f686b53ef9cea2a63768,nelsonkenny,User,nelsonkenny,2018-10-22T15:57:16Z,Fixing merging conflicts with dev branch,https://github.com/BCStudentSoftwareDevTeam/cas/commit/1adc66035212904e1c23f686b53ef9cea2a63768
cas,405f8575712e53e01d689d4d3ae35f56b6201117,nelsonkenny,User,nelsonkenny,2018-10-19T20:06:53Z,started fixing collapsing issue,https://github.com/BCStudentSoftwareDevTeam/cas/commit/405f8575712e53e01d689d4d3ae35f56b6201117
cas,26045fcd122d99da50255baff35bca4855edf961,Sher Sanginov,,Sher Sanginov,2018-10-19T19:24:51Z,educationtech is clickable,https://github.com/BCStudentSoftwareDevTeam/cas/commit/26045fcd122d99da50255baff35bca4855edf961
cas,ecd4f2246aa5904e58bc368f1b425582f5e97622,nelsonkenny,User,nelsonkenny,2018-10-19T19:08:33Z,Add room information to excel file to be downloaded,https://github.com/BCStudentSoftwareDevTeam/cas/commit/ecd4f2246aa5904e58bc368f1b425582f5e97622
cas,c8f1a644e77f7bb9e91cacf29871edf8034839c9,Sher Sanginov,,Sher Sanginov,2018-10-19T18:37:20Z,Course Notes displayed in Room Resolution,https://github.com/BCStudentSoftwareDevTeam/cas/commit/c8f1a644e77f7bb9e91cacf29871edf8034839c9
cas,6b29e7bfd8ea11acc33aa5946750b7d9e6fa3fe7,nelsonkenny,User,nelsonkenny,2018-10-19T18:25:10Z,Merging with updated algorithm branch,https://github.com/BCStudentSoftwareDevTeam/cas/commit/6b29e7bfd8ea11acc33aa5946750b7d9e6fa3fe7
cas,6e7a45039c27a327f7c292ffed96909e729288f9,nelsonkenny,User,nelsonkenny,2018-10-19T18:15:27Z,Edit style of the panel to fit all state buttons,https://github.com/BCStudentSoftwareDevTeam/cas/commit/6e7a45039c27a327f7c292ffed96909e729288f9
cas,75075a62158857a0a2aa86d0505dfc328907169e,Sher Sanginov,,Sher Sanginov,2018-10-19T18:04:47Z,updated,https://github.com/BCStudentSoftwareDevTeam/cas/commit/75075a62158857a0a2aa86d0505dfc328907169e
cas,1e3c605f2b0fb1bcaebfcbcc9127992e25c80c38,Sher Sanginov,,Sher Sanginov,2018-10-19T15:16:32Z,select term for room resolution,https://github.com/BCStudentSoftwareDevTeam/cas/commit/1e3c605f2b0fb1bcaebfcbcc9127992e25c80c38
cas,c5b06a96042b1bcdb6913d830979854c5acbb675,Sher Sanginov,,Sher Sanginov,2018-10-19T15:11:51Z,redirect for room resolution term,https://github.com/BCStudentSoftwareDevTeam/cas/commit/c5b06a96042b1bcdb6913d830979854c5acbb675
cas,99604897aeaa28b791384ab9ec86a91c72541d36,Sher Sanginov,,Sher Sanginov,2018-10-18T20:07:58Z,educationTech file that wasn't merged,https://github.com/BCStudentSoftwareDevTeam/cas/commit/99604897aeaa28b791384ab9ec86a91c72541d36
cas,4c5755f8b8f076af52b03db70924006fe00ae587,Sher Sanginov,,Sher Sanginov,2018-10-18T19:21:23Z,old changes that were not merged,https://github.com/BCStudentSoftwareDevTeam/cas/commit/4c5755f8b8f076af52b03db70924006fe00ae587
cas,7c43bf81f1b4a7ba99dc1afbbb6cf3c1c0618d5a,Sher Sanginov,,Sher Sanginov,2018-10-18T19:19:53Z,new js room resol code that was not merged,https://github.com/BCStudentSoftwareDevTeam/cas/commit/7c43bf81f1b4a7ba99dc1afbbb6cf3c1c0618d5a
cas,d0d35b7989ca88a7b4788c65601fd9de1a38b083,Sher Sanginov,,Sher Sanginov,2018-10-18T19:17:11Z,change,https://github.com/BCStudentSoftwareDevTeam/cas/commit/d0d35b7989ca88a7b4788c65601fd9de1a38b083
cas,4e7f9723d0c8e85f760f0997642a8a60ea549355,Sher Sanginov,,Sher Sanginov,2018-10-18T18:49:33Z,fixes for merge,https://github.com/BCStudentSoftwareDevTeam/cas/commit/4e7f9723d0c8e85f760f0997642a8a60ea549355
cas,f0fc4bde5cb579db7bb53797b79201ef1fe5a4e1,Scott Heggen,,Scott Heggen,2018-10-17T17:08:39Z,Updated databaseAdmin.py to include new tables in flask-admin; excelMaker exports correct format for building codes; models updated to support flask-admin rendering foreign keys on new tables with __repr__,https://github.com/BCStudentSoftwareDevTeam/cas/commit/f0fc4bde5cb579db7bb53797b79201ef1fe5a4e1
cas,de71028dc29ee8385e784b8356ab7471c2978cd7,sheggen,User,sheggen,2018-10-16T20:25:37Z,Fixed fixRoomsToPrefs to remove the rid from courses after moving to a pref; added notes to room_assignment; fixed roomPreference merge conflicts that got pushed in... again,https://github.com/BCStudentSoftwareDevTeam/cas/commit/de71028dc29ee8385e784b8356ab7471c2978cd7
cas,890608eb427e6ab01eb331f453e0ccc8c130d0b6,sheggen,User,sheggen,2018-10-16T19:13:56Z,Merge branch 'Algorithm_2' of bitbucket.org:sheggen/cas-flask into development,https://github.com/BCStudentSoftwareDevTeam/cas/commit/890608eb427e6ab01eb331f453e0ccc8c130d0b6
cas,99eb8a97bc6d975c1de584e7f3eaef7e34c848e0,Scott Heggen,,Scott Heggen,2018-10-16T18:30:45Z,Fixing JS function calls in Available rooms UI,https://github.com/BCStudentSoftwareDevTeam/cas/commit/99eb8a97bc6d975c1de584e7f3eaef7e34c848e0
cas,a5a8f3564a67880e41cc4a01bc7ea04fe93fbb76,sheggen,User,sheggen,2018-10-16T01:34:32Z,Updating RoomResolution. I think I got all the right code in there now...,https://github.com/BCStudentSoftwareDevTeam/cas/commit/a5a8f3564a67880e41cc4a01bc7ea04fe93fbb76
cas,7c8ce0403e1aa47e7b8fb285dc80305df6f6a1ca,nelsonkenny,User,nelsonkenny,2018-10-15T21:33:25Z,Cleaned out the algorithm,https://github.com/BCStudentSoftwareDevTeam/cas/commit/7c8ce0403e1aa47e7b8fb285dc80305df6f6a1ca
cas,0cbfbec2554d43002f7c6af705e6bfe84c262bae,sheggen,User,sheggen,2018-10-15T21:32:48Z,Fixing merge conflicts,https://github.com/BCStudentSoftwareDevTeam/cas/commit/0cbfbec2554d43002f7c6af705e6bfe84c262bae
cas,70371d1067ed2cde7f5a2d57e775b0ca2f898a78,nelsonke,User,wgs1862019,2018-10-15T21:26:58Z,"Merged in algorithm (pull request #127)

Algorithm

Approved-by: Katelyn Adams <adamska@berea.edu>",https://github.com/BCStudentSoftwareDevTeam/cas/commit/70371d1067ed2cde7f5a2d57e775b0ca2f898a78
cas,59614e86d0be67d60aae1438977084d2c8b2bbe5,wgs1862019,User,wgs1862019,2018-10-15T21:25:50Z,Fixing conflicts with removed code from edtech,https://github.com/BCStudentSoftwareDevTeam/cas/commit/59614e86d0be67d60aae1438977084d2c8b2bbe5
cas,7566cf90268d74df128a2fc9614a9ca5e5a31407,wgs1862019,User,wgs1862019,2018-10-15T21:00:28Z,Fixing merge conflicts between development and algorithm,https://github.com/BCStudentSoftwareDevTeam/cas/commit/7566cf90268d74df128a2fc9614a9ca5e5a31407
cas,0f5c242ea54edac126293ed93098d1c81cd9610b,wgs1862019,User,wgs1862019,2018-10-15T20:40:28Z,Merge branch 'algorithm' of https://bitbucket.org/sheggen/cas-flask into development,https://github.com/BCStudentSoftwareDevTeam/cas/commit/0f5c242ea54edac126293ed93098d1c81cd9610b
cas,c8378a95ca3dc31eec1243c668c2335e3a1066b8,nelsonkenny,User,nelsonkenny,2018-10-15T19:55:10Z,Made few changes to fix bad data in live data,https://github.com/BCStudentSoftwareDevTeam/cas/commit/c8378a95ca3dc31eec1243c668c2335e3a1066b8
cas,3f57031de406b2a5840addd628374ce4936a93d5,wgs1862019,User,wgs1862019,2018-10-15T18:12:31Z,Merge conflict fixing. Didnt catch some things. create_db).,https://github.com/BCStudentSoftwareDevTeam/cas/commit/3f57031de406b2a5840addd628374ce4936a93d5
cas,646db65b7c0c617c61dc074642b4d7f4378f273b,wgs1862019,User,wgs1862019,2018-10-15T18:03:07Z,"Merging development into our branch to prevent future merge conflicts. Fixed the merge conflicts in app/init, app/models, and create_db.",https://github.com/BCStudentSoftwareDevTeam/cas/commit/646db65b7c0c617c61dc074642b4d7f4378f273b
cas,50262ed4a51ca11493f1963e279815ca11b55069,Chauwaj,User,Chauwaj,2018-10-15T16:49:01Z,"Revert ""RoomResolution/iss258 (pull request #122)""

This reverts pull request #122.

> Room Resolution Features:
> 
> * Assign course to room: Save Changes Button
> * Assign course to conflicting room: Save and Go to Displayed Course",https://github.com/BCStudentSoftwareDevTeam/cas/commit/50262ed4a51ca11493f1963e279815ca11b55069
cas,c82e90f7a3638775f0843cd02f1dddf75b5128d3,sanginovs,User,Chauwaj,2018-10-15T16:44:30Z,"Merged in roomResolution/iss258 (pull request #122)

RoomResolution/iss258",https://github.com/BCStudentSoftwareDevTeam/cas/commit/c82e90f7a3638775f0843cd02f1dddf75b5128d3
cas,17bd51c77c3ea520dd95e6a7ab042ba0d71f58fc,Chauwaj,User,Chauwaj,2018-10-15T16:43:07Z,Fixed conflicts in edutech,https://github.com/BCStudentSoftwareDevTeam/cas/commit/17bd51c77c3ea520dd95e6a7ab042ba0d71f58fc
cas,f41e1dc1e08ff861b22c4b1928515c9fc9724fa6,phuyalb16,User,wgs1862019,2018-10-12T21:20:42Z,"Merged in usermgmt (pull request #117)

Usermgmt

Approved-by: Katelyn Adams <adamska@berea.edu>
Approved-by: Jonathan Chauwa <chauwaj@berea.edu>",https://github.com/BCStudentSoftwareDevTeam/cas/commit/f41e1dc1e08ff861b22c4b1928515c9fc9724fa6
cas,7d601864e19f064e794e7f462605aba3fd4f61f6,Chauwaj,User,Chauwaj,2018-10-12T21:08:59Z,Fixing merge conflicts,https://github.com/BCStudentSoftwareDevTeam/cas/commit/7d601864e19f064e794e7f462605aba3fd4f61f6
cas,31373fdf0e1b0e40bd2be501c2e6162ff86a9446,nelsonke,User,Chauwaj,2018-10-12T21:03:54Z,"Approved-by: Katelyn Adams <adamska@berea.edu>
Approved-by: Jonathan Chauwa <chauwaj@berea.edu>",https://github.com/BCStudentSoftwareDevTeam/cas/commit/31373fdf0e1b0e40bd2be501c2e6162ff86a9446
cas,b0f16abd9d8683f800ad5639948815dfb951394b,Chauwaj,User,wgs1862019,2018-10-12T20:59:42Z,"Merged in adminPanel (pull request #125)

AdminPanel

Approved-by: Jonathan Chauwa <chauwaj@berea.edu>
Approved-by: Katelyn Adams <adamska@berea.edu>",https://github.com/BCStudentSoftwareDevTeam/cas/commit/b0f16abd9d8683f800ad5639948815dfb951394b
cas,7d12f823464278370c56ef575c4d0cd608839546,Chauwaj,User,Chauwaj,2018-10-12T20:44:03Z,Admin Panel Fixed,https://github.com/BCStudentSoftwareDevTeam/cas/commit/7d12f823464278370c56ef575c4d0cd608839546
cas,192bffe1e9c2ec19afcbcad3c27a35b4b175cd7b,Chauwaj,User,Chauwaj,2018-10-12T20:43:36Z,test,https://github.com/BCStudentSoftwareDevTeam/cas/commit/192bffe1e9c2ec19afcbcad3c27a35b4b175cd7b
cas,1f6d123816706e1dd8a9deb022452fd690abcc71,Chauwaj,User,Chauwaj,2018-10-12T20:30:29Z,Fixed Admin Panel,https://github.com/BCStudentSoftwareDevTeam/cas/commit/1f6d123816706e1dd8a9deb022452fd690abcc71
cas,d3c601b78d569c51db4d8e503e46cb819cb00e24,nelsonke,User,wgs1862019,2018-10-12T20:22:34Z,"Merged in iss277 (pull request #123)

Iss277 - Fixed Education Tech Display on Firefox

Approved-by: Katelyn Adams <adamska@berea.edu>
Approved-by: Jonathan Chauwa <chauwaj@berea.edu>",https://github.com/BCStudentSoftwareDevTeam/cas/commit/d3c601b78d569c51db4d8e503e46cb819cb00e24
cas,a380bcccaf7770f67130608bd2a2e872393a873b,nelsonkenny,User,nelsonkenny,2018-10-12T20:22:22Z,excelMaker is being made to do room prefs. Not finished,https://github.com/BCStudentSoftwareDevTeam/cas/commit/a380bcccaf7770f67130608bd2a2e872393a873b
cas,e09aa537278bec7aeeba95bdf4663d4ff7ed65bd,Jamal Aw Yonis,,wgs1862019,2018-10-12T20:15:12Z,"Merged in jamal_basanta (pull request #120)

Jamal basanta

Approved-by: Katelyn Adams <adamska@berea.edu>",https://github.com/BCStudentSoftwareDevTeam/cas/commit/e09aa537278bec7aeeba95bdf4663d4ff7ed65bd
cas,eb1f21eb06dd02c43ff0e0959bf57e0bb0ad801c,nelsonkenny,User,nelsonkenny,2018-10-12T19:46:03Z,Allow to the reassign button to run the room assignment algorithm,https://github.com/BCStudentSoftwareDevTeam/cas/commit/eb1f21eb06dd02c43ff0e0959bf57e0bb0ad801c
cas,054d2001727bdfb93a2abc9f5c47364d2c6b169f,nelsonkenny,User,nelsonkenny,2018-10-12T19:35:03Z,Combined SystemManagement with the algorithm so it can run  when the registrar clicks on assign rooms,https://github.com/BCStudentSoftwareDevTeam/cas/commit/054d2001727bdfb93a2abc9f5c47364d2c6b169f
cas,76019fd9cd63b2793c153f74621090eabf331593,nelsonkenny,User,nelsonkenny,2018-10-12T19:01:22Z,Fixing conflicts with algorithm branch,https://github.com/BCStudentSoftwareDevTeam/cas/commit/76019fd9cd63b2793c153f74621090eabf331593
cas,a1f3a6c12f10155bbedc0610f99bcaad26f07714,nelsonkenny,User,nelsonkenny,2018-10-12T18:43:18Z,Combined SystemManagement with RoomPreferences. Added constraints for course scheduling and room preferences based on the sspecific state of a term. To-Do: Integrate SystemManagement with the room assignment algorithm and RoomResolution,https://github.com/BCStudentSoftwareDevTeam/cas/commit/a1f3a6c12f10155bbedc0610f99bcaad26f07714
cas,af3cf26670ca48bd48d687e2fea6f915e01fa529,nelsonkenny,User,nelsonkenny,2018-10-12T17:23:04Z,Combining SystemManagement with jamal_basanta and testing with live data,https://github.com/BCStudentSoftwareDevTeam/cas/commit/af3cf26670ca48bd48d687e2fea6f915e01fa529
cas,fee11fdebd88e08126a9419610da8b570447d801,Sher Sanginov,,Sher Sanginov,2018-10-12T16:07:14Z,"New Bug Fixed: When user deletes a course, its instructor relationship is also deleted from InstructorCourse table",https://github.com/BCStudentSoftwareDevTeam/cas/commit/fee11fdebd88e08126a9419610da8b570447d801
cas,192af6f026449949cbf8ca81deb453447e040c02,nelsonkenny,User,nelsonkenny,2018-10-12T15:49:45Z,Merging with jamal_basanta,https://github.com/BCStudentSoftwareDevTeam/cas/commit/192af6f026449949cbf8ca81deb453447e040c02
cas,958f895eaaacc7becef9831e1348d2f648fb5a20,nelsonkenny,User,nelsonkenny,2018-10-12T15:40:45Z,Fixing merging conflicts,https://github.com/BCStudentSoftwareDevTeam/cas/commit/958f895eaaacc7becef9831e1348d2f648fb5a20
cas,95321453064658a5e8bcb738a6b1f1253a77da87,Sher Sanginov,,Sher Sanginov,2018-10-11T20:35:47Z,changed room capacity to 1,https://github.com/BCStudentSoftwareDevTeam/cas/commit/95321453064658a5e8bcb738a6b1f1253a77da87
cas,414671898c63bb70659c16c4b72cd7e144d92ba1,nelsonkenny,User,nelsonkenny,2018-10-11T18:41:55Z,Fixed issue with querying for days,https://github.com/BCStudentSoftwareDevTeam/cas/commit/414671898c63bb70659c16c4b72cd7e144d92ba1
cas,4b41cacc0a325a3f3aa4fdda6457c04e79206754,nelsonkenny,User,nelsonkenny,2018-10-11T17:04:52Z,Working on merging rooms and courses for download,https://github.com/BCStudentSoftwareDevTeam/cas/commit/4b41cacc0a325a3f3aa4fdda6457c04e79206754
cas,7a40312fec021fe0b749bfe215f72fecc902106f,wgs1862019,User,wgs1862019,2018-10-10T22:01:49Z,Added the ajax function for and the dictionary in thepy file,https://github.com/BCStudentSoftwareDevTeam/cas/commit/7a40312fec021fe0b749bfe215f72fecc902106f
cas,cc31221abb961ebcc5c99fd79f625ec2140572d7,Sher Sanginov,,Sher Sanginov,2018-10-10T14:45:06Z,Fixed bug related to courses.schedule==None and course.capacity==None,https://github.com/BCStudentSoftwareDevTeam/cas/commit/cc31221abb961ebcc5c99fd79f625ec2140572d7
cas,05147eaf1c7f4af91a120a687d72daa6380fd55f,Aleksandra Cvetanovska,,Aleksandra Cvetanovska,2018-10-10T13:33:41Z,added a function to set the correct priority and excluded 'ZZZ' schedule from the query,https://github.com/BCStudentSoftwareDevTeam/cas/commit/05147eaf1c7f4af91a120a687d72daa6380fd55f
cas,56898e640e3cb648858d0799331550bb0c939f2a,awyoonis,,awyoonis,2018-10-09T20:16:11Z,we updated schema courses preference table,https://github.com/BCStudentSoftwareDevTeam/cas/commit/56898e640e3cb648858d0799331550bb0c939f2a
cas,17c43cce7a1601bd23cfcfb235bbefd8cc4608ce,Aleksandra Cvetanovska,,Aleksandra Cvetanovska,2018-10-09T18:46:30Z,Had to redo the changes from Jamal's commit because they weren't showing. Changed some things in the model & worked on update_schema so we can check the algorithm with the prod db,https://github.com/BCStudentSoftwareDevTeam/cas/commit/17c43cce7a1601bd23cfcfb235bbefd8cc4608ce
cas,b6f7aebbfbaa6a6e26b5aea3b5fd7bb247325107,Aleksandra Cvetanovska,,Aleksandra Cvetanovska,2018-10-09T17:53:26Z,Fixing conflicts,https://github.com/BCStudentSoftwareDevTeam/cas/commit/b6f7aebbfbaa6a6e26b5aea3b5fd7bb247325107
cas,82fe7d3a3efba015ec28a9749ac844217135dae0,sheggen,User,sheggen,2018-10-09T17:05:04Z,fixing special times function to filter by term as well as show multiple special times besides just A1,https://github.com/BCStudentSoftwareDevTeam/cas/commit/82fe7d3a3efba015ec28a9749ac844217135dae0
cas,88335fde9e1856a866bcf413ffc5c3b832af1ac9,sheggen,User,sheggen,2018-10-09T12:53:47Z,Merge branch 'jamal_basanta' of bitbucket.org:sheggen/cas-flask into jamal_basanta,https://github.com/BCStudentSoftwareDevTeam/cas/commit/88335fde9e1856a866bcf413ffc5c3b832af1ac9
cas,6d5c1d242e724ab5c7eef05b9509f6d700453153,awyoonis,,awyoonis,2018-10-08T23:41:42Z,we fixed saving the right room id to each course,https://github.com/BCStudentSoftwareDevTeam/cas/commit/6d5c1d242e724ab5c7eef05b9509f6d700453153
cas,1f7e7beb1e64dfdeb947211da099b5c2a573c555,nelsonkenny,User,nelsonkenny,2018-10-08T21:12:59Z,Fixed the download course bug in the excel maker,https://github.com/BCStudentSoftwareDevTeam/cas/commit/1f7e7beb1e64dfdeb947211da099b5c2a573c555
cas,5e8d4119e2f591eb0930c32693931899213ebb0f,wgs1862019,User,wgs1862019,2018-10-08T20:38:40Z,"Got special eq and features loading in. movableFurniture is being pulled in as true, but is not being pre checked in the checkbox. Acc is not pulling to dropdown either.",https://github.com/BCStudentSoftwareDevTeam/cas/commit/5e8d4119e2f591eb0930c32693931899213ebb0f
cas,221ade25219f8c272d9d4c4628fb1790b10b3337,wgs1862019,User,wgs1862019,2018-10-08T20:10:45Z,"Got roomData pulling into panels,but not all of it. Need up update DB for a few entries and then move on to pulling education tech and the accessibilities (reading null in console)",https://github.com/BCStudentSoftwareDevTeam/cas/commit/221ade25219f8c272d9d4c4628fb1790b10b3337
cas,026dbf7b082f617798a17b7dd23f6c6342b98506,wgs1862019,User,wgs1862019,2018-10-08T19:04:34Z,Switched <p> to <div> for ajax call in html panel,https://github.com/BCStudentSoftwareDevTeam/cas/commit/026dbf7b082f617798a17b7dd23f6c6342b98506
cas,86631589573e16f5bd81acfc983e33dd82b83691,awyoonis,,awyoonis,2018-10-08T18:43:57Z,working on room assignments for each course,https://github.com/BCStudentSoftwareDevTeam/cas/commit/86631589573e16f5bd81acfc983e33dd82b83691
cas,9ed5db744c663b33d70787f2a1fb03282284dec1,Aleksandra Cvetanovska,,Aleksandra Cvetanovska,2018-10-07T23:53:35Z,Fixing conflicts,https://github.com/BCStudentSoftwareDevTeam/cas/commit/9ed5db744c663b33d70787f2a1fb03282284dec1
cas,84e854e86e26909d5ab48f2b52057b4b5589df63,Aleksandra Cvetanovska,,Aleksandra Cvetanovska,2018-10-07T21:48:57Z,Fixed room_list in the algorithm,https://github.com/BCStudentSoftwareDevTeam/cas/commit/84e854e86e26909d5ab48f2b52057b4b5589df63
cas,824c5cab2a01eaf82f3fa76ffb0bae99737aff5e,Sher Sanginov,,Sher Sanginov,2018-10-05T20:03:03Z,renamed model names in the view because of database merge,https://github.com/BCStudentSoftwareDevTeam/cas/commit/824c5cab2a01eaf82f3fa76ffb0bae99737aff5e
cas,5eae507e341428de340ae5173a25f8645ab18164,Sher Sanginov,,Sher Sanginov,2018-10-05T19:58:32Z,fixed EducationTechDoesNotExist error after merge conflicts,https://github.com/BCStudentSoftwareDevTeam/cas/commit/5eae507e341428de340ae5173a25f8645ab18164
cas,6aa72dce9d117cbdf3319698641d2b5bf45ccfbe,johnsonwe,User,johnsonwe,2018-10-05T16:34:02Z,removed glyphicon for movable furniture,https://github.com/BCStudentSoftwareDevTeam/cas/commit/6aa72dce9d117cbdf3319698641d2b5bf45ccfbe
cas,ea238ded4f102fbad01685296af29bbf21dcc0ba,Sher Sanginov,,Sher Sanginov,2018-10-05T16:33:24Z,fixed merge conflict,https://github.com/BCStudentSoftwareDevTeam/cas/commit/ea238ded4f102fbad01685296af29bbf21dcc0ba
cas,eec1b49cf78531f4a180d24ed022f62550d28978,Sher Sanginov,,Sher Sanginov,2018-10-05T16:30:39Z,Merge conflicts between iss58 and jamal_basanta branch fixed,https://github.com/BCStudentSoftwareDevTeam/cas/commit/eec1b49cf78531f4a180d24ed022f62550d28978
cas,0bd0f1c3f18171152ef613dc65da9eb1d4d6f77a,nelsonkenny,User,nelsonkenny,2018-10-05T15:57:08Z,Fixed EducationTech Display Issue on Firefox,https://github.com/BCStudentSoftwareDevTeam/cas/commit/0bd0f1c3f18171152ef613dc65da9eb1d4d6f77a
cas,2c15663e671da5227754ddc22a3ec47ac356be15,nelsonkenny,User,nelsonkenny,2018-10-04T17:54:22Z,"Meging with AccessibilityRP to add the changes made on that branch
Merge branch 'AccessibilityRP' of bitbucket.org:sheggen/cas-flask into RoomPreferenceStates",https://github.com/BCStudentSoftwareDevTeam/cas/commit/2c15663e671da5227754ddc22a3ec47ac356be15
cas,ca28c315965421b4f0fa4d8b03f6ac47e0a502fd,nelsonkenny,User,nelsonkenny,2018-10-04T17:54:02Z,Trying to figure out why EdTech is not working on Firefox,https://github.com/BCStudentSoftwareDevTeam/cas/commit/ca28c315965421b4f0fa4d8b03f6ac47e0a502fd
cas,74d648206ed4af731b51a5467633cdbe49a8920f,johnsonwe,User,johnsonwe,2018-10-04T17:41:38Z,fixed glyphicons in Education Tech Modal,https://github.com/BCStudentSoftwareDevTeam/cas/commit/74d648206ed4af731b51a5467633cdbe49a8920f
cas,ca9c7263e24bea1bd89e6a1ef8dfd28d2d39d790,Sher Sanginov,,Sher Sanginov,2018-10-04T16:16:53Z,fixed bug related to assigning room buttons,https://github.com/BCStudentSoftwareDevTeam/cas/commit/ca9c7263e24bea1bd89e6a1ef8dfd28d2d39d790
cas,39db8bd995741e339e4a6ceb18fbf25707e11832,johnsonwe,User,johnsonwe,2018-10-04T16:07:20Z,Merge branch 'AccessibilityRP' of https://bitbucket.org/sheggen/cas-flask into glyphicons_removal,https://github.com/BCStudentSoftwareDevTeam/cas/commit/39db8bd995741e339e4a6ceb18fbf25707e11832
cas,3cb1909f4dde61023d9b261a8384f639ede2b610,Sher Sanginov,,Sher Sanginov,2018-10-04T13:50:54Z,Merge branch 'development' of https://bitbucket.org/sheggen/cas-flask into roomResolution/iss258,https://github.com/BCStudentSoftwareDevTeam/cas/commit/3cb1909f4dde61023d9b261a8384f639ede2b610
cas,2f792800b035a4c5d744b7a4df49efcf38d07139,awyoonis,,awyoonis,2018-10-03T21:20:29Z,fixed the function that maps out the priority,https://github.com/BCStudentSoftwareDevTeam/cas/commit/2f792800b035a4c5d744b7a4df49efcf38d07139
cas,dfc51b131fed837430c8b155a4317fb2f895fa41,sheggen,User,sheggen,2018-10-02T21:02:26Z,Removed glyphicons for the accessibility measurements,https://github.com/BCStudentSoftwareDevTeam/cas/commit/dfc51b131fed837430c8b155a4317fb2f895fa41
cas,889c93cff68b666fda46ec86b31250eed8e62012,Sher Sanginov,,Sher Sanginov,2018-10-02T20:29:54Z,Go to displayed course is hidden when no preference conflict,https://github.com/BCStudentSoftwareDevTeam/cas/commit/889c93cff68b666fda46ec86b31250eed8e62012
cas,980e02f10537180994c9ce07701bcd5c9934d841,awyoonis,,awyoonis,2018-10-02T19:51:24Z,fixed the query that retrieves the course with no rooms,https://github.com/BCStudentSoftwareDevTeam/cas/commit/980e02f10537180994c9ce07701bcd5c9934d841
cas,ada63e82793d62113b44bab42e1923a0a5dd51de,Sher Sanginov,,Sher Sanginov,2018-10-02T19:44:59Z,Fiex Room Resolution Assign Course feature,https://github.com/BCStudentSoftwareDevTeam/cas/commit/ada63e82793d62113b44bab42e1923a0a5dd51de
cas,4e0b546f11e3e8fd1d25107080bcd824130124ef,johnsonwe,User,johnsonwe,2018-10-02T18:57:39Z,WIP removing glyphicons from system,https://github.com/BCStudentSoftwareDevTeam/cas/commit/4e0b546f11e3e8fd1d25107080bcd824130124ef
cas,e6291aa514303c9065f5c405869e19fed6578e50,Aleksandra Cvetanovska,,Aleksandra Cvetanovska,2018-10-02T18:02:25Z,Fixing query: attempt 1,https://github.com/BCStudentSoftwareDevTeam/cas/commit/e6291aa514303c9065f5c405869e19fed6578e50
cas,280a2cf67945b6e388bbcd27387cecb3eebd256d,Aleksandra Cvetanovska,,Aleksandra Cvetanovska,2018-10-01T20:51:53Z,Started modifying the room assignment algorithm. Changed the query & create_data_set,https://github.com/BCStudentSoftwareDevTeam/cas/commit/280a2cf67945b6e388bbcd27387cecb3eebd256d
cas,c4a4ddae75900f514f8fdacea78d406003bdbee1,wgs1862019,User,wgs1862019,2018-10-01T18:52:03Z,Merge branch 'jamal_basanta' of https://bitbucket.org/sheggen/cas-flask into jamal_basanta,https://github.com/BCStudentSoftwareDevTeam/cas/commit/c4a4ddae75900f514f8fdacea78d406003bdbee1
cas,0b7e2a6380fb39a600a09f3eb76a0868f6ae8444,wgs1862019,User,wgs1862019,2018-10-01T18:51:19Z,Added hover tooltips for accessibility,https://github.com/BCStudentSoftwareDevTeam/cas/commit/0b7e2a6380fb39a600a09f3eb76a0868f6ae8444
cas,0a92f5bcf5cd6c38a6215c84258c1b10310cbb9f,Scott Heggen,,Scott Heggen,2018-10-01T18:11:18Z,added the systemManagement.js file so terms could be locked,https://github.com/BCStudentSoftwareDevTeam/cas/commit/0a92f5bcf5cd6c38a6215c84258c1b10310cbb9f
cas,b36454d3263d2900cacc1d7ac119d62fbbe56bdc,Scott Heggen,,Scott Heggen,2018-09-29T01:42:25Z,Modified addClassroom.py to import MAC building; sorted list in selectpicker correctly,https://github.com/BCStudentSoftwareDevTeam/cas/commit/b36454d3263d2900cacc1d7ac119d62fbbe56bdc
cas,64a4dcd95c88870e39b9d176714a88f87a5d2227,sheggen,User,sheggen,2018-09-29T00:03:27Z,Lots of little bug fixes; STATE MACHINE WORKS!,https://github.com/BCStudentSoftwareDevTeam/cas/commit/64a4dcd95c88870e39b9d176714a88f87a5d2227
cas,d712475f91c3e8efd92821cb2ec72a91619d35bc,nelsonkenny,User,nelsonkenny,2018-09-28T19:17:07Z,Trying to get the notes for the preferences to the front end,https://github.com/BCStudentSoftwareDevTeam/cas/commit/d712475f91c3e8efd92821cb2ec72a91619d35bc
cas,dc7139a430e4a689873683f03ed635ba155ebd0e,nelsonkenny,User,nelsonkenny,2018-09-28T18:02:11Z,Fixed data updates for room preferences; Did minopr UI Fixes,https://github.com/BCStudentSoftwareDevTeam/cas/commit/dc7139a430e4a689873683f03ed635ba155ebd0e
cas,8e0288685ba9f976cc1133c1b4e97a39770227ab,nelsonkenny,User,nelsonkenny,2018-09-27T21:31:18Z,Created function to update the text and the value of the pref buttons after each save to the database. Refactored the logic that sets the value and the inner text of the pref buttons on page load. To-DO: Refactor the save to the database from the controller to ensure complete update,https://github.com/BCStudentSoftwareDevTeam/cas/commit/8e0288685ba9f976cc1133c1b4e97a39770227ab
cas,524ef9b089c344d1e1c6793e0698ae7d97922822,Sher Sanginov,,Sher Sanginov,2018-09-27T20:51:05Z,WIP: Save and go to displayed courses partly fixed,https://github.com/BCStudentSoftwareDevTeam/cas/commit/524ef9b089c344d1e1c6793e0698ae7d97922822
cas,0cf2359a5c2caa8e9e5d4b7723b6a01d4ca3bddd,Sher Sanginov,,Sher Sanginov,2018-09-27T19:18:51Z,debug line removed,https://github.com/BCStudentSoftwareDevTeam/cas/commit/0cf2359a5c2caa8e9e5d4b7723b6a01d4ca3bddd
cas,500e7396c2fa01342835e6cd6a3d14c983700100,Sher Sanginov,,Sher Sanginov,2018-09-27T19:17:05Z,added educationTech modal for preference rooms,https://github.com/BCStudentSoftwareDevTeam/cas/commit/500e7396c2fa01342835e6cd6a3d14c983700100
cas,775d9847ce4b1cb41a6c85bbb04e0f1df3388e8f,awyoonis,,awyoonis,2018-09-27T18:49:26Z,Working on state machine,https://github.com/BCStudentSoftwareDevTeam/cas/commit/775d9847ce4b1cb41a6c85bbb04e0f1df3388e8f
cas,b6ffae33aadd267ec743ddc78b8c02f1c028a57c,wgs1862019,User,wgs1862019,2018-09-26T21:28:55Z,"Added save and close buttons and also the message on top for the room the user is on, still need to create a javascript function to pull the room number",https://github.com/BCStudentSoftwareDevTeam/cas/commit/b6ffae33aadd267ec743ddc78b8c02f1c028a57c
cas,afa7a663dd463132473d9ad0c0637b860b3aff39,awyoonis,,awyoonis,2018-09-26T21:21:27Z,set each course to its own stats,https://github.com/BCStudentSoftwareDevTeam/cas/commit/afa7a663dd463132473d9ad0c0637b860b3aff39
cas,cc580df6016123cc5cdcbb6d8d8c694cdc035276,nelsonkenny,User,nelsonkenny,2018-09-26T20:22:02Z,state machine,https://github.com/BCStudentSoftwareDevTeam/cas/commit/cc580df6016123cc5cdcbb6d8d8c694cdc035276
cas,98c6cc6f9db4429153e8b616738a331e4bdceeaf,wgs1862019,User,wgs1862019,2018-09-26T14:56:05Z,Ordered Education Tech boolean fields,https://github.com/BCStudentSoftwareDevTeam/cas/commit/98c6cc6f9db4429153e8b616738a331e4bdceeaf
cas,8cb6bdcd59f7b5e88ce77050034774f3dd426a57,nelsonkenny,User,nelsonkenny,2018-09-25T22:52:01Z,Finished the functions that updates the differents states for the preferences,https://github.com/BCStudentSoftwareDevTeam/cas/commit/8cb6bdcd59f7b5e88ce77050034774f3dd426a57
cas,29af63224727fb626fa7b72d1502a10ecb191d7d,nelsonkenny,User,nelsonkenny,2018-09-25T20:34:51Z,Working on the download for courses/rooms,https://github.com/BCStudentSoftwareDevTeam/cas/commit/29af63224727fb626fa7b72d1502a10ecb191d7d
cas,ecbf3945291c7482bf9696b2fba4833c6170eca3,awyoonis,,awyoonis,2018-09-25T20:23:56Z,State Machine,https://github.com/BCStudentSoftwareDevTeam/cas/commit/ecbf3945291c7482bf9696b2fba4833c6170eca3
cas,fa1c07d1cdd86ddc52f2507ebac2450c40e804bb,awyoonis,,awyoonis,2018-09-25T19:54:44Z,Started  the javascript functions that maps the arrows on the state diagram,https://github.com/BCStudentSoftwareDevTeam/cas/commit/fa1c07d1cdd86ddc52f2507ebac2450c40e804bb
cas,f046c51ff655d3fd869032ea10187095932b34e5,wgs1862019,User,wgs1862019,2018-09-25T19:09:08Z,Editable education tech,https://github.com/BCStudentSoftwareDevTeam/cas/commit/f046c51ff655d3fd869032ea10187095932b34e5
cas,63b5158813fb08efe402e23677b4497831d5dd64,awyoonis,,awyoonis,2018-09-25T17:42:16Z,updated courses notes in roompreference UI,https://github.com/BCStudentSoftwareDevTeam/cas/commit/63b5158813fb08efe402e23677b4497831d5dd64
cas,3a648cb7a625e7dec00c907f43f7f5b8fac36a4f,Scott Heggen,,Scott Heggen,2018-09-25T15:15:55Z,Fixed bug with rendering of term name in course sequencing UI,https://github.com/BCStudentSoftwareDevTeam/cas/commit/3a648cb7a625e7dec00c907f43f7f5b8fac36a4f
cas,d5ff6ab7344b61770adc77bbfa59a0e6fb15bb90,Scott Heggen,,Scott Heggen,2018-09-25T15:12:20Z,Merge branch 'jamal_basanta' of https://bitbucket.org/sheggen/cas-flask into jamal_basanta,https://github.com/BCStudentSoftwareDevTeam/cas/commit/d5ff6ab7344b61770adc77bbfa59a0e6fb15bb90
cas,54fa0817457d6c848d527b9e9af6a1047774c0e4,Scott Heggen,,Scott Heggen,2018-09-25T15:11:38Z,"modified flaskapp.wsgi to point to right application, and migrated DB. Added add_single_user.py to insert 1 user into db. Fixed many problems with sync_faculty.py script",https://github.com/BCStudentSoftwareDevTeam/cas/commit/54fa0817457d6c848d527b9e9af6a1047774c0e4
cas,92cdbfbc026a443f1b8a5e5d723d819f1880546c,nelsonkenny,User,nelsonkenny,2018-09-24T20:04:21Z,Fixed Reverse functionalities and did some code editing/review',https://github.com/BCStudentSoftwareDevTeam/cas/commit/92cdbfbc026a443f1b8a5e5d723d819f1880546c
cas,9b78e9cecc0aef5fa00bfbc76bce8a363150ba65,wgs1862019,User,wgs1862019,2018-09-24T17:59:13Z,Got panel to open up between rows,https://github.com/BCStudentSoftwareDevTeam/cas/commit/9b78e9cecc0aef5fa00bfbc76bce8a363150ba65
cas,f7674403e531dbb02148f57a45b1e848209e4874,Aleksandra Cvetanovska,,Aleksandra Cvetanovska,2018-09-24T13:49:16Z,Made the 'save & add new pref' & 'save & no other rooms work' disabled on 'any room works' & 'no room/no other room' choices,https://github.com/BCStudentSoftwareDevTeam/cas/commit/f7674403e531dbb02148f57a45b1e848209e4874
cas,c9c1772ecbd4d8379a2995843132782cb98eb40a,Aleksandra Cvetanovska,,Aleksandra Cvetanovska,2018-09-21T13:01:49Z,FIXED: if a third preference is already chosen the change of the second preference shouldn't reset the 3rd one to 'any room',https://github.com/BCStudentSoftwareDevTeam/cas/commit/c9c1772ecbd4d8379a2995843132782cb98eb40a
cas,3e76103ac3306dbee70d0d06cab917dc1c88ef89,nelsonkenny,User,nelsonkenny,2018-09-17T21:27:47Z,Merge branch 'jamal_basanta' of bitbucket.org:sheggen/cas-flask into jamal_basanta,https://github.com/BCStudentSoftwareDevTeam/cas/commit/3e76103ac3306dbee70d0d06cab917dc1c88ef89
cas,d65e2793494717d054131df41ae0adb03417686e,nelsonkenny,User,nelsonkenny,2018-09-17T21:25:51Z,Fix title of Save Preference Model modal to correct course,https://github.com/BCStudentSoftwareDevTeam/cas/commit/d65e2793494717d054131df41ae0adb03417686e
cas,d3038df5feb2136788db01cfc9c63e58f865b678,wgs1862019,User,wgs1862019,2018-09-17T20:35:19Z,Merge branch 'jamal_basanta' of https://bitbucket.org/sheggen/cas-flask into jamal_basanta,https://github.com/BCStudentSoftwareDevTeam/cas/commit/d3038df5feb2136788db01cfc9c63e58f865b678
cas,390be9a586c04557531dd4ee1eccc1107d000b01,wgs1862019,User,wgs1862019,2018-09-17T20:33:50Z,changed wording for course does not require a room in dropdown,https://github.com/BCStudentSoftwareDevTeam/cas/commit/390be9a586c04557531dd4ee1eccc1107d000b01
cas,0e7b0d30f356eb65810004f37ea7f7d63e0d148e,sheggen,User,sheggen,2018-09-17T20:28:20Z,"Adding restart.sh script, which should handle the full migration",https://github.com/BCStudentSoftwareDevTeam/cas/commit/0e7b0d30f356eb65810004f37ea7f7d63e0d148e
cas,9888a3e6ac1b109d5f8fbb985b0a3acb697a374b,nelsonkenny,User,nelsonkenny,2018-09-17T20:04:37Z,Disabling rooms is disabled because the UI works better for now. Needs fixed.,https://github.com/BCStudentSoftwareDevTeam/cas/commit/9888a3e6ac1b109d5f8fbb985b0a3acb697a374b
cas,34bd94044fefcbd03529aed57fd6b5e9fab996d7,nelsonkenny,User,nelsonkenny,2018-09-17T19:27:00Z,Fixed Ed tech problem,https://github.com/BCStudentSoftwareDevTeam/cas/commit/34bd94044fefcbd03529aed57fd6b5e9fab996d7
cas,a6bc248519f05a249efbb121eca9b8fa823fed63,wgs1862019,User,wgs1862019,2018-09-17T19:21:20Z,Room ID is printing to console,https://github.com/BCStudentSoftwareDevTeam/cas/commit/a6bc248519f05a249efbb121eca9b8fa823fed63
cas,f45383e833f7ce095b6e8ca0d3a5dfa6add061be,wgs1862019,User,wgs1862019,2018-09-17T18:46:55Z,accordion is stuck at bottom now. trying to pull room id,https://github.com/BCStudentSoftwareDevTeam/cas/commit/f45383e833f7ce095b6e8ca0d3a5dfa6add061be
cas,bd3fb42872846bddafac5f1fffd24836d4d0638c,nelsonkenny,User,nelsonkenny,2018-09-17T18:18:15Z,Fixed expanding UI issue related to a hiddenrow not spanning all columns,https://github.com/BCStudentSoftwareDevTeam/cas/commit/bd3fb42872846bddafac5f1fffd24836d4d0638c
cas,170c757f0649592a320bb3c3f336e9be8044a749,nelsonkenny,User,nelsonkenny,2018-09-17T18:12:45Z,"Fixed Edtech modal so it now displays correct course info, and only one.",https://github.com/BCStudentSoftwareDevTeam/cas/commit/170c757f0649592a320bb3c3f336e9be8044a749
cas,622162197499b7259f28203f72a351a6f1a90345,nelsonkenny,User,nelsonkenny,2018-09-17T15:59:27Z,Working on reverse features,https://github.com/BCStudentSoftwareDevTeam/cas/commit/622162197499b7259f28203f72a351a6f1a90345
cas,3a2065f0797344c3535f00a17072e4b1349e43b1,Aleksandra Cvetanovska,,Aleksandra Cvetanovska,2018-09-17T14:18:19Z,"Added subtitle to the Room Pref page & if section is missing, it defaults to A",https://github.com/BCStudentSoftwareDevTeam/cas/commit/3a2065f0797344c3535f00a17072e4b1349e43b1
cas,fdbebf43844f70f257da088c264eb7f962dec11f,Aleksandra Cvetanovska,,Aleksandra Cvetanovska,2018-09-17T13:38:47Z,Fixed the selection of No Other Room choice. It was not being saved to the db,https://github.com/BCStudentSoftwareDevTeam/cas/commit/fdbebf43844f70f257da088c264eb7f962dec11f
cas,602022a6399886c257d47264f37b331340c02f93,sheggen,User,sheggen,2018-09-16T17:49:15Z,fixing minor UI things like checkmarks and X's on moveable furniture,https://github.com/BCStudentSoftwareDevTeam/cas/commit/602022a6399886c257d47264f37b331340c02f93
cas,3ed7a9d86189f2ead480d1f936f77f40e4da1d03,sheggen,User,sheggen,2018-09-16T17:33:45Z,Finally got the roomPreferences UI to filter by term,https://github.com/BCStudentSoftwareDevTeam/cas/commit/3ed7a9d86189f2ead480d1f936f77f40e4da1d03
cas,9675172821e18f8d969503c89a2d20997d30cb9c,sheggen,User,sheggen,2018-09-15T02:58:53Z,Workaround for RoomPreference interface so it displays all courses for a specific user. Needs testing,https://github.com/BCStudentSoftwareDevTeam/cas/commit/9675172821e18f8d969503c89a2d20997d30cb9c
cas,aad200082bd4080d0031aa6cd2dc3af5e28fb870,sheggen,User,sheggen,2018-09-15T02:01:08Z,"trying a new query, because the other one sucked",https://github.com/BCStudentSoftwareDevTeam/cas/commit/aad200082bd4080d0031aa6cd2dc3af5e28fb870
cas,2df00a8dab734cbe3dd34e2a7310899cd1f2fd1e,sheggen,User,sheggen,2018-09-15T01:52:59Z,Now Special Topics aren't so special re: roomPreferences (fixed foreignkey problem),https://github.com/BCStudentSoftwareDevTeam/cas/commit/2df00a8dab734cbe3dd34e2a7310899cd1f2fd1e
cas,d19bec0e1d0a63710635a5989f431c284ce8fbe2,sheggen,User,sheggen,2018-09-15T01:43:36Z,Debugging RoomPreferences,https://github.com/BCStudentSoftwareDevTeam/cas/commit/d19bec0e1d0a63710635a5989f431c284ce8fbe2
cas,fc615820f6a3a91cdbd904b79fa8663a53bca292,sheggen,User,sheggen,2018-09-15T01:35:21Z,Reinsating the creation of RoomPreferences so there are RoomPreferences,https://github.com/BCStudentSoftwareDevTeam/cas/commit/fc615820f6a3a91cdbd904b79fa8663a53bca292
cas,8667dcfae1a5f6618d83df3392cdf6cc9e88e149,sheggen,User,sheggen,2018-09-15T01:26:16Z,updating_schema.py now removes all course rooms. Again,https://github.com/BCStudentSoftwareDevTeam/cas/commit/8667dcfae1a5f6618d83df3392cdf6cc9e88e149
cas,488f37605d15683ce15fa3a5a02f2d457b98b2ba,sheggen,User,sheggen,2018-09-15T01:25:25Z,updating_schema.py now removes all course rooms,https://github.com/BCStudentSoftwareDevTeam/cas/commit/488f37605d15683ce15fa3a5a02f2d457b98b2ba
cas,c0c6bbdd9f3e12220340ec568889eecc190475d2,sheggen,User,sheggen,2018-09-15T01:17:31Z,Fixing update_schema.py to work,https://github.com/BCStudentSoftwareDevTeam/cas/commit/c0c6bbdd9f3e12220340ec568889eecc190475d2
cas,dbf0a6c6eea5acea2f73054694ed6034e96a1592,sheggen,User,sheggen,2018-09-15T01:02:12Z,fixing roomPreferences error related to instructors; removed for now,https://github.com/BCStudentSoftwareDevTeam/cas/commit/dbf0a6c6eea5acea2f73054694ed6034e96a1592
cas,f55357a943295f9006a85b15f5976ad6fb8f12c7,sheggen,User,sheggen,2018-09-15T00:16:21Z,"Modified Room preferences to take into account term, and user",https://github.com/BCStudentSoftwareDevTeam/cas/commit/f55357a943295f9006a85b15f5976ad6fb8f12c7
cas,6b4118aeb25c804fa635f49c5823babdeb328e84,sheggen,User,sheggen,2018-09-14T22:46:05Z,updating update_schema.py,https://github.com/BCStudentSoftwareDevTeam/cas/commit/6b4118aeb25c804fa635f49c5823babdeb328e84
cas,40aee99a23387570be6aecedbcae9cb3f13b21c6,sheggen,User,sheggen,2018-09-14T22:39:06Z,updating update_schema.py,https://github.com/BCStudentSoftwareDevTeam/cas/commit/40aee99a23387570be6aecedbcae9cb3f13b21c6
cas,a78f50fe8f6d304796e2ba3d763df591d9ff505e,sheggen,User,sheggen,2018-09-14T22:27:37Z,updating update_schema.py,https://github.com/BCStudentSoftwareDevTeam/cas/commit/a78f50fe8f6d304796e2ba3d763df591d9ff505e
cas,52d1cb96440f252d5abdc7ca7cab3fe22cb48b78,sheggen,User,sheggen,2018-09-14T22:24:06Z,updating update_schema.py,https://github.com/BCStudentSoftwareDevTeam/cas/commit/52d1cb96440f252d5abdc7ca7cab3fe22cb48b78
cas,70e333b329dc9d80897c50c861fa8bde05861543,sheggen,User,sheggen,2018-09-14T22:23:04Z,updating update_schema.py,https://github.com/BCStudentSoftwareDevTeam/cas/commit/70e333b329dc9d80897c50c861fa8bde05861543
cas,e0a86bbcc6b13b5d9a541c850d2b278b010a38b6,sheggen,User,sheggen,2018-09-14T22:19:49Z,updating update_schema.py,https://github.com/BCStudentSoftwareDevTeam/cas/commit/e0a86bbcc6b13b5d9a541c850d2b278b010a38b6
cas,0402e8a4c5ef15468925c671cdca589a2cca88cb,sheggen,User,sheggen,2018-09-14T22:18:28Z,updating update_schema.py,https://github.com/BCStudentSoftwareDevTeam/cas/commit/0402e8a4c5ef15468925c671cdca589a2cca88cb
cas,f70bc0b9fc3669151118e9d1b44fffc3f501d73c,sheggen,User,sheggen,2018-09-14T22:17:04Z,updating update_schema.py,https://github.com/BCStudentSoftwareDevTeam/cas/commit/f70bc0b9fc3669151118e9d1b44fffc3f501d73c
cas,815d000fdd0c4f9695f6e9635bdccd3ad413b48e,sheggen,User,sheggen,2018-09-14T22:11:23Z,updating update_schema.py,https://github.com/BCStudentSoftwareDevTeam/cas/commit/815d000fdd0c4f9695f6e9635bdccd3ad413b48e
cas,29855f55c9e73a07b78656dc421ebcb4b54b38de,sheggen,User,sheggen,2018-09-14T22:10:30Z,updating update_schema.py,https://github.com/BCStudentSoftwareDevTeam/cas/commit/29855f55c9e73a07b78656dc421ebcb4b54b38de
cas,ff2f05b310a965dd35b89b616e5493bd8386a8bc,sheggen,User,sheggen,2018-09-14T22:10:07Z,updating update_schema.py,https://github.com/BCStudentSoftwareDevTeam/cas/commit/ff2f05b310a965dd35b89b616e5493bd8386a8bc
cas,6d8dd53236e19a689101aa705a13e3c9ee84bca0,sheggen,User,sheggen,2018-09-14T22:05:47Z,updating update_schema.py,https://github.com/BCStudentSoftwareDevTeam/cas/commit/6d8dd53236e19a689101aa705a13e3c9ee84bca0
cas,ec3fc12453d5b5210edc44e8a51e30523e6bb8c4,sheggen,User,sheggen,2018-09-14T22:04:49Z,updating update_schema.py,https://github.com/BCStudentSoftwareDevTeam/cas/commit/ec3fc12453d5b5210edc44e8a51e30523e6bb8c4
cas,22a3d7c3b9b0bf73cc4dafbb6e0e187cb97b0c28,sheggen,User,sheggen,2018-09-14T22:03:38Z,updating update_schema.py,https://github.com/BCStudentSoftwareDevTeam/cas/commit/22a3d7c3b9b0bf73cc4dafbb6e0e187cb97b0c28
cas,a9c97fa84b98030e5bd955d7c18c1b98ff158146,sheggen,User,sheggen,2018-09-14T22:02:49Z,updating update_schema.py,https://github.com/BCStudentSoftwareDevTeam/cas/commit/a9c97fa84b98030e5bd955d7c18c1b98ff158146
cas,f7e49521643e95a97b308fcda2c308dd62ae5776,sheggen,User,sheggen,2018-09-14T22:00:50Z,updating update_schema.py,https://github.com/BCStudentSoftwareDevTeam/cas/commit/f7e49521643e95a97b308fcda2c308dd62ae5776
cas,0526e5c703828ce7f4a696cebafcf30da0dde6c7,sheggen,User,sheggen,2018-09-14T21:59:38Z,updating update_schema.py,https://github.com/BCStudentSoftwareDevTeam/cas/commit/0526e5c703828ce7f4a696cebafcf30da0dde6c7
cas,cad4c09473e8f1418f8fa7e6337b581c316563f9,sheggen,User,sheggen,2018-09-14T21:57:53Z,Adding ed tech,https://github.com/BCStudentSoftwareDevTeam/cas/commit/cad4c09473e8f1418f8fa7e6337b581c316563f9
cas,db1fd3b9a1c65a395b329d850548f185479811c3,sheggen,User,sheggen,2018-09-14T21:51:06Z,Minor edits to two new scripts,https://github.com/BCStudentSoftwareDevTeam/cas/commit/db1fd3b9a1c65a395b329d850548f185479811c3
cas,76672813a54b33e1664baeb0c0870f6991b6172d,sheggen,User,sheggen,2018-09-14T21:46:58Z,"Updating moveableFurniture to all default of false, necessary for importer",https://github.com/BCStudentSoftwareDevTeam/cas/commit/76672813a54b33e1664baeb0c0870f6991b6172d
cas,a471249f1b938cff9f786fe8d24328ba165f2121,sheggen,User,sheggen,2018-09-14T21:41:08Z,Merge branch 'jamal_basanta' of bitbucket.org:sheggen/cas-flask into jamal_basanta,https://github.com/BCStudentSoftwareDevTeam/cas/commit/a471249f1b938cff9f786fe8d24328ba165f2121
cas,f17e9c0aa4ec6fa3cb2f0bb63defc65ab8fc844d,sheggen,User,sheggen,2018-09-14T21:40:50Z,Finished addClassrooms.py file which adds all of the rooms data from the csv file from CIST,https://github.com/BCStudentSoftwareDevTeam/cas/commit/f17e9c0aa4ec6fa3cb2f0bb63defc65ab8fc844d
cas,f4f779a39a8d5eb19c40af1ddaf72540ee75ea9c,Sher Sanginov,,Sher Sanginov,2018-09-14T21:39:38Z,added update schema script,https://github.com/BCStudentSoftwareDevTeam/cas/commit/f4f779a39a8d5eb19c40af1ddaf72540ee75ea9c
cas,ed4dd8c687617f6f2b3ad1825bdc5ae7865a54c0,sheggen,User,sheggen,2018-09-14T18:28:22Z,Changed button class from btn-secondary to btn-default due to Chrome rendering white,https://github.com/BCStudentSoftwareDevTeam/cas/commit/ed4dd8c687617f6f2b3ad1825bdc5ae7865a54c0
cas,6016f57232783b599bc7dea31335acaae7dc86ad,sheggen,User,sheggen,2018-09-14T18:05:22Z,"finished addClassrooms.py, but is untested; waiting on data from Kenny",https://github.com/BCStudentSoftwareDevTeam/cas/commit/6016f57232783b599bc7dea31335acaae7dc86ad
cas,1b05db9b4cbe5eb1aec4dd7ea68ed482c79929b5,sheggen,User,sheggen,2018-09-14T17:54:24Z,Fixed typos in Ed tech UI,https://github.com/BCStudentSoftwareDevTeam/cas/commit/1b05db9b4cbe5eb1aec4dd7ea68ed482c79929b5
cas,36213f61695a025e6de1ac99e5ce3e6d11928ba2,Sher Sanginov,,Sher Sanginov,2018-09-14T15:48:53Z,Program Chair from other deparment can now view the crosslisted course,https://github.com/BCStudentSoftwareDevTeam/cas/commit/36213f61695a025e6de1ac99e5ce3e6d11928ba2
cas,444286ed89e6de2e861a1e820c070a0752658fc1,Aleksandra Cvetanovska,,Aleksandra Cvetanovska,2018-09-14T13:58:53Z,Started on the csv parsing of the Clasrooms file.,https://github.com/BCStudentSoftwareDevTeam/cas/commit/444286ed89e6de2e861a1e820c070a0752658fc1
cas,4d88847eb86ed3e89651a0a756308d433caac448,Aleksandra Cvetanovska,,Aleksandra Cvetanovska,2018-09-14T13:03:47Z,"Changed the room preference model, html & js so that there are 2 states - any and none, instead of 3. Also removed the duplicated fields from the Rooms model.",https://github.com/BCStudentSoftwareDevTeam/cas/commit/4d88847eb86ed3e89651a0a756308d433caac448
cas,8c60db047c7415a8990e19d628a4bb69bebb71fa,Sher Sanginov,,Sher Sanginov,2018-09-14T00:26:13Z,View crosslisted courses to your department as program chair,https://github.com/BCStudentSoftwareDevTeam/cas/commit/8c60db047c7415a8990e19d628a4bb69bebb71fa
cas,7629276bd103065e053d4dbd7792fb3ba8cafbe9,awyoonis,,awyoonis,2018-09-13T19:33:31Z,fixed merge conflict,https://github.com/BCStudentSoftwareDevTeam/cas/commit/7629276bd103065e053d4dbd7792fb3ba8cafbe9
cas,25f039aea69f4c0dd8514f3f0eff1f37037b3b48,awyoonis,,awyoonis,2018-09-13T19:31:31Z, changed the colors of the preference after they assigned to a value,https://github.com/BCStudentSoftwareDevTeam/cas/commit/25f039aea69f4c0dd8514f3f0eff1f37037b3b48
cas,9e5a4ef46861087fbebc850414953120875592dc,Aleksandra Cvetanovska,,Aleksandra Cvetanovska,2018-09-12T20:18:48Z,FIXED the education modal to show up on all preference pages.,https://github.com/BCStudentSoftwareDevTeam/cas/commit/9e5a4ef46861087fbebc850414953120875592dc
cas,1ac5a5594826c3c73c50457b0966b1deef24ac09,Aleksandra Cvetanovska,,Aleksandra Cvetanovska,2018-09-11T20:25:36Z,Fixed edge cases on room disabling,https://github.com/BCStudentSoftwareDevTeam/cas/commit/1ac5a5594826c3c73c50457b0966b1deef24ac09
cas,649564fe78d48448dbc6fe4ce3a2efb9d1b6d63a,Sher Sanginov,,Sher Sanginov,2018-09-11T20:16:03Z,Add crosslisted courses feature when creating/editing courses,https://github.com/BCStudentSoftwareDevTeam/cas/commit/649564fe78d48448dbc6fe4ce3a2efb9d1b6d63a
cas,024f466c5d10e29344817f4275fd485bacf01f0e,awyoonis,,awyoonis,2018-09-11T20:00:00Z,fixed disabling the selected rooms,https://github.com/BCStudentSoftwareDevTeam/cas/commit/024f466c5d10e29344817f4275fd485bacf01f0e
cas,f8521057d0708ada719143434fb7f3605164a515,awyoonis,,awyoonis,2018-09-11T19:35:03Z,cleaned the code and deleted som irrelevent code,https://github.com/BCStudentSoftwareDevTeam/cas/commit/f8521057d0708ada719143434fb7f3605164a515
cas,8fd736cbad6b13ebf2cbbcc781ac96b9155d2ea7,awyoonis,,awyoonis,2018-09-11T18:36:13Z,we fixed disabling the rooms and updating notes for the prefences,https://github.com/BCStudentSoftwareDevTeam/cas/commit/8fd736cbad6b13ebf2cbbcc781ac96b9155d2ea7
cas,2e43af3f442a1931d18e540d2c293db18cd63615,wgs1862019,User,wgs1862019,2018-09-10T17:58:49Z,Got room # to show up,https://github.com/BCStudentSoftwareDevTeam/cas/commit/2e43af3f442a1931d18e540d2c293db18cd63615
cas,32ede599c5832b47e39de4ecf5ab4b656d704179,Sher Sanginov,,Sher Sanginov,2018-09-08T21:03:08Z,adding crosslisted course features while creating a course is implemented,https://github.com/BCStudentSoftwareDevTeam/cas/commit/32ede599c5832b47e39de4ecf5ab4b656d704179
cas,3e9987eee125a93555366e945c5560903fa829d7,nelsonkenny,User,nelsonkenny,2018-09-07T23:48:25Z,"Fixed update attribute issue. Need to look at why the reverse functions are not working properlyy

]",https://github.com/BCStudentSoftwareDevTeam/cas/commit/3e9987eee125a93555366e945c5560903fa829d7
cas,1e274803d3f79c9429725a60070f5ee874a4c91a,wgs1862019,User,wgs1862019,2018-09-07T19:35:32Z,Changed the accordion for the each room information into a panel,https://github.com/BCStudentSoftwareDevTeam/cas/commit/1e274803d3f79c9429725a60070f5ee874a4c91a
cas,3a532982e52b0308390bfe08a1ba644608c08fbc,wgs1862019,User,wgs1862019,2018-09-07T17:56:53Z,Pushing so others may work,https://github.com/BCStudentSoftwareDevTeam/cas/commit/3a532982e52b0308390bfe08a1ba644608c08fbc
cas,351f036837a7be191624a6e8b968905686541dc6,Sher Sanginov,,Sher Sanginov,2018-09-06T21:41:55Z,crosslist data flow through forms added,https://github.com/BCStudentSoftwareDevTeam/cas/commit/351f036837a7be191624a6e8b968905686541dc6
cas,21475ea159e68817a5fb4756ff5701fd99f30282,Aleksandra Cvetanovska,,Aleksandra Cvetanovska,2018-09-05T21:51:12Z,FIXED: notes are being updated when user changes a room,https://github.com/BCStudentSoftwareDevTeam/cas/commit/21475ea159e68817a5fb4756ff5701fd99f30282
cas,f7f6525b75db7e6739c9c9ac8340acea8cf5ef5e,Aleksandra Cvetanovska,,Aleksandra Cvetanovska,2018-09-05T13:46:00Z,"Making sure that if the user chooses one of the special options, they can't choose other preferences",https://github.com/BCStudentSoftwareDevTeam/cas/commit/f7f6525b75db7e6739c9c9ac8340acea8cf5ef5e
cas,920713759c5769a5ca50acb1822987d2cbcf7056,Aleksandra Cvetanovska,,Aleksandra Cvetanovska,2018-09-05T13:39:10Z,Fixing merge conflicts.,https://github.com/BCStudentSoftwareDevTeam/cas/commit/920713759c5769a5ca50acb1822987d2cbcf7056
cas,a0617e0e2d16cdebc28d93824688758022254e18,Aleksandra Cvetanovska,,Aleksandra Cvetanovska,2018-09-05T13:36:52Z,The No Other Rooms Work option was not working correctly.,https://github.com/BCStudentSoftwareDevTeam/cas/commit/a0617e0e2d16cdebc28d93824688758022254e18
cas,40587422e55ca7e13f6443c0eb28904ae52fea5c,Chauwaj,User,Chauwaj,2018-09-04T23:28:14Z,changed model according to suggestion and ordered elements on course page,https://github.com/BCStudentSoftwareDevTeam/cas/commit/40587422e55ca7e13f6443c0eb28904ae52fea5c
cas,7a842fb0852b9de5936eab2eb41f7785a3118357,nelsonkenny,User,nelsonkenny,2018-09-04T22:48:14Z,Terms are now loaded with appropriate states colored,https://github.com/BCStudentSoftwareDevTeam/cas/commit/7a842fb0852b9de5936eab2eb41f7785a3118357
cas,a8c9ee7c29aca9676fcd57cb3f74c05ed540f772,nelsonkenny,User,nelsonkenny,2018-09-04T21:27:20Z,Working on loading states to term,https://github.com/BCStudentSoftwareDevTeam/cas/commit/a8c9ee7c29aca9676fcd57cb3f74c05ed540f772
cas,09e6ece9c34eea42704da54c4191494c44c565fc,awyoonis,,awyoonis,2018-09-03T23:46:47Z,we hide the preferences when they are not selected yet,https://github.com/BCStudentSoftwareDevTeam/cas/commit/09e6ece9c34eea42704da54c4191494c44c565fc
cas,a3dc635a0944cb339e701e09987a07041855cc3e,wgs1862019,User,wgs1862019,2018-09-03T21:25:01Z,Refactoring due to paper prototype...kind of,https://github.com/BCStudentSoftwareDevTeam/cas/commit/a3dc635a0944cb339e701e09987a07041855cc3e
cas,721aa4f8f5995af5045d7ba28fadb29fada78fbf,Sher Sanginov,,Sher Sanginov,2018-09-03T20:32:46Z,create course remove room textbox,https://github.com/BCStudentSoftwareDevTeam/cas/commit/721aa4f8f5995af5045d7ba28fadb29fada78fbf
cas,44c47c52325f8ab4f5a7675ad3a26711fef4e56e,Sher Sanginov,,Sher Sanginov,2018-09-03T20:03:24Z,changed crosslisted from Boolean to list of BannerCourses,https://github.com/BCStudentSoftwareDevTeam/cas/commit/44c47c52325f8ab4f5a7675ad3a26711fef4e56e
cas,4e8f47d368a4fe02aab7911cb57d2e4ec402e60a,wgs1862019,User,wgs1862019,2018-09-03T19:26:20Z,Added elements to page,https://github.com/BCStudentSoftwareDevTeam/cas/commit/4e8f47d368a4fe02aab7911cb57d2e4ec402e60a
cas,80d45118aedd7f63d192f2f508f52d3a0b34b5ae,wgs1862019,User,wgs1862019,2018-09-03T15:10:30Z,Moved Building Manager to top of admin menu,https://github.com/BCStudentSoftwareDevTeam/cas/commit/80d45118aedd7f63d192f2f508f52d3a0b34b5ae
cas,68adc5bd8462fc2aed4c618b5dc43b2f9c0671a4,Aleksandra Cvetanovska,,Aleksandra Cvetanovska,2018-09-03T13:50:22Z,FIXED: merge conflicts,https://github.com/BCStudentSoftwareDevTeam/cas/commit/68adc5bd8462fc2aed4c618b5dc43b2f9c0671a4
cas,371824d6f96e56bf1930cb0b95c7d42b11308b65,Aleksandra Cvetanovska,,Aleksandra Cvetanovska,2018-09-03T12:54:23Z,FIXED: room preferences are disabled until the user chooses them. Also the buttons work correctly.,https://github.com/BCStudentSoftwareDevTeam/cas/commit/371824d6f96e56bf1930cb0b95c7d42b11308b65
cas,e78013a56a6f38eade219cee623c93d9ebba6bdd,awyoonis,,awyoonis,2018-08-30T18:52:30Z,figured how to give values to each options in the preferences,https://github.com/BCStudentSoftwareDevTeam/cas/commit/e78013a56a6f38eade219cee623c93d9ebba6bdd
cas,7b53b1263847bafc1509c010696d1dab628dcaab,Aleksandra Cvetanovska,,Aleksandra Cvetanovska,2018-08-29T20:33:27Z,Fixing merge conflicts.,https://github.com/BCStudentSoftwareDevTeam/cas/commit/7b53b1263847bafc1509c010696d1dab628dcaab
cas,b224b9b0478583e8bc23671d401c1ae07e40384b,Aleksandra Cvetanovska,,Aleksandra Cvetanovska,2018-08-29T20:29:49Z,worked on issu#264,https://github.com/BCStudentSoftwareDevTeam/cas/commit/b224b9b0478583e8bc23671d401c1ae07e40384b
cas,e207693e4f69354f5d99c7ef2a418c4287a2e907,wgs1862019,User,wgs1862019,2018-08-29T17:49:28Z,Fixed 404 error,https://github.com/BCStudentSoftwareDevTeam/cas/commit/e207693e4f69354f5d99c7ef2a418c4287a2e907
cas,c9cd7a28e34822e174696b952a1ecdb0ec16c9b8,wgs1862019,User,wgs1862019,2018-08-28T20:23:18Z,Setup for Building Management page,https://github.com/BCStudentSoftwareDevTeam/cas/commit/c9cd7a28e34822e174696b952a1ecdb0ec16c9b8
cas,a85275e81adf45288812f9f8fc027533fd380427,awyoonis,,awyoonis,2018-08-24T22:35:21Z, changed educationTech file,https://github.com/BCStudentSoftwareDevTeam/cas/commit/a85275e81adf45288812f9f8fc027533fd380427
cas,59ac4075478851982d8a2b46debd6e7b31060485,awyoonis,,awyoonis,2018-08-23T20:21:44Z, solve activate the buttons,https://github.com/BCStudentSoftwareDevTeam/cas/commit/59ac4075478851982d8a2b46debd6e7b31060485
cas,2bdd10caa6a54efe56e50931005f8bf7a210e6d6,awyoonis,,awyoonis,2018-08-23T19:12:29Z,trying to activate the preference buttons,https://github.com/BCStudentSoftwareDevTeam/cas/commit/2bdd10caa6a54efe56e50931005f8bf7a210e6d6
cas,dae0eb311f9a4851982115b7b48acbafa69373f2,awyoonis,,awyoonis,2018-08-23T16:40:06Z,roompreference.js file has been change,https://github.com/BCStudentSoftwareDevTeam/cas/commit/dae0eb311f9a4851982115b7b48acbafa69373f2
cas,8a247e59e5e34623271fde852139764e13914590,awyoonis,,awyoonis,2018-08-14T21:21:43Z,"Cleaned the file, removed unnecessary commented lines and added relevant comments",https://github.com/BCStudentSoftwareDevTeam/cas/commit/8a247e59e5e34623271fde852139764e13914590
cas,6d3f9c1b711aa4a1678845fc44dce7250913d2df,awyoonis,,awyoonis,2018-08-14T18:56:04Z,none_Choice saves to database. Notes work on reload for ALL cases,https://github.com/BCStudentSoftwareDevTeam/cas/commit/6d3f9c1b711aa4a1678845fc44dce7250913d2df
cas,a83c0cce917708742849a719b5dbe070026169fa,awyoonis,,awyoonis,2018-08-14T17:12:33Z,Got new case (7) for preference selection covered in notes column,https://github.com/BCStudentSoftwareDevTeam/cas/commit/a83c0cce917708742849a719b5dbe070026169fa
cas,e3579803d9e73430482eba761adf93ab80ce7a52,awyoonis,,awyoonis,2018-08-14T16:01:48Z,"none_choice populating in dropdown and rdetails not showing up, but select button IS",https://github.com/BCStudentSoftwareDevTeam/cas/commit/e3579803d9e73430482eba761adf93ab80ce7a52
cas,da7be0462e296b00475bab0f1e68bc0e31ab76ae,awyoonis,,awyoonis,2018-08-14T15:40:56Z,No Other Rooms Work language changing as appropriate,https://github.com/BCStudentSoftwareDevTeam/cas/commit/da7be0462e296b00475bab0f1e68bc0e31ab76ae
cas,e63218376e4c2600284a9c3d030aa4cc269485c5,awyoonis,,awyoonis,2018-08-14T15:17:17Z,Added an S and the Word Selection to titles for User clarity and continuity throughout CAS,https://github.com/BCStudentSoftwareDevTeam/cas/commit/e63218376e4c2600284a9c3d030aa4cc269485c5
cas,4c4f883b4115274cdd7e47ce2e75eb0e1f13e66a,awyoonis,,awyoonis,2018-08-14T14:37:18Z,Any rooms worm is saving to database,https://github.com/BCStudentSoftwareDevTeam/cas/commit/4c4f883b4115274cdd7e47ce2e75eb0e1f13e66a
cas,8ff643e81c54a3a827b8de692055571c2ffa21af,awyoonis,,awyoonis,2018-08-13T20:58:09Z,Replacing the note-instruction text with the right room values and text depeding on preferece value,https://github.com/BCStudentSoftwareDevTeam/cas/commit/8ff643e81c54a3a827b8de692055571c2ffa21af
cas,95bac668b2f70f0239d8c61c2a173822569a36e6,awyoonis,,awyoonis,2018-08-10T20:44:48Z,Added the functions for the note instructions,https://github.com/BCStudentSoftwareDevTeam/cas/commit/95bac668b2f70f0239d8c61c2a173822569a36e6
cas,bedd11c9dca2e75dd2125d260b0790ec4689ff2b,awyoonis,,awyoonis,2018-08-10T18:54:38Z,"Added notes column, fixed 'find and replace' errors. Codeworks right now",https://github.com/BCStudentSoftwareDevTeam/cas/commit/bedd11c9dca2e75dd2125d260b0790ec4689ff2b
cas,8cd7104569b2b7263ad91f93dc084e12a0d8663e,awyoonis,,awyoonis,2018-08-10T17:09:05Z,Storing changes for models change,https://github.com/BCStudentSoftwareDevTeam/cas/commit/8cd7104569b2b7263ad91f93dc084e12a0d8663e
cas,a7a17ee8ff7647006445bb418be7c826d8c398c5,awyoonis,,awyoonis,2018-08-10T00:42:24Z,made some changes roompreference.html and js,https://github.com/BCStudentSoftwareDevTeam/cas/commit/a7a17ee8ff7647006445bb418be7c826d8c398c5
cas,42c90527e4439d93767cdd39b7407ff898a14703,awyoonis,,awyoonis,2018-08-09T16:15:55Z,"Any rooms work does not make the details show up, but if there is a room value, it shows up!",https://github.com/BCStudentSoftwareDevTeam/cas/commit/42c90527e4439d93767cdd39b7407ff898a14703
cas,a062b7ff903ff50afd5e31e775133e2d5c80221f,awyoonis,,awyoonis,2018-08-09T14:29:24Z,Added 4th button to mdodal,https://github.com/BCStudentSoftwareDevTeam/cas/commit/a062b7ff903ff50afd5e31e775133e2d5c80221f
cas,96e71d7b36dc28d244d2757be2e599aac7c5f55c,awyoonis,,awyoonis,2018-08-09T03:00:06Z,some changes in roompreference.html file,https://github.com/BCStudentSoftwareDevTeam/cas/commit/96e71d7b36dc28d244d2757be2e599aac7c5f55c
cas,e70826a1261f7807d76af17e575837b7ae592a3d,awyoonis,,awyoonis,2018-08-08T20:01:11Z,Added documentation,https://github.com/BCStudentSoftwareDevTeam/cas/commit/e70826a1261f7807d76af17e575837b7ae592a3d
cas,57baad22f14b40a2bf244383b2cc422a30da1e73,awyoonis,,awyoonis,2018-08-08T19:59:04Z,"Modal fading, going to next preference, and disabling no other rooms work in dropdown on first pref",https://github.com/BCStudentSoftwareDevTeam/cas/commit/57baad22f14b40a2bf244383b2cc422a30da1e73
cas,478430b1d25e4bfea0194ace8171135ea6cb607c,awyoonis,,awyoonis,2018-08-07T20:04:24Z, finished refactoring the code using global variables.,https://github.com/BCStudentSoftwareDevTeam/cas/commit/478430b1d25e4bfea0194ace8171135ea6cb607c
cas,8285c00a33b5f994b4319389d8d292e8befd810d,awyoonis,,awyoonis,2018-08-06T20:03:02Z,Added the global variables and started refactoring the functions.,https://github.com/BCStudentSoftwareDevTeam/cas/commit/8285c00a33b5f994b4319389d8d292e8befd810d
cas,c980b45d296f0f6800dcc3463c403a98e32f5cac,myersCody,User,myersCody,2018-08-06T14:58:29Z,Added some additional notes to room_assignment.py,https://github.com/BCStudentSoftwareDevTeam/cas/commit/c980b45d296f0f6800dcc3463c403a98e32f5cac
cas,21e714eaa8291ef52f259d5958d623e1b87864df,grrdsoto,User,grrdsoto,2018-08-03T18:53:30Z,Saving changes for last day so it can be pulled down later.,https://github.com/BCStudentSoftwareDevTeam/cas/commit/21e714eaa8291ef52f259d5958d623e1b87864df
cas,759e6263ca89475615040650f0f847ad647b93ff,OtienoAnne,User,OtienoAnne,2018-08-03T16:09:09Z,Added comments to the files and commented out unimportant ones,https://github.com/BCStudentSoftwareDevTeam/cas/commit/759e6263ca89475615040650f0f847ad647b93ff
cas,616eac03bf8870b212ff803e04dde87fb37452c0,awyoonis,,awyoonis,2018-08-03T15:11:40Z,salved some merge conglicts,https://github.com/BCStudentSoftwareDevTeam/cas/commit/616eac03bf8870b212ff803e04dde87fb37452c0
cas,a2eec02d7d175d9747cd889245ac0aa84035eac0,grrdsoto,User,grrdsoto,2018-08-03T14:19:32Z,qxX,https://github.com/BCStudentSoftwareDevTeam/cas/commit/a2eec02d7d175d9747cd889245ac0aa84035eac0
cas,1f7104028821426e33b7489f18635a49948b50ab,OtienoAnne,User,OtienoAnne,2018-08-03T14:18:44Z,Corrected the merge conflict,https://github.com/BCStudentSoftwareDevTeam/cas/commit/1f7104028821426e33b7489f18635a49948b50ab
cas,81006dcc5e97dbb588a96841fded09fa1676a305,OtienoAnne,User,OtienoAnne,2018-08-03T14:13:13Z,Fixed adding admin,https://github.com/BCStudentSoftwareDevTeam/cas/commit/81006dcc5e97dbb588a96841fded09fa1676a305
cas,186bb68eb380f5609d3c7c298d9ff256f7ddc6c8,OtienoAnne,User,OtienoAnne,2018-08-03T13:20:37Z,temporary saving the changes,https://github.com/BCStudentSoftwareDevTeam/cas/commit/186bb68eb380f5609d3c7c298d9ff256f7ddc6c8
cas,2a34c878f8ffaab7acac0ba6d37075e65467b47e,awyoonis,,awyoonis,2018-08-03T13:15:21Z,changed roompreference.js and roompreference.html files  to fix the buttons on the note modal and functionality,https://github.com/BCStudentSoftwareDevTeam/cas/commit/2a34c878f8ffaab7acac0ba6d37075e65467b47e
cas,b760affa3130d72295f7869c27d31161dcf74fb2,OtienoAnne,User,OtienoAnne,2018-08-02T20:22:24Z,'Managed to collapse and expand on the panels for each term appropriately when you jump between terms without closing teh others,https://github.com/BCStudentSoftwareDevTeam/cas/commit/b760affa3130d72295f7869c27d31161dcf74fb2
cas,710623749bb30e50e5ad6c1fbc969e7d0b23534b,grrdsoto,User,grrdsoto,2018-08-02T19:40:22Z,styled roompreferences and added educationTech.html,https://github.com/BCStudentSoftwareDevTeam/cas/commit/710623749bb30e50e5ad6c1fbc969e7d0b23534b
cas,3e4351cf90e87eb66f24b4308ab3d0e1ef6f5ff1,awyoonis,,awyoonis,2018-08-02T16:23:46Z,"closed the hidden row, whenever the user hits save on the notes modal",https://github.com/BCStudentSoftwareDevTeam/cas/commit/3e4351cf90e87eb66f24b4308ab3d0e1ef6f5ff1
cas,77477e6a884ad2fe6e8c8337e0e4fb4dcd8034b6,grrdsoto,User,grrdsoto,2018-08-02T15:34:57Z,Got redirect button working properly,https://github.com/BCStudentSoftwareDevTeam/cas/commit/77477e6a884ad2fe6e8c8337e0e4fb4dcd8034b6
cas,8e3439ce08746a371f58f2e066cf3aecb2144d72,awyoonis,,awyoonis,2018-08-02T15:00:32Z,combining Scott + Jamal+ Hamza,https://github.com/BCStudentSoftwareDevTeam/cas/commit/8e3439ce08746a371f58f2e066cf3aecb2144d72
cas,57ee172b8959fa4366aa1c81018494a0ff56a0df,awyoonis,,awyoonis,2018-08-02T14:16:15Z,Need to finish saving jamal & hamza's work,https://github.com/BCStudentSoftwareDevTeam/cas/commit/57ee172b8959fa4366aa1c81018494a0ff56a0df
cas,c8b4162cb64a4fe9804416a718c96bd8527c1012,grrdsoto,User,grrdsoto,2018-08-02T14:03:08Z,Got modal populating correctly,https://github.com/BCStudentSoftwareDevTeam/cas/commit/c8b4162cb64a4fe9804416a718c96bd8527c1012
cas,d18a7e72946a08c65eae464c5c49ff9a6a34cdf6,OtienoAnne,User,OtienoAnne,2018-08-01T20:54:28Z,"Brought the system back to its functionality, enbaled and disbaled the buttons on the page when necessary.",https://github.com/BCStudentSoftwareDevTeam/cas/commit/d18a7e72946a08c65eae464c5c49ff9a6a34cdf6
cas,57cc15fbf655817885412a163c971205975f3498,grrdsoto,User,grrdsoto,2018-08-01T19:17:38Z,cleaned up js code for replacement button in modal,https://github.com/BCStudentSoftwareDevTeam/cas/commit/57cc15fbf655817885412a163c971205975f3498
cas,369a2f036275893611d0a27e36d7a5293557a827,grrdsoto,User,grrdsoto,2018-08-01T18:58:47Z,Got button showing when theres no course in room,https://github.com/BCStudentSoftwareDevTeam/cas/commit/369a2f036275893611d0a27e36d7a5293557a827
cas,0dc6a5639aa8688103043d21ef97b8271095d634,awyoonis,,awyoonis,2018-08-01T18:35:53Z,added changes to the note modal,https://github.com/BCStudentSoftwareDevTeam/cas/commit/0dc6a5639aa8688103043d21ef97b8271095d634
cas,add151ab18c42d50fef1a1ce36017f14577fd0f7,awyoonis,,awyoonis,2018-08-01T18:21:14Z,solve conflict after Scott added new stuff to our branch,https://github.com/BCStudentSoftwareDevTeam/cas/commit/add151ab18c42d50fef1a1ce36017f14577fd0f7
cas,a3b4dca9d31d3f767b4e43ab0402cc2979076801,awyoonis,,awyoonis,2018-08-01T18:16:22Z,"Made some changes in roompreference.js, roompreference.py and roompreferemce.html",https://github.com/BCStudentSoftwareDevTeam/cas/commit/a3b4dca9d31d3f767b4e43ab0402cc2979076801
cas,43d809c91a55bd4426561a22a7a75c1ea3f5f177,sheggen,User,sheggen,2018-08-01T17:09:36Z,"Made the modal appear on each row, instead of at bottom of table. One FIXME left for you two",https://github.com/BCStudentSoftwareDevTeam/cas/commit/43d809c91a55bd4426561a22a7a75c1ea3f5f177
cas,56107c650b11b7a1311f1eab3ace96090af05827,sheggen,User,sheggen,2018-08-01T13:57:04Z,saving progress on moving modal into each row,https://github.com/BCStudentSoftwareDevTeam/cas/commit/56107c650b11b7a1311f1eab3ace96090af05827
cas,0a305925ff4c5e31ff77c67899ac2aa73cdd3031,OtienoAnne,User,OtienoAnne,2018-07-31T20:36:48Z,Modified our files by making it more dynamic.,https://github.com/BCStudentSoftwareDevTeam/cas/commit/0a305925ff4c5e31ff77c67899ac2aa73cdd3031
cas,93ab082159cdf0f41ab1fd86e244c34d44ede223,awyoonis,,awyoonis,2018-07-31T19:39:24Z,just save the roompreference.html file,https://github.com/BCStudentSoftwareDevTeam/cas/commit/93ab082159cdf0f41ab1fd86e244c34d44ede223
cas,3cb8fcecc9e58d97773413afcc9b92496330cef2,awyoonis,,awyoonis,2018-07-31T19:38:15Z,Merge branch 'development' into jamal_basanta,https://github.com/BCStudentSoftwareDevTeam/cas/commit/3cb8fcecc9e58d97773413afcc9b92496330cef2
cas,2222de282aa04b438cabd12a78ed3e850173428c,awyoonis,,awyoonis,2018-07-31T19:37:24Z,Merge branch 'development' of https://bitbucket.org/sheggen/cas-flask into development,https://github.com/BCStudentSoftwareDevTeam/cas/commit/2222de282aa04b438cabd12a78ed3e850173428c
cas,785deea85884a25a140fadfd92904f2642cd31de,awyoonis,,awyoonis,2018-07-31T19:33:05Z,we created snip file to share files with other groups,https://github.com/BCStudentSoftwareDevTeam/cas/commit/785deea85884a25a140fadfd92904f2642cd31de
cas,e451caf31aa4837ff3dfb577f6ca2c538aa82d23,awyoonis,,awyoonis,2018-07-31T19:31:56Z,we added new model for the notes and also made some changes in js file,https://github.com/BCStudentSoftwareDevTeam/cas/commit/e451caf31aa4837ff3dfb577f6ca2c538aa82d23
cas,a7d95be9bcd3f0bc5825876ff375b03241b10295,grrdsoto,User,grrdsoto,2018-07-31T15:30:52Z,Sorted available rooms by building instead of number,https://github.com/BCStudentSoftwareDevTeam/cas/commit/a7d95be9bcd3f0bc5825876ff375b03241b10295
cas,5679d46d5b489a097ec7aea37a5c523d07e400fd,grrdsoto,User,grrdsoto,2018-07-30T18:58:31Z,Assign button stays at the bottom regardless of whether or not there is a conflicting course,https://github.com/BCStudentSoftwareDevTeam/cas/commit/5679d46d5b489a097ec7aea37a5c523d07e400fd
cas,c86c31e869f8fb77dd361b9fa791481ca0494a37,OtienoAnne,User,OtienoAnne,2018-07-30T17:56:51Z,Worked on all the issues outlined on the pull request.,https://github.com/BCStudentSoftwareDevTeam/cas/commit/c86c31e869f8fb77dd361b9fa791481ca0494a37
cas,74cb02731e179a2a8c7f40cf9da9d675777aa5fd,grrdsoto,User,grrdsoto,2018-07-30T15:49:31Z,made changes to the preferences tabs. now shows information in columns,https://github.com/BCStudentSoftwareDevTeam/cas/commit/74cb02731e179a2a8c7f40cf9da9d675777aa5fd
cas,cd78863389f557f5d66df740c3db587ecc691516,OtienoAnne,User,OtienoAnne,2018-07-26T15:09:32Z,fixed the duplication of data in the database,https://github.com/BCStudentSoftwareDevTeam/cas/commit/cd78863389f557f5d66df740c3db587ecc691516
cas,937319665cabf1fc194aa7dfd3dd48cb5acee898,OtienoAnne,User,OtienoAnne,2018-07-25T20:41:55Z,Complted locking and changing color of all the buttons in order.,https://github.com/BCStudentSoftwareDevTeam/cas/commit/937319665cabf1fc194aa7dfd3dd48cb5acee898
cas,b6ff7a6cc5f23713c5c2e82b6cbc99f55c3de227,OtienoAnne,User,OtienoAnne,2018-07-24T19:48:00Z,Worked on locking and changing color of done processes.,https://github.com/BCStudentSoftwareDevTeam/cas/commit/b6ff7a6cc5f23713c5c2e82b6cbc99f55c3de227
cas,9dc1f09fb9b48e32938ec4feaedf361c2127020c,grrdsoto,User,grrdsoto,2018-07-24T17:42:23Z,Showing all room data in tabs,https://github.com/BCStudentSoftwareDevTeam/cas/commit/9dc1f09fb9b48e32938ec4feaedf361c2127020c
cas,9d8c048e8af025f64328f622f7e74086f16a0c02,Sarah Watts,,sheggen,2018-07-24T16:53:51Z,"Merged in checklist (pull request #118)

Checklist",https://github.com/BCStudentSoftwareDevTeam/cas/commit/9d8c048e8af025f64328f622f7e74086f16a0c02
cas,c85787ff1ef82805066865eb2b53f30598001276,Sarah Watts,,Sarah Watts,2018-07-24T15:23:32Z,Fixed a link,https://github.com/BCStudentSoftwareDevTeam/cas/commit/c85787ff1ef82805066865eb2b53f30598001276
cas,3f7975f8aad17f7f39e251c7fdb6073778b7d31d,Sarah Watts,,Sarah Watts,2018-07-24T15:21:25Z,Fixed heading and links,https://github.com/BCStudentSoftwareDevTeam/cas/commit/3f7975f8aad17f7f39e251c7fdb6073778b7d31d
cas,02273f4c2b4125398d419a289334c7824053b52e,Sarah Watts,,Sarah Watts,2018-07-24T15:16:18Z,Finsihed adding Expert Checklist with markup.,https://github.com/BCStudentSoftwareDevTeam/cas/commit/02273f4c2b4125398d419a289334c7824053b52e
cas,2145dc040e8d1c3f99647c7c6b82ea4b2cfb4d5c,Sarah Watts,,Sarah Watts,2018-07-24T15:07:42Z,"Finished adding Intermediate checklist, beginning to add Expert.",https://github.com/BCStudentSoftwareDevTeam/cas/commit/2145dc040e8d1c3f99647c7c6b82ea4b2cfb4d5c
cas,3c1ba2f67be97755ad3f91179616fe230513f60b,grrdsoto,User,grrdsoto,2018-07-24T15:02:15Z,Now filters available rooms by capacity.Got pref 2 and 3's conflicts working.,https://github.com/BCStudentSoftwareDevTeam/cas/commit/3c1ba2f67be97755ad3f91179616fe230513f60b
cas,40ab48ed4c0deea332d1f980d4a0494a12dc886b,Sarah Watts,,Sarah Watts,2018-07-24T14:59:36Z,Finished adding beginner checklist started on intermediate,https://github.com/BCStudentSoftwareDevTeam/cas/commit/40ab48ed4c0deea332d1f980d4a0494a12dc886b
cas,3c5e503a86b951793ef6ec58a6730475ee9b44a3,Sarah Watts,,Sarah Watts,2018-07-24T14:41:54Z,Adding beginner portion of checklist.,https://github.com/BCStudentSoftwareDevTeam/cas/commit/3c5e503a86b951793ef6ec58a6730475ee9b44a3
cas,e2692f9e6bfb0f13b79cc5476ae8c92cf1be4f23,Sarah Watts,,Sarah Watts,2018-07-24T14:32:36Z,Almost there,https://github.com/BCStudentSoftwareDevTeam/cas/commit/e2692f9e6bfb0f13b79cc5476ae8c92cf1be4f23
cas,39998e1b2850a9bd35899690ab97e89e28728204,Sarah Watts,,Sarah Watts,2018-07-24T14:30:22Z,May have got the lists to look right.,https://github.com/BCStudentSoftwareDevTeam/cas/commit/39998e1b2850a9bd35899690ab97e89e28728204
cas,7ea5ef70e4752cbe1956d13baeb0677e4ea96c8b,Sarah Watts,,Sarah Watts,2018-07-24T14:26:59Z,lists just trying to get lists.,https://github.com/BCStudentSoftwareDevTeam/cas/commit/7ea5ef70e4752cbe1956d13baeb0677e4ea96c8b
cas,b3c4da54c7c60d9ed5a3dbf969d5d2b0323a7632,Sarah Watts,,Sarah Watts,2018-07-24T14:22:57Z,Trying to get the lists to work,https://github.com/BCStudentSoftwareDevTeam/cas/commit/b3c4da54c7c60d9ed5a3dbf969d5d2b0323a7632
cas,16535a0d9fbbf11e48ffb5c3d81894e45834f815,Sarah Watts,,Sarah Watts,2018-07-24T14:21:14Z,lists,https://github.com/BCStudentSoftwareDevTeam/cas/commit/16535a0d9fbbf11e48ffb5c3d81894e45834f815
cas,49189f3c7a7efd5586bc2c20ea719be9c94fc706,Sarah Watts,,Sarah Watts,2018-07-24T14:19:47Z,Spacing and lists,https://github.com/BCStudentSoftwareDevTeam/cas/commit/49189f3c7a7efd5586bc2c20ea719be9c94fc706
cas,f962fe1774ab4f2c4f712bf24ee69a09faf8a751,Sarah Watts,,Sarah Watts,2018-07-24T14:15:16Z,Fixing lists,https://github.com/BCStudentSoftwareDevTeam/cas/commit/f962fe1774ab4f2c4f712bf24ee69a09faf8a751
cas,b4e325220ce14bb85d11366c09ee0ba8f4f96777,Sarah Watts,,Sarah Watts,2018-07-24T14:12:43Z,Added markdown,https://github.com/BCStudentSoftwareDevTeam/cas/commit/b4e325220ce14bb85d11366c09ee0ba8f4f96777
cas,e2f41af664408c1696d2035491b261dab7c660d1,Sarah Watts,,Sarah Watts,2018-07-24T14:09:19Z,Added markdown to aceesibility.md,https://github.com/BCStudentSoftwareDevTeam/cas/commit/e2f41af664408c1696d2035491b261dab7c660d1
cas,a09d529e42cc0c11903abe1f0705ea020dd4991f,grrdsoto,User,grrdsoto,2018-07-23T19:46:10Z,Redirect button is working. got accessibility to show up. while panel is clickable,https://github.com/BCStudentSoftwareDevTeam/cas/commit/a09d529e42cc0c11903abe1f0705ea020dd4991f
cas,f7aef864757ad4e8e11c2a25783feea51b6faf0d,grrdsoto,User,grrdsoto,2018-07-23T14:46:26Z,Got redirect button showing. Updated db for room accessibility,https://github.com/BCStudentSoftwareDevTeam/cas/commit/f7aef864757ad4e8e11c2a25783feea51b6faf0d
cas,608bb846d08438c687cb0b76fed66645bd2aba1a,awyoonis,,awyoonis,2018-07-20T19:47:48Z,fixed bugs in roompreference and added education tech dictionary,https://github.com/BCStudentSoftwareDevTeam/cas/commit/608bb846d08438c687cb0b76fed66645bd2aba1a
cas,3308573dce0cfebf9bb58871caa87ab9701ce333,grrdsoto,User,grrdsoto,2018-07-20T19:39:17Z,Added conditional so that course that already got a room assigned couldnt get reassigned if open on 2 different browsers.,https://github.com/BCStudentSoftwareDevTeam/cas/commit/3308573dce0cfebf9bb58871caa87ab9701ce333
cas,5a56d2638b966ecabac0a438251cc7a959c4ce5b,OtienoAnne,User,OtienoAnne,2018-07-20T19:21:54Z,Added the flow of process onclick of each key.,https://github.com/BCStudentSoftwareDevTeam/cas/commit/5a56d2638b966ecabac0a438251cc7a959c4ce5b
cas,930849ff9cdb1084c91175810e405334df558173,grrdsoto,User,grrdsoto,2018-07-20T14:22:58Z,GOT DAYS OF THE WEEK WORKINGgit add -Agit add -A,https://github.com/BCStudentSoftwareDevTeam/cas/commit/930849ff9cdb1084c91175810e405334df558173
cas,ec4a2b8e96405499597f1fb26a9cebb6bf3ea1e7,grrdsoto,User,grrdsoto,2018-07-20T13:29:33Z,Changed text box to readonly,https://github.com/BCStudentSoftwareDevTeam/cas/commit/ec4a2b8e96405499597f1fb26a9cebb6bf3ea1e7
cas,8ecfb8dfefb2bf7fadb535ee290e6020e77f6720,OtienoAnne,User,OtienoAnne,2018-07-19T19:51:17Z,Added all the buttons to the panels with styling,https://github.com/BCStudentSoftwareDevTeam/cas/commit/8ecfb8dfefb2bf7fadb535ee290e6020e77f6720
cas,9851e010c645b240ebc7091e90b4e8f34849d9d7,grrdsoto,User,grrdsoto,2018-07-19T19:49:07Z,"Got notes working, need to finish Days of the week query",https://github.com/BCStudentSoftwareDevTeam/cas/commit/9851e010c645b240ebc7091e90b4e8f34849d9d7
cas,cd9225d3aa1d63f5a19ab39dbea5c7b8750d4fa2,OtienoAnne,User,OtienoAnne,2018-07-19T15:00:29Z,Added the buttons to the panels.,https://github.com/BCStudentSoftwareDevTeam/cas/commit/cd9225d3aa1d63f5a19ab39dbea5c7b8750d4fa2
cas,517904206e297c3839d9702eaf44ae3dcc764624,awyoonis,,awyoonis,2018-07-19T14:28:35Z,linked data to the database. Fixed preferences selection by adding courses Id to access particular data points. Added other small details.,https://github.com/BCStudentSoftwareDevTeam/cas/commit/517904206e297c3839d9702eaf44ae3dcc764624
cas,29e00596cb9c0e14ac25c98392afcd44707641a6,OtienoAnne,User,OtienoAnne,2018-07-18T19:30:27Z,"Buttons populate now, working on colapse panels",https://github.com/BCStudentSoftwareDevTeam/cas/commit/29e00596cb9c0e14ac25c98392afcd44707641a6
cas,d0d90328be1687d08944de8312dd8203b28a6f50,grrdsoto,User,grrdsoto,2018-07-18T17:31:38Z,Fixed assign button functionality for available rooms and taken rooms.,https://github.com/BCStudentSoftwareDevTeam/cas/commit/d0d90328be1687d08944de8312dd8203b28a6f50
cas,1dadaccb4af2923dfd5c65740609891635e8f13d,grrdsoto,User,grrdsoto,2018-07-18T14:15:11Z,Fixed back button functionality,https://github.com/BCStudentSoftwareDevTeam/cas/commit/1dadaccb4af2923dfd5c65740609891635e8f13d
cas,d4883a2edb3b60a76bb1b9cd2bf8fbabfde90cf0,grrdsoto,User,grrdsoto,2018-07-17T19:49:44Z,"Added select term functionality for user, if statement for selectterm html for loading it on Room Resolution click from admin panel. Got assign course button functionality for all three preference tabs",https://github.com/BCStudentSoftwareDevTeam/cas/commit/d4883a2edb3b60a76bb1b9cd2bf8fbabfde90cf0
cas,dbec4256b1a432efa57452a9be2a849f354570fb,grrdsoto,User,grrdsoto,2018-07-17T16:24:33Z,Update DB for readability and for testing.,https://github.com/BCStudentSoftwareDevTeam/cas/commit/dbec4256b1a432efa57452a9be2a849f354570fb
cas,6673c308a087ec3bf956e3f4e56cc9a8b7a9da10,grrdsoto,User,grrdsoto,2018-07-16T20:18:56Z,"Dynamically creating tabs if preferences exist, and added more test cases",https://github.com/BCStudentSoftwareDevTeam/cas/commit/6673c308a087ec3bf956e3f4e56cc9a8b7a9da10
cas,317f61fcb30757c372e493c9063592c45844275c,grrdsoto,User,grrdsoto,2018-07-16T19:39:03Z,Fixed full_name issue,https://github.com/BCStudentSoftwareDevTeam/cas/commit/317f61fcb30757c372e493c9063592c45844275c
cas,0f778c8c8b83f619e1460d81ba74b292cc1b7768,grrdsoto,User,grrdsoto,2018-07-16T18:49:41Z,added dynamic functions to add the right data to the frontend,https://github.com/BCStudentSoftwareDevTeam/cas/commit/0f778c8c8b83f619e1460d81ba74b292cc1b7768
cas,e13b9151a6f2f33579f7733f6748e6f8552c09b1,grrdsoto,User,grrdsoto,2018-07-16T18:46:42Z,Added room conflicts for testing,https://github.com/BCStudentSoftwareDevTeam/cas/commit/e13b9151a6f2f33579f7733f6748e6f8552c09b1
cas,974d592b7e942377f1c8be56697e769f1846118f,grrdsoto,User,grrdsoto,2018-07-16T18:46:13Z,Preferences update with appropriate current occupants,https://github.com/BCStudentSoftwareDevTeam/cas/commit/974d592b7e942377f1c8be56697e769f1846118f
cas,d7a879d8c14b032ccad9ae2b3ce184c909f998fe,OtienoAnne,User,OtienoAnne,2018-07-16T15:47:44Z,"Finsihed all the styling, the UI is done! and only needs verification.",https://github.com/BCStudentSoftwareDevTeam/cas/commit/d7a879d8c14b032ccad9ae2b3ce184c909f998fe
cas,e8cb8fc37f49254c6e2049b22adc2e6a860817df,myersCody,User,myersCody,2018-07-16T15:13:10Z,Working on adding the algorithm to the new database,https://github.com/BCStudentSoftwareDevTeam/cas/commit/e8cb8fc37f49254c6e2049b22adc2e6a860817df
cas,d7133d5e0d9ff58840a295c7086125ad1e4a50e3,grrdsoto,User,grrdsoto,2018-07-13T19:15:47Z,Professors name shows up in unassigned course field on the left in RRView,https://github.com/BCStudentSoftwareDevTeam/cas/commit/d7133d5e0d9ff58840a295c7086125ad1e4a50e3
cas,8de63183bba64151f4885c713c965f6d86912b4b,OtienoAnne,User,OtienoAnne,2018-07-13T19:12:51Z,We finished all the fuctionality and did styling for the buttons.,https://github.com/BCStudentSoftwareDevTeam/cas/commit/8de63183bba64151f4885c713c965f6d86912b4b
cas,7bfafad115fc113cecd77a5f5784fb90bf01ac90,awyoonis,,awyoonis,2018-07-13T15:34:39Z,preference js file has been changed,https://github.com/BCStudentSoftwareDevTeam/cas/commit/7bfafad115fc113cecd77a5f5784fb90bf01ac90
cas,64aaa6ed594502a3415ebb2d5adeb73cef74ba91,awyoonis,,awyoonis,2018-07-13T13:39:20Z,minors,https://github.com/BCStudentSoftwareDevTeam/cas/commit/64aaa6ed594502a3415ebb2d5adeb73cef74ba91
cas,f6e9b6adb8fcc4418bf8634bf4fa431bff05c296,awyoonis,,awyoonis,2018-07-13T13:38:22Z,hamza made some changes,https://github.com/BCStudentSoftwareDevTeam/cas/commit/f6e9b6adb8fcc4418bf8634bf4fa431bff05c296
cas,9db494507624e91c43c3efe97e080f3a20345353,awyoonis,,awyoonis,2018-07-13T13:36:27Z,added made some changes in roompreference.hmtl file,https://github.com/BCStudentSoftwareDevTeam/cas/commit/9db494507624e91c43c3efe97e080f3a20345353
cas,eb09a17f3ebac5a47dc1ee2dac8663b300ef21b6,awyoonis,,awyoonis,2018-07-13T13:33:24Z,we changed js and html files,https://github.com/BCStudentSoftwareDevTeam/cas/commit/eb09a17f3ebac5a47dc1ee2dac8663b300ef21b6
cas,5e43a10c6bd953f501e2dd19e1ea7142474dd1d2,OtienoAnne,User,OtienoAnne,2018-07-12T20:18:47Z,Fixed the administration acess level to show the add and the remove button when selected.,https://github.com/BCStudentSoftwareDevTeam/cas/commit/5e43a10c6bd953f501e2dd19e1ea7142474dd1d2
cas,4788e7a86f8cba15b79e46c755b9da18cd1dd460,OtienoAnne,User,OtienoAnne,2018-07-12T18:22:06Z,Finished creating fuction to update data on the UI.,https://github.com/BCStudentSoftwareDevTeam/cas/commit/4788e7a86f8cba15b79e46c755b9da18cd1dd460
cas,e968b01fec9c994d4107808f8427cceec404212f,grrdsoto,User,grrdsoto,2018-07-12T17:22:24Z,allowed for model to update acccording to object selected in accordion in roomResolution.html,https://github.com/BCStudentSoftwareDevTeam/cas/commit/e968b01fec9c994d4107808f8427cceec404212f
cas,49087726a07022febaa6cf2f56a77cb0a8310ea8,grrdsoto,User,grrdsoto,2018-07-11T13:57:33Z,made several additions and modifications roomResolution.html and added assignRoom.py,https://github.com/BCStudentSoftwareDevTeam/cas/commit/49087726a07022febaa6cf2f56a77cb0a8310ea8
cas,fc2865953b44e3b84bc32e023d12455858f5dade,OtienoAnne,User,OtienoAnne,2018-07-10T18:02:49Z,Added functions js and modified py file to update data with html.,https://github.com/BCStudentSoftwareDevTeam/cas/commit/fc2865953b44e3b84bc32e023d12455858f5dade
cas,f53597de829bc0ecad140b3b05b4b79c2fcdb109,grrdsoto,User,grrdsoto,2018-07-09T15:17:56Z,added changes to roomresolutionview js and html,https://github.com/BCStudentSoftwareDevTeam/cas/commit/f53597de829bc0ecad140b3b05b4b79c2fcdb109
cas,045a2cd7447af0828d1e9df0023a2a5f49341dac,awyoonis,,awyoonis,2018-07-09T02:54:14Z,solved mergin conflicts,https://github.com/BCStudentSoftwareDevTeam/cas/commit/045a2cd7447af0828d1e9df0023a2a5f49341dac
cas,d2af83f539ecc387ae718571692a5a19ba8f1561,awyoonis,,awyoonis,2018-07-09T02:49:19Z,added new changess,https://github.com/BCStudentSoftwareDevTeam/cas/commit/d2af83f539ecc387ae718571692a5a19ba8f1561
cas,34693530f566bdc2bcf4c11c80175549007edc0d,awyoonis,,awyoonis,2018-07-06T22:09:42Z,commit before the monday demo,https://github.com/BCStudentSoftwareDevTeam/cas/commit/34693530f566bdc2bcf4c11c80175549007edc0d
cas,07cb3c8bef5a449b6afa2260e54f6cd4caa15f44,OtienoAnne,User,OtienoAnne,2018-07-06T20:15:12Z,Building manager remove bar populates but issue with building IDs i think.,https://github.com/BCStudentSoftwareDevTeam/cas/commit/07cb3c8bef5a449b6afa2260e54f6cd4caa15f44
cas,53fc9b8c4cbf8e2d83531378e1fe968e5c30ce91,grrdsoto,User,grrdsoto,2018-07-06T19:54:19Z,made changes to several files to get JS working,https://github.com/BCStudentSoftwareDevTeam/cas/commit/53fc9b8c4cbf8e2d83531378e1fe968e5c30ce91
cas,3d31127491f24835d8a29e0580f9dfd0562fd6a3,OtienoAnne,User,OtienoAnne,2018-07-06T19:06:19Z,Correct usermgmt.py,https://github.com/BCStudentSoftwareDevTeam/cas/commit/3d31127491f24835d8a29e0580f9dfd0562fd6a3
cas,0205b1d2617d39b5535da07672abe983a9c23cb9,OtienoAnne,User,OtienoAnne,2018-07-06T19:04:56Z,unstashing,https://github.com/BCStudentSoftwareDevTeam/cas/commit/0205b1d2617d39b5535da07672abe983a9c23cb9
cas,f5da45ca529ec6454156fb225ebb1e9ffdf41cb9,OtienoAnne,User,OtienoAnne,2018-07-06T18:51:54Z,"updates to databse,models,config,__init_ and added our appropriate js and conrtoller files",https://github.com/BCStudentSoftwareDevTeam/cas/commit/f5da45ca529ec6454156fb225ebb1e9ffdf41cb9
cas,53539a6548d481649a693b68c5b6c6c2ecf75c29,grrdsoto,User,grrdsoto,2018-07-06T15:45:03Z,fixed conflicts,https://github.com/BCStudentSoftwareDevTeam/cas/commit/53539a6548d481649a693b68c5b6c6c2ecf75c29
cas,51ed8a1f49b29afd9a8faef612562465ee0129e2,grrdsoto,User,grrdsoto,2018-07-06T15:39:42Z,Made changes that were commented on our pull request,https://github.com/BCStudentSoftwareDevTeam/cas/commit/51ed8a1f49b29afd9a8faef612562465ee0129e2
cas,f70dbb05905aa1433f5502208aad592f615e4ee4,Muhammad Hamza Khattak,,Cody Myers,2018-07-06T15:08:14Z,"Merged in soto_hamza_mod (pull request #116)

RoomResolution

Approved-by: Scott Heggen <heggens@berea.edu>
Approved-by: Cody Myers <myersco@berea.edu>",https://github.com/BCStudentSoftwareDevTeam/cas/commit/f70dbb05905aa1433f5502208aad592f615e4ee4
cas,9ef77b80265c23d65ed7f7ffcad09076780390b9,sheggen,User,sheggen,2018-07-06T14:15:09Z,removing redundant import,https://github.com/BCStudentSoftwareDevTeam/cas/commit/9ef77b80265c23d65ed7f7ffcad09076780390b9
cas,1e4d3ea2beb9aa039bfb5912a58af77a426c5368,grrdsoto,User,grrdsoto,2018-07-06T14:03:45Z,Removing a bad virtual environment from our commit history,https://github.com/BCStudentSoftwareDevTeam/cas/commit/1e4d3ea2beb9aa039bfb5912a58af77a426c5368
cas,36876fd2972c7ee8ea1a9a98952998d1de449bb0,grrdsoto,User,grrdsoto,2018-07-06T14:02:35Z,Added some dummy data,https://github.com/BCStudentSoftwareDevTeam/cas/commit/36876fd2972c7ee8ea1a9a98952998d1de449bb0
cas,42e65bd097714a3ac0a15a840d9509c698dbdf20,grrdsoto,User,grrdsoto,2018-07-06T14:01:58Z,Working on roomResolution,https://github.com/BCStudentSoftwareDevTeam/cas/commit/42e65bd097714a3ac0a15a840d9509c698dbdf20
cas,716f079963607ff92036e49ce3332186e489cf97,grrdsoto,User,grrdsoto,2018-07-06T14:01:03Z,Saving changes to models.py,https://github.com/BCStudentSoftwareDevTeam/cas/commit/716f079963607ff92036e49ce3332186e489cf97
cas,05753397e8de741640315b16d20fb025fabf24bc,grrdsoto,User,grrdsoto,2018-07-06T13:58:02Z,ignored a cloud9 file,https://github.com/BCStudentSoftwareDevTeam/cas/commit/05753397e8de741640315b16d20fb025fabf24bc
cas,809dd0005b5ac51597babc38e9f5379b3dd2312f,awyoonis,,awyoonis,2018-07-05T17:04:46Z,changes in roompreference.html,https://github.com/BCStudentSoftwareDevTeam/cas/commit/809dd0005b5ac51597babc38e9f5379b3dd2312f
cas,3bb491927eee796fc95a1095f532a18d776c8306,awyoonis,,awyoonis,2018-07-05T13:23:48Z,We added new js file,https://github.com/BCStudentSoftwareDevTeam/cas/commit/3bb491927eee796fc95a1095f532a18d776c8306
cas,22f2fca13aa81e0767c391ac3b167de8992b0a97,OtienoAnne,User,OtienoAnne,2018-07-03T19:50:23Z,Remove name working for Admins. Nothing else. Need Ajax for third working layer (Specific program/division/building before showing users,https://github.com/BCStudentSoftwareDevTeam/cas/commit/22f2fca13aa81e0767c391ac3b167de8992b0a97
cas,feba7d8dc565fdebe7c2436fda0c8c21963dead9,grrdsoto,User,grrdsoto,2018-07-03T19:40:34Z,made changes to html and updated create_db.py,https://github.com/BCStudentSoftwareDevTeam/cas/commit/feba7d8dc565fdebe7c2436fda0c8c21963dead9
cas,a0f1e3232d4aa45b3efaea583c32e94f8befc779,OtienoAnne,User,OtienoAnne,2018-07-03T18:52:35Z,Made Remove Dropdown update with whether user is an administrator or not,https://github.com/BCStudentSoftwareDevTeam/cas/commit/a0f1e3232d4aa45b3efaea583c32e94f8befc779
cas,cc557f5ea1e028ea61b8c7a93a15fdc0eeb26978,OtienoAnne,User,OtienoAnne,2018-07-03T17:45:26Z,Merge branch 'development' into usermgmt,https://github.com/BCStudentSoftwareDevTeam/cas/commit/cc557f5ea1e028ea61b8c7a93a15fdc0eeb26978
cas,02325e8f162ad3d4dc88c120acadd593194a56ab,OtienoAnne,User,OtienoAnne,2018-07-03T17:44:07Z,Temporary savings.,https://github.com/BCStudentSoftwareDevTeam/cas/commit/02325e8f162ad3d4dc88c120acadd593194a56ab
cas,c80be0642e3f79c02244095f977e1f8f07bc5183,awyoonis,,awyoonis,2018-07-03T17:39:42Z,terprary commit for diong pull,https://github.com/BCStudentSoftwareDevTeam/cas/commit/c80be0642e3f79c02244095f977e1f8f07bc5183
cas,3aa3eebc4f4d3428157e18ef4e2ea722d8b46419,grrdsoto,User,grrdsoto,2018-07-03T17:35:34Z,Merge branch 'development' into soto_hamza_mod,https://github.com/BCStudentSoftwareDevTeam/cas/commit/3aa3eebc4f4d3428157e18ef4e2ea722d8b46419
cas,6fe3c167a900a52b8bdfb6cc1014d3641507833c,grrdsoto,User,grrdsoto,2018-07-03T17:35:21Z,Merge branch 'development' of https://bitbucket.org/sheggen/cas-flask into soto_hamza_mod,https://github.com/BCStudentSoftwareDevTeam/cas/commit/6fe3c167a900a52b8bdfb6cc1014d3641507833c
cas,63a52254c203399d18573226cfe364a8411c2049,grrdsoto,User,grrdsoto,2018-07-03T17:31:43Z,Merge branch 'development' of https://bitbucket.org/sheggen/cas-flask into development,https://github.com/BCStudentSoftwareDevTeam/cas/commit/63a52254c203399d18573226cfe364a8411c2049
cas,21407bcc4c79f4e1730a9ceb803fbdd183fd06f1,awyoonis,,awyoonis,2018-07-03T17:28:53Z,new files,https://github.com/BCStudentSoftwareDevTeam/cas/commit/21407bcc4c79f4e1730a9ceb803fbdd183fd06f1
cas,da455af7a4a0aa9fd0da2855db3b322cf9ad719d,awyoonis,,awyoonis,2018-07-03T17:26:38Z,changed viewers and controler files,https://github.com/BCStudentSoftwareDevTeam/cas/commit/da455af7a4a0aa9fd0da2855db3b322cf9ad719d
cas,80981f70047b004d00d8a2b2a1f56f4241f016df,grrdsoto,User,grrdsoto,2018-07-03T17:25:54Z,added tabs to the preferences and available rooms option.,https://github.com/BCStudentSoftwareDevTeam/cas/commit/80981f70047b004d00d8a2b2a1f56f4241f016df
cas,94c0a0a58c2269764479823a2706e53a936f2760,awyoonis,,awyoonis,2018-07-03T17:22:10Z,Merge branch 'development' of https://bitbucket.org/sheggen/cas-flask into development,https://github.com/BCStudentSoftwareDevTeam/cas/commit/94c0a0a58c2269764479823a2706e53a936f2760
cas,293ad5a193dee25296a46963476ca1e25f55f4fc,grrdsoto,User,grrdsoto,2018-07-03T15:50:45Z,"Added details to roomResolution and roomResolutionView htmls, planning to work on it after lunch break.",https://github.com/BCStudentSoftwareDevTeam/cas/commit/293ad5a193dee25296a46963476ca1e25f55f4fc
cas,b2bf43026e2f7bd104aff9dfad88ecb746ad85ed,OtienoAnne,User,OtienoAnne,2018-07-03T15:43:40Z,Fixed Javascript hiding elements and changed button colors,https://github.com/BCStudentSoftwareDevTeam/cas/commit/b2bf43026e2f7bd104aff9dfad88ecb746ad85ed
cas,f131101e37a1de1530a3d598cc94b5723aeded34,Jamal Aw Yonis,,sheggen,2018-07-03T15:40:53Z,"Merged in Gerardo_Jamal (pull request #107)

This is issue number 252

Approved-by: Scott Heggen <heggens@berea.edu>",https://github.com/BCStudentSoftwareDevTeam/cas/commit/f131101e37a1de1530a3d598cc94b5723aeded34
cas,5d79ccfbfb84ee778222b9ca9ca2e92aa45bb3fe,Muhammad Hamza Khattak,,sheggen,2018-07-03T15:36:51Z,"Merged in jamza (pull request #102)

Jamza

Approved-by: Scott Heggen <heggens@berea.edu>",https://github.com/BCStudentSoftwareDevTeam/cas/commit/5d79ccfbfb84ee778222b9ca9ca2e92aa45bb3fe
cas,3c499918a2be2deb36898f0fbbd7023662ec2311,sheggen,User,sheggen,2018-07-03T15:28:55Z,fixing merge conflict between this branch and development,https://github.com/BCStudentSoftwareDevTeam/cas/commit/3c499918a2be2deb36898f0fbbd7023662ec2311
cas,3862fc026efddc480377ae45048d21bed39ca604,sheggen,User,sheggen,2018-07-03T15:24:06Z,Merge branch 'jamza' of bitbucket.org:sheggen/cas-flask into jamza,https://github.com/BCStudentSoftwareDevTeam/cas/commit/3862fc026efddc480377ae45048d21bed39ca604
cas,6871dd731941c21323a060c19979bcca2428c231,Sarah Watts,,sheggen,2018-07-03T15:18:53Z,"Merged in issue#251 (pull request #98)

Issue#251

Approved-by: Scott Heggen <heggens@berea.edu>",https://github.com/BCStudentSoftwareDevTeam/cas/commit/6871dd731941c21323a060c19979bcca2428c231
cas,659aaff30f2ee6f7cfcd0c06ff0ca16b100f2132,sheggen,User,sheggen,2018-07-03T15:13:29Z,Added accessibility span tags to changes from last accepted pull request,https://github.com/BCStudentSoftwareDevTeam/cas/commit/659aaff30f2ee6f7cfcd0c06ff0ca16b100f2132
cas,50b063954bdeb825111f217a39f1343c30970ede,wgs1862019,User,sheggen,2018-07-03T15:08:28Z,"Merged in 213 (pull request #106)

Fixes issue #213

Approved-by: Scott Heggen <heggens@berea.edu>",https://github.com/BCStudentSoftwareDevTeam/cas/commit/50b063954bdeb825111f217a39f1343c30970ede
cas,1d8ce5c705982e8e75abde33d0edfb8506df988f,sheggen,User,sheggen,2018-07-03T15:07:41Z,adding a slight bit of margin between the submit and cancel button on deadline editor,https://github.com/BCStudentSoftwareDevTeam/cas/commit/1d8ce5c705982e8e75abde33d0edfb8506df988f
cas,5b0101637531cbbed9d5dc4acb64b2c0135817ba,grrdsoto,User,grrdsoto,2018-07-02T20:39:50Z,We added educationTech and updated the other options infront of their respective labels from the data,https://github.com/BCStudentSoftwareDevTeam/cas/commit/5b0101637531cbbed9d5dc4acb64b2c0135817ba
cas,7c3ba8760afcadc9cffd878bf46ad75d05ebaabd,OtienoAnne,User,OtienoAnne,2018-07-02T20:19:19Z,On change working for all 4 access levels,https://github.com/BCStudentSoftwareDevTeam/cas/commit/7c3ba8760afcadc9cffd878bf46ad75d05ebaabd
cas,edae8d419501eada7669acc28a271a4e799bf2fd,grrdsoto,User,grrdsoto,2018-07-02T19:47:46Z,added education tech,https://github.com/BCStudentSoftwareDevTeam/cas/commit/edae8d419501eada7669acc28a271a4e799bf2fd
cas,fae2dd7a6669c2334a0b2090309daa6ae177a8be,grrdsoto,User,grrdsoto,2018-07-02T19:29:59Z,merged conflicts,https://github.com/BCStudentSoftwareDevTeam/cas/commit/fae2dd7a6669c2334a0b2090309daa6ae177a8be
cas,970725d94789573a0940079759d5269e478e0c06,grrdsoto,User,grrdsoto,2018-07-02T19:20:59Z,added init,https://github.com/BCStudentSoftwareDevTeam/cas/commit/970725d94789573a0940079759d5269e478e0c06
cas,7af56a28af7d77a373ab3d33afd26996e2756dc7,grrdsoto,User,grrdsoto,2018-07-02T19:01:35Z,added accessibility options and corrected the spelling mistake of accessibilty to accessibility.,https://github.com/BCStudentSoftwareDevTeam/cas/commit/7af56a28af7d77a373ab3d33afd26996e2756dc7
cas,2d58b5aaa81c83e5dff5c0dc8b9683e1fffed6f5,awyoonis,,awyoonis,2018-07-02T18:13:02Z,fixed branch conflicts,https://github.com/BCStudentSoftwareDevTeam/cas/commit/2d58b5aaa81c83e5dff5c0dc8b9683e1fffed6f5
cas,ef36696d7ee8fd30940bfc764e79121f9cf89582,awyoonis,,awyoonis,2018-07-02T17:43:11Z,fixed merge conflicts,https://github.com/BCStudentSoftwareDevTeam/cas/commit/ef36696d7ee8fd30940bfc764e79121f9cf89582
cas,2ed75f9d1aba5e85ba59ec1ccc9b1b52828486a7,grrdsoto,User,grrdsoto,2018-07-02T17:35:43Z,fixed conflict in models.py and config.yaml and create.db,https://github.com/BCStudentSoftwareDevTeam/cas/commit/2ed75f9d1aba5e85ba59ec1ccc9b1b52828486a7
cas,5988b9af74db714c1c7d40acebd7e6e29ba4051b,grrdsoto,User,grrdsoto,2018-07-02T17:32:36Z,fixed merge conflict,https://github.com/BCStudentSoftwareDevTeam/cas/commit/5988b9af74db714c1c7d40acebd7e6e29ba4051b
cas,689e72758256c2f0c9ae8d743f8debfc9597a7d1,grrdsoto,User,grrdsoto,2018-07-02T17:28:09Z,added init file,https://github.com/BCStudentSoftwareDevTeam/cas/commit/689e72758256c2f0c9ae8d743f8debfc9597a7d1
cas,b85906d8b9a8c8b42c0be5d3c4b72edbfad2ebc6,grrdsoto,User,grrdsoto,2018-07-02T17:26:54Z,added capacity,https://github.com/BCStudentSoftwareDevTeam/cas/commit/b85906d8b9a8c8b42c0be5d3c4b72edbfad2ebc6
cas,25619848f5a82a48f4ac7b8768227aaf7fcc0f80,awyoonis,,awyoonis,2018-07-02T17:01:20Z,changes roompreference files both html and python files,https://github.com/BCStudentSoftwareDevTeam/cas/commit/25619848f5a82a48f4ac7b8768227aaf7fcc0f80
cas,c9ea9b7206f95fe652b805ee5274b6e9f440bf67,wgs1862019,User,sheggen,2018-07-02T15:41:03Z,"Merged in usermgmt (pull request #113)

Usermgmt",https://github.com/BCStudentSoftwareDevTeam/cas/commit/c9ea9b7206f95fe652b805ee5274b6e9f440bf67
cas,5013012272b061cb8a71eda99d05b7c953f6830e,OtienoAnne,User,OtienoAnne,2018-07-02T15:39:46Z,Actual db changes,https://github.com/BCStudentSoftwareDevTeam/cas/commit/5013012272b061cb8a71eda99d05b7c953f6830e
cas,4161c4f36635529dc34de9bc5ccc8c62eda483e6,OtienoAnne,User,OtienoAnne,2018-07-02T15:28:24Z,Deleted unnecessary files,https://github.com/BCStudentSoftwareDevTeam/cas/commit/4161c4f36635529dc34de9bc5ccc8c62eda483e6
cas,37053c0a4d749cd34b345a9680f411b9e3d57288,grrdsoto,User,grrdsoto,2018-07-02T15:26:35Z,we added the code to access the room from the room preference ID using rpID.,https://github.com/BCStudentSoftwareDevTeam/cas/commit/37053c0a4d749cd34b345a9680f411b9e3d57288
cas,ddbd989d8bb26885cfb51760f5c59bb2fb9cb76e,OtienoAnne,User,OtienoAnne,2018-07-02T15:25:05Z,Fixing MORE merge conflicts,https://github.com/BCStudentSoftwareDevTeam/cas/commit/ddbd989d8bb26885cfb51760f5c59bb2fb9cb76e
cas,d147a2108edfdab37d3d676a3f3e5724413161eb,grrdsoto,User,grrdsoto,2018-07-02T15:21:05Z,"Modified models.py, roomResolution.py roomResolution.html roomResolution.html create_db.py",https://github.com/BCStudentSoftwareDevTeam/cas/commit/d147a2108edfdab37d3d676a3f3e5724413161eb
cas,c8636fa68cb8301b76fb0bccf6f7bd8cf332d4dd,Anne Otieno,,sheggen,2018-07-02T15:09:54Z,"Merged in db_resolutions (pull request #115)

Db resolutions",https://github.com/BCStudentSoftwareDevTeam/cas/commit/c8636fa68cb8301b76fb0bccf6f7bd8cf332d4dd
cas,38ddc4e2f8576440e82454450621bb2533adce12,OtienoAnne,User,OtienoAnne,2018-07-02T15:08:44Z,made changes,https://github.com/BCStudentSoftwareDevTeam/cas/commit/38ddc4e2f8576440e82454450621bb2533adce12
cas,cd9bf9bb663b224e7ace2c05cd6d3fc953af7d54,OtienoAnne,User,OtienoAnne,2018-07-02T15:03:17Z,Copied cofig.yaml.,https://github.com/BCStudentSoftwareDevTeam/cas/commit/cd9bf9bb663b224e7ace2c05cd6d3fc953af7d54
cas,955e137302bdea4778ed38e850c1073b5d9ce5f0,OtienoAnne,User,OtienoAnne,2018-07-02T15:01:26Z,Copied create_db.py.,https://github.com/BCStudentSoftwareDevTeam/cas/commit/955e137302bdea4778ed38e850c1073b5d9ce5f0
cas,e892d82057fa16a98f4064d2fd0958ea279b4ea1,OtienoAnne,User,OtienoAnne,2018-07-02T14:59:19Z,Copied models.py,https://github.com/BCStudentSoftwareDevTeam/cas/commit/e892d82057fa16a98f4064d2fd0958ea279b4ea1
cas,b61849be94e31c2974e1aa728968d1d23938da65,OtienoAnne,User,OtienoAnne,2018-06-30T22:07:13Z,"Mapped some data to the UI, only one drop down left.",https://github.com/BCStudentSoftwareDevTeam/cas/commit/b61849be94e31c2974e1aa728968d1d23938da65
cas,a20be4d4bf1fa6f84b32ae86b8a140f59282ccbd,awyoonis,,awyoonis,2018-06-30T17:27:29Z,No changes after Friday Demo,https://github.com/BCStudentSoftwareDevTeam/cas/commit/a20be4d4bf1fa6f84b32ae86b8a140f59282ccbd
cas,e2cac7a89d5fd5107ab1e203b018692d38ad564f,grrdsoto,User,grrdsoto,2018-06-29T20:14:06Z,modified the files by adding links to the data and changing room preferences in the model.py. Also added more content to controller.,https://github.com/BCStudentSoftwareDevTeam/cas/commit/e2cac7a89d5fd5107ab1e203b018692d38ad564f
cas,5b7c27f2728d84d85ac4d6f927d35d7d70392a55,OtienoAnne,User,OtienoAnne,2018-06-29T19:56:18Z,Saving work for the day,https://github.com/BCStudentSoftwareDevTeam/cas/commit/5b7c27f2728d84d85ac4d6f927d35d7d70392a55
cas,c301756deadf7874a440b15d30f3aaf729138d9c,grrdsoto,User,grrdsoto,2018-06-29T18:14:32Z,"modified models.py, roomResolution.py, roomResolution.css, roomResolution.html",https://github.com/BCStudentSoftwareDevTeam/cas/commit/c301756deadf7874a440b15d30f3aaf729138d9c
cas,d5cc858d6e566578c429ca27f9e777be2c991d86,OtienoAnne,User,OtienoAnne,2018-06-29T15:26:33Z,We ahve added classes acess level dictionary in config.,https://github.com/BCStudentSoftwareDevTeam/cas/commit/d5cc858d6e566578c429ca27f9e777be2c991d86
cas,a155efbd561c39f5d1ea6e618629e02a4744612b,awyoonis,,awyoonis,2018-06-29T15:24:34Z,merged with my local branch,https://github.com/BCStudentSoftwareDevTeam/cas/commit/a155efbd561c39f5d1ea6e618629e02a4744612b
cas,be62a9fe5b4db4a873b516a66463f72b4513a000,awyoonis,,awyoonis,2018-06-29T15:04:23Z,fixed conflict,https://github.com/BCStudentSoftwareDevTeam/cas/commit/be62a9fe5b4db4a873b516a66463f72b4513a000
cas,c0fb36c6dc1b844e988e677ecffc4299d94f04b6,awyoonis,,awyoonis,2018-06-29T14:58:27Z,Added some jinja codes into the views page,https://github.com/BCStudentSoftwareDevTeam/cas/commit/c0fb36c6dc1b844e988e677ecffc4299d94f04b6
cas,b0ed5dab612a3133f81885b6705546eac5ddc318,Muhammad Hamza Khattak,,Jamal Aw Yonis,2018-06-29T14:55:05Z,"Merged in soto_hamza_mod (pull request #112)

Added classes and modified Rooms, Rooms preferences, banner courses, banner schedule and schedule courses.",https://github.com/BCStudentSoftwareDevTeam/cas/commit/b0ed5dab612a3133f81885b6705546eac5ddc318
cas,7a93e63783069603b552fc4bc8c97f6ecc906c4b,grrdsoto,User,grrdsoto,2018-06-29T14:49:21Z,We made changes to these files and pushed it for the other group to be able to access classes such as rooms,https://github.com/BCStudentSoftwareDevTeam/cas/commit/7a93e63783069603b552fc4bc8c97f6ecc906c4b
cas,7ee202b271276df19da2ccaa473604f9afb16574,grrdsoto,User,grrdsoto,2018-06-28T20:05:01Z,Added the files today for the UI for room resolution which was in the basic format,https://github.com/BCStudentSoftwareDevTeam/cas/commit/7ee202b271276df19da2ccaa473604f9afb16574
cas,369cce0eeab4f4b72035b79b82f4b210b2ddb974,awyoonis,,awyoonis,2018-06-28T19:59:20Z,Finished the html files and ready to start python files,https://github.com/BCStudentSoftwareDevTeam/cas/commit/369cce0eeab4f4b72035b79b82f4b210b2ddb974
cas,4c60ba2c7e4a658a16ec6bbdc5c41f1e4999500f,OtienoAnne,User,OtienoAnne,2018-06-28T19:55:19Z,Added userManagement py and html files,https://github.com/BCStudentSoftwareDevTeam/cas/commit/4c60ba2c7e4a658a16ec6bbdc5c41f1e4999500f
cas,7fe92b846ef9fe3011dcb76e7fc3b6dac06fd0f8,Sarah Watts,,Sarah Watts,2018-06-28T15:51:58Z,Added Accessibility.md,https://github.com/BCStudentSoftwareDevTeam/cas/commit/7fe92b846ef9fe3011dcb76e7fc3b6dac06fd0f8
cas,d2ffe3e4a36f8b2981a7e14794d28854b710df9c,Sarah Watts,,Sarah Watts,2018-06-28T15:42:56Z,Added accessibility.md,https://github.com/BCStudentSoftwareDevTeam/cas/commit/d2ffe3e4a36f8b2981a7e14794d28854b710df9c
cas,b3a465e4298280967f3f494c24ff04a7031ecfe5,OtienoAnne,User,OtienoAnne,2018-06-28T13:45:14Z,Started working on user managamnet html.,https://github.com/BCStudentSoftwareDevTeam/cas/commit/b3a465e4298280967f3f494c24ff04a7031ecfe5
cas,d44eac3b35ee823a1368b6d1a28f2638af9ad132,awyoonis,,awyoonis,2018-06-28T13:39:29Z,Added roomPreference because weird deleting issue.,https://github.com/BCStudentSoftwareDevTeam/cas/commit/d44eac3b35ee823a1368b6d1a28f2638af9ad132
cas,d36bc348e49db96c50000976e4f75bcd825d6dd5,OtienoAnne,User,OtienoAnne,2018-06-27T20:49:02Z,Started working on building the UI.,https://github.com/BCStudentSoftwareDevTeam/cas/commit/d36bc348e49db96c50000976e4f75bcd825d6dd5
cas,64563eec22b8148b7d41eebf0f0a944fb0085464,OtienoAnne,User,OtienoAnne,2018-06-27T18:43:13Z,Merge branch 'development' into usermgmt,https://github.com/BCStudentSoftwareDevTeam/cas/commit/64563eec22b8148b7d41eebf0f0a944fb0085464
cas,be614f1b40b1985aad721a6ed2bb3d5c97f4aff0,OtienoAnne,User,OtienoAnne,2018-06-27T18:41:38Z,Temporary Saving our files.,https://github.com/BCStudentSoftwareDevTeam/cas/commit/be614f1b40b1985aad721a6ed2bb3d5c97f4aff0
cas,cfc0a62f9bb6347670a6fe7f2157af3ca7293648,awyoonis,,awyoonis,2018-06-27T16:01:02Z,Added contributors files and made some changes in the models file,https://github.com/BCStudentSoftwareDevTeam/cas/commit/cfc0a62f9bb6347670a6fe7f2157af3ca7293648
cas,eb9ac68cdf504040b8a245a9b4b0b101a2ebf51a,Muhammad Hamza Khattak,,Muhammad Hamza Khattak,2018-06-27T15:42:54Z,changed a line to a comment because it was just a piece of information for the developer,https://github.com/BCStudentSoftwareDevTeam/cas/commit/eb9ac68cdf504040b8a245a9b4b0b101a2ebf51a
cas,351128e38e97168aa38917fb808b214695e78bcf,OtienoAnne,User,OtienoAnne,2018-06-27T15:37:39Z,"In Term, changed state to state_number. In Course, commented out Crosslisted as a boolean field, not sure what it needs to be because of some requests jolena made to our CL courses UI. need to talk to scott.",https://github.com/BCStudentSoftwareDevTeam/cas/commit/351128e38e97168aa38917fb808b214695e78bcf
cas,2c7f03a4b2a334522754afee56198e8625c27034,Muhammad Hamza Khattak,,Muhammad Hamza Khattak,2018-06-27T15:27:43Z,Changed the width to 80% from 760 pixels,https://github.com/BCStudentSoftwareDevTeam/cas/commit/2c7f03a4b2a334522754afee56198e8625c27034
cas,305c79927d51d7768362fe958b4f05d1b35a1402,grrdsoto,User,grrdsoto,2018-06-27T13:47:57Z,"Changes made to Room and building classes. Added a new class, named  Room_preferences",https://github.com/BCStudentSoftwareDevTeam/cas/commit/305c79927d51d7768362fe958b4f05d1b35a1402
cas,b9b00f0dba5554179bd769e8ac1bbd9167356bf6,OtienoAnne,User,OtienoAnne,2018-06-27T13:33:07Z,Corrected the typo on IntergrField() function.,https://github.com/BCStudentSoftwareDevTeam/cas/commit/b9b00f0dba5554179bd769e8ac1bbd9167356bf6
cas,677c937df113281f63802e0bfa305c0dfbebd9ab,Sarah Watts,,sheggen,2018-06-27T03:05:08Z,"Merged in issue#242 (pull request #95)

Fixes #242

Approved-by: Scott Heggen <heggens@berea.edu>",https://github.com/BCStudentSoftwareDevTeam/cas/commit/677c937df113281f63802e0bfa305c0dfbebd9ab
cas,513e74ae08cf9e9efd7b8f81b09a4c6568fab19b,wgs1862019,User,sheggen,2018-06-27T02:54:45Z,"Merged in 255 (pull request #109)

Issue #255

Approved-by: Scott Heggen <heggens@berea.edu>",https://github.com/BCStudentSoftwareDevTeam/cas/commit/513e74ae08cf9e9efd7b8f81b09a4c6568fab19b
cas,ab9868fa9500142e325fa1c06380594b155448d1,OtienoAnne,User,OtienoAnne,2018-06-26T20:10:35Z,Added education tech table to models.py.,https://github.com/BCStudentSoftwareDevTeam/cas/commit/ab9868fa9500142e325fa1c06380594b155448d1
cas,2f1b01ddf167b6d84d72378e644556dde7eb2d2e,wgs1862019,User,wgs1862019,2018-06-22T18:20:50Z,"Fixed typo in remove  Admin interface, under Systems Management",https://github.com/BCStudentSoftwareDevTeam/cas/commit/2f1b01ddf167b6d84d72378e644556dde7eb2d2e
cas,328a9c74420dcaf5161f224a5d301791a0e1ed6c,Sarah Watts,,Sarah Watts,2018-06-15T13:14:56Z,Merged development into issue#251,https://github.com/BCStudentSoftwareDevTeam/cas/commit/328a9c74420dcaf5161f224a5d301791a0e1ed6c
cas,19076b542666950d708ff2b4a0d055b554457ee3,Sarah Watts,,Sarah Watts,2018-06-15T13:14:12Z,Fixed typo.,https://github.com/BCStudentSoftwareDevTeam/cas/commit/19076b542666950d708ff2b4a0d055b554457ee3
cas,10fdf42acc2c09e421c6cda8352a367258463a40,OtienoAnne,User,OtienoAnne,2018-06-13T15:35:58Z,deleted commented code out of deadline.html,https://github.com/BCStudentSoftwareDevTeam/cas/commit/10fdf42acc2c09e421c6cda8352a367258463a40
cas,4b0d24ddb68e4a126627be39d1981331ca6bec1f,OtienoAnne,User,OtienoAnne,2018-06-13T14:56:22Z,"Added a conditional that checks the text inside the area, if it is blank prints message",https://github.com/BCStudentSoftwareDevTeam/cas/commit/4b0d24ddb68e4a126627be39d1981331ca6bec1f
cas,8aa559248f8ecc6960abf5bd91e82b382b5329a6,awyoonis,,awyoonis,2018-06-13T14:45:47Z,"Changed the color in word,'Administration' for web accessibility",https://github.com/BCStudentSoftwareDevTeam/cas/commit/8aa559248f8ecc6960abf5bd91e82b382b5329a6
cas,c12936c8d8b8891a7f80c3f2d567f0712a4b99f4,Muhammad Hamza Khattak,,Muhammad Hamza Khattak,2018-06-13T14:43:46Z,modified README.md to remove material coded by Dr. Scott for demo purposes. Modified contributors.css to change pixel to bring it to 760px. Modified contributors.html to get rid of the unnecessary <div>,https://github.com/BCStudentSoftwareDevTeam/cas/commit/c12936c8d8b8891a7f80c3f2d567f0712a4b99f4
cas,f5f6f12c1762c708460c76ebeae41ff6e0dcfe3f,Muhammad Hamza Khattak,,Muhammad Hamza Khattak,2018-06-13T14:25:45Z,"Added a new css file, addRomm.css,  for bottom borders and modified base.html & addRoom.html",https://github.com/BCStudentSoftwareDevTeam/cas/commit/f5f6f12c1762c708460c76ebeae41ff6e0dcfe3f
cas,38aefe815a9b1fe2044dd8affe65cfbe7d087c9e,OtienoAnne,User,OtienoAnne,2018-06-13T14:13:23Z,we have deleted the commented code out of the deadline.html,https://github.com/BCStudentSoftwareDevTeam/cas/commit/38aefe815a9b1fe2044dd8affe65cfbe7d087c9e
cas,fc81b8833a26d1d7f2f6c98a4e1f8c74bd4cca05,awyoonis,,awyoonis,2018-06-13T14:07:33Z,temprary saved files,https://github.com/BCStudentSoftwareDevTeam/cas/commit/fc81b8833a26d1d7f2f6c98a4e1f8c74bd4cca05
cas,d92edce4e87c8c94fbf6f7e911bbf3561ec37a7f,Sarah Watts,,sheggen,2018-06-13T13:59:57Z,"Merged in issue#249 (pull request #97)

Fixes Issue#249",https://github.com/BCStudentSoftwareDevTeam/cas/commit/d92edce4e87c8c94fbf6f7e911bbf3561ec37a7f
cas,15b8f2c7cf8cf78f52c73aca69cd49f617aa2a9e,Sarah Watts,,sheggen,2018-06-13T13:50:09Z,"Merged in issue#252 (pull request #99)

Fixes issue#252",https://github.com/BCStudentSoftwareDevTeam/cas/commit/15b8f2c7cf8cf78f52c73aca69cd49f617aa2a9e
cas,d191b091a4da517b5f0b84cced8e06f7f81c7b5c,wgs1862019,User,Cody Myers,2018-06-13T12:13:38Z,"Merged in 12 (pull request #108)

Added Emily Lovell credentials for professor access view",https://github.com/BCStudentSoftwareDevTeam/cas/commit/d191b091a4da517b5f0b84cced8e06f7f81c7b5c
cas,a61d62b3446f636eaa60a56b8e0780fd8c3d788b,Muhammad Hamza Khattak,,Muhammad Hamza Khattak,2018-06-12T20:48:24Z,Modified addRoom.html. Assembled the Building name and room number in a section with customized non-clickable borders.,https://github.com/BCStudentSoftwareDevTeam/cas/commit/a61d62b3446f636eaa60a56b8e0780fd8c3d788b
cas,6a3ba84c9026b1b194738f2d53eba1c2ee61af6d,wgs1862019,User,wgs1862019,2018-06-12T20:30:19Z,Added Emily Lovell for prof access view for development (uncommenting her username from config.yaml,https://github.com/BCStudentSoftwareDevTeam/cas/commit/6a3ba84c9026b1b194738f2d53eba1c2ee61af6d
cas,fab02a86ecada4b43b73c89bb0d2f923cc952216,awyoonis,,awyoonis,2018-06-12T20:19:38Z,we fixed the color ratio of the data tables,https://github.com/BCStudentSoftwareDevTeam/cas/commit/fab02a86ecada4b43b73c89bb0d2f923cc952216
cas,38b6616a83c33d44313819c3954f613f5102594f,wgs1862019,User,wgs1862019,2018-06-12T18:59:05Z,"Expanded  description box to fit page, and moved the button. Reflects Edit buttons (cancel and save buttons) Fixes issue # 213",https://github.com/BCStudentSoftwareDevTeam/cas/commit/38b6616a83c33d44313819c3954f613f5102594f
cas,6844adf9b11f8a4f3f35bf4955dc07906cd4e99d,wgs1862019,User,wgs1862019,2018-06-12T18:08:52Z,"Added a deadline input box to the front page, with supporting controllers (deadline.py) and templates",https://github.com/BCStudentSoftwareDevTeam/cas/commit/6844adf9b11f8a4f3f35bf4955dc07906cd4e99d
cas,86237e9fd91f86410ab412ced882d6df4f554591,awyoonis,,awyoonis,2018-06-12T15:19:08Z,Fixing merge conflict in config.yaml between contributors,https://github.com/BCStudentSoftwareDevTeam/cas/commit/86237e9fd91f86410ab412ced882d6df4f554591
cas,00b40e3b2fda546de40fb5c37a42c96114cdaac9,awyoonis,,awyoonis,2018-06-12T15:12:19Z,Merged in GJ (pull request #105),https://github.com/BCStudentSoftwareDevTeam/cas/commit/00b40e3b2fda546de40fb5c37a42c96114cdaac9
cas,d9fa117e9b24c7b7bf5c1ee256a8e67216d959e9,Muhammad Hamza Khattak,,Muhammad Hamza Khattak,2018-06-12T15:08:28Z,Merge branch 'jamza' of https://bitbucket.org/sheggen/cas-flask into jamza,https://github.com/BCStudentSoftwareDevTeam/cas/commit/d9fa117e9b24c7b7bf5c1ee256a8e67216d959e9
cas,00edbe75a4667958b6bd90f1cf850e232aaf7523,Muhammad Hamza Khattak,,Muhammad Hamza Khattak,2018-06-12T15:05:32Z,Fixed the front-end contributor's page spacing,https://github.com/BCStudentSoftwareDevTeam/cas/commit/00edbe75a4667958b6bd90f1cf850e232aaf7523
cas,37c3bcd8c7c8527e5fd7c5e6a676e5e69fd29d46,awyoonis,,awyoonis,2018-06-12T14:58:47Z, We changed the course capacity from 50 to 100,https://github.com/BCStudentSoftwareDevTeam/cas/commit/37c3bcd8c7c8527e5fd7c5e6a676e5e69fd29d46
cas,96bef119959ef5b0bb5b3ec53087c1678a52bd33,wgs1862019,User,sheggen,2018-06-12T14:44:46Z,"Merged in contributorlist (pull request #104)

Added our names to contributors list

Approved-by: Scott Heggen <heggens@berea.edu>",https://github.com/BCStudentSoftwareDevTeam/cas/commit/96bef119959ef5b0bb5b3ec53087c1678a52bd33
cas,016f21b73d53515d934e44744c99114e12bce1df,wgs1862019,User,wgs1862019,2018-06-12T14:36:16Z,Added our names to contributors list,https://github.com/BCStudentSoftwareDevTeam/cas/commit/016f21b73d53515d934e44744c99114e12bce1df
cas,578ebfe4cb453db4187fe538a0a2904286de242c,Muhammad Hamza Khattak,,Muhammad Hamza Khattak,2018-06-11T20:02:06Z,Merged development into jamza,https://github.com/BCStudentSoftwareDevTeam/cas/commit/578ebfe4cb453db4187fe538a0a2904286de242c
cas,dc950539793fb4024d5378d200e18c41a1e22ee6,Muhammad Hamza Khattak,,Muhammad Hamza Khattak,2018-06-11T19:58:27Z,Merge branch 'jamza' of https://bitbucket.org/sheggen/cas-flask into jamza,https://github.com/BCStudentSoftwareDevTeam/cas/commit/dc950539793fb4024d5378d200e18c41a1e22ee6
cas,e0469a39658ae5614aed4b14f46d2d40e328bea6,Muhammad Hamza Khattak,,Muhammad Hamza Khattak,2018-06-11T19:56:38Z,The Test.py and Test.html were removed and __init__.py was modified,https://github.com/BCStudentSoftwareDevTeam/cas/commit/e0469a39658ae5614aed4b14f46d2d40e328bea6
cas,f40604ba126ac6ff7ce1a2b5da386764e1fccb51,Muhammad Hamza Khattak,,Muhammad Hamza Khattak,2018-06-11T19:45:13Z,app/Test.py edited online with Bitbucket,https://github.com/BCStudentSoftwareDevTeam/cas/commit/f40604ba126ac6ff7ce1a2b5da386764e1fccb51
cas,e83e248fe9f669802f9ca19ac6cc37e3b52b73b4,wgs1862019,User,sheggen,2018-06-11T18:37:05Z,"Merged in katandann (pull request #101)

Need more details on query to continue",https://github.com/BCStudentSoftwareDevTeam/cas/commit/e83e248fe9f669802f9ca19ac6cc37e3b52b73b4
cas,45c64d45ef80085b799dca3a13b092e3a647a76b,sheggen,User,sheggen,2018-06-11T18:35:55Z,Fixing typos,https://github.com/BCStudentSoftwareDevTeam/cas/commit/45c64d45ef80085b799dca3a13b092e3a647a76b
cas,52656558a2bcb93a57b97755ba133bfc89834f70,sheggen,User,sheggen,2018-06-11T18:34:07Z,Merge branch 'katandann' of bitbucket.org:sheggen/cas-flask into jamza,https://github.com/BCStudentSoftwareDevTeam/cas/commit/52656558a2bcb93a57b97755ba133bfc89834f70
cas,6cfab2be932cc3c7a018cf3d0cca06142b8cbc47,sheggen,User,sheggen,2018-06-11T18:31:47Z,Merged development into katandann,https://github.com/BCStudentSoftwareDevTeam/cas/commit/6cfab2be932cc3c7a018cf3d0cca06142b8cbc47
cas,02bb3972d82ba817c65108696da5f20b3d4ebaa6,OtienoAnne,User,OtienoAnne,2018-06-11T18:08:06Z,Need more details on query to continue,https://github.com/BCStudentSoftwareDevTeam/cas/commit/02bb3972d82ba817c65108696da5f20b3d4ebaa6
cas,960f53f7d0bfe4466334642fc0fe6e20e9cf0a14,Muhammad Hamza Khattak,,Muhammad Hamza Khattak,2018-06-11T18:04:45Z,We modified the README.md and added the test files,https://github.com/BCStudentSoftwareDevTeam/cas/commit/960f53f7d0bfe4466334642fc0fe6e20e9cf0a14
cas,e2baf4f721fcfa9007fe306362cf3e2d0651a30b,sheggen,User,sheggen,2018-06-11T15:48:26Z,"Merged in scottsbranch (pull request #100)

Scott's addition for demo purposes only.

Approved-by: Scott Heggen <heggens@berea.edu>",https://github.com/BCStudentSoftwareDevTeam/cas/commit/e2baf4f721fcfa9007fe306362cf3e2d0651a30b
cas,a4a71fa7d5bcd31cfd2363a9ba98cea766e7bd37,sheggen,User,sheggen,2018-06-11T15:44:36Z,Merged scottsbranch into development,https://github.com/BCStudentSoftwareDevTeam/cas/commit/a4a71fa7d5bcd31cfd2363a9ba98cea766e7bd37
cas,e4d24fb4b1298f89cefcd1ca4b7d53314656c65e,sheggen,User,sheggen,2018-06-11T15:34:35Z,Scott's addition for demo purposes only.,https://github.com/BCStudentSoftwareDevTeam/cas/commit/e4d24fb4b1298f89cefcd1ca4b7d53314656c65e
cas,8c58d631cd99fa8e19a96da4edbe4aef57b85c10,Sarah Watts,,Sarah Watts,2018-03-09T19:01:27Z,Spelling error.,https://github.com/BCStudentSoftwareDevTeam/cas/commit/8c58d631cd99fa8e19a96da4edbe4aef57b85c10
cas,ab7c18486bef3f5f93108b5cb8fd3b820c308047,Sarah Watts,,Sarah Watts,2018-03-09T17:41:45Z,Fixed hide so that it is also accessibile by a keyboard.,https://github.com/BCStudentSoftwareDevTeam/cas/commit/ab7c18486bef3f5f93108b5cb8fd3b820c308047
cas,5a8101935f1ff26469c884d636c57aa85719c711,Sarah Watts,,Sarah Watts,2018-03-09T16:35:48Z,"Made it a button again, so it is able to be accessed through only a keyboard.",https://github.com/BCStudentSoftwareDevTeam/cas/commit/5a8101935f1ff26469c884d636c57aa85719c711
cas,c95a0cab9f4fd447c75f78c56160f1fb0e322cac,Sarah Watts,,Sarah Watts,2018-03-08T21:02:11Z,Missed a couple of them but they should all be fixed now.,https://github.com/BCStudentSoftwareDevTeam/cas/commit/c95a0cab9f4fd447c75f78c56160f1fb0e322cac
cas,5d57d61ee6fcdb269953207ffa19964938e9eda1,Sarah Watts,,Sarah Watts,2018-03-08T19:01:48Z,"Fixed all of the glyphicons so that a screen reader can now read them. However if the user is using NVDA it will only work on internet explorer, however this seems to be an issue with either NVDA itself or bootstrap, no one is really sure.",https://github.com/BCStudentSoftwareDevTeam/cas/commit/5d57d61ee6fcdb269953207ffa19964938e9eda1
cas,23c31de6b870e6a426463f54a3b96522a7d77d64,Sarah Watts,,Sarah Watts,2018-03-08T17:42:30Z,"I fixed the issue with glyphicons in a couple of areas but it only seems to work with internet explorer, no matter what screen reader is used. So i'm going to look into what could be causing that and if it is fixable beforeI fix them all.",https://github.com/BCStudentSoftwareDevTeam/cas/commit/23c31de6b870e6a426463f54a3b96522a7d77d64
cas,dcb200fdbdd8106ff247d37157ebe23613af4e9a,Sarah Watts,,Sarah Watts,2018-03-05T21:36:47Z,Spelling mistake.,https://github.com/BCStudentSoftwareDevTeam/cas/commit/dcb200fdbdd8106ff247d37157ebe23613af4e9a
cas,9329509f707d62f4f95cad3664356d793e5db311,Sarah Watts,,Sarah Watts,2018-03-05T21:35:09Z,Uncommented out something that shoudn't have been commented out in the first place.,https://github.com/BCStudentSoftwareDevTeam/cas/commit/9329509f707d62f4f95cad3664356d793e5db311
cas,0f2c6fa0e45cc42e86dd89b5f0b9c7e4bff128d3,Sarah Watts,,Sarah Watts,2018-03-05T21:32:18Z,"I made it so that hidden text is on every cell in the course chart, so that a screenr eader can read that text. That way a person who is blind will be able to understand the chart with the help of a screen reader. However, NVDA is having ttrouble with it on google chrome, but we may just have to add a warning telling the user to use a different screen reader or a different browser.",https://github.com/BCStudentSoftwareDevTeam/cas/commit/0f2c6fa0e45cc42e86dd89b5f0b9c7e4bff128d3
cas,387fe8732b1f2bc600337ec7f36b97d2d546f025,Sarah Watts,,Sarah Watts,2018-03-05T15:34:32Z,Merge remote-tracking branch 'origin' into issue#242,https://github.com/BCStudentSoftwareDevTeam/cas/commit/387fe8732b1f2bc600337ec7f36b97d2d546f025
cas,9ebce66af1c63a88ddfdf8a60e24e16a61cfe5c8,Sarah Watts,,Sarah Watts,2018-03-05T15:33:45Z, Added lang attribute to base.html.,https://github.com/BCStudentSoftwareDevTeam/cas/commit/9ebce66af1c63a88ddfdf8a60e24e16a61cfe5c8
cas,2afe24a12e394d35e68ceff805d14801af14363a,Sarah Watts,,Sarah Watts,2018-03-05T15:22:52Z,"Fixed the coloring issues with the buttons, and finished up on the drop down menus. Now working on the coloring issues with the data tables.",https://github.com/BCStudentSoftwareDevTeam/cas/commit/2afe24a12e394d35e68ceff805d14801af14363a
cas,d67294609dc7573535a757b095834c42bb3eb995,Sarah Watts,,Sarah Watts,2018-03-05T14:55:17Z,"So far changes the colors of all the pull down menus, and I am currently working on changing the colors of hte buttons.",https://github.com/BCStudentSoftwareDevTeam/cas/commit/d67294609dc7573535a757b095834c42bb3eb995
cas,5e09b8071cc1be919d9caa13e1e3ee814b40860b,Cody Myers,,Cody Myers,2018-02-19T17:58:23Z,"Merged in development (pull request #94)

Changed color scheme of verified to #ECEFF1",https://github.com/BCStudentSoftwareDevTeam/cas/commit/5e09b8071cc1be919d9caa13e1e3ee814b40860b
cas,fc4176b71863371fea167c89790de60850ba0ff6,tahmidefaz,User,Cody Myers,2018-02-19T17:57:47Z,"Fixes issue #219
Merged in iss219 (pull request #92)

Changed color scheme of verified to #ECEFF1",https://github.com/BCStudentSoftwareDevTeam/cas/commit/fc4176b71863371fea167c89790de60850ba0ff6
cas,8abbebbdc11f26242acd1620a596edc3295bf4fd,Cody Myers,,Cody Myers,2018-02-19T17:44:40Z,"Merged in issue#233 (pull request #93)

Issue#233",https://github.com/BCStudentSoftwareDevTeam/cas/commit/8abbebbdc11f26242acd1620a596edc3295bf4fd
cas,3375a1575a7219b385beb96e7cd14a62805790e5,myersCody,User,myersCody,2018-02-19T17:42:46Z,"Removed the select picker from the sidebar, because it is now on the timeline.html",https://github.com/BCStudentSoftwareDevTeam/cas/commit/3375a1575a7219b385beb96e7cd14a62805790e5
cas,f1bace341d70b9444fc8b2937a6ee98c4594eff7,myersCody,User,myersCody,2018-02-19T17:41:54Z,Added variables to deadline so that the selectpicker will work,https://github.com/BCStudentSoftwareDevTeam/cas/commit/f1bace341d70b9444fc8b2937a6ee98c4594eff7
cas,c39fff053fef1c5866aea8bd47b940fbb2a9e9cd,myersCody,User,myersCody,2018-02-19T17:40:35Z,Converted the two seperate html files for google charts into one file,https://github.com/BCStudentSoftwareDevTeam/cas/commit/c39fff053fef1c5866aea8bd47b940fbb2a9e9cd
cas,7fca8e635886c569f5d2a647d51f19fc320447ac,myersCody,User,myersCody,2018-02-19T17:39:41Z,Converted the two seperate js files for google charts into one file,https://github.com/BCStudentSoftwareDevTeam/cas/commit/7fca8e635886c569f5d2a647d51f19fc320447ac
cas,330004429fc6bf93fc97dc25126fc61eb3da349f,tahmidefaz,User,tahmidefaz,2018-02-14T17:21:11Z,Changed color scheme of verified to #ECEFF1,https://github.com/BCStudentSoftwareDevTeam/cas/commit/330004429fc6bf93fc97dc25126fc61eb3da349f
cas,5e563931258885a30fedea154f2bc47ba47202fc,Cody Myers,,Cody Myers,2018-02-14T16:29:25Z,"Merged in development (pull request #91)

Modified the UI for the graphs",https://github.com/BCStudentSoftwareDevTeam/cas/commit/5e563931258885a30fedea154f2bc47ba47202fc
cas,3bd27fa80ef3e56acf10ccf81b5cb573dd246cdc,myersCody,User,myersCody,2018-02-14T16:28:59Z,Removed print,https://github.com/BCStudentSoftwareDevTeam/cas/commit/3bd27fa80ef3e56acf10ccf81b5cb573dd246cdc
cas,9184d36383ba8b778cb61d444eac72e979667170,myersCody,User,myersCody,2018-02-14T16:24:55Z,Modified the UI for the graphs,https://github.com/BCStudentSoftwareDevTeam/cas/commit/9184d36383ba8b778cb61d444eac72e979667170
cas,0a0cd91d217fd89b8b608964486513165a32e9ed,Cody Myers,,Cody Myers,2018-02-14T15:32:44Z,"Merged in issue#233 (pull request #90)

Issue#233",https://github.com/BCStudentSoftwareDevTeam/cas/commit/0a0cd91d217fd89b8b608964486513165a32e9ed
cas,5b40907f89d8c9a2668b51b0e6d07b016a6377be,myersCody,User,myersCody,2018-02-14T15:30:07Z,Added lines for future warning lines.,https://github.com/BCStudentSoftwareDevTeam/cas/commit/5b40907f89d8c9a2668b51b0e6d07b016a6377be
cas,fd156fec2c32d1cfb3039681edafe67acdea08ba,myersCody,User,myersCody,2018-02-13T22:17:20Z,Added the html structure for the google chart to the front page,https://github.com/BCStudentSoftwareDevTeam/cas/commit/fd156fec2c32d1cfb3039681edafe67acdea08ba
cas,9bb8461c3e0d58e0448b57f6f95580c1e806de61,myersCody,User,myersCody,2018-02-13T22:16:53Z,Changed the .js files for timelines so that a red line now appears.,https://github.com/BCStudentSoftwareDevTeam/cas/commit/9bb8461c3e0d58e0448b57f6f95580c1e806de61
cas,f90c64f3021fbf84d4f5bf784eec3b8f2cfb2ce6,myersCody,User,myersCody,2018-02-13T22:11:10Z,Removed print statement,https://github.com/BCStudentSoftwareDevTeam/cas/commit/f90c64f3021fbf84d4f5bf784eec3b8f2cfb2ce6
cas,3043654aaeee76b12b48c87b870abe526ec82159,myersCody,User,myersCody,2018-02-13T22:10:41Z,Started rewriting the timeline code so that I could put it on the front page,https://github.com/BCStudentSoftwareDevTeam/cas/commit/3043654aaeee76b12b48c87b870abe526ec82159
cas,ac0c5867fe8924dbf16fc15ba9d7e5032c27069a,Cody Myers,,Cody Myers,2018-02-13T15:57:37Z,"Merged in development (pull request #89)

Fixes issue #245",https://github.com/BCStudentSoftwareDevTeam/cas/commit/ac0c5867fe8924dbf16fc15ba9d7e5032c27069a
cas,e8d43bd87d31bc22508837d99e8d4bda25db8f3f,myersCody,User,myersCody,2018-02-13T15:54:55Z,Merge branch 'development' of bitbucket.org:sheggen/cas-flask into development,https://github.com/BCStudentSoftwareDevTeam/cas/commit/e8d43bd87d31bc22508837d99e8d4bda25db8f3f
cas,21b54178e5bca4c931ce345b20bd51b8e577994b,myersCody,User,myersCody,2018-02-13T15:54:34Z,Fixes issue #245,https://github.com/BCStudentSoftwareDevTeam/cas/commit/21b54178e5bca4c931ce345b20bd51b8e577994b
cas,487cf8306c6f3eb72d63f9d977b67d56c6294c23,Cody Myers,,Cody Myers,2018-02-13T15:19:53Z,"Merged in development (pull request #88)

Made it to where prerequisites only appears for special topic courses.",https://github.com/BCStudentSoftwareDevTeam/cas/commit/487cf8306c6f3eb72d63f9d977b67d56c6294c23
cas,d9ed351382ce3d355d98038940a1c385b05c2675,Cody Myers,,Cody Myers,2018-02-13T15:19:12Z,"Merged in iss#244 (pull request #87)

Made it to where prerequisites only appears for special topic courses.",https://github.com/BCStudentSoftwareDevTeam/cas/commit/d9ed351382ce3d355d98038940a1c385b05c2675
cas,c72c7fe4d6e6fd8c7ea3cdf968c38d06a2e6e273,myersCody,User,myersCody,2018-02-13T15:17:29Z,Made it to where prerequisites only appears for special topic courses.,https://github.com/BCStudentSoftwareDevTeam/cas/commit/c72c7fe4d6e6fd8c7ea3cdf968c38d06a2e6e273
cas,d5f7678bbef011234dfcf0b519fa0c4280ddece1,Cody Myers,,Cody Myers,2018-02-12T21:07:20Z,"Merged in development (pull request #86)

Made it to where only admins can modify deadlines",https://github.com/BCStudentSoftwareDevTeam/cas/commit/d5f7678bbef011234dfcf0b519fa0c4280ddece1
cas,451b0c6254138f5a5e5bbe4634936e4f3765e4b3,myersCody,User,myersCody,2018-02-12T21:06:21Z,Removed unnecessary imports,https://github.com/BCStudentSoftwareDevTeam/cas/commit/451b0c6254138f5a5e5bbe4634936e4f3765e4b3
cas,d1db54559d88f88b1c560b2497a7abe2b4b41fae,myersCody,User,myersCody,2018-02-12T21:05:18Z,Made it to where only admins can modify deadlines,https://github.com/BCStudentSoftwareDevTeam/cas/commit/d1db54559d88f88b1c560b2497a7abe2b4b41fae
cas,d4be2c01fde80deecbec38756cd37a603a14e2eb,Cody Myers,,Cody Myers,2018-02-12T20:46:48Z,"Merged in development (pull request #85)

Development",https://github.com/BCStudentSoftwareDevTeam/cas/commit/d4be2c01fde80deecbec38756cd37a603a14e2eb
cas,b75a02bfa0de6b3379c2012ceb465f2bde247f73,Cody Myers,,Cody Myers,2018-02-12T20:45:04Z,"Merged in iss#243 (pull request #84)

Iss#243",https://github.com/BCStudentSoftwareDevTeam/cas/commit/b75a02bfa0de6b3379c2012ceb465f2bde247f73
cas,d3ee5e7a929cb7c753f060b4981e7d6c86a7fbf6,myersCody,User,myersCody,2018-02-12T20:13:16Z,Rewrote the deadline UI,https://github.com/BCStudentSoftwareDevTeam/cas/commit/d3ee5e7a929cb7c753f060b4981e7d6c86a7fbf6
cas,ec0bdb154ca90ce0f67bcd302c6179251324fbc6,myersCody,User,myersCody,2018-02-12T20:12:31Z,Removed adding a deadline from system management,https://github.com/BCStudentSoftwareDevTeam/cas/commit/ec0bdb154ca90ce0f67bcd302c6179251324fbc6
cas,3a74d1f6f737d6d4e247a8711167404f2431e401,myersCody,User,myersCody,2018-02-12T20:11:46Z,Removed unnecessary html files,https://github.com/BCStudentSoftwareDevTeam/cas/commit/3a74d1f6f737d6d4e247a8711167404f2431e401
cas,144da247cda36a4c23525d18648ec62d9d37fa95,myersCody,User,myersCody,2018-02-12T20:10:58Z,Combined two controllers into one,https://github.com/BCStudentSoftwareDevTeam/cas/commit/144da247cda36a4c23525d18648ec62d9d37fa95
cas,2854421853fa2c18af107a390e7332e8c32ebd6b,myersCody,User,myersCody,2018-02-12T20:06:15Z,Removed unused migrate files.,https://github.com/BCStudentSoftwareDevTeam/cas/commit/2854421853fa2c18af107a390e7332e8c32ebd6b
cas,fa9d14ae2fc6c5143d486959f71c2e3bdeeaf349,myersCody,User,myersCody,2018-02-06T14:25:09Z,Set hard versions for our tools in setup.sh to avoid crashes from peewee update,https://github.com/BCStudentSoftwareDevTeam/cas/commit/fa9d14ae2fc6c5143d486959f71c2e3bdeeaf349
cas,c947fa7f6ffe45b2a01f07494aeb25dc40833bf9,Cody Myers,,Cody Myers,2018-01-29T15:42:30Z,"Merged in development (pull request #83)

Development",https://github.com/BCStudentSoftwareDevTeam/cas/commit/c947fa7f6ffe45b2a01f07494aeb25dc40833bf9
cas,67ea37cbed7b1fbb4b3ce336fbf351b07088a1ef,myersCody,User,myersCody,2018-01-29T14:44:59Z,Made it to where you can delete the deadlines without crashes,https://github.com/BCStudentSoftwareDevTeam/cas/commit/67ea37cbed7b1fbb4b3ce336fbf351b07088a1ef
cas,b341a4d3e23dd3c6a6ac9cfaa6ab6f538d7b1db5,memo330179,User,Cody Myers,2018-01-29T13:21:25Z,"Merged in division_fix (pull request #82)

Make sure that division chair has modify access to the division",https://github.com/BCStudentSoftwareDevTeam/cas/commit/b341a4d3e23dd3c6a6ac9cfaa6ab6f538d7b1db5
cas,a61adf45afb21854bd974bc9ede10d45b1b2c08e,memo330179,User,memo330179,2018-01-26T19:22:44Z,perform right check to see if someone is division chair,https://github.com/BCStudentSoftwareDevTeam/cas/commit/a61adf45afb21854bd974bc9ede10d45b1b2c08e
cas,c617026096efe6c7271db39837ade14c49b79de7,myersCody,User,myersCody,2018-01-26T16:09:52Z,Fixes issue #241,https://github.com/BCStudentSoftwareDevTeam/cas/commit/c617026096efe6c7271db39837ade14c49b79de7
cas,a1fdd2ba82d46f0aed49da6e5e7a7af71d5deec4,memo330179,User,Cody Myers,2018-01-24T16:27:00Z,"Merged in new_migrations (pull request #57)

change migration scripts",https://github.com/BCStudentSoftwareDevTeam/cas/commit/a1fdd2ba82d46f0aed49da6e5e7a7af71d5deec4
cas,dfce80dc4e4ea93d314e4b4f292f0d0388714794,nelsonke,User,memo330179,2018-01-24T15:58:36Z,"Merged in iss198 (pull request #81)

Changed the hover of the sequence table and removed special topic courses from the table",https://github.com/BCStudentSoftwareDevTeam/cas/commit/dfce80dc4e4ea93d314e4b4f292f0d0388714794
cas,797cc80361f00c631893de3d947fa88a7c1fb0de,Cody Myers,,memo330179,2018-01-15T14:00:50Z,"Merged in authorization_fix (pull request #80)

Authorization fix

Approved-by: Guillermo ramos <guillermoramos330179@gmail.com>",https://github.com/BCStudentSoftwareDevTeam/cas/commit/797cc80361f00c631893de3d947fa88a7c1fb0de
cas,51227a499ff27a011d6f2142e627002782e02484,memo330179,User,memo330179,2018-01-15T13:57:40Z,Add logout function to get rid of the user session when logging out of shibboleth.,https://github.com/BCStudentSoftwareDevTeam/cas/commit/51227a499ff27a011d6f2142e627002782e02484
cas,0263133b7b67cd3f2c6586ca67deb2cd4d782032,nelsonkenny,User,nelsonkenny,2018-01-11T15:55:20Z,Changed the hover of the sequence table and removed special topic courses from the table,https://github.com/BCStudentSoftwareDevTeam/cas/commit/0263133b7b67cd3f2c6586ca67deb2cd4d782032
cas,21dc600e6b91be1f0b3ae095c9eb9954cd5fb7c6,myersCody,User,myersCody,2018-01-08T19:47:01Z,Now does a authorization check for these files,https://github.com/BCStudentSoftwareDevTeam/cas/commit/21dc600e6b91be1f0b3ae095c9eb9954cd5fb7c6
cas,aef53c7918b21c6da504e2dad7d28d2e53aa0816,myersCody,User,myersCody,2018-01-08T17:40:03Z,fixed the login controller.py,https://github.com/BCStudentSoftwareDevTeam/cas/commit/aef53c7918b21c6da504e2dad7d28d2e53aa0816
cas,941af337a3386fe9dab038691c1dbbb4a54a6e6e,myersCody,User,myersCody,2018-01-08T17:38:50Z,The error controllers now point to the correct file locations,https://github.com/BCStudentSoftwareDevTeam/cas/commit/941af337a3386fe9dab038691c1dbbb4a54a6e6e
cas,07c9489f74a96d6ce9b7bb5c7c7b55f7fc46f167,myersCody,User,myersCody,2018-01-08T17:38:18Z,Removed session variables everytime the front page is hit,https://github.com/BCStudentSoftwareDevTeam/cas/commit/07c9489f74a96d6ce9b7bb5c7c7b55f7fc46f167
cas,4b6763d88f6e16023329bbe1dd8ef979bccdfd80,myersCody,User,myersCody,2018-01-08T17:34:58Z,"Fixed Unique Unauthorization Error

So if the person authenticated but is not in our user table the system would crash. I fixed that by wrapping it in a try catch.",https://github.com/BCStudentSoftwareDevTeam/cas/commit/4b6763d88f6e16023329bbe1dd8ef979bccdfd80
cas,e93de07e545a18f4bf5f8f0d5d1a9d058ed041af,myersCody,User,myersCody,2018-01-08T16:18:18Z,Moved the html for errors into their own directory.,https://github.com/BCStudentSoftwareDevTeam/cas/commit/e93de07e545a18f4bf5f8f0d5d1a9d058ed041af
cas,3194d042cf6161b8f0423924d4c917530051756f,myersCody,User,myersCody,2018-01-08T14:52:15Z,Added a bad username so test authorization.,https://github.com/BCStudentSoftwareDevTeam/cas/commit/3194d042cf6161b8f0423924d4c917530051756f
cas,9c5ad1a53818bec20e9cef414ea7ac09ac641f4f,myersCody,User,myersCody,2018-01-08T14:51:37Z,Fixed a misspelling in models.py,https://github.com/BCStudentSoftwareDevTeam/cas/commit/9c5ad1a53818bec20e9cef414ea7ac09ac641f4f
cas,e2bdf888f50bd5e7cdbc406938976c1228862a42,myersCody,User,myersCody,2018-01-02T15:50:52Z,Redesigned the import courses feature,https://github.com/BCStudentSoftwareDevTeam/cas/commit/e2bdf888f50bd5e7cdbc406938976c1228862a42
cas,0c5095be6b48e4210fc4c25d153c5c423352b0dd,Cody Myers,,Cody Myers,2018-01-02T15:14:45Z,"Merged in revert-pr-74 (pull request #79)

Revert ""Added a condition for changing terms on special topic courses. (pull request #74)""",https://github.com/BCStudentSoftwareDevTeam/cas/commit/0c5095be6b48e4210fc4c25d153c5c423352b0dd
cas,956b07de6147c59f7a99e389e8642aa66e745d94,Cody Myers,,Cody Myers,2018-01-02T15:13:47Z,"Revert ""Added a condition for changing terms on special topic courses. (pull request #74)""

This reverts pull request #74.

> fixes issue #224",https://github.com/BCStudentSoftwareDevTeam/cas/commit/956b07de6147c59f7a99e389e8642aa66e745d94
cas,afd43cbe430e9df11095b9d6a1d8b16870ede7be,Cody Myers,,Cody Myers,2018-01-02T15:12:32Z,"Merged in iss#224 (pull request #74)

Added a condition for changing terms on special topic courses.

Approved-by: Jesson Soto Ventura <jesson@sotoventura.com>",https://github.com/BCStudentSoftwareDevTeam/cas/commit/afd43cbe430e9df11095b9d6a1d8b16870ede7be
cas,ac688e153eed1981b4bcc7ee05e258103524f644,Cody Myers,,Cody Myers,2018-01-02T15:09:06Z,"Merged in iss#231 (pull request #73)

Iss#231",https://github.com/BCStudentSoftwareDevTeam/cas/commit/ac688e153eed1981b4bcc7ee05e258103524f644
cas,165612e88015ceac01b66824722a6f27daaf7515,myersCody,User,myersCody,2018-01-02T14:55:29Z,Removed the ability to change the term while editing special topic forms,https://github.com/BCStudentSoftwareDevTeam/cas/commit/165612e88015ceac01b66824722a6f27daaf7515
cas,d351b7fae21ff10401fe6875f32eace3f79dee99,myersCody,User,myersCody,2018-01-02T14:54:23Z,Removed an empty file,https://github.com/BCStudentSoftwareDevTeam/cas/commit/d351b7fae21ff10401fe6875f32eace3f79dee99
cas,04f5153eecfecbb40ddfa66d85e1018c0e0ae048,myersCody,User,myersCody,2018-01-02T14:33:43Z,Removed the duplicate prerequisites field in special topics form,https://github.com/BCStudentSoftwareDevTeam/cas/commit/04f5153eecfecbb40ddfa66d85e1018c0e0ae048
cas,4e93e503f8f00983ce9cb94508d94a97e9ba0ac7,myersCody,User,myersCody,2017-12-19T18:13:02Z,"Fixed the crash being caused by the sections json call.

The title was being populated with the section details instead of the specialTopicName. Which resulted in a none being placed into the title, then we were trying to parse out a NoneType later, which was causing the appplication to crash.",https://github.com/BCStudentSoftwareDevTeam/cas/commit/4e93e503f8f00983ce9cb94508d94a97e9ba0ac7
cas,6f413d701b1a950f0e305c55d78868709d40e88d,myersCody,User,myersCody,2017-12-19T18:11:29Z,Replace a hardcoded value with a dynamic value located inside of the config.yaml,https://github.com/BCStudentSoftwareDevTeam/cas/commit/6f413d701b1a950f0e305c55d78868709d40e88d
cas,422d4995dea738a85b857fa96cfda844abd62e9c,myersCody,User,myersCody,2017-12-19T17:34:38Z,Fixed the issue with the save button submitting the specail topic form,https://github.com/BCStudentSoftwareDevTeam/cas/commit/422d4995dea738a85b857fa96cfda844abd62e9c
cas,c86629743c5710040d52cad5311d757717432aa4,myersCody,User,myersCody,2017-12-18T17:27:52Z,Fixing conflicts so that this feature is able to be merged.,https://github.com/BCStudentSoftwareDevTeam/cas/commit/c86629743c5710040d52cad5311d757717432aa4
cas,0622a5c5d5342b7b4039ae0b777f02443c01c74c,Jesson Soto Ventura,,myersCody,2017-12-14T16:50:17Z,Fixed Sections breaking submit,https://github.com/BCStudentSoftwareDevTeam/cas/commit/0622a5c5d5342b7b4039ae0b777f02443c01c74c
cas,e804eb42baa91a065bc71a37cf60ad58155ef4f4,myersCody,User,myersCody,2017-12-13T16:02:53Z,Fixed the issue regarding newly added special topic coursesand the change tracker,https://github.com/BCStudentSoftwareDevTeam/cas/commit/e804eb42baa91a065bc71a37cf60ad58155ef4f4
cas,aba70c5b7c5e2949955df40b0af2198f93853108,myersCody,User,myersCody,2017-12-12T21:09:56Z,Removed an a redundant if condition,https://github.com/BCStudentSoftwareDevTeam/cas/commit/aba70c5b7c5e2949955df40b0af2198f93853108
cas,b18bc3eed3658db6f48a257f53cbdb9526f96c35,myersCody,User,myersCody,2017-12-12T21:09:02Z,Edited the js so that the special topic form will not show up for approved special topic courses,https://github.com/BCStudentSoftwareDevTeam/cas/commit/b18bc3eed3658db6f48a257f53cbdb9526f96c35
cas,d2fe851617a595a0bed9a204334b3c8f6d9083b1,myersCody,User,myersCody,2017-12-12T21:07:52Z,Removed js that was not working,https://github.com/BCStudentSoftwareDevTeam/cas/commit/d2fe851617a595a0bed9a204334b3c8f6d9083b1
cas,26372475f6fc5d636dcd32baee28fbbbba27d5a3,myersCody,User,myersCody,2017-12-12T21:06:56Z,Removed the foreign key relationship from special topic courses to the courses table,https://github.com/BCStudentSoftwareDevTeam/cas/commit/26372475f6fc5d636dcd32baee28fbbbba27d5a3
cas,54ce04a804e39bf8cccdacc5aa318c01598cdf77,myersCody,User,myersCody,2017-12-12T21:06:19Z,Associated the course title section with the banner ref so that way we can distinguish between new and old special topic courses.,https://github.com/BCStudentSoftwareDevTeam/cas/commit/54ce04a804e39bf8cccdacc5aa318c01598cdf77
cas,b2b4300b03b55c78ead7351d357da4ea9363fe6a,myersCody,User,myersCody,2017-12-12T21:04:33Z,Actually delete incomplete and submitted special topic forms now,https://github.com/BCStudentSoftwareDevTeam/cas/commit/b2b4300b03b55c78ead7351d357da4ea9363fe6a
cas,caff85e2752c3136763edc6df39363f4ea9f4552,myersCody,User,myersCody,2017-12-12T21:03:53Z,Edited course.py so that approved special topics will no longer appear in the table,https://github.com/BCStudentSoftwareDevTeam/cas/commit/caff85e2752c3136763edc6df39363f4ea9f4552
cas,25a35a15c272716f2dc283c5da2c76c3a653070a,myersCody,User,myersCody,2017-12-12T21:02:37Z,Added comments to the config,https://github.com/BCStudentSoftwareDevTeam/cas/commit/25a35a15c272716f2dc283c5da2c76c3a653070a
cas,e8f482a748f4a40c503bacff448c88a2c066fc9b,myersCody,User,myersCody,2017-12-12T21:02:18Z,Edited the add course functionality to match adding new special topics to bannercourses,https://github.com/BCStudentSoftwareDevTeam/cas/commit/e8f482a748f4a40c503bacff448c88a2c066fc9b
cas,b4028036220dabd7d73f635bc017caa0eee5b065,myersCody,User,myersCody,2017-12-12T21:00:57Z,Now when special topics are approved they are added to the bannercourses table,https://github.com/BCStudentSoftwareDevTeam/cas/commit/b4028036220dabd7d73f635bc017caa0eee5b065
cas,67b4a73510a07c93d2e0a57afc9d6cbab8221ef4,myersCody,User,myersCody,2017-12-11T19:27:51Z,Edited the config to have more accurate dummy data,https://github.com/BCStudentSoftwareDevTeam/cas/commit/67b4a73510a07c93d2e0a57afc9d6cbab8221ef4
cas,53342e2e45056bfe9b547a676f4bae6074aaf0e1,myersCody,User,myersCody,2017-12-11T18:59:32Z,Added #236 to this branch in order to prevents conflicts later.,https://github.com/BCStudentSoftwareDevTeam/cas/commit/53342e2e45056bfe9b547a676f4bae6074aaf0e1
cas,54bc3a4fa3901664b046fec2f986a1bfb6e3d435,Jesson Soto Ventura,,myersCody,2017-12-11T18:12:10Z,"Was removing all rows, before current row. Fixed to show all rows",https://github.com/BCStudentSoftwareDevTeam/cas/commit/54bc3a4fa3901664b046fec2f986a1bfb6e3d435
cas,56fe07f5a555328992e492f28c8cc5fc78311778,Jesson Soto Ventura,,myersCody,2017-12-08T23:53:56Z,Added dynamic ajax reloading to the special requests table,https://github.com/BCStudentSoftwareDevTeam/cas/commit/56fe07f5a555328992e492f28c8cc5fc78311778
cas,71ac7fd2e0e54886e29abffb2c9fbf225764b6a7,Jesson Soto Ventura,,myersCody,2017-12-08T22:09:09Z,merging in cody's changes,https://github.com/BCStudentSoftwareDevTeam/cas/commit/71ac7fd2e0e54886e29abffb2c9fbf225764b6a7
cas,e250ada6d7f1f0f5c55006a83414e1b74b22b89f,myersCody,User,myersCody,2017-12-08T22:07:32Z,Made the special topics more dynamic,https://github.com/BCStudentSoftwareDevTeam/cas/commit/e250ada6d7f1f0f5c55006a83414e1b74b22b89f
cas,dc1aa2513ed75396394d5e75cd37d2f51e051f0b,myersCody,User,myersCody,2017-12-08T22:06:59Z,Converted 5 different tables into one,https://github.com/BCStudentSoftwareDevTeam/cas/commit/dc1aa2513ed75396394d5e75cd37d2f51e051f0b
cas,5659618227290a33fa45836c0bbd05cafe45fddf,myersCody,User,myersCody,2017-12-08T18:44:38Z,Removed a comment that was no longer needed,https://github.com/BCStudentSoftwareDevTeam/cas/commit/5659618227290a33fa45836c0bbd05cafe45fddf
cas,7ea218b76e792bb0ca46276cb9965727d4b90ca7,myersCody,User,myersCody,2017-12-08T18:40:46Z,Modified the config file to make special topics more dynamic,https://github.com/BCStudentSoftwareDevTeam/cas/commit/7ea218b76e792bb0ca46276cb9965727d4b90ca7
cas,40e64aa9042907663e6a2d32b6271bc050d7b2ec,myersCody,User,myersCody,2017-12-08T18:36:28Z,"Enhanced the special topic edit modal to be more dynamic.

Replaced or removed uncessary jinja conditionals.
Removed hardcoded logic with dynamic logic in the config.yaml
Simplied the buttons in the modal footer.",https://github.com/BCStudentSoftwareDevTeam/cas/commit/40e64aa9042907663e6a2d32b6271bc050d7b2ec
cas,0d450426ecf2dd710b2cdaa79414a8dfe8868267,myersCody,User,myersCody,2017-12-08T15:51:34Z,Made the specialTopicrequests.html page more dynamic in order to make it easier to remove the sent to dean state,https://github.com/BCStudentSoftwareDevTeam/cas/commit/0d450426ecf2dd710b2cdaa79414a8dfe8868267
cas,85018c27ea263aa4b85b580a53d9985a24fa3780,myersCody,User,myersCody,2017-12-08T15:49:31Z,"Started editing the config.yaml, in order to make special topics more dynamic",https://github.com/BCStudentSoftwareDevTeam/cas/commit/85018c27ea263aa4b85b580a53d9985a24fa3780
cas,38a2d17a0a04c0d510b55acd19b167504ef8bc5a,Jesson Soto Ventura,,myersCody,2017-12-07T14:16:33Z,Test,https://github.com/BCStudentSoftwareDevTeam/cas/commit/38a2d17a0a04c0d510b55acd19b167504ef8bc5a
cas,91042f82623732af5bb1b7eb5d9205facf65e146,memo330179,User,Cody Myers,2017-12-18T16:12:03Z,"Merged in separate_special_times (pull request #78)

add tab for special times A1",https://github.com/BCStudentSoftwareDevTeam/cas/commit/91042f82623732af5bb1b7eb5d9205facf65e146
cas,8af299d70303313fbffb32d4bf11af8069a301d6,memo330179,User,memo330179,2017-12-14T19:35:25Z,add tab for special times A1,https://github.com/BCStudentSoftwareDevTeam/cas/commit/8af299d70303313fbffb32d4bf11af8069a301d6
cas,4726c8b91997a7d419b2fd933c29b514e3ec72a9,Jesson Soto Ventura,,Jesson Soto Ventura,2017-12-14T16:50:17Z,Fixed Sections breaking submit,https://github.com/BCStudentSoftwareDevTeam/cas/commit/4726c8b91997a7d419b2fd933c29b514e3ec72a9
cas,cc9d59ce0b825fd0db9b2324e6ae4db0294ee332,sanginovs,User,memo330179,2017-12-14T15:36:06Z,"Merged in prereq130 (pull request #75)

prereq field on courses added

Approved-by: Guillermo ramos <guillermoramos330179@gmail.com>",https://github.com/BCStudentSoftwareDevTeam/cas/commit/cc9d59ce0b825fd0db9b2324e6ae4db0294ee332
cas,211837dc460d4512eab984b18fd7c4d853c5f7fa,memo330179,User,memo330179,2017-12-14T15:32:02Z,oops,https://github.com/BCStudentSoftwareDevTeam/cas/commit/211837dc460d4512eab984b18fd7c4d853c5f7fa
cas,e25051bf1449a6cd3d87d0ec02d6b25975535665,memo330179,User,memo330179,2017-12-14T15:30:19Z,fix conflict with development,https://github.com/BCStudentSoftwareDevTeam/cas/commit/e25051bf1449a6cd3d87d0ec02d6b25975535665
cas,1ad9477482a0797735d6d52cfcbdf9c4997f58cb,Cody Myers,,memo330179,2017-12-14T15:04:01Z,"Merged in iss#234 (pull request #76)

Removed special topic courses from the import courses feature

Approved-by: Guillermo ramos <guillermoramos330179@gmail.com>",https://github.com/BCStudentSoftwareDevTeam/cas/commit/1ad9477482a0797735d6d52cfcbdf9c4997f58cb
cas,56f26d7011793625da58266dd8ae541537c9e18f,josezindia,User,memo330179,2017-12-14T15:02:34Z,"Merged in issue#209 (pull request #77)

Issue#209

Approved-by: Guillermo ramos <guillermoramos330179@gmail.com>",https://github.com/BCStudentSoftwareDevTeam/cas/commit/56f26d7011793625da58266dd8ae541537c9e18f
cas,6966dd41a636b28d3e75f8c515cb26a6342f61f0,Cody Myers,,memo330179,2017-12-14T14:57:31Z,"Merged in iss#232 (pull request #71)

Iss#232

Approved-by: Guillermo ramos <guillermoramos330179@gmail.com>",https://github.com/BCStudentSoftwareDevTeam/cas/commit/6966dd41a636b28d3e75f8c515cb26a6342f61f0
cas,5d0da355b5f032a58786887699b9cd3c7d20616c,memo330179,User,memo330179,2017-12-14T14:41:40Z,change section to class form,https://github.com/BCStudentSoftwareDevTeam/cas/commit/5d0da355b5f032a58786887699b9cd3c7d20616c
cas,3f690504f6a8f04cdb784faf4039a0cade4731e9,memo330179,User,memo330179,2017-12-14T14:33:35Z,Merge branch 'development' into new_migrations,https://github.com/BCStudentSoftwareDevTeam/cas/commit/3f690504f6a8f04cdb784faf4039a0cade4731e9
cas,9b2973b03d7c17823878ec0c6964ed739542f9e4,Jose Zindia,,Jose Zindia,2017-12-14T03:21:44Z,made changes so that Crosslisted section in Room Conflicts says both yes and no,https://github.com/BCStudentSoftwareDevTeam/cas/commit/9b2973b03d7c17823878ec0c6964ed739542f9e4
cas,79d62c285f9398c3307e43aac45307065d701eb3,myersCody,User,myersCody,2017-12-13T17:12:46Z,Removed special topic courses from the import courses feature,https://github.com/BCStudentSoftwareDevTeam/cas/commit/79d62c285f9398c3307e43aac45307065d701eb3
cas,87b4bf9c35a01171f462bfcc865af6d9b915c3ea,myersCody,User,myersCody,2017-12-13T16:02:53Z,Fixed the issue regarding newly added special topic coursesand the change tracker,https://github.com/BCStudentSoftwareDevTeam/cas/commit/87b4bf9c35a01171f462bfcc865af6d9b915c3ea
cas,e8092f4e9b8e3be331097cdc0fd3b42155d45d51,Jose Zindia,,Jose Zindia,2017-12-12T22:54:21Z,made changes so that Crosslisted section in Room Conflicts says both yes and no,https://github.com/BCStudentSoftwareDevTeam/cas/commit/e8092f4e9b8e3be331097cdc0fd3b42155d45d51
cas,779529c8d52251e0c9129ac9c11fb513715908f8,Sher Sanginov,,Sher Sanginov,2017-12-12T22:07:48Z,deleted debugging print statements,https://github.com/BCStudentSoftwareDevTeam/cas/commit/779529c8d52251e0c9129ac9c11fb513715908f8
cas,1a508a1f6089f548a748ea41554998151ffc350f,Sher Sanginov,,Sher Sanginov,2017-12-12T21:58:45Z,prereq field on courses,https://github.com/BCStudentSoftwareDevTeam/cas/commit/1a508a1f6089f548a748ea41554998151ffc350f
cas,95e89f0e694ed9e8e5691168d6388852cb5aed33,myersCody,User,myersCody,2017-12-12T21:09:56Z,Removed an a redundant if condition,https://github.com/BCStudentSoftwareDevTeam/cas/commit/95e89f0e694ed9e8e5691168d6388852cb5aed33
cas,a97d496ddb51f8ab0fed7598f68f3d2aa78c5f7d,myersCody,User,myersCody,2017-12-12T21:09:02Z,Edited the js so that the special topic form will not show up for approved special topic courses,https://github.com/BCStudentSoftwareDevTeam/cas/commit/a97d496ddb51f8ab0fed7598f68f3d2aa78c5f7d
cas,0130b9d967610539b072f796c03d8b48229e24bd,myersCody,User,myersCody,2017-12-12T21:07:52Z,Removed js that was not working,https://github.com/BCStudentSoftwareDevTeam/cas/commit/0130b9d967610539b072f796c03d8b48229e24bd
cas,133c19ee727ab2842c3fa03b35667bc86d713805,myersCody,User,myersCody,2017-12-12T21:06:56Z,Removed the foreign key relationship from special topic courses to the courses table,https://github.com/BCStudentSoftwareDevTeam/cas/commit/133c19ee727ab2842c3fa03b35667bc86d713805
cas,93cb675ab07894e3b19a9ac513a4addec99abca7,myersCody,User,myersCody,2017-12-12T21:06:19Z,Associated the course title section with the banner ref so that way we can distinguish between new and old special topic courses.,https://github.com/BCStudentSoftwareDevTeam/cas/commit/93cb675ab07894e3b19a9ac513a4addec99abca7
cas,066996bace0fa06a3ed9b9a47b23c5db35125fc8,myersCody,User,myersCody,2017-12-12T21:04:33Z,Actually delete incomplete and submitted special topic forms now,https://github.com/BCStudentSoftwareDevTeam/cas/commit/066996bace0fa06a3ed9b9a47b23c5db35125fc8
cas,ca432341e7fa2c20ae74a5ed154429db8687ff1b,myersCody,User,myersCody,2017-12-12T21:03:53Z,Edited course.py so that approved special topics will no longer appear in the table,https://github.com/BCStudentSoftwareDevTeam/cas/commit/ca432341e7fa2c20ae74a5ed154429db8687ff1b
cas,496d176f5e3990674b8a5f02b5bd705cd6b3b1f5,myersCody,User,myersCody,2017-12-12T21:02:37Z,Added comments to the config,https://github.com/BCStudentSoftwareDevTeam/cas/commit/496d176f5e3990674b8a5f02b5bd705cd6b3b1f5
cas,90dc5f09eb91d4b8eb49149383a441a3f9b695aa,myersCody,User,myersCody,2017-12-12T21:02:18Z,Edited the add course functionality to match adding new special topics to bannercourses,https://github.com/BCStudentSoftwareDevTeam/cas/commit/90dc5f09eb91d4b8eb49149383a441a3f9b695aa
cas,b3e8766e3dd6297b359cc106e1b2a1511aeff820,myersCody,User,myersCody,2017-12-12T21:00:57Z,Now when special topics are approved they are added to the bannercourses table,https://github.com/BCStudentSoftwareDevTeam/cas/commit/b3e8766e3dd6297b359cc106e1b2a1511aeff820
cas,6733f9ab0254817cdd24ee7b0396ac6c2f9163b3,myersCody,User,myersCody,2017-12-11T19:27:51Z,Edited the config to have more accurate dummy data,https://github.com/BCStudentSoftwareDevTeam/cas/commit/6733f9ab0254817cdd24ee7b0396ac6c2f9163b3
cas,6e04129fc4b763625e5c647e27258bf65d90f410,myersCody,User,myersCody,2017-12-11T18:59:51Z,Merge branch 'iss#231' of bitbucket.org:sheggen/cas-flask into iss#231,https://github.com/BCStudentSoftwareDevTeam/cas/commit/6e04129fc4b763625e5c647e27258bf65d90f410
cas,af99ae29548f501e5c8d6b706d6149bcf4f50ea9,myersCody,User,myersCody,2017-12-11T18:59:32Z,Added #236 to this branch in order to prevents conflicts later.,https://github.com/BCStudentSoftwareDevTeam/cas/commit/af99ae29548f501e5c8d6b706d6149bcf4f50ea9
cas,daa8e48d52efa3e22a422525387bbec5ba833146,Jesson Soto Ventura,,Jesson Soto Ventura,2017-12-11T18:12:10Z,"Was removing all rows, before current row. Fixed to show all rows",https://github.com/BCStudentSoftwareDevTeam/cas/commit/daa8e48d52efa3e22a422525387bbec5ba833146
cas,1fb551fd1a187a3d16d0bafc386efeea8a1cfb38,myersCody,User,myersCody,2017-12-11T14:08:10Z,Added a condition for changing terms on special topic courses.,https://github.com/BCStudentSoftwareDevTeam/cas/commit/1fb551fd1a187a3d16d0bafc386efeea8a1cfb38
cas,029d4e075cfdcfb6c5f60ccc9a7044bb097ceca9,Jesson Soto Ventura,,Jesson Soto Ventura,2017-12-08T23:53:56Z,Added dynamic ajax reloading to the special requests table,https://github.com/BCStudentSoftwareDevTeam/cas/commit/029d4e075cfdcfb6c5f60ccc9a7044bb097ceca9
cas,09902faace43d570d4214fe2c31613c4d7d0c308,Jesson Soto Ventura,,Jesson Soto Ventura,2017-12-08T22:20:05Z,Merge branch 'ajax' into iss#231,https://github.com/BCStudentSoftwareDevTeam/cas/commit/09902faace43d570d4214fe2c31613c4d7d0c308
cas,fb4ce229c1277e0b4591aebbfa07d4e79b679066,Jesson Soto Ventura,,Jesson Soto Ventura,2017-12-08T22:09:09Z,merging in cody's changes,https://github.com/BCStudentSoftwareDevTeam/cas/commit/fb4ce229c1277e0b4591aebbfa07d4e79b679066
cas,cd64635ce608b71c0dd41e230905170d514947d0,myersCody,User,myersCody,2017-12-08T22:07:32Z,Made the special topics more dynamic,https://github.com/BCStudentSoftwareDevTeam/cas/commit/cd64635ce608b71c0dd41e230905170d514947d0
cas,43f2811af18f5e89c8a8250909545fff1c148b4a,myersCody,User,myersCody,2017-12-08T22:06:59Z,Converted 5 different tables into one,https://github.com/BCStudentSoftwareDevTeam/cas/commit/43f2811af18f5e89c8a8250909545fff1c148b4a
cas,3688020dc26746c230925dc4e8050990e4b19a44,myersCody,User,myersCody,2017-12-08T18:56:56Z,Wrote query for issue #225,https://github.com/BCStudentSoftwareDevTeam/cas/commit/3688020dc26746c230925dc4e8050990e4b19a44
cas,e6af18cd0cd49ca94fc7fac14704b63e7937457c,myersCody,User,myersCody,2017-12-08T18:44:38Z,Removed a comment that was no longer needed,https://github.com/BCStudentSoftwareDevTeam/cas/commit/e6af18cd0cd49ca94fc7fac14704b63e7937457c
cas,7def0a7b09851c80802f0b531820254d1e671f4d,myersCody,User,myersCody,2017-12-08T18:40:46Z,Modified the config file to make special topics more dynamic,https://github.com/BCStudentSoftwareDevTeam/cas/commit/7def0a7b09851c80802f0b531820254d1e671f4d
cas,dc139f4dbd9de2bdb23795b7fa85c9c13ed04e48,myersCody,User,myersCody,2017-12-08T18:36:28Z,"Enhanced the special topic edit modal to be more dynamic.

Replaced or removed uncessary jinja conditionals.
Removed hardcoded logic with dynamic logic in the config.yaml
Simplied the buttons in the modal footer.",https://github.com/BCStudentSoftwareDevTeam/cas/commit/dc139f4dbd9de2bdb23795b7fa85c9c13ed04e48
cas,77cee3b2cf04813ed8e1cab399843d3512366b8c,myersCody,User,myersCody,2017-12-08T15:51:34Z,Made the specialTopicrequests.html page more dynamic in order to make it easier to remove the sent to dean state,https://github.com/BCStudentSoftwareDevTeam/cas/commit/77cee3b2cf04813ed8e1cab399843d3512366b8c
cas,d0864a16e0c3fa1004d59fd63ab9e9bf25fe7df9,myersCody,User,myersCody,2017-12-08T15:49:31Z,"Started editing the config.yaml, in order to make special topics more dynamic",https://github.com/BCStudentSoftwareDevTeam/cas/commit/d0864a16e0c3fa1004d59fd63ab9e9bf25fe7df9
cas,81c6db0e9cf56fa7102675a3216d93207fbb7a95,johnsonwe,User,Cody Myers,2017-12-08T14:32:00Z,"Merged in iss230 (pull request #70)

fixes issue #230

Iss230: Edited text associated with special topics course perspective requests.",https://github.com/BCStudentSoftwareDevTeam/cas/commit/81c6db0e9cf56fa7102675a3216d93207fbb7a95
cas,91d20ca03fd9bd08019d7c9a148bb27f24a51248,myersCody,User,myersCody,2017-12-08T14:26:40Z,Added a button to download the special topics excel file,https://github.com/BCStudentSoftwareDevTeam/cas/commit/91d20ca03fd9bd08019d7c9a148bb27f24a51248
cas,8da11bb5fb44242c7f6e3808546a1570845b23bb,myersCody,User,myersCody,2017-12-08T14:21:10Z,added the logic for downloading a special topics excel file,https://github.com/BCStudentSoftwareDevTeam/cas/commit/8da11bb5fb44242c7f6e3808546a1570845b23bb
cas,b7f2a7bb54346ae961d33e5b4010f326de7b8c60,myersCody,User,myersCody,2017-12-08T14:17:30Z,"Broke the excel controller into two different routes.

The first controller is for the main courses download, and the second is for the special topics or crosslisted excel sheets.",https://github.com/BCStudentSoftwareDevTeam/cas/commit/b7f2a7bb54346ae961d33e5b4010f326de7b8c60
cas,db06c6ad533d2c177750c602031246c865ca50ef,myersCody,User,myersCody,2017-12-08T14:09:56Z,Added comments to the courseManagement.py,https://github.com/BCStudentSoftwareDevTeam/cas/commit/db06c6ad533d2c177750c602031246c865ca50ef
cas,830677afdce5b38a1f87abf98cebba64b7a8e747,johnsonwe,User,johnsonwe,2017-12-07T20:50:43Z,Edited text associated with special topics course perspective requests.,https://github.com/BCStudentSoftwareDevTeam/cas/commit/830677afdce5b38a1f87abf98cebba64b7a8e747
cas,94460a3b7ff9fba9d0a9ecc2a6a5e1065964ec49,sanginovs,User,Cody Myers,2017-12-07T18:18:41Z,"Merged in iss#220 (pull request #67)

fixes issue #220

removed link to untracked courses",https://github.com/BCStudentSoftwareDevTeam/cas/commit/94460a3b7ff9fba9d0a9ecc2a6a5e1065964ec49
cas,cfc3eccc715bab6839f576e567bd0a5468f3a0e3,josezindia,User,Cody Myers,2017-12-07T18:16:11Z,"Merged in issue#217 (pull request #68)

fixes issue #217

Issue#217",https://github.com/BCStudentSoftwareDevTeam/cas/commit/cfc3eccc715bab6839f576e567bd0a5468f3a0e3
cas,222b1915d5221a3dd0815afe904382284f259c7c,josezindia,User,Cody Myers,2017-12-07T18:12:49Z,"Merged in issue#215 (pull request #69)

Issue#215",https://github.com/BCStudentSoftwareDevTeam/cas/commit/222b1915d5221a3dd0815afe904382284f259c7c
cas,f9c04e28ac6b108585050d59fa36c935a211202a,Jesson Soto Ventura,,Jesson Soto Ventura,2017-12-07T14:19:22Z,added create section,https://github.com/BCStudentSoftwareDevTeam/cas/commit/f9c04e28ac6b108585050d59fa36c935a211202a
cas,e1f1e093aac1d92ca26449360281693dedf18f2e,Jesson Soto Ventura,,Jesson Soto Ventura,2017-12-07T14:16:33Z,Test,https://github.com/BCStudentSoftwareDevTeam/cas/commit/e1f1e093aac1d92ca26449360281693dedf18f2e
cas,894eb39a20f126bb1e786c1ab5714272ca1dd3bd,Jose Zindia,,Jose Zindia,2017-12-05T20:52:24Z,spelling fixed,https://github.com/BCStudentSoftwareDevTeam/cas/commit/894eb39a20f126bb1e786c1ab5714272ca1dd3bd
cas,e10983e74aed252342fbc4f26b59f9c80539354c,Jose Zindia,,Jose Zindia,2017-12-05T20:44:58Z,Corrected the wording,https://github.com/BCStudentSoftwareDevTeam/cas/commit/e10983e74aed252342fbc4f26b59f9c80539354c
cas,1016019d8b051f00796dc425b3ef92ce1906d434,Jesson Soto Ventura,,Cody Myers,2017-12-05T18:42:53Z,"Merged in issue#216 (pull request #61)

Added sections to the excel downloads as the last field",https://github.com/BCStudentSoftwareDevTeam/cas/commit/1016019d8b051f00796dc425b3ef92ce1906d434
cas,4c7470f8475f73f9b0975b3a9eb8803da9cbb1e1,sanginovs,User,Cody Myers,2017-12-05T18:39:47Z,"Merged in iss97 (pull request #62)

fixed UI for create courses",https://github.com/BCStudentSoftwareDevTeam/cas/commit/4c7470f8475f73f9b0975b3a9eb8803da9cbb1e1
cas,9c4399fc3801f4a0f3741a4b2740d21c4b365cd2,Jesson Soto Ventura,,Cody Myers,2017-12-05T18:32:09Z,"Merged in issue#203 (pull request #65)

Fixes Issue#203",https://github.com/BCStudentSoftwareDevTeam/cas/commit/9c4399fc3801f4a0f3741a4b2740d21c4b365cd2
cas,36660771d87b4aefc4f6e97e49278f9898431189,Sher Sanginov,,Sher Sanginov,2017-12-05T15:05:25Z,removed link to untracked courses,https://github.com/BCStudentSoftwareDevTeam/cas/commit/36660771d87b4aefc4f6e97e49278f9898431189
cas,9712086d31298fa45d50a5ee81082ad02086ba5b,Jesson Soto Ventura,,Jesson Soto Ventura,2017-12-04T23:11:02Z,removed dropl line from the migrate,https://github.com/BCStudentSoftwareDevTeam/cas/commit/9712086d31298fa45d50a5ee81082ad02086ba5b
cas,9fe14b6f1dd91e7d6c214b2379e1d9d77e1d126e,Jesson Soto Ventura,,Jesson Soto Ventura,2017-12-04T23:07:10Z,"Removed admin ability to edit course after approve, and added approve flair to the newly created course",https://github.com/BCStudentSoftwareDevTeam/cas/commit/9fe14b6f1dd91e7d6c214b2379e1d9d77e1d126e
cas,bdeba6667ebe2ecd04fe08270d9abd47c2924e09,Jesson Soto Ventura,,Jesson Soto Ventura,2017-12-04T21:49:46Z,Moving to sections,https://github.com/BCStudentSoftwareDevTeam/cas/commit/bdeba6667ebe2ecd04fe08270d9abd47c2924e09
cas,ab32e23c2b734133c3c5c74f2a3f5f04d33a3c33,Jesson Soto Ventura,,Jesson Soto Ventura,2017-12-04T22:05:29Z,Moved sections to before the instructors,https://github.com/BCStudentSoftwareDevTeam/cas/commit/ab32e23c2b734133c3c5c74f2a3f5f04d33a3c33
cas,20b8050bbb320b7c6fed5f7717923b87f4800cfb,Jesson Soto Ventura,,Cody Myers,2017-12-01T18:32:44Z,"Merged in issue#204 (pull request #60)

Enabled flair to show approved and denied special topics #204",https://github.com/BCStudentSoftwareDevTeam/cas/commit/20b8050bbb320b7c6fed5f7717923b87f4800cfb
cas,eab18ed068e65d6fcee0f8159de8fda7f4419d23,Jesson Soto Ventura,,Cody Myers,2017-12-01T18:30:20Z,"Merged in issue#200 (pull request #59)

Removed edit and delete ability after special topic has been sent to dean",https://github.com/BCStudentSoftwareDevTeam/cas/commit/eab18ed068e65d6fcee0f8159de8fda7f4419d23
cas,89433604a693fe15be07462ca6901e9dc31b5dae,nelsonke,User,Cody Myers,2017-12-01T14:34:19Z,"Merged in iss#201 (pull request #63)

Added an incomplete tab to allow admins to view special topic requests that were not submitteb but saved. Fixed 404 error that occured when clicking the close button in the editSTCourse modal",https://github.com/BCStudentSoftwareDevTeam/cas/commit/89433604a693fe15be07462ca6901e9dc31b5dae
cas,1ff394c70aa5e27c31d9562e05bbeaf22cf3ccba,Jesson Soto Ventura,,Cody Myers,2017-12-01T14:22:17Z,"Merged in issue#206 (pull request #58)

Resolved deleted courses showing up as verifed in change tracker issue #206",https://github.com/BCStudentSoftwareDevTeam/cas/commit/1ff394c70aa5e27c31d9562e05bbeaf22cf3ccba
cas,d54940baf543ebcd534e80d94850c4e4083002a6,nelsonkenny,User,nelsonkenny,2017-11-30T23:41:48Z,Added an incomplete tab to allow admins to view special topic requests that were not submitteb but saved. Fixed 404 error that occured when clicking the close button in the editSTCourse modal,https://github.com/BCStudentSoftwareDevTeam/cas/commit/d54940baf543ebcd534e80d94850c4e4083002a6
cas,c89f695de8dd6dcd01daac84c2d72b91561e9f95,Sher Sanginov,,Sher Sanginov,2017-11-30T21:27:21Z,ajax null datetime fixed,https://github.com/BCStudentSoftwareDevTeam/cas/commit/c89f695de8dd6dcd01daac84c2d72b91561e9f95
cas,98fc30d2fa7985cd4daeaca274ec201b9f4e3efc,Sher Sanginov,,Sher Sanginov,2017-11-30T20:46:17Z,fixed UI for create courses,https://github.com/BCStudentSoftwareDevTeam/cas/commit/98fc30d2fa7985cd4daeaca274ec201b9f4e3efc
cas,8d358e75f80442dc8204bd6b005a4208f0bb9607,Jesson Soto Ventura,,Jesson Soto Ventura,2017-11-30T20:44:15Z,Added sections to the excel downloads as the last field,https://github.com/BCStudentSoftwareDevTeam/cas/commit/8d358e75f80442dc8204bd6b005a4208f0bb9607
cas,655084d417ea15ea94ed848b3b984973f6226482,Jesson Soto Ventura,,Jesson Soto Ventura,2017-11-30T20:26:01Z,Enabled flair to show approved and denied special topics #204,https://github.com/BCStudentSoftwareDevTeam/cas/commit/655084d417ea15ea94ed848b3b984973f6226482
cas,a8fca65b4ec3f262a860c4f10935c408f7855574,Jesson Soto Ventura,,Jesson Soto Ventura,2017-11-30T20:11:59Z,Removed edit and delete ability after special topic has been sent to dean,https://github.com/BCStudentSoftwareDevTeam/cas/commit/a8fca65b4ec3f262a860c4f10935c408f7855574
cas,4578158ee125fcd77ed5263640578bab520881df,Jesson Soto Ventura,,Jesson Soto Ventura,2017-11-30T19:55:56Z,Resolved deleted courses showing up as verifed in change tracker issue #206,https://github.com/BCStudentSoftwareDevTeam/cas/commit/4578158ee125fcd77ed5263640578bab520881df
cas,178b68a57c0f52627e92d2ebe17c1851ba0cbd61,myersCody,User,myersCody,2017-11-29T16:01:15Z,Removed two lines related to a debugger that was causes courses not to be saved on edit,https://github.com/BCStudentSoftwareDevTeam/cas/commit/178b68a57c0f52627e92d2ebe17c1851ba0cbd61
cas,1823d841c738057af998327fbdb1140e51705428,memo330179,User,memo330179,2017-11-28T15:01:27Z,add related name so prefetch can work,https://github.com/BCStudentSoftwareDevTeam/cas/commit/1823d841c738057af998327fbdb1140e51705428
cas,ae7df97911f38e64b46c9a847571b7ba754f4e43,memo330179,User,memo330179,2017-11-28T14:31:37Z,change migration scripts,https://github.com/BCStudentSoftwareDevTeam/cas/commit/ae7df97911f38e64b46c9a847571b7ba754f4e43
cas,10bbf2cec3fae69c230f16401cd74349885f7728,nelsonke,User,Cody Myers,2017-11-27T13:51:42Z,"Merged in iss194-195 (pull request #56)

Iss194 195",https://github.com/BCStudentSoftwareDevTeam/cas/commit/10bbf2cec3fae69c230f16401cd74349885f7728
cas,2d3f2f9d6b5b8210533692fc3eb1f23875b90fb8,nelsonkenny,User,nelsonkenny,2017-11-21T17:12:35Z,Aleks and I removed the unnecessary term options and fixed the broken links,https://github.com/BCStudentSoftwareDevTeam/cas/commit/2d3f2f9d6b5b8210533692fc3eb1f23875b90fb8
cas,84985f94851eb14ddb78775e8c41b302c1612f05,nelsonkenny,User,nelsonkenny,2017-11-21T14:18:41Z,Merged conflict fixed,https://github.com/BCStudentSoftwareDevTeam/cas/commit/84985f94851eb14ddb78775e8c41b302c1612f05
cas,b0a82151f1b9673a65a35cc1ce3cba8c26d66704,nelsonkenny,User,nelsonkenny,2017-11-21T14:14:57Z,Merge branch 'master' of https://bitbucket.org/sheggen/cas-flask,https://github.com/BCStudentSoftwareDevTeam/cas/commit/b0a82151f1b9673a65a35cc1ce3cba8c26d66704
cas,c7e3ee7578280976e74cc77ecc7f7557f6858b3c,myersCody,User,nelsonkenny,2017-11-08T13:46:18Z,Fixed issue #193,https://github.com/BCStudentSoftwareDevTeam/cas/commit/c7e3ee7578280976e74cc77ecc7f7557f6858b3c
cas,5d4643172eeca9c17281574802dbbd83ab5490ca,Jesson Soto Ventura,,Cody Myers,2017-11-17T14:37:33Z,"Merged in sections_issue#145 (pull request #55)

Sections issue#145

Approved-by: Cody Myers <myersco@berea.edu>",https://github.com/BCStudentSoftwareDevTeam/cas/commit/5d4643172eeca9c17281574802dbbd83ab5490ca
cas,e7560a31862c561fee927e676196c609b20fa7e2,Jesson Soto Ventura,,Jesson Soto Ventura,2017-11-16T18:30:10Z,Finished adding the sections,https://github.com/BCStudentSoftwareDevTeam/cas/commit/e7560a31862c561fee927e676196c609b20fa7e2
cas,7232a036b6efa3de668b78c651ff01092fe81e79,Jesson Soto Ventura,,Jesson Soto Ventura,2017-11-16T14:57:47Z,Fixed instructors to course table,https://github.com/BCStudentSoftwareDevTeam/cas/commit/7232a036b6efa3de668b78c651ff01092fe81e79
cas,82fb64b7dc4e6cf916724439887060abd4be1a03,Jesson Soto Ventura,,Jesson Soto Ventura,2017-11-16T14:13:53Z,Added Section to DB need to finish db,https://github.com/BCStudentSoftwareDevTeam/cas/commit/82fb64b7dc4e6cf916724439887060abd4be1a03
cas,cad78f9090a97eff9756b6bf3a00b377a216eacb,Jesson Soto Ventura,,memo330179,2017-11-15T00:52:04Z,"Merged in sections_issue#145 (pull request #52)

Developments",https://github.com/BCStudentSoftwareDevTeam/cas/commit/cad78f9090a97eff9756b6bf3a00b377a216eacb
cas,3336c99ad4bda78a5a54bb18e792310dbc082734,Jesson Soto Ventura,,Jesson Soto Ventura,2017-11-14T14:47:28Z,Working on adding sections to special topics,https://github.com/BCStudentSoftwareDevTeam/cas/commit/3336c99ad4bda78a5a54bb18e792310dbc082734
cas,b95dfe85a17f8a2953f9ce97c09c4fa23dde1181,Jesson Soto Ventura,,Jesson Soto Ventura,2017-11-14T14:08:55Z,Moved around the migration files,https://github.com/BCStudentSoftwareDevTeam/cas/commit/b95dfe85a17f8a2953f9ce97c09c4fa23dde1181
cas,c91eb880580d28b24adb6e61c74f02972a707c56,Jesson Soto Ventura,,Jesson Soto Ventura,2017-11-14T14:06:23Z,Wrote datamigration for special topics,https://github.com/BCStudentSoftwareDevTeam/cas/commit/c91eb880580d28b24adb6e61c74f02972a707c56
cas,6909665b314e00a38d2600e9576baf65079cfb3b,Jesson Soto Ventura,,Jesson Soto Ventura,2017-11-14T13:40:58Z,Merge branch 'sections_issue#145' of bitbucket.org:sheggen/cas-flask into sections_issue#145,https://github.com/BCStudentSoftwareDevTeam/cas/commit/6909665b314e00a38d2600e9576baf65079cfb3b
cas,f5d80726908ba709ba7e6077896cf8eaa9a9a23f,sanginovs,User,memo330179,2017-11-13T13:16:51Z,"Merged in issue153 (pull request #46)

allows user to import course from previous terms when creating a new course",https://github.com/BCStudentSoftwareDevTeam/cas/commit/f5d80726908ba709ba7e6077896cf8eaa9a9a23f
cas,2b477ffc01c0e663f9b959cdd0803271b098170f,Aleksandra Cvetanovska,,memo330179,2017-11-13T13:15:12Z,"Merged in issue146 (pull request #42)

Issue146: FIXED conflicts",https://github.com/BCStudentSoftwareDevTeam/cas/commit/2b477ffc01c0e663f9b959cdd0803271b098170f
cas,a94340976034e79b5520309e70cdffda9ffa9ba5,Aleksandra Cvetanovska,,Aleksandra Cvetanovska,2017-11-10T22:14:15Z,FIXED conflicts,https://github.com/BCStudentSoftwareDevTeam/cas/commit/a94340976034e79b5520309e70cdffda9ffa9ba5
cas,e6783b869050048d52b731485c7b2f3456cd3278,Aleksandra Cvetanovska,,Aleksandra Cvetanovska,2017-10-15T23:29:01Z,ADDED: Special Topic Course Form Integration,https://github.com/BCStudentSoftwareDevTeam/cas/commit/e6783b869050048d52b731485c7b2f3456cd3278
cas,231c19be77cb4a44410c37ef77e336ecf993753c,Aleksandra Cvetanovska,,Aleksandra Cvetanovska,2017-10-15T23:00:08Z,ADDED: Integrated Special Topic Courses Fully.,https://github.com/BCStudentSoftwareDevTeam/cas/commit/231c19be77cb4a44410c37ef77e336ecf993753c
cas,0b066a8a03558c718fe08dd40d21b1c5259febee,Aleksandra Cvetanovska,,Aleksandra Cvetanovska,2017-10-13T18:32:53Z,ADDED: Special Topic Form is integrated. The only thing missing is validation on submit.,https://github.com/BCStudentSoftwareDevTeam/cas/commit/0b066a8a03558c718fe08dd40d21b1c5259febee
cas,baf033bd59d323ad5f084ca9753af59d01a3b3ad,Aleksandra Cvetanovska,,Aleksandra Cvetanovska,2017-10-12T13:22:37Z,Integrated the Special Topic Form,https://github.com/BCStudentSoftwareDevTeam/cas/commit/baf033bd59d323ad5f084ca9753af59d01a3b3ad
cas,0cadc8dd9a55da1a99058b4aeefd2670613a3701,Aleksandra Cvetanovska,,Aleksandra Cvetanovska,2017-11-09T14:08:40Z,FIXED conflicts,https://github.com/BCStudentSoftwareDevTeam/cas/commit/0cadc8dd9a55da1a99058b4aeefd2670613a3701
cas,46ab115ec4a35a3de4f5449c86c4defcffcbe871,myersCody,User,myersCody,2017-11-08T13:46:18Z,Fixed issue #193,https://github.com/BCStudentSoftwareDevTeam/cas/commit/46ab115ec4a35a3de4f5449c86c4defcffcbe871
cas,785130378dd9ec5bf192609c1acfd33ad12da79c,Sher Sanginov,,Sher Sanginov,2017-11-02T18:25:17Z,works for multiple instructors,https://github.com/BCStudentSoftwareDevTeam/cas/commit/785130378dd9ec5bf192609c1acfd33ad12da79c
cas,ebc5aaf302b6b7946c161706761a8ea7fcc209b7,Sher Sanginov,,Sher Sanginov,2017-11-02T18:00:35Z,commented,https://github.com/BCStudentSoftwareDevTeam/cas/commit/ebc5aaf302b6b7946c161706761a8ea7fcc209b7
cas,cd8e1a1d1c7de61e732fd0ac23dcb4ee0575e79e,Jesson Soto Ventura,,Jesson Soto Ventura,2017-11-02T17:50:16Z,Fixed create_db.py,https://github.com/BCStudentSoftwareDevTeam/cas/commit/cd8e1a1d1c7de61e732fd0ac23dcb4ee0575e79e
cas,d7750dbe429095b575dc6154d645f63971ed26bb,Jesson Soto Ventura,,Jesson Soto Ventura,2017-11-02T17:46:24Z,Merge branch 'sections_issue#145' of bitbucket.org:sheggen/cas-flask into sections_issue#145,https://github.com/BCStudentSoftwareDevTeam/cas/commit/d7750dbe429095b575dc6154d645f63971ed26bb
cas,1a1709e6e3d7a3d73747608facf6cc4c9f58ee59,Sher Sanginov,,Sher Sanginov,2017-11-02T17:38:26Z,instructor resolved,https://github.com/BCStudentSoftwareDevTeam/cas/commit/1a1709e6e3d7a3d73747608facf6cc4c9f58ee59
cas,09ef3ae75bc9fc4a70364d5daf7b106ac6d9427e,Sher Sanginov,,Sher Sanginov,2017-11-02T17:22:00Z,Merge branch 'development' into issue153,https://github.com/BCStudentSoftwareDevTeam/cas/commit/09ef3ae75bc9fc4a70364d5daf7b106ac6d9427e
cas,cc387a5e13f02dc66c2bb12d5da4876f11c2b290,memo330179,User,memo330179,2017-11-02T14:02:38Z,remove unused can_edit variable,https://github.com/BCStudentSoftwareDevTeam/cas/commit/cc387a5e13f02dc66c2bb12d5da4876f11c2b290
cas,ac9e1a05519f0a3d618421697b1c10368fbb6ccc,memo330179,User,memo330179,2017-11-02T14:00:59Z,add can_edit variable to delete course,https://github.com/BCStudentSoftwareDevTeam/cas/commit/ac9e1a05519f0a3d618421697b1c10368fbb6ccc
cas,e13bb26e6053f07d643e1946117f152309f4c732,Jesson Soto Ventura,,Jesson Soto Ventura,2017-11-02T13:30:40Z,Added back create files,https://github.com/BCStudentSoftwareDevTeam/cas/commit/e13bb26e6053f07d643e1946117f152309f4c732
cas,8c4136cbad3b26e14d08e1be16355be3aa5be427,Jesson Soto Ventura,,Jesson Soto Ventura,2017-10-26T18:25:23Z,Fixed merge issues?,https://github.com/BCStudentSoftwareDevTeam/cas/commit/8c4136cbad3b26e14d08e1be16355be3aa5be427
cas,36777d487102c72babbb6851021b85e40227ca82,Sher Sanginov,,Sher Sanginov,2017-11-02T13:38:45Z,instructor issue resolved,https://github.com/BCStudentSoftwareDevTeam/cas/commit/36777d487102c72babbb6851021b85e40227ca82
cas,794a729e34d7522c15927f3edb8059507f2d68c5,Jesson Soto Ventura,,Jesson Soto Ventura,2017-11-02T13:30:40Z,Added back create files,https://github.com/BCStudentSoftwareDevTeam/cas/commit/794a729e34d7522c15927f3edb8059507f2d68c5
cas,9388e815bb22de74a87a3db8b6fef88d054a84df,Sher Sanginov,,Sher Sanginov,2017-11-02T13:17:23Z,Merge branch 'development' into issue153,https://github.com/BCStudentSoftwareDevTeam/cas/commit/9388e815bb22de74a87a3db8b6fef88d054a84df
cas,d68299c8d6a601d6132ce1cab5053008c54db1ca,Jesson Soto Ventura,,Cody Myers,2017-11-02T13:11:42Z,"Merged in small_fixes (pull request #54)

Small fixes

Approved-by: Sher Sanginov <shersanginov6505@gmail.com>",https://github.com/BCStudentSoftwareDevTeam/cas/commit/d68299c8d6a601d6132ce1cab5053008c54db1ca
cas,15371e3dda7a65f42d8a4255d5dc2253584e34dd,Jesson Soto Ventura,,Jesson Soto Ventura,2017-11-02T12:55:43Z,Added notes to the excel and solved conflicts,https://github.com/BCStudentSoftwareDevTeam/cas/commit/15371e3dda7a65f42d8a4255d5dc2253584e34dd
cas,5eb21fbeb0f642e0985e569da0dd84d7e79f6feb,Jesson Soto Ventura,,Jesson Soto Ventura,2017-11-02T12:39:21Z,Fixed key issue on admin courseTable,https://github.com/BCStudentSoftwareDevTeam/cas/commit/5eb21fbeb0f642e0985e569da0dd84d7e79f6feb
cas,f656e149182fff8df1080a5feab06c822f333eab,Sher Sanginov,,Sher Sanginov,2017-11-02T12:18:24Z,Merge branch 'development' into issue153,https://github.com/BCStudentSoftwareDevTeam/cas/commit/f656e149182fff8df1080a5feab06c822f333eab
cas,0b5ce4ed12e1336ccde5d831ede81e17c0dd2f16,nelsonke,User,memo330179,2017-10-31T15:06:18Z,"Merged in iss154 (pull request #43)

Iss154",https://github.com/BCStudentSoftwareDevTeam/cas/commit/0b5ce4ed12e1336ccde5d831ede81e17c0dd2f16
cas,ef74a5abdb7ed76cd519d2aa3cdff9f3b35751b8,memo330179,User,memo330179,2017-10-31T15:05:51Z,merging,https://github.com/BCStudentSoftwareDevTeam/cas/commit/ef74a5abdb7ed76cd519d2aa3cdff9f3b35751b8
cas,35975391454312f150165b7e6e9ee032b26a186f,memo330179,User,memo330179,2017-10-31T15:04:29Z,Merge branch 'development' into iss154,https://github.com/BCStudentSoftwareDevTeam/cas/commit/35975391454312f150165b7e6e9ee032b26a186f
cas,8ad4682df008f2ba742e3b3f1985ce06e30d6455,memo330179,User,memo330179,2017-10-31T15:02:09Z,fix models again,https://github.com/BCStudentSoftwareDevTeam/cas/commit/8ad4682df008f2ba742e3b3f1985ce06e30d6455
cas,19e98a8e61dfd0e7555f1dfc23386f16808c8699,nelsonkenny,User,nelsonkenny,2017-10-31T15:00:47Z,made a small change in the models file,https://github.com/BCStudentSoftwareDevTeam/cas/commit/19e98a8e61dfd0e7555f1dfc23386f16808c8699
cas,9d8231a00ce0d88d701f672fa22d7446bda7132e,nelsonkenny,User,nelsonkenny,2017-10-31T14:57:05Z,Merge branch 'development' into iss154,https://github.com/BCStudentSoftwareDevTeam/cas/commit/9d8231a00ce0d88d701f672fa22d7446bda7132e
cas,b58983338b718610a981440549fe6540eb28acb4,memo330179,User,memo330179,2017-10-31T14:55:52Z,fix models,https://github.com/BCStudentSoftwareDevTeam/cas/commit/b58983338b718610a981440549fe6540eb28acb4
cas,e00b9f4f0c3e050cfc3d3fe8e50530a74ff97d8c,nelsonkenny,User,nelsonkenny,2017-10-31T14:46:14Z,Merge branch 'development' into iss154,https://github.com/BCStudentSoftwareDevTeam/cas/commit/e00b9f4f0c3e050cfc3d3fe8e50530a74ff97d8c
cas,af5d833485f0a2077819854c04743d32f813f7d7,memo330179,User,memo330179,2017-10-31T14:45:24Z,"Merged in login_fix (pull request #53)

ensure that user is authenticated before proceeding",https://github.com/BCStudentSoftwareDevTeam/cas/commit/af5d833485f0a2077819854c04743d32f813f7d7
cas,526e51b7e006b9221588f4c907f9037edf4c45f7,nelsonkenny,User,nelsonkenny,2017-10-31T14:43:17Z,Fixed conflicts,https://github.com/BCStudentSoftwareDevTeam/cas/commit/526e51b7e006b9221588f4c907f9037edf4c45f7
cas,3bb5a4ab28a0965e32d9bc63b2dd3f31b1d43d58,nelsonkenny,User,nelsonkenny,2017-10-31T14:30:40Z,"added admin dropdown to the coursetable view, sorted the courses, added hover capability to the course table""",https://github.com/BCStudentSoftwareDevTeam/cas/commit/3bb5a4ab28a0965e32d9bc63b2dd3f31b1d43d58
cas,2ae429024075ff360f5e9abf584757ce8352afeb,memo330179,User,memo330179,2017-10-31T14:21:00Z,ensure that user is authenticated before proceeding,https://github.com/BCStudentSoftwareDevTeam/cas/commit/2ae429024075ff360f5e9abf584757ce8352afeb
cas,739deff5da95830acab59bdc89b771fefba5ca82,Sher Sanginov,,Sher Sanginov,2017-10-31T13:31:02Z,resolved merge conflict,https://github.com/BCStudentSoftwareDevTeam/cas/commit/739deff5da95830acab59bdc89b771fefba5ca82
cas,f4625f61ed422e97147051456c90cb04791d37d5,memo330179,User,memo330179,2017-10-27T12:53:21Z,"Merged in flask_login_implement (pull request #50)

use flask_login to keep user in session.",https://github.com/BCStudentSoftwareDevTeam/cas/commit/f4625f61ed422e97147051456c90cb04791d37d5
cas,052b064ca58b982b873cecfd64b8877bca7a0f8a,memo330179,User,memo330179,2017-10-19T16:53:05Z,use flask_login to keep user in session.,https://github.com/BCStudentSoftwareDevTeam/cas/commit/052b064ca58b982b873cecfd64b8877bca7a0f8a
cas,a939c7281c2e2caca304a206ac801bf158202e88,Jesson Soto Ventura,,Jesson Soto Ventura,2017-10-26T18:25:23Z,Fixed merge issues?,https://github.com/BCStudentSoftwareDevTeam/cas/commit/a939c7281c2e2caca304a206ac801bf158202e88
cas,036ee2174c073a110cc2940ec9f99469f25fc891,Aleksandra Cvetanovska,,memo330179,2017-10-15T23:29:01Z,ADDED: Special Topic Course Form Integration,https://github.com/BCStudentSoftwareDevTeam/cas/commit/036ee2174c073a110cc2940ec9f99469f25fc891
cas,2eea5e50363030efdc84f17221cb13124cfdde54,Aleksandra Cvetanovska,,memo330179,2017-10-15T23:00:08Z,ADDED: Integrated Special Topic Courses Fully.,https://github.com/BCStudentSoftwareDevTeam/cas/commit/2eea5e50363030efdc84f17221cb13124cfdde54
cas,fd427251660cdad53908487be35900f67f1eb5db,Aleksandra Cvetanovska,,memo330179,2017-10-13T18:32:53Z,ADDED: Special Topic Form is integrated. The only thing missing is validation on submit.,https://github.com/BCStudentSoftwareDevTeam/cas/commit/fd427251660cdad53908487be35900f67f1eb5db
cas,9e74a328175c0327fef2853f55c05529ea2b2371,Aleksandra Cvetanovska,,memo330179,2017-10-12T13:22:37Z,Integrated the Special Topic Form,https://github.com/BCStudentSoftwareDevTeam/cas/commit/9e74a328175c0327fef2853f55c05529ea2b2371
cas,8fad4b6139ae8ae51200d5dc2882dd7af35074a4,Aleksandra Cvetanovska,,memo330179,2017-10-12T13:22:37Z,Integrated the Special Topic Form,https://github.com/BCStudentSoftwareDevTeam/cas/commit/8fad4b6139ae8ae51200d5dc2882dd7af35074a4
cas,aaaac60ec8919c4cb69ec61c3ad2579bfcb60f72,Cody Myers,,memo330179,2017-10-26T14:26:58Z,"Merged in iss143 (pull request #39)

Issue #143 : Added three new columns to the excel download.",https://github.com/BCStudentSoftwareDevTeam/cas/commit/aaaac60ec8919c4cb69ec61c3ad2579bfcb60f72
cas,e9a7397ff191d6f1909103aed8bdf84c64172195,Chauwaj,User,memo330179,2017-10-26T14:25:46Z,"Merged in iss#160 (pull request #49)

Updates pull request #160. Added spacing between glyphycons on course table and reduced clickable area around the edit and trash icons.",https://github.com/BCStudentSoftwareDevTeam/cas/commit/e9a7397ff191d6f1909103aed8bdf84c64172195
cas,069ec6dbddacb4f551866fb780e9439814e97ede,josezindia,User,memo330179,2017-10-26T14:25:17Z,"Merged in issue#177 (pull request #20)

Added arrows to  indicate  a dropdown under each division

Approved-by: Sher Sanginov <shersanginov6505@gmail.com>
Approved-by: Cody Myers <myersco@berea.edu>",https://github.com/BCStudentSoftwareDevTeam/cas/commit/069ec6dbddacb4f551866fb780e9439814e97ede
cas,0bba5f5c6514a68bba43453ae438eb59d5ba89f3,Cody Myers,,memo330179,2017-10-26T14:23:52Z,"Merged in iss191 (pull request #51)

Iss191

Approved-by: Guillermo ramos <guillermoramos330179@gmail.com>",https://github.com/BCStudentSoftwareDevTeam/cas/commit/0bba5f5c6514a68bba43453ae438eb59d5ba89f3
cas,6b330589cb167269deff3df3df0509a24caaef2d,Sher Sanginov,,Sher Sanginov,2017-10-24T17:38:39Z,fixed dev setup by adding a table into database,https://github.com/BCStudentSoftwareDevTeam/cas/commit/6b330589cb167269deff3df3df0509a24caaef2d
cas,62ff47e3bfae2090f6c9386149fb732d4f022321,Chauwaj,User,sanginovs,2017-10-24T17:24:35Z,"Merged in issj (pull request #47)

*Added new feature that allows admins to plan summer courses",https://github.com/BCStudentSoftwareDevTeam/cas/commit/62ff47e3bfae2090f6c9386149fb732d4f022321
cas,e4a20757841a597cff2069d25dbd58e9600c3a42,myersCody,User,myersCody,2017-10-24T16:41:58Z,Issue 191: Rewrote the functionality to cover all days of the week,https://github.com/BCStudentSoftwareDevTeam/cas/commit/e4a20757841a597cff2069d25dbd58e9600c3a42
cas,06590df779c138b4b109006d8cd055584f47c202,myersCody,User,myersCody,2017-10-24T16:39:21Z,Issue #191: Added the scheduleDays to the config.yaml,https://github.com/BCStudentSoftwareDevTeam/cas/commit/06590df779c138b4b109006d8cd055584f47c202
cas,f6e897f3427b40724bf6af5e6a5c48456230b60e,myersCody,User,myersCody,2017-10-24T16:38:35Z,Issue 191: Added files to remove error messages in js,https://github.com/BCStudentSoftwareDevTeam/cas/commit/f6e897f3427b40724bf6af5e6a5c48456230b60e
cas,c8f8b80e7ea555710b2646fe8e63f77f0ac24227,myersCody,User,myersCody,2017-10-23T17:39:00Z,"Issue 191: Found a temporary solution for making courseManagementSidebar work for the Scheduling feature. However, I created another issue for this to redesigned in a better manner later",https://github.com/BCStudentSoftwareDevTeam/cas/commit/c8f8b80e7ea555710b2646fe8e63f77f0ac24227
cas,131aac84155643fe7c72e0d313802e04164eeaf1,myersCody,User,myersCody,2017-10-23T17:05:37Z,Issue #191: Rewrote the timeline class data structure,https://github.com/BCStudentSoftwareDevTeam/cas/commit/131aac84155643fe7c72e0d313802e04164eeaf1
cas,d15a67fc2c0fd085b36a63abaa368242f63695f7,myersCody,User,myersCody,2017-10-17T14:14:11Z,Issue #191 : working on changing the data structure to make the timeline appear more coherent,https://github.com/BCStudentSoftwareDevTeam/cas/commit/d15a67fc2c0fd085b36a63abaa368242f63695f7
cas,35bf1e957c4f011d6e23f02f5b62aab93cb041d5,myersCody,User,myersCody,2017-10-16T18:02:01Z,Issue #191 : Created a json call that populates the google api,https://github.com/BCStudentSoftwareDevTeam/cas/commit/35bf1e957c4f011d6e23f02f5b62aab93cb041d5
cas,cef5e6ef6704d1024b092746479c7a97a2102d85,myersCody,User,myersCody,2017-10-13T17:47:34Z,"Issue #191 : Setup the system for the timeline, now I just need to pull the data from the database and arrange the matrix",https://github.com/BCStudentSoftwareDevTeam/cas/commit/cef5e6ef6704d1024b092746479c7a97a2102d85
cas,2b3d313a67f376d60f497a1d1627b312d0fb3d85,nelsonkenny,User,nelsonkenny,2017-10-21T22:32:49Z,Working,https://github.com/BCStudentSoftwareDevTeam/cas/commit/2b3d313a67f376d60f497a1d1627b312d0fb3d85
cas,99b1bc63eeb4090ba28994a9e9c0dc69b4e00a8d,Chauwaj,User,Chauwaj,2017-10-17T20:26:01Z,Added space between glyphycons on the course table and made it such that the clicable area around icons is reduced,https://github.com/BCStudentSoftwareDevTeam/cas/commit/99b1bc63eeb4090ba28994a9e9c0dc69b4e00a8d
cas,e08ee0f7a7b141859235906ab52bbeab247ca185,Chauwaj,User,Chauwaj,2017-10-17T17:51:53Z,Added new feature that allows admins to plan summer courses,https://github.com/BCStudentSoftwareDevTeam/cas/commit/e08ee0f7a7b141859235906ab52bbeab247ca185
cas,688f8a19b352e5d6a4f699ecea78b9573e47e261,Sher Sanginov,,Sher Sanginov,2017-10-17T17:29:20Z,Merge branch 'issue#177' of https://bitbucket.org/sheggen/cas-flask into issue#177,https://github.com/BCStudentSoftwareDevTeam/cas/commit/688f8a19b352e5d6a4f699ecea78b9573e47e261
cas,ff8eb3937b95bec974089121cdb70d0707127717,Jose Zindia,,Sher Sanginov,2017-10-05T18:05:42Z,removed arrows from the div-management,https://github.com/BCStudentSoftwareDevTeam/cas/commit/ff8eb3937b95bec974089121cdb70d0707127717
cas,cc528c65d0de4e65a6ed54336bbf24ca641802e1,Jose Zindia,,Sher Sanginov,2017-10-05T17:38:37Z,updated the course side bar,https://github.com/BCStudentSoftwareDevTeam/cas/commit/cc528c65d0de4e65a6ed54336bbf24ca641802e1
cas,cd7a45a4e3af0b265816aa48879fec4de69e67ac,Jose Zindia,,Sher Sanginov,2017-10-03T20:05:48Z,added arrows to  indicate a dropdown under program  management,https://github.com/BCStudentSoftwareDevTeam/cas/commit/cd7a45a4e3af0b265816aa48879fec4de69e67ac
cas,11978658bdad642d0fad4c471ddf2800266e4f42,Jose Zindia,,Sher Sanginov,2017-09-28T04:36:21Z,Added arrows to  indicate  a dropdown under each division,https://github.com/BCStudentSoftwareDevTeam/cas/commit/11978658bdad642d0fad4c471ddf2800266e4f42
cas,df95e85ea4c9b36ac50ff418831b0a1ea6a986d6,Chauwaj,User,Chauwaj,2017-10-17T16:18:31Z,Fixed the issue where you have errors when you run createdb.py when setting up workspace,https://github.com/BCStudentSoftwareDevTeam/cas/commit/df95e85ea4c9b36ac50ff418831b0a1ea6a986d6
cas,5a26f1d295eb2ea93906b4302b054dc3106e4206,nelsonkenny,User,nelsonkenny,2017-10-17T05:29:12Z,Fixed conflict issues,https://github.com/BCStudentSoftwareDevTeam/cas/commit/5a26f1d295eb2ea93906b4302b054dc3106e4206
cas,04e5b0d43ce5ff0598bdc0759b6ba82db3c815a5,nelsonkenny,User,nelsonkenny,2017-10-17T04:37:13Z,Finished course sequencing table and deleted unnecessary variables in the create_db file,https://github.com/BCStudentSoftwareDevTeam/cas/commit/04e5b0d43ce5ff0598bdc0759b6ba82db3c815a5
cas,4dab5abed674a6e1b0ee8adc537846d7d596616a,nelsonkenny,User,nelsonkenny,2017-09-26T16:07:57Z,"Created the course sequencing table, and added the x button that was missing from the select term modal",https://github.com/BCStudentSoftwareDevTeam/cas/commit/4dab5abed674a6e1b0ee8adc537846d7d596616a
cas,0bb9faeeeaf965eacfa32365bf51eb1617324551,nelsonkenny,User,nelsonkenny,2017-08-29T13:04:09Z,Work done so far on the course table,https://github.com/BCStudentSoftwareDevTeam/cas/commit/0bb9faeeeaf965eacfa32365bf51eb1617324551
cas,97012e326a062fbf8c6aa2ea950645399b446d7c,nelsonkenny,User,nelsonkenny,2017-08-18T17:30:19Z,Work done so far on the course table,https://github.com/BCStudentSoftwareDevTeam/cas/commit/97012e326a062fbf8c6aa2ea950645399b446d7c
cas,afc94b61a4173e4c7ea3492d62309c3cc311257a,nelsonkenny,User,nelsonkenny,2017-08-16T19:02:34Z,Work done so for for the course table,https://github.com/BCStudentSoftwareDevTeam/cas/commit/afc94b61a4173e4c7ea3492d62309c3cc311257a
cas,a39f997aff90a81fda6773199f1745c163a0de66,Cody Myers,,memo330179,2017-10-15T20:22:02Z,"Merged in iss173 (pull request #32)

Got the active page functionality working for AdminMenu

Approved-by: Guillermo ramos <guillermoramos330179@gmail.com>",https://github.com/BCStudentSoftwareDevTeam/cas/commit/a39f997aff90a81fda6773199f1745c163a0de66
cas,44737ab60c7cfc6f1d2df40a65e34c67eeb03c00,Cody Myers,,memo330179,2017-10-15T19:26:49Z,"Merged in iss187 (pull request #38)

Iss187

Approved-by: Guillermo ramos <guillermoramos330179@gmail.com>",https://github.com/BCStudentSoftwareDevTeam/cas/commit/44737ab60c7cfc6f1d2df40a65e34c67eeb03c00
cas,fcaad1dd66f3094270d251a17b7de46153a68712,tahmidefaz,User,memo330179,2017-10-15T19:10:18Z,"Merged in iss170 (pull request #41)

Fixes issue#170

Approved-by: Guillermo ramos <guillermoramos330179@gmail.com>",https://github.com/BCStudentSoftwareDevTeam/cas/commit/fcaad1dd66f3094270d251a17b7de46153a68712
cas,3f15f0bfc8230d302642fbba33213f3c06710aee,johnsonwe,User,memo330179,2017-10-15T18:54:33Z,"Merged in iss189 (pull request #40)

Add admin button now disabled when admin has yet to be selected

Approved-by: Sher Sanginov <shersanginov6505@gmail.com>
Approved-by: Guillermo ramos <guillermoramos330179@gmail.com>",https://github.com/BCStudentSoftwareDevTeam/cas/commit/3f15f0bfc8230d302642fbba33213f3c06710aee
cas,97c7384e45124f59f21a222b5ad2a6d47497c51d,Sher Sanginov,,Sher Sanginov,2017-10-14T05:00:01Z,create course by importing from the previous terms,https://github.com/BCStudentSoftwareDevTeam/cas/commit/97c7384e45124f59f21a222b5ad2a6d47497c51d
cas,c16cd13445a28908f04fc206f58c280ba6085978,Sher Sanginov,,Sher Sanginov,2017-10-14T03:25:58Z,completed functions for routes,https://github.com/BCStudentSoftwareDevTeam/cas/commit/c16cd13445a28908f04fc206f58c280ba6085978
cas,2ff0bdd2aaf380056797013f92e90c5188cddae2,tahmidefaz,User,tahmidefaz,2017-10-13T20:06:10Z,Fixes issue#170,https://github.com/BCStudentSoftwareDevTeam/cas/commit/2ff0bdd2aaf380056797013f92e90c5188cddae2
cas,3ce5c74a177134c956b770c9dbd520a3f9da19c1,johnsonwe,User,johnsonwe,2017-10-13T18:14:17Z,Add admin button now disabled when admin has yet to be selected,https://github.com/BCStudentSoftwareDevTeam/cas/commit/3ce5c74a177134c956b770c9dbd520a3f9da19c1
cas,62a15e2d7bdf503ce42f00a051a1d32f8a510a03,Sher Sanginov,,Sher Sanginov,2017-10-13T14:18:44Z,Fixed a conflict on createCourse.html,https://github.com/BCStudentSoftwareDevTeam/cas/commit/62a15e2d7bdf503ce42f00a051a1d32f8a510a03
cas,be872ecd2a13b9c807eaa3fea627aeb0f777326c,Sher Sanginov,,Sher Sanginov,2017-10-06T13:08:55Z,initial,https://github.com/BCStudentSoftwareDevTeam/cas/commit/be872ecd2a13b9c807eaa3fea627aeb0f777326c
cas,3da14218e0d0db54cd6de7a3239f3dc3bd4f4e76,myersCody,User,Sher Sanginov,2017-10-04T19:33:55Z,Started working on the js function that fills in the courses select,https://github.com/BCStudentSoftwareDevTeam/cas/commit/3da14218e0d0db54cd6de7a3239f3dc3bd4f4e76
cas,32fc63d9a5160726fdcac1368d2b5ab000a77250,Sher Sanginov,,Sher Sanginov,2017-10-04T18:54:47Z,changes,https://github.com/BCStudentSoftwareDevTeam/cas/commit/32fc63d9a5160726fdcac1368d2b5ab000a77250
cas,7c4b9467ae012f73043e7c328d7806a76bd766b1,myersCody,User,myersCody,2017-10-13T13:48:24Z,Removed the abnormal course from addSchedule.html,https://github.com/BCStudentSoftwareDevTeam/cas/commit/7c4b9467ae012f73043e7c328d7806a76bd766b1
cas,0557ab86c21469cff5a5484700315057fb325573,myersCody,User,myersCody,2017-10-13T13:47:09Z,Access the foreign created with database changes,https://github.com/BCStudentSoftwareDevTeam/cas/commit/0557ab86c21469cff5a5484700315057fb325573
cas,4da2652355bc0be53afda617ee550f9e22715dc4,memo330179,User,memo330179,2017-10-13T12:19:31Z,"Merged in new_schedule (pull request #23)

New schedule

Approved-by: Cody Myers <myersco@berea.edu>",https://github.com/BCStudentSoftwareDevTeam/cas/commit/4da2652355bc0be53afda617ee550f9e22715dc4
cas,d3763a43a384311490ef7a072795525eefb0b2fa,memo330179,User,memo330179,2017-10-11T18:44:58Z,add docstrings to functions,https://github.com/BCStudentSoftwareDevTeam/cas/commit/d3763a43a384311490ef7a072795525eefb0b2fa
cas,bfd97109630b2f2f0c92d1b53cc35170859f7479,memo330179,User,memo330179,2017-10-11T18:29:24Z,change existing calls to day,https://github.com/BCStudentSoftwareDevTeam/cas/commit/bfd97109630b2f2f0c92d1b53cc35170859f7479
cas,e593cebc0812144590de2a4ff4301043e8c98b41,memo330179,User,memo330179,2017-10-11T17:59:00Z,use prefetch to get information needed for conflicts,https://github.com/BCStudentSoftwareDevTeam/cas/commit/e593cebc0812144590de2a4ff4301043e8c98b41
cas,55ac723aaf5b0e529da735ee05b0822ab6afd3d4,memo330179,User,memo330179,2017-10-04T00:32:41Z,modify database,https://github.com/BCStudentSoftwareDevTeam/cas/commit/55ac723aaf5b0e529da735ee05b0822ab6afd3d4
cas,51bcf0d557c88f88d48c52d2136a48dd605cfdef,memo330179,User,memo330179,2017-09-26T15:14:13Z,"add migration of schema and data
issue #163",https://github.com/BCStudentSoftwareDevTeam/cas/commit/51bcf0d557c88f88d48c52d2136a48dd605cfdef
cas,0901217ea1407a53238063cd78c0106e40177e07,Jesson Soto Ventura,,Cody Myers,2017-10-11T13:28:11Z,"Merged in dates_issue#185 (pull request #35)

Added Placeholder Text

Approved-by: Cody Myers <myersco@berea.edu>",https://github.com/BCStudentSoftwareDevTeam/cas/commit/0901217ea1407a53238063cd78c0106e40177e07
cas,0d22e795c44101d7451d63d194d8333715771931,Jesson Soto Ventura,,Cody Myers,2017-10-11T13:00:20Z,"Merged in back_issue#184 (pull request #36)

Fixed back button and my name

Approved-by: Sher Sanginov <shersanginov6505@gmail.com>",https://github.com/BCStudentSoftwareDevTeam/cas/commit/0d22e795c44101d7451d63d194d8333715771931
cas,f6c27cbc59cea1211068bcdb231f737283cc3061,Cody Myers,,Cody Myers,2017-10-11T12:30:26Z,"Merged in iss186 (pull request #31)

Fixed Issue #186 : Notes now work on Issue Tracker

Approved-by: Sher Sanginov <shersanginov6505@gmail.com>",https://github.com/BCStudentSoftwareDevTeam/cas/commit/f6c27cbc59cea1211068bcdb231f737283cc3061
cas,2bb7f5173facc7261187b374119b62ffe178b471,Jesson Soto Ventura,,Cody Myers,2017-10-11T12:29:50Z,"Merged in term_fix (pull request #37)

Defined the term at the start",https://github.com/BCStudentSoftwareDevTeam/cas/commit/2bb7f5173facc7261187b374119b62ffe178b471
cas,4dd9ad970db20445151a2fcda5e8ef829180492f,myersCody,User,myersCody,2017-10-10T17:06:16Z,Issue #143 : Added three new columns to the excel download.,https://github.com/BCStudentSoftwareDevTeam/cas/commit/4dd9ad970db20445151a2fcda5e8ef829180492f
cas,79b248a416b83bae5c299bcbfbaaad6b1a30a47f,myersCody,User,myersCody,2017-10-10T16:08:13Z,Removed a duplicate if statement,https://github.com/BCStudentSoftwareDevTeam/cas/commit/79b248a416b83bae5c299bcbfbaaad6b1a30a47f
cas,bbd41e21617437a3bf48bfe15b8a10854889f280,myersCody,User,myersCody,2017-10-10T16:00:53Z,Issue #187: Fixed the controller that makes a course deactivated/activated in the database,https://github.com/BCStudentSoftwareDevTeam/cas/commit/bbd41e21617437a3bf48bfe15b8a10854889f280
cas,db7826fbc4345f391bcf2deb1915be4189e1a4e4,Jesson Soto Ventura,,Jesson Soto Ventura,2017-10-10T15:08:46Z,Defined the term at the start,https://github.com/BCStudentSoftwareDevTeam/cas/commit/db7826fbc4345f391bcf2deb1915be4189e1a4e4
cas,fff91f00c7cfc210ab9406d361063de43a6b9932,myersCody,User,myersCody,2017-10-10T15:08:36Z,Issue 187: Added Edit Active Courses to the coursemanagement sidebar,https://github.com/BCStudentSoftwareDevTeam/cas/commit/fff91f00c7cfc210ab9406d361063de43a6b9932
cas,09792d729cfa11aa4f1e5b682edc378319765dee,myersCody,User,myersCody,2017-10-10T15:05:16Z,Issue #187: Working on Deactivating course UI,https://github.com/BCStudentSoftwareDevTeam/cas/commit/09792d729cfa11aa4f1e5b682edc378319765dee
cas,ed754791f015569f5e7dc31d84ae834fde154b38,Jesson Soto Ventura,,Jesson Soto Ventura,2017-10-10T14:30:58Z,Fixed back button and my name,https://github.com/BCStudentSoftwareDevTeam/cas/commit/ed754791f015569f5e7dc31d84ae834fde154b38
cas,f7318aa451b7a53526b54c9c09a3f79a2dc6f669,Jesson Soto Ventura,,Jesson Soto Ventura,2017-10-10T14:12:59Z,Added Placeholder Text,https://github.com/BCStudentSoftwareDevTeam/cas/commit/f7318aa451b7a53526b54c9c09a3f79a2dc6f669
cas,866d9373ea7b1532d9274df1c7f404d767385edf,Jesson Soto Ventura,,memo330179,2017-10-10T14:06:09Z,"Merged in lock_info_#179 (pull request #25)

Added tooltip on hover to each icon

Approved-by: Guillermo ramos <guillermoramos330179@gmail.com>",https://github.com/BCStudentSoftwareDevTeam/cas/commit/866d9373ea7b1532d9274df1c7f404d767385edf
cas,ba12706e518e531c3e7c43076801d8a13b4bfe39,Jesson Soto Ventura,,Jesson Soto Ventura,2017-10-10T14:03:36Z,Merged development into lock_info_#179,https://github.com/BCStudentSoftwareDevTeam/cas/commit/ba12706e518e531c3e7c43076801d8a13b4bfe39
cas,46a6a8f6182bc83f2a58c8e00163b1cbac00763f,Jesson Soto Ventura,,Jesson Soto Ventura,2017-10-10T14:02:29Z,"Merge branch 'lock_info_#179' of bitbucket.org:sheggen/cas-flask into lock_info_#179
""Fixed bold merge issue""",https://github.com/BCStudentSoftwareDevTeam/cas/commit/46a6a8f6182bc83f2a58c8e00163b1cbac00763f
cas,328221e910b50d0ac972971c83ed48db8c6ee67b,Jesson Soto Ventura,,memo330179,2017-10-10T14:00:41Z,"Merged in capacity_issue#167 (pull request #27)

Set max=50 and min=1 for capacity

Approved-by: Sher Sanginov <shersanginov6505@gmail.com>
Approved-by: Guillermo ramos <guillermoramos330179@gmail.com>",https://github.com/BCStudentSoftwareDevTeam/cas/commit/328221e910b50d0ac972971c83ed48db8c6ee67b
cas,9f7c40eaf89305fd5f0fc042c288940e973992bf,johnsonwe,User,memo330179,2017-10-10T14:00:17Z,"Merged in issue#169 (pull request #33)

Enables/Disables Remove button based on user selection of admin

Approved-by: Sher Sanginov <shersanginov6505@gmail.com>
Approved-by: Guillermo ramos <guillermoramos330179@gmail.com>",https://github.com/BCStudentSoftwareDevTeam/cas/commit/9f7c40eaf89305fd5f0fc042c288940e973992bf
cas,0dab33f050d7e2b68b7591a63f696bb50d5b61e0,johnsonwe,User,sanginovs,2017-10-10T13:59:24Z,"Merged in iss168 (pull request #34)

Added 'x' to term select modal

Approved-by: Sher Sanginov <shersanginov6505@gmail.com>
Approved-by: Guillermo ramos <guillermoramos330179@gmail.com>",https://github.com/BCStudentSoftwareDevTeam/cas/commit/0dab33f050d7e2b68b7591a63f696bb50d5b61e0
cas,0410a410318449e9c167a506b803b20dbaab61ce,Jesson Soto Ventura,,Jesson Soto Ventura,2017-10-10T13:59:07Z,Fixed merge issues and added bold to some text,https://github.com/BCStudentSoftwareDevTeam/cas/commit/0410a410318449e9c167a506b803b20dbaab61ce
cas,7862afabcc56b59fc7eb9ff20a7211f66a967164,myersCody,User,myersCody,2017-10-09T15:31:19Z,Issue#187: Started working on the UI for the activate/deactivate a course,https://github.com/BCStudentSoftwareDevTeam/cas/commit/7862afabcc56b59fc7eb9ff20a7211f66a967164
cas,4f0f5c3a73ac594f86a3e8ada54aac12920bac6e,myersCody,User,myersCody,2017-10-09T15:30:35Z,Issue#187: added the edit active courses to the course management sidebar,https://github.com/BCStudentSoftwareDevTeam/cas/commit/4f0f5c3a73ac594f86a3e8ada54aac12920bac6e
cas,364288e7b07ecaf1ee9a1e5d3d391b101a5949b6,myersCody,User,myersCody,2017-10-09T14:55:13Z,Issue #187: Added changes to models & updated a select query on courses to contain only active courses,https://github.com/BCStudentSoftwareDevTeam/cas/commit/364288e7b07ecaf1ee9a1e5d3d391b101a5949b6
cas,095087ca41b4271f80e62ed5837d77f3139dcdd3,myersCody,User,myersCody,2017-10-09T14:48:22Z,Changed a file name,https://github.com/BCStudentSoftwareDevTeam/cas/commit/095087ca41b4271f80e62ed5837d77f3139dcdd3
cas,f551d9ca64b51826fe5186b719dfc1812a68f8f9,myersCody,User,myersCody,2017-10-09T14:46:41Z,Issue#187: added a script that will add the is_active field to bannercourses.,https://github.com/BCStudentSoftwareDevTeam/cas/commit/f551d9ca64b51826fe5186b719dfc1812a68f8f9
cas,5c0fec063dfaab007331b793cd1ac833413dcda3,johnsonwe,User,sanginovs,2017-10-07T02:09:53Z,"Merged in iss158 (pull request #24)

Iss158

Approved-by: Guillermo ramos <guillermoramos330179@gmail.com>
Approved-by: Sher Sanginov <shersanginov6505@gmail.com>",https://github.com/BCStudentSoftwareDevTeam/cas/commit/5c0fec063dfaab007331b793cd1ac833413dcda3
cas,0f91defd87d14539c6158cbff2e5aa4fcc794a25,Sher Sanginov,,Sher Sanginov,2017-10-07T01:54:23Z,inserted closing bootstrap button tag,https://github.com/BCStudentSoftwareDevTeam/cas/commit/0f91defd87d14539c6158cbff2e5aa4fcc794a25
cas,7b265a8ee7f4ad7b531f745667db4e9df8258f94,Sher Sanginov,,Sher Sanginov,2017-10-07T01:41:39Z,fixed windows onload is not a function,https://github.com/BCStudentSoftwareDevTeam/cas/commit/7b265a8ee7f4ad7b531f745667db4e9df8258f94
cas,510487c46a49e87e476304997f4800ef1dd9f572,johnsonwe,User,johnsonwe,2017-10-06T18:15:35Z,Added 'x' to term select modal,https://github.com/BCStudentSoftwareDevTeam/cas/commit/510487c46a49e87e476304997f4800ef1dd9f572
cas,fdf5c8000049b39e374ace929566308fee957510,johnsonwe,User,johnsonwe,2017-10-06T17:57:13Z,Merge branch 'development' of https://bitbucket.org/sheggen/cas-flask into issue#169,https://github.com/BCStudentSoftwareDevTeam/cas/commit/fdf5c8000049b39e374ace929566308fee957510
cas,73397cdbd8132d2c98374efc1799764a70caa9ae,johnsonwe,User,johnsonwe,2017-10-06T17:56:59Z,Enables/Disables Remove button based on user selection of admin,https://github.com/BCStudentSoftwareDevTeam/cas/commit/73397cdbd8132d2c98374efc1799764a70caa9ae
cas,8b990429691307031440138d92dd9b620cd0fd3b,myersCody,User,myersCody,2017-10-06T15:09:26Z,Fixed Issue #186 : Notes now work on Issue Tracker,https://github.com/BCStudentSoftwareDevTeam/cas/commit/8b990429691307031440138d92dd9b620cd0fd3b
cas,f72afdc710f7e9e3c7171be4b825ac53e94c7857,myersCody,User,myersCody,2017-10-06T14:51:03Z,"Removed the drop column, that was not needed",https://github.com/BCStudentSoftwareDevTeam/cas/commit/f72afdc710f7e9e3c7171be4b825ac53e94c7857
cas,5daf3957cf84e3e6babbd1e51fb3be0c17f245ab,Jesson Soto Ventura,,Cody Myers,2017-10-06T14:44:16Z,"Merged in colors_issue#181 (pull request #26)

Added labels to indicate the status of each change in the tracker

Approved-by: Guillermo ramos <guillermoramos330179@gmail.com>",https://github.com/BCStudentSoftwareDevTeam/cas/commit/5daf3957cf84e3e6babbd1e51fb3be0c17f245ab
cas,800b8b3a5552323b296932908572d8b4aaf4fdd9,myersCody,User,myersCody,2017-10-06T14:43:26Z,Added comments about my changes,https://github.com/BCStudentSoftwareDevTeam/cas/commit/800b8b3a5552323b296932908572d8b4aaf4fdd9
cas,79086fc9900c5224dfec1d51049c17b61fa2d43d,myersCody,User,myersCody,2017-10-06T14:37:36Z,Changed the icon color for if an icon is selected,https://github.com/BCStudentSoftwareDevTeam/cas/commit/79086fc9900c5224dfec1d51049c17b61fa2d43d
cas,6f95adb719e64385e68c0fae8b4f5e29a4818066,myersCody,User,myersCody,2017-10-06T14:09:47Z,Removed a duplicate js import that was causing a 404,https://github.com/BCStudentSoftwareDevTeam/cas/commit/6f95adb719e64385e68c0fae8b4f5e29a4818066
cas,1ec34a7e313475187fd99d1780035697f96cbd33,myersCody,User,myersCody,2017-10-06T14:09:18Z,Added a database change file that adds the bnum field. So that we continue to use our production database,https://github.com/BCStudentSoftwareDevTeam/cas/commit/1ec34a7e313475187fd99d1780035697f96cbd33
cas,f99857e970c0508395bb0ffd060615f5aa6ab0a5,myersCody,User,myersCody,2017-10-06T13:58:09Z,Merge branch 'development' into colors_issue#181,https://github.com/BCStudentSoftwareDevTeam/cas/commit/f99857e970c0508395bb0ffd060615f5aa6ab0a5
cas,b319e600315d1fc2f65ee8b948ecfb7bdbed7bb0,Jesson Soto Ventura,,sanginovs,2017-10-06T13:23:59Z,"Merged in database_rename (pull request #30)

The 001_rename_editable_field, should allow database migration now

Approved-by: Sher Sanginov <shersanginov6505@gmail.com>",https://github.com/BCStudentSoftwareDevTeam/cas/commit/b319e600315d1fc2f65ee8b948ecfb7bdbed7bb0
cas,c689d7c2d23c88f59a6339899d5b6a71b25b92f7,memo330179,User,sanginovs,2017-10-06T13:21:20Z,"Merged in testing (pull request #22)

add testing framework files

Approved-by: Cody Myers <myersco@berea.edu>
Approved-by: Sher Sanginov <shersanginov6505@gmail.com>",https://github.com/BCStudentSoftwareDevTeam/cas/commit/c689d7c2d23c88f59a6339899d5b6a71b25b92f7
cas,d2a4bf056c0ebad9a2f110c32d39df49ac68dc90,Cody Myers,,sanginovs,2017-10-06T13:19:43Z,"Merged in iss178 (pull request #15)

fix issue #178 - Added notes to the excel download

Approved-by: Guillermo ramos <guillermoramos330179@gmail.com>
Approved-by: Sher Sanginov <shersanginov6505@gmail.com>",https://github.com/BCStudentSoftwareDevTeam/cas/commit/d2a4bf056c0ebad9a2f110c32d39df49ac68dc90
cas,0ba66c57ecfaf63d514d366892f0e1e474355692,Sher Sanginov,,Sher Sanginov,2017-10-06T13:18:28Z,fixing merging conflicts,https://github.com/BCStudentSoftwareDevTeam/cas/commit/0ba66c57ecfaf63d514d366892f0e1e474355692
cas,fd69e3872afc419e8f1b27583988f59ef0ba8198,Cody Myers,,sanginovs,2017-10-06T13:07:17Z,"Merged in iss183 (pull request #28)

Iss183

Approved-by: Sher Sanginov <shersanginov6505@gmail.com>",https://github.com/BCStudentSoftwareDevTeam/cas/commit/fd69e3872afc419e8f1b27583988f59ef0ba8198
cas,0c5bdc8ca41faecbade6c6fec0e7357f0240e346,Cody Myers,,sanginovs,2017-10-06T13:04:08Z,"Merged in iss182 (pull request #29)

Fixed issue#182 : Changed the <a></a> to <button>

Approved-by: Guillermo ramos <guillermoramos330179@gmail.com>",https://github.com/BCStudentSoftwareDevTeam/cas/commit/0c5bdc8ca41faecbade6c6fec0e7357f0240e346
cas,63e338fa1c9c4ace0e298d4f607606ddbebbf07f,Chauwaj,User,sanginovs,2017-10-06T12:57:56Z,"Merged in iss128 (pull request #21)

Fixed

Approved-by: Guillermo ramos <guillermoramos330179@gmail.com>
Approved-by: Sher Sanginov <shersanginov6505@gmail.com>",https://github.com/BCStudentSoftwareDevTeam/cas/commit/63e338fa1c9c4ace0e298d4f607606ddbebbf07f
cas,bd6f59bc52f67eeadddafddae4161cebf7e2aa47,Jesson Soto Ventura,,Jesson Soto Ventura,2017-10-05T18:31:03Z,"The 001_rename_editable_field, should allow database migration now",https://github.com/BCStudentSoftwareDevTeam/cas/commit/bd6f59bc52f67eeadddafddae4161cebf7e2aa47
cas,2dade7c6e7110eeb1c4483b487c76b35a76b9972,myersCody,User,myersCody,2017-10-05T18:16:21Z,Fixed issue#182 : Changed the <a></a> to <button>,https://github.com/BCStudentSoftwareDevTeam/cas/commit/2dade7c6e7110eeb1c4483b487c76b35a76b9972
cas,34bca7479ed468307dac3f6f0f2d728f770eaa32,Jose Zindia,,Jose Zindia,2017-10-05T18:05:42Z,removed arrows from the div-management,https://github.com/BCStudentSoftwareDevTeam/cas/commit/34bca7479ed468307dac3f6f0f2d728f770eaa32
cas,861b47b545149ecb871edc8598c76cd477ec5264,myersCody,User,myersCody,2017-10-05T17:44:54Z,Removed a print statement,https://github.com/BCStudentSoftwareDevTeam/cas/commit/861b47b545149ecb871edc8598c76cd477ec5264
cas,e5d80ae36bcb6d81ee46e6d1f28a0d20d7881159,Jose Zindia,,Jose Zindia,2017-10-05T17:38:37Z,updated the course side bar,https://github.com/BCStudentSoftwareDevTeam/cas/commit/e5d80ae36bcb6d81ee46e6d1f28a0d20d7881159
cas,8bd75117e02a78414957a37e5093f6bf2a53d442,myersCody,User,myersCody,2017-10-05T17:37:45Z,Fixed issue 183 : Ordered the cross listed courses so that the crosslisted courses are located near each other,https://github.com/BCStudentSoftwareDevTeam/cas/commit/8bd75117e02a78414957a37e5093f6bf2a53d442
cas,736187860dc4b1ed24a814b5c639fd9b0736afbc,myersCody,User,myersCody,2017-10-05T15:26:37Z,Merge branch 'master' into iss183,https://github.com/BCStudentSoftwareDevTeam/cas/commit/736187860dc4b1ed24a814b5c639fd9b0736afbc
cas,fbf736ebc750a728e699271cdd05779934b7444a,Jesson Soto Ventura,,Jesson Soto Ventura,2017-10-05T13:34:13Z,Set max=50 and min=1 for capacity,https://github.com/BCStudentSoftwareDevTeam/cas/commit/fbf736ebc750a728e699271cdd05779934b7444a
cas,ed9a6ebaf9799e715beb2963a799992c51a32bb6,Jesson Soto Ventura,,Jesson Soto Ventura,2017-10-05T12:55:46Z,Added labels to indicate the status of each change in the tracker,https://github.com/BCStudentSoftwareDevTeam/cas/commit/ed9a6ebaf9799e715beb2963a799992c51a32bb6
cas,896ae249240543e60cb8f7870a424e2a880e10e4,Jesson Soto Ventura,,Jesson Soto Ventura,2017-10-04T21:20:14Z,Added tooltip on hover to each icon,https://github.com/BCStudentSoftwareDevTeam/cas/commit/896ae249240543e60cb8f7870a424e2a880e10e4
cas,e06c3dfb3eb30233d1ba54dfdf4a932df4c4244d,johnsonwe,User,johnsonwe,2017-10-04T20:55:13Z,"Revert ""Changes the color of error messages to red""

This reverts commit b6c45328ea3267a3fe91c76a456258c8c88add71.",https://github.com/BCStudentSoftwareDevTeam/cas/commit/e06c3dfb3eb30233d1ba54dfdf4a932df4c4244d
cas,6136cdac858d9bdb966db5a6b49a9ef0e78e8b45,johnsonwe,User,johnsonwe,2017-10-04T20:45:33Z,Merge branch 'development' of https://bitbucket.org/sheggen/cas-flask into iss158,https://github.com/BCStudentSoftwareDevTeam/cas/commit/6136cdac858d9bdb966db5a6b49a9ef0e78e8b45
cas,fe5a05781f4b3fe8619e010175e523ebade11ee5,johnsonwe,User,johnsonwe,2017-10-04T20:44:55Z,Changed sidebar term search functionality,https://github.com/BCStudentSoftwareDevTeam/cas/commit/fe5a05781f4b3fe8619e010175e523ebade11ee5
cas,b8847e8ff15b3cec15d50c814163d9a830cc4edb,myersCody,User,myersCody,2017-10-04T13:52:03Z,Added the schedule: I1 to the conflicts.yaml to prevent a 500 error.,https://github.com/BCStudentSoftwareDevTeam/cas/commit/b8847e8ff15b3cec15d50c814163d9a830cc4edb
cas,e5da0a7fcfe06a7644b6e9ec5139b3e19b382c29,memo330179,User,memo330179,2017-10-04T00:38:30Z,add testing framework files,https://github.com/BCStudentSoftwareDevTeam/cas/commit/e5da0a7fcfe06a7644b6e9ec5139b3e19b382c29
cas,dd593e956228149f568b4ba0395ce6e75bc10940,Cody Myers,,memo330179,2017-10-03T22:19:25Z,"Merged in iss83 (pull request #19)

Added a CONTRIBUTORS.md

Approved-by: Guillermo ramos <guillermoramos330179@gmail.com>
Approved-by: Sher Sanginov <shersanginov6505@gmail.com>",https://github.com/BCStudentSoftwareDevTeam/cas/commit/dd593e956228149f568b4ba0395ce6e75bc10940
cas,c4d2633de9e8f04ef9ee95a877ff2f45328e6beb,Jose Zindia,,Jose Zindia,2017-10-03T20:05:48Z,added arrows to  indicate a dropdown under program  management,https://github.com/BCStudentSoftwareDevTeam/cas/commit/c4d2633de9e8f04ef9ee95a877ff2f45328e6beb
cas,e093f60145fab314685e2e0468e071b21a9fbba9,Cody Myers,,sanginovs,2017-10-03T18:52:46Z,"Merged in iss162 (pull request #16)

#162 - Fixed the Taught By Field to show professor for Conflicts

Approved-by: Guillermo ramos <guillermoramos330179@gmail.com>
Approved-by: Sher Sanginov <shersanginov6505@gmail.com>",https://github.com/BCStudentSoftwareDevTeam/cas/commit/e093f60145fab314685e2e0468e071b21a9fbba9
cas,2d564839999455e9330ac0754421cf48ee9e65d2,Cody Myers,,sanginovs,2017-10-03T18:49:17Z,"Merged in iss164 (pull request #14)

Added text to UI to notify user to see notes for ZZZ schedules

Approved-by: Guillermo ramos <guillermoramos330179@gmail.com>
Approved-by: Sher Sanginov <shersanginov6505@gmail.com>",https://github.com/BCStudentSoftwareDevTeam/cas/commit/2d564839999455e9330ac0754421cf48ee9e65d2
cas,fa9497b17f73a19c4e6581571c148f508b416300,Jesson Soto Ventura,,Jesson Soto Ventura,2017-10-03T17:49:16Z,"LDAP Sync
- Pulls data from LDAP and adds BNumbers + new faculty memebers",https://github.com/BCStudentSoftwareDevTeam/cas/commit/fa9497b17f73a19c4e6581571c148f508b416300
cas,6967690cce516b93f6e148faf50bcbb9baf8288c,Chauwaj,User,Chauwaj,2017-10-03T16:49:56Z,Fixed,https://github.com/BCStudentSoftwareDevTeam/cas/commit/6967690cce516b93f6e148faf50bcbb9baf8288c
cas,f692b2f78728f70099f3dac7b52951fe35cbb783,Cody Myers,,sanginovs,2017-10-03T13:49:42Z,"Merged in iss175 (pull request #17)

Iss175

Approved-by: Guillermo ramos <guillermoramos330179@gmail.com>
Approved-by: Sher Sanginov <shersanginov6505@gmail.com>",https://github.com/BCStudentSoftwareDevTeam/cas/commit/f692b2f78728f70099f3dac7b52951fe35cbb783
cas,d0c0db50a4f0fcc110c9309a71f513824724d406,Jesson Soto Ventura,,sanginovs,2017-10-03T13:42:35Z,"Merged in issue#142 (pull request #13)

Add Extra Lock state

Approved-by: Guillermo ramos <guillermoramos330179@gmail.com>
Approved-by: Cody Myers <myersco@berea.edu>
Approved-by: Sher Sanginov <shersanginov6505@gmail.com>",https://github.com/BCStudentSoftwareDevTeam/cas/commit/d0c0db50a4f0fcc110c9309a71f513824724d406
cas,8108321624835a1e4821181de4032c8b5bd5b38b,Jesson Soto Ventura,,Jesson Soto Ventura,2017-10-03T13:35:35Z,"Moved footer to bottom of screen

- Changed color of footer as well",https://github.com/BCStudentSoftwareDevTeam/cas/commit/8108321624835a1e4821181de4032c8b5bd5b38b
cas,609e822b9904f0fee1a43d1b55e7601f9dc89fc0,myersCody,User,myersCody,2017-10-03T13:13:25Z,Got the active page functionality working for AdminMenu,https://github.com/BCStudentSoftwareDevTeam/cas/commit/609e822b9904f0fee1a43d1b55e7601f9dc89fc0
cas,b6e38b185c7bfadf5d92655471b4cde106516502,myersCody,User,myersCody,2017-09-28T21:36:28Z,Added another place for the user to download crosslisted courses,https://github.com/BCStudentSoftwareDevTeam/cas/commit/b6e38b185c7bfadf5d92655471b4cde106516502
cas,d50d5b86866808865b7c42f5d5d0721a768e05ae,Jose Zindia,,Jose Zindia,2017-09-28T04:36:21Z,Added arrows to  indicate  a dropdown under each division,https://github.com/BCStudentSoftwareDevTeam/cas/commit/d50d5b86866808865b7c42f5d5d0721a768e05ae
cas,82b22413b31502170a400a6c97c26a2f07bdb86f,myersCody,User,myersCody,2017-09-27T21:58:05Z,Added a CONTRIBUTORS.md,https://github.com/BCStudentSoftwareDevTeam/cas/commit/82b22413b31502170a400a6c97c26a2f07bdb86f
cas,86725a34ad98d48204554d3623f7e95edba4dc77,myersCody,User,myersCody,2017-09-27T21:54:01Z,Merge branch 'iss178' of bitbucket.org:sheggen/cas-flask into iss178,https://github.com/BCStudentSoftwareDevTeam/cas/commit/86725a34ad98d48204554d3623f7e95edba4dc77
cas,27a76ade7673c13610ecadc4e2619452adced977,myersCody,User,myersCody,2017-09-27T21:53:36Z,"Revert ""Added a contributors.md""

This reverts commit 379b03f9148e337b1613b49ef39a2e9e81ef3dd8.",https://github.com/BCStudentSoftwareDevTeam/cas/commit/27a76ade7673c13610ecadc4e2619452adced977
cas,febbfaa7c26a33e109aa9ef2f27cfd8ae1108188,Cody Myers,,Cody Myers,2017-09-27T21:46:29Z,Merged development into iss178,https://github.com/BCStudentSoftwareDevTeam/cas/commit/febbfaa7c26a33e109aa9ef2f27cfd8ae1108188
cas,1fdeea7976cbe3f0ed28fa4538b03c06c2caf2bc,myersCody,User,myersCody,2017-09-27T21:45:32Z,rewrote the excelmaker file to be a class; Added a sheet that shows all the crossListed Courses.,https://github.com/BCStudentSoftwareDevTeam/cas/commit/1fdeea7976cbe3f0ed28fa4538b03c06c2caf2bc
cas,b6c45328ea3267a3fe91c76a456258c8c88add71,johnsonwe,User,johnsonwe,2017-09-27T20:33:28Z,Changes the color of error messages to red,https://github.com/BCStudentSoftwareDevTeam/cas/commit/b6c45328ea3267a3fe91c76a456258c8c88add71
cas,16dd40fdbf5157252dee87b0aabbb3ef4741f258,myersCody,User,myersCody,2017-09-27T19:37:55Z,Created a footer and added a contributors.html,https://github.com/BCStudentSoftwareDevTeam/cas/commit/16dd40fdbf5157252dee87b0aabbb3ef4741f258
cas,81ffd33432ba2c5f1e60f49de77ba49f0dbb5e66,myersCody,User,myersCody,2017-09-27T19:19:54Z,Added contributors to the config.yaml,https://github.com/BCStudentSoftwareDevTeam/cas/commit/81ffd33432ba2c5f1e60f49de77ba49f0dbb5e66
cas,379b03f9148e337b1613b49ef39a2e9e81ef3dd8,myersCody,User,myersCody,2017-09-27T19:09:36Z,Added a contributors.md,https://github.com/BCStudentSoftwareDevTeam/cas/commit/379b03f9148e337b1613b49ef39a2e9e81ef3dd8
cas,52373fde0c03177bab82fe1c2574bd514b939708,myersCody,User,myersCody,2017-09-27T15:19:48Z,#162 - Fixed the Taught By Field to show professor for Conflicts,https://github.com/BCStudentSoftwareDevTeam/cas/commit/52373fde0c03177bab82fe1c2574bd514b939708
cas,0aedaad977ed2d196790633398587d77df666ad5,myersCody,User,myersCody,2017-09-27T14:51:29Z,fix issue #178 - Added notes to the excel download,https://github.com/BCStudentSoftwareDevTeam/cas/commit/0aedaad977ed2d196790633398587d77df666ad5
cas,0b3b7a92130dbe79956b3c1e7da6e165c7f5a01b,myersCody,User,myersCody,2017-09-27T14:24:25Z,Added text to UI to notify user to see notes for ZZZ schedules,https://github.com/BCStudentSoftwareDevTeam/cas/commit/0b3b7a92130dbe79956b3c1e7da6e165c7f5a01b
cas,eef3007530ae804dbffb5af5f88d3d5bad5be1fe,Jesson Soto Ventura,,Jesson Soto Ventura,2017-09-26T18:42:33Z,Set heggens as debug user,https://github.com/BCStudentSoftwareDevTeam/cas/commit/eef3007530ae804dbffb5af5f88d3d5bad5be1fe
cas,04b88ed43c13e915213122ddc3230ab180c8af88,Jesson Soto,,Jesson Soto,2017-09-26T18:35:03Z,"Changed implementation of lock state

- Changed term.editable to term.state (renameEditableField.py needs to be ran)
- Changed term.state from bool to int",https://github.com/BCStudentSoftwareDevTeam/cas/commit/04b88ed43c13e915213122ddc3230ab180c8af88
cas,58bc341580d6036f1b4776bf1f6c32abe977bb52,Jesson Soto,,Jesson Soto,2017-09-26T13:16:49Z,Added Extra tracking state and set myersco as professor,https://github.com/BCStudentSoftwareDevTeam/cas/commit/58bc341580d6036f1b4776bf1f6c32abe977bb52
cas,860bf9bbbb2391baaa81f70eb2c9b708f40ff3a5,memo330179,User,memo330179,2017-09-18T12:05:41Z,"Merged in migratedb_script (pull request #10)

fix migrate db to work for all c9 users",https://github.com/BCStudentSoftwareDevTeam/cas/commit/860bf9bbbb2391baaa81f70eb2c9b708f40ff3a5
cas,d1d1a516d7610e50d5513950b6dfe1690353cb02,memo330179,User,memo330179,2017-09-14T15:39:14Z,fix migrate db to work for all c9 users,https://github.com/BCStudentSoftwareDevTeam/cas/commit/d1d1a516d7610e50d5513950b6dfe1690353cb02
cas,b691adfd3656973b2204c6f6c998d9284bcfb104,Jesson Soto Ventura,,sanginovs,2017-09-14T13:09:17Z,"Merged in issue144 (pull request #8)

Verified entries now show up as greyed out entries at the bottom

Approved-by: Guillermo ramos <guillermoramos330179@gmail.com>
Approved-by: Sher Sanginov <shersanginov6505@gmail.com>",https://github.com/BCStudentSoftwareDevTeam/cas/commit/b691adfd3656973b2204c6f6c998d9284bcfb104
cas,96fd081dc51717324f77db1105175a99f3354581,Aleksandra Cvetanovska,,sanginovs,2017-09-13T18:18:59Z,"Merged in issue155 (pull request #7)

FIXED: The text of the flash message is being displayed

Approved-by: Sher Sanginov <shersanginov6505@gmail.com>
Approved-by: Guillermo ramos <guillermoramos330179@gmail.com>",https://github.com/BCStudentSoftwareDevTeam/cas/commit/96fd081dc51717324f77db1105175a99f3354581
cas,547ee2ea545fa28d26c905b13cbe65a13d7f038b,Jesson Soto,,Jesson Soto,2017-09-11T22:06:44Z,Verified entries now show up as greyed out entries at the bottom,https://github.com/BCStudentSoftwareDevTeam/cas/commit/547ee2ea545fa28d26c905b13cbe65a13d7f038b
cas,2008a3974db9dc21f660ade8c8c59854993516a3,memo330179,User,memo330179,2017-09-12T14:58:44Z,add test framework to cas,https://github.com/BCStudentSoftwareDevTeam/cas/commit/2008a3974db9dc21f660ade8c8c59854993516a3
cas,78d167d5b6227a51de5cb84569c06764f2b50a1e,Cody Myers,,memo330179,2017-09-12T13:03:29Z,"Merged in iss157 (pull request #5)

iss157",https://github.com/BCStudentSoftwareDevTeam/cas/commit/78d167d5b6227a51de5cb84569c06764f2b50a1e
cas,0cb302b7d4c57e7516311ad81c64d0912c217389,Cody Myers,,memo330179,2017-09-12T13:03:08Z,"Merged in iss140 (pull request #6)

Changed trashcan color on conflicts

Approved-by: Guillermo ramos <guillermoramos330179@gmail.com>",https://github.com/BCStudentSoftwareDevTeam/cas/commit/0cb302b7d4c57e7516311ad81c64d0912c217389
cas,78bbbfc9e20653e56f8654ad05eff51348d9039f,Aleksandra Cvetanovska,,Aleksandra Cvetanovska,2017-09-11T21:27:01Z,FIXED: The text of the flash message is being displayed,https://github.com/BCStudentSoftwareDevTeam/cas/commit/78bbbfc9e20653e56f8654ad05eff51348d9039f
cas,92e1ac69e178dbf5e6feff92b85ff01095bfb9b3,myersCody,User,myersCody,2017-09-11T16:31:16Z,Changed the text color of the glphicon trash can on conflicts:,https://github.com/BCStudentSoftwareDevTeam/cas/commit/92e1ac69e178dbf5e6feff92b85ff01095bfb9b3
cas,53f140ba40cb713e62c4cb575680258f85122e27,myersCody,User,myersCody,2017-09-11T16:22:09Z,Edited the conflicts.html so that notes will only appear if course.notes != none,https://github.com/BCStudentSoftwareDevTeam/cas/commit/53f140ba40cb713e62c4cb575680258f85122e27
cas,5bcac332856f458c14bb4f3d7acfc2f5814e51ef,Sher Sanginov,,Sher Sanginov,2017-09-09T02:25:26Z,updated readme,https://github.com/BCStudentSoftwareDevTeam/cas/commit/5bcac332856f458c14bb4f3d7acfc2f5814e51ef
cas,63cb34e27590a4848268869c01e6c04107bcad73,Sher Sanginov,,Sher Sanginov,2017-09-09T02:22:50Z,updated README,https://github.com/BCStudentSoftwareDevTeam/cas/commit/63cb34e27590a4848268869c01e6c04107bcad73
cas,3dc1300e9e08f3afaa70892e658e414d3ed455d1,Aleksandra Cvetanovska,,Cody Myers,2017-08-29T13:28:07Z,"Merged in Alex (pull request #4)

FIXED: SelectTerm was breaking because of missing prefix",https://github.com/BCStudentSoftwareDevTeam/cas/commit/3dc1300e9e08f3afaa70892e658e414d3ed455d1
cas,40c34fe58f3898bbef8c85857697c8c09b7907e8,Aleksandra Cvetanovska,,Aleksandra Cvetanovska,2017-08-29T13:16:47Z,FIXED: SelectTerm was breaking because of missing prefix. Fixed the SelectTerm modal.,https://github.com/BCStudentSoftwareDevTeam/cas/commit/40c34fe58f3898bbef8c85857697c8c09b7907e8
cas,ed9b7d89e2a26794e38e2e265e1474679776105f,nelsonke,User,Cody Myers,2017-07-12T17:58:20Z,"Merged in issue#152 (pull request #2)

Issue#152",https://github.com/BCStudentSoftwareDevTeam/cas/commit/ed9b7d89e2a26794e38e2e265e1474679776105f
cas,c40f12eac25fbe6f61c251c90331c38094c2794f,nelsonkenny,User,nelsonkenny,2017-07-12T15:32:47Z,Implemented the option to choose a specific term which allows a department chair to be redirected to the last course they visited in that term,https://github.com/BCStudentSoftwareDevTeam/cas/commit/c40f12eac25fbe6f61c251c90331c38094c2794f
cas,d4a049a2922ec0e1ff948eb4353d9e023e15fce6,myersCody,User,myersCody,2017-07-12T14:13:41Z,Got the functionality for the redirect sort of working,https://github.com/BCStudentSoftwareDevTeam/cas/commit/d4a049a2922ec0e1ff948eb4353d9e023e15fce6
cas,9e0d16e1a843e843f1b5e86ff36679d80489b345,myersCody,User,myersCody,2017-07-12T13:52:27Z,Working on fixing issue 152,https://github.com/BCStudentSoftwareDevTeam/cas/commit/9e0d16e1a843e843f1b5e86ff36679d80489b345
cas,c7b9de295128701628642842cb2dace4ea0c4155,nelsonke,User,Cody Myers,2017-07-10T12:51:34Z,"Merged in iss120 (pull request #1)

Switched taught by field from username to first initial, last name. Updated the create_db.py file.",https://github.com/BCStudentSoftwareDevTeam/cas/commit/c7b9de295128701628642842cb2dace4ea0c4155
cas,70b763e9b8237244b6c985d1d0155f374a5557d1,nelsonkenny,User,nelsonkenny,2017-06-22T18:58:23Z,"Switched taught by field from username to first initial, last name. Updated the create_db.py file.",https://github.com/BCStudentSoftwareDevTeam/cas/commit/70b763e9b8237244b6c985d1d0155f374a5557d1
cas,838f562cbf50b9a9303e7a1756e09603a5d3b21a,myersCody,User,myersCody,2016-11-29T21:33:45Z,Fixed issue with courses.js for crossListed.html,https://github.com/BCStudentSoftwareDevTeam/cas/commit/838f562cbf50b9a9303e7a1756e09603a5d3b21a
cas,059433159f1c5b7c8dbb362176a10ac1a22de574,myersCody,User,myersCody,2016-11-11T21:18:34Z,Fixed padding on course table,https://github.com/BCStudentSoftwareDevTeam/cas/commit/059433159f1c5b7c8dbb362176a10ac1a22de574
cas,7d337d69e22ce9471980811ec85df627c8f2b0d2,myersCody,User,myersCody,2016-11-01T16:17:11Z,Added parameters to the getAbsolutePath function:,https://github.com/BCStudentSoftwareDevTeam/cas/commit/7d337d69e22ce9471980811ec85df627c8f2b0d2
cas,3f840b9a251f9c4d847d81b62febe71443ef7465,myersCody,User,myersCody,2016-10-28T17:38:44Z,Added tmp filepath to config.yaml,https://github.com/BCStudentSoftwareDevTeam/cas/commit/3f840b9a251f9c4d847d81b62febe71443ef7465
cas,bdd83cf55a1249240436bf94ab6c651838022fd5,myersCody,User,myersCody,2016-10-28T16:45:11Z,Added myself to list of flask-admin users,https://github.com/BCStudentSoftwareDevTeam/cas/commit/bdd83cf55a1249240436bf94ab6c651838022fd5
cas,9167ceaf922a05ba20a710ad3cadf3e90494d197,myersCody,User,myersCody,2016-10-28T16:43:08Z,Allowing multiple user to access flask-admin,https://github.com/BCStudentSoftwareDevTeam/cas/commit/9167ceaf922a05ba20a710ad3cadf3e90494d197
cas,c95e91db5d4c0fa11c050b7fbd8a44073bafc27f,myersCody,User,myersCody,2016-10-26T18:09:11Z,Fixed issue #125: Removed Military Time,https://github.com/BCStudentSoftwareDevTeam/cas/commit/c95e91db5d4c0fa11c050b7fbd8a44073bafc27f
cas,191535dc44d00d853eb487c09badcb6c56d308c0,myersCody,User,myersCody,2016-10-26T17:44:37Z,Fixed issue #15: Added log out link,https://github.com/BCStudentSoftwareDevTeam/cas/commit/191535dc44d00d853eb487c09badcb6c56d308c0
cas,9af0c2c06edfe4048ce0035d66057a794ee7c885,myersCody,User,myersCody,2016-10-26T17:31:42Z,Fixed issue #129: Checked for white space and for None,https://github.com/BCStudentSoftwareDevTeam/cas/commit/9af0c2c06edfe4048ce0035d66057a794ee7c885
cas,87781d7d2cd0080c24daf89f618575374c4aa776,myersCody,User,myersCody,2016-10-25T19:33:49Z,Capalized an S and order room by building,https://github.com/BCStudentSoftwareDevTeam/cas/commit/87781d7d2cd0080c24daf89f618575374c4aa776
cas,ea630d640f8ef85f4e3fd2e7538ced87beae867d,Cody Myers,,Cody Myers,2016-10-25T19:15:30Z,Merging changes,https://github.com/BCStudentSoftwareDevTeam/cas/commit/ea630d640f8ef85f4e3fd2e7538ced87beae867d
cas,0768cea55fda15a9f097209bcf1552077c3935e5,myersCody,User,myersCody,2016-10-25T18:58:12Z,Added some comments about absolute/relative path,https://github.com/BCStudentSoftwareDevTeam/cas/commit/0768cea55fda15a9f097209bcf1552077c3935e5
cas,e258daf5ee46e744e45d6cf3349e04b155590091,myersCody,User,myersCody,2016-10-20T19:52:05Z,Added csv files to the .gitignore,https://github.com/BCStudentSoftwareDevTeam/cas/commit/e258daf5ee46e744e45d6cf3349e04b155590091
cas,45faed2ded840cd941788aad4c066ed69188978b,myersCody,User,myersCody,2016-10-20T19:49:16Z,Added some variables to make this script more dynamic,https://github.com/BCStudentSoftwareDevTeam/cas/commit/45faed2ded840cd941788aad4c066ed69188978b
cas,dde18590b2a5432c146aeb2c016db98fa82067eb,Cody Myers,,Cody Myers,2016-10-06T19:18:41Z,Added myself to the database admins,https://github.com/BCStudentSoftwareDevTeam/cas/commit/dde18590b2a5432c146aeb2c016db98fa82067eb
cas,f18659d7cb00a8a273aaa4d96fb8584fc1933408,myersCody,User,myersCody,2016-10-05T18:25:45Z,fix check of crosslisted query,https://github.com/BCStudentSoftwareDevTeam/cas/commit/f18659d7cb00a8a273aaa4d96fb8584fc1933408
cas,f326f86d32647060a58be253e25df61539340107,myersCody,User,myersCody,2016-09-21T18:19:59Z,will create directory if not found for all paths.,https://github.com/BCStudentSoftwareDevTeam/cas/commit/f326f86d32647060a58be253e25df61539340107
cas,71660081388fb9189d3634793dc79d2a243129a9,myersCody,User,myersCody,2016-09-21T18:06:42Z,"Fixed the excel download, and added function for absolute and relative file paths",https://github.com/BCStudentSoftwareDevTeam/cas/commit/71660081388fb9189d3634793dc79d2a243129a9
cas,1829109eb2c4078af8f1ef2b070d12f935b17763,myersCody,User,myersCody,2016-09-20T19:17:26Z,Special Topics Course Name is now functional,https://github.com/BCStudentSoftwareDevTeam/cas/commit/1829109eb2c4078af8f1ef2b070d12f935b17763
cas,74cc47c064bcffe445b3c9b536ce24c26b154368,myersCody,User,myersCody,2016-09-20T19:03:38Z,Fixed the frontend issues with Special Topics,https://github.com/BCStudentSoftwareDevTeam/cas/commit/74cc47c064bcffe445b3c9b536ce24c26b154368
cas,3125b821c080aa933dfd6888977ac0d505ff538a,myersCody,User,myersCody,2016-09-16T19:37:06Z,"Working on fixing special topics courses, to prevent crashing",https://github.com/BCStudentSoftwareDevTeam/cas/commit/3125b821c080aa933dfd6888977ac0d505ff538a
cas,bf9d141251ae2e6ec7a1e900e541c178394e7d0d,myersCody,User,myersCody,2016-09-16T19:36:26Z,fixing downloads. CURRENTLY NOT WORKING!,https://github.com/BCStudentSoftwareDevTeam/cas/commit/bf9d141251ae2e6ec7a1e900e541c178394e7d0d
cas,242afffaf249dd78c43dac6c017d8aac04a12f2c,sheggen,User,sheggen,2016-09-16T03:17:01Z,Deleted extra parenthesis on Line 27 (syntax error),https://github.com/BCStudentSoftwareDevTeam/cas/commit/242afffaf249dd78c43dac6c017d8aac04a12f2c
cas,89152121fcded52f92687cc0aed1d2dcb228c0d9,myersCody,User,myersCody,2016-09-14T17:27:52Z,Created a script to find differences between two data tables,https://github.com/BCStudentSoftwareDevTeam/cas/commit/89152121fcded52f92687cc0aed1d2dcb228c0d9
cas,cac0dc66931e55b497fbd085046eb04852623916,memo330179,User,memo330179,2016-09-13T18:16:11Z,add amin module to cas,https://github.com/BCStudentSoftwareDevTeam/cas/commit/cac0dc66931e55b497fbd085046eb04852623916
cas,00e82ea866fc7b800fcf58f77b5dec9ab6a1c7dd,Guillermo Ramos Macias,,Guillermo Ramos Macias,2016-09-13T17:04:13Z,add new table with data in it,https://github.com/BCStudentSoftwareDevTeam/cas/commit/00e82ea866fc7b800fcf58f77b5dec9ab6a1c7dd
cas,14b705409d382e36eb4ae168ad4acb1d39700b64,myersCody,User,myersCody,2016-09-12T18:04:50Z,Fixed the deadline issue and how it works with firefox,https://github.com/BCStudentSoftwareDevTeam/cas/commit/14b705409d382e36eb4ae168ad4acb1d39700b64
cas,ab197f14e30ad6048d1abae2f5b3fd2a3d8dd67c,Guillermo Ramos-Macias,,Guillermo Ramos-Macias,2016-09-09T18:04:36Z,change the way we are checking for special courses it will not always be an integer,https://github.com/BCStudentSoftwareDevTeam/cas/commit/ab197f14e30ad6048d1abae2f5b3fd2a3d8dd67c
cas,f517ae216bdc477fe2dd3f2f2d3456086546cab1,Cody Myers,,Cody Myers,2016-08-15T20:04:01Z,Fixed getAuthUser.py to add users to the system if they are not a student,https://github.com/BCStudentSoftwareDevTeam/cas/commit/f517ae216bdc477fe2dd3f2f2d3456086546cab1
cas,bccbcc6d405346c9749a7460ce63c4e3e82a695d,memo330179,User,memo330179,2016-08-10T21:20:18Z,add arrows to show that menu is expansible,https://github.com/BCStudentSoftwareDevTeam/cas/commit/bccbcc6d405346c9749a7460ce63c4e3e82a695d
cas,ea3bda8e4dc3b9319f4138df2c5e145aedc3c7d3,Cody Myers,,Cody Myers,2016-08-09T18:01:49Z,Had to do a lower on description to ensure the == worked,https://github.com/BCStudentSoftwareDevTeam/cas/commit/ea3bda8e4dc3b9319f4138df2c5e145aedc3c7d3
cas,0ca8e6a0ce70e4ceb781cfb23e0d3ab5e5f4f97c,myersCody,User,myersCody,2016-08-09T16:30:31Z,Moved abort statements into getAuthUser.py,https://github.com/BCStudentSoftwareDevTeam/cas/commit/0ca8e6a0ce70e4ceb781cfb23e0d3ab5e5f4f97c
cas,ddd816c1a1af2e0c8965126aa9cff9e17ef9c4de,Cody Myers,,Cody Myers,2016-08-09T16:24:42Z,Added abort 403 for deadlineDisplay.py,https://github.com/BCStudentSoftwareDevTeam/cas/commit/ddd816c1a1af2e0c8965126aa9cff9e17ef9c4de
cas,8aa21e857d64ecc71c46b4f70baa2c8415ffdda2,myersCody,User,myersCody,2016-08-09T16:16:27Z,Trying to add a 403,https://github.com/BCStudentSoftwareDevTeam/cas/commit/8aa21e857d64ecc71c46b4f70baa2c8415ffdda2
cas,8af9e9c7d535755c882958c5810f7e8e2e3e8d9e,Cody Myers,,Cody Myers,2016-08-09T16:05:01Z,Added a 403Sidebar.html,https://github.com/BCStudentSoftwareDevTeam/cas/commit/8af9e9c7d535755c882958c5810f7e8e2e3e8d9e
cas,34f00eafed4bfac0ed3194825345f5f2eaf2d3d8,Cody Myers,,Cody Myers,2016-08-09T15:45:05Z,"Fixed spelling on 403.html, also added a sidebar for 403 to prevent crash",https://github.com/BCStudentSoftwareDevTeam/cas/commit/34f00eafed4bfac0ed3194825345f5f2eaf2d3d8
cas,73ee8ed14d3f8cd473fa9a926e98b3c29f1aed22,myersCody,User,myersCody,2016-08-09T15:36:05Z,Added a 403 page to the system,https://github.com/BCStudentSoftwareDevTeam/cas/commit/73ee8ed14d3f8cd473fa9a926e98b3c29f1aed22
cas,e4e4bb67fe7806223caa2ec8c876ca32884e25f9,Cody Myers,,Cody Myers,2016-08-08T18:41:40Z,Made dynamic filepaths for log location,https://github.com/BCStudentSoftwareDevTeam/cas/commit/e4e4bb67fe7806223caa2ec8c876ca32884e25f9
cas,85109dda7b1f489d960c62084a8f61f2d9ef6619,myersCody,User,myersCody,2016-08-08T17:17:26Z,Moved the code for authenticating if user is a vaild user,https://github.com/BCStudentSoftwareDevTeam/cas/commit/85109dda7b1f489d960c62084a8f61f2d9ef6619
cas,2d9807a09d71dc404af5cb34e42bb7bb72a70b55,myersCody,User,myersCody,2016-08-08T16:45:47Z,Created a class method that checks to see if the user is in the db,https://github.com/BCStudentSoftwareDevTeam/cas/commit/2d9807a09d71dc404af5cb34e42bb7bb72a70b55
cas,f2853cb1d35736847f528609719168f1c54a7369,myersCody,User,myersCody,2016-08-08T15:30:04Z,Extending the authenication scripts,https://github.com/BCStudentSoftwareDevTeam/cas/commit/f2853cb1d35736847f528609719168f1c54a7369
cas,f090d0e5a2c16fc0af01b50f0da2139eb342a9a2,myersCody,User,myersCody,2016-08-08T14:39:52Z,Removed the attributes from deadline.html,https://github.com/BCStudentSoftwareDevTeam/cas/commit/f090d0e5a2c16fc0af01b50f0da2139eb342a9a2
cas,31c7d91b216f9158a05f774ff3fd97b545dc316b,agarwali,User,agarwali,2016-08-05T19:00:22Z,reverted to last commit :),https://github.com/BCStudentSoftwareDevTeam/cas/commit/31c7d91b216f9158a05f774ff3fd97b545dc316b
cas,6b669ca279a531237cfddd43897a1c4797914465,agarwali,User,agarwali,2016-08-05T18:51:26Z,"Commented out the deadline part in deadline.html, need to fix int he future",https://github.com/BCStudentSoftwareDevTeam/cas/commit/6b669ca279a531237cfddd43897a1c4797914465
cas,81a2e18e9b7b618f7c88329e2ca153f49003a2c5,myersCody,User,myersCody,2016-08-05T18:24:41Z,Reversed unicode change for deadlineDisplay.py,https://github.com/BCStudentSoftwareDevTeam/cas/commit/81a2e18e9b7b618f7c88329e2ca153f49003a2c5
cas,e04a3245c7a341b310c352e067d0227056fecdf7,myersCody,User,myersCody,2016-08-05T18:18:19Z,Fixed issue between using select and get queries in peewee,https://github.com/BCStudentSoftwareDevTeam/cas/commit/e04a3245c7a341b310c352e067d0227056fecdf7
cas,fdb6db9c76a42d8223c8fa790a3e7ea698aedcfd,myersCody,User,myersCody,2016-08-05T18:04:01Z,Fixed strftime error,https://github.com/BCStudentSoftwareDevTeam/cas/commit/fdb6db9c76a42d8223c8fa790a3e7ea698aedcfd
cas,0759fc96082ec8dc59dae6fc506bb4c6580cd89e,myersCody,User,myersCody,2016-08-05T18:00:22Z,Converted date object to unicode,https://github.com/BCStudentSoftwareDevTeam/cas/commit/0759fc96082ec8dc59dae6fc506bb4c6580cd89e
cas,fea19dc0403c4ba520de97152ee8aa40fee78f7f,Cody Myers,,Cody Myers,2016-08-05T17:50:01Z,Changed a .get into .select to prevent server side error,https://github.com/BCStudentSoftwareDevTeam/cas/commit/fea19dc0403c4ba520de97152ee8aa40fee78f7f
cas,8dc0e453a296fb7c9b00e109bd0d1915c01fea8a,myersCody,User,myersCody,2016-08-05T15:41:06Z,Fixed a missing jinja if tag,https://github.com/BCStudentSoftwareDevTeam/cas/commit/8dc0e453a296fb7c9b00e109bd0d1915c01fea8a
cas,e7f05922b5619b107c8282ab67f8e69077ce4274,myersCody,User,myersCody,2016-08-05T13:50:56Z,Added endtags and fixed styling fr deadline.html,https://github.com/BCStudentSoftwareDevTeam/cas/commit/e7f05922b5619b107c8282ab67f8e69077ce4274
cas,8b31eb57f0c89d19dfbda814545411551972fa7a,myersCody,User,myersCody,2016-08-05T13:28:38Z,Removed a method call from class,https://github.com/BCStudentSoftwareDevTeam/cas/commit/8b31eb57f0c89d19dfbda814545411551972fa7a
cas,d7264ae278dd55aa37aebce0f58b9eb2ce66975d,myersCody,User,myersCody,2016-08-05T13:10:18Z,Trying to show ldap attributes if user does not have an account,https://github.com/BCStudentSoftwareDevTeam/cas/commit/d7264ae278dd55aa37aebce0f58b9eb2ce66975d
cas,dac627718a7272da0eebeb7412e94ad003b4dfdd,myersCody,User,myersCody,2016-08-01T18:29:02Z,Added default text if conflicts and crossListed if no courses were found,https://github.com/BCStudentSoftwareDevTeam/cas/commit/dac627718a7272da0eebeb7412e94ad003b4dfdd
cas,42dc8dfce1eaf5694849007aa4808812723cba35,myersCody,User,myersCody,2016-08-01T17:54:55Z,adjusted the edit/delete icons to be on top of each other instead of side by side,https://github.com/BCStudentSoftwareDevTeam/cas/commit/42dc8dfce1eaf5694849007aa4808812723cba35
cas,0e2e96760c3759f2e2c22269b71604100f7bc125,myersCody,User,myersCody,2016-08-01T17:53:49Z,Had to comment out xlsxwriter in order to get they system running,https://github.com/BCStudentSoftwareDevTeam/cas/commit/0e2e96760c3759f2e2c22269b71604100f7bc125
cas,f7bd8b99c3ab7154faf41e2408a2f0bae0b6e69b,memo330179,User,memo330179,2016-07-31T17:52:41Z,make icons inline,https://github.com/BCStudentSoftwareDevTeam/cas/commit/f7bd8b99c3ab7154faf41e2408a2f0bae0b6e69b
cas,c0935b77634579a9cb7b31e0b8d7a3624d6f1ecc,memo330179,User,memo330179,2016-07-31T17:33:50Z,add loggin to these files,https://github.com/BCStudentSoftwareDevTeam/cas/commit/c0935b77634579a9cb7b31e0b8d7a3624d6f1ecc
cas,1a74a6b4345d899e2a0399d82055e36dc433fe7f,memo330179,User,memo330179,2016-07-31T16:56:40Z,fix term log,https://github.com/BCStudentSoftwareDevTeam/cas/commit/1a74a6b4345d899e2a0399d82055e36dc433fe7f
cas,5fba9a5e99c38396f10d56eda699127e71480ff7,memo330179,User,memo330179,2016-07-31T16:56:21Z,fix spacing error,https://github.com/BCStudentSoftwareDevTeam/cas/commit/5fba9a5e99c38396f10d56eda699127e71480ff7
cas,ab891245fdf4054e4ad2cb581a6f3b68e6874cf4,memo330179,User,memo330179,2016-07-31T16:06:14Z,add logging when course is edited,https://github.com/BCStudentSoftwareDevTeam/cas/commit/ab891245fdf4054e4ad2cb581a6f3b68e6874cf4
cas,d8d6db7b97789d7a89ffa19697856a18a49763f3,memo330179,User,memo330179,2016-07-31T15:44:27Z,"fix issues with migrating data and writing excel file
;",https://github.com/BCStudentSoftwareDevTeam/cas/commit/d8d6db7b97789d7a89ffa19697856a18a49763f3
cas,b8575072c3f51a723bf101cc8b94047a78082447,memo330179,User,memo330179,2016-07-30T20:55:59Z,add capability to download all courses,https://github.com/BCStudentSoftwareDevTeam/cas/commit/b8575072c3f51a723bf101cc8b94047a78082447
cas,b30615fda445a6a0a6cf31ce4c30b74747573f14,memo330179,User,memo330179,2016-07-30T18:07:10Z,add ordering to table,https://github.com/BCStudentSoftwareDevTeam/cas/commit/b30615fda445a6a0a6cf31ce4c30b74747573f14
cas,1927d415fdd29c5b96482d297799490fffa77e46,memo330179,User,memo330179,2016-07-30T17:30:19Z,don't allow the menu to collapse automatically,https://github.com/BCStudentSoftwareDevTeam/cas/commit/1927d415fdd29c5b96482d297799490fffa77e46
cas,a3060c72ca4dd35bb04566bae8d299b3657c28bb,memo330179,User,memo330179,2016-07-30T17:16:00Z,rework sidebar to be static,https://github.com/BCStudentSoftwareDevTeam/cas/commit/a3060c72ca4dd35bb04566bae8d299b3657c28bb
cas,26783f93d5f4d5278caa4778031752b3a28c8115,myersCody,User,myersCody,2016-07-29T17:26:26Z,Added 404 redirects to these pages,https://github.com/BCStudentSoftwareDevTeam/cas/commit/26783f93d5f4d5278caa4778031752b3a28c8115
cas,73c3d5ecee38214d1bee0597472f1889c871504c,myersCody,User,myersCody,2016-07-29T17:17:47Z,Fixed issue #101 by changing Special Comments to Notes,https://github.com/BCStudentSoftwareDevTeam/cas/commit/73c3d5ecee38214d1bee0597472f1889c871504c
cas,6666a2b5bbc7c46f3520e889f2728b451c6b4b05,myersCody,User,myersCody,2016-07-29T16:06:19Z,Broke sidList in config.yaml into conflicts and unknownTime,https://github.com/BCStudentSoftwareDevTeam/cas/commit/6666a2b5bbc7c46f3520e889f2728b451c6b4b05
cas,e81dfd82a62b8b87a260101302e43458528ad01c,myersCody,User,myersCody,2016-07-29T16:05:05Z,Added see notes for schedules with unknown times,https://github.com/BCStudentSoftwareDevTeam/cas/commit/e81dfd82a62b8b87a260101302e43458528ad01c
cas,31bedd5365134ea3245d027991727ef91f19c327,myersCody,User,myersCody,2016-07-29T14:52:32Z,Ordered the schedules for course forms,https://github.com/BCStudentSoftwareDevTeam/cas/commit/31bedd5365134ea3245d027991727ef91f19c327
cas,0734f3bfef00d5394942b929c49add8d76994309,myersCody,User,myersCody,2016-07-29T14:29:20Z,"Added a link, fixed issue #103",https://github.com/BCStudentSoftwareDevTeam/cas/commit/0734f3bfef00d5394942b929c49add8d76994309
cas,2fee9cd921acc66c33db8864fc68ea4852da2239,myersCody,User,myersCody,2016-07-29T14:28:40Z,Created a default value for tracker functionality,https://github.com/BCStudentSoftwareDevTeam/cas/commit/2fee9cd921acc66c33db8864fc68ea4852da2239
cas,210acdd67a26cb1f415ab1a1d39a2f98d2870bed,myersCody,User,myersCody,2016-07-28T20:14:11Z,checkRoute function now complete and issue #104 is fixed,https://github.com/BCStudentSoftwareDevTeam/cas/commit/210acdd67a26cb1f415ab1a1d39a2f98d2870bed
cas,b36c07245319e6e2af0da9e38ee01d134d420af6,myersCody,User,myersCody,2016-07-28T20:13:02Z,Replaced redirect_courses with courses/ in route paths,https://github.com/BCStudentSoftwareDevTeam/cas/commit/b36c07245319e6e2af0da9e38ee01d134d420af6
cas,81bc0841fa2a36b25ccaf4917e54237f478a40e0,myersCody,User,myersCody,2016-07-28T20:11:35Z,Changed forgein key for lastVisted to point at prefix,https://github.com/BCStudentSoftwareDevTeam/cas/commit/81bc0841fa2a36b25ccaf4917e54237f478a40e0
cas,ece728b71d3b83090faed004374ea848ce95912e,myersCody,User,myersCody,2016-07-28T20:10:20Z,Removed redirect_courses.py from the system,https://github.com/BCStudentSoftwareDevTeam/cas/commit/ece728b71d3b83090faed004374ea848ce95912e
cas,ee36048e0921f0b2d66800e299fb5c35055ccda1,myersCody,User,myersCody,2016-07-28T19:13:24Z,Changed mirgrate data to reflect the changes in models.py,https://github.com/BCStudentSoftwareDevTeam/cas/commit/ee36048e0921f0b2d66800e299fb5c35055ccda1
cas,a2f8e226e3f67da4ea1c66bd9e6eb5ce398b74d9,myersCody,User,myersCody,2016-07-28T19:10:05Z,Changed program to lastVisted for users,https://github.com/BCStudentSoftwareDevTeam/cas/commit/a2f8e226e3f67da4ea1c66bd9e6eb5ce398b74d9
cas,dc8f0de8cc24e28ca98ac669498507a83d6a859f,Cody Myers,,Cody Myers,2016-07-28T18:37:07Z,Changed easy_install to pip,https://github.com/BCStudentSoftwareDevTeam/cas/commit/dc8f0de8cc24e28ca98ac669498507a83d6a859f
cas,6bc911c91fa100cdd1b6f1c7f03f675c194b56c1,Cody Myers,,Cody Myers,2016-07-28T18:36:07Z,Setup flaskapp.wsgi for apache2,https://github.com/BCStudentSoftwareDevTeam/cas/commit/6bc911c91fa100cdd1b6f1c7f03f675c194b56c1
cas,a4dde3fbaffd8de31e92912dbb913e8ecc6c6617,Cody Myers,,Cody Myers,2016-07-28T18:34:36Z,Made the filepath for db dynamic,https://github.com/BCStudentSoftwareDevTeam/cas/commit/a4dde3fbaffd8de31e92912dbb913e8ecc6c6617
cas,2f1ec96d084e86f4346d0c11f28ab4e4b33a39d4,myersCody,User,myersCody,2016-07-28T15:07:08Z,Fixed special schedule management for conflicts,https://github.com/BCStudentSoftwareDevTeam/cas/commit/2f1ec96d084e86f4346d0c11f28ab4e4b33a39d4
cas,2592a76a100582f3064870a41776fa58b2380f47,myersCody,User,myersCody,2016-07-27T18:34:01Z,Removed files form init,https://github.com/BCStudentSoftwareDevTeam/cas/commit/2592a76a100582f3064870a41776fa58b2380f47
cas,90996f9ceefd12c334aef2d04d3d469cebf3d35b,myersCody,User,myersCody,2016-07-27T18:33:08Z,Removed files form init,https://github.com/BCStudentSoftwareDevTeam/cas/commit/90996f9ceefd12c334aef2d04d3d469cebf3d35b
cas,0ad896db7e2cf3b5c03af6ceec59213be1023222,myersCody,User,myersCody,2016-07-27T18:30:46Z,Removed switch.py from cas,https://github.com/BCStudentSoftwareDevTeam/cas/commit/0ad896db7e2cf3b5c03af6ceec59213be1023222
cas,3ba5246a5b442ecb0ddcde46d3dd63903360532f,myersCody,User,myersCody,2016-07-27T18:22:47Z,Fixed filepath,https://github.com/BCStudentSoftwareDevTeam/cas/commit/3ba5246a5b442ecb0ddcde46d3dd63903360532f
cas,3372e6e50f66e8791a649ef9976390d34c121a34,myersCody,User,myersCody,2016-07-27T18:22:15Z,removed pop-up js,https://github.com/BCStudentSoftwareDevTeam/cas/commit/3372e6e50f66e8791a649ef9976390d34c121a34
cas,ba92d792e7f7a75a9bb4facbd6329b559151d348,myersCody,User,myersCody,2016-07-27T18:16:11Z,Fixed new filepaths,https://github.com/BCStudentSoftwareDevTeam/cas/commit/ba92d792e7f7a75a9bb4facbd6329b559151d348
cas,f2a8b6e50bcb78d8868c2683b460cf6680d896e9,myersCody,User,myersCody,2016-07-27T18:12:41Z,"Changed size of add/remove admin, and set max date for date select",https://github.com/BCStudentSoftwareDevTeam/cas/commit/f2a8b6e50bcb78d8868c2683b460cf6680d896e9
cas,2849b0e693c96e4c38c455c4e3cb048a626a125a,myersCody,User,myersCody,2016-07-27T17:40:49Z,"organized users for program and division management, moved select-picker out of editCourse.html",https://github.com/BCStudentSoftwareDevTeam/cas/commit/2849b0e693c96e4c38c455c4e3cb048a626a125a
cas,0fb38aa3abf969d0f5177a0614040b2166593d53,myersCody,User,myersCody,2016-07-27T17:28:32Z,Add my localhost,https://github.com/BCStudentSoftwareDevTeam/cas/commit/0fb38aa3abf969d0f5177a0614040b2166593d53
cas,8e5cef39e2a32811621d71ba70ebb3e624e31a73,myersCody,User,myersCody,2016-07-27T17:27:55Z,"Added live search to instructors select in edit course, organized by lastname",https://github.com/BCStudentSoftwareDevTeam/cas/commit/8e5cef39e2a32811621d71ba70ebb3e624e31a73
cas,03bd3b053ba4679bf4ae15f26f307e651ee63d51,memo330179,User,memo330179,2016-07-27T15:55:54Z,fix redirect courses by comparing object instead of foreign key,https://github.com/BCStudentSoftwareDevTeam/cas/commit/03bd3b053ba4679bf4ae15f26f307e651ee63d51
cas,5564ac29928f5e812afe2a421209d429ab68073f,memo330179,User,memo330179,2016-07-27T15:50:48Z,"prune files that are no longer neededed, and modified code to check new file paths",https://github.com/BCStudentSoftwareDevTeam/cas/commit/5564ac29928f5e812afe2a421209d429ab68073f
cas,63966a4be5e87a7350f3b35610bb8775f899c93e,memo330179,User,memo330179,2016-07-27T13:39:05Z,pruned files not being used and moved snips,https://github.com/BCStudentSoftwareDevTeam/cas/commit/63966a4be5e87a7350f3b35610bb8775f899c93e
cas,49961ff2ca8c31fbee1f9ebc9ff641ffa82eabe1,memo330179,User,memo330179,2016-07-27T13:15:04Z,fix indentation issue,https://github.com/BCStudentSoftwareDevTeam/cas/commit/49961ff2ca8c31fbee1f9ebc9ff641ffa82eabe1
cas,2300113ea85b4e7e421d6ca7392fb146d330aeb1,myersCody,User,myersCody,2016-07-26T21:01:06Z,In the process of moving redirect_course to course.py,https://github.com/BCStudentSoftwareDevTeam/cas/commit/2300113ea85b4e7e421d6ca7392fb146d330aeb1
cas,1a8c3ee260e613d287338b5946ed97812b764e65,myersCody,User,myersCody,2016-07-26T20:40:54Z,"Combined program and program.html into course.html, fixed the controller course.py.",https://github.com/BCStudentSoftwareDevTeam/cas/commit/1a8c3ee260e613d287338b5946ed97812b764e65
cas,0e0213a7195fd584e72243aa98882bc57cc92259,myersCody,User,myersCody,2016-07-26T20:16:52Z,Removed unneccessary files,https://github.com/BCStudentSoftwareDevTeam/cas/commit/0e0213a7195fd584e72243aa98882bc57cc92259
cas,6ccc6874c1430e042f3c087a13d3ad3c21a7dd72,myersCody,User,myersCody,2016-07-26T20:14:18Z,Made changes to dummy users,https://github.com/BCStudentSoftwareDevTeam/cas/commit/6ccc6874c1430e042f3c087a13d3ad3c21a7dd72
cas,b16bba969e0a5eb8c27f62dcf4f34d24a3d5708c,memo330179,User,memo330179,2016-07-26T20:12:13Z,make sidebar work,https://github.com/BCStudentSoftwareDevTeam/cas/commit/b16bba969e0a5eb8c27f62dcf4f34d24a3d5708c
cas,fd76f9d608abca773b61aa154f4dcb97e2346720,myersCody,User,myersCody,2016-07-26T19:40:38Z,Fixed the issue with the years not looping through full list,https://github.com/BCStudentSoftwareDevTeam/cas/commit/fd76f9d608abca773b61aa154f4dcb97e2346720
cas,b286f91afc629b48c037407cbb9a4632f005951e,memo330179,User,memo330179,2016-07-26T14:46:00Z,make pretty,https://github.com/BCStudentSoftwareDevTeam/cas/commit/b286f91afc629b48c037407cbb9a4632f005951e
cas,6357f963216b1207253acc64960a04f902d0be77,memo330179,User,memo330179,2016-07-25T20:23:00Z,make sidebar available for every page,https://github.com/BCStudentSoftwareDevTeam/cas/commit/6357f963216b1207253acc64960a04f902d0be77
cas,9cbd09fae7fe3003144e1a7351005755e1ecf132,memo330179,User,memo330179,2016-07-24T15:48:37Z,Make table responsive and stop the navbar from collapsing,https://github.com/BCStudentSoftwareDevTeam/cas/commit/9cbd09fae7fe3003144e1a7351005755e1ecf132
cas,1b518c79d24f6ce22dd21ff93c53d59b494ad5a0,memo330179,User,memo330179,2016-07-22T13:27:46Z,style js,https://github.com/BCStudentSoftwareDevTeam/cas/commit/1b518c79d24f6ce22dd21ff93c53d59b494ad5a0
cas,3a0d668e9145f238c5580003f65878d99a8b4473,memo330179,User,memo330179,2016-07-22T13:23:51Z,add sidebar to division management,https://github.com/BCStudentSoftwareDevTeam/cas/commit/3a0d668e9145f238c5580003f65878d99a8b4473
cas,682fa9bdc6ff8f447de3d12f32294d13d2e5b03d,memo330179,User,memo330179,2016-07-22T12:33:28Z,fix spacing of links so that they are not cut off because of the size of the sidebar,https://github.com/BCStudentSoftwareDevTeam/cas/commit/682fa9bdc6ff8f447de3d12f32294d13d2e5b03d
cas,2ed68578271a807bc9f3b07610382b64ef53648c,memo330179,User,memo330179,2016-07-20T18:57:11Z,fix error where edit modal would not appear,https://github.com/BCStudentSoftwareDevTeam/cas/commit/2ed68578271a807bc9f3b07610382b64ef53648c
cas,42971bd55dbdb2d42ebd474725fad4f374baefef,memo330179,User,memo330179,2016-07-20T18:48:41Z,replace sidebar by a sidebar with a hamburger,https://github.com/BCStudentSoftwareDevTeam/cas/commit/42971bd55dbdb2d42ebd474725fad4f374baefef
cas,4334e3ba38c064a84adb908824b6add79d5e7afb,memo330179,User,memo330179,2016-07-19T17:08:18Z,remove table form and add hideable form under courses change the chosen select to select picker,https://github.com/BCStudentSoftwareDevTeam/cas/commit/4334e3ba38c064a84adb908824b6add79d5e7afb
cas,b42809a9da06517e7122582e1a6c380fb8fc58c5,memo330179,User,memo330179,2016-07-18T19:06:05Z,erase edit of accidentally edited file,https://github.com/BCStudentSoftwareDevTeam/cas/commit/b42809a9da06517e7122582e1a6c380fb8fc58c5
cas,7bcb322ec4870dfb4839a6d349185dfe492e0b46,memo330179,User,memo330179,2016-07-18T19:01:48Z,revert Tracker edit to commit 1e36809,https://github.com/BCStudentSoftwareDevTeam/cas/commit/7bcb322ec4870dfb4839a6d349185dfe492e0b46
cas,efa59dc37b07ffe839a5e0863664772d9aa1f3b6,memo330179,User,memo330179,2016-07-18T18:53:52Z,change the tdcolors of the courseChange table so that it reflects that course was deleted,https://github.com/BCStudentSoftwareDevTeam/cas/commit/efa59dc37b07ffe839a5e0863664772d9aa1f3b6
cas,1e3680993ebe3967b0659b441791579ba95a6bb7,myersCody,User,myersCody,2016-07-18T18:31:11Z,"CrossListed is now being displayed correctly, see issue #90",https://github.com/BCStudentSoftwareDevTeam/cas/commit/1e3680993ebe3967b0659b441791579ba95a6bb7
cas,4c2b24cb6358b959f36d59bfbcd57284a484a5a7,memo330179,User,memo330179,2016-07-18T18:07:42Z,make the sidebar position absolute fixes #74,https://github.com/BCStudentSoftwareDevTeam/cas/commit/4c2b24cb6358b959f36d59bfbcd57284a484a5a7
cas,8c34a6328e044ede13098d5254fd93900e11f6c8,myersCody,User,myersCody,2016-07-18T17:50:58Z,"FIXED: issue #93, changed LastEditedBy to self.username",https://github.com/BCStudentSoftwareDevTeam/cas/commit/8c34a6328e044ede13098d5254fd93900e11f6c8
cas,ae6cbcfad7e41010c8667eacea528bc978f0b3b8,myersCody,User,myersCody,2016-07-18T17:39:59Z,Added Last Edited By to tracker.html see issue #91,https://github.com/BCStudentSoftwareDevTeam/cas/commit/ae6cbcfad7e41010c8667eacea528bc978f0b3b8
cas,9d7c83e17fda28a1fb2e361a16d46f2ef0fb0412,memo330179,User,memo330179,2016-07-18T17:30:05Z,Change hardcoded urls for the url which they were referred from,https://github.com/BCStudentSoftwareDevTeam/cas/commit/9d7c83e17fda28a1fb2e361a16d46f2ef0fb0412
cas,52fe1a6a5ad1786665a3586f4ed468884fefccc7,memo330179,User,memo330179,2016-07-18T17:15:37Z,Redirect back to the page that requested the deadline changes instead of a hardcoded page,https://github.com/BCStudentSoftwareDevTeam/cas/commit/52fe1a6a5ad1786665a3586f4ed468884fefccc7
cas,20dffb0f9f7e90f744ab69e8dd63fe54fe3fe203,myersCody,User,myersCody,2016-07-18T17:04:21Z,Issue #85: The colors for the change tracker are now working,https://github.com/BCStudentSoftwareDevTeam/cas/commit/20dffb0f9f7e90f744ab69e8dd63fe54fe3fe203
cas,d90611a19f5139eca17ff480032ab4a556467288,myersCody,User,myersCody,2016-07-18T16:45:36Z,Fixed coloring related to issue #88,https://github.com/BCStudentSoftwareDevTeam/cas/commit/d90611a19f5139eca17ff480032ab4a556467288
cas,be60359ea6fadf49207a14bec4c5731e53dee342,myersCody,User,myersCody,2016-07-18T16:14:52Z,Removed create/update see issue #86,https://github.com/BCStudentSoftwareDevTeam/cas/commit/be60359ea6fadf49207a14bec4c5731e53dee342
cas,b26b303ab4284a46b9d2674fbebe0111c853083b,myersCody,User,myersCody,2016-07-18T16:08:22Z,The desired functionality regarding colors is mostly there,https://github.com/BCStudentSoftwareDevTeam/cas/commit/b26b303ab4284a46b9d2674fbebe0111c853083b
cas,1ccad16dabb35aabe9d22dfed47b5539a7ca9330,myersCody,User,myersCody,2016-07-18T15:46:00Z,Working on fixing issue #85,https://github.com/BCStudentSoftwareDevTeam/cas/commit/1ccad16dabb35aabe9d22dfed47b5539a7ca9330
cas,f1c086783cc556f578d1558bc40ba1719cb85817,myersCody,User,myersCody,2016-07-18T15:45:06Z,fixed git conflict,https://github.com/BCStudentSoftwareDevTeam/cas/commit/f1c086783cc556f578d1558bc40ba1719cb85817
cas,8b58c2f49be645b593fba696c88279636d71b756,myersCody,User,myersCody,2016-07-18T15:44:35Z,Fixed git conflict,https://github.com/BCStudentSoftwareDevTeam/cas/commit/8b58c2f49be645b593fba696c88279636d71b756
cas,34587adb93ce9dc6e80525cbf81269bd890be6b1,myersCody,User,myersCody,2016-07-18T15:31:05Z,Added the edit color to the lenged on tracker.html. See issue #85,https://github.com/BCStudentSoftwareDevTeam/cas/commit/34587adb93ce9dc6e80525cbf81269bd890be6b1
cas,439831faee0f04eea3f2c71a65ecb0d7431423bd,myersCody,User,myersCody,2016-07-18T15:30:19Z,Added the edit color to config.yaml. See issue #85,https://github.com/BCStudentSoftwareDevTeam/cas/commit/439831faee0f04eea3f2c71a65ecb0d7431423bd
cas,e9afb1a2932254d5af3d3f1242cb50010002862f,memo330179,User,memo330179,2016-07-18T15:30:21Z,add logic to redirect back to the back where the user requested the form see #84,https://github.com/BCStudentSoftwareDevTeam/cas/commit/e9afb1a2932254d5af3d3f1242cb50010002862f
cas,814f583dbb2e82630601f57ea1e3c9d1d9fb8b79,myersCody,User,myersCody,2016-07-18T15:25:08Z,Fixed spelling mistake,https://github.com/BCStudentSoftwareDevTeam/cas/commit/814f583dbb2e82630601f57ea1e3c9d1d9fb8b79
cas,6d0f5bf9a4fbca27625fb15afb334ff5a9650be8,myersCody,User,myersCody,2016-07-18T15:11:47Z,Added a color legend to tracker.html see issue #81,https://github.com/BCStudentSoftwareDevTeam/cas/commit/6d0f5bf9a4fbca27625fb15afb334ff5a9650be8
cas,4577c47e453a5458b385b5124790a5aed38d2317,memo330179,User,memo330179,2016-07-18T14:57:57Z,fix deadline edit issue and add creating capability to the deadline display page,https://github.com/BCStudentSoftwareDevTeam/cas/commit/4577c47e453a5458b385b5124790a5aed38d2317
cas,be146af75883f9f351a20b86fa1a868e3b571882,memo330179,User,memo330179,2016-07-18T14:57:24Z,fix deadline edit issue and add creating capability to the deadline display page,https://github.com/BCStudentSoftwareDevTeam/cas/commit/be146af75883f9f351a20b86fa1a868e3b571882
cas,084d5557d61f108107318abe5af31611825f4872,memo330179,User,memo330179,2016-07-18T14:56:36Z,fix deadline edit issue and add creating capability to the deadline display page,https://github.com/BCStudentSoftwareDevTeam/cas/commit/084d5557d61f108107318abe5af31611825f4872
cas,8be2c3af7a11c2bc80cc1e4f6c45092b5e93c29c,myersCody,User,myersCody,2016-07-18T14:11:37Z,Removing app/.c9 files see issue #82,https://github.com/BCStudentSoftwareDevTeam/cas/commit/8be2c3af7a11c2bc80cc1e4f6c45092b5e93c29c
cas,06add70bbaf46d351ada080627aca842ec765462,myersCody,User,myersCody,2016-07-18T13:39:22Z,"FIXED: #76, Text now indicates what the icons mean",https://github.com/BCStudentSoftwareDevTeam/cas/commit/06add70bbaf46d351ada080627aca842ec765462
cas,25cc2a1dac168e5d4f9983ca327798544672f7ce,myersCody,User,myersCody,2016-07-18T13:11:52Z,Added term to the elements being checked in the course tracker. Fixed #79,https://github.com/BCStudentSoftwareDevTeam/cas/commit/25cc2a1dac168e5d4f9983ca327798544672f7ce
cas,3c9b51d21bf7dfc5dba5c5924b1fa5330c198b14,myersCody,User,myersCody,2016-07-18T13:10:40Z,"Checked data['room'] for nulls, to prevent page breaks",https://github.com/BCStudentSoftwareDevTeam/cas/commit/3c9b51d21bf7dfc5dba5c5924b1fa5330c198b14
cas,4fd712126f8bc644ecc6449dc60ea9d9b1f724e6,myersCody,User,myersCody,2016-07-18T12:48:23Z,Added coloring to tracker.html for term,https://github.com/BCStudentSoftwareDevTeam/cas/commit/4fd712126f8bc644ecc6449dc60ea9d9b1f724e6
cas,90dfa3982493f2be435b78b2d7bc577358324aae,myersCody,User,myersCody,2016-07-18T12:20:10Z,Adding term to the the edit course portion of change tracker see #79,https://github.com/BCStudentSoftwareDevTeam/cas/commit/90dfa3982493f2be435b78b2d7bc577358324aae
cas,8fd7126513242c559f222d1e5e4d18a5021d45da,myersCody,User,myersCody,2016-07-18T12:03:36Z,Added order by term to change tracker page,https://github.com/BCStudentSoftwareDevTeam/cas/commit/8fd7126513242c559f222d1e5e4d18a5021d45da
cas,53c0c5a0707d2e063656a7bb4ea3b68ba28d6c0d,myersCody,User,myersCody,2016-07-18T12:00:46Z,Removed print statements from courseManagement.py,https://github.com/BCStudentSoftwareDevTeam/cas/commit/53c0c5a0707d2e063656a7bb4ea3b68ba28d6c0d
cas,32a95f8627670a8ec066523996ea32ac940589bd,myersCody,User,myersCody,2016-07-18T11:57:18Z,Added the term to the tracker.html see issue #79,https://github.com/BCStudentSoftwareDevTeam/cas/commit/32a95f8627670a8ec066523996ea32ac940589bd
cas,f2fa59b226a70bd946d0fc011b4dee5045ac0492,memo330179,User,memo330179,2016-07-15T20:46:02Z,check admin privileges using new class fixes #80,https://github.com/BCStudentSoftwareDevTeam/cas/commit/f2fa59b226a70bd946d0fc011b4dee5045ac0492
cas,6412ae85c8629a2b63d99669b554498a3e39283f,memo330179,User,memo330179,2016-07-15T15:13:47Z,remove the add course form from the course table so that the course table can be reused,https://github.com/BCStudentSoftwareDevTeam/cas/commit/6412ae85c8629a2b63d99669b554498a3e39283f
cas,4be4365435608fb5531ab2e147a5aa5feb3e3d27,memo330179,User,memo330179,2016-07-15T15:11:09Z,get rid of term requirement for the deadline,https://github.com/BCStudentSoftwareDevTeam/cas/commit/4be4365435608fb5531ab2e147a5aa5feb3e3d27
cas,4a75511e08cfdc0c48f51f8b7c011e0063bc47a8,memo330179,User,memo330179,2016-07-15T14:51:15Z,Add id to html to make warning appear when room is selected see #57,https://github.com/BCStudentSoftwareDevTeam/cas/commit/4a75511e08cfdc0c48f51f8b7c011e0063bc47a8
cas,64e77c084c8dce2c3b44a836f430476efb07da23,myersCody,User,myersCody,2016-07-14T20:53:40Z,FIXED: (updateCourse.py),https://github.com/BCStudentSoftwareDevTeam/cas/commit/64e77c084c8dce2c3b44a836f430476efb07da23
cas,26e7419dd80fef280aeac6d77f9bbb4920834f68,myersCody,User,myersCody,2016-07-14T20:49:52Z,MOVED: modal information inside of loop so that it could access the right variable,https://github.com/BCStudentSoftwareDevTeam/cas/commit/26e7419dd80fef280aeac6d77f9bbb4920834f68
cas,a3eaad9ac289af86840fbf53a0f0823da2f457e5,myersCody,User,myersCody,2016-07-14T20:48:42Z,FIXED: Frontend time issues and checking for nulls,https://github.com/BCStudentSoftwareDevTeam/cas/commit/a3eaad9ac289af86840fbf53a0f0823da2f457e5
cas,5f5de87bd5a639f1f091ccb92ff3a4e3f8f6bbe6,myersCody,User,myersCody,2016-07-14T20:47:04Z,UPDATED: (programManagement) Used new authorizedUser function,https://github.com/BCStudentSoftwareDevTeam/cas/commit/5f5de87bd5a639f1f091ccb92ff3a4e3f8f6bbe6
cas,0ce9b031a491f9169066170b066ebdf79d455e4c,myersCody,User,myersCody,2016-07-14T20:45:46Z,CHANGED: (models.py) Made notes able to be null,https://github.com/BCStudentSoftwareDevTeam/cas/commit/0ce9b031a491f9169066170b066ebdf79d455e4c
cas,e5c34d54b0f8fc7b69fd3b4b98bb4693977aa977,myersCody,User,myersCody,2016-07-14T20:43:43Z,FIXED: (databaseInterface) Incorrect Variable Names and Checking values for null,https://github.com/BCStudentSoftwareDevTeam/cas/commit/e5c34d54b0f8fc7b69fd3b4b98bb4693977aa977
cas,d741f2a98b0999f915adfbf41068d40fe926ffa0,myersCody,User,myersCody,2016-07-14T20:38:30Z,FIXED: [ISSUE #62] The tracker now works,https://github.com/BCStudentSoftwareDevTeam/cas/commit/d741f2a98b0999f915adfbf41068d40fe926ffa0
cas,af586ad90b0451f31c3e15d0766e700bd87bd38f,myersCody,User,myersCody,2016-07-14T20:37:17Z,UPDATED: (tracker.html) Added the popup.js,https://github.com/BCStudentSoftwareDevTeam/cas/commit/af586ad90b0451f31c3e15d0766e700bd87bd38f
cas,132009d9137d89ad7ef075409bfa6ddb7997933d,myersCody,User,myersCody,2016-07-14T20:35:39Z,UPDATED: (editCourse.py) Implemented the new databaseInterface function,https://github.com/BCStudentSoftwareDevTeam/cas/commit/132009d9137d89ad7ef075409bfa6ddb7997933d
cas,a36d2986e458cac925880d90cb0c07c75abfbe71,myersCody,User,myersCody,2016-07-14T20:34:26Z,FIXED: (deleteCourse.py) fixed unknow variable issue by using .getUsername(),https://github.com/BCStudentSoftwareDevTeam/cas/commit/a36d2986e458cac925880d90cb0c07c75abfbe71
cas,54864d628cc721637509a863c16aa1ed4554cc7f,myersCody,User,myersCody,2016-07-14T20:32:24Z,FIXED: (courseManagement.py) Fixed a url handling issue,https://github.com/BCStudentSoftwareDevTeam/cas/commit/54864d628cc721637509a863c16aa1ed4554cc7f
cas,07c586be518a445d724356d7ede7157407f510a2,myersCody,User,myersCody,2016-07-14T20:31:11Z,Removed the ability for admins to create programs and divisions,https://github.com/BCStudentSoftwareDevTeam/cas/commit/07c586be518a445d724356d7ede7157407f510a2
cas,d25d207e7365fa9492360deeab74fc4c08e62c8d,myersCody,User,myersCody,2016-07-14T20:28:23Z,ADDED:('requests') to NullCheck function for add_course_form,https://github.com/BCStudentSoftwareDevTeam/cas/commit/d25d207e7365fa9492360deeab74fc4c08e62c8d
cas,1001dfec11ce5281a9c29da9d231bc448a99da02,myersCody,User,myersCody,2016-07-14T20:25:56Z,RENAMED: (tracker.js) --> (popup.js),https://github.com/BCStudentSoftwareDevTeam/cas/commit/1001dfec11ce5281a9c29da9d231bc448a99da02
cas,c4c6dc02e228bc82076dfeb8f790e14a598c9523,memo330179,User,memo330179,2016-07-14T18:45:51Z,add edit course,https://github.com/BCStudentSoftwareDevTeam/cas/commit/c4c6dc02e228bc82076dfeb8f790e14a598c9523
cas,5f2bdc95e2da1097386c5607764e9b9d143a79c4,memo330179,User,memo330179,2016-07-14T18:33:15Z,refactor code to make more readable,https://github.com/BCStudentSoftwareDevTeam/cas/commit/5f2bdc95e2da1097386c5607764e9b9d143a79c4
cas,43f140d908ea715eb10e5f9bfac5c1453dc2ddc1,memo330179,User,memo330179,2016-07-14T18:27:38Z,add database changes to make delete course work,https://github.com/BCStudentSoftwareDevTeam/cas/commit/43f140d908ea715eb10e5f9bfac5c1453dc2ddc1
cas,7c6ee0ff6f473cf0b9c9217b2195b236299f5619,memo330179,User,memo330179,2016-07-14T18:20:18Z,Merge branch 'master' of https://bitbucket.org/sheggen/cas-flask,https://github.com/BCStudentSoftwareDevTeam/cas/commit/7c6ee0ff6f473cf0b9c9217b2195b236299f5619
cas,74cc252b5e5be0f440e0f80cec3555c0dc88b3c8,memo330179,User,memo330179,2016-07-14T18:18:06Z,update delete,https://github.com/BCStudentSoftwareDevTeam/cas/commit/74cc252b5e5be0f440e0f80cec3555c0dc88b3c8
cas,7af957be8b251eb0f7f42792d7368466f007f1b8,myersCody,User,myersCody,2016-07-14T16:33:51Z,FIXED: [ISSUE #64] Instructor names now appear on tracker.html,https://github.com/BCStudentSoftwareDevTeam/cas/commit/7af957be8b251eb0f7f42792d7368466f007f1b8
cas,8cb383dbdf055939e0589906e4d8beecff515de1,myersCody,User,myersCody,2016-07-14T16:29:13Z,"FIXED: [ISSUE #70, #55, #63] These issues are now resolved",https://github.com/BCStudentSoftwareDevTeam/cas/commit/8cb383dbdf055939e0589906e4d8beecff515de1
cas,913a99de2ae5f5fa4c54583c602214e2611b803f,myersCody,User,myersCody,2016-07-14T16:25:59Z,REMOVED: (updateCourse.py) unnecessary code within file,https://github.com/BCStudentSoftwareDevTeam/cas/commit/913a99de2ae5f5fa4c54583c602214e2611b803f
cas,df0de571f2e9c4c0c80daae345fbec30c4e50bd4,myersCody,User,myersCody,2016-07-14T16:23:33Z,"FIXED: (editCourse.html) Fixed a forgein key error, and fixed spacing for textarea to prevent whitespace error for matching values",https://github.com/BCStudentSoftwareDevTeam/cas/commit/df0de571f2e9c4c0c80daae345fbec30c4e50bd4
cas,bed5c95bef9976e9bb8926daa0f2469b1cbaa1f5,myersCody,User,myersCody,2016-07-14T16:21:11Z,UPDATED: (tracker.html) Added two more fields to the table,https://github.com/BCStudentSoftwareDevTeam/cas/commit/bed5c95bef9976e9bb8926daa0f2469b1cbaa1f5
cas,db01bb57600049c267e3a4ebb368d4cea82cba6d,memo330179,User,memo330179,2016-07-14T14:50:55Z,add AuthorizedUser class,https://github.com/BCStudentSoftwareDevTeam/cas/commit/db01bb57600049c267e3a4ebb368d4cea82cba6d
cas,3573c2d9ff8982f6db2f7ff5e2a3216ed05a0db2,memo330179,User,memo330179,2016-07-14T14:06:18Z,add self to class method,https://github.com/BCStudentSoftwareDevTeam/cas/commit/3573c2d9ff8982f6db2f7ff5e2a3216ed05a0db2
cas,d82ab3f8e58b6980d2cf205a89f317a6a7f93b44,memo330179,User,memo330179,2016-07-14T14:01:27Z,change uppercase to lowercase in object variable,https://github.com/BCStudentSoftwareDevTeam/cas/commit/d82ab3f8e58b6980d2cf205a89f317a6a7f93b44
cas,2b21f6d507e756935f8fc5ed4a23283fd0c5f497,memo330179,User,memo330179,2016-07-14T13:59:48Z,add authorized class,https://github.com/BCStudentSoftwareDevTeam/cas/commit/2b21f6d507e756935f8fc5ed4a23283fd0c5f497
cas,fa4c17e155b166c80d1c0b8909b6cf00061e2755,myersCody,User,myersCody,2016-07-14T13:56:02Z,FIXED: syntax error,https://github.com/BCStudentSoftwareDevTeam/cas/commit/fa4c17e155b166c80d1c0b8909b6cf00061e2755
cas,f0e2cfc3b9f0ba88a93b5d3b125687cc36e71553,memo330179,User,memo330179,2016-07-14T13:53:03Z,add AuthorizedClass to see if user is authorized,https://github.com/BCStudentSoftwareDevTeam/cas/commit/f0e2cfc3b9f0ba88a93b5d3b125687cc36e71553
cas,d59b2c1b478be89a19eb42707ae49cb290cfb71f,myersCody,User,myersCody,2016-07-14T13:48:34Z,WORKING ON: (TrackerEdit.py) Wanting to fix the issue with notes and professor always showing up as changed,https://github.com/BCStudentSoftwareDevTeam/cas/commit/d59b2c1b478be89a19eb42707ae49cb290cfb71f
cas,ffde3fc29d6dcac7a293122bdce1466e9320c76e,memo330179,User,memo330179,2016-07-14T13:40:24Z,refactor and add AuthorizedUser class,https://github.com/BCStudentSoftwareDevTeam/cas/commit/ffde3fc29d6dcac7a293122bdce1466e9320c76e
cas,91308641edc5280d18954517c161277fc6e721c2,myersCody,User,myersCody,2016-07-13T21:11:56Z,Removed c9 file,https://github.com/BCStudentSoftwareDevTeam/cas/commit/91308641edc5280d18954517c161277fc6e721c2
cas,ee2bdfa7d0014643156f377474f8204f1a515702,myersCody,User,myersCody,2016-07-13T21:09:31Z,Change Tracker is partially working,https://github.com/BCStudentSoftwareDevTeam/cas/commit/ee2bdfa7d0014643156f377474f8204f1a515702
cas,fb5916d76859598a47e991115c220e4792ca75df,memo330179,User,memo330179,2016-07-13T20:55:26Z,add logic to remove a delete if it was never added to banner,https://github.com/BCStudentSoftwareDevTeam/cas/commit/fb5916d76859598a47e991115c220e4792ca75df
cas,65549689a3f17ffd5bd9a42d3da51d0e8a01b63f,memo330179,User,memo330179,2016-07-13T20:28:07Z,run autopep8 on these files,https://github.com/BCStudentSoftwareDevTeam/cas/commit/65549689a3f17ffd5bd9a42d3da51d0e8a01b63f
cas,679c787f7f7f29a20e38b186b509acfe19e6f8a5,memo330179,User,memo330179,2016-07-13T20:26:02Z,Add authorizedUser class,https://github.com/BCStudentSoftwareDevTeam/cas/commit/679c787f7f7f29a20e38b186b509acfe19e6f8a5
cas,861edd2b1a796d489719ca355cc842958863f8da,memo330179,User,memo330179,2016-07-13T19:55:33Z,Document and Add Authorized class,https://github.com/BCStudentSoftwareDevTeam/cas/commit/861edd2b1a796d489719ca355cc842958863f8da
cas,b407e1d93f74fa25aaa6851e4657a8fa55dd0247,myersCody,User,myersCody,2016-07-13T19:53:39Z,WORKING ON: Change Tracker Updates,https://github.com/BCStudentSoftwareDevTeam/cas/commit/b407e1d93f74fa25aaa6851e4657a8fa55dd0247
cas,e76158675960c4a6c3530c3ba268578f71279dea,memo330179,User,memo330179,2016-07-13T19:50:28Z,Allow the AuthorizedUser class to get its own username so each page doesn't have to repeat that line of code,https://github.com/BCStudentSoftwareDevTeam/cas/commit/e76158675960c4a6c3530c3ba268578f71279dea
cas,8f4f6eff40871b5706286e04af8fdb882b14228c,memo330179,User,memo330179,2016-07-13T19:43:03Z,refactor course management to make it more readable,https://github.com/BCStudentSoftwareDevTeam/cas/commit/8f4f6eff40871b5706286e04af8fdb882b14228c
cas,27242964f5543970c562955fff6cedd7deeb8b97,myersCody,User,myersCody,2016-07-13T17:18:49Z,REDESIGN: (updateCourse.py) Moved the editTracker code into TrackerEdit.py,https://github.com/BCStudentSoftwareDevTeam/cas/commit/27242964f5543970c562955fff6cedd7deeb8b97
cas,9741ee4d3aeb18465c2bc83448a2a4e53c4cc95e,memo330179,User,memo330179,2016-07-13T16:00:09Z,fix spelling errors and variable name,https://github.com/BCStudentSoftwareDevTeam/cas/commit/9741ee4d3aeb18465c2bc83448a2a4e53c4cc95e
cas,125e361d0b3419ca826ddc2d2e646bebe3e8d50c,memo330179,User,memo330179,2016-07-13T15:41:30Z,add flash statement to let user know course has been deleted,https://github.com/BCStudentSoftwareDevTeam/cas/commit/125e361d0b3419ca826ddc2d2e646bebe3e8d50c
cas,3310561954da864b38bf404875f2579a5d2ba9e9,myersCody,User,myersCody,2016-07-13T14:29:06Z,FIXED: [KeyError] added a new key,https://github.com/BCStudentSoftwareDevTeam/cas/commit/3310561954da864b38bf404875f2579a5d2ba9e9
cas,868a2ec7f6dccc3416d2cdcaa0f4e81e05623afb,memo330179,User,memo330179,2016-07-13T14:01:00Z,add functions file to keep logic function and refactor course management,https://github.com/BCStudentSoftwareDevTeam/cas/commit/868a2ec7f6dccc3416d2cdcaa0f4e81e05623afb
cas,535d33e8a6d32953b5e550b04d2332169d7281e0,myersCody,User,myersCody,2016-07-13T13:57:10Z,ADDED: [updateCourse.py] Forgot to run autopep8 on file,https://github.com/BCStudentSoftwareDevTeam/cas/commit/535d33e8a6d32953b5e550b04d2332169d7281e0
cas,461647606e9a8abee35a2bff2b0c3d458f7d4028,myersCody,User,myersCody,2016-07-13T13:55:43Z,WORKING ON [ISSUE #54] Fixing some small bugs related to updating courses on change tracker,https://github.com/BCStudentSoftwareDevTeam/cas/commit/461647606e9a8abee35a2bff2b0c3d458f7d4028
cas,23d2aaf2f8f9cbfb9195539ea67dc484ef3bc9c7,myersCody,User,myersCody,2016-07-13T01:43:03Z,WORKING ON [ISSUE #55] Fixed an error occuring on adding and deleteing courses due to new data being added,https://github.com/BCStudentSoftwareDevTeam/cas/commit/23d2aaf2f8f9cbfb9195539ea67dc484ef3bc9c7
cas,2f9622c30ea13fb0a26e0020aaf6508b7e2a752c,memo330179,User,memo330179,2016-07-12T20:32:30Z,make files pep8 compliant,https://github.com/BCStudentSoftwareDevTeam/cas/commit/2f9622c30ea13fb0a26e0020aaf6508b7e2a752c
cas,476d247f495135033c8e7a776766831a31d925ed,myersCody,User,myersCody,2016-07-12T20:15:58Z,WORKING ON: [updateCourse.py] Currently still broken,https://github.com/BCStudentSoftwareDevTeam/cas/commit/476d247f495135033c8e7a776766831a31d925ed
cas,296f5482bfd155426ba24ceea505be2978f9454d,myersCody,User,myersCody,2016-07-12T16:04:25Z,WORKING ON: (ISSUE #55) Still completeing the update),https://github.com/BCStudentSoftwareDevTeam/cas/commit/296f5482bfd155426ba24ceea505be2978f9454d
cas,e5dc8f1404967221876a6e33c131f8bcc1c43cde,myersCody,User,myersCody,2016-07-11T21:39:06Z,FIXED: Rearranged the comment structure,https://github.com/BCStudentSoftwareDevTeam/cas/commit/e5dc8f1404967221876a6e33c131f8bcc1c43cde
cas,223ff15e2be90853d605175c453e9e87924f0b2f,memo330179,User,memo330179,2016-07-11T19:40:36Z,fix issue introduced by commit 0d0ade1,https://github.com/BCStudentSoftwareDevTeam/cas/commit/223ff15e2be90853d605175c453e9e87924f0b2f
cas,df3817268ee552b49b972ed8fc5bf1e859e87d64,memo330179,User,memo330179,2016-07-11T19:24:22Z,add a warning label when room is selected #57,https://github.com/BCStudentSoftwareDevTeam/cas/commit/df3817268ee552b49b972ed8fc5bf1e859e87d64
cas,33cf85dc019b9d34511fb168fbc25e55c271605e,myersCody,User,myersCody,2016-07-11T18:53:24Z,WORKING ON: [ISSUE #55 #62] Currently the method call is not in a working state,https://github.com/BCStudentSoftwareDevTeam/cas/commit/33cf85dc019b9d34511fb168fbc25e55c271605e
cas,fb858a491a6515e0e0de34344541665b6689ad90,myersCody,User,myersCody,2016-07-11T18:32:13Z,WORKING ON: [ISSUE #55 #62] Added elements to the config.yaml to make things easier,https://github.com/BCStudentSoftwareDevTeam/cas/commit/fb858a491a6515e0e0de34344541665b6689ad90
cas,0d0ade1e9169a238033f382a6af70d3434a61d1b,myersCody,User,myersCody,2016-07-11T17:16:21Z,WORKING ON: [ISSUE #55 #62] Remodeling the design of editing instructors,https://github.com/BCStudentSoftwareDevTeam/cas/commit/0d0ade1e9169a238033f382a6af70d3434a61d1b
cas,045f92c94569ba6d8e808b9ee1812fb024a0e89b,myersCody,User,myersCody,2016-07-11T16:38:28Z,WORKING ON: [ISSUE #55 #62] Now checking the courses,https://github.com/BCStudentSoftwareDevTeam/cas/commit/045f92c94569ba6d8e808b9ee1812fb024a0e89b
cas,7537be3f3b65bfbd48316c874c88958aaeaa8eaf,memo330179,User,memo330179,2016-07-11T17:09:59Z,Add javascript file so that the notes pop works on change tracker see #61.,https://github.com/BCStudentSoftwareDevTeam/cas/commit/7537be3f3b65bfbd48316c874c88958aaeaa8eaf
cas,b56f93705f1ad2128f2e7fa6d50d9a0b5d8c53e3,memo330179,User,memo330179,2016-07-11T15:45:25Z,fix sidebar so that it drops down and links,https://github.com/BCStudentSoftwareDevTeam/cas/commit/b56f93705f1ad2128f2e7fa6d50d9a0b5d8c53e3
cas,a6dd99ef43ccd54efeaeb3a19b73b57553d00569,myersCody,User,myersCody,2016-07-11T15:23:16Z,WORKING ON: [ISSUE #55] Wrote the outline code for checking if instructor changed for a course that already exsists. Bugs may exist,https://github.com/BCStudentSoftwareDevTeam/cas/commit/a6dd99ef43ccd54efeaeb3a19b73b57553d00569
cas,1f156a9213d2fb422731e46f18711f399d9d2b33,memo330179,User,memo330179,2016-07-11T15:14:34Z,add some documentation,https://github.com/BCStudentSoftwareDevTeam/cas/commit/1f156a9213d2fb422731e46f18711f399d9d2b33
cas,3fe78bc3d5ca915b00804923de65454fa8cd0316,memo330179,User,memo330179,2016-07-11T15:07:23Z,add a check to make sure the schedule is not None so that the page doesn't break see #67,https://github.com/BCStudentSoftwareDevTeam/cas/commit/3fe78bc3d5ca915b00804923de65454fa8cd0316
cas,582845c1156f2b3763921b93dea2cf7b150700d8,myersCody,User,myersCody,2016-07-11T13:34:50Z,WORKING ON: [ISSUE #55] Started Creating a new class method to handle updates,https://github.com/BCStudentSoftwareDevTeam/cas/commit/582845c1156f2b3763921b93dea2cf7b150700d8
cas,052485013cd9273bbcb1f3322f2ac61a0cec94e7,myersCody,User,myersCody,2016-07-11T13:14:50Z,DELETED: Database Log files,https://github.com/BCStudentSoftwareDevTeam/cas/commit/052485013cd9273bbcb1f3322f2ac61a0cec94e7
cas,65291127c48f85d8060be670009d8ec46172549d,myersCody,User,myersCody,2016-07-11T13:13:40Z,WORKING ON: [ISSUE #55],https://github.com/BCStudentSoftwareDevTeam/cas/commit/65291127c48f85d8060be670009d8ec46172549d
cas,8eea74bdda236b88d5013a1fe3be1b27c6f60284,myersCody,User,myersCody,2016-07-01T19:56:12Z,FIXED: (newDivision.html) The html was missing div,https://github.com/BCStudentSoftwareDevTeam/cas/commit/8eea74bdda236b88d5013a1fe3be1b27c6f60284
cas,1a11808794f89d52a27773a0212eaada48cfd8cb,myersCody,User,myersCody,2016-07-01T18:59:01Z,FIXED: [ISSUE #58] When courses are added nulls no longer break the system,https://github.com/BCStudentSoftwareDevTeam/cas/commit/1a11808794f89d52a27773a0212eaada48cfd8cb
cas,550d3859caed279dd1284a419fd170a27524ec5f,myersCody,User,myersCody,2016-07-01T18:38:09Z,WORKING ON: [ISSUE#58] Caught null errors for delete and add on courseChange,https://github.com/BCStudentSoftwareDevTeam/cas/commit/550d3859caed279dd1284a419fd170a27524ec5f
cas,5eaa2c3fc137e78a75bfe3bcb0bc2270cd636e6d,myersCody,User,myersCody,2016-06-30T15:57:27Z,WORKING ON: [ISSUE #58] The add course after term is locked is operating successfully,https://github.com/BCStudentSoftwareDevTeam/cas/commit/5eaa2c3fc137e78a75bfe3bcb0bc2270cd636e6d
cas,3652f06d264fa910f9fe0f3614ce8a8fd5d5e4c0,myersCody,User,myersCody,2016-06-29T17:31:30Z,FIXED [ISSUE #54] Change the headers and changed the buttons to match the icons.,https://github.com/BCStudentSoftwareDevTeam/cas/commit/3652f06d264fa910f9fe0f3614ce8a8fd5d5e4c0
cas,ed11a95d1055a117f3d8e31a4af6d7078c8e833b,myersCody,User,myersCody,2016-06-29T17:16:26Z,FIXED: [ISSUE #53] Added a jinja if and else statement to fix the page from crashing,https://github.com/BCStudentSoftwareDevTeam/cas/commit/ed11a95d1055a117f3d8e31a4af6d7078c8e833b
cas,686feb4aa92c920f47251f32e5c4202a04931762,myersCody,User,myersCody,2016-06-29T17:02:08Z,MOVED: (courseManagementSidebar.html) into the snips directory,https://github.com/BCStudentSoftwareDevTeam/cas/commit/686feb4aa92c920f47251f32e5c4202a04931762
cas,b155bb67a5707f55811ce487296022e1ab26a175,myersCody,User,myersCody,2016-06-29T16:00:51Z,FIXED: [ISSUE #51] The Change Tracker functionality now works',https://github.com/BCStudentSoftwareDevTeam/cas/commit/b155bb67a5707f55811ce487296022e1ab26a175
cas,f79a86726583ed601ccc94b791b5643dfb9a430a,myersCody,User,myersCody,2016-06-28T20:26:01Z,"FIXED: [ISSUE #49, #46] The functionality that is desired is completed some bugs may exsist",https://github.com/BCStudentSoftwareDevTeam/cas/commit/f79a86726583ed601ccc94b791b5643dfb9a430a
cas,0f916f420ddadc3f67b36772240019373704abf3,myersCody,User,myersCody,2016-06-28T16:16:46Z,WORKING ON [ISSUE #46] The backend for conflicts page on courseManagement is now complete,https://github.com/BCStudentSoftwareDevTeam/cas/commit/0f916f420ddadc3f67b36772240019373704abf3
cas,6ac2ec27e20d3faf8de95fa9e9b4812f385e2ffa,myersCody,User,myersCody,2016-06-28T15:50:17Z,FIXED: [ISSUE #45] The basic interface for this page is now complete,https://github.com/BCStudentSoftwareDevTeam/cas/commit/6ac2ec27e20d3faf8de95fa9e9b4812f385e2ffa
cas,624aa0339d320d6a2fb9192eebffe2199168b5ff,myersCody,User,myersCody,2016-06-27T20:41:55Z,WORKING ON: Working on creating the controller for the scheduling conflicts interface,https://github.com/BCStudentSoftwareDevTeam/cas/commit/624aa0339d320d6a2fb9192eebffe2199168b5ff
cas,86be3f9d86c78cf771f78b165c17ee076be3f49e,myersCody,User,myersCody,2016-06-24T13:36:49Z,WORKING ON: Cross Listed Courses,https://github.com/BCStudentSoftwareDevTeam/cas/commit/86be3f9d86c78cf771f78b165c17ee076be3f49e
cas,0dd3d06d6f6d75168113fda70be1664eb6d3d25e,myersCody,User,myersCody,2016-06-23T17:22:07Z,WORKING ON: Adding room and cross listed to the current tables and our new tables,https://github.com/BCStudentSoftwareDevTeam/cas/commit/0dd3d06d6f6d75168113fda70be1664eb6d3d25e
cas,d8b1dff58db3d6db7b378852ba38389f9b1a2c54,myersCody,User,myersCody,2016-06-23T14:26:10Z,WORKING ON: Adding room and crosslisted data to the tables and add courses forms,https://github.com/BCStudentSoftwareDevTeam/cas/commit/d8b1dff58db3d6db7b378852ba38389f9b1a2c54
cas,e8806dea8dbd0fa6b9681927f7aa06169ade3e71,myersCody,User,myersCody,2016-06-22T19:52:24Z,WORKING ON: The new course management system. I have the navbar now complete,https://github.com/BCStudentSoftwareDevTeam/cas/commit/e8806dea8dbd0fa6b9681927f7aa06169ade3e71
cas,5f8560c619232dfb24b1b678b6b15c9767ba7946,myersCody,User,myersCody,2016-06-22T15:57:35Z,WORKING ON: Redesigning the layout to handle the new course management view,https://github.com/BCStudentSoftwareDevTeam/cas/commit/5f8560c619232dfb24b1b678b6b15c9767ba7946
cas,b0e978a66f275d4aeb28c3011dc402e054d0bb32,myersCody,User,myersCody,2016-06-21T19:56:22Z,"ADDED: (__init__.py, conflicts.py/.html, crossListed.py/.html) Put all of the default code needed to get the them running in the files",https://github.com/BCStudentSoftwareDevTeam/cas/commit/b0e978a66f275d4aeb28c3011dc402e054d0bb32
cas,c790b76d3136bacc603f1a116209bf18c5aadeaf,myersCody,User,myersCody,2016-06-21T19:15:08Z,FIXED: [ISSUE #44] The navbar now has links related to our new files,https://github.com/BCStudentSoftwareDevTeam/cas/commit/c790b76d3136bacc603f1a116209bf18c5aadeaf
cas,4f5ec17e30a11cb8410a43baf373d68cee2397df,myersCody,User,myersCody,2016-06-21T19:13:16Z,"ADDED: (conflicts.py, conflicts.html, conflicts.yaml, crossListed.html, crossListed.py) FOR [ISSUE #46, #45]",https://github.com/BCStudentSoftwareDevTeam/cas/commit/4f5ec17e30a11cb8410a43baf373d68cee2397df
cas,e8610404689d0300141b9d190187994c0138afc0,myersCody,User,myersCody,2016-06-21T16:10:29Z,FIXED: [ISSUE #42] The dropdown will now work when you click the arrow or the name of the division or program,https://github.com/BCStudentSoftwareDevTeam/cas/commit/e8610404689d0300141b9d190187994c0138afc0
cas,aee7ffd868808e0abb84492b1938d55c6bf9636e,myersCody,User,myersCody,2016-06-21T15:53:30Z,FIXED: [ISSUE #43] The data is now organized,https://github.com/BCStudentSoftwareDevTeam/cas/commit/aee7ffd868808e0abb84492b1938d55c6bf9636e
cas,da5e665a247c9d07f953ba190744afb01b6243e6,myersCody,User,myersCody,2016-06-21T15:41:31Z,FIXED: [ISSUE #41] The text on the sidebar now changes.,https://github.com/BCStudentSoftwareDevTeam/cas/commit/da5e665a247c9d07f953ba190744afb01b6243e6
cas,8d81e7d21cb0281dc2952485923cf28442597bdd,myersCody,User,myersCody,2016-06-21T15:11:49Z,FIXED: [create_db.py] Fixed a small bug related to the last commit,https://github.com/BCStudentSoftwareDevTeam/cas/commit/8d81e7d21cb0281dc2952485923cf28442597bdd
cas,6bcb8f98c26a718879ffcb2d92649e8cab28a7e1,myersCody,User,myersCody,2016-06-21T15:04:55Z,FIXED: [ISSUE #49 #47] Added things to the database,https://github.com/BCStudentSoftwareDevTeam/cas/commit/6bcb8f98c26a718879ffcb2d92649e8cab28a7e1
cas,c1d1d874982129406280f04ba239a818704f44ad,Jesson Soto,,Jesson Soto,2016-06-20T14:22:21Z,"FIXED: The crashing of the change tracker, by adding an if statment to ignore the schedule if it was empty.",https://github.com/BCStudentSoftwareDevTeam/cas/commit/c1d1d874982129406280f04ba239a818704f44ad
cas,8013b84f673c2fd72a606b01da4c98e68197be4f,myersCody,User,myersCody,2016-06-17T18:23:26Z,FIXED: [ISSUE #36] The issue if fixed with an if statement,https://github.com/BCStudentSoftwareDevTeam/cas/commit/8013b84f673c2fd72a606b01da4c98e68197be4f
cas,27f300e9c48a7715342e1b9b2518eb3d7f6db702,myersCody,User,myersCody,2016-06-17T18:05:50Z,FIXED: [ISSUE #30] The button is disabled and changes color,https://github.com/BCStudentSoftwareDevTeam/cas/commit/27f300e9c48a7715342e1b9b2518eb3d7f6db702
cas,c745f26683b3c4e6e58ebc1a427a385dabe44b91,myersCody,User,myersCody,2016-06-17T17:45:50Z,"WORKING ON: [ISSUE #30] The functionality completely works, however I need to change the toggle menu button",https://github.com/BCStudentSoftwareDevTeam/cas/commit/c745f26683b3c4e6e58ebc1a427a385dabe44b91
cas,13c2ee0be88c59b144f4084a186021b5b51fc200,myersCody,User,myersCody,2016-06-17T14:17:32Z,FIXED: [ISSUE #34] Problem with matching ID'S in the javascript,https://github.com/BCStudentSoftwareDevTeam/cas/commit/13c2ee0be88c59b144f4084a186021b5b51fc200
cas,6346c0e03f4d21df314bd50d300ddb0910bde811,myersCody,User,myersCody,2016-06-16T16:15:24Z,"WORKING ON: [ISSUE #34] The arrows are in and functional, but I need to fix the spacing of them inside of the navbar",https://github.com/BCStudentSoftwareDevTeam/cas/commit/6346c0e03f4d21df314bd50d300ddb0910bde811
cas,c85743fa4b2e0188f7df3ede9c057a76e4bb981e,myersCody,User,myersCody,2016-06-16T13:36:05Z,FIXED: (changeAdmin.py) Missed one on issue #40,https://github.com/BCStudentSoftwareDevTeam/cas/commit/c85743fa4b2e0188f7df3ede9c057a76e4bb981e
cas,8bea62f73aea84bd9ec9572b4d4e300c5a700c69,myersCody,User,myersCody,2016-06-16T13:31:38Z,FIXED: [ISSUE #40] We now have consistant logging data,https://github.com/BCStudentSoftwareDevTeam/cas/commit/8bea62f73aea84bd9ec9572b4d4e300c5a700c69
cas,242b42f984c30cd1d18afb4de329eb0adc877cac,myersCody,User,myersCody,2016-06-16T13:26:30Z,FIXED: [ISSUE #38] The system no longer crashes when a capcity isn't filled on the edit modal,https://github.com/BCStudentSoftwareDevTeam/cas/commit/242b42f984c30cd1d18afb4de329eb0adc877cac
cas,94d031013e0916a267aa76f386baf301f4a902aa,myersCody,User,myersCody,2016-06-16T12:54:45Z,ADDED: (programAdmin.html) Added styling to the file in order to make it easier to read,https://github.com/BCStudentSoftwareDevTeam/cas/commit/94d031013e0916a267aa76f386baf301f4a902aa
cas,e5247a141a38275009d98f75d23811a225b31dbd,myersCody,User,myersCody,2016-06-16T12:34:32Z,Merge branch 'master' of https://bitbucket.org/sheggen/cas-flask into Nick,https://github.com/BCStudentSoftwareDevTeam/cas/commit/e5247a141a38275009d98f75d23811a225b31dbd
cas,49b2045339b94d3472eb40e42b9568cb50d46ee8,myersCody,User,myersCody,2016-06-16T12:32:59Z,FIXED: (redirect_courses.py) Fixed a small bug with the redirect_courses.py,https://github.com/BCStudentSoftwareDevTeam/cas/commit/49b2045339b94d3472eb40e42b9568cb50d46ee8
cas,eb4e6e7a6f0a164c467269a7460d925e7bbd915b,Nicholas DeTore,,Nicholas DeTore,2016-06-15T21:31:36Z,"FIXED:[ISSUE#29](course.py, editCourse.py, programAdmin.html) created alerts for course adding and modifications using flash messaging",https://github.com/BCStudentSoftwareDevTeam/cas/commit/eb4e6e7a6f0a164c467269a7460d925e7bbd915b
cas,36d94053669891b5282fbbb32afb3d7d42ff3b51,myersCody,User,myersCody,2016-06-15T21:08:30Z,FIXED: [ISSUE: #39] Scott picked the higest value one has the current term,https://github.com/BCStudentSoftwareDevTeam/cas/commit/36d94053669891b5282fbbb32afb3d7d42ff3b51
cas,c7b9059f71beeb72d693e2941861f7e9c3ae37bd,myersCody,User,myersCody,2016-06-15T20:33:35Z,FIXED: [ISSUE #33] The redirect_courses.py now workds properly,https://github.com/BCStudentSoftwareDevTeam/cas/commit/c7b9059f71beeb72d693e2941861f7e9c3ae37bd
cas,e551b52c5447c56d0c498e81a15caf1aebb5e436,myersCody,User,myersCody,2016-06-15T19:44:44Z,FIXED: [ISSUE #27] Admin's can no longer change the name of the program or division,https://github.com/BCStudentSoftwareDevTeam/cas/commit/e551b52c5447c56d0c498e81a15caf1aebb5e436
cas,82cf50ce2b1725bf02defbe9af1fa870c58937db,myersCody,User,myersCody,2016-06-15T19:31:39Z,FIXED: (systemManagement.html) fixed a small bug,https://github.com/BCStudentSoftwareDevTeam/cas/commit/82cf50ce2b1725bf02defbe9af1fa870c58937db
cas,fc9b5d254c1cafc610d9b5c4d453b125febc4e87,myersCody,User,myersCody,2016-06-15T19:19:15Z,"FIXED: (config.yaml,course.py,sidebar.html) Fixed a small bug regarding the side menu",https://github.com/BCStudentSoftwareDevTeam/cas/commit/fc9b5d254c1cafc610d9b5c4d453b125febc4e87
cas,6ca6e544b800d3fc74f868e76f71ed91c66a55d6,myersCody,User,myersCody,2016-06-15T18:47:13Z,WORKING ON: [ISSUE #27] I have the overall code complete for the program version,https://github.com/BCStudentSoftwareDevTeam/cas/commit/6ca6e544b800d3fc74f868e76f71ed91c66a55d6
cas,8aeac6389a82176e4891fd1cabf513b430333a2f,myersCody,User,myersCody,2016-06-15T16:54:36Z,Merge branch 'master' of https://bitbucket.org/sheggen/cas-flask,https://github.com/BCStudentSoftwareDevTeam/cas/commit/8aeac6389a82176e4891fd1cabf513b430333a2f
cas,78e401e5882b340eefb5849ceb18acadfeae3b39,myersCody,User,myersCody,2016-06-15T16:54:15Z,FIXED: [ISSUE #35] (newTerm.py),https://github.com/BCStudentSoftwareDevTeam/cas/commit/78e401e5882b340eefb5849ceb18acadfeae3b39
cas,119bb14ea186ac95b3d9f63ebbebe4578960e110,Nicholas DeTore,,Nicholas DeTore,2016-06-15T16:03:46Z,Merge branch 'master' of bitbucket.org:sheggen/cas-flask,https://github.com/BCStudentSoftwareDevTeam/cas/commit/119bb14ea186ac95b3d9f63ebbebe4578960e110
cas,af458deb6b718e259ccee341d7e7f5719db418f9,myersCody,User,myersCody,2016-06-15T16:00:11Z,WORKING ON: [ISSUE #35] Still need to prevent duplicates,https://github.com/BCStudentSoftwareDevTeam/cas/commit/af458deb6b718e259ccee341d7e7f5719db418f9
cas,6623a2ae9ff1253f10109a192f8294ce36e37111,Nicholas DeTore,,Nicholas DeTore,2016-06-15T15:58:31Z,FIXED:[ISSUE #37](changeAdmin.py)created a condition statement for notification,https://github.com/BCStudentSoftwareDevTeam/cas/commit/6623a2ae9ff1253f10109a192f8294ce36e37111
cas,db696aee3da273cbd31d993213d9daec2e83c818,myersCody,User,myersCody,2016-06-15T15:23:50Z,ADD: (config.yaml) Added termInformation to the config.yaml,https://github.com/BCStudentSoftwareDevTeam/cas/commit/db696aee3da273cbd31d993213d9daec2e83c818
cas,0a5e2695ff15a43db58f028c22615f4a380a19e4,Nicholas DeTore,,Nicholas DeTore,2016-06-14T19:29:11Z,Merge branch 'master' of bitbucket.org:sheggen/cas-flask,https://github.com/BCStudentSoftwareDevTeam/cas/commit/0a5e2695ff15a43db58f028c22615f4a380a19e4
cas,df0ca620ac3b057294d32b5e0567856703b7fdc9,myersCody,User,myersCody,2016-06-14T19:22:19Z,WORKING ON:[ISSUE #35] Fixed the .py and the .html to show the new elements in the form. Now I need to handle the post with the new id's in the form,https://github.com/BCStudentSoftwareDevTeam/cas/commit/df0ca620ac3b057294d32b5e0567856703b7fdc9
cas,933248d68030d81515fa3a2cc0bd705ef183db3c,Nicholas DeTore,,Nicholas DeTore,2016-06-14T19:16:35Z,"FIXED:[Issue #32](program.html, programAdmin.html courses.py)",https://github.com/BCStudentSoftwareDevTeam/cas/commit/933248d68030d81515fa3a2cc0bd705ef183db3c
cas,7003369f874d54b2c6d7f4f0899d092cda281cac,myersCody,User,myersCody,2016-06-14T19:04:53Z,WORKING ON: [ISSUE #35] Creating variables for the semester and year to be put in the new term form on systemManagement.html,https://github.com/BCStudentSoftwareDevTeam/cas/commit/7003369f874d54b2c6d7f4f0899d092cda281cac
cas,3930e351a4542e332dea8c8081bafdf4d6e507a6,Nicholas DeTore,,Nicholas DeTore,2016-06-14T18:56:57Z,"WORKING ON: (programAdmin.html, courses.py)[Issue #32] Completed partial fix.",https://github.com/BCStudentSoftwareDevTeam/cas/commit/3930e351a4542e332dea8c8081bafdf4d6e507a6
cas,6f36a6dedf0f769ff55d67b1d8e4d9d92d86ff59,myersCody,User,myersCody,2016-06-14T18:28:43Z,ADDED: (models.py) Added some fields to term in models.py,https://github.com/BCStudentSoftwareDevTeam/cas/commit/6f36a6dedf0f769ff55d67b1d8e4d9d92d86ff59
cas,ada7af523e5efb3e1919bea7d160e025a83f3ebf,myersCody,User,myersCody,2016-06-14T17:37:25Z,FIXED: [ISSUE #26] Programs can have multiple prefixes now,https://github.com/BCStudentSoftwareDevTeam/cas/commit/ada7af523e5efb3e1919bea7d160e025a83f3ebf
cas,d46c053c8ef8113bab259a5ee8b083b2a5b592d9,myersCody,User,myersCody,2016-06-14T16:50:32Z,"WORKING ON: (programAdmin.html, course.py) Working on issue #32. Completed partial fix.",https://github.com/BCStudentSoftwareDevTeam/cas/commit/d46c053c8ef8113bab259a5ee8b083b2a5b592d9
cas,af863178d7d5c7536a33a3ea663a02494c2783f4,myersCody,User,myersCody,2016-06-14T15:36:56Z,FIXED: (create_db.py) There was a simple bracket missing from create_db.py causing it to crash,https://github.com/BCStudentSoftwareDevTeam/cas/commit/af863178d7d5c7536a33a3ea663a02494c2783f4
cas,7a061f627ee2d23a9d17d54a96d7f7787fd1ddb8,myersCody,User,myersCody,2016-06-13T17:35:08Z,Merge branch 'master' of https://bitbucket.org/sheggen/cas-flask,https://github.com/BCStudentSoftwareDevTeam/cas/commit/7a061f627ee2d23a9d17d54a96d7f7787fd1ddb8
cas,b644f44c7ebaed983dd9059c691a6089d3149beb,myersCody,User,myersCody,2016-06-13T17:34:38Z,FIXED: (courses.py) Fixed Issue #21,https://github.com/BCStudentSoftwareDevTeam/cas/commit/b644f44c7ebaed983dd9059c691a6089d3149beb
cas,ad249cc2623030aa74dd4d851bf261477bdad903,Jesson Soto,,Jesson Soto,2016-06-10T18:05:22Z,Merge branch 'master' of bitbucket.org:sheggen/cas-flask,https://github.com/BCStudentSoftwareDevTeam/cas/commit/ad249cc2623030aa74dd4d851bf261477bdad903
cas,fdfd3fa3a5ca36860a9e53d33bc450279c2f22ee,Jesson Soto,,Jesson Soto,2016-06-10T17:47:06Z,"FIXED: [Issue #22] (deadline.html, systemManagement.html)",https://github.com/BCStudentSoftwareDevTeam/cas/commit/fdfd3fa3a5ca36860a9e53d33bc450279c2f22ee
cas,9a1d6e11c30ab0b49e2a85ee593985027f81b49d,Jesson Soto,,Jesson Soto,2016-06-10T17:47:06Z,"FIXED: [Issue #21] (deadline.html, systemManagement.html)",https://github.com/BCStudentSoftwareDevTeam/cas/commit/9a1d6e11c30ab0b49e2a85ee593985027f81b49d
cas,e42738ceb7d4b4c841078cf448966cf8dd166e1a,Jesson Soto,,Jesson Soto,2016-06-10T17:07:47Z,"FIXED: [Issue #19] (course.py, deleteCourse.py, programAdmin.html)",https://github.com/BCStudentSoftwareDevTeam/cas/commit/e42738ceb7d4b4c841078cf448966cf8dd166e1a
cas,2a92d9a74272c296e961586d87994522d58b5aa8,myersCody,User,myersCody,2016-06-10T15:37:47Z,"FIXED: (changeAdmin.py,systemManagement.html) Fixed issue #23",https://github.com/BCStudentSoftwareDevTeam/cas/commit/2a92d9a74272c296e961586d87994522d58b5aa8
cas,7f615ce60fcf4f5d8d2a67da7d1a67816b7802bc,myersCody,User,myersCody,2016-06-10T15:21:39Z,WORKING ON: (systemMangement.html) Added a modal. Still need to fix issue #23,https://github.com/BCStudentSoftwareDevTeam/cas/commit/7f615ce60fcf4f5d8d2a67da7d1a67816b7802bc
cas,6ea3ec39e3ff7907cd970c70a7ae22b90245942a,myersCody,User,myersCody,2016-06-10T15:07:42Z,"WORKING ON: (systemManagement.html) Fixing issue #23. Currently broken, adding a modal",https://github.com/BCStudentSoftwareDevTeam/cas/commit/6ea3ec39e3ff7907cd970c70a7ae22b90245942a
cas,71b0476cdcc62a559459ec52be7b7b2fad8ecc6b,Jesson Soto,,Jesson Soto,2016-06-10T15:03:18Z,Merge branch 'master' of bitbucket.org:sheggen/cas-flask,https://github.com/BCStudentSoftwareDevTeam/cas/commit/71b0476cdcc62a559459ec52be7b7b2fad8ecc6b
cas,3e48e948938594c3060c528fa6db6633d7f7fa6a,Aleksandra Cvetanovska,,Aleksandra Cvetanovska,2016-06-10T14:06:06Z,"FIXED:(course.py, updateCourse.py) fixed issue #14",https://github.com/BCStudentSoftwareDevTeam/cas/commit/3e48e948938594c3060c528fa6db6633d7f7fa6a
cas,181748c222a4833e9be4d801a9997e19afdccc41,Aleksandra Cvetanovska,,Aleksandra Cvetanovska,2016-06-10T13:10:07Z,Merge branch 'master' of https://bitbucket.org/sheggen/cas-flask into Aleksandra,https://github.com/BCStudentSoftwareDevTeam/cas/commit/181748c222a4833e9be4d801a9997e19afdccc41
cas,efec14657e3b1fcc65421582d3f35ebd704a35e3,Jesson Soto,,Jesson Soto,2016-06-10T12:24:12Z,FIXED: First bug in [Issue # 18],https://github.com/BCStudentSoftwareDevTeam/cas/commit/efec14657e3b1fcc65421582d3f35ebd704a35e3
cas,0d650d6cd2fff93cc6ba73a22e4b41d115f18f68,Jesson Soto,,Jesson Soto,2016-06-09T20:40:46Z,FIXED: [ISSUE #17],https://github.com/BCStudentSoftwareDevTeam/cas/commit/0d650d6cd2fff93cc6ba73a22e4b41d115f18f68
cas,fb709a0ad2e7d3ae3ae2fbabaa24c7426fd7d66d,Aleksandra Cvetanovska,,Aleksandra Cvetanovska,2016-06-09T20:36:08Z,NOT SURE: (not sure) not sure what alex did here - Cody Myers,https://github.com/BCStudentSoftwareDevTeam/cas/commit/fb709a0ad2e7d3ae3ae2fbabaa24c7426fd7d66d
cas,f028a7e6e376c30ca5f29d2b8adb085f21e5ff94,Jesson Soto,,Jesson Soto,2016-06-09T17:30:38Z,FIXED: [Issue # 14] The button size and submit text.,https://github.com/BCStudentSoftwareDevTeam/cas/commit/f028a7e6e376c30ca5f29d2b8adb085f21e5ff94
cas,9b4f4b34342cc7d3fca561b86e871f73111d7e32,Aleksandra Cvetanovska,,Aleksandra Cvetanovska,2016-06-09T17:10:47Z,FIXED: .gitignore to fix .venv typo,https://github.com/BCStudentSoftwareDevTeam/cas/commit/9b4f4b34342cc7d3fca561b86e871f73111d7e32
cas,49ccc7db8fd1b3947b4607f4f8cbeb66c651a092,Aleksandra Cvetanovska,,Aleksandra Cvetanovska,2016-06-09T17:08:36Z,PARTIAL FIX:(addCourseForm.html) Made Course name a required field. Issue #13,https://github.com/BCStudentSoftwareDevTeam/cas/commit/49ccc7db8fd1b3947b4607f4f8cbeb66c651a092
cas,24b8939def44a887d97bf3b0e371bc7cae80ef08,Jesson Soto,,Jesson Soto,2016-06-09T16:43:22Z,FIXED: venv not installing correctly,https://github.com/BCStudentSoftwareDevTeam/cas/commit/24b8939def44a887d97bf3b0e371bc7cae80ef08
cas,cbfa17da06d4e814978d5832a9aa55c7481250eb,myersCody,User,myersCody,2016-06-09T15:57:56Z,FIXED: (setup.sh) Added (--update) to the pip commands,https://github.com/BCStudentSoftwareDevTeam/cas/commit/cbfa17da06d4e814978d5832a9aa55c7481250eb
cas,08b4703f22914c47a09bdf710871e5cc504a9bbc,myersCody,User,myersCody,2016-06-09T13:35:12Z,FIXED (git) There was a merging issue that I fixed,https://github.com/BCStudentSoftwareDevTeam/cas/commit/08b4703f22914c47a09bdf710871e5cc504a9bbc
cas,0c09b52d0f9d85de85e5ccd42497791b62fca2e1,myersCody,User,myersCody,2016-06-09T13:26:17Z,ADDED: (create_db.py) Added some more dummy data for testing purposes,https://github.com/BCStudentSoftwareDevTeam/cas/commit/0c09b52d0f9d85de85e5ccd42497791b62fca2e1
cas,f37735ca2dea84648ea2a268eb3cbcbfaefcfa79,myersCody,User,myersCody,2016-06-09T13:19:53Z,ADDED: (create_db.py) Added some more dummy data for testing purposes,https://github.com/BCStudentSoftwareDevTeam/cas/commit/f37735ca2dea84648ea2a268eb3cbcbfaefcfa79
cas,a50342349d1e76a0474829cf1d4a33f7c371d489,Jesson Soto,,Jesson Soto,2016-06-09T13:06:15Z,Merge branch 'Jesson-Soto',https://github.com/BCStudentSoftwareDevTeam/cas/commit/a50342349d1e76a0474829cf1d4a33f7c371d489
cas,4fe5b4561919ab772b3ecfdd8a1ca9d1b3552859,Jesson Soto,,Jesson Soto,2016-06-08T21:51:00Z,FIX: (Coursechange.py) [ISSUE #13],https://github.com/BCStudentSoftwareDevTeam/cas/commit/4fe5b4561919ab772b3ecfdd8a1ca9d1b3552859
cas,5ca28a21973804cc43b23c67c0f7a9bd3a564634,Jesson Soto,,Jesson Soto,2016-06-08T20:42:22Z,INFO (git) merging master with Jesson-Soto,https://github.com/BCStudentSoftwareDevTeam/cas/commit/5ca28a21973804cc43b23c67c0f7a9bd3a564634
cas,127958a2eed75426ff61a3fc67b7b3e8c0b67249,Jesson Soto,,Jesson Soto,2016-06-08T20:38:41Z,INFO: (git) commiting before merge,https://github.com/BCStudentSoftwareDevTeam/cas/commit/127958a2eed75426ff61a3fc67b7b3e8c0b67249
cas,ace24d20367029556f720033a1c837f5b8f26a23,Jesson Soto,,Jesson Soto,2016-06-08T20:33:03Z,FIXED: (.gitignore) Now database does not sync run python createdb.py to create,https://github.com/BCStudentSoftwareDevTeam/cas/commit/ace24d20367029556f720033a1c837f5b8f26a23
cas,073d475397163bef90162cc5a05e0b41249f17a3,Jesson Soto,,Jesson Soto,2016-06-08T20:29:30Z,FIXED: Issue # 10 - Forgot to fix the button color on the course/change page,https://github.com/BCStudentSoftwareDevTeam/cas/commit/073d475397163bef90162cc5a05e0b41249f17a3
cas,765d74a9257af84ce1be5f97ce09eaf4f1aa61cf,Jesson Soto,,Jesson Soto,2016-06-08T20:21:32Z,FIXED: (courseChange.py) Resolved Issue # 10,https://github.com/BCStudentSoftwareDevTeam/cas/commit/765d74a9257af84ce1be5f97ce09eaf4f1aa61cf
cas,f6cde464414f8cf5d2661c58eac7772c6aaf1632,myersCody,User,myersCody,2016-06-08T20:06:51Z,FIXED: (git) removed files from the cache,https://github.com/BCStudentSoftwareDevTeam/cas/commit/f6cde464414f8cf5d2661c58eac7772c6aaf1632
cas,280f50d3d8cb5f37cf4acec0465431163df9fb79,myersCody,User,myersCody,2016-06-08T19:29:41Z,REMOVED: (.c9/metadata/tab3),https://github.com/BCStudentSoftwareDevTeam/cas/commit/280f50d3d8cb5f37cf4acec0465431163df9fb79
cas,2a74fb2284aa709fa1fd366b02e3232188ebcdad,Jesson Soto,,Jesson Soto,2016-06-08T19:21:01Z,ADDED: (create_db.py) added some dummy data,https://github.com/BCStudentSoftwareDevTeam/cas/commit/2a74fb2284aa709fa1fd366b02e3232188ebcdad
cas,010f7e2e29ca6c4aaf7af0d3b3205864c3f21d09,myersCody,User,myersCody,2016-06-08T19:14:00Z,ADDED: (create_db.py) Added some dummy data,https://github.com/BCStudentSoftwareDevTeam/cas/commit/010f7e2e29ca6c4aaf7af0d3b3205864c3f21d09
cas,72054d0668336376a94bedbb1fced063f730fd87,myersCody,User,myersCody,2016-06-08T18:31:29Z,"ADDED: (models.py, create_db.py) Added some more dummy data to have a user for every access level",https://github.com/BCStudentSoftwareDevTeam/cas/commit/72054d0668336376a94bedbb1fced063f730fd87
cas,0215db7f26655b75ed7ec066e470133b41ad35c4,myersCody,User,myersCody,2016-06-08T15:40:46Z,ADDED (.gitignore) Added a file to the .gitigore,https://github.com/BCStudentSoftwareDevTeam/cas/commit/0215db7f26655b75ed7ec066e470133b41ad35c4
cas,a1428b7ecd1b7da6698085d837bfcf538d5d1b09,myersCody,User,myersCody,2016-06-08T15:39:31Z,"FIXED: (newProgram.html, newDivision.html) Fixed Issue #11 and #12",https://github.com/BCStudentSoftwareDevTeam/cas/commit/a1428b7ecd1b7da6698085d837bfcf538d5d1b09
cas,dfc4b4b76f28c70cefb783117823b9b1f846e3d4,myersCody,User,myersCody,2016-06-08T15:36:56Z,ADDED: (.gitignore) Added files to .gitignore,https://github.com/BCStudentSoftwareDevTeam/cas/commit/dfc4b4b76f28c70cefb783117823b9b1f846e3d4
cas,cf4706e4fb22db2eba4096f086267f0a85e08c5f,Jesson Soto,,Jesson Soto,2016-06-08T14:48:38Z,FIXED: .gitignore now includes log(*.log) and database(*.db) files.,https://github.com/BCStudentSoftwareDevTeam/cas/commit/cf4706e4fb22db2eba4096f086267f0a85e08c5f
cas,f95ee38402f42e0ac0606aafc26a62f8b2114858,Jesson Soto,,Jesson Soto,2016-06-08T14:27:00Z,FIXED: (CourseChange.py) Issue #9 is now fixed.,https://github.com/BCStudentSoftwareDevTeam/cas/commit/f95ee38402f42e0ac0606aafc26a62f8b2114858
cas,c33b03661e558c910b316a12034fec676005687c,myersCody,User,myersCody,2016-06-07T20:44:40Z,"WORKING ON: (systemManagement.html) In locking and unlocking terms the buttons are no longer confusing, but their functionality is still not working",https://github.com/BCStudentSoftwareDevTeam/cas/commit/c33b03661e558c910b316a12034fec676005687c
cas,4a3c830c25999ad33e1fb2a3e88b71a3f4d9cff7,myersCody,User,myersCody,2016-06-07T20:29:31Z,"WORKING ON: (editTerm.py) Clicking the icons will no longer crash the system, however issue #6 still needs to be completed",https://github.com/BCStudentSoftwareDevTeam/cas/commit/4a3c830c25999ad33e1fb2a3e88b71a3f4d9cff7
cas,1d77c210c696df90617e37b819d7e8d44c074fd2,myersCody,User,myersCody,2016-06-07T19:08:01Z,FIXED: (config.yanl) The system is now looking at the correct database location,https://github.com/BCStudentSoftwareDevTeam/cas/commit/1d77c210c696df90617e37b819d7e8d44c074fd2
cas,f026c2ee479bf787ac722d2e03182ea8923d4f00,myersCody,User,myersCody,2016-06-07T15:41:44Z,"UPDATE: (editDivision.py, editDivision.html) For the .py file I replaced the request.page to request.url and parsed the filename out. For the html file I changed the button color to the same color found on the editProgram.html",https://github.com/BCStudentSoftwareDevTeam/cas/commit/f026c2ee479bf787ac722d2e03182ea8923d4f00
cas,911e193719c6a6649c393eae8440e9abb0861491,myersCody,User,myersCody,2016-06-07T15:25:39Z,UPDATE: (editProgram.py) Parced the request.url to only obtain the page name for log consistency,https://github.com/BCStudentSoftwareDevTeam/cas/commit/911e193719c6a6649c393eae8440e9abb0861491
cas,4ae60cee77cf2ed6086329939c43972401f568ba,myersCody,User,myersCody,2016-06-07T15:20:04Z,UPDATE (editProgram.py) replaced request.page with request.url to prevent crashing,https://github.com/BCStudentSoftwareDevTeam/cas/commit/4ae60cee77cf2ed6086329939c43972401f568ba
cas,b36229cea075e33543236c581896234e4cfb22d9,myersCody,User,myersCody,2016-06-06T20:26:44Z,FIXED: (newTerm.py) You can now add new terms to the system,https://github.com/BCStudentSoftwareDevTeam/cas/commit/b36229cea075e33543236c581896234e4cfb22d9
cas,0245be1ad0852d38499203edf4fbe6cc3c638873,myersCody,User,myersCody,2016-06-06T20:19:03Z,FIXED: (newTerm.py) We needed to force the query in order for it to go into the database.,https://github.com/BCStudentSoftwareDevTeam/cas/commit/0245be1ad0852d38499203edf4fbe6cc3c638873
cas,5009751e6dae4149ad2a515f733e9e72701d0a4d,myersCody,User,myersCody,2016-06-06T20:01:29Z,FIXED: (deadline.html) Made a message appear whenever no deadlines were set,https://github.com/BCStudentSoftwareDevTeam/cas/commit/5009751e6dae4149ad2a515f733e9e72701d0a4d
cas,6db9a9baa9dec1ecd577c3c4a7c8c18e8d61aec7,myersCody,User,myersCody,2016-06-06T18:41:39Z,"FIXED: (models.py, create_db.py) Added some force_inserts to create_db.py. Also, fixed some inconsistencies regarding data in models.py that was causing the application to crash",https://github.com/BCStudentSoftwareDevTeam/cas/commit/6db9a9baa9dec1ecd577c3c4a7c8c18e8d61aec7
cas,c7da62eaa791213d6e865e1b8548b8a957ab22a4,agarwali,User,agarwali,2016-05-05T03:10:54Z,Added the functionality of flagging changes,https://github.com/BCStudentSoftwareDevTeam/cas/commit/c7da62eaa791213d6e865e1b8548b8a957ab22a4
cas,fac884152d5378400e279ae3cf52dee7151a34ca,agarwali,User,agarwali,2016-04-29T17:47:52Z,verified functionality on course changes added,https://github.com/BCStudentSoftwareDevTeam/cas/commit/fac884152d5378400e279ae3cf52dee7151a34ca
cas,6794618c1db893c3131de3d3d845569a037c6697,agarwali,User,agarwali,2016-04-29T16:23:46Z,changed secret key,https://github.com/BCStudentSoftwareDevTeam/cas/commit/6794618c1db893c3131de3d3d845569a037c6697
cas,cda448872122836c59e087df2192d9c145a8ace6,agarwali,User,agarwali,2016-04-29T16:20:38Z,took out secret key and put it somewhere else,https://github.com/BCStudentSoftwareDevTeam/cas/commit/cda448872122836c59e087df2192d9c145a8ace6
cas,1ccabac2506d80e1db03bd999812ef3ea85d0736,agarwali,User,agarwali,2016-04-29T07:07:49Z,added logging and fixed special topics name,https://github.com/BCStudentSoftwareDevTeam/cas/commit/1ccabac2506d80e1db03bd999812ef3ea85d0736
cas,41ab76af5c5cba85660035a072c8fad01fff5baf,agarwali,User,agarwali,2016-04-23T20:19:27Z,mostly working,https://github.com/BCStudentSoftwareDevTeam/cas/commit/41ab76af5c5cba85660035a072c8fad01fff5baf
cas,bc03a7b9a8850cbd210bc6f7acfca4605453d043,agarwali,User,agarwali,2016-04-18T22:33:02Z,added a script to migrate sql dev database,https://github.com/BCStudentSoftwareDevTeam/cas/commit/bc03a7b9a8850cbd210bc6f7acfca4605453d043
cas,684050ce7ca1a3908c9e1be7c27dda1f43537d18,agarwali,User,agarwali,2016-04-16T21:21:18Z,Completed admin panel system management,https://github.com/BCStudentSoftwareDevTeam/cas/commit/684050ce7ca1a3908c9e1be7c27dda1f43537d18
cas,b853f6421e5c4f48badffad60238796bf4c9412e,agarwali,User,agarwali,2016-04-16T15:09:11Z,added the front end for the admin panel,https://github.com/BCStudentSoftwareDevTeam/cas/commit/b853f6421e5c4f48badffad60238796bf4c9412e
cas,a4e5d0477d72740494cfb35e4887e28afc9d17a9,agarwali,User,agarwali,2016-04-09T18:31:52Z,added the view for the admin panel,https://github.com/BCStudentSoftwareDevTeam/cas/commit/a4e5d0477d72740494cfb35e4887e28afc9d17a9
cas,c1b11d71b6d6eb26bfa45c742af11130bc9e0a44,agarwali,User,agarwali,2016-04-08T19:15:27Z,"add sidebar, make query to get courses in a subject, startr functionality to get user level privileges",https://github.com/BCStudentSoftwareDevTeam/cas/commit/c1b11d71b6d6eb26bfa45c742af11130bc9e0a44
cas,bfbae500657975f5ac82ce46813e4ad0f1913d21,memo330179,User,memo330179,2016-04-04T22:42:40Z,added landing page,https://github.com/BCStudentSoftwareDevTeam/cas/commit/bfbae500657975f5ac82ce46813e4ad0f1913d21
cas,17a3f3fa6aa8eb406ed0677d98e8499b7be28fde,Guillermo Ramos,,Guillermo Ramos,2016-03-28T23:57:09Z,Added logging capabilties,https://github.com/BCStudentSoftwareDevTeam/cas/commit/17a3f3fa6aa8eb406ed0677d98e8499b7be28fde
cas,2dc58e3c194b65cd9056b2e8e2b3bb9b8f9d874f,sheggen,User,sheggen,2016-03-14T20:45:16Z,"Merged in guillermo_ramos/flask_template (pull request #1)

Master",https://github.com/BCStudentSoftwareDevTeam/cas/commit/2dc58e3c194b65cd9056b2e8e2b3bb9b8f9d874f
cas,918441c088e37baf11e1411e6f8f16fca7f839e5,memo330179,User,memo330179,2016-03-04T13:01:28Z,"Merged in agarwali/flask_template (pull request #2)

Master",https://github.com/BCStudentSoftwareDevTeam/cas/commit/918441c088e37baf11e1411e6f8f16fca7f839e5
cas,4e1c8634b7dbef8ff77a88dd98bf5a23ccdaf777,agarwali,User,agarwali,2016-03-04T01:39:17Z,Fixed some typos,https://github.com/BCStudentSoftwareDevTeam/cas/commit/4e1c8634b7dbef8ff77a88dd98bf5a23ccdaf777
cas,8702cae87ae73cfb59b8d3fef5dd8a358f65781f,agarwali,User,agarwali,2016-03-04T01:27:20Z,"Updated some of the language on the webpage to make it useful, and added the webform in the nav bar",https://github.com/BCStudentSoftwareDevTeam/cas/commit/8702cae87ae73cfb59b8d3fef5dd8a358f65781f
cas,9a1f31546b54da6e150290c57688b089eed15cee,agarwali,User,agarwali,2016-03-04T01:04:30Z,Updated README.md,https://github.com/BCStudentSoftwareDevTeam/cas/commit/9a1f31546b54da6e150290c57688b089eed15cee
cas,9143fa40b9a27536945c1a994df0b7e89b030311,memo330179,User,memo330179,2016-03-03T01:53:48Z,"Merged in agarwali/flask_template (pull request #1)

Master",https://github.com/BCStudentSoftwareDevTeam/cas/commit/9143fa40b9a27536945c1a994df0b7e89b030311
cas,44b05e2604decd75f32b375295cea0c0e9709b82,memo330179,User,memo330179,2016-03-03T01:52:58Z,README.md edited online with Bitbucket,https://github.com/BCStudentSoftwareDevTeam/cas/commit/44b05e2604decd75f32b375295cea0c0e9709b82
cas,cd704add1557b6db3c27392ccf32f1d23b36c929,agarwali,User,agarwali,2016-03-03T01:52:55Z,minor comments added,https://github.com/BCStudentSoftwareDevTeam/cas/commit/cd704add1557b6db3c27392ccf32f1d23b36c929
cas,ba8376bc35279b128f74150576bd5a818fccd473,memo330179,User,memo330179,2016-03-03T01:50:21Z,README.md edited online with Bitbucket,https://github.com/BCStudentSoftwareDevTeam/cas/commit/ba8376bc35279b128f74150576bd5a818fccd473
cas,c642949b76a26de95a0f05cca3595dfda8606e8b,memo330179,User,memo330179,2016-03-03T01:30:26Z,README.md edited online with Bitbucket,https://github.com/BCStudentSoftwareDevTeam/cas/commit/c642949b76a26de95a0f05cca3595dfda8606e8b
cas,5e5405b5dc27db3a60bf5cc3d38271d27fca57ef,memo330179,User,memo330179,2016-03-03T01:28:21Z,README.md edited online with Bitbucket,https://github.com/BCStudentSoftwareDevTeam/cas/commit/5e5405b5dc27db3a60bf5cc3d38271d27fca57ef
cas,60e40c498e9076b1bb86514ca9247b2392c93224,memo330179,User,memo330179,2016-03-03T01:28:01Z,README.md edited online with Bitbucket,https://github.com/BCStudentSoftwareDevTeam/cas/commit/60e40c498e9076b1bb86514ca9247b2392c93224
cas,12e478085c0d2f77e88b284c4bb162f2efba43ae,memo330179,User,memo330179,2016-03-03T01:21:41Z,README.md edited online with Bitbucket,https://github.com/BCStudentSoftwareDevTeam/cas/commit/12e478085c0d2f77e88b284c4bb162f2efba43ae
cas,12cc9373fc27bd5608be47fd438b9164e9193a18,memo330179,User,memo330179,2016-03-03T01:21:15Z,README.md edited online with Bitbucket,https://github.com/BCStudentSoftwareDevTeam/cas/commit/12cc9373fc27bd5608be47fd438b9164e9193a18
cas,77b02085ce04c3abf4d7764679898cba26f4b5b3,agarwali,User,agarwali,2016-03-03T01:12:00Z,Added example to model.py,https://github.com/BCStudentSoftwareDevTeam/cas/commit/77b02085ce04c3abf4d7764679898cba26f4b5b3
cas,442dadb5b4cfc03beb2d0982c2457b49d250812c,memo330179,User,memo330179,2016-03-03T01:11:35Z,README.md edited online with Bitbucket,https://github.com/BCStudentSoftwareDevTeam/cas/commit/442dadb5b4cfc03beb2d0982c2457b49d250812c
cas,466917239aebc300df1263ad2e894b11de069b9f,memo330179,User,memo330179,2016-03-03T01:11:09Z,README.md edited online with Bitbucket,https://github.com/BCStudentSoftwareDevTeam/cas/commit/466917239aebc300df1263ad2e894b11de069b9f
cas,1964b91d5c7c2359586f53c363efd635e7b45d45,memo330179,User,memo330179,2016-03-03T00:59:32Z,README.md edited online with Bitbucket,https://github.com/BCStudentSoftwareDevTeam/cas/commit/1964b91d5c7c2359586f53c363efd635e7b45d45
cas,be5ee926c753d10cf11b8cc1c99624d0fd984586,memo330179,User,memo330179,2016-03-03T00:53:40Z,README.md edited online with Bitbucket,https://github.com/BCStudentSoftwareDevTeam/cas/commit/be5ee926c753d10cf11b8cc1c99624d0fd984586
cas,79415e6fce1609f54d3af77058fd8f5600bb9cb0,memo330179,User,memo330179,2016-03-03T00:52:10Z,README.md edited online with Bitbucket,https://github.com/BCStudentSoftwareDevTeam/cas/commit/79415e6fce1609f54d3af77058fd8f5600bb9cb0
cas,73badc7be3e2beeaa7344ee6bec09c045fb6463e,memo330179,User,memo330179,2016-03-03T00:42:49Z,README.md edited online with Bitbucket,https://github.com/BCStudentSoftwareDevTeam/cas/commit/73badc7be3e2beeaa7344ee6bec09c045fb6463e
cas,40e9593f944f70de84862f4c793216606329d81f,memo330179,User,memo330179,2016-03-03T00:20:46Z,README.md edited online with Bitbucket,https://github.com/BCStudentSoftwareDevTeam/cas/commit/40e9593f944f70de84862f4c793216606329d81f
cas,4bc75405753f6811e18e4b208cf89f8a12ac2477,memo330179,User,memo330179,2016-03-03T00:09:40Z,README.md edited online with Bitbucket,https://github.com/BCStudentSoftwareDevTeam/cas/commit/4bc75405753f6811e18e4b208cf89f8a12ac2477
cas,d1a6ea18c5210086268f5d1f0c4befca097219a8,memo330179,User,memo330179,2016-03-03T00:07:41Z,README.md edited online with Bitbucket,https://github.com/BCStudentSoftwareDevTeam/cas/commit/d1a6ea18c5210086268f5d1f0c4befca097219a8
cas,8ab60baf6f7264b5cf6a15eb6a4474afe8379d95,memo330179,User,memo330179,2016-03-03T00:07:16Z,README.md edited online with Bitbucket,https://github.com/BCStudentSoftwareDevTeam/cas/commit/8ab60baf6f7264b5cf6a15eb6a4474afe8379d95
cas,4285de7972856f69736cc6e7f9bdfb208cc2f241,memo330179,User,memo330179,2016-03-02T22:05:27Z,more formatting fixed for README.md,https://github.com/BCStudentSoftwareDevTeam/cas/commit/4285de7972856f69736cc6e7f9bdfb208cc2f241
cas,8f4a81d003887c54fbd6cfb5cf497516ad65d290,memo330179,User,memo330179,2016-03-02T22:03:40Z,fixed code formatting on README.md,https://github.com/BCStudentSoftwareDevTeam/cas/commit/8f4a81d003887c54fbd6cfb5cf497516ad65d290
cas,15b4b73e83740f3c8f893ed40ecf08770341618c,memo330179,User,memo330179,2016-03-02T22:02:12Z,fixed some formatting,https://github.com/BCStudentSoftwareDevTeam/cas/commit/15b4b73e83740f3c8f893ed40ecf08770341618c
cas,508ea9a50bef5741d4e3bb1cefb7ca3d7315389d,memo330179,User,memo330179,2016-03-02T21:59:51Z,added getting started documentation,https://github.com/BCStudentSoftwareDevTeam/cas/commit/508ea9a50bef5741d4e3bb1cefb7ca3d7315389d
cas,9f7dd37e21816a233d537c4ece5d6ffa3e08346b,memo330179,User,memo330179,2016-03-02T21:34:01Z,added a README.md for documentation,https://github.com/BCStudentSoftwareDevTeam/cas/commit/9f7dd37e21816a233d537c4ece5d6ffa3e08346b
cas,24533beac43a73477f13335b50047b8bb6dea9b5,sheggen,User,sheggen,2016-03-02T21:02:43Z,removed unnecessary files,https://github.com/BCStudentSoftwareDevTeam/cas/commit/24533beac43a73477f13335b50047b8bb6dea9b5
cas,16cf192a45c46cb5706c30e24f422433b84eaf86,sheggen,User,sheggen,2016-03-02T20:57:11Z,Added sample on how to access database,https://github.com/BCStudentSoftwareDevTeam/cas/commit/16cf192a45c46cb5706c30e24f422433b84eaf86
cas,205e2fd2d99695f5c6842cb442368fb29ec5e80d,sheggen,User,sheggen,2016-02-19T02:49:29Z,Initial application that works; needs lots of documentation,https://github.com/BCStudentSoftwareDevTeam/cas/commit/205e2fd2d99695f5c6842cb442368fb29ec5e80d
cas,555c3d5e5cf76f6968dedf79fe6416e1619a807f,sheggen,User,sheggen,2016-02-18T02:04:03Z,Initial commit; broken code; work in progress,https://github.com/BCStudentSoftwareDevTeam/cas/commit/555c3d5e5cf76f6968dedf79fe6416e1619a807f
