repo,id,author,author_type,created_at,updated_at,issue_url,html_url
cas,852138890,bryantal,User,2016-06-07T13:49:47Z,2021-06-01T13:47:31Z,https://api.github.com/repos/BCStudentSoftwareDevTeam/cas/issues/4,https://github.com/BCStudentSoftwareDevTeam/cas/issues/4#issuecomment-852138890
cas,852138891,bryantal,User,2016-06-07T15:09:25Z,2021-06-01T13:47:31Z,https://api.github.com/repos/BCStudentSoftwareDevTeam/cas/issues/4,https://github.com/BCStudentSoftwareDevTeam/cas/issues/4#issuecomment-852138891
cas,852138950,bryantal,User,2016-06-07T15:43:37Z,2021-06-01T13:47:37Z,https://api.github.com/repos/BCStudentSoftwareDevTeam/cas/issues/5,https://github.com/BCStudentSoftwareDevTeam/cas/issues/5#issuecomment-852138950
cas,852138952,bryantal,User,2016-06-07T20:09:38Z,2021-06-01T13:47:37Z,https://api.github.com/repos/BCStudentSoftwareDevTeam/cas/issues/5,https://github.com/BCStudentSoftwareDevTeam/cas/issues/5#issuecomment-852138952
cas,852138893,bryantal,User,2016-06-07T20:09:48Z,2021-06-01T13:47:31Z,https://api.github.com/repos/BCStudentSoftwareDevTeam/cas/issues/4,https://github.com/BCStudentSoftwareDevTeam/cas/issues/4#issuecomment-852138893
cas,852139044,bryantal,User,2016-06-07T20:10:55Z,2021-06-01T13:47:44Z,https://api.github.com/repos/BCStudentSoftwareDevTeam/cas/issues/7,https://github.com/BCStudentSoftwareDevTeam/cas/issues/7#issuecomment-852139044
cas,852138988,bryantal,User,2016-06-07T20:24:31Z,2021-06-01T13:47:40Z,https://api.github.com/repos/BCStudentSoftwareDevTeam/cas/issues/6,https://github.com/BCStudentSoftwareDevTeam/cas/issues/6#issuecomment-852138988
cas,852138993,bryantal,User,2016-06-07T20:38:34Z,2021-06-01T13:47:41Z,https://api.github.com/repos/BCStudentSoftwareDevTeam/cas/issues/6,https://github.com/BCStudentSoftwareDevTeam/cas/issues/6#issuecomment-852138993
cas,852138995,bryantal,User,2016-06-08T13:52:20Z,2021-06-01T13:47:41Z,https://api.github.com/repos/BCStudentSoftwareDevTeam/cas/issues/6,https://github.com/BCStudentSoftwareDevTeam/cas/issues/6#issuecomment-852138995
cas,852139074,bryantal,User,2016-06-08T13:53:30Z,2021-06-01T13:47:46Z,https://api.github.com/repos/BCStudentSoftwareDevTeam/cas/issues/8,https://github.com/BCStudentSoftwareDevTeam/cas/issues/8#issuecomment-852139074
cas,852139148,bryantal,User,2016-06-08T14:10:45Z,2021-06-01T13:47:51Z,https://api.github.com/repos/BCStudentSoftwareDevTeam/cas/issues/10,https://github.com/BCStudentSoftwareDevTeam/cas/issues/10#issuecomment-852139148
cas,852139107,bryantal,User,2016-06-08T14:52:56Z,2021-06-01T13:47:49Z,https://api.github.com/repos/BCStudentSoftwareDevTeam/cas/issues/9,https://github.com/BCStudentSoftwareDevTeam/cas/issues/9#issuecomment-852139107
cas,852139177,bryantal,User,2016-06-08T15:44:50Z,2021-06-01T13:47:54Z,https://api.github.com/repos/BCStudentSoftwareDevTeam/cas/issues/11,https://github.com/BCStudentSoftwareDevTeam/cas/issues/11#issuecomment-852139177
cas,852139217,bryantal,User,2016-06-08T15:45:01Z,2021-06-01T13:47:56Z,https://api.github.com/repos/BCStudentSoftwareDevTeam/cas/issues/12,https://github.com/BCStudentSoftwareDevTeam/cas/issues/12#issuecomment-852139217
cas,852139149,bryantal,User,2016-06-08T19:35:47Z,2021-06-01T13:47:52Z,https://api.github.com/repos/BCStudentSoftwareDevTeam/cas/issues/10,https://github.com/BCStudentSoftwareDevTeam/cas/issues/10#issuecomment-852139149
cas,852139353,bryantal,User,2016-06-08T20:14:58Z,2021-06-01T13:48:07Z,https://api.github.com/repos/BCStudentSoftwareDevTeam/cas/issues/15,https://github.com/BCStudentSoftwareDevTeam/cas/issues/15#issuecomment-852139353
cas,852139152,bryantal,User,2016-06-08T20:52:05Z,2021-06-01T13:47:52Z,https://api.github.com/repos/BCStudentSoftwareDevTeam/cas/issues/10,https://github.com/BCStudentSoftwareDevTeam/cas/issues/10#issuecomment-852139152
cas,852139421,bryantal,User,2016-06-08T20:56:32Z,2021-06-01T13:48:11Z,https://api.github.com/repos/BCStudentSoftwareDevTeam/cas/issues/16,https://github.com/BCStudentSoftwareDevTeam/cas/issues/16#issuecomment-852139421
cas,852139257,bryantal,User,2016-06-08T22:02:01Z,2021-06-01T13:47:59Z,https://api.github.com/repos/BCStudentSoftwareDevTeam/cas/issues/13,https://github.com/BCStudentSoftwareDevTeam/cas/issues/13#issuecomment-852139257
cas,852139261,bryantal,User,2016-06-09T13:09:23Z,2021-06-01T13:48:00Z,https://api.github.com/repos/BCStudentSoftwareDevTeam/cas/issues/13,https://github.com/BCStudentSoftwareDevTeam/cas/issues/13#issuecomment-852139261
cas,852139303,bryantal,User,2016-06-09T13:30:40Z,2021-06-01T13:48:03Z,https://api.github.com/repos/BCStudentSoftwareDevTeam/cas/issues/14,https://github.com/BCStudentSoftwareDevTeam/cas/issues/14#issuecomment-852139303
cas,852139306,bryantal,User,2016-06-09T13:32:42Z,2021-06-01T13:48:04Z,https://api.github.com/repos/BCStudentSoftwareDevTeam/cas/issues/14,https://github.com/BCStudentSoftwareDevTeam/cas/issues/14#issuecomment-852139306
cas,852139309,bryantal,User,2016-06-09T17:13:52Z,2021-06-01T13:48:04Z,https://api.github.com/repos/BCStudentSoftwareDevTeam/cas/issues/14,https://github.com/BCStudentSoftwareDevTeam/cas/issues/14#issuecomment-852139309
cas,852139311,bryantal,User,2016-06-09T17:31:48Z,2021-06-01T13:48:04Z,https://api.github.com/repos/BCStudentSoftwareDevTeam/cas/issues/14,https://github.com/BCStudentSoftwareDevTeam/cas/issues/14#issuecomment-852139311
cas,852139466,bryantal,User,2016-06-09T20:37:33Z,2021-06-01T13:48:14Z,https://api.github.com/repos/BCStudentSoftwareDevTeam/cas/issues/17,https://github.com/BCStudentSoftwareDevTeam/cas/issues/17#issuecomment-852139466
cas,852139555,bryantal,User,2016-06-10T12:43:51Z,2021-06-01T13:48:20Z,https://api.github.com/repos/BCStudentSoftwareDevTeam/cas/issues/18,https://github.com/BCStudentSoftwareDevTeam/cas/issues/18#issuecomment-852139555
cas,852139617,bryantal,User,2016-06-10T12:46:52Z,2021-06-01T13:48:24Z,https://api.github.com/repos/BCStudentSoftwareDevTeam/cas/issues/19,https://github.com/BCStudentSoftwareDevTeam/cas/issues/19#issuecomment-852139617
cas,852139623,bryantal,User,2016-06-10T13:26:11Z,2021-06-01T13:48:24Z,https://api.github.com/repos/BCStudentSoftwareDevTeam/cas/issues/19,https://github.com/BCStudentSoftwareDevTeam/cas/issues/19#issuecomment-852139623
cas,852139628,bryantal,User,2016-06-10T13:34:31Z,2021-06-01T13:48:24Z,https://api.github.com/repos/BCStudentSoftwareDevTeam/cas/issues/19,https://github.com/BCStudentSoftwareDevTeam/cas/issues/19#issuecomment-852139628
cas,852139315,bryantal,User,2016-06-10T14:55:24Z,2021-06-01T13:48:04Z,https://api.github.com/repos/BCStudentSoftwareDevTeam/cas/issues/14,https://github.com/BCStudentSoftwareDevTeam/cas/issues/14#issuecomment-852139315
cas,852139786,bryantal,User,2016-06-10T14:58:55Z,2021-06-01T13:48:35Z,https://api.github.com/repos/BCStudentSoftwareDevTeam/cas/issues/23,https://github.com/BCStudentSoftwareDevTeam/cas/issues/23#issuecomment-852139786
cas,852139787,bryantal,User,2016-06-10T15:20:29Z,2021-06-01T13:48:35Z,https://api.github.com/repos/BCStudentSoftwareDevTeam/cas/issues/23,https://github.com/BCStudentSoftwareDevTeam/cas/issues/23#issuecomment-852139787
cas,852139788,bryantal,User,2016-06-10T15:55:04Z,2021-06-01T13:48:36Z,https://api.github.com/repos/BCStudentSoftwareDevTeam/cas/issues/23,https://github.com/BCStudentSoftwareDevTeam/cas/issues/23#issuecomment-852139788
cas,852139743,bryantal,User,2016-06-10T16:40:27Z,2021-06-01T13:48:33Z,https://api.github.com/repos/BCStudentSoftwareDevTeam/cas/issues/22,https://github.com/BCStudentSoftwareDevTeam/cas/issues/22#issuecomment-852139743
cas,852139631,bryantal,User,2016-06-10T16:57:04Z,2021-06-01T13:48:24Z,https://api.github.com/repos/BCStudentSoftwareDevTeam/cas/issues/19,https://github.com/BCStudentSoftwareDevTeam/cas/issues/19#issuecomment-852139631
cas,852139680,bryantal,User,2016-06-10T17:49:16Z,2021-06-01T13:48:28Z,https://api.github.com/repos/BCStudentSoftwareDevTeam/cas/issues/20,https://github.com/BCStudentSoftwareDevTeam/cas/issues/20#issuecomment-852139680
cas,852139748,bryantal,User,2016-06-10T17:59:48Z,2021-06-01T13:48:33Z,https://api.github.com/repos/BCStudentSoftwareDevTeam/cas/issues/22,https://github.com/BCStudentSoftwareDevTeam/cas/issues/22#issuecomment-852139748
cas,852139710,bryantal,User,2016-06-13T13:15:21Z,2021-06-01T13:48:30Z,https://api.github.com/repos/BCStudentSoftwareDevTeam/cas/issues/21,https://github.com/BCStudentSoftwareDevTeam/cas/issues/21#issuecomment-852139710
cas,852139713,bryantal,User,2016-06-13T14:26:33Z,2021-06-01T13:48:30Z,https://api.github.com/repos/BCStudentSoftwareDevTeam/cas/issues/21,https://github.com/BCStudentSoftwareDevTeam/cas/issues/21#issuecomment-852139713
cas,852139843,bryantal,User,2016-06-14T13:31:48Z,2021-06-01T13:48:40Z,https://api.github.com/repos/BCStudentSoftwareDevTeam/cas/issues/24,https://github.com/BCStudentSoftwareDevTeam/cas/issues/24#issuecomment-852139843
cas,852140172,bryantal,User,2016-06-14T15:31:10Z,2021-06-01T13:49:05Z,https://api.github.com/repos/BCStudentSoftwareDevTeam/cas/issues/32,https://github.com/BCStudentSoftwareDevTeam/cas/issues/32#issuecomment-852140172
cas,852140256,bryantal,User,2016-06-14T15:34:30Z,2021-06-01T13:49:11Z,https://api.github.com/repos/BCStudentSoftwareDevTeam/cas/issues/34,https://github.com/BCStudentSoftwareDevTeam/cas/issues/34#issuecomment-852140256
cas,852140174,bryantal,User,2016-06-14T16:52:14Z,2021-06-01T13:49:05Z,https://api.github.com/repos/BCStudentSoftwareDevTeam/cas/issues/32,https://github.com/BCStudentSoftwareDevTeam/cas/issues/32#issuecomment-852140174
cas,852139908,bryantal,User,2016-06-14T17:34:46Z,2021-06-01T13:48:45Z,https://api.github.com/repos/BCStudentSoftwareDevTeam/cas/issues/25,https://github.com/BCStudentSoftwareDevTeam/cas/issues/25#issuecomment-852139908
cas,852139938,bryantal,User,2016-06-14T17:38:25Z,2021-06-01T13:48:47Z,https://api.github.com/repos/BCStudentSoftwareDevTeam/cas/issues/26,https://github.com/BCStudentSoftwareDevTeam/cas/issues/26#issuecomment-852139938
cas,852140177,bryantal,User,2016-06-14T18:52:15Z,2021-06-01T13:49:05Z,https://api.github.com/repos/BCStudentSoftwareDevTeam/cas/issues/32,https://github.com/BCStudentSoftwareDevTeam/cas/issues/32#issuecomment-852140177
cas,852140183,bryantal,User,2016-06-14T19:12:08Z,2021-06-01T13:49:05Z,https://api.github.com/repos/BCStudentSoftwareDevTeam/cas/issues/32,https://github.com/BCStudentSoftwareDevTeam/cas/issues/32#issuecomment-852140183
cas,852140187,bryantal,User,2016-06-14T19:36:29Z,2021-06-01T13:49:06Z,https://api.github.com/repos/BCStudentSoftwareDevTeam/cas/issues/32,https://github.com/BCStudentSoftwareDevTeam/cas/issues/32#issuecomment-852140187
cas,852140409,bryantal,User,2016-06-15T16:17:06Z,2021-06-01T13:49:22Z,https://api.github.com/repos/BCStudentSoftwareDevTeam/cas/issues/37,https://github.com/BCStudentSoftwareDevTeam/cas/issues/37#issuecomment-852140409
cas,852140321,bryantal,User,2016-06-15T16:58:00Z,2021-06-01T13:49:16Z,https://api.github.com/repos/BCStudentSoftwareDevTeam/cas/issues/35,https://github.com/BCStudentSoftwareDevTeam/cas/issues/35#issuecomment-852140321
cas,852140323,bryantal,User,2016-06-15T17:00:12Z,2021-06-01T13:49:16Z,https://api.github.com/repos/BCStudentSoftwareDevTeam/cas/issues/35,https://github.com/BCStudentSoftwareDevTeam/cas/issues/35#issuecomment-852140323
cas,852140324,bryantal,User,2016-06-15T17:05:27Z,2021-06-01T13:49:16Z,https://api.github.com/repos/BCStudentSoftwareDevTeam/cas/issues/35,https://github.com/BCStudentSoftwareDevTeam/cas/issues/35#issuecomment-852140324
cas,852140328,bryantal,User,2016-06-15T17:10:00Z,2021-06-01T13:49:16Z,https://api.github.com/repos/BCStudentSoftwareDevTeam/cas/issues/35,https://github.com/BCStudentSoftwareDevTeam/cas/issues/35#issuecomment-852140328
cas,852140329,bryantal,User,2016-06-15T17:12:39Z,2021-06-01T13:49:16Z,https://api.github.com/repos/BCStudentSoftwareDevTeam/cas/issues/35,https://github.com/BCStudentSoftwareDevTeam/cas/issues/35#issuecomment-852140329
cas,852139993,bryantal,User,2016-06-15T18:45:50Z,2021-06-01T13:48:51Z,https://api.github.com/repos/BCStudentSoftwareDevTeam/cas/issues/27,https://github.com/BCStudentSoftwareDevTeam/cas/issues/27#issuecomment-852139993
cas,852139997,bryantal,User,2016-06-15T19:45:20Z,2021-06-01T13:48:51Z,https://api.github.com/repos/BCStudentSoftwareDevTeam/cas/issues/27,https://github.com/BCStudentSoftwareDevTeam/cas/issues/27#issuecomment-852139997
cas,852140226,bryantal,User,2016-06-15T20:35:20Z,2021-06-01T13:49:08Z,https://api.github.com/repos/BCStudentSoftwareDevTeam/cas/issues/33,https://github.com/BCStudentSoftwareDevTeam/cas/issues/33#issuecomment-852140226
cas,852140065,bryantal,User,2016-06-15T21:36:29Z,2021-06-01T13:48:57Z,https://api.github.com/repos/BCStudentSoftwareDevTeam/cas/issues/29,https://github.com/BCStudentSoftwareDevTeam/cas/issues/29#issuecomment-852140065
cas,852140525,bryantal,User,2016-06-16T12:24:16Z,2021-06-01T13:49:32Z,https://api.github.com/repos/BCStudentSoftwareDevTeam/cas/issues/39,https://github.com/BCStudentSoftwareDevTeam/cas/issues/39#issuecomment-852140525
cas,852140549,bryantal,User,2016-06-16T13:32:14Z,2021-06-01T13:49:33Z,https://api.github.com/repos/BCStudentSoftwareDevTeam/cas/issues/40,https://github.com/BCStudentSoftwareDevTeam/cas/issues/40#issuecomment-852140549
cas,852140444,bryantal,User,2016-06-16T13:33:37Z,2021-06-01T13:49:25Z,https://api.github.com/repos/BCStudentSoftwareDevTeam/cas/issues/38,https://github.com/BCStudentSoftwareDevTeam/cas/issues/38#issuecomment-852140444
cas,852140258,bryantal,User,2016-06-16T16:13:49Z,2021-06-01T13:49:11Z,https://api.github.com/repos/BCStudentSoftwareDevTeam/cas/issues/34,https://github.com/BCStudentSoftwareDevTeam/cas/issues/34#issuecomment-852140258
cas,852140261,bryantal,User,2016-06-17T14:18:31Z,2021-06-01T13:49:11Z,https://api.github.com/repos/BCStudentSoftwareDevTeam/cas/issues/34,https://github.com/BCStudentSoftwareDevTeam/cas/issues/34#issuecomment-852140261
cas,852140095,bryantal,User,2016-06-17T18:06:51Z,2021-06-01T13:48:59Z,https://api.github.com/repos/BCStudentSoftwareDevTeam/cas/issues/30,https://github.com/BCStudentSoftwareDevTeam/cas/issues/30#issuecomment-852140095
cas,852140364,bryantal,User,2016-06-17T18:23:47Z,2021-06-01T13:49:19Z,https://api.github.com/repos/BCStudentSoftwareDevTeam/cas/issues/36,https://github.com/BCStudentSoftwareDevTeam/cas/issues/36#issuecomment-852140364
cas,852140903,bryantal,User,2016-06-21T14:54:12Z,2021-06-01T13:49:56Z,https://api.github.com/repos/BCStudentSoftwareDevTeam/cas/issues/47,https://github.com/BCStudentSoftwareDevTeam/cas/issues/47#issuecomment-852140903
cas,852140987,bryantal,User,2016-06-21T14:59:54Z,2021-06-01T13:50:03Z,https://api.github.com/repos/BCStudentSoftwareDevTeam/cas/issues/49,https://github.com/BCStudentSoftwareDevTeam/cas/issues/49#issuecomment-852140987
cas,852140940,bryantal,User,2016-06-21T15:01:10Z,2021-06-01T13:49:59Z,https://api.github.com/repos/BCStudentSoftwareDevTeam/cas/issues/48,https://github.com/BCStudentSoftwareDevTeam/cas/issues/48#issuecomment-852140940
cas,852140991,bryantal,User,2016-06-21T15:02:49Z,2021-06-01T13:50:03Z,https://api.github.com/repos/BCStudentSoftwareDevTeam/cas/issues/49,https://github.com/BCStudentSoftwareDevTeam/cas/issues/49#issuecomment-852140991
cas,852140944,bryantal,User,2016-06-21T15:12:22Z,2021-06-01T13:49:59Z,https://api.github.com/repos/BCStudentSoftwareDevTeam/cas/issues/48,https://github.com/BCStudentSoftwareDevTeam/cas/issues/48#issuecomment-852140944
cas,852140586,bryantal,User,2016-06-21T15:21:05Z,2021-06-01T13:49:36Z,https://api.github.com/repos/BCStudentSoftwareDevTeam/cas/issues/41,https://github.com/BCStudentSoftwareDevTeam/cas/issues/41#issuecomment-852140586
cas,852140588,bryantal,User,2016-06-21T15:42:19Z,2021-06-01T13:49:36Z,https://api.github.com/repos/BCStudentSoftwareDevTeam/cas/issues/41,https://github.com/BCStudentSoftwareDevTeam/cas/issues/41#issuecomment-852140588
cas,852140592,bryantal,User,2016-06-21T15:43:30Z,2021-06-01T13:49:36Z,https://api.github.com/repos/BCStudentSoftwareDevTeam/cas/issues/41,https://github.com/BCStudentSoftwareDevTeam/cas/issues/41#issuecomment-852140592
cas,852140598,bryantal,User,2016-06-21T15:44:27Z,2021-06-01T13:49:36Z,https://api.github.com/repos/BCStudentSoftwareDevTeam/cas/issues/41,https://github.com/BCStudentSoftwareDevTeam/cas/issues/41#issuecomment-852140598
cas,852140677,bryantal,User,2016-06-21T15:54:19Z,2021-06-01T13:49:41Z,https://api.github.com/repos/BCStudentSoftwareDevTeam/cas/issues/43,https://github.com/BCStudentSoftwareDevTeam/cas/issues/43#issuecomment-852140677
cas,852140633,bryantal,User,2016-06-21T16:12:29Z,2021-06-01T13:49:39Z,https://api.github.com/repos/BCStudentSoftwareDevTeam/cas/issues/42,https://github.com/BCStudentSoftwareDevTeam/cas/issues/42#issuecomment-852140633
cas,852140801,bryantal,User,2016-06-21T19:05:11Z,2021-06-01T13:49:49Z,https://api.github.com/repos/BCStudentSoftwareDevTeam/cas/issues/45,https://github.com/BCStudentSoftwareDevTeam/cas/issues/45#issuecomment-852140801
cas,852140737,bryantal,User,2016-06-21T19:17:24Z,2021-06-01T13:49:45Z,https://api.github.com/repos/BCStudentSoftwareDevTeam/cas/issues/44,https://github.com/BCStudentSoftwareDevTeam/cas/issues/44#issuecomment-852140737
cas,852140741,bryantal,User,2016-06-21T19:17:40Z,2021-06-01T13:49:45Z,https://api.github.com/repos/BCStudentSoftwareDevTeam/cas/issues/44,https://github.com/BCStudentSoftwareDevTeam/cas/issues/44#issuecomment-852140741
cas,852140746,bryantal,User,2016-06-21T19:17:52Z,2021-06-01T13:49:45Z,https://api.github.com/repos/BCStudentSoftwareDevTeam/cas/issues/44,https://github.com/BCStudentSoftwareDevTeam/cas/issues/44#issuecomment-852140746
cas,852140854,bryantal,User,2016-06-21T20:57:23Z,2021-06-01T13:49:52Z,https://api.github.com/repos/BCStudentSoftwareDevTeam/cas/issues/46,https://github.com/BCStudentSoftwareDevTeam/cas/issues/46#issuecomment-852140854
cas,852140803,bryantal,User,2016-06-21T20:57:46Z,2021-06-01T13:49:49Z,https://api.github.com/repos/BCStudentSoftwareDevTeam/cas/issues/45,https://github.com/BCStudentSoftwareDevTeam/cas/issues/45#issuecomment-852140803
cas,852140807,bryantal,User,2016-06-28T15:46:30Z,2021-06-01T13:49:49Z,https://api.github.com/repos/BCStudentSoftwareDevTeam/cas/issues/45,https://github.com/BCStudentSoftwareDevTeam/cas/issues/45#issuecomment-852140807
cas,852140809,bryantal,User,2016-06-28T15:47:12Z,2021-06-01T13:49:49Z,https://api.github.com/repos/BCStudentSoftwareDevTeam/cas/issues/45,https://github.com/BCStudentSoftwareDevTeam/cas/issues/45#issuecomment-852140809
cas,852140812,bryantal,User,2016-06-28T15:49:11Z,2021-06-01T13:49:49Z,https://api.github.com/repos/BCStudentSoftwareDevTeam/cas/issues/45,https://github.com/BCStudentSoftwareDevTeam/cas/issues/45#issuecomment-852140812
cas,852140814,bryantal,User,2016-06-28T15:50:56Z,2021-06-01T13:49:50Z,https://api.github.com/repos/BCStudentSoftwareDevTeam/cas/issues/45,https://github.com/BCStudentSoftwareDevTeam/cas/issues/45#issuecomment-852140814
cas,852141051,bryantal,User,2016-06-28T15:51:26Z,2021-06-01T13:50:07Z,https://api.github.com/repos/BCStudentSoftwareDevTeam/cas/issues/50,https://github.com/BCStudentSoftwareDevTeam/cas/issues/50#issuecomment-852141051
cas,852140857,bryantal,User,2016-06-28T15:53:01Z,2021-06-01T13:49:52Z,https://api.github.com/repos/BCStudentSoftwareDevTeam/cas/issues/46,https://github.com/BCStudentSoftwareDevTeam/cas/issues/46#issuecomment-852140857
cas,852140860,bryantal,User,2016-06-28T16:02:43Z,2021-06-01T13:49:53Z,https://api.github.com/repos/BCStudentSoftwareDevTeam/cas/issues/46,https://github.com/BCStudentSoftwareDevTeam/cas/issues/46#issuecomment-852140860
cas,852140861,bryantal,User,2016-06-28T16:17:28Z,2021-06-01T13:49:53Z,https://api.github.com/repos/BCStudentSoftwareDevTeam/cas/issues/46,https://github.com/BCStudentSoftwareDevTeam/cas/issues/46#issuecomment-852140861
cas,852140863,bryantal,User,2016-06-28T17:30:12Z,2021-06-01T13:49:53Z,https://api.github.com/repos/BCStudentSoftwareDevTeam/cas/issues/46,https://github.com/BCStudentSoftwareDevTeam/cas/issues/46#issuecomment-852140863
cas,852140992,bryantal,User,2016-06-28T20:26:36Z,2021-06-01T13:50:03Z,https://api.github.com/repos/BCStudentSoftwareDevTeam/cas/issues/49,https://github.com/BCStudentSoftwareDevTeam/cas/issues/49#issuecomment-852140992
cas,852140996,bryantal,User,2016-06-28T20:26:43Z,2021-06-01T13:50:03Z,https://api.github.com/repos/BCStudentSoftwareDevTeam/cas/issues/49,https://github.com/BCStudentSoftwareDevTeam/cas/issues/49#issuecomment-852140996
cas,852140865,bryantal,User,2016-06-28T20:27:19Z,2021-06-01T13:49:53Z,https://api.github.com/repos/BCStudentSoftwareDevTeam/cas/issues/46,https://github.com/BCStudentSoftwareDevTeam/cas/issues/46#issuecomment-852140865
cas,852141097,bryantal,User,2016-06-28T20:47:06Z,2021-06-01T13:50:09Z,https://api.github.com/repos/BCStudentSoftwareDevTeam/cas/issues/51,https://github.com/BCStudentSoftwareDevTeam/cas/issues/51#issuecomment-852141097
cas,852141105,bryantal,User,2016-06-29T16:01:39Z,2021-06-01T13:50:09Z,https://api.github.com/repos/BCStudentSoftwareDevTeam/cas/issues/51,https://github.com/BCStudentSoftwareDevTeam/cas/issues/51#issuecomment-852141105
cas,852141227,bryantal,User,2016-06-29T17:32:27Z,2021-06-01T13:50:18Z,https://api.github.com/repos/BCStudentSoftwareDevTeam/cas/issues/54,https://github.com/BCStudentSoftwareDevTeam/cas/issues/54#issuecomment-852141227
cas,852141196,bryantal,User,2016-06-29T17:33:33Z,2021-06-01T13:50:15Z,https://api.github.com/repos/BCStudentSoftwareDevTeam/cas/issues/53,https://github.com/BCStudentSoftwareDevTeam/cas/issues/53#issuecomment-852141196
cas,852141398,bryantal,User,2016-06-30T15:55:44Z,2021-06-01T13:50:31Z,https://api.github.com/repos/BCStudentSoftwareDevTeam/cas/issues/58,https://github.com/BCStudentSoftwareDevTeam/cas/issues/58#issuecomment-852141398
cas,852141402,bryantal,User,2016-07-01T18:39:35Z,2021-06-01T13:50:31Z,https://api.github.com/repos/BCStudentSoftwareDevTeam/cas/issues/58,https://github.com/BCStudentSoftwareDevTeam/cas/issues/58#issuecomment-852141402
cas,852141407,bryantal,User,2016-07-01T18:41:31Z,2021-06-01T13:50:31Z,https://api.github.com/repos/BCStudentSoftwareDevTeam/cas/issues/58,https://github.com/BCStudentSoftwareDevTeam/cas/issues/58#issuecomment-852141407
cas,852141412,bryantal,User,2016-07-01T18:47:34Z,2021-06-01T13:50:31Z,https://api.github.com/repos/BCStudentSoftwareDevTeam/cas/issues/58,https://github.com/BCStudentSoftwareDevTeam/cas/issues/58#issuecomment-852141412
cas,852141414,bryantal,User,2016-07-01T18:57:07Z,2021-06-01T13:50:32Z,https://api.github.com/repos/BCStudentSoftwareDevTeam/cas/issues/58,https://github.com/BCStudentSoftwareDevTeam/cas/issues/58#issuecomment-852141414
cas,852141322,bryantal,User,2016-07-01T19:01:37Z,2021-06-01T13:50:25Z,https://api.github.com/repos/BCStudentSoftwareDevTeam/cas/issues/56,https://github.com/BCStudentSoftwareDevTeam/cas/issues/56#issuecomment-852141322
cas,852141277,bryantal,User,2016-07-01T19:04:56Z,2021-06-01T13:50:22Z,https://api.github.com/repos/BCStudentSoftwareDevTeam/cas/issues/55,https://github.com/BCStudentSoftwareDevTeam/cas/issues/55#issuecomment-852141277
cas,852141279,bryantal,User,2016-07-01T19:06:36Z,2021-06-01T13:50:22Z,https://api.github.com/repos/BCStudentSoftwareDevTeam/cas/issues/55,https://github.com/BCStudentSoftwareDevTeam/cas/issues/55#issuecomment-852141279
cas,852141462,bryantal,User,2016-07-11T13:21:29Z,2021-06-01T13:50:34Z,https://api.github.com/repos/BCStudentSoftwareDevTeam/cas/issues/59,https://github.com/BCStudentSoftwareDevTeam/cas/issues/59#issuecomment-852141462
cas,852141286,bryantal,User,2016-07-11T13:29:36Z,2021-06-01T13:50:22Z,https://api.github.com/repos/BCStudentSoftwareDevTeam/cas/issues/55,https://github.com/BCStudentSoftwareDevTeam/cas/issues/55#issuecomment-852141286
cas,852141904,bryantal,User,2016-07-11T15:10:51Z,2021-06-01T13:50:57Z,https://api.github.com/repos/BCStudentSoftwareDevTeam/cas/issues/67,https://github.com/BCStudentSoftwareDevTeam/cas/issues/67#issuecomment-852141904
cas,852141908,bryantal,User,2016-07-11T15:11:35Z,2021-06-01T13:50:57Z,https://api.github.com/repos/BCStudentSoftwareDevTeam/cas/issues/67,https://github.com/BCStudentSoftwareDevTeam/cas/issues/67#issuecomment-852141908
cas,852141911,bryantal,User,2016-07-11T15:32:16Z,2021-06-01T13:50:57Z,https://api.github.com/repos/BCStudentSoftwareDevTeam/cas/issues/67,https://github.com/BCStudentSoftwareDevTeam/cas/issues/67#issuecomment-852141911
cas,852141139,bryantal,User,2016-07-11T15:47:53Z,2021-06-01T13:50:12Z,https://api.github.com/repos/BCStudentSoftwareDevTeam/cas/issues/52,https://github.com/BCStudentSoftwareDevTeam/cas/issues/52#issuecomment-852141139
cas,852141143,bryantal,User,2016-07-11T15:48:12Z,2021-06-01T13:50:12Z,https://api.github.com/repos/BCStudentSoftwareDevTeam/cas/issues/52,https://github.com/BCStudentSoftwareDevTeam/cas/issues/52#issuecomment-852141143
cas,852141568,bryantal,User,2016-07-11T17:12:03Z,2021-06-01T13:50:41Z,https://api.github.com/repos/BCStudentSoftwareDevTeam/cas/issues/61,https://github.com/BCStudentSoftwareDevTeam/cas/issues/61#issuecomment-852141568
cas,852141574,bryantal,User,2016-07-11T17:12:22Z,2021-06-01T13:50:41Z,https://api.github.com/repos/BCStudentSoftwareDevTeam/cas/issues/61,https://github.com/BCStudentSoftwareDevTeam/cas/issues/61#issuecomment-852141574
cas,852141361,bryantal,User,2016-07-11T19:27:00Z,2021-06-01T13:50:28Z,https://api.github.com/repos/BCStudentSoftwareDevTeam/cas/issues/57,https://github.com/BCStudentSoftwareDevTeam/cas/issues/57#issuecomment-852141361
cas,852141364,bryantal,User,2016-07-11T19:27:16Z,2021-06-01T13:50:28Z,https://api.github.com/repos/BCStudentSoftwareDevTeam/cas/issues/57,https://github.com/BCStudentSoftwareDevTeam/cas/issues/57#issuecomment-852141364
cas,852141366,bryantal,User,2016-07-11T19:29:05Z,2021-06-01T13:50:28Z,https://api.github.com/repos/BCStudentSoftwareDevTeam/cas/issues/57,https://github.com/BCStudentSoftwareDevTeam/cas/issues/57#issuecomment-852141366
cas,852141933,bryantal,User,2016-07-11T20:57:49Z,2021-06-01T13:50:59Z,https://api.github.com/repos/BCStudentSoftwareDevTeam/cas/issues/68,https://github.com/BCStudentSoftwareDevTeam/cas/issues/68#issuecomment-852141933
cas,852141147,bryantal,User,2016-07-12T16:05:27Z,2021-06-01T13:50:12Z,https://api.github.com/repos/BCStudentSoftwareDevTeam/cas/issues/52,https://github.com/BCStudentSoftwareDevTeam/cas/issues/52#issuecomment-852141147
cas,852141647,bryantal,User,2016-07-13T20:53:07Z,2021-06-01T13:50:43Z,https://api.github.com/repos/BCStudentSoftwareDevTeam/cas/issues/62,https://github.com/BCStudentSoftwareDevTeam/cas/issues/62#issuecomment-852141647
cas,852141823,bryantal,User,2016-07-14T16:34:15Z,2021-06-01T13:50:50Z,https://api.github.com/repos/BCStudentSoftwareDevTeam/cas/issues/64,https://github.com/BCStudentSoftwareDevTeam/cas/issues/64#issuecomment-852141823
cas,852141937,bryantal,User,2016-07-14T16:34:27Z,2021-06-01T13:50:59Z,https://api.github.com/repos/BCStudentSoftwareDevTeam/cas/issues/68,https://github.com/BCStudentSoftwareDevTeam/cas/issues/68#issuecomment-852141937
cas,852141291,bryantal,User,2016-07-14T16:34:49Z,2021-06-01T13:50:22Z,https://api.github.com/repos/BCStudentSoftwareDevTeam/cas/issues/55,https://github.com/BCStudentSoftwareDevTeam/cas/issues/55#issuecomment-852141291
cas,852141655,bryantal,User,2016-07-14T16:35:27Z,2021-06-01T13:50:43Z,https://api.github.com/repos/BCStudentSoftwareDevTeam/cas/issues/62,https://github.com/BCStudentSoftwareDevTeam/cas/issues/62#issuecomment-852141655
cas,852141661,bryantal,User,2016-07-14T16:36:02Z,2021-06-01T13:50:44Z,https://api.github.com/repos/BCStudentSoftwareDevTeam/cas/issues/62,https://github.com/BCStudentSoftwareDevTeam/cas/issues/62#issuecomment-852141661
cas,852141668,bryantal,User,2016-07-14T16:36:14Z,2021-06-01T13:50:44Z,https://api.github.com/repos/BCStudentSoftwareDevTeam/cas/issues/62,https://github.com/BCStudentSoftwareDevTeam/cas/issues/62#issuecomment-852141668
cas,852141675,bryantal,User,2016-07-14T16:36:43Z,2021-06-01T13:50:44Z,https://api.github.com/repos/BCStudentSoftwareDevTeam/cas/issues/62,https://github.com/BCStudentSoftwareDevTeam/cas/issues/62#issuecomment-852141675
cas,852141856,bryantal,User,2016-07-14T19:43:58Z,2021-06-01T13:50:53Z,https://api.github.com/repos/BCStudentSoftwareDevTeam/cas/issues/65,https://github.com/BCStudentSoftwareDevTeam/cas/issues/65#issuecomment-852141856
cas,852142023,bryantal,User,2016-07-14T19:44:50Z,2021-06-01T13:51:05Z,https://api.github.com/repos/BCStudentSoftwareDevTeam/cas/issues/70,https://github.com/BCStudentSoftwareDevTeam/cas/issues/70#issuecomment-852142023
cas,852141681,bryantal,User,2016-07-14T19:45:10Z,2021-06-01T13:50:44Z,https://api.github.com/repos/BCStudentSoftwareDevTeam/cas/issues/62,https://github.com/BCStudentSoftwareDevTeam/cas/issues/62#issuecomment-852141681
cas,852141751,bryantal,User,2016-07-14T19:45:37Z,2021-06-01T13:50:47Z,https://api.github.com/repos/BCStudentSoftwareDevTeam/cas/issues/63,https://github.com/BCStudentSoftwareDevTeam/cas/issues/63#issuecomment-852141751
cas,852142093,bryantal,User,2016-07-14T19:45:57Z,2021-06-01T13:51:10Z,https://api.github.com/repos/BCStudentSoftwareDevTeam/cas/issues/72,https://github.com/BCStudentSoftwareDevTeam/cas/issues/72#issuecomment-852142093
cas,852142453,bryantal,User,2016-07-15T20:46:51Z,2021-06-01T13:51:35Z,https://api.github.com/repos/BCStudentSoftwareDevTeam/cas/issues/80,https://github.com/BCStudentSoftwareDevTeam/cas/issues/80#issuecomment-852142453
cas,852142169,bryantal,User,2016-07-15T22:14:18Z,2021-06-01T13:51:16Z,https://api.github.com/repos/BCStudentSoftwareDevTeam/cas/issues/74,https://github.com/BCStudentSoftwareDevTeam/cas/issues/74#issuecomment-852142169
cas,852142384,bryantal,User,2016-07-18T11:48:54Z,2021-06-01T13:51:31Z,https://api.github.com/repos/BCStudentSoftwareDevTeam/cas/issues/79,https://github.com/BCStudentSoftwareDevTeam/cas/issues/79#issuecomment-852142384
cas,852142389,bryantal,User,2016-07-18T11:51:31Z,2021-06-01T13:51:31Z,https://api.github.com/repos/BCStudentSoftwareDevTeam/cas/issues/79,https://github.com/BCStudentSoftwareDevTeam/cas/issues/79#issuecomment-852142389
cas,852142391,bryantal,User,2016-07-18T11:54:43Z,2021-06-01T13:51:31Z,https://api.github.com/repos/BCStudentSoftwareDevTeam/cas/issues/79,https://github.com/BCStudentSoftwareDevTeam/cas/issues/79#issuecomment-852142391
cas,852142395,bryantal,User,2016-07-18T11:59:42Z,2021-06-01T13:51:31Z,https://api.github.com/repos/BCStudentSoftwareDevTeam/cas/issues/79,https://github.com/BCStudentSoftwareDevTeam/cas/issues/79#issuecomment-852142395
cas,852142400,bryantal,User,2016-07-18T12:05:11Z,2021-06-01T13:51:31Z,https://api.github.com/repos/BCStudentSoftwareDevTeam/cas/issues/79,https://github.com/BCStudentSoftwareDevTeam/cas/issues/79#issuecomment-852142400
cas,852142403,bryantal,User,2016-07-18T12:14:37Z,2021-06-01T13:51:32Z,https://api.github.com/repos/BCStudentSoftwareDevTeam/cas/issues/79,https://github.com/BCStudentSoftwareDevTeam/cas/issues/79#issuecomment-852142403
cas,852142407,bryantal,User,2016-07-18T12:16:51Z,2021-06-01T13:51:32Z,https://api.github.com/repos/BCStudentSoftwareDevTeam/cas/issues/79,https://github.com/BCStudentSoftwareDevTeam/cas/issues/79#issuecomment-852142407
cas,852142412,bryantal,User,2016-07-18T12:42:43Z,2021-06-01T13:51:32Z,https://api.github.com/repos/BCStudentSoftwareDevTeam/cas/issues/79,https://github.com/BCStudentSoftwareDevTeam/cas/issues/79#issuecomment-852142412
cas,852142414,bryantal,User,2016-07-18T13:12:26Z,2021-06-01T13:51:32Z,https://api.github.com/repos/BCStudentSoftwareDevTeam/cas/issues/79,https://github.com/BCStudentSoftwareDevTeam/cas/issues/79#issuecomment-852142414
cas,852142127,bryantal,User,2016-07-18T13:22:10Z,2021-06-01T13:51:13Z,https://api.github.com/repos/BCStudentSoftwareDevTeam/cas/issues/73,https://github.com/BCStudentSoftwareDevTeam/cas/issues/73#issuecomment-852142127
cas,852142240,bryantal,User,2016-07-18T13:25:08Z,2021-06-01T13:51:20Z,https://api.github.com/repos/BCStudentSoftwareDevTeam/cas/issues/75,https://github.com/BCStudentSoftwareDevTeam/cas/issues/75#issuecomment-852142240
cas,852142284,bryantal,User,2016-07-18T13:39:45Z,2021-06-01T13:51:23Z,https://api.github.com/repos/BCStudentSoftwareDevTeam/cas/issues/76,https://github.com/BCStudentSoftwareDevTeam/cas/issues/76#issuecomment-852142284
cas,852142059,bryantal,User,2016-07-18T13:41:21Z,2021-06-01T13:51:08Z,https://api.github.com/repos/BCStudentSoftwareDevTeam/cas/issues/71,https://github.com/BCStudentSoftwareDevTeam/cas/issues/71#issuecomment-852142059
cas,852142460,bryantal,User,2016-07-18T13:42:27Z,2021-06-01T13:51:35Z,https://api.github.com/repos/BCStudentSoftwareDevTeam/cas/issues/80,https://github.com/BCStudentSoftwareDevTeam/cas/issues/80#issuecomment-852142460
cas,852142521,bryantal,User,2016-07-18T13:54:04Z,2021-06-01T13:51:40Z,https://api.github.com/repos/BCStudentSoftwareDevTeam/cas/issues/82,https://github.com/BCStudentSoftwareDevTeam/cas/issues/82#issuecomment-852142521
cas,852142526,bryantal,User,2016-07-18T14:03:31Z,2021-06-01T13:51:40Z,https://api.github.com/repos/BCStudentSoftwareDevTeam/cas/issues/82,https://github.com/BCStudentSoftwareDevTeam/cas/issues/82#issuecomment-852142526
cas,852142529,bryantal,User,2016-07-18T14:13:33Z,2021-06-01T13:51:40Z,https://api.github.com/repos/BCStudentSoftwareDevTeam/cas/issues/82,https://github.com/BCStudentSoftwareDevTeam/cas/issues/82#issuecomment-852142529
cas,852142492,bryantal,User,2016-07-18T15:09:08Z,2021-06-01T13:51:38Z,https://api.github.com/repos/BCStudentSoftwareDevTeam/cas/issues/81,https://github.com/BCStudentSoftwareDevTeam/cas/issues/81#issuecomment-852142492
cas,852142495,bryantal,User,2016-07-18T15:13:09Z,2021-06-01T13:51:38Z,https://api.github.com/repos/BCStudentSoftwareDevTeam/cas/issues/81,https://github.com/BCStudentSoftwareDevTeam/cas/issues/81#issuecomment-852142495
cas,852142685,bryantal,User,2016-07-18T15:31:48Z,2021-06-01T13:51:51Z,https://api.github.com/repos/BCStudentSoftwareDevTeam/cas/issues/85,https://github.com/BCStudentSoftwareDevTeam/cas/issues/85#issuecomment-852142685
cas,852142711,bryantal,User,2016-07-18T16:14:06Z,2021-06-01T13:51:53Z,https://api.github.com/repos/BCStudentSoftwareDevTeam/cas/issues/86,https://github.com/BCStudentSoftwareDevTeam/cas/issues/86#issuecomment-852142711
cas,852142778,bryantal,User,2016-07-18T16:46:36Z,2021-06-01T13:51:59Z,https://api.github.com/repos/BCStudentSoftwareDevTeam/cas/issues/88,https://github.com/BCStudentSoftwareDevTeam/cas/issues/88#issuecomment-852142778
cas,852142689,bryantal,User,2016-07-18T17:15:26Z,2021-06-01T13:51:51Z,https://api.github.com/repos/BCStudentSoftwareDevTeam/cas/issues/85,https://github.com/BCStudentSoftwareDevTeam/cas/issues/85#issuecomment-852142689
cas,852142636,bryantal,User,2016-07-18T17:31:50Z,2021-06-01T13:51:47Z,https://api.github.com/repos/BCStudentSoftwareDevTeam/cas/issues/84,https://github.com/BCStudentSoftwareDevTeam/cas/issues/84#issuecomment-852142636
cas,852142355,bryantal,User,2016-07-18T17:34:31Z,2021-06-01T13:51:28Z,https://api.github.com/repos/BCStudentSoftwareDevTeam/cas/issues/78,https://github.com/BCStudentSoftwareDevTeam/cas/issues/78#issuecomment-852142355
cas,852142819,bryantal,User,2016-07-18T17:42:19Z,2021-06-01T13:52:02Z,https://api.github.com/repos/BCStudentSoftwareDevTeam/cas/issues/89,https://github.com/BCStudentSoftwareDevTeam/cas/issues/89#issuecomment-852142819
cas,852142922,bryantal,User,2016-07-18T17:44:12Z,2021-06-01T13:52:08Z,https://api.github.com/repos/BCStudentSoftwareDevTeam/cas/issues/91,https://github.com/BCStudentSoftwareDevTeam/cas/issues/91#issuecomment-852142922
cas,852143003,bryantal,User,2016-07-18T17:49:46Z,2021-06-01T13:52:15Z,https://api.github.com/repos/BCStudentSoftwareDevTeam/cas/issues/93,https://github.com/BCStudentSoftwareDevTeam/cas/issues/93#issuecomment-852143003
cas,852143004,bryantal,User,2016-07-18T17:51:45Z,2021-06-01T13:52:15Z,https://api.github.com/repos/BCStudentSoftwareDevTeam/cas/issues/93,https://github.com/BCStudentSoftwareDevTeam/cas/issues/93#issuecomment-852143004
cas,852142175,bryantal,User,2016-07-18T18:12:01Z,2021-06-01T13:51:16Z,https://api.github.com/repos/BCStudentSoftwareDevTeam/cas/issues/74,https://github.com/BCStudentSoftwareDevTeam/cas/issues/74#issuecomment-852142175
cas,852142179,bryantal,User,2016-07-18T18:12:30Z,2021-06-01T13:51:16Z,https://api.github.com/repos/BCStudentSoftwareDevTeam/cas/issues/74,https://github.com/BCStudentSoftwareDevTeam/cas/issues/74#issuecomment-852142179
cas,852142951,bryantal,User,2016-07-18T18:17:16Z,2021-06-01T13:52:11Z,https://api.github.com/repos/BCStudentSoftwareDevTeam/cas/issues/92,https://github.com/BCStudentSoftwareDevTeam/cas/issues/92#issuecomment-852142951
cas,852142955,bryantal,User,2016-07-18T18:19:44Z,2021-06-01T13:52:11Z,https://api.github.com/repos/BCStudentSoftwareDevTeam/cas/issues/92,https://github.com/BCStudentSoftwareDevTeam/cas/issues/92#issuecomment-852142955
cas,852142885,bryantal,User,2016-07-18T18:33:19Z,2021-06-01T13:52:06Z,https://api.github.com/repos/BCStudentSoftwareDevTeam/cas/issues/90,https://github.com/BCStudentSoftwareDevTeam/cas/issues/90#issuecomment-852142885
cas,852143037,bryantal,User,2016-07-19T12:24:04Z,2021-06-01T13:52:18Z,https://api.github.com/repos/BCStudentSoftwareDevTeam/cas/issues/94,https://github.com/BCStudentSoftwareDevTeam/cas/issues/94#issuecomment-852143037
cas,852142183,bryantal,User,2016-07-19T17:21:04Z,2021-06-01T13:51:16Z,https://api.github.com/repos/BCStudentSoftwareDevTeam/cas/issues/74,https://github.com/BCStudentSoftwareDevTeam/cas/issues/74#issuecomment-852142183
cas,852143088,bryantal,User,2016-07-27T15:53:08Z,2021-06-01T13:52:22Z,https://api.github.com/repos/BCStudentSoftwareDevTeam/cas/issues/96,https://github.com/BCStudentSoftwareDevTeam/cas/issues/96#issuecomment-852143088
cas,852143059,bryantal,User,2016-07-27T17:04:20Z,2021-06-01T13:52:20Z,https://api.github.com/repos/BCStudentSoftwareDevTeam/cas/issues/95,https://github.com/BCStudentSoftwareDevTeam/cas/issues/95#issuecomment-852143059
cas,852143041,bryantal,User,2016-07-27T17:05:12Z,2021-06-01T13:52:18Z,https://api.github.com/repos/BCStudentSoftwareDevTeam/cas/issues/94,https://github.com/BCStudentSoftwareDevTeam/cas/issues/94#issuecomment-852143041
cas,852142823,bryantal,User,2016-07-27T17:05:32Z,2021-06-01T13:52:02Z,https://api.github.com/repos/BCStudentSoftwareDevTeam/cas/issues/89,https://github.com/BCStudentSoftwareDevTeam/cas/issues/89#issuecomment-852142823
cas,852142319,bryantal,User,2016-07-27T17:06:37Z,2021-06-01T13:51:25Z,https://api.github.com/repos/BCStudentSoftwareDevTeam/cas/issues/77,https://github.com/BCStudentSoftwareDevTeam/cas/issues/77#issuecomment-852142319
cas,852142188,bryantal,User,2016-07-27T17:07:03Z,2021-06-01T13:51:16Z,https://api.github.com/repos/BCStudentSoftwareDevTeam/cas/issues/74,https://github.com/BCStudentSoftwareDevTeam/cas/issues/74#issuecomment-852142188
cas,852142961,bryantal,User,2016-07-27T17:07:24Z,2021-06-01T13:52:12Z,https://api.github.com/repos/BCStudentSoftwareDevTeam/cas/issues/92,https://github.com/BCStudentSoftwareDevTeam/cas/issues/92#issuecomment-852142961
cas,852141989,bryantal,User,2016-07-27T17:08:15Z,2021-06-01T13:51:03Z,https://api.github.com/repos/BCStudentSoftwareDevTeam/cas/issues/69,https://github.com/BCStudentSoftwareDevTeam/cas/issues/69#issuecomment-852141989
cas,852140029,bryantal,User,2016-07-27T17:09:05Z,2021-06-01T13:48:54Z,https://api.github.com/repos/BCStudentSoftwareDevTeam/cas/issues/28,https://github.com/BCStudentSoftwareDevTeam/cas/issues/28#issuecomment-852140029
cas,852143172,bryantal,User,2016-07-28T14:33:42Z,2021-06-01T13:52:29Z,https://api.github.com/repos/BCStudentSoftwareDevTeam/cas/issues/99,https://github.com/BCStudentSoftwareDevTeam/cas/issues/99#issuecomment-852143172
cas,852143527,bryantal,User,2016-07-28T15:09:08Z,2021-06-01T13:52:57Z,https://api.github.com/repos/BCStudentSoftwareDevTeam/cas/issues/108,https://github.com/BCStudentSoftwareDevTeam/cas/issues/108#issuecomment-852143527
cas,852143457,bryantal,User,2016-07-28T15:09:39Z,2021-06-01T13:52:51Z,https://api.github.com/repos/BCStudentSoftwareDevTeam/cas/issues/106,https://github.com/BCStudentSoftwareDevTeam/cas/issues/106#issuecomment-852143457
cas,852143093,bryantal,User,2016-07-28T17:13:35Z,2021-06-01T13:52:23Z,https://api.github.com/repos/BCStudentSoftwareDevTeam/cas/issues/96,https://github.com/BCStudentSoftwareDevTeam/cas/issues/96#issuecomment-852143093
cas,852143383,bryantal,User,2016-07-28T19:11:42Z,2021-06-01T13:52:45Z,https://api.github.com/repos/BCStudentSoftwareDevTeam/cas/issues/104,https://github.com/BCStudentSoftwareDevTeam/cas/issues/104#issuecomment-852143383
cas,852143387,bryantal,User,2016-07-28T19:14:08Z,2021-06-01T13:52:46Z,https://api.github.com/repos/BCStudentSoftwareDevTeam/cas/issues/104,https://github.com/BCStudentSoftwareDevTeam/cas/issues/104#issuecomment-852143387
cas,852143392,bryantal,User,2016-07-28T20:15:03Z,2021-06-01T13:52:46Z,https://api.github.com/repos/BCStudentSoftwareDevTeam/cas/issues/104,https://github.com/BCStudentSoftwareDevTeam/cas/issues/104#issuecomment-852143392
cas,852143097,bryantal,User,2016-07-28T20:19:58Z,2021-06-01T13:52:23Z,https://api.github.com/repos/BCStudentSoftwareDevTeam/cas/issues/96,https://github.com/BCStudentSoftwareDevTeam/cas/issues/96#issuecomment-852143097
cas,852143342,bryantal,User,2016-07-29T14:29:59Z,2021-06-01T13:52:43Z,https://api.github.com/repos/BCStudentSoftwareDevTeam/cas/issues/103,https://github.com/BCStudentSoftwareDevTeam/cas/issues/103#issuecomment-852143342
cas,852143259,bryantal,User,2016-07-29T14:53:28Z,2021-06-01T13:52:36Z,https://api.github.com/repos/BCStudentSoftwareDevTeam/cas/issues/100,https://github.com/BCStudentSoftwareDevTeam/cas/issues/100#issuecomment-852143259
cas,852143307,bryantal,User,2016-07-29T16:07:30Z,2021-06-01T13:52:40Z,https://api.github.com/repos/BCStudentSoftwareDevTeam/cas/issues/102,https://github.com/BCStudentSoftwareDevTeam/cas/issues/102#issuecomment-852143307
cas,852143277,bryantal,User,2016-07-29T17:10:14Z,2021-06-01T13:52:38Z,https://api.github.com/repos/BCStudentSoftwareDevTeam/cas/issues/101,https://github.com/BCStudentSoftwareDevTeam/cas/issues/101#issuecomment-852143277
cas,852143147,bryantal,User,2016-07-29T17:27:14Z,2021-06-01T13:52:27Z,https://api.github.com/repos/BCStudentSoftwareDevTeam/cas/issues/98,https://github.com/BCStudentSoftwareDevTeam/cas/issues/98#issuecomment-852143147
cas,852143592,bryantal,User,2016-07-31T15:47:59Z,2021-06-01T13:53:02Z,https://api.github.com/repos/BCStudentSoftwareDevTeam/cas/issues/109,https://github.com/BCStudentSoftwareDevTeam/cas/issues/109#issuecomment-852143592
cas,852143655,bryantal,User,2016-07-31T15:49:20Z,2021-06-01T13:53:07Z,https://api.github.com/repos/BCStudentSoftwareDevTeam/cas/issues/110,https://github.com/BCStudentSoftwareDevTeam/cas/issues/110#issuecomment-852143655
cas,852143657,bryantal,User,2016-08-01T14:24:44Z,2021-06-01T13:53:07Z,https://api.github.com/repos/BCStudentSoftwareDevTeam/cas/issues/110,https://github.com/BCStudentSoftwareDevTeam/cas/issues/110#issuecomment-852143657
cas,852143174,bryantal,User,2016-08-01T17:58:08Z,2021-06-01T13:52:30Z,https://api.github.com/repos/BCStudentSoftwareDevTeam/cas/issues/99,https://github.com/BCStudentSoftwareDevTeam/cas/issues/99#issuecomment-852143174
cas,852143816,bryantal,User,2016-08-10T20:15:29Z,2021-06-01T13:53:21Z,https://api.github.com/repos/BCStudentSoftwareDevTeam/cas/issues/115,https://github.com/BCStudentSoftwareDevTeam/cas/issues/115#issuecomment-852143816
cas,852143758,bryantal,User,2016-08-10T20:18:15Z,2021-06-01T13:53:16Z,https://api.github.com/repos/BCStudentSoftwareDevTeam/cas/issues/113,https://github.com/BCStudentSoftwareDevTeam/cas/issues/113#issuecomment-852143758
cas,852143761,bryantal,User,2016-08-11T13:51:20Z,2021-06-01T13:53:16Z,https://api.github.com/repos/BCStudentSoftwareDevTeam/cas/issues/113,https://github.com/BCStudentSoftwareDevTeam/cas/issues/113#issuecomment-852143761
cas,852143822,bryantal,User,2016-08-11T13:51:47Z,2021-06-01T13:53:21Z,https://api.github.com/repos/BCStudentSoftwareDevTeam/cas/issues/115,https://github.com/BCStudentSoftwareDevTeam/cas/issues/115#issuecomment-852143822
cas,852143733,bryantal,User,2016-08-11T13:52:08Z,2021-06-01T13:53:13Z,https://api.github.com/repos/BCStudentSoftwareDevTeam/cas/issues/112,https://github.com/BCStudentSoftwareDevTeam/cas/issues/112#issuecomment-852143733
cas,852143699,bryantal,User,2016-08-11T13:52:23Z,2021-06-01T13:53:11Z,https://api.github.com/repos/BCStudentSoftwareDevTeam/cas/issues/111,https://github.com/BCStudentSoftwareDevTeam/cas/issues/111#issuecomment-852143699
cas,852139357,bryantal,User,2016-09-06T00:28:18Z,2021-06-01T13:48:07Z,https://api.github.com/repos/BCStudentSoftwareDevTeam/cas/issues/15,https://github.com/BCStudentSoftwareDevTeam/cas/issues/15#issuecomment-852139357
cas,852139362,bryantal,User,2016-09-06T00:28:34Z,2021-06-01T13:48:08Z,https://api.github.com/repos/BCStudentSoftwareDevTeam/cas/issues/15,https://github.com/BCStudentSoftwareDevTeam/cas/issues/15#issuecomment-852139362
cas,852144031,bryantal,User,2016-09-16T03:20:39Z,2021-06-01T13:53:38Z,https://api.github.com/repos/BCStudentSoftwareDevTeam/cas/issues/121,https://github.com/BCStudentSoftwareDevTeam/cas/issues/121#issuecomment-852144031
cas,852142595,bryantal,User,2016-09-16T03:22:32Z,2021-06-01T13:51:45Z,https://api.github.com/repos/BCStudentSoftwareDevTeam/cas/issues/83,https://github.com/BCStudentSoftwareDevTeam/cas/issues/83#issuecomment-852142595
cas,852144241,bryantal,User,2016-09-27T19:18:04Z,2021-06-01T13:53:53Z,https://api.github.com/repos/BCStudentSoftwareDevTeam/cas/issues/125,https://github.com/BCStudentSoftwareDevTeam/cas/issues/125#issuecomment-852144241
cas,852143926,bryantal,User,2016-10-14T16:25:18Z,2021-06-01T13:53:30Z,https://api.github.com/repos/BCStudentSoftwareDevTeam/cas/issues/118,https://github.com/BCStudentSoftwareDevTeam/cas/issues/118#issuecomment-852143926
cas,852143962,bryantal,User,2016-10-20T19:44:32Z,2021-06-01T13:53:33Z,https://api.github.com/repos/BCStudentSoftwareDevTeam/cas/issues/119,https://github.com/BCStudentSoftwareDevTeam/cas/issues/119#issuecomment-852143962
cas,852144057,bryantal,User,2016-10-20T19:54:43Z,2021-06-01T13:53:40Z,https://api.github.com/repos/BCStudentSoftwareDevTeam/cas/issues/122,https://github.com/BCStudentSoftwareDevTeam/cas/issues/122#issuecomment-852144057
cas,852144534,bryantal,User,2016-10-26T17:01:11Z,2021-06-01T13:54:15Z,https://api.github.com/repos/BCStudentSoftwareDevTeam/cas/issues/132,https://github.com/BCStudentSoftwareDevTeam/cas/issues/132#issuecomment-852144534
cas,852144389,bryantal,User,2016-10-26T17:48:53Z,2021-06-01T13:54:04Z,https://api.github.com/repos/BCStudentSoftwareDevTeam/cas/issues/129,https://github.com/BCStudentSoftwareDevTeam/cas/issues/129#issuecomment-852144389
cas,852139363,bryantal,User,2016-10-26T17:49:28Z,2021-06-01T13:48:08Z,https://api.github.com/repos/BCStudentSoftwareDevTeam/cas/issues/15,https://github.com/BCStudentSoftwareDevTeam/cas/issues/15#issuecomment-852139363
cas,852144245,bryantal,User,2016-10-26T18:11:08Z,2021-06-01T13:53:53Z,https://api.github.com/repos/BCStudentSoftwareDevTeam/cas/issues/125,https://github.com/BCStudentSoftwareDevTeam/cas/issues/125#issuecomment-852144245
cas,852144470,bryantal,User,2016-11-01T16:37:10Z,2021-06-01T13:54:10Z,https://api.github.com/repos/BCStudentSoftwareDevTeam/cas/issues/131,https://github.com/BCStudentSoftwareDevTeam/cas/issues/131#issuecomment-852144470
cas,852144474,bryantal,User,2016-11-01T17:13:33Z,2021-06-01T13:54:11Z,https://api.github.com/repos/BCStudentSoftwareDevTeam/cas/issues/131,https://github.com/BCStudentSoftwareDevTeam/cas/issues/131#issuecomment-852144474
cas,852144612,bryantal,User,2016-11-01T19:14:12Z,2021-06-01T13:54:21Z,https://api.github.com/repos/BCStudentSoftwareDevTeam/cas/issues/134,https://github.com/BCStudentSoftwareDevTeam/cas/issues/134#issuecomment-852144612
cas,852144616,bryantal,User,2016-11-01T19:23:55Z,2021-06-01T13:54:21Z,https://api.github.com/repos/BCStudentSoftwareDevTeam/cas/issues/134,https://github.com/BCStudentSoftwareDevTeam/cas/issues/134#issuecomment-852144616
cas,852144619,bryantal,User,2016-11-01T19:40:00Z,2021-06-01T13:54:21Z,https://api.github.com/repos/BCStudentSoftwareDevTeam/cas/issues/134,https://github.com/BCStudentSoftwareDevTeam/cas/issues/134#issuecomment-852144619
cas,852144622,bryantal,User,2016-11-01T21:16:05Z,2021-06-01T13:54:21Z,https://api.github.com/repos/BCStudentSoftwareDevTeam/cas/issues/134,https://github.com/BCStudentSoftwareDevTeam/cas/issues/134#issuecomment-852144622
cas,852144627,bryantal,User,2016-11-01T21:17:17Z,2021-06-01T13:54:21Z,https://api.github.com/repos/BCStudentSoftwareDevTeam/cas/issues/134,https://github.com/BCStudentSoftwareDevTeam/cas/issues/134#issuecomment-852144627
cas,852144666,bryantal,User,2016-11-02T18:23:16Z,2021-06-01T13:54:24Z,https://api.github.com/repos/BCStudentSoftwareDevTeam/cas/issues/135,https://github.com/BCStudentSoftwareDevTeam/cas/issues/135#issuecomment-852144666
cas,852144714,bryantal,User,2016-11-04T16:29:27Z,2021-06-01T13:54:28Z,https://api.github.com/repos/BCStudentSoftwareDevTeam/cas/issues/136,https://github.com/BCStudentSoftwareDevTeam/cas/issues/136#issuecomment-852144714
cas,852144720,bryantal,User,2016-11-10T17:51:53Z,2021-06-01T13:54:28Z,https://api.github.com/repos/BCStudentSoftwareDevTeam/cas/issues/136,https://github.com/BCStudentSoftwareDevTeam/cas/issues/136#issuecomment-852144720
cas,852140820,bryantal,User,2016-11-29T21:01:18Z,2021-06-01T13:49:50Z,https://api.github.com/repos/BCStudentSoftwareDevTeam/cas/issues/45,https://github.com/BCStudentSoftwareDevTeam/cas/issues/45#issuecomment-852140820
cas,852144131,bryantal,User,2017-02-14T13:55:25Z,2021-06-01T13:53:44Z,https://api.github.com/repos/BCStudentSoftwareDevTeam/cas/issues/123,https://github.com/BCStudentSoftwareDevTeam/cas/issues/123#issuecomment-852144131
cas,852144629,bryantal,User,2017-02-14T13:56:43Z,2021-06-01T13:54:21Z,https://api.github.com/repos/BCStudentSoftwareDevTeam/cas/issues/134,https://github.com/BCStudentSoftwareDevTeam/cas/issues/134#issuecomment-852144629
cas,852144761,bryantal,User,2017-02-14T13:59:00Z,2021-06-01T13:54:32Z,https://api.github.com/repos/BCStudentSoftwareDevTeam/cas/issues/137,https://github.com/BCStudentSoftwareDevTeam/cas/issues/137#issuecomment-852144761
cas,852144477,bryantal,User,2017-02-15T19:56:28Z,2021-06-01T13:54:11Z,https://api.github.com/repos/BCStudentSoftwareDevTeam/cas/issues/131,https://github.com/BCStudentSoftwareDevTeam/cas/issues/131#issuecomment-852144477
cas,852144668,bryantal,User,2017-02-15T19:57:46Z,2021-06-01T13:54:25Z,https://api.github.com/repos/BCStudentSoftwareDevTeam/cas/issues/135,https://github.com/BCStudentSoftwareDevTeam/cas/issues/135#issuecomment-852144668
cas,852144724,bryantal,User,2017-02-15T19:58:06Z,2021-06-01T13:54:28Z,https://api.github.com/repos/BCStudentSoftwareDevTeam/cas/issues/136,https://github.com/BCStudentSoftwareDevTeam/cas/issues/136#issuecomment-852144724
cas,852145182,bryantal,User,2017-02-15T20:20:49Z,2021-06-01T13:55:04Z,https://api.github.com/repos/BCStudentSoftwareDevTeam/cas/issues/146,https://github.com/BCStudentSoftwareDevTeam/cas/issues/146#issuecomment-852145182
cas,852145184,bryantal,User,2017-02-15T20:24:18Z,2021-06-01T13:55:05Z,https://api.github.com/repos/BCStudentSoftwareDevTeam/cas/issues/146,https://github.com/BCStudentSoftwareDevTeam/cas/issues/146#issuecomment-852145184
cas,852145186,bryantal,User,2017-02-15T20:28:49Z,2021-06-01T13:55:05Z,https://api.github.com/repos/BCStudentSoftwareDevTeam/cas/issues/146,https://github.com/BCStudentSoftwareDevTeam/cas/issues/146#issuecomment-852145186
cas,852144808,bryantal,User,2017-03-14T12:24:41Z,2021-06-01T13:54:35Z,https://api.github.com/repos/BCStudentSoftwareDevTeam/cas/issues/138,https://github.com/BCStudentSoftwareDevTeam/cas/issues/138#issuecomment-852144808
cas,852144810,bryantal,User,2017-03-14T12:26:37Z,2021-06-01T13:54:35Z,https://api.github.com/repos/BCStudentSoftwareDevTeam/cas/issues/138,https://github.com/BCStudentSoftwareDevTeam/cas/issues/138#issuecomment-852144810
cas,852144817,bryantal,User,2017-03-14T13:48:12Z,2021-06-01T13:54:35Z,https://api.github.com/repos/BCStudentSoftwareDevTeam/cas/issues/138,https://github.com/BCStudentSoftwareDevTeam/cas/issues/138#issuecomment-852144817
cas,852144823,bryantal,User,2017-03-14T16:41:59Z,2021-06-01T13:54:36Z,https://api.github.com/repos/BCStudentSoftwareDevTeam/cas/issues/138,https://github.com/BCStudentSoftwareDevTeam/cas/issues/138#issuecomment-852144823
cas,852144567,bryantal,User,2017-06-13T17:45:26Z,2021-06-01T13:54:17Z,https://api.github.com/repos/BCStudentSoftwareDevTeam/cas/issues/133,https://github.com/BCStudentSoftwareDevTeam/cas/issues/133#issuecomment-852144567
cas,852145023,bryantal,User,2017-06-13T18:22:57Z,2021-06-01T13:54:51Z,https://api.github.com/repos/BCStudentSoftwareDevTeam/cas/issues/143,https://github.com/BCStudentSoftwareDevTeam/cas/issues/143#issuecomment-852145023
cas,852145130,bryantal,User,2017-06-15T19:16:07Z,2021-06-01T13:55:00Z,https://api.github.com/repos/BCStudentSoftwareDevTeam/cas/issues/145,https://github.com/BCStudentSoftwareDevTeam/cas/issues/145#issuecomment-852145130
cas,852144135,bryantal,User,2017-06-16T13:01:37Z,2021-06-01T13:53:44Z,https://api.github.com/repos/BCStudentSoftwareDevTeam/cas/issues/123,https://github.com/BCStudentSoftwareDevTeam/cas/issues/123#issuecomment-852144135
cas,852145134,bryantal,User,2017-06-22T17:22:47Z,2021-06-01T13:55:00Z,https://api.github.com/repos/BCStudentSoftwareDevTeam/cas/issues/145,https://github.com/BCStudentSoftwareDevTeam/cas/issues/145#issuecomment-852145134
cas,852145071,bryantal,User,2017-06-22T19:18:34Z,2021-06-01T13:54:55Z,https://api.github.com/repos/BCStudentSoftwareDevTeam/cas/issues/144,https://github.com/BCStudentSoftwareDevTeam/cas/issues/144#issuecomment-852145071
cas,852145137,bryantal,User,2017-07-30T22:17:44Z,2021-06-01T13:55:00Z,https://api.github.com/repos/BCStudentSoftwareDevTeam/cas/issues/145,https://github.com/BCStudentSoftwareDevTeam/cas/issues/145#issuecomment-852145137
cas,852144427,bryantal,User,2017-07-30T22:18:33Z,2021-06-01T13:54:07Z,https://api.github.com/repos/BCStudentSoftwareDevTeam/cas/issues/130,https://github.com/BCStudentSoftwareDevTeam/cas/issues/130#issuecomment-852144427
cas,852145226,bryantal,User,2017-07-30T22:19:59Z,2021-06-01T13:55:09Z,https://api.github.com/repos/BCStudentSoftwareDevTeam/cas/issues/147,https://github.com/BCStudentSoftwareDevTeam/cas/issues/147#issuecomment-852145226
cas,852145027,bryantal,User,2017-07-30T22:21:22Z,2021-06-01T13:54:52Z,https://api.github.com/repos/BCStudentSoftwareDevTeam/cas/issues/143,https://github.com/BCStudentSoftwareDevTeam/cas/issues/143#issuecomment-852145027
cas,852145231,bryantal,User,2017-07-31T01:35:50Z,2021-06-01T13:55:09Z,https://api.github.com/repos/BCStudentSoftwareDevTeam/cas/issues/147,https://github.com/BCStudentSoftwareDevTeam/cas/issues/147#issuecomment-852145231
cas,852144327,bryantal,User,2017-08-29T14:07:10Z,2021-06-01T13:54:00Z,https://api.github.com/repos/BCStudentSoftwareDevTeam/cas/issues/128,https://github.com/BCStudentSoftwareDevTeam/cas/issues/128#issuecomment-852144327
cas,852144329,bryantal,User,2017-08-29T15:21:09Z,2021-06-01T13:54:00Z,https://api.github.com/repos/BCStudentSoftwareDevTeam/cas/issues/128,https://github.com/BCStudentSoftwareDevTeam/cas/issues/128#issuecomment-852144329
cas,852144333,bryantal,User,2017-08-29T16:13:43Z,2021-06-01T13:54:00Z,https://api.github.com/repos/BCStudentSoftwareDevTeam/cas/issues/128,https://github.com/BCStudentSoftwareDevTeam/cas/issues/128#issuecomment-852144333
cas,852144573,bryantal,User,2017-08-31T16:14:06Z,2021-06-01T13:54:17Z,https://api.github.com/repos/BCStudentSoftwareDevTeam/cas/issues/133,https://github.com/BCStudentSoftwareDevTeam/cas/issues/133#issuecomment-852144573
cas,852145652,bryantal,User,2017-09-07T17:20:34Z,2021-06-01T13:55:40Z,https://api.github.com/repos/BCStudentSoftwareDevTeam/cas/issues/156,https://github.com/BCStudentSoftwareDevTeam/cas/issues/156#issuecomment-852145652
cas,852144137,bryantal,User,2017-09-09T02:42:25Z,2021-06-01T13:53:45Z,https://api.github.com/repos/BCStudentSoftwareDevTeam/cas/issues/123,https://github.com/BCStudentSoftwareDevTeam/cas/issues/123#issuecomment-852144137
cas,852145233,bryantal,User,2017-09-09T02:42:53Z,2021-06-01T13:55:09Z,https://api.github.com/repos/BCStudentSoftwareDevTeam/cas/issues/147,https://github.com/BCStudentSoftwareDevTeam/cas/issues/147#issuecomment-852145233
cas,852140823,bryantal,User,2017-09-11T15:16:05Z,2021-06-01T13:49:50Z,https://api.github.com/repos/BCStudentSoftwareDevTeam/cas/issues/45,https://github.com/BCStudentSoftwareDevTeam/cas/issues/45#issuecomment-852140823
cas,852145237,bryantal,User,2017-09-12T00:23:49Z,2021-06-01T13:55:09Z,https://api.github.com/repos/BCStudentSoftwareDevTeam/cas/issues/147,https://github.com/BCStudentSoftwareDevTeam/cas/issues/147#issuecomment-852145237
cas,852145370,bryantal,User,2017-09-12T13:44:08Z,2021-06-01T13:55:19Z,https://api.github.com/repos/BCStudentSoftwareDevTeam/cas/issues/151,https://github.com/BCStudentSoftwareDevTeam/cas/issues/151#issuecomment-852145370
cas,852145188,bryantal,User,2017-09-12T13:44:08Z,2021-06-01T13:55:05Z,https://api.github.com/repos/BCStudentSoftwareDevTeam/cas/issues/146,https://github.com/BCStudentSoftwareDevTeam/cas/issues/146#issuecomment-852145188
cas,852145465,bryantal,User,2017-09-12T14:51:40Z,2021-06-01T13:55:28Z,https://api.github.com/repos/BCStudentSoftwareDevTeam/cas/issues/153,https://github.com/BCStudentSoftwareDevTeam/cas/issues/153#issuecomment-852145465
cas,852145473,bryantal,User,2017-09-12T15:42:39Z,2021-06-01T13:55:28Z,https://api.github.com/repos/BCStudentSoftwareDevTeam/cas/issues/153,https://github.com/BCStudentSoftwareDevTeam/cas/issues/153#issuecomment-852145473
cas,852145477,bryantal,User,2017-09-12T16:00:02Z,2021-06-01T13:55:28Z,https://api.github.com/repos/BCStudentSoftwareDevTeam/cas/issues/153,https://github.com/BCStudentSoftwareDevTeam/cas/issues/153#issuecomment-852145477
cas,852144143,bryantal,User,2017-09-12T17:27:42Z,2021-06-01T13:53:45Z,https://api.github.com/repos/BCStudentSoftwareDevTeam/cas/issues/123,https://github.com/BCStudentSoftwareDevTeam/cas/issues/123#issuecomment-852144143
cas,852145075,bryantal,User,2017-09-12T18:19:43Z,2021-06-01T13:54:55Z,https://api.github.com/repos/BCStudentSoftwareDevTeam/cas/issues/144,https://github.com/BCStudentSoftwareDevTeam/cas/issues/144#issuecomment-852145075
cas,852145301,bryantal,User,2017-09-13T13:02:28Z,2021-06-01T13:55:14Z,https://api.github.com/repos/BCStudentSoftwareDevTeam/cas/issues/149,https://github.com/BCStudentSoftwareDevTeam/cas/issues/149#issuecomment-852145301
cas,852145482,bryantal,User,2017-09-13T17:36:11Z,2021-06-01T13:55:28Z,https://api.github.com/repos/BCStudentSoftwareDevTeam/cas/issues/153,https://github.com/BCStudentSoftwareDevTeam/cas/issues/153#issuecomment-852145482
cas,852144827,bryantal,User,2017-09-14T12:11:26Z,2021-06-01T13:54:36Z,https://api.github.com/repos/BCStudentSoftwareDevTeam/cas/issues/138,https://github.com/BCStudentSoftwareDevTeam/cas/issues/138#issuecomment-852144827
cas,852144182,bryantal,User,2017-09-14T12:29:45Z,2021-06-01T13:53:48Z,https://api.github.com/repos/BCStudentSoftwareDevTeam/cas/issues/124,https://github.com/BCStudentSoftwareDevTeam/cas/issues/124#issuecomment-852144182
cas,852145190,bryantal,User,2017-09-14T13:18:38Z,2021-06-01T13:55:05Z,https://api.github.com/repos/BCStudentSoftwareDevTeam/cas/issues/146,https://github.com/BCStudentSoftwareDevTeam/cas/issues/146#issuecomment-852145190
cas,852143534,bryantal,User,2017-09-15T15:02:18Z,2021-06-01T13:52:57Z,https://api.github.com/repos/BCStudentSoftwareDevTeam/cas/issues/108,https://github.com/BCStudentSoftwareDevTeam/cas/issues/108#issuecomment-852143534
cas,852145275,bryantal,User,2017-09-18T19:58:04Z,2021-06-01T13:55:11Z,https://api.github.com/repos/BCStudentSoftwareDevTeam/cas/issues/148,https://github.com/BCStudentSoftwareDevTeam/cas/issues/148#issuecomment-852145275
cas,852145991,bryantal,User,2017-09-21T14:09:06Z,2021-06-01T13:56:08Z,https://api.github.com/repos/BCStudentSoftwareDevTeam/cas/issues/165,https://github.com/BCStudentSoftwareDevTeam/cas/issues/165#issuecomment-852145991
cas,852145992,bryantal,User,2017-09-25T02:26:36Z,2021-06-01T13:56:08Z,https://api.github.com/repos/BCStudentSoftwareDevTeam/cas/issues/165,https://github.com/BCStudentSoftwareDevTeam/cas/issues/165#issuecomment-852145992
cas,852145537,bryantal,User,2017-09-26T16:15:50Z,2021-06-01T13:55:32Z,https://api.github.com/repos/BCStudentSoftwareDevTeam/cas/issues/154,https://github.com/BCStudentSoftwareDevTeam/cas/issues/154#issuecomment-852145537
cas,852146690,bryantal,User,2017-09-27T14:37:25Z,2021-06-01T13:56:58Z,https://api.github.com/repos/BCStudentSoftwareDevTeam/cas/issues/178,https://github.com/BCStudentSoftwareDevTeam/cas/issues/178#issuecomment-852146690
cas,852146692,bryantal,User,2017-09-27T14:51:40Z,2021-06-01T13:56:58Z,https://api.github.com/repos/BCStudentSoftwareDevTeam/cas/issues/178,https://github.com/BCStudentSoftwareDevTeam/cas/issues/178#issuecomment-852146692
cas,852146541,bryantal,User,2017-09-27T19:50:08Z,2021-06-01T13:56:48Z,https://api.github.com/repos/BCStudentSoftwareDevTeam/cas/issues/176,https://github.com/BCStudentSoftwareDevTeam/cas/issues/176#issuecomment-852146541
cas,852146305,bryantal,User,2017-09-27T20:10:01Z,2021-06-01T13:56:32Z,https://api.github.com/repos/BCStudentSoftwareDevTeam/cas/issues/171,https://github.com/BCStudentSoftwareDevTeam/cas/issues/171#issuecomment-852146305
cas,852146204,bryantal,User,2017-09-27T20:38:13Z,2021-06-01T13:56:24Z,https://api.github.com/repos/BCStudentSoftwareDevTeam/cas/issues/169,https://github.com/BCStudentSoftwareDevTeam/cas/issues/169#issuecomment-852146204
cas,852146697,bryantal,User,2017-09-27T21:51:19Z,2021-06-01T13:56:58Z,https://api.github.com/repos/BCStudentSoftwareDevTeam/cas/issues/178,https://github.com/BCStudentSoftwareDevTeam/cas/issues/178#issuecomment-852146697
cas,852146308,bryantal,User,2017-09-27T21:51:19Z,2021-06-01T13:56:32Z,https://api.github.com/repos/BCStudentSoftwareDevTeam/cas/issues/171,https://github.com/BCStudentSoftwareDevTeam/cas/issues/171#issuecomment-852146308
cas,852146403,bryantal,User,2017-10-03T13:15:47Z,2021-06-01T13:56:38Z,https://api.github.com/repos/BCStudentSoftwareDevTeam/cas/issues/173,https://github.com/BCStudentSoftwareDevTeam/cas/issues/173#issuecomment-852146403
cas,852144994,bryantal,User,2017-10-03T13:47:50Z,2021-06-01T13:54:49Z,https://api.github.com/repos/BCStudentSoftwareDevTeam/cas/issues/142,https://github.com/BCStudentSoftwareDevTeam/cas/issues/142#issuecomment-852144994
cas,852145485,bryantal,User,2017-10-04T19:26:36Z,2021-06-01T13:55:28Z,https://api.github.com/repos/BCStudentSoftwareDevTeam/cas/issues/153,https://github.com/BCStudentSoftwareDevTeam/cas/issues/153#issuecomment-852145485
cas,852146820,bryantal,User,2017-10-04T20:33:01Z,2021-06-01T13:57:07Z,https://api.github.com/repos/BCStudentSoftwareDevTeam/cas/issues/181,https://github.com/BCStudentSoftwareDevTeam/cas/issues/181#issuecomment-852146820
cas,852146824,bryantal,User,2017-10-05T03:01:46Z,2021-06-01T13:57:07Z,https://api.github.com/repos/BCStudentSoftwareDevTeam/cas/issues/181,https://github.com/BCStudentSoftwareDevTeam/cas/issues/181#issuecomment-852146824
cas,852146026,bryantal,User,2017-10-05T13:20:41Z,2021-06-01T13:56:10Z,https://api.github.com/repos/BCStudentSoftwareDevTeam/cas/issues/166,https://github.com/BCStudentSoftwareDevTeam/cas/issues/166#issuecomment-852146026
cas,852146544,bryantal,User,2017-10-05T14:52:19Z,2021-06-01T13:56:48Z,https://api.github.com/repos/BCStudentSoftwareDevTeam/cas/issues/176,https://github.com/BCStudentSoftwareDevTeam/cas/issues/176#issuecomment-852146544
cas,852145950,bryantal,User,2017-10-05T14:52:43Z,2021-06-01T13:56:04Z,https://api.github.com/repos/BCStudentSoftwareDevTeam/cas/issues/164,https://github.com/BCStudentSoftwareDevTeam/cas/issues/164#issuecomment-852145950
cas,852146512,bryantal,User,2017-10-05T14:53:41Z,2021-06-01T13:56:45Z,https://api.github.com/repos/BCStudentSoftwareDevTeam/cas/issues/175,https://github.com/BCStudentSoftwareDevTeam/cas/issues/175#issuecomment-852146512
cas,852142597,bryantal,User,2017-10-05T14:54:00Z,2021-06-01T13:51:45Z,https://api.github.com/repos/BCStudentSoftwareDevTeam/cas/issues/83,https://github.com/BCStudentSoftwareDevTeam/cas/issues/83#issuecomment-852142597
cas,852145861,bryantal,User,2017-10-05T14:55:08Z,2021-06-01T13:55:57Z,https://api.github.com/repos/BCStudentSoftwareDevTeam/cas/issues/162,https://github.com/BCStudentSoftwareDevTeam/cas/issues/162#issuecomment-852145861
cas,852146956,bryantal,User,2017-10-05T17:37:51Z,2021-06-01T13:57:16Z,https://api.github.com/repos/BCStudentSoftwareDevTeam/cas/issues/183,https://github.com/BCStudentSoftwareDevTeam/cas/issues/183#issuecomment-852146956
cas,852144339,bryantal,User,2017-10-05T17:40:32Z,2021-06-01T13:54:00Z,https://api.github.com/repos/BCStudentSoftwareDevTeam/cas/issues/128,https://github.com/BCStudentSoftwareDevTeam/cas/issues/128#issuecomment-852144339
cas,852145486,bryantal,User,2017-10-05T18:06:47Z,2021-06-01T13:55:28Z,https://api.github.com/repos/BCStudentSoftwareDevTeam/cas/issues/153,https://github.com/BCStudentSoftwareDevTeam/cas/issues/153#issuecomment-852145486
cas,852146871,bryantal,User,2017-10-05T18:16:25Z,2021-06-01T13:57:10Z,https://api.github.com/repos/BCStudentSoftwareDevTeam/cas/issues/182,https://github.com/BCStudentSoftwareDevTeam/cas/issues/182#issuecomment-852146871
cas,852144829,bryantal,User,2017-10-05T18:39:10Z,2021-06-01T13:54:36Z,https://api.github.com/repos/BCStudentSoftwareDevTeam/cas/issues/138,https://github.com/BCStudentSoftwareDevTeam/cas/issues/138#issuecomment-852144829
cas,852144831,bryantal,User,2017-10-05T18:40:17Z,2021-06-01T13:54:36Z,https://api.github.com/repos/BCStudentSoftwareDevTeam/cas/issues/138,https://github.com/BCStudentSoftwareDevTeam/cas/issues/138#issuecomment-852144831
cas,852145489,bryantal,User,2017-10-05T18:40:17Z,2021-06-01T13:55:29Z,https://api.github.com/repos/BCStudentSoftwareDevTeam/cas/issues/153,https://github.com/BCStudentSoftwareDevTeam/cas/issues/153#issuecomment-852145489
cas,852146874,bryantal,User,2017-10-06T13:04:13Z,2021-06-01T13:57:11Z,https://api.github.com/repos/BCStudentSoftwareDevTeam/cas/issues/182,https://github.com/BCStudentSoftwareDevTeam/cas/issues/182#issuecomment-852146874
cas,852146700,bryantal,User,2017-10-06T13:19:47Z,2021-06-01T13:56:58Z,https://api.github.com/repos/BCStudentSoftwareDevTeam/cas/issues/178,https://github.com/BCStudentSoftwareDevTeam/cas/issues/178#issuecomment-852146700
cas,852146312,bryantal,User,2017-10-06T13:20:52Z,2021-06-01T13:56:32Z,https://api.github.com/repos/BCStudentSoftwareDevTeam/cas/issues/171,https://github.com/BCStudentSoftwareDevTeam/cas/issues/171#issuecomment-852146312
cas,852147075,bryantal,User,2017-10-06T15:09:33Z,2021-06-01T13:57:25Z,https://api.github.com/repos/BCStudentSoftwareDevTeam/cas/issues/186,https://github.com/BCStudentSoftwareDevTeam/cas/issues/186#issuecomment-852147075
cas,852145538,bryantal,User,2017-10-06T17:35:34Z,2021-06-01T13:55:32Z,https://api.github.com/repos/BCStudentSoftwareDevTeam/cas/issues/154,https://github.com/BCStudentSoftwareDevTeam/cas/issues/154#issuecomment-852145538
cas,852144429,bryantal,User,2017-10-06T17:38:26Z,2021-06-01T13:54:07Z,https://api.github.com/repos/BCStudentSoftwareDevTeam/cas/issues/130,https://github.com/BCStudentSoftwareDevTeam/cas/issues/130#issuecomment-852144429
cas,852146407,bryantal,User,2017-10-07T02:29:54Z,2021-06-01T13:56:39Z,https://api.github.com/repos/BCStudentSoftwareDevTeam/cas/issues/173,https://github.com/BCStudentSoftwareDevTeam/cas/issues/173#issuecomment-852146407
cas,852145030,bryantal,User,2017-10-09T19:19:04Z,2021-06-01T13:54:52Z,https://api.github.com/repos/BCStudentSoftwareDevTeam/cas/issues/143,https://github.com/BCStudentSoftwareDevTeam/cas/issues/143#issuecomment-852145030
cas,852145139,bryantal,User,2017-10-09T19:57:56Z,2021-06-01T13:55:01Z,https://api.github.com/repos/BCStudentSoftwareDevTeam/cas/issues/145,https://github.com/BCStudentSoftwareDevTeam/cas/issues/145#issuecomment-852145139
cas,852145779,bryantal,User,2017-10-09T20:00:23Z,2021-06-01T13:55:50Z,https://api.github.com/repos/BCStudentSoftwareDevTeam/cas/issues/159,https://github.com/BCStudentSoftwareDevTeam/cas/issues/159#issuecomment-852145779
cas,852145192,bryantal,User,2017-10-09T20:08:08Z,2021-06-01T13:55:05Z,https://api.github.com/repos/BCStudentSoftwareDevTeam/cas/issues/146,https://github.com/BCStudentSoftwareDevTeam/cas/issues/146#issuecomment-852145192
cas,852146774,bryantal,User,2017-10-10T12:30:19Z,2021-06-01T13:57:04Z,https://api.github.com/repos/BCStudentSoftwareDevTeam/cas/issues/180,https://github.com/BCStudentSoftwareDevTeam/cas/issues/180#issuecomment-852146774
cas,852145142,bryantal,User,2017-10-10T15:06:02Z,2021-06-01T13:55:01Z,https://api.github.com/repos/BCStudentSoftwareDevTeam/cas/issues/145,https://github.com/BCStudentSoftwareDevTeam/cas/issues/145#issuecomment-852145142
cas,852145033,bryantal,User,2017-10-10T16:04:33Z,2021-06-01T13:54:52Z,https://api.github.com/repos/BCStudentSoftwareDevTeam/cas/issues/143,https://github.com/BCStudentSoftwareDevTeam/cas/issues/143#issuecomment-852145033
cas,852147082,bryantal,User,2017-10-11T12:30:29Z,2021-06-01T13:57:26Z,https://api.github.com/repos/BCStudentSoftwareDevTeam/cas/issues/186,https://github.com/BCStudentSoftwareDevTeam/cas/issues/186#issuecomment-852147082
cas,852146736,bryantal,User,2017-10-12T12:51:00Z,2021-06-01T13:57:01Z,https://api.github.com/repos/BCStudentSoftwareDevTeam/cas/issues/179,https://github.com/BCStudentSoftwareDevTeam/cas/issues/179#issuecomment-852146736
cas,852146242,bryantal,User,2017-10-12T21:16:00Z,2021-06-01T13:56:27Z,https://api.github.com/repos/BCStudentSoftwareDevTeam/cas/issues/170,https://github.com/BCStudentSoftwareDevTeam/cas/issues/170#issuecomment-852146242
cas,852145302,bryantal,User,2017-10-13T12:21:53Z,2021-06-01T13:55:14Z,https://api.github.com/repos/BCStudentSoftwareDevTeam/cas/issues/149,https://github.com/BCStudentSoftwareDevTeam/cas/issues/149#issuecomment-852145302
cas,852145916,bryantal,User,2017-10-13T12:23:52Z,2021-06-01T13:56:01Z,https://api.github.com/repos/BCStudentSoftwareDevTeam/cas/issues/163,https://github.com/BCStudentSoftwareDevTeam/cas/issues/163#issuecomment-852145916
cas,852146247,bryantal,User,2017-10-13T20:06:32Z,2021-06-01T13:56:27Z,https://api.github.com/repos/BCStudentSoftwareDevTeam/cas/issues/170,https://github.com/BCStudentSoftwareDevTeam/cas/issues/170#issuecomment-852146247
cas,852146249,bryantal,User,2017-10-15T19:10:21Z,2021-06-01T13:56:28Z,https://api.github.com/repos/BCStudentSoftwareDevTeam/cas/issues/170,https://github.com/BCStudentSoftwareDevTeam/cas/issues/170#issuecomment-852146249
cas,852147133,bryantal,User,2017-10-15T19:14:42Z,2021-06-01T13:57:29Z,https://api.github.com/repos/BCStudentSoftwareDevTeam/cas/issues/187,https://github.com/BCStudentSoftwareDevTeam/cas/issues/187#issuecomment-852147133
cas,852146252,bryantal,User,2017-10-15T23:40:02Z,2021-06-01T13:56:28Z,https://api.github.com/repos/BCStudentSoftwareDevTeam/cas/issues/170,https://github.com/BCStudentSoftwareDevTeam/cas/issues/170#issuecomment-852146252
cas,852147136,bryantal,User,2017-10-17T14:16:26Z,2021-06-01T13:57:29Z,https://api.github.com/repos/BCStudentSoftwareDevTeam/cas/issues/187,https://github.com/BCStudentSoftwareDevTeam/cas/issues/187#issuecomment-852147136
cas,852146998,bryantal,User,2017-10-17T17:55:02Z,2021-06-01T13:57:19Z,https://api.github.com/repos/BCStudentSoftwareDevTeam/cas/issues/184,https://github.com/BCStudentSoftwareDevTeam/cas/issues/184#issuecomment-852146998
cas,852146877,bryantal,User,2017-10-26T17:34:11Z,2021-06-01T13:57:11Z,https://api.github.com/repos/BCStudentSoftwareDevTeam/cas/issues/182,https://github.com/BCStudentSoftwareDevTeam/cas/issues/182#issuecomment-852146877
cas,852146958,bryantal,User,2017-10-26T17:34:11Z,2021-06-01T13:57:16Z,https://api.github.com/repos/BCStudentSoftwareDevTeam/cas/issues/183,https://github.com/BCStudentSoftwareDevTeam/cas/issues/183#issuecomment-852146958
cas,852147089,bryantal,User,2017-10-26T17:34:11Z,2021-06-01T13:57:26Z,https://api.github.com/repos/BCStudentSoftwareDevTeam/cas/issues/186,https://github.com/BCStudentSoftwareDevTeam/cas/issues/186#issuecomment-852147089
cas,852146705,bryantal,User,2017-10-26T17:34:11Z,2021-06-01T13:56:59Z,https://api.github.com/repos/BCStudentSoftwareDevTeam/cas/issues/178,https://github.com/BCStudentSoftwareDevTeam/cas/issues/178#issuecomment-852146705
cas,852146255,bryantal,User,2017-10-26T17:34:11Z,2021-06-01T13:56:28Z,https://api.github.com/repos/BCStudentSoftwareDevTeam/cas/issues/170,https://github.com/BCStudentSoftwareDevTeam/cas/issues/170#issuecomment-852146255
cas,852146711,bryantal,User,2017-10-26T17:44:33Z,2021-06-01T13:56:59Z,https://api.github.com/repos/BCStudentSoftwareDevTeam/cas/issues/178,https://github.com/BCStudentSoftwareDevTeam/cas/issues/178#issuecomment-852146711
cas,852145542,bryantal,User,2017-10-31T15:02:08Z,2021-06-01T13:55:32Z,https://api.github.com/repos/BCStudentSoftwareDevTeam/cas/issues/154,https://github.com/BCStudentSoftwareDevTeam/cas/issues/154#issuecomment-852145542
cas,852147400,bryantal,User,2017-11-08T13:46:38Z,2021-06-01T13:57:49Z,https://api.github.com/repos/BCStudentSoftwareDevTeam/cas/issues/193,https://github.com/BCStudentSoftwareDevTeam/cas/issues/193#issuecomment-852147400
cas,852147403,bryantal,User,2017-11-21T17:12:55Z,2021-06-01T13:57:49Z,https://api.github.com/repos/BCStudentSoftwareDevTeam/cas/issues/193,https://github.com/BCStudentSoftwareDevTeam/cas/issues/193#issuecomment-852147403
cas,852147466,bryantal,User,2017-11-27T13:52:59Z,2021-06-01T13:57:54Z,https://api.github.com/repos/BCStudentSoftwareDevTeam/cas/issues/195,https://github.com/BCStudentSoftwareDevTeam/cas/issues/195#issuecomment-852147466
cas,852147435,bryantal,User,2017-11-27T13:53:29Z,2021-06-01T13:57:52Z,https://api.github.com/repos/BCStudentSoftwareDevTeam/cas/issues/194,https://github.com/BCStudentSoftwareDevTeam/cas/issues/194#issuecomment-852147435
cas,852147532,bryantal,User,2017-11-28T15:43:50Z,2021-06-01T13:58:00Z,https://api.github.com/repos/BCStudentSoftwareDevTeam/cas/issues/196,https://github.com/BCStudentSoftwareDevTeam/cas/issues/196#issuecomment-852147532
cas,852144433,bryantal,User,2017-11-30T14:58:40Z,2021-06-01T13:54:07Z,https://api.github.com/repos/BCStudentSoftwareDevTeam/cas/issues/130,https://github.com/BCStudentSoftwareDevTeam/cas/issues/130#issuecomment-852144433
cas,852148357,bryantal,User,2017-11-30T20:15:47Z,2021-06-01T13:59:04Z,https://api.github.com/repos/BCStudentSoftwareDevTeam/cas/issues/217,https://github.com/BCStudentSoftwareDevTeam/cas/issues/217#issuecomment-852148357
cas,852148050,bryantal,User,2017-11-30T20:17:11Z,2021-06-01T13:58:40Z,https://api.github.com/repos/BCStudentSoftwareDevTeam/cas/issues/210,https://github.com/BCStudentSoftwareDevTeam/cas/issues/210#issuecomment-852148050
cas,852148297,bryantal,User,2017-11-30T20:18:39Z,2021-06-01T13:58:59Z,https://api.github.com/repos/BCStudentSoftwareDevTeam/cas/issues/215,https://github.com/BCStudentSoftwareDevTeam/cas/issues/215#issuecomment-852148297
cas,852148003,bryantal,User,2017-11-30T22:15:29Z,2021-06-01T13:58:38Z,https://api.github.com/repos/BCStudentSoftwareDevTeam/cas/issues/209,https://github.com/BCStudentSoftwareDevTeam/cas/issues/209#issuecomment-852148003
cas,852144438,bryantal,User,2017-12-02T06:03:18Z,2021-06-01T13:54:07Z,https://api.github.com/repos/BCStudentSoftwareDevTeam/cas/issues/130,https://github.com/BCStudentSoftwareDevTeam/cas/issues/130#issuecomment-852144438
cas,852147759,bryantal,User,2017-12-04T22:19:19Z,2021-06-01T13:58:19Z,https://api.github.com/repos/BCStudentSoftwareDevTeam/cas/issues/203,https://github.com/BCStudentSoftwareDevTeam/cas/issues/203#issuecomment-852147759
cas,852147313,bryantal,User,2017-12-04T23:12:46Z,2021-06-01T13:57:43Z,https://api.github.com/repos/BCStudentSoftwareDevTeam/cas/issues/192,https://github.com/BCStudentSoftwareDevTeam/cas/issues/192#issuecomment-852147313
cas,852148052,bryantal,User,2017-12-05T13:25:23Z,2021-06-01T13:58:40Z,https://api.github.com/repos/BCStudentSoftwareDevTeam/cas/issues/210,https://github.com/BCStudentSoftwareDevTeam/cas/issues/210#issuecomment-852148052
cas,852147620,bryantal,User,2017-12-05T14:49:06Z,2021-06-01T13:58:08Z,https://api.github.com/repos/BCStudentSoftwareDevTeam/cas/issues/199,https://github.com/BCStudentSoftwareDevTeam/cas/issues/199#issuecomment-852147620
cas,852148531,bryantal,User,2017-12-05T15:06:52Z,2021-06-01T13:59:16Z,https://api.github.com/repos/BCStudentSoftwareDevTeam/cas/issues/220,https://github.com/BCStudentSoftwareDevTeam/cas/issues/220#issuecomment-852148531
cas,852147318,bryantal,User,2017-12-05T17:01:30Z,2021-06-01T13:57:43Z,https://api.github.com/repos/BCStudentSoftwareDevTeam/cas/issues/192,https://github.com/BCStudentSoftwareDevTeam/cas/issues/192#issuecomment-852147318
cas,852147762,bryantal,User,2017-12-05T18:32:13Z,2021-06-01T13:58:19Z,https://api.github.com/repos/BCStudentSoftwareDevTeam/cas/issues/203,https://github.com/BCStudentSoftwareDevTeam/cas/issues/203#issuecomment-852147762
cas,852148631,bryantal,User,2017-12-05T20:10:25Z,2021-06-01T13:59:23Z,https://api.github.com/repos/BCStudentSoftwareDevTeam/cas/issues/222,https://github.com/BCStudentSoftwareDevTeam/cas/issues/222#issuecomment-852148631
cas,852148360,bryantal,User,2017-12-07T18:16:13Z,2021-06-01T13:59:04Z,https://api.github.com/repos/BCStudentSoftwareDevTeam/cas/issues/217,https://github.com/BCStudentSoftwareDevTeam/cas/issues/217#issuecomment-852148360
cas,852148534,bryantal,User,2017-12-07T18:18:43Z,2021-06-01T13:59:16Z,https://api.github.com/repos/BCStudentSoftwareDevTeam/cas/issues/220,https://github.com/BCStudentSoftwareDevTeam/cas/issues/220#issuecomment-852148534
cas,852148932,bryantal,User,2017-12-07T21:05:09Z,2021-06-01T13:59:45Z,https://api.github.com/repos/BCStudentSoftwareDevTeam/cas/issues/230,https://github.com/BCStudentSoftwareDevTeam/cas/issues/230#issuecomment-852148932
cas,852148937,bryantal,User,2017-12-08T14:32:04Z,2021-06-01T13:59:45Z,https://api.github.com/repos/BCStudentSoftwareDevTeam/cas/issues/230,https://github.com/BCStudentSoftwareDevTeam/cas/issues/230#issuecomment-852148937
cas,852149124,bryantal,User,2017-12-11T15:44:58Z,2021-06-01T13:59:59Z,https://api.github.com/repos/BCStudentSoftwareDevTeam/cas/issues/235,https://github.com/BCStudentSoftwareDevTeam/cas/issues/235#issuecomment-852149124
cas,852149242,bryantal,User,2017-12-12T15:35:14Z,2021-06-01T14:00:07Z,https://api.github.com/repos/BCStudentSoftwareDevTeam/cas/issues/237,https://github.com/BCStudentSoftwareDevTeam/cas/issues/237#issuecomment-852149242
cas,852149250,bryantal,User,2017-12-12T15:49:21Z,2021-06-01T14:00:08Z,https://api.github.com/repos/BCStudentSoftwareDevTeam/cas/issues/237,https://github.com/BCStudentSoftwareDevTeam/cas/issues/237#issuecomment-852149250
cas,852144439,bryantal,User,2017-12-14T15:42:51Z,2021-06-01T13:54:08Z,https://api.github.com/repos/BCStudentSoftwareDevTeam/cas/issues/130,https://github.com/BCStudentSoftwareDevTeam/cas/issues/130#issuecomment-852144439
cas,852148755,bryantal,User,2018-01-02T15:13:48Z,2021-06-01T13:59:31Z,https://api.github.com/repos/BCStudentSoftwareDevTeam/cas/issues/224,https://github.com/BCStudentSoftwareDevTeam/cas/issues/224#issuecomment-852148755
cas,852144442,bryantal,User,2018-01-09T20:46:42Z,2021-06-01T13:54:08Z,https://api.github.com/repos/BCStudentSoftwareDevTeam/cas/issues/130,https://github.com/BCStudentSoftwareDevTeam/cas/issues/130#issuecomment-852144442
cas,852147590,bryantal,User,2018-01-11T15:57:30Z,2021-06-01T13:58:06Z,https://api.github.com/repos/BCStudentSoftwareDevTeam/cas/issues/198,https://github.com/BCStudentSoftwareDevTeam/cas/issues/198#issuecomment-852147590
cas,852148634,bryantal,User,2018-01-24T15:49:37Z,2021-06-01T13:59:23Z,https://api.github.com/repos/BCStudentSoftwareDevTeam/cas/issues/222,https://github.com/BCStudentSoftwareDevTeam/cas/issues/222#issuecomment-852148634
cas,852147320,bryantal,User,2018-01-24T15:51:38Z,2021-06-01T13:57:43Z,https://api.github.com/repos/BCStudentSoftwareDevTeam/cas/issues/192,https://github.com/BCStudentSoftwareDevTeam/cas/issues/192#issuecomment-852147320
cas,852148009,bryantal,User,2018-01-24T15:55:22Z,2021-06-01T13:58:38Z,https://api.github.com/repos/BCStudentSoftwareDevTeam/cas/issues/209,https://github.com/BCStudentSoftwareDevTeam/cas/issues/209#issuecomment-852148009
cas,852147594,bryantal,User,2018-01-24T16:00:46Z,2021-06-01T13:58:06Z,https://api.github.com/repos/BCStudentSoftwareDevTeam/cas/issues/198,https://github.com/BCStudentSoftwareDevTeam/cas/issues/198#issuecomment-852147594
cas,852146445,bryantal,User,2018-01-24T16:01:46Z,2021-06-01T13:56:41Z,https://api.github.com/repos/BCStudentSoftwareDevTeam/cas/issues/174,https://github.com/BCStudentSoftwareDevTeam/cas/issues/174#issuecomment-852146445
cas,852149502,bryantal,User,2018-01-26T16:10:05Z,2021-06-01T14:00:23Z,https://api.github.com/repos/BCStudentSoftwareDevTeam/cas/issues/241,https://github.com/BCStudentSoftwareDevTeam/cas/issues/241#issuecomment-852149502
cas,852149392,bryantal,User,2018-01-26T16:11:37Z,2021-06-01T14:00:16Z,https://api.github.com/repos/BCStudentSoftwareDevTeam/cas/issues/240,https://github.com/BCStudentSoftwareDevTeam/cas/issues/240#issuecomment-852149392
cas,852149655,bryantal,User,2018-02-13T15:55:12Z,2021-06-01T14:00:36Z,https://api.github.com/repos/BCStudentSoftwareDevTeam/cas/issues/245,https://github.com/BCStudentSoftwareDevTeam/cas/issues/245#issuecomment-852149655
cas,852149662,bryantal,User,2018-02-13T15:57:40Z,2021-06-01T14:00:37Z,https://api.github.com/repos/BCStudentSoftwareDevTeam/cas/issues/245,https://github.com/BCStudentSoftwareDevTeam/cas/issues/245#issuecomment-852149662
cas,852148454,bryantal,User,2018-02-19T17:57:50Z,2021-06-01T13:59:10Z,https://api.github.com/repos/BCStudentSoftwareDevTeam/cas/issues/219,https://github.com/BCStudentSoftwareDevTeam/cas/issues/219#issuecomment-852148454
cas,852149761,bryantal,User,2018-02-28T14:55:36Z,2021-06-01T14:00:43Z,https://api.github.com/repos/BCStudentSoftwareDevTeam/cas/issues/247,https://github.com/BCStudentSoftwareDevTeam/cas/issues/247#issuecomment-852149761
cas,852146449,bryantal,User,2018-06-12T14:51:50Z,2021-06-01T13:56:41Z,https://api.github.com/repos/BCStudentSoftwareDevTeam/cas/issues/174,https://github.com/BCStudentSoftwareDevTeam/cas/issues/174#issuecomment-852146449
cas,852148119,bryantal,User,2018-06-12T15:23:02Z,2021-06-01T13:58:46Z,https://api.github.com/repos/BCStudentSoftwareDevTeam/cas/issues/212,https://github.com/BCStudentSoftwareDevTeam/cas/issues/212#issuecomment-852148119
cas,852148209,bryantal,User,2018-06-12T15:24:40Z,2021-06-01T13:58:52Z,https://api.github.com/repos/BCStudentSoftwareDevTeam/cas/issues/213,https://github.com/BCStudentSoftwareDevTeam/cas/issues/213#issuecomment-852148209
cas,852148092,bryantal,User,2018-06-12T18:09:04Z,2021-06-01T13:58:44Z,https://api.github.com/repos/BCStudentSoftwareDevTeam/cas/issues/211,https://github.com/BCStudentSoftwareDevTeam/cas/issues/211#issuecomment-852148092
cas,852148215,bryantal,User,2018-06-12T18:59:20Z,2021-06-01T13:58:52Z,https://api.github.com/repos/BCStudentSoftwareDevTeam/cas/issues/213,https://github.com/BCStudentSoftwareDevTeam/cas/issues/213#issuecomment-852148215
cas,852149064,bryantal,User,2018-06-12T20:42:47Z,2021-06-01T13:59:55Z,https://api.github.com/repos/BCStudentSoftwareDevTeam/cas/issues/234,https://github.com/BCStudentSoftwareDevTeam/cas/issues/234#issuecomment-852149064
cas,852149067,bryantal,User,2018-06-12T20:45:32Z,2021-06-01T13:59:55Z,https://api.github.com/repos/BCStudentSoftwareDevTeam/cas/issues/234,https://github.com/BCStudentSoftwareDevTeam/cas/issues/234#issuecomment-852149067
cas,852148094,bryantal,User,2018-06-12T20:52:09Z,2021-06-01T13:58:44Z,https://api.github.com/repos/BCStudentSoftwareDevTeam/cas/issues/211,https://github.com/BCStudentSoftwareDevTeam/cas/issues/211#issuecomment-852148094
cas,852149998,bryantal,User,2018-06-13T13:50:17Z,2021-06-01T14:00:57Z,https://api.github.com/repos/BCStudentSoftwareDevTeam/cas/issues/252,https://github.com/BCStudentSoftwareDevTeam/cas/issues/252#issuecomment-852149998
cas,852149858,bryantal,User,2018-06-13T14:00:05Z,2021-06-01T14:00:48Z,https://api.github.com/repos/BCStudentSoftwareDevTeam/cas/issues/249,https://github.com/BCStudentSoftwareDevTeam/cas/issues/249#issuecomment-852149858
cas,852148272,bryantal,User,2018-06-13T14:29:01Z,2021-06-01T13:58:56Z,https://api.github.com/repos/BCStudentSoftwareDevTeam/cas/issues/214,https://github.com/BCStudentSoftwareDevTeam/cas/issues/214#issuecomment-852148272
cas,852149532,bryantal,User,2018-06-27T03:05:15Z,2021-06-01T14:00:26Z,https://api.github.com/repos/BCStudentSoftwareDevTeam/cas/issues/242,https://github.com/BCStudentSoftwareDevTeam/cas/issues/242#issuecomment-852149532
cas,852148218,bryantal,User,2018-07-03T15:08:35Z,2021-06-01T13:58:52Z,https://api.github.com/repos/BCStudentSoftwareDevTeam/cas/issues/213,https://github.com/BCStudentSoftwareDevTeam/cas/issues/213#issuecomment-852148218
cas,852149338,bryantal,User,2018-08-03T17:46:55Z,2021-06-01T14:00:12Z,https://api.github.com/repos/BCStudentSoftwareDevTeam/cas/issues/239,https://github.com/BCStudentSoftwareDevTeam/cas/issues/239#issuecomment-852149338
cas,852150590,bryantal,User,2018-08-14T19:20:05Z,2021-06-01T14:01:38Z,https://api.github.com/repos/BCStudentSoftwareDevTeam/cas/issues/263,https://github.com/BCStudentSoftwareDevTeam/cas/issues/263#issuecomment-852150590
cas,852149767,bryantal,User,2018-08-22T15:34:58Z,2021-06-01T14:00:43Z,https://api.github.com/repos/BCStudentSoftwareDevTeam/cas/issues/247,https://github.com/BCStudentSoftwareDevTeam/cas/issues/247#issuecomment-852149767
cas,852148414,bryantal,User,2018-08-22T15:38:06Z,2021-06-01T13:59:08Z,https://api.github.com/repos/BCStudentSoftwareDevTeam/cas/issues/218,https://github.com/BCStudentSoftwareDevTeam/cas/issues/218#issuecomment-852148414
cas,852150168,bryantal,User,2018-08-22T19:50:05Z,2021-06-01T14:01:08Z,https://api.github.com/repos/BCStudentSoftwareDevTeam/cas/issues/256,https://github.com/BCStudentSoftwareDevTeam/cas/issues/256#issuecomment-852150168
cas,852150169,bryantal,User,2018-08-23T17:44:23Z,2021-06-01T14:01:08Z,https://api.github.com/repos/BCStudentSoftwareDevTeam/cas/issues/256,https://github.com/BCStudentSoftwareDevTeam/cas/issues/256#issuecomment-852150169
cas,852150641,bryantal,User,2018-08-23T20:15:11Z,2021-06-01T14:01:41Z,https://api.github.com/repos/BCStudentSoftwareDevTeam/cas/issues/264,https://github.com/BCStudentSoftwareDevTeam/cas/issues/264#issuecomment-852150641
cas,852150298,bryantal,User,2018-08-24T22:07:02Z,2021-06-01T14:01:18Z,https://api.github.com/repos/BCStudentSoftwareDevTeam/cas/issues/258,https://github.com/BCStudentSoftwareDevTeam/cas/issues/258#issuecomment-852150298
cas,852150301,bryantal,User,2018-08-27T14:56:54Z,2021-06-01T14:01:18Z,https://api.github.com/repos/BCStudentSoftwareDevTeam/cas/issues/258,https://github.com/BCStudentSoftwareDevTeam/cas/issues/258#issuecomment-852150301
cas,852150438,bryantal,User,2018-08-27T17:55:15Z,2021-06-01T14:01:28Z,https://api.github.com/repos/BCStudentSoftwareDevTeam/cas/issues/260,https://github.com/BCStudentSoftwareDevTeam/cas/issues/260#issuecomment-852150438
cas,852149771,bryantal,User,2018-08-27T18:00:54Z,2021-06-01T14:00:43Z,https://api.github.com/repos/BCStudentSoftwareDevTeam/cas/issues/247,https://github.com/BCStudentSoftwareDevTeam/cas/issues/247#issuecomment-852149771
cas,852150521,bryantal,User,2018-08-28T17:54:21Z,2021-06-01T14:01:34Z,https://api.github.com/repos/BCStudentSoftwareDevTeam/cas/issues/262,https://github.com/BCStudentSoftwareDevTeam/cas/issues/262#issuecomment-852150521
cas,852150304,bryantal,User,2018-08-28T18:06:03Z,2021-06-01T14:01:19Z,https://api.github.com/repos/BCStudentSoftwareDevTeam/cas/issues/258,https://github.com/BCStudentSoftwareDevTeam/cas/issues/258#issuecomment-852150304
cas,852150647,bryantal,User,2018-08-29T17:43:30Z,2021-06-01T14:01:42Z,https://api.github.com/repos/BCStudentSoftwareDevTeam/cas/issues/264,https://github.com/BCStudentSoftwareDevTeam/cas/issues/264#issuecomment-852150647
cas,852150648,bryantal,User,2018-08-29T19:18:33Z,2021-06-01T14:01:42Z,https://api.github.com/repos/BCStudentSoftwareDevTeam/cas/issues/264,https://github.com/BCStudentSoftwareDevTeam/cas/issues/264#issuecomment-852150648
cas,852150651,bryantal,User,2018-08-29T19:21:07Z,2021-06-01T14:01:42Z,https://api.github.com/repos/BCStudentSoftwareDevTeam/cas/issues/264,https://github.com/BCStudentSoftwareDevTeam/cas/issues/264#issuecomment-852150651
cas,852150654,bryantal,User,2018-08-29T20:07:37Z,2021-06-01T14:01:42Z,https://api.github.com/repos/BCStudentSoftwareDevTeam/cas/issues/264,https://github.com/BCStudentSoftwareDevTeam/cas/issues/264#issuecomment-852150654
cas,852150871,bryantal,User,2018-08-29T20:32:33Z,2021-06-01T14:01:57Z,https://api.github.com/repos/BCStudentSoftwareDevTeam/cas/issues/268,https://github.com/BCStudentSoftwareDevTeam/cas/issues/268#issuecomment-852150871
cas,852150173,bryantal,User,2018-09-03T23:47:56Z,2021-06-01T14:01:08Z,https://api.github.com/repos/BCStudentSoftwareDevTeam/cas/issues/256,https://github.com/BCStudentSoftwareDevTeam/cas/issues/256#issuecomment-852150173
cas,852150309,bryantal,User,2018-09-04T17:48:45Z,2021-06-01T14:01:19Z,https://api.github.com/repos/BCStudentSoftwareDevTeam/cas/issues/258,https://github.com/BCStudentSoftwareDevTeam/cas/issues/258#issuecomment-852150309
cas,852150728,bryantal,User,2018-09-04T19:02:22Z,2021-06-01T14:01:47Z,https://api.github.com/repos/BCStudentSoftwareDevTeam/cas/issues/265,https://github.com/BCStudentSoftwareDevTeam/cas/issues/265#issuecomment-852150728
cas,852150177,bryantal,User,2018-09-04T19:04:53Z,2021-06-01T14:01:08Z,https://api.github.com/repos/BCStudentSoftwareDevTeam/cas/issues/256,https://github.com/BCStudentSoftwareDevTeam/cas/issues/256#issuecomment-852150177
cas,852148574,bryantal,User,2018-09-04T19:24:48Z,2021-06-01T13:59:19Z,https://api.github.com/repos/BCStudentSoftwareDevTeam/cas/issues/221,https://github.com/BCStudentSoftwareDevTeam/cas/issues/221#issuecomment-852148574
cas,852148576,bryantal,User,2018-09-04T20:12:00Z,2021-06-01T13:59:19Z,https://api.github.com/repos/BCStudentSoftwareDevTeam/cas/issues/221,https://github.com/BCStudentSoftwareDevTeam/cas/issues/221#issuecomment-852148576
cas,852148579,bryantal,User,2018-09-04T20:12:16Z,2021-06-01T13:59:20Z,https://api.github.com/repos/BCStudentSoftwareDevTeam/cas/issues/221,https://github.com/BCStudentSoftwareDevTeam/cas/issues/221#issuecomment-852148579
cas,852150467,bryantal,User,2018-09-05T03:01:08Z,2021-06-01T14:01:30Z,https://api.github.com/repos/BCStudentSoftwareDevTeam/cas/issues/261,https://github.com/BCStudentSoftwareDevTeam/cas/issues/261#issuecomment-852150467
cas,852150658,bryantal,User,2018-09-07T20:01:41Z,2021-06-01T14:01:43Z,https://api.github.com/repos/BCStudentSoftwareDevTeam/cas/issues/264,https://github.com/BCStudentSoftwareDevTeam/cas/issues/264#issuecomment-852150658
cas,852150442,bryantal,User,2018-09-07T20:19:08Z,2021-06-01T14:01:28Z,https://api.github.com/repos/BCStudentSoftwareDevTeam/cas/issues/260,https://github.com/BCStudentSoftwareDevTeam/cas/issues/260#issuecomment-852150442
cas,852150178,bryantal,User,2018-09-07T20:20:17Z,2021-06-01T14:01:08Z,https://api.github.com/repos/BCStudentSoftwareDevTeam/cas/issues/256,https://github.com/BCStudentSoftwareDevTeam/cas/issues/256#issuecomment-852150178
cas,852150731,bryantal,User,2018-09-07T20:20:44Z,2021-06-01T14:01:47Z,https://api.github.com/repos/BCStudentSoftwareDevTeam/cas/issues/265,https://github.com/BCStudentSoftwareDevTeam/cas/issues/265#issuecomment-852150731
cas,852150799,bryantal,User,2018-09-07T20:21:22Z,2021-06-01T14:01:52Z,https://api.github.com/repos/BCStudentSoftwareDevTeam/cas/issues/266,https://github.com/BCStudentSoftwareDevTeam/cas/issues/266#issuecomment-852150799
cas,852150312,bryantal,User,2018-09-07T20:21:48Z,2021-06-01T14:01:19Z,https://api.github.com/repos/BCStudentSoftwareDevTeam/cas/issues/258,https://github.com/BCStudentSoftwareDevTeam/cas/issues/258#issuecomment-852150312
cas,852150829,bryantal,User,2018-09-07T20:23:03Z,2021-06-01T14:01:54Z,https://api.github.com/repos/BCStudentSoftwareDevTeam/cas/issues/267,https://github.com/BCStudentSoftwareDevTeam/cas/issues/267#issuecomment-852150829
cas,852150043,bryantal,User,2018-09-07T20:24:09Z,2021-06-01T14:01:00Z,https://api.github.com/repos/BCStudentSoftwareDevTeam/cas/issues/253,https://github.com/BCStudentSoftwareDevTeam/cas/issues/253#issuecomment-852150043
cas,852150525,bryantal,User,2018-09-07T20:51:12Z,2021-06-01T14:01:35Z,https://api.github.com/repos/BCStudentSoftwareDevTeam/cas/issues/262,https://github.com/BCStudentSoftwareDevTeam/cas/issues/262#issuecomment-852150525
cas,852150735,bryantal,User,2018-09-10T14:57:42Z,2021-06-01T14:01:47Z,https://api.github.com/repos/BCStudentSoftwareDevTeam/cas/issues/265,https://github.com/BCStudentSoftwareDevTeam/cas/issues/265#issuecomment-852150735
cas,852150476,bryantal,User,2018-09-10T20:06:57Z,2021-06-01T14:01:31Z,https://api.github.com/repos/BCStudentSoftwareDevTeam/cas/issues/261,https://github.com/BCStudentSoftwareDevTeam/cas/issues/261#issuecomment-852150476
cas,852150182,bryantal,User,2018-09-11T16:59:09Z,2021-06-01T14:01:09Z,https://api.github.com/repos/BCStudentSoftwareDevTeam/cas/issues/256,https://github.com/BCStudentSoftwareDevTeam/cas/issues/256#issuecomment-852150182
cas,852150737,bryantal,User,2018-09-11T20:05:26Z,2021-06-01T14:01:47Z,https://api.github.com/repos/BCStudentSoftwareDevTeam/cas/issues/265,https://github.com/BCStudentSoftwareDevTeam/cas/issues/265#issuecomment-852150737
cas,852150314,bryantal,User,2018-09-11T20:39:58Z,2021-06-01T14:01:19Z,https://api.github.com/repos/BCStudentSoftwareDevTeam/cas/issues/258,https://github.com/BCStudentSoftwareDevTeam/cas/issues/258#issuecomment-852150314
cas,852150909,bryantal,User,2018-09-14T18:24:12Z,2021-06-01T14:02:01Z,https://api.github.com/repos/BCStudentSoftwareDevTeam/cas/issues/269,https://github.com/BCStudentSoftwareDevTeam/cas/issues/269#issuecomment-852150909
cas,852150740,bryantal,User,2018-09-24T15:09:07Z,2021-06-01T14:01:48Z,https://api.github.com/repos/BCStudentSoftwareDevTeam/cas/issues/265,https://github.com/BCStudentSoftwareDevTeam/cas/issues/265#issuecomment-852150740
cas,852151134,bryantal,User,2018-09-25T17:26:05Z,2021-06-01T14:02:16Z,https://api.github.com/repos/BCStudentSoftwareDevTeam/cas/issues/273,https://github.com/BCStudentSoftwareDevTeam/cas/issues/273#issuecomment-852151134
cas,852150963,bryantal,User,2018-09-25T17:40:47Z,2021-06-01T14:02:05Z,https://api.github.com/repos/BCStudentSoftwareDevTeam/cas/issues/270,https://github.com/BCStudentSoftwareDevTeam/cas/issues/270#issuecomment-852150963
cas,852151137,bryantal,User,2018-09-25T19:31:21Z,2021-06-01T14:02:16Z,https://api.github.com/repos/BCStudentSoftwareDevTeam/cas/issues/273,https://github.com/BCStudentSoftwareDevTeam/cas/issues/273#issuecomment-852151137
cas,852151139,bryantal,User,2018-09-25T19:32:45Z,2021-06-01T14:02:16Z,https://api.github.com/repos/BCStudentSoftwareDevTeam/cas/issues/273,https://github.com/BCStudentSoftwareDevTeam/cas/issues/273#issuecomment-852151139
cas,852151140,bryantal,User,2018-09-26T17:58:10Z,2021-06-01T14:02:17Z,https://api.github.com/repos/BCStudentSoftwareDevTeam/cas/issues/273,https://github.com/BCStudentSoftwareDevTeam/cas/issues/273#issuecomment-852151140
cas,852151257,bryantal,User,2018-09-27T15:14:19Z,2021-06-01T14:02:26Z,https://api.github.com/repos/BCStudentSoftwareDevTeam/cas/issues/276,https://github.com/BCStudentSoftwareDevTeam/cas/issues/276#issuecomment-852151257
cas,852150316,bryantal,User,2018-09-27T15:45:07Z,2021-06-01T14:01:20Z,https://api.github.com/repos/BCStudentSoftwareDevTeam/cas/issues/258,https://github.com/BCStudentSoftwareDevTeam/cas/issues/258#issuecomment-852150316
cas,852151261,bryantal,User,2018-09-27T15:45:09Z,2021-06-01T14:02:26Z,https://api.github.com/repos/BCStudentSoftwareDevTeam/cas/issues/276,https://github.com/BCStudentSoftwareDevTeam/cas/issues/276#issuecomment-852151261
cas,852151263,bryantal,User,2018-09-28T18:05:09Z,2021-06-01T14:02:26Z,https://api.github.com/repos/BCStudentSoftwareDevTeam/cas/issues/276,https://github.com/BCStudentSoftwareDevTeam/cas/issues/276#issuecomment-852151263
cas,852151202,bryantal,User,2018-10-01T16:14:23Z,2021-06-01T14:02:22Z,https://api.github.com/repos/BCStudentSoftwareDevTeam/cas/issues/275,https://github.com/BCStudentSoftwareDevTeam/cas/issues/275#issuecomment-852151202
cas,852151203,bryantal,User,2018-10-01T16:51:52Z,2021-06-01T14:02:22Z,https://api.github.com/repos/BCStudentSoftwareDevTeam/cas/issues/275,https://github.com/BCStudentSoftwareDevTeam/cas/issues/275#issuecomment-852151203
cas,852150661,bryantal,User,2018-10-01T16:56:33Z,2021-06-01T14:01:43Z,https://api.github.com/repos/BCStudentSoftwareDevTeam/cas/issues/264,https://github.com/BCStudentSoftwareDevTeam/cas/issues/264#issuecomment-852150661
cas,852150664,bryantal,User,2018-10-02T17:23:04Z,2021-06-01T14:01:43Z,https://api.github.com/repos/BCStudentSoftwareDevTeam/cas/issues/264,https://github.com/BCStudentSoftwareDevTeam/cas/issues/264#issuecomment-852150664
cas,852151264,bryantal,User,2018-10-02T17:24:14Z,2021-06-01T14:02:26Z,https://api.github.com/repos/BCStudentSoftwareDevTeam/cas/issues/276,https://github.com/BCStudentSoftwareDevTeam/cas/issues/276#issuecomment-852151264
cas,852150966,bryantal,User,2018-10-02T17:26:39Z,2021-06-01T14:02:05Z,https://api.github.com/repos/BCStudentSoftwareDevTeam/cas/issues/270,https://github.com/BCStudentSoftwareDevTeam/cas/issues/270#issuecomment-852150966
cas,852150479,bryantal,User,2018-10-02T17:27:44Z,2021-06-01T14:01:31Z,https://api.github.com/repos/BCStudentSoftwareDevTeam/cas/issues/261,https://github.com/BCStudentSoftwareDevTeam/cas/issues/261#issuecomment-852150479
cas,852150529,bryantal,User,2018-10-02T17:30:24Z,2021-06-01T14:01:35Z,https://api.github.com/repos/BCStudentSoftwareDevTeam/cas/issues/262,https://github.com/BCStudentSoftwareDevTeam/cas/issues/262#issuecomment-852150529
cas,852150046,bryantal,User,2018-10-02T17:30:55Z,2021-06-01T14:01:00Z,https://api.github.com/repos/BCStudentSoftwareDevTeam/cas/issues/253,https://github.com/BCStudentSoftwareDevTeam/cas/issues/253#issuecomment-852150046
cas,852150481,bryantal,User,2018-10-02T17:31:54Z,2021-06-01T14:01:31Z,https://api.github.com/repos/BCStudentSoftwareDevTeam/cas/issues/261,https://github.com/BCStudentSoftwareDevTeam/cas/issues/261#issuecomment-852150481
cas,852151069,bryantal,User,2018-10-02T18:47:25Z,2021-06-01T14:02:12Z,https://api.github.com/repos/BCStudentSoftwareDevTeam/cas/issues/272,https://github.com/BCStudentSoftwareDevTeam/cas/issues/272#issuecomment-852151069
cas,852151074,bryantal,User,2018-10-04T16:04:56Z,2021-06-01T14:02:12Z,https://api.github.com/repos/BCStudentSoftwareDevTeam/cas/issues/272,https://github.com/BCStudentSoftwareDevTeam/cas/issues/272#issuecomment-852151074
cas,852151305,bryantal,User,2018-10-05T16:03:48Z,2021-06-01T14:02:29Z,https://api.github.com/repos/BCStudentSoftwareDevTeam/cas/issues/277,https://github.com/BCStudentSoftwareDevTeam/cas/issues/277#issuecomment-852151305
cas,852151077,bryantal,User,2018-10-05T16:47:50Z,2021-06-01T14:02:12Z,https://api.github.com/repos/BCStudentSoftwareDevTeam/cas/issues/272,https://github.com/BCStudentSoftwareDevTeam/cas/issues/272#issuecomment-852151077
cas,852150832,bryantal,User,2018-10-05T16:56:54Z,2021-06-01T14:01:55Z,https://api.github.com/repos/BCStudentSoftwareDevTeam/cas/issues/267,https://github.com/BCStudentSoftwareDevTeam/cas/issues/267#issuecomment-852150832
cas,852151080,bryantal,User,2018-10-10T15:55:00Z,2021-06-01T14:02:12Z,https://api.github.com/repos/BCStudentSoftwareDevTeam/cas/issues/272,https://github.com/BCStudentSoftwareDevTeam/cas/issues/272#issuecomment-852151080
cas,852151350,bryantal,User,2018-10-11T15:44:10Z,2021-06-01T14:02:32Z,https://api.github.com/repos/BCStudentSoftwareDevTeam/cas/issues/278,https://github.com/BCStudentSoftwareDevTeam/cas/issues/278#issuecomment-852151350
cas,852151422,bryantal,User,2018-10-11T19:31:35Z,2021-06-01T14:02:37Z,https://api.github.com/repos/BCStudentSoftwareDevTeam/cas/issues/279,https://github.com/BCStudentSoftwareDevTeam/cas/issues/279#issuecomment-852151422
cas,852151452,bryantal,User,2018-10-12T20:16:49Z,2021-06-01T14:02:39Z,https://api.github.com/repos/BCStudentSoftwareDevTeam/cas/issues/280,https://github.com/BCStudentSoftwareDevTeam/cas/issues/280#issuecomment-852151452
cas,852151171,bryantal,User,2018-10-12T21:12:34Z,2021-06-01T14:02:19Z,https://api.github.com/repos/BCStudentSoftwareDevTeam/cas/issues/274,https://github.com/BCStudentSoftwareDevTeam/cas/issues/274#issuecomment-852151171
cas,852150391,bryantal,User,2018-10-15T19:13:53Z,2021-06-01T14:01:25Z,https://api.github.com/repos/BCStudentSoftwareDevTeam/cas/issues/259,https://github.com/BCStudentSoftwareDevTeam/cas/issues/259#issuecomment-852150391
cas,852150318,bryantal,User,2018-10-15T19:15:01Z,2021-06-01T14:01:20Z,https://api.github.com/repos/BCStudentSoftwareDevTeam/cas/issues/258,https://github.com/BCStudentSoftwareDevTeam/cas/issues/258#issuecomment-852150318
cas,852150443,bryantal,User,2018-10-15T22:49:43Z,2021-06-01T14:01:28Z,https://api.github.com/repos/BCStudentSoftwareDevTeam/cas/issues/260,https://github.com/BCStudentSoftwareDevTeam/cas/issues/260#issuecomment-852150443
cas,852150048,bryantal,User,2018-10-16T17:27:47Z,2021-06-01T14:01:00Z,https://api.github.com/repos/BCStudentSoftwareDevTeam/cas/issues/253,https://github.com/BCStudentSoftwareDevTeam/cas/issues/253#issuecomment-852150048
cas,852151008,bryantal,User,2018-10-23T19:12:25Z,2021-06-01T14:02:08Z,https://api.github.com/repos/BCStudentSoftwareDevTeam/cas/issues/271,https://github.com/BCStudentSoftwareDevTeam/cas/issues/271#issuecomment-852151008
cas,852151010,bryantal,User,2018-10-24T19:51:58Z,2021-06-01T14:02:08Z,https://api.github.com/repos/BCStudentSoftwareDevTeam/cas/issues/271,https://github.com/BCStudentSoftwareDevTeam/cas/issues/271#issuecomment-852151010
cas,852151014,bryantal,User,2018-10-24T19:52:40Z,2021-06-01T14:02:08Z,https://api.github.com/repos/BCStudentSoftwareDevTeam/cas/issues/271,https://github.com/BCStudentSoftwareDevTeam/cas/issues/271#issuecomment-852151014
cas,852150484,bryantal,User,2018-10-24T19:53:23Z,2021-06-01T14:01:31Z,https://api.github.com/repos/BCStudentSoftwareDevTeam/cas/issues/261,https://github.com/BCStudentSoftwareDevTeam/cas/issues/261#issuecomment-852150484
cas,852150486,bryantal,User,2018-10-24T19:53:46Z,2021-06-01T14:01:31Z,https://api.github.com/repos/BCStudentSoftwareDevTeam/cas/issues/261,https://github.com/BCStudentSoftwareDevTeam/cas/issues/261#issuecomment-852150486
cas,852150487,bryantal,User,2018-10-24T19:53:56Z,2021-06-01T14:01:32Z,https://api.github.com/repos/BCStudentSoftwareDevTeam/cas/issues/261,https://github.com/BCStudentSoftwareDevTeam/cas/issues/261#issuecomment-852150487
cas,852151354,bryantal,User,2018-10-25T14:30:12Z,2021-06-01T14:02:32Z,https://api.github.com/repos/BCStudentSoftwareDevTeam/cas/issues/278,https://github.com/BCStudentSoftwareDevTeam/cas/issues/278#issuecomment-852151354
cas,852151629,bryantal,User,2018-11-06T20:00:35Z,2021-06-01T14:02:53Z,https://api.github.com/repos/BCStudentSoftwareDevTeam/cas/issues/285,https://github.com/BCStudentSoftwareDevTeam/cas/issues/285#issuecomment-852151629
cas,852150257,bryantal,User,2018-11-15T18:36:52Z,2021-06-01T14:01:15Z,https://api.github.com/repos/BCStudentSoftwareDevTeam/cas/issues/257,https://github.com/BCStudentSoftwareDevTeam/cas/issues/257#issuecomment-852150257
cas,852150260,bryantal,User,2018-11-15T18:55:14Z,2021-06-01T14:01:15Z,https://api.github.com/repos/BCStudentSoftwareDevTeam/cas/issues/257,https://github.com/BCStudentSoftwareDevTeam/cas/issues/257#issuecomment-852150260
cas,852150743,bryantal,User,2018-11-29T02:48:37Z,2021-06-01T14:01:48Z,https://api.github.com/repos/BCStudentSoftwareDevTeam/cas/issues/265,https://github.com/BCStudentSoftwareDevTeam/cas/issues/265#issuecomment-852150743
cas,852151017,bryantal,User,2018-12-04T19:08:50Z,2021-06-01T14:02:08Z,https://api.github.com/repos/BCStudentSoftwareDevTeam/cas/issues/271,https://github.com/BCStudentSoftwareDevTeam/cas/issues/271#issuecomment-852151017
cas,852151934,bryantal,User,2018-12-05T21:44:15Z,2021-06-01T14:03:16Z,https://api.github.com/repos/BCStudentSoftwareDevTeam/cas/issues/292,https://github.com/BCStudentSoftwareDevTeam/cas/issues/292#issuecomment-852151934
cas,852151833,bryantal,User,2018-12-10T16:20:50Z,2021-06-01T14:03:09Z,https://api.github.com/repos/BCStudentSoftwareDevTeam/cas/issues/290,https://github.com/BCStudentSoftwareDevTeam/cas/issues/290#issuecomment-852151833
cas,852151730,bryantal,User,2018-12-10T16:23:47Z,2021-06-01T14:03:00Z,https://api.github.com/repos/BCStudentSoftwareDevTeam/cas/issues/287,https://github.com/BCStudentSoftwareDevTeam/cas/issues/287#issuecomment-852151730
cas,852151760,bryantal,User,2019-01-10T20:24:13Z,2021-06-01T14:03:03Z,https://api.github.com/repos/BCStudentSoftwareDevTeam/cas/issues/288,https://github.com/BCStudentSoftwareDevTeam/cas/issues/288#issuecomment-852151760
cas,852150536,bryantal,User,2019-01-10T20:26:39Z,2021-06-01T14:01:35Z,https://api.github.com/repos/BCStudentSoftwareDevTeam/cas/issues/262,https://github.com/BCStudentSoftwareDevTeam/cas/issues/262#issuecomment-852150536
cas,852151889,bryantal,User,2019-01-10T21:25:05Z,2021-06-01T14:03:13Z,https://api.github.com/repos/BCStudentSoftwareDevTeam/cas/issues/291,https://github.com/BCStudentSoftwareDevTeam/cas/issues/291#issuecomment-852151889
cas,852151799,bryantal,User,2019-01-16T19:40:54Z,2021-06-01T14:03:07Z,https://api.github.com/repos/BCStudentSoftwareDevTeam/cas/issues/289,https://github.com/BCStudentSoftwareDevTeam/cas/issues/289#issuecomment-852151799
cas,852151764,bryantal,User,2019-01-16T19:43:09Z,2021-06-01T14:03:03Z,https://api.github.com/repos/BCStudentSoftwareDevTeam/cas/issues/288,https://github.com/BCStudentSoftwareDevTeam/cas/issues/288#issuecomment-852151764
cas,852151768,bryantal,User,2019-01-17T20:46:33Z,2021-06-01T14:03:03Z,https://api.github.com/repos/BCStudentSoftwareDevTeam/cas/issues/288,https://github.com/BCStudentSoftwareDevTeam/cas/issues/288#issuecomment-852151768
cas,852151583,bryantal,User,2019-01-17T20:57:21Z,2021-06-01T14:02:50Z,https://api.github.com/repos/BCStudentSoftwareDevTeam/cas/issues/284,https://github.com/BCStudentSoftwareDevTeam/cas/issues/284#issuecomment-852151583
cas,852151676,bryantal,User,2019-01-21T17:11:36Z,2021-06-01T14:02:56Z,https://api.github.com/repos/BCStudentSoftwareDevTeam/cas/issues/286,https://github.com/BCStudentSoftwareDevTeam/cas/issues/286#issuecomment-852151676
cas,852151684,bryantal,User,2019-01-22T18:26:59Z,2021-06-01T14:02:56Z,https://api.github.com/repos/BCStudentSoftwareDevTeam/cas/issues/286,https://github.com/BCStudentSoftwareDevTeam/cas/issues/286#issuecomment-852151684
cas,852151771,bryantal,User,2019-01-24T06:10:24Z,2021-06-01T14:03:04Z,https://api.github.com/repos/BCStudentSoftwareDevTeam/cas/issues/288,https://github.com/BCStudentSoftwareDevTeam/cas/issues/288#issuecomment-852151771
cas,852151773,bryantal,User,2019-01-24T21:02:51Z,2021-06-01T14:03:04Z,https://api.github.com/repos/BCStudentSoftwareDevTeam/cas/issues/288,https://github.com/BCStudentSoftwareDevTeam/cas/issues/288#issuecomment-852151773
cas,852152144,bryantal,User,2019-01-28T14:01:18Z,2021-06-01T14:03:32Z,https://api.github.com/repos/BCStudentSoftwareDevTeam/cas/issues/298,https://github.com/BCStudentSoftwareDevTeam/cas/issues/298#issuecomment-852152144
cas,852152147,bryantal,User,2019-01-28T17:50:27Z,2021-06-01T14:03:33Z,https://api.github.com/repos/BCStudentSoftwareDevTeam/cas/issues/298,https://github.com/BCStudentSoftwareDevTeam/cas/issues/298#issuecomment-852152147
cas,852152099,bryantal,User,2019-01-29T15:13:01Z,2021-06-01T14:03:29Z,https://api.github.com/repos/BCStudentSoftwareDevTeam/cas/issues/297,https://github.com/BCStudentSoftwareDevTeam/cas/issues/297#issuecomment-852152099
cas,852145337,bryantal,User,2019-01-29T15:30:36Z,2021-06-01T13:55:17Z,https://api.github.com/repos/BCStudentSoftwareDevTeam/cas/issues/150,https://github.com/BCStudentSoftwareDevTeam/cas/issues/150#issuecomment-852145337
cas,852146453,bryantal,User,2019-01-29T15:35:14Z,2021-06-01T13:56:41Z,https://api.github.com/repos/BCStudentSoftwareDevTeam/cas/issues/174,https://github.com/BCStudentSoftwareDevTeam/cas/issues/174#issuecomment-852146453
cas,852147326,bryantal,User,2019-01-29T15:37:32Z,2021-06-01T13:57:44Z,https://api.github.com/repos/BCStudentSoftwareDevTeam/cas/issues/192,https://github.com/BCStudentSoftwareDevTeam/cas/issues/192#issuecomment-852147326
cas,852149695,bryantal,User,2019-01-29T15:43:39Z,2021-06-01T14:00:39Z,https://api.github.com/repos/BCStudentSoftwareDevTeam/cas/issues/246,https://github.com/BCStudentSoftwareDevTeam/cas/issues/246#issuecomment-852149695
cas,852149773,bryantal,User,2019-01-29T15:45:29Z,2021-06-01T14:00:43Z,https://api.github.com/repos/BCStudentSoftwareDevTeam/cas/issues/247,https://github.com/BCStudentSoftwareDevTeam/cas/issues/247#issuecomment-852149773
cas,852149912,bryantal,User,2019-01-29T15:47:41Z,2021-06-01T14:00:52Z,https://api.github.com/repos/BCStudentSoftwareDevTeam/cas/issues/250,https://github.com/BCStudentSoftwareDevTeam/cas/issues/250#issuecomment-852149912
cas,852149955,bryantal,User,2019-01-29T15:50:04Z,2021-06-01T14:00:55Z,https://api.github.com/repos/BCStudentSoftwareDevTeam/cas/issues/251,https://github.com/BCStudentSoftwareDevTeam/cas/issues/251#issuecomment-852149955
cas,852149916,bryantal,User,2019-01-29T15:50:22Z,2021-06-01T14:00:52Z,https://api.github.com/repos/BCStudentSoftwareDevTeam/cas/issues/250,https://github.com/BCStudentSoftwareDevTeam/cas/issues/250#issuecomment-852149916
cas,852149956,bryantal,User,2019-01-29T15:51:33Z,2021-06-01T14:00:55Z,https://api.github.com/repos/BCStudentSoftwareDevTeam/cas/issues/251,https://github.com/BCStudentSoftwareDevTeam/cas/issues/251#issuecomment-852149956
cas,852150085,bryantal,User,2019-01-29T15:52:10Z,2021-06-01T14:01:02Z,https://api.github.com/repos/BCStudentSoftwareDevTeam/cas/issues/254,https://github.com/BCStudentSoftwareDevTeam/cas/issues/254#issuecomment-852150085
cas,852150088,bryantal,User,2019-01-29T15:53:19Z,2021-06-01T14:01:03Z,https://api.github.com/repos/BCStudentSoftwareDevTeam/cas/issues/254,https://github.com/BCStudentSoftwareDevTeam/cas/issues/254#issuecomment-852150088
cas,852147327,bryantal,User,2019-01-29T15:55:21Z,2021-06-01T13:57:44Z,https://api.github.com/repos/BCStudentSoftwareDevTeam/cas/issues/192,https://github.com/BCStudentSoftwareDevTeam/cas/issues/192#issuecomment-852147327
cas,852150184,bryantal,User,2019-01-29T16:01:10Z,2021-06-01T14:01:09Z,https://api.github.com/repos/BCStudentSoftwareDevTeam/cas/issues/256,https://github.com/BCStudentSoftwareDevTeam/cas/issues/256#issuecomment-852150184
cas,852150266,bryantal,User,2019-01-29T16:01:54Z,2021-06-01T14:01:15Z,https://api.github.com/repos/BCStudentSoftwareDevTeam/cas/issues/257,https://github.com/BCStudentSoftwareDevTeam/cas/issues/257#issuecomment-852150266
cas,852150540,bryantal,User,2019-01-29T16:05:09Z,2021-06-01T14:01:35Z,https://api.github.com/repos/BCStudentSoftwareDevTeam/cas/issues/262,https://github.com/BCStudentSoftwareDevTeam/cas/issues/262#issuecomment-852150540
cas,852150745,bryantal,User,2019-01-29T16:07:06Z,2021-06-01T14:01:48Z,https://api.github.com/repos/BCStudentSoftwareDevTeam/cas/issues/265,https://github.com/BCStudentSoftwareDevTeam/cas/issues/265#issuecomment-852150745
cas,852150801,bryantal,User,2019-01-29T16:09:36Z,2021-06-01T14:01:52Z,https://api.github.com/repos/BCStudentSoftwareDevTeam/cas/issues/266,https://github.com/BCStudentSoftwareDevTeam/cas/issues/266#issuecomment-852150801
cas,852152104,bryantal,User,2019-01-29T16:12:01Z,2021-06-01T14:03:29Z,https://api.github.com/repos/BCStudentSoftwareDevTeam/cas/issues/297,https://github.com/BCStudentSoftwareDevTeam/cas/issues/297#issuecomment-852152104
cas,852150910,bryantal,User,2019-01-29T16:12:44Z,2021-06-01T14:02:01Z,https://api.github.com/repos/BCStudentSoftwareDevTeam/cas/issues/269,https://github.com/BCStudentSoftwareDevTeam/cas/issues/269#issuecomment-852150910
cas,852151019,bryantal,User,2019-01-29T16:17:03Z,2021-06-01T14:02:08Z,https://api.github.com/repos/BCStudentSoftwareDevTeam/cas/issues/271,https://github.com/BCStudentSoftwareDevTeam/cas/issues/271#issuecomment-852151019
cas,852151485,bryantal,User,2019-01-29T16:37:42Z,2021-06-01T14:02:42Z,https://api.github.com/repos/BCStudentSoftwareDevTeam/cas/issues/281,https://github.com/BCStudentSoftwareDevTeam/cas/issues/281#issuecomment-852151485
cas,852151518,bryantal,User,2019-01-29T16:38:46Z,2021-06-01T14:02:44Z,https://api.github.com/repos/BCStudentSoftwareDevTeam/cas/issues/282,https://github.com/BCStudentSoftwareDevTeam/cas/issues/282#issuecomment-852151518
cas,852151687,bryantal,User,2019-01-29T16:39:46Z,2021-06-01T14:02:57Z,https://api.github.com/repos/BCStudentSoftwareDevTeam/cas/issues/286,https://github.com/BCStudentSoftwareDevTeam/cas/issues/286#issuecomment-852151687
cas,852151894,bryantal,User,2019-01-29T16:40:38Z,2021-06-01T14:03:13Z,https://api.github.com/repos/BCStudentSoftwareDevTeam/cas/issues/291,https://github.com/BCStudentSoftwareDevTeam/cas/issues/291#issuecomment-852151894
cas,852151975,bryantal,User,2019-01-29T16:42:11Z,2021-06-01T14:03:18Z,https://api.github.com/repos/BCStudentSoftwareDevTeam/cas/issues/293,https://github.com/BCStudentSoftwareDevTeam/cas/issues/293#issuecomment-852151975
cas,852152187,bryantal,User,2019-01-29T16:56:15Z,2021-06-01T14:03:35Z,https://api.github.com/repos/BCStudentSoftwareDevTeam/cas/issues/299,https://github.com/BCStudentSoftwareDevTeam/cas/issues/299#issuecomment-852152187
cas,852150915,bryantal,User,2019-01-29T19:03:39Z,2021-06-01T14:02:01Z,https://api.github.com/repos/BCStudentSoftwareDevTeam/cas/issues/269,https://github.com/BCStudentSoftwareDevTeam/cas/issues/269#issuecomment-852150915
cas,852150749,bryantal,User,2019-01-30T16:14:49Z,2021-06-01T14:01:48Z,https://api.github.com/repos/BCStudentSoftwareDevTeam/cas/issues/265,https://github.com/BCStudentSoftwareDevTeam/cas/issues/265#issuecomment-852150749
cas,852151690,bryantal,User,2019-01-30T16:32:52Z,2021-06-01T14:02:57Z,https://api.github.com/repos/BCStudentSoftwareDevTeam/cas/issues/286,https://github.com/BCStudentSoftwareDevTeam/cas/issues/286#issuecomment-852151690
cas,852146458,bryantal,User,2019-01-30T16:40:48Z,2021-06-01T13:56:42Z,https://api.github.com/repos/BCStudentSoftwareDevTeam/cas/issues/174,https://github.com/BCStudentSoftwareDevTeam/cas/issues/174#issuecomment-852146458
cas,852149698,bryantal,User,2019-01-30T17:02:04Z,2021-06-01T14:00:39Z,https://api.github.com/repos/BCStudentSoftwareDevTeam/cas/issues/246,https://github.com/BCStudentSoftwareDevTeam/cas/issues/246#issuecomment-852149698
cas,852151525,bryantal,User,2019-01-31T15:37:24Z,2021-06-01T14:02:45Z,https://api.github.com/repos/BCStudentSoftwareDevTeam/cas/issues/282,https://github.com/BCStudentSoftwareDevTeam/cas/issues/282#issuecomment-852151525
cas,852149703,bryantal,User,2019-01-31T15:41:40Z,2021-06-01T14:00:39Z,https://api.github.com/repos/BCStudentSoftwareDevTeam/cas/issues/246,https://github.com/BCStudentSoftwareDevTeam/cas/issues/246#issuecomment-852149703
cas,852150190,bryantal,User,2019-02-01T20:45:49Z,2021-06-01T14:01:09Z,https://api.github.com/repos/BCStudentSoftwareDevTeam/cas/issues/256,https://github.com/BCStudentSoftwareDevTeam/cas/issues/256#issuecomment-852150190
cas,852149704,bryantal,User,2019-02-04T17:44:00Z,2021-06-01T14:00:40Z,https://api.github.com/repos/BCStudentSoftwareDevTeam/cas/issues/246,https://github.com/BCStudentSoftwareDevTeam/cas/issues/246#issuecomment-852149704
cas,852149711,bryantal,User,2019-02-04T17:44:23Z,2021-06-01T14:00:40Z,https://api.github.com/repos/BCStudentSoftwareDevTeam/cas/issues/246,https://github.com/BCStudentSoftwareDevTeam/cas/issues/246#issuecomment-852149711
cas,852152109,bryantal,User,2019-02-04T17:54:24Z,2021-06-01T14:03:29Z,https://api.github.com/repos/BCStudentSoftwareDevTeam/cas/issues/297,https://github.com/BCStudentSoftwareDevTeam/cas/issues/297#issuecomment-852152109
cas,852152113,bryantal,User,2019-02-04T17:55:14Z,2021-06-01T14:03:29Z,https://api.github.com/repos/BCStudentSoftwareDevTeam/cas/issues/297,https://github.com/BCStudentSoftwareDevTeam/cas/issues/297#issuecomment-852152113
cas,852152215,bryantal,User,2019-02-04T18:38:15Z,2021-06-01T14:03:38Z,https://api.github.com/repos/BCStudentSoftwareDevTeam/cas/issues/300,https://github.com/BCStudentSoftwareDevTeam/cas/issues/300#issuecomment-852152215
cas,852152114,bryantal,User,2019-02-05T00:58:18Z,2021-06-01T14:03:29Z,https://api.github.com/repos/BCStudentSoftwareDevTeam/cas/issues/297,https://github.com/BCStudentSoftwareDevTeam/cas/issues/297#issuecomment-852152114
cas,852152120,bryantal,User,2019-02-05T00:58:34Z,2021-06-01T14:03:29Z,https://api.github.com/repos/BCStudentSoftwareDevTeam/cas/issues/297,https://github.com/BCStudentSoftwareDevTeam/cas/issues/297#issuecomment-852152120
cas,852152363,bryantal,User,2019-02-06T20:04:42Z,2021-06-01T14:03:50Z,https://api.github.com/repos/BCStudentSoftwareDevTeam/cas/issues/304,https://github.com/BCStudentSoftwareDevTeam/cas/issues/304#issuecomment-852152363
cas,852152364,bryantal,User,2019-02-07T21:19:11Z,2021-06-01T14:03:50Z,https://api.github.com/repos/BCStudentSoftwareDevTeam/cas/issues/304,https://github.com/BCStudentSoftwareDevTeam/cas/issues/304#issuecomment-852152364
cas,852152682,bryantal,User,2019-02-12T19:27:27Z,2021-06-01T14:04:18Z,https://api.github.com/repos/BCStudentSoftwareDevTeam/cas/issues/312,https://github.com/BCStudentSoftwareDevTeam/cas/issues/312#issuecomment-852152682
cas,852152412,bryantal,User,2019-02-12T21:03:50Z,2021-06-01T14:03:54Z,https://api.github.com/repos/BCStudentSoftwareDevTeam/cas/issues/305,https://github.com/BCStudentSoftwareDevTeam/cas/issues/305#issuecomment-852152412
cas,852152531,bryantal,User,2019-02-13T19:48:40Z,2021-06-01T14:04:06Z,https://api.github.com/repos/BCStudentSoftwareDevTeam/cas/issues/308,https://github.com/BCStudentSoftwareDevTeam/cas/issues/308#issuecomment-852152531
cas,852152338,bryantal,User,2019-02-25T21:53:23Z,2021-06-01T14:03:48Z,https://api.github.com/repos/BCStudentSoftwareDevTeam/cas/issues/303,https://github.com/BCStudentSoftwareDevTeam/cas/issues/303#issuecomment-852152338
cas,852152252,bryantal,User,2019-03-13T19:18:49Z,2021-06-01T14:03:40Z,https://api.github.com/repos/BCStudentSoftwareDevTeam/cas/issues/301,https://github.com/BCStudentSoftwareDevTeam/cas/issues/301#issuecomment-852152252
cas,852153167,bryantal,User,2019-03-13T21:31:54Z,2021-06-01T14:04:54Z,https://api.github.com/repos/BCStudentSoftwareDevTeam/cas/issues/324,https://github.com/BCStudentSoftwareDevTeam/cas/issues/324#issuecomment-852153167
cas,852153052,bryantal,User,2019-03-14T13:38:38Z,2021-06-01T14:04:45Z,https://api.github.com/repos/BCStudentSoftwareDevTeam/cas/issues/322,https://github.com/BCStudentSoftwareDevTeam/cas/issues/322#issuecomment-852153052
cas,852152846,bryantal,User,2019-03-14T13:50:01Z,2021-06-01T14:04:31Z,https://api.github.com/repos/BCStudentSoftwareDevTeam/cas/issues/316,https://github.com/BCStudentSoftwareDevTeam/cas/issues/316#issuecomment-852152846
cas,852151490,bryantal,User,2019-03-14T13:54:42Z,2021-06-01T14:02:42Z,https://api.github.com/repos/BCStudentSoftwareDevTeam/cas/issues/281,https://github.com/BCStudentSoftwareDevTeam/cas/issues/281#issuecomment-852151490
cas,852150918,bryantal,User,2019-03-14T14:04:13Z,2021-06-01T14:02:01Z,https://api.github.com/repos/BCStudentSoftwareDevTeam/cas/issues/269,https://github.com/BCStudentSoftwareDevTeam/cas/issues/269#issuecomment-852150918
cas,852152259,bryantal,User,2019-03-21T20:16:53Z,2021-06-01T14:03:41Z,https://api.github.com/repos/BCStudentSoftwareDevTeam/cas/issues/301,https://github.com/BCStudentSoftwareDevTeam/cas/issues/301#issuecomment-852152259
cas,852152653,bryantal,User,2019-03-25T19:27:43Z,2021-06-01T14:04:16Z,https://api.github.com/repos/BCStudentSoftwareDevTeam/cas/issues/311,https://github.com/BCStudentSoftwareDevTeam/cas/issues/311#issuecomment-852152653
cas,852152660,bryantal,User,2019-03-28T18:11:14Z,2021-06-01T14:04:16Z,https://api.github.com/repos/BCStudentSoftwareDevTeam/cas/issues/311,https://github.com/BCStudentSoftwareDevTeam/cas/issues/311#issuecomment-852152660
cas,852152307,bryantal,User,2019-03-28T20:17:49Z,2021-06-01T14:03:45Z,https://api.github.com/repos/BCStudentSoftwareDevTeam/cas/issues/302,https://github.com/BCStudentSoftwareDevTeam/cas/issues/302#issuecomment-852152307
cas,852152947,bryantal,User,2019-04-01T16:56:06Z,2021-06-01T14:04:39Z,https://api.github.com/repos/BCStudentSoftwareDevTeam/cas/issues/319,https://github.com/BCStudentSoftwareDevTeam/cas/issues/319#issuecomment-852152947
cas,852153250,bryantal,User,2019-04-04T02:47:25Z,2021-06-01T14:05:01Z,https://api.github.com/repos/BCStudentSoftwareDevTeam/cas/issues/327,https://github.com/BCStudentSoftwareDevTeam/cas/issues/327#issuecomment-852153250
cas,852153252,bryantal,User,2019-04-04T02:48:01Z,2021-06-01T14:05:02Z,https://api.github.com/repos/BCStudentSoftwareDevTeam/cas/issues/327,https://github.com/BCStudentSoftwareDevTeam/cas/issues/327#issuecomment-852153252
cas,852152661,bryantal,User,2019-04-04T19:30:42Z,2021-06-01T14:04:17Z,https://api.github.com/repos/BCStudentSoftwareDevTeam/cas/issues/311,https://github.com/BCStudentSoftwareDevTeam/cas/issues/311#issuecomment-852152661
cas,852153435,bryantal,User,2019-04-11T20:09:43Z,2021-06-01T14:05:16Z,https://api.github.com/repos/BCStudentSoftwareDevTeam/cas/issues/331,https://github.com/BCStudentSoftwareDevTeam/cas/issues/331#issuecomment-852153435
cas,852153441,bryantal,User,2019-04-12T19:09:17Z,2021-06-01T14:05:16Z,https://api.github.com/repos/BCStudentSoftwareDevTeam/cas/issues/331,https://github.com/BCStudentSoftwareDevTeam/cas/issues/331#issuecomment-852153441
cas,852152950,bryantal,User,2019-04-17T17:33:45Z,2021-06-01T14:04:39Z,https://api.github.com/repos/BCStudentSoftwareDevTeam/cas/issues/319,https://github.com/BCStudentSoftwareDevTeam/cas/issues/319#issuecomment-852152950
cas,852149716,bryantal,User,2019-05-17T17:51:40Z,2021-06-01T14:00:40Z,https://api.github.com/repos/BCStudentSoftwareDevTeam/cas/issues/246,https://github.com/BCStudentSoftwareDevTeam/cas/issues/246#issuecomment-852149716
cas,852153635,bryantal,User,2019-05-20T17:22:16Z,2021-06-01T14:05:29Z,https://api.github.com/repos/BCStudentSoftwareDevTeam/cas/issues/336,https://github.com/BCStudentSoftwareDevTeam/cas/issues/336#issuecomment-852153635
cas,852153639,bryantal,User,2019-05-20T21:13:18Z,2021-06-01T14:05:29Z,https://api.github.com/repos/BCStudentSoftwareDevTeam/cas/issues/336,https://github.com/BCStudentSoftwareDevTeam/cas/issues/336#issuecomment-852153639
cas,852153668,bryantal,User,2019-05-23T18:05:22Z,2021-06-01T14:05:31Z,https://api.github.com/repos/BCStudentSoftwareDevTeam/cas/issues/337,https://github.com/BCStudentSoftwareDevTeam/cas/issues/337#issuecomment-852153668
cas,852152472,bryantal,User,2019-05-24T18:17:00Z,2021-06-01T14:04:00Z,https://api.github.com/repos/BCStudentSoftwareDevTeam/cas/issues/306,https://github.com/BCStudentSoftwareDevTeam/cas/issues/306#issuecomment-852152472
cas,852153119,bryantal,User,2019-05-24T18:18:00Z,2021-06-01T14:04:51Z,https://api.github.com/repos/BCStudentSoftwareDevTeam/cas/issues/323,https://github.com/BCStudentSoftwareDevTeam/cas/issues/323#issuecomment-852153119
cas,852152499,bryantal,User,2019-05-24T18:18:45Z,2021-06-01T14:04:03Z,https://api.github.com/repos/BCStudentSoftwareDevTeam/cas/issues/307,https://github.com/BCStudentSoftwareDevTeam/cas/issues/307#issuecomment-852152499
cas,852153378,bryantal,User,2019-05-24T18:18:59Z,2021-06-01T14:05:12Z,https://api.github.com/repos/BCStudentSoftwareDevTeam/cas/issues/330,https://github.com/BCStudentSoftwareDevTeam/cas/issues/330#issuecomment-852153378
cas,852152759,bryantal,User,2019-05-24T18:19:13Z,2021-06-01T14:04:25Z,https://api.github.com/repos/BCStudentSoftwareDevTeam/cas/issues/314,https://github.com/BCStudentSoftwareDevTeam/cas/issues/314#issuecomment-852152759
cas,852146466,bryantal,User,2019-05-24T18:19:28Z,2021-06-01T13:56:42Z,https://api.github.com/repos/BCStudentSoftwareDevTeam/cas/issues/174,https://github.com/BCStudentSoftwareDevTeam/cas/issues/174#issuecomment-852146466
cas,852149917,bryantal,User,2019-05-24T18:21:13Z,2021-06-01T14:00:52Z,https://api.github.com/repos/BCStudentSoftwareDevTeam/cas/issues/250,https://github.com/BCStudentSoftwareDevTeam/cas/issues/250#issuecomment-852149917
cas,852152266,bryantal,User,2019-05-24T19:14:01Z,2021-06-01T14:03:41Z,https://api.github.com/repos/BCStudentSoftwareDevTeam/cas/issues/301,https://github.com/BCStudentSoftwareDevTeam/cas/issues/301#issuecomment-852152266
cas,852150195,bryantal,User,2019-05-24T19:20:09Z,2021-06-01T14:01:09Z,https://api.github.com/repos/BCStudentSoftwareDevTeam/cas/issues/256,https://github.com/BCStudentSoftwareDevTeam/cas/issues/256#issuecomment-852150195
cas,852153740,bryantal,User,2019-06-03T20:04:22Z,2021-06-01T14:05:37Z,https://api.github.com/repos/BCStudentSoftwareDevTeam/cas/issues/339,https://github.com/BCStudentSoftwareDevTeam/cas/issues/339#issuecomment-852153740
cas,852153641,bryantal,User,2019-06-03T20:31:19Z,2021-06-01T14:05:30Z,https://api.github.com/repos/BCStudentSoftwareDevTeam/cas/issues/336,https://github.com/BCStudentSoftwareDevTeam/cas/issues/336#issuecomment-852153641
cas,852153603,bryantal,User,2019-06-03T20:34:27Z,2021-06-01T14:05:27Z,https://api.github.com/repos/BCStudentSoftwareDevTeam/cas/issues/335,https://github.com/BCStudentSoftwareDevTeam/cas/issues/335#issuecomment-852153603
cas,852153777,bryantal,User,2019-09-25T16:09:39Z,2021-06-01T14:05:40Z,https://api.github.com/repos/BCStudentSoftwareDevTeam/cas/issues/340,https://github.com/BCStudentSoftwareDevTeam/cas/issues/340#issuecomment-852153777
cas,852153812,bryantal,User,2019-09-27T17:54:25Z,2021-06-01T14:05:42Z,https://api.github.com/repos/BCStudentSoftwareDevTeam/cas/issues/341,https://github.com/BCStudentSoftwareDevTeam/cas/issues/341#issuecomment-852153812
cas,852153216,bryantal,User,2019-09-30T20:07:29Z,2021-06-01T14:04:59Z,https://api.github.com/repos/BCStudentSoftwareDevTeam/cas/issues/326,https://github.com/BCStudentSoftwareDevTeam/cas/issues/326#issuecomment-852153216
cas,852153218,bryantal,User,2019-09-30T20:07:59Z,2021-06-01T14:04:59Z,https://api.github.com/repos/BCStudentSoftwareDevTeam/cas/issues/326,https://github.com/BCStudentSoftwareDevTeam/cas/issues/326#issuecomment-852153218
cas,852153814,bryantal,User,2019-11-25T14:51:24Z,2021-06-01T14:05:42Z,https://api.github.com/repos/BCStudentSoftwareDevTeam/cas/issues/341,https://github.com/BCStudentSoftwareDevTeam/cas/issues/341#issuecomment-852153814
cas,852153856,bryantal,User,2019-11-25T14:53:21Z,2021-06-01T14:05:44Z,https://api.github.com/repos/BCStudentSoftwareDevTeam/cas/issues/342,https://github.com/BCStudentSoftwareDevTeam/cas/issues/342#issuecomment-852153856
cas,852153912,bryantal,User,2019-11-25T14:53:48Z,2021-06-01T14:05:48Z,https://api.github.com/repos/BCStudentSoftwareDevTeam/cas/issues/343,https://github.com/BCStudentSoftwareDevTeam/cas/issues/343#issuecomment-852153912
cas,852154013,bryantal,User,2020-01-30T19:58:56Z,2021-06-01T14:05:56Z,https://api.github.com/repos/BCStudentSoftwareDevTeam/cas/issues/346,https://github.com/BCStudentSoftwareDevTeam/cas/issues/346#issuecomment-852154013
cas,852154016,bryantal,User,2020-01-30T20:00:14Z,2021-06-01T14:05:56Z,https://api.github.com/repos/BCStudentSoftwareDevTeam/cas/issues/346,https://github.com/BCStudentSoftwareDevTeam/cas/issues/346#issuecomment-852154016
cas,852154133,bryantal,User,2020-01-30T20:06:38Z,2021-06-01T14:06:05Z,https://api.github.com/repos/BCStudentSoftwareDevTeam/cas/issues/350,https://github.com/BCStudentSoftwareDevTeam/cas/issues/350#issuecomment-852154133
cas,852153605,bryantal,User,2020-01-30T20:25:01Z,2021-06-01T14:05:27Z,https://api.github.com/repos/BCStudentSoftwareDevTeam/cas/issues/335,https://github.com/BCStudentSoftwareDevTeam/cas/issues/335#issuecomment-852153605
cas,852153607,bryantal,User,2020-01-30T20:25:13Z,2021-06-01T14:05:27Z,https://api.github.com/repos/BCStudentSoftwareDevTeam/cas/issues/335,https://github.com/BCStudentSoftwareDevTeam/cas/issues/335#issuecomment-852153607
cas,852154137,bryantal,User,2020-02-05T16:15:57Z,2021-06-01T14:06:05Z,https://api.github.com/repos/BCStudentSoftwareDevTeam/cas/issues/350,https://github.com/BCStudentSoftwareDevTeam/cas/issues/350#issuecomment-852154137
cas,852153916,bryantal,User,2020-02-12T15:14:06Z,2021-06-01T14:05:48Z,https://api.github.com/repos/BCStudentSoftwareDevTeam/cas/issues/343,https://github.com/BCStudentSoftwareDevTeam/cas/issues/343#issuecomment-852153916
cas,852153917,bryantal,User,2020-02-12T15:14:32Z,2021-06-01T14:05:49Z,https://api.github.com/repos/BCStudentSoftwareDevTeam/cas/issues/343,https://github.com/BCStudentSoftwareDevTeam/cas/issues/343#issuecomment-852153917
cas,852152474,bryantal,User,2020-02-12T15:45:27Z,2021-06-01T14:04:00Z,https://api.github.com/repos/BCStudentSoftwareDevTeam/cas/issues/306,https://github.com/BCStudentSoftwareDevTeam/cas/issues/306#issuecomment-852152474
cas,852152477,bryantal,User,2020-02-12T15:45:37Z,2021-06-01T14:04:01Z,https://api.github.com/repos/BCStudentSoftwareDevTeam/cas/issues/306,https://github.com/BCStudentSoftwareDevTeam/cas/issues/306#issuecomment-852152477
cas,852153527,bryantal,User,2020-02-12T15:58:42Z,2021-06-01T14:05:22Z,https://api.github.com/repos/BCStudentSoftwareDevTeam/cas/issues/333,https://github.com/BCStudentSoftwareDevTeam/cas/issues/333#issuecomment-852153527
cas,852153530,bryantal,User,2020-02-12T15:58:56Z,2021-06-01T14:05:22Z,https://api.github.com/repos/BCStudentSoftwareDevTeam/cas/issues/333,https://github.com/BCStudentSoftwareDevTeam/cas/issues/333#issuecomment-852153530
cas,852153484,bryantal,User,2020-02-12T16:04:56Z,2021-06-01T14:05:19Z,https://api.github.com/repos/BCStudentSoftwareDevTeam/cas/issues/332,https://github.com/BCStudentSoftwareDevTeam/cas/issues/332#issuecomment-852153484
cas,852153488,bryantal,User,2020-02-12T16:05:05Z,2021-06-01T14:05:19Z,https://api.github.com/repos/BCStudentSoftwareDevTeam/cas/issues/332,https://github.com/BCStudentSoftwareDevTeam/cas/issues/332#issuecomment-852153488
cas,852154236,bryantal,User,2020-05-20T21:09:50Z,2021-06-01T14:06:12Z,https://api.github.com/repos/BCStudentSoftwareDevTeam/cas/issues/353,https://github.com/BCStudentSoftwareDevTeam/cas/issues/353#issuecomment-852154236
cas,852154354,bryantal,User,2020-06-01T19:24:15Z,2021-06-01T14:06:22Z,https://api.github.com/repos/BCStudentSoftwareDevTeam/cas/issues/356,https://github.com/BCStudentSoftwareDevTeam/cas/issues/356#issuecomment-852154354
cas,852155024,bryantal,User,2021-02-09T16:55:20Z,2021-06-01T14:07:13Z,https://api.github.com/repos/BCStudentSoftwareDevTeam/cas/issues/375,https://github.com/BCStudentSoftwareDevTeam/cas/issues/375#issuecomment-852155024
cas,852155116,bryantal,User,2021-02-10T16:42:54Z,2021-06-01T14:07:22Z,https://api.github.com/repos/BCStudentSoftwareDevTeam/cas/issues/378,https://github.com/BCStudentSoftwareDevTeam/cas/issues/378#issuecomment-852155116
cas,852155062,bryantal,User,2021-02-24T14:07:09Z,2021-06-01T14:07:16Z,https://api.github.com/repos/BCStudentSoftwareDevTeam/cas/issues/376,https://github.com/BCStudentSoftwareDevTeam/cas/issues/376#issuecomment-852155062
cas,852155236,bryantal,User,2021-02-24T14:15:55Z,2021-06-01T14:07:31Z,https://api.github.com/repos/BCStudentSoftwareDevTeam/cas/issues/381,https://github.com/BCStudentSoftwareDevTeam/cas/issues/381#issuecomment-852155236
cas,852155028,bryantal,User,2021-03-02T15:48:29Z,2021-06-01T14:07:14Z,https://api.github.com/repos/BCStudentSoftwareDevTeam/cas/issues/375,https://github.com/BCStudentSoftwareDevTeam/cas/issues/375#issuecomment-852155028
cas,852155196,bryantal,User,2021-03-09T15:07:31Z,2021-06-01T14:07:29Z,https://api.github.com/repos/BCStudentSoftwareDevTeam/cas/issues/380,https://github.com/BCStudentSoftwareDevTeam/cas/issues/380#issuecomment-852155196
cas,852155343,bryantal,User,2021-04-04T15:19:43Z,2021-06-01T14:07:39Z,https://api.github.com/repos/BCStudentSoftwareDevTeam/cas/issues/384,https://github.com/BCStudentSoftwareDevTeam/cas/issues/384#issuecomment-852155343
cas,852155301,bryantal,User,2021-04-05T14:47:26Z,2021-06-01T14:07:36Z,https://api.github.com/repos/BCStudentSoftwareDevTeam/cas/issues/383,https://github.com/BCStudentSoftwareDevTeam/cas/issues/383#issuecomment-852155301
cas,852155410,bryantal,User,2021-04-06T17:37:12Z,2021-06-01T14:07:44Z,https://api.github.com/repos/BCStudentSoftwareDevTeam/cas/issues/385,https://github.com/BCStudentSoftwareDevTeam/cas/issues/385#issuecomment-852155410
cas,852155085,bryantal,User,2021-04-13T15:09:17Z,2021-06-01T14:07:19Z,https://api.github.com/repos/BCStudentSoftwareDevTeam/cas/issues/377,https://github.com/BCStudentSoftwareDevTeam/cas/issues/377#issuecomment-852155085
cas,852154831,bryantal,User,2021-05-03T19:16:52Z,2021-06-01T14:06:58Z,https://api.github.com/repos/BCStudentSoftwareDevTeam/cas/issues/370,https://github.com/BCStudentSoftwareDevTeam/cas/issues/370#issuecomment-852154831
cas,852154764,bryantal,User,2021-05-04T14:57:53Z,2021-06-01T14:06:53Z,https://api.github.com/repos/BCStudentSoftwareDevTeam/cas/issues/368,https://github.com/BCStudentSoftwareDevTeam/cas/issues/368#issuecomment-852154764
cas,852154797,bryantal,User,2021-05-04T16:25:59Z,2021-06-01T14:06:56Z,https://api.github.com/repos/BCStudentSoftwareDevTeam/cas/issues/369,https://github.com/BCStudentSoftwareDevTeam/cas/issues/369#issuecomment-852154797
cas,852154801,bryantal,User,2021-05-04T16:27:02Z,2021-06-01T14:06:56Z,https://api.github.com/repos/BCStudentSoftwareDevTeam/cas/issues/369,https://github.com/BCStudentSoftwareDevTeam/cas/issues/369#issuecomment-852154801
cas,852154710,bryantal,User,2021-05-10T15:29:47Z,2021-06-01T14:06:48Z,https://api.github.com/repos/BCStudentSoftwareDevTeam/cas/issues/366,https://github.com/BCStudentSoftwareDevTeam/cas/issues/366#issuecomment-852154710
cas,852154614,bryantal,User,2021-05-10T15:48:53Z,2021-06-01T14:06:41Z,https://api.github.com/repos/BCStudentSoftwareDevTeam/cas/issues/363,https://github.com/BCStudentSoftwareDevTeam/cas/issues/363#issuecomment-852154614
cas,852154618,bryantal,User,2021-05-10T15:49:13Z,2021-06-01T14:06:41Z,https://api.github.com/repos/BCStudentSoftwareDevTeam/cas/issues/363,https://github.com/BCStudentSoftwareDevTeam/cas/issues/363#issuecomment-852154618
cas,852154642,bryantal,User,2021-05-10T16:25:41Z,2021-06-01T14:06:43Z,https://api.github.com/repos/BCStudentSoftwareDevTeam/cas/issues/364,https://github.com/BCStudentSoftwareDevTeam/cas/issues/364#issuecomment-852154642
cas,852154391,bryantal,User,2021-05-11T16:17:43Z,2021-06-01T14:06:24Z,https://api.github.com/repos/BCStudentSoftwareDevTeam/cas/issues/357,https://github.com/BCStudentSoftwareDevTeam/cas/issues/357#issuecomment-852154391
cas,853262474,bryantal,User,2021-06-02T17:57:17Z,2021-06-02T17:57:17Z,https://api.github.com/repos/BCStudentSoftwareDevTeam/cas/issues/361,https://github.com/BCStudentSoftwareDevTeam/cas/issues/361#issuecomment-853262474
cas,853266297,bryantal,User,2021-06-02T18:01:42Z,2021-06-02T18:01:42Z,https://api.github.com/repos/BCStudentSoftwareDevTeam/cas/issues/387,https://github.com/BCStudentSoftwareDevTeam/cas/pull/387#issuecomment-853266297
cas,853332278,escalerapadronl,User,2021-06-02T19:39:12Z,2021-06-02T19:39:12Z,https://api.github.com/repos/BCStudentSoftwareDevTeam/cas/issues/312,https://github.com/BCStudentSoftwareDevTeam/cas/issues/312#issuecomment-853332278
cas,853395068,Sandesh-L,User,2021-06-02T21:27:31Z,2021-06-02T21:27:31Z,https://api.github.com/repos/BCStudentSoftwareDevTeam/cas/issues/334,https://github.com/BCStudentSoftwareDevTeam/cas/issues/334#issuecomment-853395068
cas,853937370,Ebenezer997,User,2021-06-03T15:00:27Z,2021-06-03T15:00:27Z,https://api.github.com/repos/BCStudentSoftwareDevTeam/cas/issues/373,https://github.com/BCStudentSoftwareDevTeam/cas/issues/373#issuecomment-853937370
cas,853940900,tylerpar99,User,2021-06-03T15:05:05Z,2021-06-03T15:05:05Z,https://api.github.com/repos/BCStudentSoftwareDevTeam/cas/issues/334,https://github.com/BCStudentSoftwareDevTeam/cas/issues/334#issuecomment-853940900
cas,854038983,Sandesh-L,User,2021-06-03T17:12:16Z,2021-06-03T17:12:16Z,https://api.github.com/repos/BCStudentSoftwareDevTeam/cas/issues/390,https://github.com/BCStudentSoftwareDevTeam/cas/issues/390#issuecomment-854038983
cas,854740352,zachneill,User,2021-06-04T13:53:21Z,2021-06-04T13:53:21Z,https://api.github.com/repos/BCStudentSoftwareDevTeam/cas/issues/392,https://github.com/BCStudentSoftwareDevTeam/cas/pull/392#issuecomment-854740352
cas,854745725,Sandesh-L,User,2021-06-04T14:01:31Z,2021-06-04T14:01:31Z,https://api.github.com/repos/BCStudentSoftwareDevTeam/cas/issues/393,https://github.com/BCStudentSoftwareDevTeam/cas/issues/393#issuecomment-854745725
cas,855423703,sheggen,User,2021-06-06T16:18:33Z,2021-06-06T16:18:33Z,https://api.github.com/repos/BCStudentSoftwareDevTeam/cas/issues/373,https://github.com/BCStudentSoftwareDevTeam/cas/issues/373#issuecomment-855423703
cas,856253404,escalerapadronl,User,2021-06-07T20:59:38Z,2021-06-07T20:59:38Z,https://api.github.com/repos/BCStudentSoftwareDevTeam/cas/issues/338,https://github.com/BCStudentSoftwareDevTeam/cas/issues/338#issuecomment-856253404
cas,856254781,zachneill,User,2021-06-07T21:02:02Z,2021-06-07T21:02:02Z,https://api.github.com/repos/BCStudentSoftwareDevTeam/cas/issues/396,https://github.com/BCStudentSoftwareDevTeam/cas/pull/396#issuecomment-856254781
cas,856255256,Sandesh-L,User,2021-06-07T21:02:59Z,2021-06-07T21:02:59Z,https://api.github.com/repos/BCStudentSoftwareDevTeam/cas/issues/281,https://github.com/BCStudentSoftwareDevTeam/cas/issues/281#issuecomment-856255256
cas,856282296,zachneill,User,2021-06-07T21:38:08Z,2021-06-07T21:38:08Z,https://api.github.com/repos/BCStudentSoftwareDevTeam/cas/issues/398,https://github.com/BCStudentSoftwareDevTeam/cas/pull/398#issuecomment-856282296
cas,856846390,bryantal,User,2021-06-08T15:02:27Z,2021-06-08T15:02:27Z,https://api.github.com/repos/BCStudentSoftwareDevTeam/cas/issues/367,https://github.com/BCStudentSoftwareDevTeam/cas/issues/367#issuecomment-856846390
cas,857024141,sreynit02,User,2021-06-08T19:06:55Z,2021-06-08T19:08:09Z,https://api.github.com/repos/BCStudentSoftwareDevTeam/cas/issues/362,https://github.com/BCStudentSoftwareDevTeam/cas/issues/362#issuecomment-857024141
cas,857024869,Karina-Agliullova,User,2021-06-08T19:07:43Z,2021-06-08T19:07:43Z,https://api.github.com/repos/BCStudentSoftwareDevTeam/cas/issues/358,https://github.com/BCStudentSoftwareDevTeam/cas/issues/358#issuecomment-857024869
cas,857025242,gastonjarju,User,2021-06-08T19:08:07Z,2021-06-08T19:11:35Z,https://api.github.com/repos/BCStudentSoftwareDevTeam/cas/issues/371,https://github.com/BCStudentSoftwareDevTeam/cas/issues/371#issuecomment-857025242
cas,857779714,bryantal,User,2021-06-09T15:06:57Z,2021-06-09T15:06:57Z,https://api.github.com/repos/BCStudentSoftwareDevTeam/cas/issues/393,https://github.com/BCStudentSoftwareDevTeam/cas/issues/393#issuecomment-857779714
cas,857780169,bryantal,User,2021-06-09T15:07:10Z,2021-06-09T15:07:10Z,https://api.github.com/repos/BCStudentSoftwareDevTeam/cas/issues/354,https://github.com/BCStudentSoftwareDevTeam/cas/issues/354#issuecomment-857780169
cas,857791515,bryantal,User,2021-06-09T15:15:36Z,2021-06-09T15:15:36Z,https://api.github.com/repos/BCStudentSoftwareDevTeam/cas/issues/352,https://github.com/BCStudentSoftwareDevTeam/cas/issues/352#issuecomment-857791515
cas,857877633,sanginovs,User,2021-06-09T17:10:18Z,2021-06-09T17:10:18Z,https://api.github.com/repos/BCStudentSoftwareDevTeam/cas/issues/316,https://github.com/BCStudentSoftwareDevTeam/cas/issues/316#issuecomment-857877633
cas,857892763,zachneill,User,2021-06-09T17:30:46Z,2021-06-09T17:30:46Z,https://api.github.com/repos/BCStudentSoftwareDevTeam/cas/issues/404,https://github.com/BCStudentSoftwareDevTeam/cas/pull/404#issuecomment-857892763
cas,857953241,bryantal,User,2021-06-09T18:29:03Z,2021-06-09T18:29:03Z,https://api.github.com/repos/BCStudentSoftwareDevTeam/cas/issues/316,https://github.com/BCStudentSoftwareDevTeam/cas/issues/316#issuecomment-857953241
cas,858014503,bryantal,User,2021-06-09T19:07:30Z,2021-06-09T19:07:30Z,https://api.github.com/repos/BCStudentSoftwareDevTeam/cas/issues/347,https://github.com/BCStudentSoftwareDevTeam/cas/issues/347#issuecomment-858014503
cas,858015666,bryantal,User,2021-06-09T19:08:36Z,2021-06-09T19:08:36Z,https://api.github.com/repos/BCStudentSoftwareDevTeam/cas/issues/344,https://github.com/BCStudentSoftwareDevTeam/cas/issues/344#issuecomment-858015666
cas,858016643,bryantal,User,2021-06-09T19:09:40Z,2021-06-09T19:09:40Z,https://api.github.com/repos/BCStudentSoftwareDevTeam/cas/issues/342,https://github.com/BCStudentSoftwareDevTeam/cas/issues/342#issuecomment-858016643
cas,858042802,bryantal,User,2021-06-09T19:43:23Z,2021-06-09T19:43:23Z,https://api.github.com/repos/BCStudentSoftwareDevTeam/cas/issues/342,https://github.com/BCStudentSoftwareDevTeam/cas/issues/342#issuecomment-858042802
cas,858723002,bryantal,User,2021-06-10T15:31:27Z,2021-06-10T15:31:27Z,https://api.github.com/repos/BCStudentSoftwareDevTeam/cas/issues/403,https://github.com/BCStudentSoftwareDevTeam/cas/issues/403#issuecomment-858723002
cas,858723100,bryantal,User,2021-06-10T15:31:34Z,2021-06-10T15:31:34Z,https://api.github.com/repos/BCStudentSoftwareDevTeam/cas/issues/408,https://github.com/BCStudentSoftwareDevTeam/cas/issues/408#issuecomment-858723100
cas,858731343,bryantal,User,2021-06-10T15:42:11Z,2021-06-10T15:42:11Z,https://api.github.com/repos/BCStudentSoftwareDevTeam/cas/issues/409,https://github.com/BCStudentSoftwareDevTeam/cas/issues/409#issuecomment-858731343
cas,858824788,zachneill,User,2021-06-10T17:36:24Z,2021-06-10T17:36:24Z,https://api.github.com/repos/BCStudentSoftwareDevTeam/cas/issues/410,https://github.com/BCStudentSoftwareDevTeam/cas/issues/410#issuecomment-858824788
cas,859897570,Sandesh-L,User,2021-06-11T20:35:15Z,2021-06-11T20:35:15Z,https://api.github.com/repos/BCStudentSoftwareDevTeam/cas/issues/414,https://github.com/BCStudentSoftwareDevTeam/cas/issues/414#issuecomment-859897570
cas,859900067,Sandesh-L,User,2021-06-11T20:40:38Z,2021-06-11T20:40:38Z,https://api.github.com/repos/BCStudentSoftwareDevTeam/cas/issues/352,https://github.com/BCStudentSoftwareDevTeam/cas/issues/352#issuecomment-859900067
cas,933498383,sheggen,User,2021-10-04T13:41:05Z,2021-10-04T13:41:05Z,https://api.github.com/repos/BCStudentSoftwareDevTeam/cas/issues/57,https://github.com/BCStudentSoftwareDevTeam/cas/issues/57#issuecomment-933498383
cas,971923274,bryantal,User,2021-11-17T19:56:12Z,2021-11-17T19:56:12Z,https://api.github.com/repos/BCStudentSoftwareDevTeam/cas/issues/418,https://github.com/BCStudentSoftwareDevTeam/cas/issues/418#issuecomment-971923274
cas,973011562,bryantal,User,2021-11-18T16:10:41Z,2021-11-18T16:10:41Z,https://api.github.com/repos/BCStudentSoftwareDevTeam/cas/issues/334,https://github.com/BCStudentSoftwareDevTeam/cas/issues/334#issuecomment-973011562
cas,1027275876,sreynit02,User,2022-02-01T20:52:49Z,2022-02-01T20:52:49Z,https://api.github.com/repos/BCStudentSoftwareDevTeam/cas/issues/420,https://github.com/BCStudentSoftwareDevTeam/cas/pull/420#issuecomment-1027275876
cas,2361173228,sheggen,User,2024-09-19T14:33:34Z,2024-09-19T14:33:34Z,https://api.github.com/repos/BCStudentSoftwareDevTeam/cas/issues/410,https://github.com/BCStudentSoftwareDevTeam/cas/issues/410#issuecomment-2361173228
cas,2427731389,hoerstl,User,2024-10-21T21:14:15Z,2024-10-21T21:14:15Z,https://api.github.com/repos/BCStudentSoftwareDevTeam/cas/issues/434,https://github.com/BCStudentSoftwareDevTeam/cas/pull/434#issuecomment-2427731389
cas,2471626192,Karina-Agliullova,User,2024-11-12T21:31:48Z,2024-11-12T21:31:48Z,https://api.github.com/repos/BCStudentSoftwareDevTeam/cas/issues/434,https://github.com/BCStudentSoftwareDevTeam/cas/pull/434#issuecomment-2471626192
cas,3618113026,sheggen,User,2025-12-05T18:46:59Z,2025-12-05T18:46:59Z,https://api.github.com/repos/BCStudentSoftwareDevTeam/cas/issues/354,https://github.com/BCStudentSoftwareDevTeam/cas/issues/354#issuecomment-3618113026
cas,3910347600,Karina-Agliullova,User,2026-02-16T20:09:49Z,2026-02-16T20:09:49Z,https://api.github.com/repos/BCStudentSoftwareDevTeam/cas/issues/435,https://github.com/BCStudentSoftwareDevTeam/cas/issues/435#issuecomment-3910347600
