repo,number,title,author,author_type,state,created_at,updated_at,closed_at,comments_count,html_url,days_to_close
celts,1,Admin Event Management,bryantal,User,closed,2021-06-11 18:27:53+00:00,2021-08-09T12:51:55Z,2021-08-09 12:51:54+00:00,1,https://github.com/BCStudentSoftwareDevTeam/celts/issues/1,58.76667824074074
celts,3,Event Management Form,bryantal,User,closed,2021-06-11 18:59:59+00:00,2021-11-09T15:53:47Z,2021-11-09 15:53:47+00:00,1,https://github.com/BCStudentSoftwareDevTeam/celts/issues/3,150.87069444444444
celts,4,Student Search Page,bryantal,User,closed,2021-06-11 19:48:56+00:00,2021-08-05T18:54:38Z,2021-08-05 18:54:38+00:00,1,https://github.com/BCStudentSoftwareDevTeam/celts/issues/4,54.962291666666665
celts,5,Volunteer Profile (Admin View),bryantal,User,closed,2021-06-14 03:43:59+00:00,2022-05-04T15:38:46Z,2022-05-04 15:38:46+00:00,1,https://github.com/BCStudentSoftwareDevTeam/celts/issues/5,324.4963773148148
celts,6,Volunteer Profile Page,bryantal,User,closed,2021-06-14 04:56:39+00:00,2021-11-09T15:56:05Z,2021-11-09 15:56:05+00:00,1,https://github.com/BCStudentSoftwareDevTeam/celts/issues/6,148.4579398148148
celts,7,Volunteer Event Management,bryantal,User,closed,2021-06-14 12:00:31+00:00,2021-11-09T15:56:22Z,2021-11-09 15:56:22+00:00,1,https://github.com/BCStudentSoftwareDevTeam/celts/issues/7,148.16378472222223
celts,8,Event Form (Volunteer View),bryantal,User,closed,2021-06-14 12:04:51+00:00,2021-09-17T15:20:24Z,2021-09-17 15:20:24+00:00,1,https://github.com/BCStudentSoftwareDevTeam/celts/issues/8,95.13579861111111
celts,9,Faculty Service Learning Course Management,bryantal,User,closed,2021-06-14 12:36:34+00:00,2022-07-18T17:27:31Z,2022-07-18 17:27:31+00:00,2,https://github.com/BCStudentSoftwareDevTeam/celts/issues/9,399.20204861111114
celts,10,Email Templates Modal,bryantal,User,closed,2021-06-14 12:46:55+00:00,2022-06-27T15:32:38Z,2022-06-27 15:32:38+00:00,3,https://github.com/BCStudentSoftwareDevTeam/celts/issues/10,378.11508101851854
celts,11,Bootstrap 5 Transition,romano-w,User,closed,2021-06-14 16:26:11+00:00,2021-06-23T15:42:41Z,2021-06-23 15:42:41+00:00,1,https://github.com/BCStudentSoftwareDevTeam/celts/issues/11,8.969791666666667
celts,12,Issue 3.8.1,Karina-Agliullova,User,closed,2021-06-14 17:56:33+00:00,2021-08-05T19:10:32Z,2021-08-05 19:10:32+00:00,0,https://github.com/BCStudentSoftwareDevTeam/celts/issues/12,52.051377314814815
celts,13,Issue 3.8,Sandesh-L,User,closed,2021-06-14 17:58:05+00:00,2021-08-05T19:10:32Z,2021-08-05 19:10:32+00:00,0,https://github.com/BCStudentSoftwareDevTeam/celts/issues/13,52.0503125
celts,14,3.7,tylerpar99,User,closed,2021-06-14 18:05:18+00:00,2021-07-30T17:29:06Z,2021-07-30 17:29:06+00:00,0,https://github.com/BCStudentSoftwareDevTeam/celts/issues/14,45.97486111111111
celts,15,Need distinction between what is a prerequisite for a program and an event of a program,Sandesh-L,User,closed,2021-06-15 20:06:00+00:00,2021-07-30T17:25:13Z,2021-07-30 17:25:13+00:00,0,https://github.com/BCStudentSoftwareDevTeam/celts/issues/15,44.88834490740741
celts,16,Create login management,escalerapadronl,User,closed,2021-06-16 14:03:36+00:00,2021-08-05T19:10:32Z,2021-08-05 19:10:32+00:00,0,https://github.com/BCStudentSoftwareDevTeam/celts/issues/16,50.21314814814815
celts,18,3.9 The user must be able to view upcoming events,Sandesh-L,User,closed,2021-06-16 15:13:30+00:00,2021-07-30T17:25:37Z,2021-07-30 17:25:37+00:00,0,https://github.com/BCStudentSoftwareDevTeam/celts/issues/18,44.09174768518518
celts,21,Issue 3.10,zachneill,User,closed,2021-06-17 18:38:02+00:00,2021-08-05T19:10:32Z,2021-08-05 19:10:32+00:00,0,https://github.com/BCStudentSoftwareDevTeam/celts/issues/21,49.02256944444444
celts,22,Fix sticky footer spacing and make responsive,romano-w,User,closed,2021-06-18 17:49:47+00:00,2021-06-24T18:21:30Z,2021-06-24 18:21:30+00:00,0,https://github.com/BCStudentSoftwareDevTeam/celts/issues/22,6.022025462962963
celts,23,Make base templates responsive,romano-w,User,closed,2021-06-18 17:51:47+00:00,2021-06-28T15:04:22Z,2021-06-28 15:04:22+00:00,0,https://github.com/BCStudentSoftwareDevTeam/celts/issues/23,9.883738425925927
celts,24,Celts Frontend Style Guide,romano-w,User,closed,2021-06-18 17:54:54+00:00,2022-07-18T17:29:24Z,2022-07-18 17:29:24+00:00,2,https://github.com/BCStudentSoftwareDevTeam/celts/issues/24,394.98229166666664
celts,27,Volunteer must be able to record hours/attendance,sreynit02,User,closed,2021-06-18 19:46:07+00:00,2021-11-09T15:58:42Z,2021-11-09 15:58:42+00:00,0,https://github.com/BCStudentSoftwareDevTeam/celts/issues/27,143.84207175925926
celts,28,1.1 Create an event,Sandesh-L,User,closed,2021-06-18 20:40:04+00:00,2021-07-30T17:26:55Z,2021-07-30 17:26:55+00:00,0,https://github.com/BCStudentSoftwareDevTeam/celts/issues/28,41.86586805555555
celts,30,1.2.0.1,tylerpar99,User,closed,2021-06-21 19:48:16+00:00,2021-08-05T19:10:33Z,2021-08-05 19:10:33+00:00,0,https://github.com/BCStudentSoftwareDevTeam/celts/issues/30,44.97380787037037
celts,34,Footer breaks on small screen sizes,romano-w,User,closed,2021-06-27 17:12:02+00:00,2021-09-14T18:10:29Z,2021-09-14 18:10:29+00:00,1,https://github.com/BCStudentSoftwareDevTeam/celts/issues/34,79.04059027777778
celts,39,SRS 1.2.2,tylerpar99,User,closed,2021-07-07 18:05:31+00:00,2021-08-05T19:10:33Z,2021-08-05 19:10:33+00:00,0,https://github.com/BCStudentSoftwareDevTeam/celts/issues/39,29.045162037037038
celts,40,Add File Upload To Event Creation,bryantal,User,closed,2021-07-09 18:29:18+00:00,2022-08-01T14:15:00Z,2022-08-01 14:15:00+00:00,2,https://github.com/BCStudentSoftwareDevTeam/celts/issues/40,387.8234027777778
celts,41,Add Recurring Event Feature To Event Management,bryantal,User,closed,2021-07-09 18:33:34+00:00,2021-08-05T19:10:33Z,2021-08-05 19:10:33+00:00,0,https://github.com/BCStudentSoftwareDevTeam/celts/issues/41,27.02568287037037
celts,42,1.2.3 Track attendance and service hours of volunteers,gastonjarju,User,closed,2021-07-09 19:29:25+00:00,2021-07-30T17:26:13Z,2021-07-30 17:26:13+00:00,0,https://github.com/BCStudentSoftwareDevTeam/celts/issues/42,20.914444444444445
celts,43,1.2.5,tylerpar99,User,closed,2021-07-12 19:49:50+00:00,2021-07-30T17:29:33Z,2021-07-30 17:29:33+00:00,0,https://github.com/BCStudentSoftwareDevTeam/celts/issues/43,17.902581018518518
celts,45,Create warning label for Track Hourse Page.,tylerpar99,User,closed,2021-07-14 14:12:36+00:00,2021-10-28T14:20:45Z,2021-10-28 14:20:45+00:00,0,https://github.com/BCStudentSoftwareDevTeam/celts/issues/45,106.00565972222222
celts,46,Add Recurring Event to the Create Event Page,gastonjarju,User,closed,2021-07-14 19:51:34+00:00,2021-07-30T17:26:23Z,2021-07-30 17:26:23+00:00,0,https://github.com/BCStudentSoftwareDevTeam/celts/issues/46,15.89917824074074
celts,49,Admin should have the ability to create events up to 2 years in advance.,tylerpar99,User,closed,2021-07-15 16:11:12+00:00,2021-08-05T19:10:33Z,2021-08-05 19:10:33+00:00,0,https://github.com/BCStudentSoftwareDevTeam/celts/issues/49,21.124548611111113
celts,51,CELTS should have ability to use Kiosk Mode.,tylerpar99,User,closed,2021-07-15 19:08:44+00:00,2021-08-05T19:10:34Z,2021-08-05 19:10:34+00:00,0,https://github.com/BCStudentSoftwareDevTeam/celts/issues/51,21.001273148148147
celts,56,New Create Event Interface,bryantal,User,closed,2021-07-22 14:55:12+00:00,2021-11-09T15:59:11Z,2021-11-09 15:59:11+00:00,0,https://github.com/BCStudentSoftwareDevTeam/celts/issues/56,110.04443287037037
celts,61,Admin Event Management Page,sreynit02,User,closed,2021-07-27 14:26:05+00:00,2021-07-27T14:41:12Z,2021-07-27 14:40:08+00:00,1,https://github.com/BCStudentSoftwareDevTeam/celts/issues/61,0.009756944444444445
celts,63,Navbar student search should lead to the student search page,Sandesh-L,User,closed,2021-07-29 14:38:40+00:00,2021-07-30T17:26:43Z,2021-07-30 17:26:42+00:00,0,https://github.com/BCStudentSoftwareDevTeam/celts/issues/63,1.1166898148148148
celts,64,Adding Term Dropdown on Event Management Page,sreynit02,User,closed,2021-07-29 17:38:28+00:00,2021-07-30T17:13:48Z,2021-07-30 17:13:47+00:00,2,https://github.com/BCStudentSoftwareDevTeam/celts/issues/64,0.9828587962962962
celts,67,The show upcoming events page currently has no styling.,Sandesh-L,User,closed,2021-07-30 17:34:42+00:00,2021-09-17T15:17:18Z,2021-09-17 15:17:18+00:00,3,https://github.com/BCStudentSoftwareDevTeam/celts/issues/67,48.904583333333335
celts,68,Volunteer Event Form View,bryantal,User,closed,2021-08-02 13:45:38+00:00,2021-08-05T19:10:34Z,2021-08-05 19:10:34+00:00,1,https://github.com/BCStudentSoftwareDevTeam/celts/issues/68,3.225648148148148
celts,69,Track Volunteer page and edit event page should be connected by nav pills.,Sandesh-L,User,closed,2021-08-03 20:15:08+00:00,2021-08-06T12:58:37Z,2021-08-06 12:58:37+00:00,0,https://github.com/BCStudentSoftwareDevTeam/celts/issues/69,2.696863425925926
celts,71,Admins should be able to look at and edit any events. Don't let them create past events though.,Sandesh-L,User,closed,2021-08-04 13:18:11+00:00,2021-08-06T12:58:37Z,2021-08-06 12:58:37+00:00,0,https://github.com/BCStudentSoftwareDevTeam/celts/issues/71,1.986412037037037
celts,74,Fix-mes,gastonjarju,User,closed,2021-08-05 19:17:54+00:00,2021-08-20T17:43:00Z,2021-08-20 17:43:00+00:00,0,https://github.com/BCStudentSoftwareDevTeam/celts/issues/74,14.934097222222222
celts,76,Faculty Create Service Learning Course Proposals,bryantal,User,closed,2021-08-17 14:27:55+00:00,2021-12-10T17:20:40Z,2021-12-08 18:45:56+00:00,5,https://github.com/BCStudentSoftwareDevTeam/celts/issues/76,113.17917824074074
celts,77,Change to Note Model to Support Notes on Courses,bryantal,User,closed,2021-08-17 16:32:30+00:00,2021-10-07T17:16:15Z,2021-10-07 17:16:15+00:00,1,https://github.com/BCStudentSoftwareDevTeam/celts/issues/77,51.03038194444444
celts,78,Table To View All Service Learning Course Proposals,bryantal,User,closed,2021-08-17 17:02:25+00:00,2021-09-14T18:07:12Z,2021-09-14 18:07:12+00:00,1,https://github.com/BCStudentSoftwareDevTeam/celts/issues/78,28.044988425925926
celts,79,Faculty Edit Service Learning Course Proposals,bryantal,User,closed,2021-08-17 17:07:03+00:00,2022-05-04T15:39:29Z,2022-05-04 15:39:29+00:00,3,https://github.com/BCStudentSoftwareDevTeam/celts/issues/79,259.9391898148148
celts,80,Faculty Delete Service Learning Course Proposals,bryantal,User,closed,2021-08-17 17:09:28+00:00,2022-05-04T18:11:03Z,2022-05-04 18:11:03+00:00,2,https://github.com/BCStudentSoftwareDevTeam/celts/issues/80,260.0427662037037
celts,81,Combine Volunteer Profile,bryantal,User,closed,2021-08-18 13:33:43+00:00,2021-09-14T18:06:10Z,2021-09-14 18:06:10+00:00,1,https://github.com/BCStudentSoftwareDevTeam/celts/issues/81,27.18920138888889
celts,82,Landing Page,bryantal,User,closed,2021-08-18 14:19:37+00:00,2021-09-17T14:54:35Z,2021-09-17 14:54:35+00:00,2,https://github.com/BCStudentSoftwareDevTeam/celts/issues/82,30.02428240740741
celts,83,Navbar Routes,bryantal,User,closed,2021-08-18 14:51:18+00:00,2021-09-02T14:02:40Z,2021-09-02 14:02:40+00:00,2,https://github.com/BCStudentSoftwareDevTeam/celts/issues/83,14.966226851851852
celts,85,Volunteer Profile (Admin View),gastonjarju,User,closed,2021-08-20 14:30:56+00:00,2021-08-20T14:31:12Z,2021-08-20 14:31:12+00:00,0,https://github.com/BCStudentSoftwareDevTeam/celts/issues/85,0.00018518518518518518
celts,88,Add RSVP Option to Volunteer Upcoming Events,bryantal,User,closed,2021-08-23 13:47:16+00:00,2021-08-24T22:02:19Z,2021-08-24 22:02:19+00:00,1,https://github.com/BCStudentSoftwareDevTeam/celts/issues/88,1.3437847222222221
celts,89,Volunteer Upcoming Events Link to Event,bryantal,User,closed,2021-08-23 14:40:10+00:00,2021-09-17T15:15:39Z,2021-09-17 15:15:39+00:00,2,https://github.com/BCStudentSoftwareDevTeam/celts/issues/89,25.024641203703705
celts,92,Imports Missing from Create Events Page.,tylerpar99,User,closed,2021-08-23 17:33:02+00:00,2021-09-14T18:09:25Z,2021-09-14 18:09:25+00:00,0,https://github.com/BCStudentSoftwareDevTeam/celts/issues/92,22.025266203703705
celts,95,Delete Event Not Redirecting,bryantal,User,closed,2021-08-26 19:44:25+00:00,2021-08-30T17:25:45Z,2021-08-30 17:25:45+00:00,2,https://github.com/BCStudentSoftwareDevTeam/celts/issues/95,3.903703703703704
celts,96,Volunteer Service Transcript Interface,bryantal,User,closed,2021-08-26 19:55:33+00:00,2021-10-29T20:31:26Z,2021-10-29 20:31:26+00:00,1,https://github.com/BCStudentSoftwareDevTeam/celts/issues/96,64.02491898148148
celts,99,Admin Email Volunteer After Event Creation,bryantal,User,closed,2021-08-27 17:47:53+00:00,2022-05-04T18:12:54Z,2022-05-04 18:12:54+00:00,1,https://github.com/BCStudentSoftwareDevTeam/celts/issues/99,250.0173726851852
celts,100,Refactor Volunteer View of Event Form,bryantal,User,closed,2021-08-27 20:27:17+00:00,2021-09-14T18:08:14Z,2021-09-14 18:08:14+00:00,1,https://github.com/BCStudentSoftwareDevTeam/celts/issues/100,17.9034375
celts,101,Volunteer Indicate Interest Switches Not Updating,bryantal,User,closed,2021-08-30 14:13:40+00:00,2021-09-14T18:07:48Z,2021-09-14 18:07:48+00:00,1,https://github.com/BCStudentSoftwareDevTeam/celts/issues/101,15.162592592592592
celts,104,Update Flash Messages,bryantal,User,closed,2021-09-01 18:39:04+00:00,2021-09-14T17:36:07Z,2021-09-14 17:36:07+00:00,1,https://github.com/BCStudentSoftwareDevTeam/celts/issues/104,12.956284722222222
celts,105,Volunteer Remove RSVP Error,bryantal,User,closed,2021-09-01 18:52:38+00:00,2021-09-14T18:08:34Z,2021-09-14 18:08:34+00:00,1,https://github.com/BCStudentSoftwareDevTeam/celts/issues/105,12.969398148148148
celts,108,Sidebar Breaks on Smaller Screens,bryantal,User,closed,2021-09-03 20:14:57+00:00,2021-09-17T14:52:50Z,2021-09-17 14:52:50+00:00,1,https://github.com/BCStudentSoftwareDevTeam/celts/issues/108,13.77630787037037
celts,109,Link to Kiosk Mode On Event Page,bryantal,User,closed,2021-09-07 14:07:02+00:00,2021-09-17T15:15:04Z,2021-09-17 15:15:04+00:00,1,https://github.com/BCStudentSoftwareDevTeam/celts/issues/109,10.047245370370371
celts,113,Check for volunteer RSVP status doesn't work correctly,bryantal,User,closed,2021-09-10 13:01:34+00:00,2021-10-07T17:13:06Z,2021-10-07 17:13:06+00:00,1,https://github.com/BCStudentSoftwareDevTeam/celts/issues/113,27.174675925925925
celts,114,Clean Up Test Data,bryantal,User,closed,2021-09-13 13:47:21+00:00,2021-11-09T16:02:23Z,2021-11-09 16:02:23+00:00,1,https://github.com/BCStudentSoftwareDevTeam/celts/issues/114,57.093773148148145
celts,116,Add RSVP status column to upcoming events table,Ebenezer997,User,closed,2021-09-13 14:26:59+00:00,2021-11-09T16:19:02Z,2021-11-09 16:19:02+00:00,2,https://github.com/BCStudentSoftwareDevTeam/celts/issues/116,57.0778125
celts,117,CELTS Admin Manage Service Learning Courses,bryantal,User,closed,2021-09-13 20:42:56+00:00,2022-05-04T18:11:41Z,2022-05-04 18:11:41+00:00,3,https://github.com/BCStudentSoftwareDevTeam/celts/issues/117,232.89496527777777
celts,119,Clean Up the Sidebar ,hmanalai,User,closed,2021-09-14 20:58:20+00:00,2021-09-17T15:14:31Z,2021-09-17 15:14:31+00:00,0,https://github.com/BCStudentSoftwareDevTeam/celts/issues/119,2.7612384259259257
celts,124,Create Contributors Page,bryantal,User,closed,2021-09-20 14:16:14+00:00,2021-09-28T18:49:21Z,2021-09-28 18:49:21+00:00,1,https://github.com/BCStudentSoftwareDevTeam/celts/issues/124,8.189664351851851
celts,127,CELTS Manage Service Learning Faculty,bryantal,User,closed,2021-09-22 18:11:39+00:00,2022-05-04T18:12:14Z,2022-05-04 18:12:14+00:00,1,https://github.com/BCStudentSoftwareDevTeam/celts/issues/127,224.0004050925926
celts,128,Add Link To Profile On Sidebar,bryantal,User,closed,2021-09-22 19:52:53+00:00,2021-10-07T17:12:21Z,2021-10-07 17:12:21+00:00,1,https://github.com/BCStudentSoftwareDevTeam/celts/issues/128,14.888518518518518
celts,129,Term Management Page,bryantal,User,closed,2021-09-24 14:34:21+00:00,2021-10-28T14:19:45Z,2021-10-28 14:19:45+00:00,1,https://github.com/BCStudentSoftwareDevTeam/celts/issues/129,33.98986111111111
celts,130,Admin User Management,bryantal,User,closed,2021-09-24 21:49:55+00:00,2021-11-09T16:16:08Z,2021-11-09 16:16:08+00:00,1,https://github.com/BCStudentSoftwareDevTeam/celts/issues/130,45.76820601851852
celts,135,Event List Rework,bryantal,User,closed,2021-09-30 15:12:56+00:00,2021-11-09T16:16:16Z,2021-11-09 16:16:16+00:00,1,https://github.com/BCStudentSoftwareDevTeam/celts/issues/135,40.04398148148148
celts,137,links for admin service learning courses management buttons,MayJue,User,closed,2021-09-30 17:19:06+00:00,2022-08-01T17:08:22Z,2022-08-01 17:08:22+00:00,0,https://github.com/BCStudentSoftwareDevTeam/celts/issues/137,304.99254629629627
celts,138,Events With No Program in Event List,bryantal,User,closed,2021-09-30 18:50:46+00:00,2022-07-05T19:47:30Z,2022-07-05 19:47:30+00:00,3,https://github.com/BCStudentSoftwareDevTeam/celts/issues/138,278.03939814814817
celts,139,Change to Track Volunteers Add Volunteers Button,bryantal,User,closed,2021-10-01 14:49:32+00:00,2022-06-14T19:21:37Z,2022-06-14 19:21:37+00:00,2,https://github.com/BCStudentSoftwareDevTeam/celts/issues/139,256.18894675925924
celts,140,No Back Button on the Kiosk Page,bryantal,User,closed,2021-10-01 14:52:35+00:00,2021-10-01T18:46:20Z,2021-10-01 18:46:20+00:00,1,https://github.com/BCStudentSoftwareDevTeam/celts/issues/140,0.1623263888888889
celts,142,Track Volunteers Table Must Support EventRsvp,bryantal,User,closed,2021-10-01 18:34:32+00:00,2021-11-02T12:34:45Z,2021-11-02 12:34:45+00:00,2,https://github.com/BCStudentSoftwareDevTeam/celts/issues/142,31.750150462962964
celts,143,CELTS Demo Path Outline,bryantal,User,closed,2021-10-07 17:10:39+00:00,2021-10-14T18:23:44Z,2021-10-14 18:23:44+00:00,1,https://github.com/BCStudentSoftwareDevTeam/celts/issues/143,7.050752314814815
celts,144,Remove Volunteer from event functionality not working.,mupotsal,User,closed,2021-10-07 21:39:51+00:00,2021-10-29T15:17:39Z,2021-10-29 15:17:39+00:00,1,https://github.com/BCStudentSoftwareDevTeam/celts/issues/144,21.734583333333333
celts,151,Remove RSVP Button from Create Event Template,bryantal,User,closed,2021-10-22 15:27:37+00:00,2022-06-27T13:33:37Z,2022-06-27 13:33:37+00:00,2,https://github.com/BCStudentSoftwareDevTeam/celts/issues/151,247.92083333333332
celts,152,Search Bar Centering on Admin Management,bryantal,User,closed,2021-10-22 17:44:09+00:00,2021-10-28T14:19:06Z,2021-10-28 14:19:06+00:00,1,https://github.com/BCStudentSoftwareDevTeam/celts/issues/152,5.8576041666666665
celts,153,Create new Terms,Sandesh-L,User,closed,2021-10-22 18:29:43+00:00,2022-05-04T18:10:22Z,2022-05-04 18:10:22+00:00,1,https://github.com/BCStudentSoftwareDevTeam/celts/issues/153,193.9865625
celts,154,Reorganize Files,bryantal,User,closed,2021-10-22 21:05:35+00:00,2022-07-21T15:17:19Z,2022-07-21 15:17:19+00:00,2,https://github.com/BCStudentSoftwareDevTeam/celts/issues/154,271.75814814814817
celts,156,Fixing Event Names,bryantal,User,closed,2021-10-25 15:18:17+00:00,2021-11-09T16:24:04Z,2021-11-09 16:24:04+00:00,1,https://github.com/BCStudentSoftwareDevTeam/celts/issues/156,15.04568287037037
celts,157,Adding Users to CELTS,bryantal,User,closed,2021-10-25 15:34:10+00:00,2022-06-27T15:35:10Z,2022-06-27 15:35:10+00:00,2,https://github.com/BCStudentSoftwareDevTeam/celts/issues/157,245.00069444444443
celts,159,Removing Attended column from EventParticipant,Karina-Agliullova,User,closed,2021-10-26 18:56:07+00:00,2021-11-02T18:51:48Z,2021-11-02 18:51:48+00:00,0,https://github.com/BCStudentSoftwareDevTeam/celts/issues/159,6.997002314814814
celts,160,Add courseProposals Route,zachneill,User,closed,2021-10-28 14:59:23+00:00,2021-12-10T17:20:50Z,2021-12-10 17:20:50+00:00,1,https://github.com/BCStudentSoftwareDevTeam/celts/issues/160,43.09822916666667
celts,164,Student Search Throwing 405 Error,bryantal,User,closed,2021-10-29 15:44:35+00:00,2021-11-02T13:45:21Z,2021-11-02 13:45:21+00:00,1,https://github.com/BCStudentSoftwareDevTeam/celts/issues/164,3.917199074074074
celts,167,Link to Volunteer Service Transcript,bryantal,User,closed,2021-11-01 14:23:04+00:00,2021-11-09T16:25:15Z,2021-11-09 16:25:15+00:00,1,https://github.com/BCStudentSoftwareDevTeam/celts/issues/167,8.084849537037037
celts,168,Test Failures,bryantal,User,closed,2021-11-01 15:24:44+00:00,2021-11-01T19:12:56Z,2021-11-01 19:12:56+00:00,1,https://github.com/BCStudentSoftwareDevTeam/celts/issues/168,0.1584722222222222
celts,171,Sidebar Doesn't Extend to the Length of the Page,bryantal,User,closed,2021-11-01 18:36:44+00:00,2021-11-18T16:12:00Z,2021-11-18 16:12:00+00:00,2,https://github.com/BCStudentSoftwareDevTeam/celts/issues/171,16.89949074074074
celts,175,Admin Management Search Bars Not Updating Correctly,bryantal,User,closed,2021-11-03 18:47:23+00:00,2021-11-09T16:27:24Z,2021-11-09 16:27:24+00:00,2,https://github.com/BCStudentSoftwareDevTeam/celts/issues/175,5.902789351851852
celts,176,Time Selectpickers do not Work on Firefox Browser,bryantal,User,closed,2021-11-03 18:49:33+00:00,2022-03-22T18:15:41Z,2022-03-22 18:15:41+00:00,5,https://github.com/BCStudentSoftwareDevTeam/celts/issues/176,138.97648148148147
celts,187,"Add functionality to ""last email sent to"" in the email modal",Sandesh-L,User,closed,2021-11-05 18:04:13+00:00,2022-06-28T18:10:10Z,2022-06-28 18:10:09+00:00,3,https://github.com/BCStudentSoftwareDevTeam/celts/issues/187,235.00412037037037
celts,190,Add Background Check Status to Volunteer Profile,bryantal,User,closed,2021-11-08 19:16:29+00:00,2022-05-04T18:07:26Z,2022-05-04 18:07:26+00:00,1,https://github.com/BCStudentSoftwareDevTeam/celts/issues/190,176.9520486111111
celts,192,Matching Volunteers to Outside Participants,bryantal,User,closed,2021-11-09 15:53:32+00:00,2022-06-27T13:48:35Z,2022-06-27 13:48:34+00:00,3,https://github.com/BCStudentSoftwareDevTeam/celts/issues/192,229.9132175925926
celts,193,CELTS Student Staff Should Only Have Access to Their Own Program's Events,bryantal,User,closed,2021-11-09 17:28:49+00:00,2022-05-04T18:07:02Z,2022-05-04 18:07:02+00:00,1,https://github.com/BCStudentSoftwareDevTeam/celts/issues/193,176.02653935185185
celts,194,CELTS Admin Activity Log,bryantal,User,closed,2021-11-09 17:52:19+00:00,2022-05-04T18:08:18Z,2022-05-04 18:08:18+00:00,1,https://github.com/BCStudentSoftwareDevTeam/celts/issues/194,176.01109953703704
celts,195,Reset Program Eligibility Each Term,bryantal,User,closed,2021-11-09 18:34:56+00:00,2022-05-04T15:37:48Z,2022-05-04 15:37:48+00:00,2,https://github.com/BCStudentSoftwareDevTeam/celts/issues/195,175.87699074074075
celts,196,Card Swipe Sign In/Out in Kiosk Mode,bryantal,User,closed,2021-11-09 19:18:11+00:00,2022-05-04T15:37:34Z,2022-05-04 15:37:34+00:00,1,https://github.com/BCStudentSoftwareDevTeam/celts/issues/196,175.84679398148148
celts,199,Fix Search User Logic,hmanalai,User,closed,2021-11-18 21:10:00+00:00,2022-03-10T20:50:09Z,2021-12-08 17:07:26+00:00,2,https://github.com/BCStudentSoftwareDevTeam/celts/issues/199,19.831550925925924
celts,200,Warn Instead of Disable Email When Event has Already Passed,bryantal,User,closed,2021-11-18 21:13:32+00:00,2022-03-22T18:13:59Z,2022-03-22 18:13:59+00:00,1,https://github.com/BCStudentSoftwareDevTeam/celts/issues/200,123.8753125
celts,201,"Add ""Eligible Students"" category to ""to"" when Emailing",bryantal,User,closed,2021-11-22 19:02:02+00:00,2022-06-16T20:21:27Z,2022-06-16 20:21:27+00:00,3,https://github.com/BCStudentSoftwareDevTeam/celts/issues/201,206.05515046296296
celts,202,Send Reminder Emails for Recurring Events,bryantal,User,closed,2021-11-22 19:04:34+00:00,2022-07-13T14:29:46Z,2022-07-13 14:29:46+00:00,4,https://github.com/BCStudentSoftwareDevTeam/celts/issues/202,232.80916666666667
celts,204,All CELTS Training/All Volunteers Training Valid for Academic Year,bryantal,User,closed,2021-11-22 20:31:31+00:00,2022-08-01T17:07:51Z,2022-08-01 17:07:51+00:00,1,https://github.com/BCStudentSoftwareDevTeam/celts/issues/204,251.85856481481483
celts,205,Ordering on Event List in the Training and Education Tab,bryantal,User,closed,2021-11-22 20:34:35+00:00,2022-05-04T18:08:54Z,2022-05-04 18:08:54+00:00,1,https://github.com/BCStudentSoftwareDevTeam/celts/issues/205,162.8988310185185
celts,208,Screen reader compatibility ,Ebenezer997,User,closed,2021-11-24 17:54:50+00:00,2022-03-22T18:50:34Z,2022-03-22 18:50:34+00:00,0,https://github.com/BCStudentSoftwareDevTeam/celts/issues/208,118.0387037037037
celts,219,Datepicker Start/End Date Logic Breaks in Firefox and Safari,hmanalai,User,closed,2022-02-15 20:37:31+00:00,2022-06-16T19:58:36Z,2022-06-16 19:58:36+00:00,1,https://github.com/BCStudentSoftwareDevTeam/celts/issues/219,120.97297453703703
celts,228,Default Term Should be Current Term When Creating Event,bryantal,User,closed,2022-03-10 20:54:07+00:00,2022-03-21T17:29:53Z,2022-03-21 17:29:53+00:00,1,https://github.com/BCStudentSoftwareDevTeam/celts/issues/228,10.858171296296296
celts,231,Give Admins Ability to Create SL Course from Course Management Page,bryantal,User,closed,2022-03-16 19:43:49+00:00,2022-04-28T17:04:25Z,2022-04-28 17:04:25+00:00,1,https://github.com/BCStudentSoftwareDevTeam/celts/issues/231,42.88930555555555
celts,232,Service Learning Courses Admin Review Interface,bryantal,User,closed,2022-03-16 20:54:53+00:00,2022-07-18T17:20:43Z,2022-07-18 17:20:42+00:00,2,https://github.com/BCStudentSoftwareDevTeam/celts/issues/232,123.85126157407407
celts,233,Link Admin Service Learning Course Proposal Management in Sidebar,bryantal,User,closed,2022-03-16 20:57:31+00:00,2022-04-26T20:48:09Z,2022-04-26 20:48:09+00:00,1,https://github.com/BCStudentSoftwareDevTeam/celts/issues/233,40.99349537037037
celts,237,Rework sidebar structure,tylerpar99,User,closed,2022-04-15 15:53:22+00:00,2022-04-26T18:42:17Z,2022-04-26 18:42:17+00:00,1,https://github.com/BCStudentSoftwareDevTeam/celts/issues/237,11.11730324074074
celts,238,Searching Users Functionality Broken,bryantal,User,closed,2022-04-18 17:49:19+00:00,2022-04-19T20:05:51Z,2022-04-19 20:05:51+00:00,1,https://github.com/BCStudentSoftwareDevTeam/celts/issues/238,1.094814814814815
celts,241,Add Labels to Ban Modal,bryantal,User,closed,2022-04-21 18:44:49+00:00,2022-05-04T18:09:55Z,2022-05-04 18:09:55+00:00,1,https://github.com/BCStudentSoftwareDevTeam/celts/issues/241,12.975763888888888
celts,242,Event Time Selector Throws and Error When Selecting Minutes,bryantal,User,closed,2022-04-21 18:57:10+00:00,2022-07-05T19:40:33Z,2022-07-05 19:40:33+00:00,5,https://github.com/BCStudentSoftwareDevTeam/celts/issues/242,75.03012731481482
celts,243,SL Courses Created Don't Show Up in List of Faculty's Courses from Faculty View,bryantal,User,closed,2022-04-21 19:58:05+00:00,2022-04-28T17:03:50Z,2022-04-28 17:03:50+00:00,1,https://github.com/BCStudentSoftwareDevTeam/celts/issues/243,6.878993055555555
celts,244,Error Flash When Volunteer Marks Interest,bryantal,User,closed,2022-04-22 18:29:58+00:00,2022-06-28T13:30:47Z,2022-06-28 13:30:47+00:00,1,https://github.com/BCStudentSoftwareDevTeam/celts/issues/244,66.7922337962963
celts,245,Too Many Database Queries on Volunteer Profile View,bryantal,User,closed,2022-04-22 21:01:34+00:00,2022-07-18T17:20:59Z,2022-07-18 17:20:59+00:00,4,https://github.com/BCStudentSoftwareDevTeam/celts/issues/245,86.84681712962963
celts,246,Background Check Table Below Footer,bryantal,User,closed,2022-04-22 21:04:50+00:00,2022-04-26T18:37:14Z,2022-04-26 18:37:14+00:00,1,https://github.com/BCStudentSoftwareDevTeam/celts/issues/246,3.8975
celts,251,Proposal Management under the admin view should be merged with the Service learning page.,tylerpar99,User,closed,2022-04-26 19:19:36+00:00,2022-06-30T15:36:17Z,2022-06-30 15:36:17+00:00,2,https://github.com/BCStudentSoftwareDevTeam/celts/issues/251,64.84491898148148
celts,252,allTrainingsEvent query is not handling when no events exist which causes an error if a term has no events.,tylerpar99,User,closed,2022-04-26 20:01:13+00:00,2022-06-30T15:40:44Z,2022-06-30 15:40:43+00:00,2,https://github.com/BCStudentSoftwareDevTeam/celts/issues/252,64.81909722222223
celts,254,Student-Led Training Event Creation Page,bryantal,User,closed,2022-04-29 15:27:17+00:00,2022-06-28T17:41:59Z,2022-06-28 17:41:59+00:00,0,https://github.com/BCStudentSoftwareDevTeam/celts/issues/254,60.09354166666667
celts,255,Add Continuity Between Recurring Events,bryantal,User,closed,2022-04-29 15:36:09+00:00,2022-07-18T17:21:15Z,2022-07-18 17:21:15+00:00,2,https://github.com/BCStudentSoftwareDevTeam/celts/issues/255,80.0729861111111
celts,256,Give Admins Ability to Add Staff as Potential Course Instructors,bryantal,User,closed,2022-04-29 15:59:16+00:00,2022-07-18T17:39:41Z,2022-07-18 17:39:41+00:00,1,https://github.com/BCStudentSoftwareDevTeam/celts/issues/256,80.06973379629629
celts,257,Import All Faculty Into Instructor Table,bryantal,User,closed,2022-04-29 16:03:29+00:00,2022-07-19T17:13:28Z,2022-07-19 17:13:27+00:00,1,https://github.com/BCStudentSoftwareDevTeam/celts/issues/257,81.04858796296297
celts,258,"Add ""All Eligible"" Option to Email Modal",bryantal,User,closed,2022-04-29 16:07:36+00:00,2022-06-28T13:32:04Z,2022-06-28 13:32:04+00:00,3,https://github.com/BCStudentSoftwareDevTeam/celts/issues/258,59.89199074074074
celts,259,Update Page Titles,bryantal,User,closed,2022-04-29 17:46:56+00:00,2022-06-16T20:57:14Z,2022-06-16 20:57:14+00:00,0,https://github.com/BCStudentSoftwareDevTeam/celts/issues/259,48.132152777777776
celts,261,Add Date Entry for Background Check Completion,bryantal,User,closed,2022-05-03 19:12:33+00:00,2022-06-28T13:28:06Z,2022-06-28 13:28:06+00:00,0,https://github.com/BCStudentSoftwareDevTeam/celts/issues/261,55.76079861111111
celts,262,Program Manager Box is Missing for Admins,bryantal,User,closed,2022-05-03 19:23:42+00:00,2022-06-28T13:29:16Z,2022-06-28 13:29:16+00:00,0,https://github.com/BCStudentSoftwareDevTeam/celts/issues/262,55.75386574074074
celts,263,Add a Ban Column for Student Staff,bryantal,User,closed,2022-05-03 19:49:43+00:00,2022-06-28T13:31:00Z,2022-06-28 13:31:00+00:00,0,https://github.com/BCStudentSoftwareDevTeam/celts/issues/263,55.737002314814816
celts,264,Emphasize Ban Indicator,bryantal,User,closed,2022-05-03 20:22:24+00:00,2022-06-17T18:26:54Z,2022-06-17 18:26:54+00:00,0,https://github.com/BCStudentSoftwareDevTeam/celts/issues/264,44.91979166666667
celts,265,"Add Custom Error Pages for 404, 403, and 500 Errors",bryantal,User,closed,2022-05-03 20:26:56+00:00,2022-06-28T13:32:54Z,2022-06-28 13:32:54+00:00,0,https://github.com/BCStudentSoftwareDevTeam/celts/issues/265,55.712476851851854
celts,266,Admin Logging Needs to be Added to Each Significant Action,bryantal,User,closed,2022-05-04 18:31:54+00:00,2022-08-01T17:07:15Z,2022-08-01 17:07:15+00:00,1,https://github.com/BCStudentSoftwareDevTeam/celts/issues/266,88.94121527777777
celts,267,Add Program Settings with Option to Edit Email Address and Sender Name,bryantal,User,closed,2022-05-04 18:38:20+00:00,2022-07-01T20:39:07Z,2022-07-01 20:39:06+00:00,3,https://github.com/BCStudentSoftwareDevTeam/celts/issues/267,58.08386574074074
celts,268,Ensure Admin Pages Check Permissions Properly,bryantal,User,closed,2022-05-04 18:46:50+00:00,2022-07-05T19:50:05Z,2022-07-05 19:50:05+00:00,1,https://github.com/BCStudentSoftwareDevTeam/celts/issues/268,62.04392361111111
celts,271,Admin Create SLC Doesn't Take User Back to Admin SLC Interface,bryantal,User,closed,2022-05-23 14:36:56+00:00,2022-07-01T18:56:32Z,2022-07-01 18:56:32+00:00,1,https://github.com/BCStudentSoftwareDevTeam/celts/issues/271,39.180277777777775
celts,272,Faculty View in CELTS,bryantal,User,closed,2022-05-23 14:44:18+00:00,2022-07-05T19:38:50Z,2022-07-05 19:38:50+00:00,1,https://github.com/BCStudentSoftwareDevTeam/celts/issues/272,43.204537037037035
celts,274,volunteerProfile file names.,AndersonStettner,User,closed,2022-06-03 19:54:17+00:00,2022-06-28T13:56:57Z,2022-06-28 13:56:57+00:00,0,https://github.com/BCStudentSoftwareDevTeam/celts/issues/274,24.751851851851853
celts,298,Change studentmanager Table,Lyisus,User,closed,2022-06-16 14:28:43+00:00,2022-07-05T19:52:51Z,2022-07-05 19:52:51+00:00,1,https://github.com/BCStudentSoftwareDevTeam/celts/issues/298,19.225092592592592
celts,303,Create All Volunteer Training UI Change ,AndersonStettner,User,closed,2022-06-17 13:50:50+00:00,2022-06-24T15:34:04Z,2022-06-24 15:34:03+00:00,1,https://github.com/BCStudentSoftwareDevTeam/celts/issues/303,7.071678240740741
celts,308,Banning/Unbanning User UI ,AndersonStettner,User,closed,2022-06-20 14:52:36+00:00,2022-06-28T13:54:04Z,2022-06-28 13:54:04+00:00,0,https://github.com/BCStudentSoftwareDevTeam/celts/issues/308,7.959351851851852
celts,311,Rename facilitator table to eventFacilitator,bledsoef,User,closed,2022-06-21 15:24:27+00:00,2022-06-28T13:52:26Z,2022-06-28 13:52:26+00:00,0,https://github.com/BCStudentSoftwareDevTeam/celts/issues/311,6.936099537037037
celts,313,Recurring event no longer works.,bledsoef,User,closed,2022-06-21 19:43:30+00:00,2022-06-22T14:17:25Z,2022-06-22 14:17:25+00:00,1,https://github.com/BCStudentSoftwareDevTeam/celts/issues/313,0.7735532407407407
celts,324,Add edit button to Service Learning course proposal ,gahimbaref,User,closed,2022-06-27 15:52:50+00:00,2022-07-05T19:46:23Z,2022-07-05 19:46:23+00:00,1,https://github.com/BCStudentSoftwareDevTeam/celts/issues/324,8.1621875
celts,329,Service Learning Proposal Approve Button ,AndersonStettner,User,closed,2022-06-28 13:44:48+00:00,2022-07-11T14:33:24Z,2022-07-11 14:33:24+00:00,0,https://github.com/BCStudentSoftwareDevTeam/celts/issues/329,13.03375
celts,332,Dropdown Covering Time Picker and Date Picker on Create Event Page,Boorclark,User,closed,2022-06-28 17:17:25+00:00,2022-06-30T15:34:00Z,2022-06-30 15:33:59+00:00,1,https://github.com/BCStudentSoftwareDevTeam/celts/issues/332,1.9281712962962962
celts,333,Move ban and unban user out of routes.py and in to userManagement,bledsoef,User,closed,2022-06-28 17:34:11+00:00,2022-06-28T17:41:59Z,2022-06-28 17:41:59+00:00,0,https://github.com/BCStudentSoftwareDevTeam/celts/issues/333,0.005416666666666667
celts,335,Add functionality to email sender and reply to email,bledsoef,User,closed,2022-06-28 18:06:51+00:00,2022-07-05T17:09:06Z,2022-07-05 17:09:05+00:00,1,https://github.com/BCStudentSoftwareDevTeam/celts/issues/335,6.959884259259259
celts,336,Update Sender Config,AndersonStettner,User,closed,2022-06-28 18:21:07+00:00,2022-06-30T14:04:40Z,2022-06-30 14:04:40+00:00,0,https://github.com/BCStudentSoftwareDevTeam/celts/issues/336,1.8219097222222222
celts,337,Email Attachments ,AndersonStettner,User,closed,2022-06-28 18:22:32+00:00,2022-07-13T14:35:41Z,2022-07-13 14:35:41+00:00,1,https://github.com/BCStudentSoftwareDevTeam/celts/issues/337,14.842465277777778
celts,338,Tracking Events,AndersonStettner,User,closed,2022-06-28 18:32:47+00:00,2022-06-30T14:04:31Z,2022-06-30 14:04:31+00:00,0,https://github.com/BCStudentSoftwareDevTeam/celts/issues/338,1.8137037037037036
celts,339,User-friendly access to other users ,AndersonStettner,User,closed,2022-06-28 18:35:52+00:00,2022-06-30T13:45:53Z,2022-06-30 13:45:53+00:00,0,https://github.com/BCStudentSoftwareDevTeam/celts/issues/339,1.7986226851851852
celts,340,"Add flash message for ""Invalid User Search""",Boorclark,User,closed,2022-06-28 18:52:35+00:00,2022-07-01T15:47:54Z,2022-07-01 15:47:54+00:00,1,https://github.com/BCStudentSoftwareDevTeam/celts/issues/340,2.871747685185185
celts,341,Student Staff should not see Course Proposal Page,nartehi,User,closed,2022-06-28 19:17:25+00:00,2022-07-05T19:39:29Z,2022-07-05 19:39:29+00:00,1,https://github.com/BCStudentSoftwareDevTeam/celts/issues/341,7.015324074074074
celts,342,Edit Service Learning Course duplicates data,Lyisus,User,closed,2022-06-28 19:22:07+00:00,2022-07-18T17:22:13Z,2022-07-18 17:22:13+00:00,1,https://github.com/BCStudentSoftwareDevTeam/celts/issues/342,19.91673611111111
celts,344,Course Instructor for new Service Learning Course Proposal,gahimbaref,User,closed,2022-06-29 13:49:54+00:00,2022-07-18T17:27:28Z,2022-07-18 17:27:27+00:00,1,https://github.com/BCStudentSoftwareDevTeam/celts/issues/344,19.15107638888889
celts,349,Create All Volunteer Training  ,mohamudm1,User,closed,2022-06-30 18:11:35+00:00,2022-06-30T18:30:14Z,2022-06-30 18:26:13+00:00,1,https://github.com/BCStudentSoftwareDevTeam/celts/issues/349,0.010162037037037037
celts,350,Create All Volunteer Training ,mohamudm1,User,closed,2022-06-30 18:42:00+00:00,2022-07-18T17:25:44Z,2022-07-18 17:25:44+00:00,1,https://github.com/BCStudentSoftwareDevTeam/celts/issues/350,17.94703703703704
celts,351,Different phone number formats in volunteer table,martinj2-dot,User,closed,2022-06-30 20:05:21+00:00,2022-07-13T14:35:13Z,2022-07-13 14:35:13+00:00,1,https://github.com/BCStudentSoftwareDevTeam/celts/issues/351,12.770740740740742
celts,355,Start/End Time Not Displaying On Event Information Page,Boorclark,User,closed,2022-07-01 19:56:39+00:00,2022-07-13T14:33:02Z,2022-07-13 14:33:02+00:00,0,https://github.com/BCStudentSoftwareDevTeam/celts/issues/355,11.775266203703703
celts,356,Track Volunteers Button/Page is redirected to wrong page,Boorclark,User,closed,2022-07-01 20:10:31+00:00,2022-07-13T14:33:52Z,2022-07-13 14:33:52+00:00,0,https://github.com/BCStudentSoftwareDevTeam/celts/issues/356,11.766215277777778
celts,357,"""My Profile"" is broken",Boorclark,User,closed,2022-07-01 20:26:26+00:00,2022-07-05T20:47:10Z,2022-07-05 20:47:10+00:00,1,https://github.com/BCStudentSoftwareDevTeam/celts/issues/357,4.014398148148148
celts,360,Unable to switch user off of ramsayb2,bledsoef,User,closed,2022-07-04 18:16:24+00:00,2022-07-05T13:19:48Z,2022-07-05 13:19:48+00:00,2,https://github.com/BCStudentSoftwareDevTeam/celts/issues/360,0.7940277777777778
celts,364,Renew and View on the Course Proposals page do nothing,bledsoef,User,closed,2022-07-05 17:45:36+00:00,2022-07-12T13:58:04Z,2022-07-12 13:58:04+00:00,0,https://github.com/BCStudentSoftwareDevTeam/celts/issues/364,6.841990740740741
celts,366,Event Creation Time Picker,AndersonStettner,User,closed,2022-07-05 18:22:22+00:00,2022-07-19T17:15:45Z,2022-07-19 17:15:45+00:00,2,https://github.com/BCStudentSoftwareDevTeam/celts/issues/366,13.953738425925925
celts,367,Saving an edited event ,AndersonStettner,User,closed,2022-07-05 18:31:54+00:00,2022-07-13T14:32:08Z,2022-07-13 14:32:08+00:00,0,https://github.com/BCStudentSoftwareDevTeam/celts/issues/367,7.83349537037037
celts,368,Make events only able to be created in terms that are in the current academic year,bledsoef,User,closed,2022-07-05 18:35:19+00:00,2022-08-02T21:59:48Z,2022-08-02 21:59:48+00:00,2,https://github.com/BCStudentSoftwareDevTeam/celts/issues/368,28.142002314814814
celts,369,Event Creation Text Limit,AndersonStettner,User,closed,2022-07-05 19:02:55+00:00,2022-07-05T19:28:49Z,2022-07-05 19:28:49+00:00,0,https://github.com/BCStudentSoftwareDevTeam/celts/issues/369,0.017986111111111112
celts,371,Inputting nothing into the volunteer search brings up a page not found,bledsoef,User,closed,2022-07-05 19:37:00+00:00,2022-07-05T20:58:22Z,2022-07-05 20:58:22+00:00,1,https://github.com/BCStudentSoftwareDevTeam/celts/issues/371,0.05650462962962963
celts,372,Add New Contributors ,Boorclark,User,closed,2022-07-05 20:20:48+00:00,2022-07-13T14:31:41Z,2022-07-13 14:31:41+00:00,0,https://github.com/BCStudentSoftwareDevTeam/celts/issues/372,7.757557870370371
celts,374, BGC Completion Date Input,Boorclark,User,closed,2022-07-05 20:55:08+00:00,2022-07-18T17:24:09Z,2022-07-18 17:24:09+00:00,1,https://github.com/BCStudentSoftwareDevTeam/celts/issues/374,12.853483796296297
celts,375,My Profile is highlighted in the sidebar even when the user is not looking at themselves,AndersonStettner,User,closed,2022-07-05 21:30:50+00:00,2022-07-11T14:33:33Z,2022-07-11 14:33:33+00:00,0,https://github.com/BCStudentSoftwareDevTeam/celts/issues/375,5.710219907407407
celts,376,Student Staff: the way we show the programs they are managing should be clearer,AndersonStettner,User,closed,2022-07-05 21:32:38+00:00,2022-07-18T23:53:30Z,2022-07-18 23:53:29+00:00,2,https://github.com/BCStudentSoftwareDevTeam/celts/issues/376,13.0978125
celts,377,Faculty SL Course Designation: Course Instructor(s),AndersonStettner,User,closed,2022-07-05 21:35:39+00:00,2022-07-08T16:14:19Z,2022-07-08 16:14:19+00:00,0,https://github.com/BCStudentSoftwareDevTeam/celts/issues/377,2.776851851851852
celts,378,Admin Logs Date and Time Formatting: improve their look without breaking the sorting function that is already there,AndersonStettner,User,closed,2022-07-05 21:37:37+00:00,2022-07-15T20:10:58Z,2022-07-15 20:10:58+00:00,1,https://github.com/BCStudentSoftwareDevTeam/celts/issues/378,9.93982638888889
celts,379,Banning User End Date: needs to be removed from ban user page ,AndersonStettner,User,closed,2022-07-05 21:38:09+00:00,2022-07-25T13:34:53Z,2022-07-25 13:34:53+00:00,1,https://github.com/BCStudentSoftwareDevTeam/celts/issues/379,19.66439814814815
celts,380,Event List Sidebar Location: Event List needs to be the top item on the sidebar,AndersonStettner,User,closed,2022-07-06 13:13:30+00:00,2022-07-11T14:33:38Z,2022-07-11 14:33:38+00:00,0,https://github.com/BCStudentSoftwareDevTeam/celts/issues/380,5.055648148148149
celts,381,Reset Database should work from the database directory and the root directory ,AndersonStettner,User,closed,2022-07-06 13:33:14+00:00,2022-07-11T13:39:11Z,2022-07-11 13:39:11+00:00,0,https://github.com/BCStudentSoftwareDevTeam/celts/issues/381,5.0041319444444445
celts,382,Send to Registrar Button: needs to not be an option on past semesters ,AndersonStettner,User,closed,2022-07-06 14:12:04+00:00,2022-07-14T13:47:32Z,2022-07-14 13:47:32+00:00,0,https://github.com/BCStudentSoftwareDevTeam/celts/issues/382,7.982962962962963
celts,388,"Fast Clicking ""Ban Volunteer"" Creates Duplicate Data",Lyisus,User,closed,2022-07-07 13:56:30+00:00,2022-07-20T20:22:51Z,2022-07-20 20:22:51+00:00,1,https://github.com/BCStudentSoftwareDevTeam/celts/issues/388,13.268298611111112
celts,389,Redesign the student view event info page,bledsoef,User,closed,2022-07-07 14:15:09+00:00,2022-07-14T19:33:35Z,2022-07-14 19:33:35+00:00,1,https://github.com/BCStudentSoftwareDevTeam/celts/issues/389,7.22113425925926
celts,394,Add what event the training/education is for in the Training and Education tab of the Events List page,AndersonStettner,User,closed,2022-07-08 13:25:31+00:00,2022-07-13T14:24:45Z,2022-07-13 14:24:45+00:00,0,https://github.com/BCStudentSoftwareDevTeam/celts/issues/394,5.041134259259259
celts,395,"Date should be selected above the start time/end time on the event creation and edit event pages. Also, he colon (:) should be removed from ""Start Date:"". ",AndersonStettner,User,closed,2022-07-08 13:27:45+00:00,2022-07-13T14:27:04Z,2022-07-13 14:27:04+00:00,0,https://github.com/BCStudentSoftwareDevTeam/celts/issues/395,5.041192129629629
celts,396,Swap the Edit Event and Track Volunteers tabs. ,AndersonStettner,User,closed,2022-07-08 13:29:37+00:00,2022-07-13T14:25:53Z,2022-07-13 14:25:53+00:00,0,https://github.com/BCStudentSoftwareDevTeam/celts/issues/396,5.039074074074074
celts,397,"On the Admin Service Learning page: get the Email All button working and move it to the top right of the table, across from the search bar. ",AndersonStettner,User,closed,2022-07-08 13:32:26+00:00,2022-07-18T17:23:16Z,2022-07-18 17:23:16+00:00,1,https://github.com/BCStudentSoftwareDevTeam/celts/issues/397,10.160300925925926
celts,398,"In the Service Learning Course Proposal: take out the hyphen in Service-Learning everywhere it appears, Improve the name of the page ""New Designated Service-Learning Course"", and fix both of the ""service learning course guidelines"" links",AndersonStettner,User,closed,2022-07-08 13:40:44+00:00,2022-07-18T17:22:41Z,2022-07-18 17:22:41+00:00,1,https://github.com/BCStudentSoftwareDevTeam/celts/issues/398,10.154131944444444
celts,399,When a user goes to print their Service Transcript it always tries to print two pages. Investigate why this is and fix it so it only prints the needed pages.,AndersonStettner,User,closed,2022-07-08 13:42:36+00:00,2022-07-13T14:24:04Z,2022-07-13 14:24:04+00:00,0,https://github.com/BCStudentSoftwareDevTeam/celts/issues/399,5.028796296296297
celts,400,On the Service Transcript Page: the naming of columns should be consistent across the page.,AndersonStettner,User,closed,2022-07-08 13:46:09+00:00,2022-07-13T14:27:22Z,2022-07-13 14:27:22+00:00,0,https://github.com/BCStudentSoftwareDevTeam/celts/issues/400,5.028622685185185
celts,401,On the Create Event page: Improve the names of the event sections and possibly improve the look of the page. ,AndersonStettner,User,closed,2022-07-08 13:50:40+00:00,2022-07-13T17:57:01Z,2022-07-13 17:57:01+00:00,0,https://github.com/BCStudentSoftwareDevTeam/celts/issues/401,5.171076388888889
celts,402,On the Create Event page: fix the wording used for the recurring event button ,AndersonStettner,User,closed,2022-07-08 13:51:53+00:00,2022-07-12T19:52:12Z,2022-07-12 19:52:12+00:00,0,https://github.com/BCStudentSoftwareDevTeam/celts/issues/402,4.250219907407407
celts,403,Incorrect capitalization: everywhere I have seen Habitat for Humanity has the f of the for capitalized. It should not be (check base data).,AndersonStettner,User,closed,2022-07-08 13:54:08+00:00,2022-07-12T19:51:46Z,2022-07-12 19:51:46+00:00,0,https://github.com/BCStudentSoftwareDevTeam/celts/issues/403,4.248356481481482
celts,404,"On the Event creation page: the Event Name, Location, and Description text boxes need to have max widths added to them. ",AndersonStettner,User,closed,2022-07-08 13:57:57+00:00,2022-07-08T15:01:13Z,2022-07-08 15:01:13+00:00,0,https://github.com/BCStudentSoftwareDevTeam/celts/issues/404,0.04393518518518519
celts,405,On Create event and Edit event pages: the Start Time and End Time should not take the current time into consideration at all. ,AndersonStettner,User,closed,2022-07-08 14:01:31+00:00,2022-07-12T19:51:18Z,2022-07-12 19:51:18+00:00,0,https://github.com/BCStudentSoftwareDevTeam/celts/issues/405,4.242905092592593
celts,406,On Edit Proposal page for Service Learning courses: the phone number  should be displayed under the username as normal text with an edit button to change it. ,AndersonStettner,User,closed,2022-07-08 14:55:21+00:00,2022-07-26T13:32:27Z,2022-07-26 13:32:27+00:00,0,https://github.com/BCStudentSoftwareDevTeam/celts/issues/406,17.942430555555557
celts,407,"Make it so that long course names, descriptions, and/or other user inserted texts don't break the application.",AndersonStettner,User,closed,2022-07-08 15:04:07+00:00,2022-07-19T20:34:57Z,2022-07-19 20:34:57+00:00,0,https://github.com/BCStudentSoftwareDevTeam/celts/issues/407,11.22974537037037
celts,408,"On the My Profile page on the Upcoming Events tab: display the users upcoming events and make it clear that the ""Choose interests below..."" header is related to the table. ",AndersonStettner,User,closed,2022-07-08 15:18:23+00:00,2022-07-20T14:02:36Z,2022-07-20 14:02:36+00:00,1,https://github.com/BCStudentSoftwareDevTeam/celts/issues/408,11.947372685185185
celts,409,On Events List page: the user should see both the start time and end time of the event in the list of events.,AndersonStettner,User,closed,2022-07-08 15:41:12+00:00,2022-07-12T19:47:52Z,2022-07-12 19:47:52+00:00,0,https://github.com/BCStudentSoftwareDevTeam/celts/issues/409,4.171296296296297
celts,410,Service Learning Course Proposal: when the user edits or creates a SLC proposal there is a useless in-between screen that pops up for a moment. It should be removed. ,AndersonStettner,User,closed,2022-07-08 16:17:29+00:00,2022-07-20T13:33:03Z,2022-07-20 13:33:03+00:00,0,https://github.com/BCStudentSoftwareDevTeam/celts/issues/410,11.885810185185186
celts,411,"Allow Student Staff to search volunteers. Also, when Student Staff are looking at a volunteer they should only be able to see the Upcoming Events tab and not the Service Transcript tab.",AndersonStettner,User,closed,2022-07-08 17:41:37+00:00,2022-07-12T19:58:31Z,2022-07-12 19:58:31+00:00,0,https://github.com/BCStudentSoftwareDevTeam/celts/issues/411,4.095069444444444
celts,412,"On Events List page: take the column title ""Invitation"" out. Also, for Student Staff and Admins the name of the ""Email"" button should be changed to ""Invite"".",AndersonStettner,User,closed,2022-07-08 17:50:11+00:00,2022-07-12T19:49:37Z,2022-07-12 19:49:37+00:00,0,https://github.com/BCStudentSoftwareDevTeam/celts/issues/412,4.082939814814814
celts,413,"For Student and Faculty on Events List page: get the RSVP button working,",AndersonStettner,User,closed,2022-07-08 17:52:31+00:00,2022-07-08T17:52:44Z,2022-07-08 17:52:36+00:00,0,https://github.com/BCStudentSoftwareDevTeam/celts/issues/413,5.787037037037037e-05
celts,414,For Student and Faculty users on Events List page: get the RSVP button working. ,AndersonStettner,User,closed,2022-07-08 17:58:55+00:00,2022-07-13T14:23:14Z,2022-07-13 14:23:14+00:00,0,https://github.com/BCStudentSoftwareDevTeam/celts/issues/414,4.850219907407407
celts,415,Standardize Dates throughout the application.,AndersonStettner,User,closed,2022-07-08 18:03:16+00:00,2022-07-13T20:47:13Z,2022-07-13 20:47:13+00:00,1,https://github.com/BCStudentSoftwareDevTeam/celts/issues/415,5.113854166666667
celts,417,On Create Event page: change the Facilitators selector into a search bar. The user that is creating the event should still have the ability to select multiple facilitators.,AndersonStettner,User,closed,2022-07-08 18:30:12+00:00,2022-07-21T20:20:04Z,2022-07-21 20:20:04+00:00,0,https://github.com/BCStudentSoftwareDevTeam/celts/issues/417,13.076296296296297
celts,431,Yes/No Selector on the Volunteer Profile Not Displaying properly,Boorclark,User,closed,2022-07-11 15:43:44+00:00,2022-07-13T20:45:48Z,2022-07-13 20:45:48+00:00,2,https://github.com/BCStudentSoftwareDevTeam/celts/issues/431,2.2097685185185183
celts,439,On Course Proposals page: the heading of the Course Proposals page should not just be the users name. ,AndersonStettner,User,closed,2022-07-12 13:52:48+00:00,2022-07-13T15:05:11Z,2022-07-13 15:05:11+00:00,0,https://github.com/BCStudentSoftwareDevTeam/celts/issues/439,1.0502662037037036
celts,440,Non-Student Led events do not appear in the events list.,bledsoef,User,closed,2022-07-12 13:53:07+00:00,2022-07-18T17:21:23Z,2022-07-18 17:21:23+00:00,1,https://github.com/BCStudentSoftwareDevTeam/celts/issues/440,6.144629629629629
celts,441,On Course Proposals page: get all of the buttons of the dropdown working. ,AndersonStettner,User,closed,2022-07-12 13:56:29+00:00,2022-07-19T17:13:55Z,2022-07-19 17:13:54+00:00,1,https://github.com/BCStudentSoftwareDevTeam/celts/issues/441,7.137094907407407
celts,442,Clean up createSingleEvent and remove all of the code that allows someone to just view it.,bledsoef,User,closed,2022-07-12 14:02:26+00:00,2022-07-14T17:10:40Z,2022-07-14 17:10:40+00:00,1,https://github.com/BCStudentSoftwareDevTeam/celts/issues/442,2.1307175925925925
celts,444,Choose time by clicking anywhere in the time box.,AndersonStettner,User,closed,2022-07-12 14:28:03+00:00,2022-07-12T14:31:12Z,2022-07-12 14:31:12+00:00,0,https://github.com/BCStudentSoftwareDevTeam/celts/issues/444,0.0021875
celts,445,Add functionality to allow multiple volunteers to be added at once.,martinj2-dot,User,closed,2022-07-12 14:31:05+00:00,2022-07-22T13:15:24Z,2022-07-22 13:15:24+00:00,1,https://github.com/BCStudentSoftwareDevTeam/celts/issues/445,9.94744212962963
celts,446,On My Profile page: make program names into links,AndersonStettner,User,closed,2022-07-12 14:39:46+00:00,2022-07-14T19:32:05Z,2022-07-14 19:32:05+00:00,1,https://github.com/BCStudentSoftwareDevTeam/celts/issues/446,2.2029976851851854
celts,448,Program Managers are given the option to create an All Volunteer Training and non-program event.,bledsoef,User,closed,2022-07-12 18:56:57+00:00,2022-07-13T20:45:09Z,2022-07-13 20:45:09+00:00,1,https://github.com/BCStudentSoftwareDevTeam/celts/issues/448,1.0751388888888889
celts,454,In the Program Settings of the admin settings: remove drop down and just have a list of programs. Make the program names editable.,AndersonStettner,User,closed,2022-07-13 16:24:43+00:00,2022-07-22T19:22:47Z,2022-07-22 19:22:47+00:00,1,https://github.com/BCStudentSoftwareDevTeam/celts/issues/454,9.123657407407407
celts,458,Make a new function that determines what templates a user can access and update the getPrograms function,bledsoef,User,closed,2022-07-13 19:54:16+00:00,2022-07-14T19:32:28Z,2022-07-14 19:32:27+00:00,1,https://github.com/BCStudentSoftwareDevTeam/celts/issues/458,0.984849537037037
celts,461,Give a temporary course ID to New Proposal so that a user is able to go back to their page without losing the work they put in,solijonovam,User,closed,2022-07-14 13:28:23+00:00,2022-07-27T15:13:44Z,2022-07-27 15:13:44+00:00,1,https://github.com/BCStudentSoftwareDevTeam/celts/issues/461,13.073159722222222
celts,462,Test,AndersonStettner,User,closed,2022-07-14 13:34:25+00:00,2022-07-14T13:36:52Z,2022-07-14 13:36:52+00:00,0,https://github.com/BCStudentSoftwareDevTeam/celts/issues/462,0.0017013888888888888
celts,464,Test 2,AndersonStettner,User,closed,2022-07-14 13:37:11+00:00,2022-07-14T13:43:17Z,2022-07-14 13:43:17+00:00,0,https://github.com/BCStudentSoftwareDevTeam/celts/issues/464,0.0042361111111111115
celts,466,Test 3,AndersonStettner,User,closed,2022-07-14 13:43:33+00:00,2022-07-14T13:45:32Z,2022-07-14 13:45:32+00:00,0,https://github.com/BCStudentSoftwareDevTeam/celts/issues/466,0.0013773148148148147
celts,468,Test4,AndersonStettner,User,closed,2022-07-14 13:49:02+00:00,2022-07-14T13:51:23Z,2022-07-14 13:51:23+00:00,0,https://github.com/BCStudentSoftwareDevTeam/celts/issues/468,0.0016319444444444445
celts,472,instructor Duplicate in course instructor tabel ,qasema,User,closed,2022-07-14 14:38:16+00:00,2022-07-18T17:20:34Z,2022-07-18 17:20:34+00:00,1,https://github.com/BCStudentSoftwareDevTeam/celts/issues/472,4.112708333333333
celts,476,"Wording for the ""Proposal Status"" needs to be changed",Boorclark,User,closed,2022-07-14 20:05:08+00:00,2022-07-20T20:22:30Z,2022-07-20 20:22:29+00:00,5,https://github.com/BCStudentSoftwareDevTeam/celts/issues/476,6.012048611111111
celts,477,Fix/Refactor test_events.py,AndersonStettner,User,closed,2022-07-14 20:20:26+00:00,2022-07-15T16:13:44Z,2022-07-15 16:13:44+00:00,0,https://github.com/BCStudentSoftwareDevTeam/celts/issues/477,0.8286805555555555
celts,478,Need to be able to edit/add phone numbers on the Volunteer Profile page,AndersonStettner,User,closed,2022-07-15 13:21:46+00:00,2022-07-22T13:16:09Z,2022-07-22 13:16:09+00:00,1,https://github.com/BCStudentSoftwareDevTeam/celts/issues/478,6.996099537037037
celts,480,Fix test_UserManagement ,AndersonStettner,User,closed,2022-07-15 15:04:17+00:00,2022-07-20T13:29:24Z,2022-07-20 13:29:24+00:00,0,https://github.com/BCStudentSoftwareDevTeam/celts/issues/480,4.934108796296297
celts,481,Fix test_users.py,AndersonStettner,User,closed,2022-07-15 16:11:51+00:00,2022-07-20T13:41:04Z,2022-07-20 13:41:04+00:00,0,https://github.com/BCStudentSoftwareDevTeam/celts/issues/481,4.895289351851852
celts,485,reduce queries for getServiceLearningCoursesData,AndersonStettner,User,closed,2022-07-18 13:36:38+00:00,2022-07-19T15:00:17Z,2022-07-19 15:00:16+00:00,1,https://github.com/BCStudentSoftwareDevTeam/celts/issues/485,1.0580787037037036
celts,493,Investigate and fix the pages that have lost mobile responsiveness.,AndersonStettner,User,closed,2022-07-19 13:18:06+00:00,2022-07-22T13:14:57Z,2022-07-22 13:14:57+00:00,2,https://github.com/BCStudentSoftwareDevTeam/celts/issues/493,2.9978125
celts,494,When faculty save and approve a proposal it brings them to a permission denied page,bledsoef,User,closed,2022-07-19 14:57:17+00:00,2022-07-19T17:11:51Z,2022-07-19 17:11:50+00:00,1,https://github.com/BCStudentSoftwareDevTeam/celts/issues/494,0.0934375
celts,495,User Management Page can Give Admin Priviledges to Anyone,Lyisus,User,closed,2022-07-19 15:20:46+00:00,2022-07-20T03:52:14Z,2022-07-20 03:52:14+00:00,1,https://github.com/BCStudentSoftwareDevTeam/celts/issues/495,0.5218518518518519
celts,497,Facilitators should be displayed on events that have facilitators assigned to them ,mohamudm1,User,closed,2022-07-19 15:30:26+00:00,2022-08-01T17:04:44Z,2022-08-01 17:04:44+00:00,0,https://github.com/BCStudentSoftwareDevTeam/celts/issues/497,13.065486111111111
celts,498,My Profile Page Needs To Look A Bit Better,Boorclark,User,closed,2022-07-19 15:37:05+00:00,2022-07-19T15:38:34Z,2022-07-19 15:38:34+00:00,1,https://github.com/BCStudentSoftwareDevTeam/celts/issues/498,0.0010300925925925926
celts,502,Rename instances of management spelled wrong,bledsoef,User,closed,2022-07-19 16:01:15+00:00,2022-07-20T03:51:49Z,2022-07-20 03:51:49+00:00,1,https://github.com/BCStudentSoftwareDevTeam/celts/issues/502,0.49344907407407407
celts,509,Investigate why test_event_list breaks sometimes ,AndersonStettner,User,closed,2022-07-19 18:17:56+00:00,2022-07-20T14:22:41Z,2022-07-20 14:22:36+00:00,0,https://github.com/BCStudentSoftwareDevTeam/celts/issues/509,0.836574074074074
celts,510,Buttons should look like buttons and links should look like links.,AndersonStettner,User,closed,2022-07-19 18:51:44+00:00,2022-07-25T19:19:44Z,2022-07-25 19:19:44+00:00,0,https://github.com/BCStudentSoftwareDevTeam/celts/issues/510,6.019444444444445
celts,514,"New SL Course Proposal Cancel button throws the user to an ""Access Denied"" page.",AndersonStettner,User,closed,2022-07-19 20:59:20+00:00,2022-07-22T19:02:56Z,2022-07-22 19:02:56+00:00,0,https://github.com/BCStudentSoftwareDevTeam/celts/issues/514,2.9191666666666665
celts,516,Remove the add button on admin management,bledsoef,User,closed,2022-07-20 13:40:23+00:00,2022-07-22T13:17:12Z,2022-07-22 13:17:11+00:00,1,https://github.com/BCStudentSoftwareDevTeam/celts/issues/516,1.9838888888888888
celts,518,Fix isProgramManagerForEvent,AndersonStettner,User,closed,2022-07-20 14:23:30+00:00,2022-07-20T14:45:22Z,2022-07-20 14:45:22+00:00,0,https://github.com/BCStudentSoftwareDevTeam/celts/issues/518,0.015185185185185185
celts,519,Fix Flash Messages when updating interests ,AndersonStettner,User,closed,2022-07-20 14:32:34+00:00,2022-07-20T18:49:04Z,2022-07-20 18:49:04+00:00,1,https://github.com/BCStudentSoftwareDevTeam/celts/issues/519,0.178125
celts,521,Upcoming events are only showing up when user has an interest. ,AndersonStettner,User,closed,2022-07-20 14:54:51+00:00,2025-09-11T15:43:45Z,2022-07-22 11:49:54+00:00,1,https://github.com/BCStudentSoftwareDevTeam/celts/issues/521,1.8715625
celts,532,"View ""All Volunteer Training"" doesn't need to display ""Program Trainings""",Boorclark,User,closed,2022-07-20 19:57:33+00:00,2022-07-21T18:43:16Z,2022-07-21 18:43:16+00:00,1,https://github.com/BCStudentSoftwareDevTeam/celts/issues/532,0.9484143518518519
celts,535,Spamming the create event button keeps you on the create event page.,bledsoef,User,closed,2022-07-21 13:35:06+00:00,2022-07-22T13:16:46Z,2022-07-22 13:16:45+00:00,1,https://github.com/BCStudentSoftwareDevTeam/celts/issues/535,0.9872569444444445
celts,538,Create a logout route,Boorclark,User,closed,2022-07-21 14:54:01+00:00,2022-07-21T18:43:46Z,2022-07-21 18:43:46+00:00,1,https://github.com/BCStudentSoftwareDevTeam/celts/issues/538,0.1595486111111111
celts,540,Spamming submit and save and approve buttons on course proposals breaks everything,bledsoef,User,closed,2022-07-21 15:24:13+00:00,2022-07-22T13:14:34Z,2022-07-22 13:14:34+00:00,1,https://github.com/BCStudentSoftwareDevTeam/celts/issues/540,0.9099652777777778
celts,541,Hovering over the completed trainings should show all trainings for program,bledsoef,User,closed,2022-07-21 15:28:43+00:00,2022-07-22T19:43:59Z,2022-07-22 19:43:58+00:00,1,https://github.com/BCStudentSoftwareDevTeam/celts/issues/541,1.1772569444444445
celts,549,Datetime Warning Issue Displayed On Volunteer Profile,Boorclark,User,closed,2022-07-21 18:49:40+00:00,2022-07-22T13:16:25Z,2022-07-22 13:16:25+00:00,1,https://github.com/BCStudentSoftwareDevTeam/celts/issues/549,0.7685763888888889
celts,550,Sending emails does not seem to work anymore,bledsoef,User,closed,2022-07-21 19:19:53+00:00,2022-07-22T18:10:49Z,2022-07-22 18:10:49+00:00,1,https://github.com/BCStudentSoftwareDevTeam/celts/issues/550,0.952037037037037
celts,555,Fix Term Change Popups ,AndersonStettner,User,closed,2022-07-21 21:42:14+00:00,2022-08-01T20:53:28Z,2022-08-01 20:53:28+00:00,0,https://github.com/BCStudentSoftwareDevTeam/celts/issues/555,10.96613425925926
celts,556,Dates on event creation through tests,AndersonStettner,User,closed,2022-07-22 13:17:35+00:00,2022-07-22T13:33:10Z,2022-07-22 13:33:10+00:00,0,https://github.com/BCStudentSoftwareDevTeam/celts/issues/556,0.010821759259259258
celts,558,All Volunteer Training is not Registering as a Training,Boorclark,User,closed,2022-07-22 14:02:36+00:00,2022-07-27T20:29:32Z,2022-07-27 20:29:32+00:00,1,https://github.com/BCStudentSoftwareDevTeam/celts/issues/558,5.268703703703704
celts,559,"Sidebar location on ""My Profile"" page",AndersonStettner,User,closed,2022-07-22 14:10:06+00:00,2022-08-02T20:47:05Z,2022-08-02 20:47:04+00:00,1,https://github.com/BCStudentSoftwareDevTeam/celts/issues/559,11.275671296296297
celts,560,Students are not redirected event view ,Boorclark,User,closed,2022-07-22 14:31:40+00:00,2022-07-27T20:30:32Z,2022-07-27 20:30:32+00:00,1,https://github.com/BCStudentSoftwareDevTeam/celts/issues/560,5.249212962962963
celts,561,Save Button In Track Volunteers is Uneeded,Boorclark,User,closed,2022-07-22 14:34:25+00:00,2022-07-22T18:11:31Z,2022-07-22 18:11:31+00:00,2,https://github.com/BCStudentSoftwareDevTeam/celts/issues/561,0.1507638888888889
celts,562,Adding/Deleting Volunteer Buttons needs to be disabled after one click,Boorclark,User,closed,2022-07-22 14:39:40+00:00,2022-07-27T15:14:02Z,2022-07-27 15:14:01+00:00,1,https://github.com/BCStudentSoftwareDevTeam/celts/issues/562,5.023854166666666
celts,563,Link program trainings to event pages on the view event page,bledsoef,User,closed,2022-07-22 14:53:18+00:00,2022-08-01T17:01:43Z,2022-08-01 17:01:43+00:00,0,https://github.com/BCStudentSoftwareDevTeam/celts/issues/563,10.089178240740742
celts,564,Improve Id Usage,zachneill,User,closed,2022-07-22 16:11:19+00:00,2023-12-27T16:15:02Z,2023-12-27 16:14:10+00:00,2,https://github.com/BCStudentSoftwareDevTeam/celts/issues/564,523.0019791666666
celts,565,Background Check: Failed ,AndersonStettner,User,closed,2022-07-22 18:12:31+00:00,2022-08-02T19:15:27Z,2022-08-02 19:15:26+00:00,1,https://github.com/BCStudentSoftwareDevTeam/celts/issues/565,11.04369212962963
celts,567,Redesign the View Event Page ,mohamudm1,User,closed,2022-07-22 18:58:25+00:00,2022-07-28T14:46:06Z,2022-07-28 14:46:06+00:00,0,https://github.com/BCStudentSoftwareDevTeam/celts/issues/567,5.824780092592593
celts,570,Admin is not able to view an Incomplete Course Proposal unless they are one of the faculty assigned for it. ,solijonovam,User,closed,2022-07-22 19:20:54+00:00,2022-08-01T16:59:25Z,2022-08-01 16:59:25+00:00,0,https://github.com/BCStudentSoftwareDevTeam/celts/issues/570,9.901747685185185
celts,571,"If event has passed or is currently happening for a given day, indicate that",bledsoef,User,closed,2022-07-22 19:38:09+00:00,2022-08-04T19:22:53Z,2022-08-04 19:22:53+00:00,2,https://github.com/BCStudentSoftwareDevTeam/celts/issues/571,12.989398148148148
celts,574,Admin Logs: improve wording when a background check is passed,AndersonStettner,User,closed,2022-07-22 20:10:07+00:00,2022-07-26T14:45:46Z,2022-07-26 14:45:45+00:00,1,https://github.com/BCStudentSoftwareDevTeam/celts/issues/574,3.77474537037037
celts,575,Only show the next recurring event on a users upcoming event,AndersonStettner,User,closed,2022-07-22 20:16:52+00:00,2022-09-02T13:04:26Z,2022-09-02 13:04:26+00:00,1,https://github.com/BCStudentSoftwareDevTeam/celts/issues/575,41.699699074074076
celts,576,Rename recurring events if one is deleted.,AndersonStettner,User,closed,2022-07-22 20:21:14+00:00,2022-08-01T16:00:09Z,2022-08-01 16:00:09+00:00,0,https://github.com/BCStudentSoftwareDevTeam/celts/issues/576,9.81869212962963
celts,577,"""View Event"" page for Recurring events",AndersonStettner,User,closed,2022-07-22 20:22:12+00:00,2022-08-02T17:48:27Z,2022-08-02 17:48:27+00:00,0,https://github.com/BCStudentSoftwareDevTeam/celts/issues/577,10.893229166666666
celts,578,SLC Proposal: Instructor phone number,AndersonStettner,User,closed,2022-07-22 20:23:40+00:00,2022-08-02T19:28:23Z,2022-08-02 19:28:23+00:00,1,https://github.com/BCStudentSoftwareDevTeam/celts/issues/578,10.961608796296296
celts,579,Bonner Events View,AndersonStettner,User,closed,2022-07-22 20:24:49+00:00,2022-07-28T14:37:22Z,2022-07-28 14:37:21+00:00,1,https://github.com/BCStudentSoftwareDevTeam/celts/issues/579,5.758703703703704
celts,580,Event Description: links should be clickable,AndersonStettner,User,closed,2022-07-22 20:25:46+00:00,2022-08-03T17:16:54Z,2022-08-03 17:16:54+00:00,1,https://github.com/BCStudentSoftwareDevTeam/celts/issues/580,11.868842592592593
celts,581,Admins should not be able to edit and approve past SLC proposals,AndersonStettner,User,closed,2022-07-22 20:30:51+00:00,2022-11-30T20:30:55Z,2022-11-30 20:30:55+00:00,1,https://github.com/BCStudentSoftwareDevTeam/celts/issues/581,131.0000462962963
celts,582,Admin interaction with SLC Proposals on their Course Management page,AndersonStettner,User,closed,2022-07-22 20:37:50+00:00,2022-11-30T20:30:55Z,2022-11-30 20:30:55+00:00,1,https://github.com/BCStudentSoftwareDevTeam/celts/issues/582,130.99519675925927
celts,583,Replace Facilitator on event,AndersonStettner,User,closed,2022-07-22 20:44:14+00:00,2022-08-02T20:46:38Z,2022-08-02 20:46:38+00:00,1,https://github.com/BCStudentSoftwareDevTeam/celts/issues/583,11.001666666666667
celts,584,Check Admin Logs ,AndersonStettner,User,closed,2022-07-22 20:46:42+00:00,2022-08-02T20:47:33Z,2022-08-02 20:47:32+00:00,1,https://github.com/BCStudentSoftwareDevTeam/celts/issues/584,11.000578703703704
celts,585,Events List appearance ,AndersonStettner,User,closed,2022-07-22 21:05:11+00:00,2022-08-02T14:31:11Z,2022-08-02 14:31:11+00:00,0,https://github.com/BCStudentSoftwareDevTeam/celts/issues/585,10.72638888888889
celts,588,Program Management email Sender Name,AndersonStettner,User,closed,2022-07-25 14:02:25+00:00,2022-08-01T15:53:55Z,2022-08-01 15:53:55+00:00,0,https://github.com/BCStudentSoftwareDevTeam/celts/issues/588,7.077430555555556
celts,591,Rework My Profile page,AndersonStettner,User,closed,2022-07-25 14:58:12+00:00,2022-07-27T20:31:53Z,2022-07-27 20:31:53+00:00,1,https://github.com/BCStudentSoftwareDevTeam/celts/issues/591,2.231724537037037
celts,593,Admin Edit Event tab stacks,AndersonStettner,User,closed,2022-07-25 15:23:14+00:00,2022-08-01T15:53:50Z,2022-08-01 15:53:50+00:00,0,https://github.com/BCStudentSoftwareDevTeam/celts/issues/593,7.02125
celts,594,Volunteer Search Sidebar name,AndersonStettner,User,closed,2022-07-25 15:28:02+00:00,2022-07-25T19:05:37Z,2022-07-25 19:05:37+00:00,0,https://github.com/BCStudentSoftwareDevTeam/celts/issues/594,0.15109953703703705
celts,595,Events List: remove Invitation column title and have conditional on RSVP button ,AndersonStettner,User,closed,2022-07-25 15:44:17+00:00,2022-08-05T20:49:03Z,2022-08-05 20:49:03+00:00,0,https://github.com/BCStudentSoftwareDevTeam/celts/issues/595,11.21164351851852
celts,596,Bonner Events List,AndersonStettner,User,closed,2022-07-25 15:52:14+00:00,2022-07-25T19:05:22Z,2022-07-25 19:05:22+00:00,0,https://github.com/BCStudentSoftwareDevTeam/celts/issues/596,0.13412037037037036
celts,597,Service Transcript Hours,AndersonStettner,User,closed,2022-07-25 16:14:43+00:00,2022-08-19T16:49:49Z,2022-08-19 16:49:49+00:00,0,https://github.com/BCStudentSoftwareDevTeam/celts/issues/597,25.024375
celts,598,Service Transcript: Events (Program and Non Program),AndersonStettner,User,closed,2022-07-25 16:19:08+00:00,2022-08-19T16:49:39Z,2022-08-19 16:49:39+00:00,0,https://github.com/BCStudentSoftwareDevTeam/celts/issues/598,25.02119212962963
celts,602,Need Modal Warning For Deleting Events,Boorclark,User,closed,2022-07-26 13:37:26+00:00,2022-08-01T15:51:13Z,2022-08-01 15:51:13+00:00,0,https://github.com/BCStudentSoftwareDevTeam/celts/issues/602,6.092905092592592
celts,603,Add Bonner User Functionality,AndersonStettner,User,closed,2022-07-26 13:59:05+00:00,2023-02-08T19:27:58Z,2023-02-08 19:27:58+00:00,1,https://github.com/BCStudentSoftwareDevTeam/celts/issues/603,197.2283912037037
celts,609,Clean up the Course Proposal Management queries ,AndersonStettner,User,closed,2022-07-26 16:46:21+00:00,2022-08-05T02:34:48Z,2022-08-05 02:34:48+00:00,0,https://github.com/BCStudentSoftwareDevTeam/celts/issues/609,9.408645833333333
celts,610,Reference Error on Create Event Page,Boorclark,User,closed,2022-07-26 18:06:25+00:00,2022-07-28T13:11:58Z,2022-07-28 13:11:57+00:00,1,https://github.com/BCStudentSoftwareDevTeam/celts/issues/610,1.7955092592592592
celts,612,Email users who have RSVP'd to an event about a time/date change,bledsoef,User,open,2022-07-26 18:48:48+00:00,2022-08-08T15:50:53Z,,1,https://github.com/BCStudentSoftwareDevTeam/celts/issues/612,
celts,618,Approved SL Course interaction ,AndersonStettner,User,closed,2022-07-27 14:50:35+00:00,2022-11-30T20:30:56Z,2022-11-30 20:30:56+00:00,2,https://github.com/BCStudentSoftwareDevTeam/celts/issues/618,126.23635416666667
celts,622,Adding Volunteer should also add hours,AndersonStettner,User,closed,2022-07-28 13:51:16+00:00,2022-08-19T16:44:21Z,2022-08-19 16:44:21+00:00,2,https://github.com/BCStudentSoftwareDevTeam/celts/issues/622,22.120196759259258
celts,623,No Program event type should be called CELTS sponsored events,AndersonStettner,User,closed,2022-07-28 14:20:08+00:00,2022-08-01T17:51:08Z,2022-08-01 17:51:08+00:00,0,https://github.com/BCStudentSoftwareDevTeam/celts/issues/623,4.146527777777778
celts,630,Error flash is off of page when updating phone numbers,bledsoef,User,closed,2022-08-02 15:19:29+00:00,2022-08-02T20:46:55Z,2022-08-02 20:46:55+00:00,1,https://github.com/BCStudentSoftwareDevTeam/celts/issues/630,0.22738425925925926
celts,637,Bonner training events should not show up for normal students,AndersonStettner,User,closed,2022-08-03 15:25:48+00:00,2022-08-19T16:45:13Z,2022-08-19 16:45:13+00:00,1,https://github.com/BCStudentSoftwareDevTeam/celts/issues/637,16.055150462962963
celts,639,Add Volunteer full username functionality,Boorclark,User,closed,2022-08-03 17:33:17+00:00,2022-08-04T18:13:04Z,2022-08-04 18:13:04+00:00,1,https://github.com/BCStudentSoftwareDevTeam/celts/issues/639,1.0276273148148147
celts,642,"For ""Regularly Occurring"" SL Courses",AndersonStettner,User,closed,2022-08-04 15:34:58+00:00,2022-08-19T16:43:52Z,2022-08-19 16:43:52+00:00,0,https://github.com/BCStudentSoftwareDevTeam/celts/issues/642,15.047847222222222
celts,643,"""Send to Registrar"" functionality and rename ",AndersonStettner,User,closed,2022-08-04 15:38:51+00:00,2023-02-08T19:27:59Z,2023-02-08 19:27:59+00:00,2,https://github.com/BCStudentSoftwareDevTeam/celts/issues/643,188.15912037037037
celts,644,Receiving the SLC-designated course list.,AndersonStettner,User,closed,2022-08-04 15:40:46+00:00,2023-09-19T13:44:08Z,2023-09-19 13:44:08+00:00,1,https://github.com/BCStudentSoftwareDevTeam/celts/issues/644,410.9190046296296
celts,646,Request student participation log from registrar,AndersonStettner,User,closed,2022-08-04 15:44:15+00:00,2023-07-25T15:24:17Z,2023-07-25 15:24:17+00:00,1,https://github.com/BCStudentSoftwareDevTeam/celts/issues/646,354.98613425925925
celts,647,Sidebar rename and Admin page rename,AndersonStettner,User,closed,2022-08-04 15:47:54+00:00,2022-08-05T18:19:45Z,2022-08-05 18:19:44+00:00,1,https://github.com/BCStudentSoftwareDevTeam/celts/issues/647,1.1054398148148148
celts,648,Renew button should go to the edit course page,AndersonStettner,User,closed,2022-08-04 15:49:52+00:00,2022-08-17T16:09:49Z,2022-08-17 16:09:49+00:00,1,https://github.com/BCStudentSoftwareDevTeam/celts/issues/648,13.013854166666667
celts,649,Extra Space in SLC text boxes,AndersonStettner,User,closed,2022-08-04 15:51:33+00:00,2022-08-10T14:29:34Z,2022-08-10 14:29:34+00:00,1,https://github.com/BCStudentSoftwareDevTeam/celts/issues/649,5.94306712962963
celts,650,Phone number input length,AndersonStettner,User,closed,2022-08-04 15:52:09+00:00,2022-08-05T18:19:18Z,2022-08-05 18:19:18+00:00,1,https://github.com/BCStudentSoftwareDevTeam/celts/issues/650,1.1021875
celts,651,Empty values should not put 'None'  input boxes. #651,AndersonStettner,User,closed,2022-08-04 15:53:18+00:00,2022-08-25T20:37:14Z,2022-08-25 20:37:14+00:00,2,https://github.com/BCStudentSoftwareDevTeam/celts/issues/651,21.197175925925926
celts,652,SLC Proposal input boxes should accept links,AndersonStettner,User,closed,2022-08-04 15:54:36+00:00,2023-02-08T22:51:09Z,2023-02-08 22:51:09+00:00,1,https://github.com/BCStudentSoftwareDevTeam/celts/issues/652,188.28927083333335
celts,653,Remove recurring event toggle from All Volunteer Training creation,AndersonStettner,User,closed,2022-08-04 15:55:13+00:00,2022-09-02T14:29:37Z,2022-09-02 14:29:37+00:00,1,https://github.com/BCStudentSoftwareDevTeam/celts/issues/653,28.940555555555555
celts,654,Add visible notification when adding and removing a program manager,AndersonStettner,User,closed,2022-08-04 15:55:42+00:00,2022-09-16T17:28:03Z,2022-09-16 17:27:50+00:00,2,https://github.com/BCStudentSoftwareDevTeam/celts/issues/654,43.063981481481484
celts,655,Email Program Manager when ban status is updated for a student,AndersonStettner,User,open,2022-08-04 15:56:25+00:00,2025-12-10T16:26:53Z,,2,https://github.com/BCStudentSoftwareDevTeam/celts/issues/655,
celts,656,The user should be able to type in a time when they are creating an event. ,AndersonStettner,User,closed,2022-08-04 15:57:26+00:00,2022-09-08T19:48:49Z,2022-09-08 19:48:49+00:00,1,https://github.com/BCStudentSoftwareDevTeam/celts/issues/656,35.16068287037037
celts,657,Banned Volunteer permissions ,AndersonStettner,User,closed,2022-08-04 15:58:39+00:00,2022-10-21T16:42:46Z,2022-10-21 16:42:46+00:00,2,https://github.com/BCStudentSoftwareDevTeam/celts/issues/657,78.03063657407408
celts,658,Selectively remove service transcript entry for banned programs,AndersonStettner,User,closed,2022-08-04 15:59:59+00:00,2024-12-11T13:36:18Z,2024-12-11 13:36:17+00:00,2,https://github.com/BCStudentSoftwareDevTeam/celts/issues/658,859.9002083333334
celts,659,Add indicators when banned volunteers interact with event,AndersonStettner,User,closed,2022-08-04 16:02:15+00:00,2022-10-07T18:29:57Z,2022-10-07 18:29:57+00:00,1,https://github.com/BCStudentSoftwareDevTeam/celts/issues/659,64.10256944444444
celts,660,Bonner should be a separate program in the Service Transcript,AndersonStettner,User,closed,2022-08-04 16:03:22+00:00,2025-06-17T14:03:37Z,2025-06-17 14:03:37+00:00,2,https://github.com/BCStudentSoftwareDevTeam/celts/issues/660,1047.9168402777777
celts,661,Background check renaming and rework dropdown options ,AndersonStettner,User,closed,2022-08-04 16:06:55+00:00,2022-08-19T16:45:49Z,2022-08-19 16:45:49+00:00,1,https://github.com/BCStudentSoftwareDevTeam/celts/issues/661,15.027013888888888
celts,662,Add Background check history,AndersonStettner,User,closed,2022-08-04 16:09:11+00:00,2022-08-19T16:45:56Z,2022-08-19 16:45:56+00:00,1,https://github.com/BCStudentSoftwareDevTeam/celts/issues/662,15.025520833333333
celts,663,Refactor Volunteer Profile page view,AndersonStettner,User,closed,2022-08-04 16:10:30+00:00,2022-08-19T15:22:50Z,2022-08-19 15:22:50+00:00,1,https://github.com/BCStudentSoftwareDevTeam/celts/issues/663,14.966898148148148
celts,664,Add Volunteer's history,AndersonStettner,User,closed,2022-08-04 16:12:33+00:00,2022-08-17T16:09:26Z,2022-08-17 16:09:26+00:00,1,https://github.com/BCStudentSoftwareDevTeam/celts/issues/664,12.997835648148149
celts,665,Add Notes on a users Volunteer Profile ,AndersonStettner,User,closed,2022-08-04 16:16:26+00:00,2023-02-08T19:27:59Z,2023-02-08 19:27:59+00:00,1,https://github.com/BCStudentSoftwareDevTeam/celts/issues/665,188.13302083333335
celts,672,My Profile is running too many queries,AndersonStettner,User,closed,2022-08-04 20:44:18+00:00,2022-08-10T14:27:08Z,2022-08-10 14:27:08+00:00,1,https://github.com/BCStudentSoftwareDevTeam/celts/issues/672,5.738078703703704
celts,676,Reduce queries on Event List page,AndersonStettner,User,closed,2022-08-09 13:40:17+00:00,2022-08-12T18:24:03Z,2022-08-12 18:24:03+00:00,1,https://github.com/BCStudentSoftwareDevTeam/celts/issues/676,3.197060185185185
celts,678,Change the Event Kiosk route to match the other event routes,AndersonStettner,User,closed,2022-08-09 18:04:01+00:00,2023-06-16T14:47:32Z,2023-06-16 14:47:31+00:00,1,https://github.com/BCStudentSoftwareDevTeam/celts/issues/678,310.86354166666666
celts,686,Fix Admin Log for Background checks,AndersonStettner,User,closed,2022-08-18 17:33:23+00:00,2022-09-16T13:21:59Z,2022-09-16 13:21:59+00:00,1,https://github.com/BCStudentSoftwareDevTeam/celts/issues/686,28.825416666666666
celts,689,Phone number 'Edit' link on User Profile not changing ,AndersonStettner,User,closed,2022-08-19 18:45:51+00:00,2022-10-14T20:56:17Z,2022-10-14 20:56:17+00:00,1,https://github.com/BCStudentSoftwareDevTeam/celts/issues/689,56.090578703703706
celts,690,Create Event Time picker does not work on mobile,AndersonStettner,User,closed,2022-08-19 18:51:20+00:00,2023-06-29T15:57:44Z,2023-06-29 15:57:27+00:00,2,https://github.com/BCStudentSoftwareDevTeam/celts/issues/690,313.8792476851852
celts,691,Make CELTS sponsored events into a program ,AndersonStettner,User,closed,2022-08-19 18:55:36+00:00,2023-08-09T12:48:58Z,2023-08-09 12:48:58+00:00,1,https://github.com/BCStudentSoftwareDevTeam/celts/issues/691,354.74539351851854
celts,692,Improve wording on the link to the next event for recurring event ,AndersonStettner,User,closed,2022-08-19 19:00:37+00:00,2022-09-02T14:28:45Z,2022-09-02 14:28:45+00:00,1,https://github.com/BCStudentSoftwareDevTeam/celts/issues/692,13.811203703703704
celts,693,"The Invite button on an event does not always behave correctly in Production, investigate and fix",AndersonStettner,User,closed,2022-08-19 19:03:38+00:00,2023-07-10T20:38:40Z,2023-07-10 20:38:40+00:00,1,https://github.com/BCStudentSoftwareDevTeam/celts/issues/693,325.0659953703704
celts,694,Reverse the order of terms in the Create Event term dropdown,AndersonStettner,User,closed,2022-08-19 19:06:51+00:00,2022-08-22T14:49:16Z,2022-08-22 14:49:16+00:00,1,https://github.com/BCStudentSoftwareDevTeam/celts/issues/694,2.8211226851851854
celts,695,Fix View button on Eligibility Table,AndersonStettner,User,closed,2022-08-19 19:08:40+00:00,2022-09-16T13:22:13Z,2022-09-16 13:22:13+00:00,1,https://github.com/BCStudentSoftwareDevTeam/celts/issues/695,27.759409722222223
celts,696,Send a confirmation email to the user when they RSVP for an event,AndersonStettner,User,open,2022-08-19 19:10:44+00:00,2025-12-10T16:26:52Z,,1,https://github.com/BCStudentSoftwareDevTeam/celts/issues/696,
celts,697,Open accordion on profile pages should be relevant to user,AndersonStettner,User,closed,2022-08-19 19:13:44+00:00,2022-09-16T13:22:37Z,2022-09-16 13:22:37+00:00,1,https://github.com/BCStudentSoftwareDevTeam/celts/issues/697,27.75616898148148
celts,698,Change the name of Interest accordion to Programs,AndersonStettner,User,closed,2022-08-19 19:30:00+00:00,2022-08-22T14:36:19Z,2022-08-22 14:36:19+00:00,1,https://github.com/BCStudentSoftwareDevTeam/celts/issues/698,2.796053240740741
celts,701,Add indicator when Admin make a Program Manager a manager,AndersonStettner,User,closed,2022-08-22 14:58:59+00:00,2022-09-16T13:20:50Z,2022-09-16 13:20:50+00:00,1,https://github.com/BCStudentSoftwareDevTeam/celts/issues/701,24.931840277777777
celts,703,Add CELTS Labor ,AndersonStettner,User,closed,2022-08-22 15:28:32+00:00,2023-12-14T18:14:42Z,2023-12-14 18:14:42+00:00,1,https://github.com/BCStudentSoftwareDevTeam/celts/issues/703,479.11539351851854
celts,712,Increase the SLC Phone number input size to 14 from 12,AndersonStettner,User,closed,2022-08-29 19:05:11+00:00,2022-08-30T13:43:38Z,2022-08-30 13:43:38+00:00,1,https://github.com/BCStudentSoftwareDevTeam/celts/issues/712,0.7767013888888888
celts,714,Correctly show what is happening with SLC Instructor phone number,AndersonStettner,User,closed,2022-08-29 20:31:27+00:00,2022-09-21T18:27:45Z,2022-09-21 18:27:45+00:00,1,https://github.com/BCStudentSoftwareDevTeam/celts/issues/714,22.91409722222222
celts,716,Standardize the Event Invite button on the Events List page. ,AndersonStettner,User,closed,2022-08-30 16:21:47+00:00,2022-09-07T14:49:32Z,2022-09-07 14:49:32+00:00,1,https://github.com/BCStudentSoftwareDevTeam/celts/issues/716,7.9359375
celts,717,Increase the specificity of Admin Logs for events.,AndersonStettner,User,closed,2022-08-30 18:47:18+00:00,2022-09-12T14:14:33Z,2022-09-12 14:14:33+00:00,1,https://github.com/BCStudentSoftwareDevTeam/celts/issues/717,12.810590277777777
celts,721,All Volunteer trainings should show up as required trainings for all programs.,AndersonStettner,User,closed,2022-08-31 18:16:20+00:00,2023-08-10T14:06:44Z,2023-08-10 14:06:44+00:00,1,https://github.com/BCStudentSoftwareDevTeam/celts/issues/721,343.82666666666665
celts,722,Make it possible to delete all recurring events in a series,AndersonStettner,User,closed,2022-08-31 18:48:48+00:00,2022-10-05T16:29:00Z,2022-10-05 16:29:00+00:00,1,https://github.com/BCStudentSoftwareDevTeam/celts/issues/722,34.90291666666667
celts,723,Fix End Date input box display when creating a recurring event,AndersonStettner,User,closed,2022-08-31 19:11:56+00:00,2022-09-20T19:50:49Z,2022-09-20 19:50:49+00:00,1,https://github.com/BCStudentSoftwareDevTeam/celts/issues/723,20.027002314814816
celts,724,Make all tests clean up after themselves ,AndersonStettner,User,closed,2022-09-01 13:52:19+00:00,2022-09-12T13:09:57Z,2022-09-12 13:09:57+00:00,1,https://github.com/BCStudentSoftwareDevTeam/celts/issues/724,10.970578703703703
celts,726,"Fix email handler ""From"" choices ",AndersonStettner,User,closed,2022-09-02 20:45:12+00:00,2022-09-08T20:53:39Z,2022-09-08 20:53:39+00:00,1,https://github.com/BCStudentSoftwareDevTeam/celts/issues/726,6.005868055555555
celts,728,"Remove the ""Invalid Date"" in the Background Check history ",AndersonStettner,User,closed,2022-09-06 15:35:39+00:00,2022-09-16T14:48:11Z,2022-09-16 14:48:11+00:00,1,https://github.com/BCStudentSoftwareDevTeam/celts/issues/728,9.967037037037038
celts,729,Validate time entry in Firefox and iOS. #729,AndersonStettner,User,closed,2022-09-07 15:54:43+00:00,2023-02-08T19:41:05Z,2023-02-08 19:41:05+00:00,1,https://github.com/BCStudentSoftwareDevTeam/celts/issues/729,154.15719907407407
celts,731,Add the concept of a Bonner cohort,AndersonStettner,User,closed,2022-09-07 17:45:54+00:00,2022-09-30T18:16:40Z,2022-09-30 18:16:40+00:00,1,https://github.com/BCStudentSoftwareDevTeam/celts/issues/731,23.02136574074074
celts,732,Create a Bonner specific page for students ,AndersonStettner,User,closed,2022-09-07 17:51:49+00:00,2023-02-08T19:28:00Z,2023-02-08 19:28:00+00:00,1,https://github.com/BCStudentSoftwareDevTeam/celts/issues/732,154.06679398148148
celts,733,Track the Bonner requirements ,AndersonStettner,User,closed,2022-09-07 17:53:11+00:00,2022-10-21T18:36:26Z,2022-10-21 18:36:26+00:00,2,https://github.com/BCStudentSoftwareDevTeam/celts/issues/733,44.030034722222226
celts,734,Create a new Bonner Admin Page,AndersonStettner,User,closed,2022-09-07 18:00:38+00:00,2022-09-30T18:16:56Z,2022-09-30 18:16:56+00:00,1,https://github.com/BCStudentSoftwareDevTeam/celts/issues/734,23.011319444444446
celts,735,Investigate why track Volunteers is showing duplicates ,AndersonStettner,User,closed,2022-09-07 18:05:05+00:00,2022-09-23T18:48:46Z,2022-09-23 18:48:46+00:00,1,https://github.com/BCStudentSoftwareDevTeam/celts/issues/735,16.03033564814815
celts,736,"Add new CELTS logo and change the application name to ""CELTS Link""",AndersonStettner,User,closed,2022-09-08 16:03:29+00:00,2022-09-12T18:15:22Z,2022-09-12 18:15:22+00:00,1,https://github.com/BCStudentSoftwareDevTeam/celts/issues/736,4.091585648148148
celts,746,Refactor sendUserData and addPersonToEvent together into one function. ,AndersonStettner,User,closed,2022-09-14 17:01:30+00:00,2023-07-05T16:07:44Z,2023-07-05 16:07:44+00:00,1,https://github.com/BCStudentSoftwareDevTeam/celts/issues/746,293.96266203703703
celts,747,Increase the word limit in the event description and tell the user what that limit is. ,AndersonStettner,User,closed,2022-09-14 17:04:05+00:00,2022-11-10T21:26:56Z,2022-11-10 21:26:56+00:00,2,https://github.com/BCStudentSoftwareDevTeam/celts/issues/747,57.18253472222222
celts,748,Add the ability to limit the number of volunteers that can RSVP to an event. ,AndersonStettner,User,closed,2022-09-14 17:06:19+00:00,2023-06-15T14:09:09Z,2023-06-15 14:09:09+00:00,1,https://github.com/BCStudentSoftwareDevTeam/celts/issues/748,273.8769675925926
celts,749,Add a new Background check category: Student Life. Also give admin the ability to delete a BG check and disable the save button after it has been pressed,AndersonStettner,User,closed,2022-09-14 17:07:51+00:00,2022-09-21T14:09:43Z,2022-09-21 14:09:43+00:00,1,https://github.com/BCStudentSoftwareDevTeam/celts/issues/749,6.876296296296296
celts,753,Make sure kiosk mode works in Firefox,AndersonStettner,User,closed,2022-09-16 12:45:31+00:00,2022-09-20T19:43:49Z,2022-09-20 19:43:49+00:00,1,https://github.com/BCStudentSoftwareDevTeam/celts/issues/753,4.290486111111111
celts,754,Create a new page that will have CELTS info forms.,AndersonStettner,User,closed,2022-09-16 15:31:11+00:00,2022-10-17T15:48:20Z,2022-10-17 15:48:20+00:00,1,https://github.com/BCStudentSoftwareDevTeam/celts/issues/754,31.01190972222222
celts,755,Make the location of Events auto populate the same way Event contact info does. ,AndersonStettner,User,closed,2022-09-16 15:33:40+00:00,2022-11-21T16:57:11Z,2022-11-21 16:57:11+00:00,1,https://github.com/BCStudentSoftwareDevTeam/celts/issues/755,66.05799768518519
celts,756,Create a new home/landing page,AndersonStettner,User,closed,2022-09-16 15:37:04+00:00,2023-02-08T19:28:00Z,2023-02-08 19:28:00+00:00,1,https://github.com/BCStudentSoftwareDevTeam/celts/issues/756,145.16037037037037
celts,757,Add a new check box when creating an event to say that food will be provided during the event.,AndersonStettner,User,closed,2022-09-16 15:39:36+00:00,2022-10-12T12:23:46Z,2022-10-12 12:23:46+00:00,1,https://github.com/BCStudentSoftwareDevTeam/celts/issues/757,25.86400462962963
celts,758,Add the ability to for a user to put in their dietary preferences and prompt them for it on some cases ,AndersonStettner,User,closed,2022-09-16 15:46:19+00:00,2023-02-08T19:28:01Z,2023-02-08 19:28:01+00:00,1,https://github.com/BCStudentSoftwareDevTeam/celts/issues/758,145.15395833333332
celts,764,Make the table navigation stay on the last page of the Event Participant table,AndersonStettner,User,closed,2022-09-21 15:14:02+00:00,2023-06-26T13:22:47Z,2023-06-26 13:22:47+00:00,1,https://github.com/BCStudentSoftwareDevTeam/celts/issues/764,277.92274305555554
celts,768,End Time is not checked when creating recurring events,sreynit02,User,closed,2022-09-26 16:43:39+00:00,2023-02-08T22:46:58Z,2023-02-08 22:46:57+00:00,1,https://github.com/BCStudentSoftwareDevTeam/celts/issues/768,135.25229166666668
celts,771,Fix the Program hyperlinks on the User Profile,AndersonStettner,User,closed,2022-10-03 15:13:08+00:00,2022-10-11T16:55:38Z,2022-10-11 16:55:38+00:00,1,https://github.com/BCStudentSoftwareDevTeam/celts/issues/771,8.071180555555555
celts,776,Fix the text encoding ,AndersonStettner,User,closed,2022-10-07 14:35:28+00:00,2022-10-24T19:38:43Z,2022-10-24 19:38:43+00:00,1,https://github.com/BCStudentSoftwareDevTeam/celts/issues/776,17.21059027777778
celts,785,Let Program Managers edit events after they are created,AndersonStettner,User,closed,2022-10-17 15:51:29+00:00,2022-10-21T14:03:05Z,2022-10-21 14:03:05+00:00,1,https://github.com/BCStudentSoftwareDevTeam/celts/issues/785,3.924722222222222
celts,786,Fix Program Managers uploading pngs to events,AndersonStettner,User,closed,2022-10-17 15:55:38+00:00,2022-10-21T13:58:25Z,2022-10-21 13:58:25+00:00,2,https://github.com/BCStudentSoftwareDevTeam/celts/issues/786,3.918599537037037
celts,789,Admin is not able to remove volunteers,AndersonStettner,User,closed,2022-10-17 18:46:22+00:00,2023-05-10T14:03:51Z,2023-05-10 14:03:51+00:00,2,https://github.com/BCStudentSoftwareDevTeam/celts/issues/789,204.80380787037038
celts,792,Refactor programEvent table,gahimbaref,User,closed,2022-10-20 21:02:18+00:00,2023-07-13T15:23:52Z,2023-07-13 15:23:52+00:00,1,https://github.com/BCStudentSoftwareDevTeam/celts/issues/792,265.7649768518518
celts,797,Refactor Program Management section of Admin Settings,AndersonStettner,User,closed,2022-11-11 15:32:11+00:00,2025-01-30T21:22:04Z,2025-01-30 21:22:04+00:00,1,https://github.com/BCStudentSoftwareDevTeam/celts/issues/797,811.2429745370371
celts,799,Upgrade Flask,martinj2-dot,User,closed,2022-11-17 15:11:46+00:00,2023-02-08T22:47:36Z,2023-02-08 22:47:36+00:00,1,https://github.com/BCStudentSoftwareDevTeam/celts/issues/799,83.31655092592592
celts,804,Fix and check on SLC Proposal  edit permissions,AndersonStettner,User,closed,2022-11-30 20:31:20+00:00,2023-04-24T20:03:45Z,2023-04-24 20:03:45+00:00,1,https://github.com/BCStudentSoftwareDevTeam/celts/issues/804,144.9808449074074
celts,809,Change the banned indicator of volunteers on the Track Volunteers page.,AndersonStettner,User,closed,2022-12-09 15:17:42+00:00,2023-02-08T22:48:00Z,2023-02-08 22:48:00+00:00,1,https://github.com/BCStudentSoftwareDevTeam/celts/issues/809,61.31270833333333
celts,810,Add Defensive driving,AndersonStettner,User,closed,2022-12-09 15:23:16+00:00,2024-06-17T20:22:40Z,2024-06-17 20:22:40+00:00,3,https://github.com/BCStudentSoftwareDevTeam/celts/issues/810,556.2079166666666
celts,811,"If an event is marked with ""Food is provided"" add a reminder onto the sentence for volunteers to put in their dietary restrictions on their profiles. ",AndersonStettner,User,closed,2022-12-09 15:25:39+00:00,2023-02-08T19:28:01Z,2023-02-08 19:28:01+00:00,1,https://github.com/BCStudentSoftwareDevTeam/celts/issues/811,61.168310185185184
celts,812,"Add the ability to use kiosk mode form a mobile phone, use camera to capture barcode on IDs",AndersonStettner,User,closed,2022-12-09 15:34:08+00:00,2023-08-08T20:44:23Z,2023-08-08 20:44:23+00:00,2,https://github.com/BCStudentSoftwareDevTeam/celts/issues/812,242.21545138888888
celts,813,On Events list page only show current and future events to students and gray out past events for Admin and Student Staff,AndersonStettner,User,closed,2022-12-09 15:35:39+00:00,2023-07-28T15:55:01Z,2023-07-28 15:53:39+00:00,3,https://github.com/BCStudentSoftwareDevTeam/celts/issues/813,231.0125
celts,814,Add character counters to the bottom of all SLC questions (3rd page),AndersonStettner,User,closed,2022-12-09 15:41:43+00:00,2023-03-22T16:20:02Z,2023-03-22 16:20:02+00:00,1,https://github.com/BCStudentSoftwareDevTeam/celts/issues/814,103.0266087962963
celts,820,Refactor Service-Learning forms,AndersonStettner,User,closed,2023-01-06 17:08:07+00:00,2023-05-24T14:12:49Z,2023-05-24 14:12:49+00:00,1,https://github.com/BCStudentSoftwareDevTeam/celts/issues/820,137.87826388888888
celts,827,"Add an ""Other Celts Sponsored Events"" card to the landing page.",AndersonStettner,User,closed,2023-01-31 15:28:19+00:00,2023-08-21T16:10:58Z,2023-08-21 16:10:57+00:00,1,https://github.com/BCStudentSoftwareDevTeam/celts/issues/827,202.0296064814815
celts,828,Fix the data fields in the Event Email Template that are not being populated. ,AndersonStettner,User,closed,2023-01-31 15:32:03+00:00,2023-07-10T20:33:22Z,2023-07-10 20:33:22+00:00,1,https://github.com/BCStudentSoftwareDevTeam/celts/issues/828,160.20924768518518
celts,829,"Create a ""RSVP history"" on the Track Volunteers page.",AndersonStettner,User,closed,2023-01-31 15:36:47+00:00,2023-07-05T14:41:17Z,2023-07-05 14:41:17+00:00,1,https://github.com/BCStudentSoftwareDevTeam/celts/issues/829,154.96145833333333
celts,830,"Make it so that if the ""Food will be provided"" is checked the automatically check the ""Requires RSVP"" as well.",AndersonStettner,User,closed,2023-01-31 15:43:31+00:00,2023-03-15T19:25:01Z,2023-03-15 19:25:01+00:00,1,https://github.com/BCStudentSoftwareDevTeam/celts/issues/830,43.153819444444444
celts,831,Have an email sent to Ashley Cochrane when an SLC proposal is submitted.,AndersonStettner,User,open,2023-02-01 19:29:59+00:00,2025-12-10T16:26:51Z,,1,https://github.com/BCStudentSoftwareDevTeam/celts/issues/831,
celts,832,Change wording/messaging for SLC statuses.,AndersonStettner,User,closed,2023-02-01 19:35:39+00:00,2023-05-24T14:12:49Z,2023-05-24 14:12:49+00:00,2,https://github.com/BCStudentSoftwareDevTeam/celts/issues/832,111.77581018518518
celts,837,Issues from Mega-branch,AndersonStettner,User,closed,2023-02-09 16:22:51+00:00,2023-02-28T15:43:06Z,2023-02-28 15:43:06+00:00,1,https://github.com/BCStudentSoftwareDevTeam/celts/issues/837,18.972395833333334
celts,840,Program Management table does not collapse in accordion when page shrinks,AndersonStettner,User,closed,2023-02-10 20:07:04+00:00,2023-02-28T15:44:42Z,2023-02-28 15:44:42+00:00,1,https://github.com/BCStudentSoftwareDevTeam/celts/issues/840,17.817800925925926
celts,843,Cannot exit SLC Proposal form from the last page when viewing,bledsoef,User,closed,2023-02-23 15:10:24+00:00,2023-05-24T14:12:50Z,2023-05-24 14:12:50+00:00,0,https://github.com/BCStudentSoftwareDevTeam/celts/issues/843,89.96002314814815
celts,845,Fix file attachment on recurring events.,AndersonStettner,User,closed,2023-02-27 21:22:31+00:00,2023-07-05T20:48:26Z,2023-07-05 20:48:26+00:00,1,https://github.com/BCStudentSoftwareDevTeam/celts/issues/845,127.97633101851852
celts,854,Add a students major and class level to the User table,AndersonStettner,User,closed,2023-03-24 20:08:29+00:00,2023-04-10T14:41:39Z,2023-04-10 14:41:39+00:00,1,https://github.com/BCStudentSoftwareDevTeam/celts/issues/854,16.773032407407406
celts,856,Add a view counter to event pages,AndersonStettner,User,closed,2023-03-29 12:02:50+00:00,2023-05-10T14:20:04Z,2023-05-10 14:20:04+00:00,1,https://github.com/BCStudentSoftwareDevTeam/celts/issues/856,42.095300925925926
celts,857,CELTS Data Sheets,AndersonStettner,User,closed,2023-03-29 12:08:13+00:00,2023-05-12T14:53:36Z,2023-05-12 14:53:36+00:00,1,https://github.com/BCStudentSoftwareDevTeam/celts/issues/857,44.11484953703704
celts,858,Create the data spreadsheet ,AndersonStettner,User,closed,2023-03-29 12:15:03+00:00,2023-05-12T14:53:22Z,2023-05-12 14:53:22+00:00,1,https://github.com/BCStudentSoftwareDevTeam/celts/issues/858,44.10994212962963
celts,859,"Add a ""Miles"" or ""Distance traveled"" to the `Create Event` and `Edit Event` page",AndersonStettner,User,closed,2023-03-29 12:22:25+00:00,2023-04-04T12:00:19Z,2023-04-04 12:00:19+00:00,1,https://github.com/BCStudentSoftwareDevTeam/celts/issues/859,5.984652777777778
celts,884,Generalize Spreadsheet queries and write tests for them,AndersonStettner,User,closed,2023-05-12 15:02:53+00:00,2024-04-18T17:03:26Z,2024-04-18 17:03:26+00:00,2,https://github.com/BCStudentSoftwareDevTeam/celts/issues/884,342.0837152777778
celts,886,Add a students Major and Class to User Profile,AndersonStettner,User,closed,2023-05-18 14:45:18+00:00,2023-06-14T12:44:53Z,2023-06-14 12:44:53+00:00,1,https://github.com/BCStudentSoftwareDevTeam/celts/issues/886,26.916377314814813
celts,887,Move the `Close` button on the renew modal to the left side ,AndersonStettner,User,closed,2023-05-18 14:51:46+00:00,2023-06-14T12:44:06Z,2023-06-14 12:44:06+00:00,1,https://github.com/BCStudentSoftwareDevTeam/celts/issues/887,26.911342592592593
celts,888,Change SLC Question char count to word count and improve their look,AndersonStettner,User,closed,2023-05-18 14:56:45+00:00,2023-06-28T20:24:57Z,2023-06-28 20:24:57+00:00,1,https://github.com/BCStudentSoftwareDevTeam/celts/issues/888,41.227916666666665
celts,889,"Change the wording of the ""Submit"" button for SLC Proposals",AndersonStettner,User,closed,2023-05-18 14:59:13+00:00,2023-06-16T18:19:55Z,2023-06-16 18:19:55+00:00,1,https://github.com/BCStudentSoftwareDevTeam/celts/issues/889,29.139375
celts,890,Fix dropdowns needing a page reload to select the same option,AndersonStettner,User,closed,2023-05-18 15:02:49+00:00,2023-08-02T14:03:57Z,2023-08-02 14:03:57+00:00,1,https://github.com/BCStudentSoftwareDevTeam/celts/issues/890,75.95912037037037
celts,891,Fix Faculty SLC Proposal Renewal error,AndersonStettner,User,closed,2023-05-18 15:08:23+00:00,2023-06-21T13:29:46Z,2023-06-21 13:29:46+00:00,1,https://github.com/BCStudentSoftwareDevTeam/celts/issues/891,33.9315162037037
celts,892,Set `Send Recommendation` and `Email All` buttons target to _blank,AndersonStettner,User,closed,2023-05-18 15:11:49+00:00,2023-06-13T14:03:23Z,2023-06-13 14:03:23+00:00,1,https://github.com/BCStudentSoftwareDevTeam/celts/issues/892,25.952476851851852
celts,893,Rename `Download File` button to `Download Course List` on Admin Course Management page,AndersonStettner,User,closed,2023-05-18 15:13:07+00:00,2023-05-19T15:37:30Z,2023-05-19 15:37:30+00:00,4,https://github.com/BCStudentSoftwareDevTeam/celts/issues/893,1.0169328703703704
celts,894,Add faculty username to the url for Course Management page,AndersonStettner,User,closed,2023-05-18 15:14:41+00:00,2023-06-15T14:59:50Z,2023-06-15 14:59:50+00:00,1,https://github.com/BCStudentSoftwareDevTeam/celts/issues/894,27.9896875
celts,895,Add an email button to the Service-Learning faculty section of the Admin Course Management page,AndersonStettner,User,closed,2023-05-18 15:18:48+00:00,2023-07-12T16:22:06Z,2023-07-12 16:22:06+00:00,1,https://github.com/BCStudentSoftwareDevTeam/celts/issues/895,55.043958333333336
celts,896,Show dietary restrictions of users who have RSVPd for an event,AndersonStettner,User,closed,2023-05-18 15:21:39+00:00,2023-06-28T17:47:28Z,2023-06-28 17:47:28+00:00,1,https://github.com/BCStudentSoftwareDevTeam/celts/issues/896,41.10126157407407
celts,897,Make sure the Program Cards on the Landing Page are in alphabetical order,AndersonStettner,User,closed,2023-05-18 15:22:57+00:00,2023-06-20T17:25:05Z,2023-06-20 17:25:05+00:00,1,https://github.com/BCStudentSoftwareDevTeam/celts/issues/897,33.08481481481481
celts,898,Adjust the size of the file upload box on `Create Event` and `Edit Event` pages ,AndersonStettner,User,closed,2023-05-18 15:24:44+00:00,2023-07-05T14:05:43Z,2023-07-05 14:05:43+00:00,3,https://github.com/BCStudentSoftwareDevTeam/celts/issues/898,47.94512731481481
celts,899,Add Minor,AndersonStettner,User,closed,2023-05-18 15:33:38+00:00,2024-02-27T15:02:36Z,2024-02-27 15:02:36+00:00,1,https://github.com/BCStudentSoftwareDevTeam/celts/issues/899,284.9784490740741
celts,900,Update the CELTS Logo for the printed SLC Proposal. ,AndersonStettner,User,closed,2023-05-18 16:20:53+00:00,2023-06-15T14:14:03Z,2023-06-15 14:14:03+00:00,1,https://github.com/BCStudentSoftwareDevTeam/celts/issues/900,27.911921296296295
celts,901,"Hide all other visibility options when creating notes if ""Related to Bonner..."" is checked ",AndersonStettner,User,closed,2023-05-18 16:22:43+00:00,2023-07-17T20:05:48Z,2023-07-17 20:05:48+00:00,1,https://github.com/BCStudentSoftwareDevTeam/celts/issues/901,60.15491898148148
celts,902,"If the uploaded file for an event is an image, display that image on the Event View page",AndersonStettner,User,closed,2023-05-18 16:25:27+00:00,2023-07-13T21:42:07Z,2023-07-13 21:42:07+00:00,1,https://github.com/BCStudentSoftwareDevTeam/celts/issues/902,56.219907407407405
celts,907,Combine the Add Volunteer and the Add Past Volunteers modals,AndersonStettner,User,closed,2023-05-30 14:35:57+00:00,2023-06-28T14:46:24Z,2023-06-28 14:46:24+00:00,1,https://github.com/BCStudentSoftwareDevTeam/celts/issues/907,29.007256944444446
celts,908,Fix sidebar responsiveness throughout the application,AndersonStettner,User,closed,2023-05-30 16:13:04+00:00,2023-06-14T20:07:10Z,2023-06-14 20:07:10+00:00,1,https://github.com/BCStudentSoftwareDevTeam/celts/issues/908,15.162569444444445
celts,915,"Move ""Created & Designed by..."" to the second line. ",AndersonStettner,User,closed,2023-06-12 19:25:17+00:00,2023-06-13T19:07:47Z,2023-06-13 19:07:47+00:00,1,https://github.com/BCStudentSoftwareDevTeam/celts/issues/915,0.9878472222222222
celts,916,"Make the `Back` button on the ""Contributors""  page not white. ",AndersonStettner,User,closed,2023-06-12 19:26:34+00:00,2023-06-13T15:23:33Z,2023-06-13 15:23:32+00:00,1,https://github.com/BCStudentSoftwareDevTeam/celts/issues/916,0.8312268518518519
celts,919,Faculty can not edit or create SLC Proposals ,AndersonStettner,User,closed,2023-06-12 20:22:56+00:00,2023-06-12T20:47:02Z,2023-06-12 20:47:02+00:00,1,https://github.com/BCStudentSoftwareDevTeam/celts/issues/919,0.01673611111111111
celts,933,Create UI for CELTS Admin to download the datasheets from within the application.,AndersonStettner,User,closed,2023-06-14 20:19:24+00:00,2025-06-17T14:30:58Z,2025-06-17 14:30:57+00:00,2,https://github.com/BCStudentSoftwareDevTeam/celts/issues/933,733.7580208333334
celts,941,Fix `Page Not Found` when an admin searches for no student on the `/student_search` page,AndersonStettner,User,closed,2023-06-16 17:31:11+00:00,2023-06-22T12:51:05Z,2023-06-22 12:51:05+00:00,1,https://github.com/BCStudentSoftwareDevTeam/celts/issues/941,5.805486111111111
celts,942,Change all Event routes/urls,AndersonStettner,User,closed,2023-06-16 17:34:48+00:00,2023-07-12T16:22:43Z,2023-06-20 19:54:29+00:00,2,https://github.com/BCStudentSoftwareDevTeam/celts/issues/942,4.097002314814815
celts,944,Refactor Track Volunteers controller and template,AndersonStettner,User,closed,2023-06-16 19:10:25+00:00,2024-03-12T18:57:17Z,2024-03-12 18:57:17+00:00,2,https://github.com/BCStudentSoftwareDevTeam/celts/issues/944,269.9908796296296
celts,953,Remove the data from the url of the Ajax request into post data and add some restrictions to the route that it is calling.,AndersonStettner,User,closed,2023-06-21 14:39:30+00:00,2023-07-03T16:09:37Z,2023-07-03 16:09:37+00:00,1,https://github.com/BCStudentSoftwareDevTeam/celts/issues/953,12.062581018518518
celts,957,Student staff retain their program management roles on events even after being removed as student staff,hoerstl,User,closed,2023-06-23 12:34:01+00:00,2023-10-31T14:38:45Z,2023-10-31 14:38:45+00:00,1,https://github.com/BCStudentSoftwareDevTeam/celts/issues/957,130.08662037037038
celts,958,Can't delete volunteers from track volunteer page table outside of page 1.,andersoncedu,User,closed,2023-06-23 17:13:47+00:00,2023-06-26T13:22:48Z,2023-06-26 13:22:48+00:00,0,https://github.com/BCStudentSoftwareDevTeam/celts/issues/958,2.8395949074074074
celts,969,Refactor delete Event Participant and create a new table on Track Volunteers page for people who RSVPd for the event but did not attend. ,AndersonStettner,User,closed,2023-06-29 19:57:56+00:00,2023-07-11T13:07:19Z,2023-07-11 13:07:19+00:00,1,https://github.com/BCStudentSoftwareDevTeam/celts/issues/969,11.714849537037036
celts,972,Clean up empty directories for file attachments on recurring events.,ojmakinde,User,closed,2023-07-03 14:37:48+00:00,2023-07-21T13:55:44Z,2023-07-21 13:55:44+00:00,1,https://github.com/BCStudentSoftwareDevTeam/celts/issues/972,17.970787037037038
celts,976,Test email functionalities,hoerstl,User,closed,2023-07-07 17:35:51+00:00,2023-07-26T19:06:01Z,2023-07-26 19:06:01+00:00,1,https://github.com/BCStudentSoftwareDevTeam/celts/issues/976,19.06261574074074
celts,978,Add toast notification when adding and removing students from a Bonner Cohort,AndersonStettner,User,closed,2023-07-10 14:13:32+00:00,2023-10-24T15:14:41Z,2023-10-24 15:14:41+00:00,1,https://github.com/BCStudentSoftwareDevTeam/celts/issues/978,106.04246527777778
celts,979,Syllabus upload should be changed to match the new upload ,AndersonStettner,User,closed,2023-07-10 14:24:42+00:00,2023-07-20T14:10:55Z,2023-07-20 14:10:55+00:00,1,https://github.com/BCStudentSoftwareDevTeam/celts/issues/979,9.99042824074074
celts,981,All Volunteer Training is not able to be created,AndersonStettner,User,closed,2023-07-10 15:21:08+00:00,2023-07-18T14:39:01Z,2023-07-18 14:39:01+00:00,1,https://github.com/BCStudentSoftwareDevTeam/celts/issues/981,7.970752314814815
celts,982,Bonner requirements are not showing correctly when creating a Bonner event ,AndersonStettner,User,closed,2023-07-11 17:27:12+00:00,2023-07-28T20:27:07Z,2023-07-28 20:27:07+00:00,1,https://github.com/BCStudentSoftwareDevTeam/celts/issues/982,17.12494212962963
celts,983,Add a `Primary Manager` flag to `ProgramManager`,AndersonStettner,User,closed,2023-07-12 12:32:50+00:00,2023-08-21T16:46:05Z,2023-08-21 16:46:05+00:00,1,https://github.com/BCStudentSoftwareDevTeam/celts/issues/983,40.175868055555554
celts,984,Add a new `Student Admin` role ,AndersonStettner,User,open,2023-07-12 12:42:15+00:00,2025-12-10T16:26:50Z,,1,https://github.com/BCStudentSoftwareDevTeam/celts/issues/984,
celts,985,Add the concept of a `Canceled Event` ,AndersonStettner,User,closed,2023-07-12 12:44:14+00:00,2023-08-07T13:32:12Z,2023-08-07 13:32:12+00:00,2,https://github.com/BCStudentSoftwareDevTeam/celts/issues/985,26.033310185185186
celts,986,Add a Renew/Reschedule button to Canceled Events,AndersonStettner,User,closed,2023-07-12 12:45:47+00:00,2024-03-19T19:31:24Z,2024-03-19 19:31:24+00:00,1,https://github.com/BCStudentSoftwareDevTeam/celts/issues/986,251.28167824074075
celts,987,Add admin page for Minor,AndersonStettner,User,closed,2023-07-12 12:48:04+00:00,2024-02-27T15:00:21Z,2024-02-27 15:00:21+00:00,1,https://github.com/BCStudentSoftwareDevTeam/celts/issues/987,230.09186342592594
celts,988,Add checkbox to Program Settings to indicate that service qualifies for the CCE minor,AndersonStettner,User,closed,2023-07-12 12:49:46+00:00,2023-10-13T14:49:37Z,2023-10-13 14:49:37+00:00,1,https://github.com/BCStudentSoftwareDevTeam/celts/issues/988,93.08322916666667
celts,989,Create Student CCE Minor page ,AndersonStettner,User,closed,2023-07-12 12:51:40+00:00,2024-02-16T17:04:15Z,2024-02-16 17:04:15+00:00,2,https://github.com/BCStudentSoftwareDevTeam/celts/issues/989,219.1754050925926
celts,990,Create page for requesting other community engagement,AndersonStettner,User,closed,2023-07-12 12:54:49+00:00,2024-02-27T15:00:21Z,2024-02-27 15:00:21+00:00,1,https://github.com/BCStudentSoftwareDevTeam/celts/issues/990,230.08717592592592
celts,991,CELTS Position information added to the `Program Manager` accordion,AndersonStettner,User,closed,2023-07-12 13:02:29+00:00,2024-03-15T18:25:38Z,2024-03-15 18:25:38+00:00,2,https://github.com/BCStudentSoftwareDevTeam/celts/issues/991,247.22440972222222
celts,992,Add Emergency Contact and Insurance Information to User Profile,AndersonStettner,User,closed,2023-07-12 13:07:08+00:00,2023-08-07T15:22:48Z,2023-08-07 15:22:48+00:00,1,https://github.com/BCStudentSoftwareDevTeam/celts/issues/992,26.094212962962963
celts,994,Link emergency contact to event volunteer information ,AndersonStettner,User,closed,2023-07-12 15:48:31+00:00,2023-10-18T13:31:42Z,2023-10-18 13:31:42+00:00,1,https://github.com/BCStudentSoftwareDevTeam/celts/issues/994,97.90498842592592
celts,995,Refactor faculty emailing on Admin Course Management page,AndersonStettner,User,closed,2023-07-12 15:53:29+00:00,2023-08-07T19:13:00Z,2023-08-07 19:13:00+00:00,1,https://github.com/BCStudentSoftwareDevTeam/celts/issues/995,26.13855324074074
celts,996,Refactor `Dietary Restrictions` tab,AndersonStettner,User,closed,2023-07-12 15:58:45+00:00,2023-08-08T22:20:16Z,2023-08-08 22:20:16+00:00,1,https://github.com/BCStudentSoftwareDevTeam/celts/issues/996,27.26494212962963
celts,997,Add the option to send a pdf of someones service transcript to them,AndersonStettner,User,open,2023-07-12 16:00:09+00:00,2025-12-10T16:26:49Z,,1,https://github.com/BCStudentSoftwareDevTeam/celts/issues/997,
celts,998,Show relative dates for events,AndersonStettner,User,closed,2023-07-12 16:02:33+00:00,2024-04-17T13:29:30Z,2024-04-17 13:29:30+00:00,3,https://github.com/BCStudentSoftwareDevTeam/celts/issues/998,279.8937152777778
celts,999,"Add a ""View"" hover for training to the `Track Volunteer` page",AndersonStettner,User,closed,2023-07-12 16:29:14+00:00,2023-08-09T14:52:55Z,2023-08-09 14:52:55+00:00,1,https://github.com/BCStudentSoftwareDevTeam/celts/issues/999,27.933113425925924
celts,1002,Fix `Upcoming Events` button on the landing page,AndersonStettner,User,closed,2023-07-13 19:21:44+00:00,2023-07-18T16:32:28Z,2023-07-18 16:32:28+00:00,1,https://github.com/BCStudentSoftwareDevTeam/celts/issues/1002,4.882453703703704
celts,1003,Fix default location of events when creating an event,AndersonStettner,User,closed,2023-07-13 19:29:08+00:00,2023-07-20T14:59:09Z,2023-07-20 14:59:09+00:00,1,https://github.com/BCStudentSoftwareDevTeam/celts/issues/1003,6.812511574074074
celts,1016,Fix the search button on `Student Search`,azabeli,User,closed,2023-08-01 17:38:52+00:00,2023-09-19T17:06:08Z,2023-09-19 17:06:08+00:00,1,https://github.com/BCStudentSoftwareDevTeam/celts/issues/1016,48.97726851851852
celts,1017,Attendance Limit for RSVP is allowed to be negative,andersoncedu,User,closed,2023-08-01 17:41:22+00:00,2023-08-17T17:34:25Z,2023-08-17 17:34:25+00:00,1,https://github.com/BCStudentSoftwareDevTeam/celts/issues/1017,15.995173611111111
celts,1019,Make Remove Button functional on New Proposal For Service-Learning Course Page,azabeli,User,closed,2023-08-01 18:05:12+00:00,2024-11-21T20:02:40Z,2024-11-21 20:02:40+00:00,1,https://github.com/BCStudentSoftwareDevTeam/celts/issues/1019,478.08157407407407
celts,1020,Change the flash message when adding multiple volunteers to an event. ,AndersonStettner,User,closed,2023-08-01 18:13:05+00:00,2023-09-05T16:22:56Z,2023-09-05 16:22:56+00:00,1,https://github.com/BCStudentSoftwareDevTeam/celts/issues/1020,34.92350694444445
celts,1021,Change name of `Non-Attended Volunteers` accordion to `RSVP and Waitlist` and fix adding people from that accordion to `Attended Volunteers`,AndersonStettner,User,closed,2023-08-01 18:34:25+00:00,2023-08-09T15:30:51Z,2023-08-09 15:30:51+00:00,1,https://github.com/BCStudentSoftwareDevTeam/celts/issues/1021,7.872523148148148
celts,1028,Turn the email in `Contact Information` on the event view page into a `mailto` link.,AndersonStettner,User,closed,2023-08-10 13:08:40+00:00,2023-08-15T14:24:22Z,2023-08-15 14:24:22+00:00,1,https://github.com/BCStudentSoftwareDevTeam/celts/issues/1028,5.052569444444444
celts,1029,Improve the preview display for uploading previous course excel file in `/managerServiceLearning`,AndersonStettner,User,closed,2023-08-10 13:15:41+00:00,2023-09-19T13:45:26Z,2023-09-19 13:45:26+00:00,1,https://github.com/BCStudentSoftwareDevTeam/celts/issues/1029,40.02065972222222
celts,1030,Create a log for Dietary Restrictions. ,AndersonStettner,User,closed,2023-08-10 13:54:05+00:00,2023-08-28T14:31:36Z,2023-08-28 14:31:36+00:00,1,https://github.com/BCStudentSoftwareDevTeam/celts/issues/1030,18.02605324074074
celts,1031,Refactor Service Transcript,AndersonStettner,User,closed,2023-08-10 13:56:28+00:00,2025-09-17T14:35:26Z,2025-09-17 14:35:26+00:00,1,https://github.com/BCStudentSoftwareDevTeam/celts/issues/1031,769.0270601851852
celts,1032,Refactor `User Profile`,AndersonStettner,User,closed,2023-08-10 13:57:36+00:00,2025-09-19T14:08:33Z,2025-09-19 14:08:33+00:00,1,https://github.com/BCStudentSoftwareDevTeam/celts/issues/1032,771.0076041666666
celts,1033,Update event cover image,AndersonStettner,User,closed,2023-08-10 13:59:14+00:00,2023-10-18T16:00:35Z,2023-10-18 16:00:35+00:00,1,https://github.com/BCStudentSoftwareDevTeam/celts/issues/1033,69.08427083333333
celts,1034,Set the default hours for a SLC to 20 hours when uploading participants on the `/manageServiceLearning` page,AndersonStettner,User,closed,2023-08-10 14:10:14+00:00,2023-11-13T21:36:06Z,2023-11-13 21:36:06+00:00,1,https://github.com/BCStudentSoftwareDevTeam/celts/issues/1034,95.30962962962963
celts,1035,Refactor `import_users.py`,AndersonStettner,User,closed,2023-08-10 14:55:51+00:00,2023-08-25T13:45:31Z,2023-08-25 13:45:31+00:00,1,https://github.com/BCStudentSoftwareDevTeam/celts/issues/1035,14.951157407407408
celts,1040,Indicate there are no upcoming events on the outside of a programs accordion. ,AndersonStettner,User,closed,2023-08-16 12:44:17+00:00,2023-08-22T16:59:52Z,2023-08-22 16:59:52+00:00,1,https://github.com/BCStudentSoftwareDevTeam/celts/issues/1040,6.177488425925926
celts,1045,Change flash message when a banned student is scanned in through kiosk entry. ,AndersonStettner,User,closed,2023-08-21 16:15:31+00:00,2023-12-27T17:16:17Z,2023-12-27 17:16:17+00:00,1,https://github.com/BCStudentSoftwareDevTeam/celts/issues/1045,128.04219907407406
celts,1047,Fix `View Past Events` toggle,AndersonStettner,User,closed,2023-08-22 16:53:02+00:00,2023-12-27T16:16:33Z,2023-12-27 16:16:15+00:00,2,https://github.com/BCStudentSoftwareDevTeam/celts/issues/1047,126.97445601851852
celts,1048,Fix RSVP responsiveness when RSVP limit is 0,AndersonStettner,User,closed,2023-08-23 12:50:59+00:00,2023-08-25T19:57:11Z,2023-08-25 19:57:11+00:00,1,https://github.com/BCStudentSoftwareDevTeam/celts/issues/1048,2.2959722222222223
celts,1049,Fix adding `Bonner Requirements` ,AndersonStettner,User,closed,2023-08-23 12:53:05+00:00,2023-08-28T16:47:31Z,2023-08-28 16:47:31+00:00,1,https://github.com/BCStudentSoftwareDevTeam/celts/issues/1049,5.162800925925926
celts,1050,Give CELTS the ability to turn automated emails off and on,AndersonStettner,User,open,2023-08-23 12:56:54+00:00,2025-12-10T16:26:48Z,,1,https://github.com/BCStudentSoftwareDevTeam/celts/issues/1050,
celts,1053,Write `import_user.py` output to a file. ,AndersonStettner,User,open,2023-08-25 13:49:14+00:00,2025-12-10T16:26:47Z,,5,https://github.com/BCStudentSoftwareDevTeam/celts/issues/1053,
celts,1056,Restrict banned Volunteers from the programs they are banned from ,qasema,User,closed,2023-08-28 20:14:35+00:00,2023-08-28T20:17:58Z,2023-08-28 20:17:21+00:00,0,https://github.com/BCStudentSoftwareDevTeam/celts/issues/1056,0.0019212962962962964
celts,1059,Create course participants UI ,AndersonStettner,User,closed,2023-08-30 19:27:47+00:00,2024-08-22T18:37:35Z,2024-08-22 18:37:35+00:00,4,https://github.com/BCStudentSoftwareDevTeam/celts/issues/1059,357.9651388888889
celts,1060,Refactor Courses so they take into account having multiple sections,AndersonStettner,User,open,2023-08-30 19:30:51+00:00,2025-09-23T18:04:29Z,,2,https://github.com/BCStudentSoftwareDevTeam/celts/issues/1060,
celts,1062,Create button that hits button and receives response until we get API keys,bledsoef,User,closed,2023-09-01 18:30:40+00:00,2025-09-23T18:08:30Z,2025-09-23 18:08:30+00:00,1,https://github.com/BCStudentSoftwareDevTeam/celts/issues/1062,752.9846064814815
celts,1075,Fix the logic for the student search button on the student search page,Karina-Agliullova,User,closed,2023-09-14 20:25:51+00:00,2024-03-01T18:08:53Z,2024-03-01 18:08:52+00:00,2,https://github.com/BCStudentSoftwareDevTeam/celts/issues/1075,168.90487268518518
celts,1077,Add Course to Visible Term,hoerstl,User,closed,2023-09-19 13:40:02+00:00,2023-10-06T18:34:27Z,2023-10-06 18:34:22+00:00,1,https://github.com/BCStudentSoftwareDevTeam/celts/issues/1077,17.204398148148147
celts,1078,Issue editing emergency contact email address,andersoncedu,User,closed,2023-09-19 14:36:45+00:00,2024-01-19T17:10:21Z,2024-01-19 17:10:21+00:00,1,https://github.com/BCStudentSoftwareDevTeam/celts/issues/1078,122.10666666666667
celts,1079,Find FLASK_ENV alternative,AndersonStettner,User,closed,2023-09-20 13:22:29+00:00,2023-11-13T16:03:03Z,2023-11-13 16:03:03+00:00,1,https://github.com/BCStudentSoftwareDevTeam/celts/issues/1079,54.11150462962963
celts,1084,Remove unnecessary queries when saving service learning courses. ,AndersonStettner,User,closed,2023-10-06 18:01:57+00:00,2023-10-09T13:24:33Z,2023-10-09 13:24:33+00:00,1,https://github.com/BCStudentSoftwareDevTeam/celts/issues/1084,2.807361111111111
celts,1085,Replace program links with links to the program Instagram account. ,AndersonStettner,User,closed,2023-10-09 13:14:26+00:00,2024-02-19T21:30:10Z,2024-02-19 21:30:10+00:00,1,https://github.com/BCStudentSoftwareDevTeam/celts/issues/1085,133.34425925925925
celts,1094,Add `Sustained Engagement` functionality  ,AndersonStettner,User,closed,2023-10-19 16:07:20+00:00,2024-03-01T18:01:03Z,2024-03-01 18:01:02+00:00,2,https://github.com/BCStudentSoftwareDevTeam/celts/issues/1094,134.07895833333333
celts,1100,Reduce amount of unnecessary queries that are run when loading the landing page. ,AndersonStettner,User,closed,2023-10-27 13:45:46+00:00,2023-11-13T20:12:21Z,2023-11-13 20:12:21+00:00,1,https://github.com/BCStudentSoftwareDevTeam/celts/issues/1100,17.26846064814815
celts,1104,Create a UI to download a spreadsheet,solijonovam,User,closed,2023-12-04 22:08:16+00:00,2024-07-22T20:56:57Z,2024-07-22 20:56:57+00:00,1,https://github.com/BCStudentSoftwareDevTeam/celts/issues/1104,230.95047453703702
celts,1115,Event Attachment Filenames,hoerstl,User,closed,2024-01-11 21:50:05+00:00,2024-01-19T16:40:18Z,2024-01-19 16:40:18+00:00,1,https://github.com/BCStudentSoftwareDevTeam/celts/issues/1115,7.784872685185185
celts,1117,Add a new column which specifies the volunteer status for event(s) on EventList page ,azabeli,User,closed,2024-01-22 16:32:50+00:00,2024-01-31T22:09:42Z,2024-01-31 22:09:42+00:00,0,https://github.com/BCStudentSoftwareDevTeam/celts/issues/1117,9.233935185185185
celts,1120,Make the sidebar Activity Logs consistent with the page title Admin Logs,bledsoef,User,closed,2024-02-02 17:40:12+00:00,2024-08-25T02:58:46Z,2024-08-25 02:58:46+00:00,2,https://github.com/BCStudentSoftwareDevTeam/celts/issues/1120,204.38789351851852
celts,1121,CELTS-Sponsored Events have weird grammar in their titles,bledsoef,User,closed,2024-02-02 17:55:45+00:00,2024-08-21T04:21:08Z,2024-08-21 04:21:08+00:00,2,https://github.com/BCStudentSoftwareDevTeam/celts/issues/1121,200.4342939814815
celts,1122,Kiosk mode is a little bit clunky when making it full screen,bledsoef,User,closed,2024-02-02 18:46:18+00:00,2024-08-22T18:38:14Z,2024-08-22 18:38:14+00:00,3,https://github.com/BCStudentSoftwareDevTeam/celts/issues/1122,201.99439814814815
celts,1123,Change the language on the Add Volunteer Modal when the event is upcoming,bledsoef,User,closed,2024-02-02 19:32:55+00:00,2024-04-03T17:04:10Z,2024-04-03 17:04:10+00:00,1,https://github.com/BCStudentSoftwareDevTeam/celts/issues/1123,60.896701388888886
celts,1125,Remove unused addVolunteerToEventRsvp function,bledsoef,User,closed,2024-02-06 21:00:28+00:00,2024-06-17T12:23:12Z,2024-06-17 12:23:12+00:00,1,https://github.com/BCStudentSoftwareDevTeam/celts/issues/1125,131.64078703703703
celts,1128,README says to use ./database/reset_database.sh real,bledsoef,User,closed,2024-02-15 21:16:35+00:00,2024-08-21T04:06:15Z,2024-08-21 04:06:15+00:00,2,https://github.com/BCStudentSoftwareDevTeam/celts/issues/1128,187.28449074074075
celts,1130,Event View Tabs Have Weird Visual Bugs When Changing Page Size,bledsoef,User,closed,2024-02-16 17:03:03+00:00,2026-06-17T15:42:50Z,2026-06-17 15:42:50+00:00,1,https://github.com/BCStudentSoftwareDevTeam/celts/issues/1130,851.9442939814815
celts,1131,Refactor the templates directory,bledsoef,User,closed,2024-02-19 17:31:17+00:00,2024-09-13T16:53:58Z,2024-09-13 16:53:58+00:00,1,https://github.com/BCStudentSoftwareDevTeam/celts/issues/1131,206.97408564814816
celts,1132,Add docstrings and comments if necessary to files in the events logic file,bledsoef,User,closed,2024-02-19 18:03:09+00:00,2024-11-21T19:57:46Z,2024-11-21 19:57:46+00:00,2,https://github.com/BCStudentSoftwareDevTeam/celts/issues/1132,276.0795949074074
celts,1133,Change how Bonner Cohort Years are added to the Cohort Management section.,bledsoef,User,closed,2024-02-19 18:53:04+00:00,2024-04-19T17:47:56Z,2024-04-19 17:47:56+00:00,1,https://github.com/BCStudentSoftwareDevTeam/celts/issues/1133,59.95476851851852
celts,1134,Fix the date of upcoming Bonner event in Bonner program accordion,bledsoef,User,closed,2024-02-19 18:55:06+00:00,2024-02-19T21:45:10Z,2024-02-19 21:45:09+00:00,0,https://github.com/BCStudentSoftwareDevTeam/celts/issues/1134,0.11809027777777778
celts,1135,Manage volunteers page breaks when inviting a cohort to a Bonner event,bledsoef,User,closed,2024-02-19 19:21:23+00:00,2024-02-19T20:26:39Z,2024-02-19 20:26:39+00:00,1,https://github.com/BCStudentSoftwareDevTeam/celts/issues/1135,0.04532407407407407
celts,1137,Redesign the congested buttons on the SLC questionnaire page for admins,azabeli,User,closed,2024-02-28 16:24:04+00:00,2025-09-23T18:21:50Z,2025-09-23 18:21:50+00:00,1,https://github.com/BCStudentSoftwareDevTeam/celts/issues/1137,573.0817824074074
celts,1138,Redesign the display for uploaded files in events and courses.,bledsoef,User,closed,2024-03-12 18:53:47+00:00,2024-07-01T15:57:55Z,2024-07-01 15:57:55+00:00,1,https://github.com/BCStudentSoftwareDevTeam/celts/issues/1138,110.87787037037037
celts,1141,Add a graduated flag and display it on the CCE Minor Progress table,bledsoef,User,closed,2024-03-13 15:06:11+00:00,2024-08-25T05:04:55Z,2024-08-25 05:04:55+00:00,1,https://github.com/BCStudentSoftwareDevTeam/celts/issues/1141,164.5824537037037
celts,1142,Create a matrix with all permissions in CELTS and who has each of those,bledsoef,User,closed,2024-03-13 15:15:33+00:00,2024-11-21T19:58:05Z,2024-11-21 19:58:04+00:00,2,https://github.com/BCStudentSoftwareDevTeam/celts/issues/1142,253.19619212962962
celts,1143,Email admin when a student indicates interest in the minor,bledsoef,User,open,2024-03-13 15:19:51+00:00,2025-12-10T16:26:47Z,,1,https://github.com/BCStudentSoftwareDevTeam/celts/issues/1143,
celts,1144,Allow admins to manually add students to the Interested Students table in Minor Management,bledsoef,User,closed,2024-03-13 15:59:20+00:00,2024-07-16T20:43:34Z,2024-07-16 20:43:34+00:00,2,https://github.com/BCStudentSoftwareDevTeam/celts/issues/1144,125.19738425925927
celts,1145,"Have an ""Email All Interested"" button on the CCE Minor Management page",bledsoef,User,closed,2024-03-13 16:03:30+00:00,2024-05-01T19:01:57Z,2024-05-01 19:01:57+00:00,1,https://github.com/BCStudentSoftwareDevTeam/celts/issues/1145,49.12392361111111
celts,1146,Display the amount of interested minor students in the sidebar,bledsoef,User,closed,2024-03-13 16:15:00+00:00,2024-04-05T18:27:55Z,2024-04-05 18:27:55+00:00,2,https://github.com/BCStudentSoftwareDevTeam/celts/issues/1146,23.09230324074074
celts,1147,Let Admin see the amount of unapproved courses they have in the sidebar,bledsoef,User,closed,2024-03-13 16:19:26+00:00,2024-11-21T19:58:38Z,2024-11-21 19:58:37+00:00,1,https://github.com/BCStudentSoftwareDevTeam/celts/issues/1147,253.15221064814816
celts,1148,Minor Management page tables need to be more reactive,bledsoef,User,closed,2024-03-13 16:23:32+00:00,2024-04-09T13:34:28Z,2024-04-09 13:34:28+00:00,1,https://github.com/BCStudentSoftwareDevTeam/celts/issues/1148,26.88259259259259
celts,1149,Indicate on the CCE Minor Progress table that a student has completed all requirements,bledsoef,User,closed,2024-03-13 16:28:02+00:00,2024-08-21T03:49:03Z,2024-08-21 03:49:02+00:00,2,https://github.com/BCStudentSoftwareDevTeam/celts/issues/1149,160.47291666666666
celts,1150,Add a new column to the CCE Minor Progress table to indicate that they requested engagement,bledsoef,User,closed,2024-03-13 16:32:34+00:00,2024-04-10T15:52:19Z,2024-04-10 15:52:19+00:00,1,https://github.com/BCStudentSoftwareDevTeam/celts/issues/1150,27.972048611111113
celts,1151,Change the Request Other Community Engaged Experience form,bledsoef,User,closed,2024-03-13 16:47:35+00:00,2024-05-02T20:17:16Z,2024-05-02 20:17:16+00:00,1,https://github.com/BCStudentSoftwareDevTeam/celts/issues/1151,50.14561342592592
celts,1152,Ask for additional information for Community-Engaged Summer Experience,bledsoef,User,closed,2024-03-13 16:51:24+00:00,2025-03-28T18:15:14Z,2025-03-28 18:15:13+00:00,2,https://github.com/BCStudentSoftwareDevTeam/celts/issues/1152,380.05820601851855
celts,1156,Multiple event times of a training display as separate events,bledsoef,User,closed,2024-03-15 17:27:43+00:00,2024-08-01T15:14:55Z,2024-08-01 15:14:55+00:00,2,https://github.com/BCStudentSoftwareDevTeam/celts/issues/1156,138.90777777777777
celts,1157,RSVP logs not created when inviting cohorts to Bonner events,bledsoef,User,closed,2024-03-15 18:31:41+00:00,2024-07-01T13:37:22Z,2024-07-01 13:37:22+00:00,1,https://github.com/BCStudentSoftwareDevTeam/celts/issues/1157,107.79561342592592
celts,1158,Set default for event attachments,bledsoef,User,closed,2024-03-15 20:09:42+00:00,2024-08-21T04:09:01Z,2024-08-21 04:09:00+00:00,2,https://github.com/BCStudentSoftwareDevTeam/celts/issues/1158,158.33284722222223
celts,1159,Mark trainings as completed when there are none,bledsoef,User,closed,2024-03-15 20:18:47+00:00,2024-04-05T17:41:32Z,2024-04-05 17:41:09+00:00,1,https://github.com/BCStudentSoftwareDevTeam/celts/issues/1159,20.890532407407406
celts,1161,Add student CPO numbers to their profiles ,AndersonStettner,User,closed,2024-03-20 15:26:51+00:00,2024-06-17T12:19:33Z,2024-06-17 12:19:33+00:00,1,https://github.com/BCStudentSoftwareDevTeam/celts/issues/1161,88.86993055555556
celts,1162,Remove the ability for an event participant to have None hours earned,bledsoef,User,closed,2024-03-20 16:44:36+00:00,2025-06-24T17:19:34Z,2025-06-24 17:19:34+00:00,4,https://github.com/BCStudentSoftwareDevTeam/celts/issues/1162,461.0242824074074
celts,1163,The Submit and Approve button for SLC proposals is broken,andersoncedu,User,closed,2024-03-25 14:54:12+00:00,2024-08-25T02:54:50Z,2024-08-25 02:54:50+00:00,2,https://github.com/BCStudentSoftwareDevTeam/celts/issues/1163,152.50043981481483
celts,1164,Instructors are labeled as Faculty for the main course proposals page.,andersoncedu,User,closed,2024-03-26 18:50:03+00:00,2024-08-22T18:28:57Z,2024-08-22 18:28:57+00:00,2,https://github.com/BCStudentSoftwareDevTeam/celts/issues/1164,148.98534722222223
celts,1165,Disable Delete Event Button When Creating an Event,stevensonmichel,User,closed,2024-03-26 19:59:03+00:00,2024-06-13T17:47:36Z,2024-06-13 17:47:36+00:00,3,https://github.com/BCStudentSoftwareDevTeam/celts/issues/1165,78.90871527777777
celts,1166,The warning message for past event shows when the event is currently happening,Karina-Agliullova,User,closed,2024-04-02 18:37:31+00:00,2024-06-18T21:08:17Z,2024-06-18 21:08:17+00:00,0,https://github.com/BCStudentSoftwareDevTeam/celts/issues/1166,77.10469907407408
celts,1167,No upcoming events is displayed on front page cards even when there are upcoming events,andersoncedu,User,closed,2024-04-02 19:40:45+00:00,2024-08-21T04:27:50Z,2024-08-21 04:27:49+00:00,2,https://github.com/BCStudentSoftwareDevTeam/celts/issues/1167,140.36601851851853
celts,1170,Negative numbers can be added to slc as number of service hours.,andersoncedu,User,closed,2024-04-03 15:38:15+00:00,2024-08-25T02:59:23Z,2024-08-25 02:59:23+00:00,3,https://github.com/BCStudentSoftwareDevTeam/celts/issues/1170,143.47300925925927
celts,1171,"""New Proposal For Service-Learning Course"" is shown for every slc course.",andersoncedu,User,closed,2024-04-03 15:43:58+00:00,2024-08-21T03:44:09Z,2024-08-21 03:44:09+00:00,3,https://github.com/BCStudentSoftwareDevTeam/celts/issues/1171,139.50012731481482
celts,1173,Create a Dropdown to modify Imported Courses' Status,stevensonmichel,User,open,2024-04-05 13:35:06+00:00,2025-12-10T16:26:46Z,,2,https://github.com/BCStudentSoftwareDevTeam/celts/issues/1173,
celts,1179,Import participants will pop up again after cancelling,bledsoef,User,closed,2024-04-12 18:32:32+00:00,2024-08-21T03:45:47Z,2024-08-21 03:45:47+00:00,2,https://github.com/BCStudentSoftwareDevTeam/celts/issues/1179,130.3842013888889
celts,1180,Importing a course that exists will match it with the first course that it finds that matches,bledsoef,User,closed,2024-04-12 18:38:23+00:00,2024-08-21T04:19:20Z,2024-08-21 04:19:20+00:00,2,https://github.com/BCStudentSoftwareDevTeam/celts/issues/1180,130.4034375
celts,1199,Error occurs when updating Insurance Information,eunsungw,User,closed,2024-06-11 17:53:43+00:00,2024-06-13T20:24:18Z,2024-06-13 20:23:34+00:00,1,https://github.com/BCStudentSoftwareDevTeam/celts/issues/1199,2.1040625
celts,1206,Add Course Abbreviations for courses on SLC Proposals,vungc,User,closed,2024-06-12 15:37:06+00:00,2024-07-08T19:59:13Z,2024-07-08 19:59:13+00:00,2,https://github.com/BCStudentSoftwareDevTeam/celts/issues/1206,26.18202546296296
celts,1210,mySQL creating empty rows in Course Proposals ,vungc,User,closed,2024-06-12 20:04:00+00:00,2024-07-31T13:37:33Z,2024-07-31 13:37:33+00:00,1,https://github.com/BCStudentSoftwareDevTeam/celts/issues/1210,48.731631944444445
celts,1213,"responsive bootstrap for NewProposal,html file",MImran2002,User,closed,2024-06-13 21:45:06+00:00,2024-07-01T13:35:14Z,2024-07-01 13:35:13+00:00,2,https://github.com/BCStudentSoftwareDevTeam/celts/issues/1213,17.65980324074074
celts,1223,No remove feature for Interested Students under Minor Management,AravDe,User,closed,2024-06-17 19:11:19+00:00,2024-06-28T21:12:14Z,2024-06-28 21:12:14+00:00,0,https://github.com/BCStudentSoftwareDevTeam/celts/issues/1223,11.083969907407408
celts,1225,Grayout the RSVP volunteers button when event has passed ,WackyWeaver,User,closed,2024-06-17 20:58:33+00:00,2024-08-22T18:57:21Z,2024-08-22 18:57:20+00:00,2,https://github.com/BCStudentSoftwareDevTeam/celts/issues/1225,65.91582175925926
celts,1235,Sticky withdraw button after withdrawing from course - Firefox,WackyWeaver,User,closed,2024-06-24 15:43:19+00:00,2025-06-20T19:58:01Z,2025-06-20 19:58:01+00:00,0,https://github.com/BCStudentSoftwareDevTeam/celts/issues/1235,361.176875
celts,1236,Firefox Event date dropdown not working,WackyWeaver,User,closed,2024-06-24 15:45:41+00:00,2024-08-21T04:31:09Z,2024-08-21 04:31:09+00:00,1,https://github.com/BCStudentSoftwareDevTeam/celts/issues/1236,57.53157407407407
celts,1238,Inconsistency in the number of courses in the Term dropdown in Chrome and Firefox browsers ,ali-ramazani,User,closed,2024-06-24 17:56:52+00:00,2024-08-22T18:52:30Z,2024-08-22 18:52:30+00:00,1,https://github.com/BCStudentSoftwareDevTeam/celts/issues/1238,59.03863425925926
celts,1239,Course Withdrawal doesn't work on Chrome; only works on Firefox. ,ali-ramazani,User,closed,2024-06-24 18:07:36+00:00,2024-08-22T19:36:43Z,2024-08-22 19:36:43+00:00,1,https://github.com/BCStudentSoftwareDevTeam/celts/issues/1239,59.06188657407407
celts,1241,Course proposal page breaks after a proposal file is uploaded ,ali-ramazani,User,closed,2024-06-24 20:04:01+00:00,2024-08-27T18:02:11Z,2024-08-27 18:01:32+00:00,2,https://github.com/BCStudentSoftwareDevTeam/celts/issues/1241,63.91494212962963
celts,1244,Unapprove button doesn't work for courses in review course proposal,ali-ramazani,User,closed,2024-06-26 13:41:26+00:00,2024-08-30T16:40:02Z,2024-08-30 16:40:01+00:00,1,https://github.com/BCStudentSoftwareDevTeam/celts/issues/1244,65.1240162037037
celts,1257,Renew button issue in course proposal ,ali-ramazani,User,closed,2024-07-02 21:00:25+00:00,2024-08-22T19:56:07Z,2024-08-22 19:56:06+00:00,0,https://github.com/BCStudentSoftwareDevTeam/celts/issues/1257,50.95533564814815
celts,1259,Date picker browser issue ,ali-ramazani,User,closed,2024-07-03 13:51:15+00:00,2024-08-21T04:31:04Z,2024-08-21 04:31:04+00:00,1,https://github.com/BCStudentSoftwareDevTeam/celts/issues/1259,48.610983796296296
celts,1261,Creating an undo button for event deletion ,WackyWeaver,User,closed,2024-07-08 18:30:15+00:00,2024-08-21T04:17:39Z,2024-08-21 04:17:39+00:00,2,https://github.com/BCStudentSoftwareDevTeam/celts/issues/1261,43.407916666666665
celts,1262,'timeStr is not defined' issue in createEvent.html,ali-ramazani,User,closed,2024-07-08 21:17:15+00:00,2024-08-21T04:34:34Z,2024-08-21 04:34:33+00:00,1,https://github.com/BCStudentSoftwareDevTeam/celts/issues/1262,43.30368055555556
celts,1263,Grammatical error under CELTS-sponsored event,vungc,User,closed,2024-07-10 14:30:11+00:00,2024-08-25T02:57:28Z,2024-08-25 02:57:28+00:00,3,https://github.com/BCStudentSoftwareDevTeam/celts/issues/1263,45.51894675925926
celts,1265,Add asterisks for the required input fields in the Create Events page ,vungc,User,closed,2024-07-10 15:02:16+00:00,2024-08-25T02:56:48Z,2024-08-25 02:56:47+00:00,3,https://github.com/BCStudentSoftwareDevTeam/celts/issues/1265,45.49619212962963
celts,1267,Start Time and End Time time pickers are not working in Firefox,ali-ramazani,User,closed,2024-07-10 19:34:45+00:00,2025-01-30T21:21:32Z,2025-01-30 21:21:31+00:00,1,https://github.com/BCStudentSoftwareDevTeam/celts/issues/1267,204.07414351851853
celts,1268,"Event list: View Tab ""g_isPastTerm is not defined"" error in Fire fox.",thealphagurlux,User,closed,2024-07-10 19:46:34+00:00,2024-11-21T20:19:16Z,2024-11-21 20:19:16+00:00,0,https://github.com/BCStudentSoftwareDevTeam/celts/issues/1268,134.02270833333333
celts,1270,View Past Event Toggle,vungc,User,closed,2024-07-11 13:38:12+00:00,2024-08-21T04:18:53Z,2024-08-21 04:18:52+00:00,3,https://github.com/BCStudentSoftwareDevTeam/celts/issues/1270,40.61157407407408
celts,1273,Add Icons to the Courses status in Course Managment,Ndiayem14,User,closed,2024-07-12 15:06:02+00:00,2024-08-22T18:43:44Z,2024-08-22 18:43:44+00:00,2,https://github.com/BCStudentSoftwareDevTeam/celts/issues/1273,41.151180555555555
celts,1274,Removing gap and creating two separate lists on Create an Event Page,vungc,User,closed,2024-07-12 17:41:25+00:00,2024-08-21T04:12:30Z,2024-08-21 04:12:30+00:00,2,https://github.com/BCStudentSoftwareDevTeam/celts/issues/1274,39.43825231481482
celts,1276,Add instructions on how to enter B# on Kiosk Entry & Adding an Enter Button ,eunsungw,User,closed,2024-07-15 15:01:39+00:00,2024-08-25T02:56:02Z,2024-08-25 02:56:02+00:00,2,https://github.com/BCStudentSoftwareDevTeam/celts/issues/1276,40.49609953703704
celts,1279,All Volunteer Training Template Title,vungc,User,closed,2024-07-16 14:01:57+00:00,2024-08-25T03:00:46Z,2024-08-25 03:00:46+00:00,2,https://github.com/BCStudentSoftwareDevTeam/celts/issues/1279,39.540844907407404
celts,1283,Program Completion in CCE Minor Management,vungc,User,closed,2024-07-17 19:15:45+00:00,2024-08-21T04:25:00Z,2024-08-21 04:25:00+00:00,3,https://github.com/BCStudentSoftwareDevTeam/celts/issues/1283,34.38142361111111
celts,1287,"Whenever toggling the Event requires RSVP, the food is provided button toggles too",WackyWeaver,User,closed,2024-07-22 14:28:11+00:00,2024-08-21T04:11:43Z,2024-08-21 04:11:43+00:00,3,https://github.com/BCStudentSoftwareDevTeam/celts/issues/1287,29.571898148148147
celts,1289,Generalize Spreadsheet Queries (Continued),WackyWeaver,User,closed,2024-07-22 19:33:12+00:00,2024-08-01T15:06:06Z,2024-07-31 16:48:49+00:00,1,https://github.com/BCStudentSoftwareDevTeam/celts/issues/1289,8.885844907407407
celts,1291,Enhance adding volunteers through RSVP Modal,Mbeweg,User,open,2024-07-22 20:44:48+00:00,2025-12-10T16:26:45Z,,0,https://github.com/BCStudentSoftwareDevTeam/celts/issues/1291,
celts,1294,"Create Events Page: Split the toggle buttons into 2 sections, and make one of 3 required to create Event",thealphagurlux,User,closed,2024-07-23 17:30:07+00:00,2024-08-21T03:37:24Z,2024-08-21 03:37:24+00:00,1,https://github.com/BCStudentSoftwareDevTeam/celts/issues/1294,28.421724537037036
celts,1295,Bonner Cohort Invite ,Mbeweg,User,closed,2024-07-23 18:49:11+00:00,2025-01-30T20:52:12Z,2025-01-30 20:52:12+00:00,1,https://github.com/BCStudentSoftwareDevTeam/celts/issues/1295,191.08542824074075
celts,1299,Indicators next to event types in Events List,JohnCox2211,User,closed,2024-07-29 13:10:33+00:00,2024-09-06T21:01:30Z,2024-09-06 21:01:30+00:00,0,https://github.com/BCStudentSoftwareDevTeam/celts/issues/1299,39.32704861111111
celts,1301,Improved Reports UI ,WackyWeaver,User,open,2024-07-31 18:22:33+00:00,2025-12-10T16:26:44Z,,1,https://github.com/BCStudentSoftwareDevTeam/celts/issues/1301,
celts,1302,Allow more modular spreadsheets,WackyWeaver,User,open,2024-07-31 18:38:00+00:00,2025-12-10T16:26:43Z,,1,https://github.com/BCStudentSoftwareDevTeam/celts/issues/1302,
celts,1303,Visualize Reports data,WackyWeaver,User,open,2024-07-31 18:47:50+00:00,2025-12-10T16:26:43Z,,1,https://github.com/BCStudentSoftwareDevTeam/celts/issues/1303,
celts,1306,Validate Event Name Entries for Multiple Offering Modal,dixita9,User,closed,2024-08-01 15:32:17+00:00,2024-11-21T19:54:27Z,2024-11-21 19:54:27+00:00,1,https://github.com/BCStudentSoftwareDevTeam/celts/issues/1306,112.18206018518518
celts,1311,"""Allow Start Date to be in the Past"" toggle is not working",Karina-Agliullova,User,closed,2024-08-22 19:49:54+00:00,2024-09-05T21:26:51Z,2024-09-05 21:26:51+00:00,1,https://github.com/BCStudentSoftwareDevTeam/celts/issues/1311,14.067326388888889
celts,1313,"""Save"" button margins on Create Event page",Karina-Agliullova,User,closed,2024-08-22 21:01:57+00:00,2024-08-29T21:33:10Z,2024-08-29 21:33:10+00:00,1,https://github.com/BCStudentSoftwareDevTeam/celts/issues/1313,7.021678240740741
celts,1314,Highlight of the today's event on the My Profile page,Karina-Agliullova,User,closed,2024-08-22 21:18:07+00:00,2024-09-03T16:02:32Z,2024-09-03 16:02:32+00:00,1,https://github.com/BCStudentSoftwareDevTeam/celts/issues/1314,11.780844907407408
celts,1315,Create interface to allow Admin to mark students as graduated,bledsoef,User,closed,2024-08-25 05:15:23+00:00,2025-04-25T21:32:48Z,2025-04-25 21:32:48+00:00,1,https://github.com/BCStudentSoftwareDevTeam/celts/issues/1315,243.6787615740741
celts,1318,LSF Ability for a student's profile to have a button that can link work experience to LinkedIn,Karina-Agliullova,User,closed,2024-08-28 15:50:23+00:00,2024-10-11T18:21:27Z,2024-10-11 18:21:27+00:00,1,https://github.com/BCStudentSoftwareDevTeam/celts/issues/1318,44.10490740740741
celts,1319,LSF Ability to move some departmental info between LSF to Smartsheets/Banner,Karina-Agliullova,User,closed,2024-08-28 15:52:40+00:00,2024-10-11T18:22:21Z,2024-10-11 18:22:21+00:00,1,https://github.com/BCStudentSoftwareDevTeam/celts/issues/1319,44.10394675925926
celts,1320,LSF Logout page doesn’t work,Karina-Agliullova,User,closed,2024-08-28 15:53:34+00:00,2024-10-11T18:37:16Z,2024-10-11 18:37:16+00:00,1,https://github.com/BCStudentSoftwareDevTeam/celts/issues/1320,44.113680555555554
celts,1321,LSF Students who are also Labor Admins cannot see the New Labor Status Forms page,Karina-Agliullova,User,closed,2024-08-28 15:54:48+00:00,2024-11-21T19:56:27Z,2024-11-21 19:56:27+00:00,1,https://github.com/BCStudentSoftwareDevTeam/celts/issues/1321,85.1678125
celts,1322,LSF Pending form errors,Karina-Agliullova,User,closed,2024-08-28 15:55:47+00:00,2024-10-11T18:38:24Z,2024-10-11 18:38:24+00:00,2,https://github.com/BCStudentSoftwareDevTeam/celts/issues/1322,44.11292824074074
celts,1323,LSF Creating New Student Views,Karina-Agliullova,User,closed,2024-08-28 15:58:02+00:00,2024-10-11T18:39:23Z,2024-10-11 18:39:23+00:00,1,https://github.com/BCStudentSoftwareDevTeam/celts/issues/1323,44.11204861111111
celts,1324,LSF Handshake functionality enhancement,Karina-Agliullova,User,closed,2024-08-28 19:47:27+00:00,2024-10-11T18:39:55Z,2024-10-11 18:39:55+00:00,1,https://github.com/BCStudentSoftwareDevTeam/celts/issues/1324,43.953101851851855
celts,1325,LSF email notifications not working,Karina-Agliullova,User,closed,2024-08-28 19:53:58+00:00,2025-04-03T17:18:18Z,2024-10-11 18:40:43+00:00,2,https://github.com/BCStudentSoftwareDevTeam/celts/issues/1325,43.949131944444446
celts,1326,LSF REQUIRE student confirmation of work contracts through email,Karina-Agliullova,User,closed,2024-08-28 19:57:22+00:00,2024-10-11T18:50:33Z,2024-10-11 18:50:33+00:00,0,https://github.com/BCStudentSoftwareDevTeam/celts/issues/1326,43.953599537037036
celts,1330,Date Field Editing in Event with Multiple Offering modal,stevensonmichel,User,closed,2024-09-04 18:50:22+00:00,2024-09-05T21:44:45Z,2024-09-05 21:44:45+00:00,2,https://github.com/BCStudentSoftwareDevTeam/celts/issues/1330,1.1210995370370371
celts,1331,Multiple Offerings Event Name ,hoerstl,User,closed,2024-09-04 18:55:31+00:00,2025-03-28T18:14:29Z,2025-03-28 18:14:29+00:00,2,https://github.com/BCStudentSoftwareDevTeam/celts/issues/1331,204.97150462962964
celts,1333,Datepicker Pop-Ups on Multiple Event Offerings,ojmakinde,User,open,2024-09-05 20:39:54+00:00,2025-12-10T16:26:27Z,,3,https://github.com/BCStudentSoftwareDevTeam/celts/issues/1333,
celts,1335,Refactor Multiple Event Offering and Recurring Event logic,vungc,User,closed,2024-09-05 21:56:49+00:00,2024-11-19T22:25:32Z,2024-11-19 22:25:32+00:00,2,https://github.com/BCStudentSoftwareDevTeam/celts/issues/1335,75.01994212962963
celts,1336,Error saving single events when start date is not specified,ojmakinde,User,closed,2024-09-06 13:59:06+00:00,2024-09-18T19:57:22Z,2024-09-18 19:57:22+00:00,2,https://github.com/BCStudentSoftwareDevTeam/celts/issues/1336,12.248796296296296
celts,1338,Redundant Location Input Required When Editing Events,doucoureb,User,closed,2024-09-09 18:56:19+00:00,2024-09-20T16:38:26Z,2024-09-20 16:38:26+00:00,3,https://github.com/BCStudentSoftwareDevTeam/celts/issues/1338,10.904247685185185
celts,1339,Refactor UI for Multiple Offerings and Recurring Events,ojmakinde,User,closed,2024-09-10 22:27:20+00:00,2025-09-25T14:58:21Z,2025-09-25 14:58:21+00:00,1,https://github.com/BCStudentSoftwareDevTeam/celts/issues/1339,379.68820601851854
celts,1340,Bonners Events can select training or service hour options ,WackyWeaver,User,closed,2024-09-11 19:50:56+00:00,2024-11-21T20:01:37Z,2024-11-21 20:01:37+00:00,1,https://github.com/BCStudentSoftwareDevTeam/celts/issues/1340,71.00741898148148
celts,1343,Datepicker allows past dates in multiple time offerings,WackyWeaver,User,closed,2024-09-17 21:22:12+00:00,2024-11-21T20:00:04Z,2024-11-21 20:00:04+00:00,1,https://github.com/BCStudentSoftwareDevTeam/celts/issues/1343,64.94296296296297
celts,1344,Bonner Cohort Selection,Karina-Agliullova,User,closed,2024-09-19 14:20:19+00:00,2024-09-30T17:42:44Z,2024-09-30 17:42:43+00:00,1,https://github.com/BCStudentSoftwareDevTeam/celts/issues/1344,11.140555555555556
celts,1348,Reevaluation on End Date field.,ojmakinde,User,closed,2024-10-10 19:17:07+00:00,2025-01-30T21:20:40Z,2025-01-30 21:20:40+00:00,0,https://github.com/BCStudentSoftwareDevTeam/celts/issues/1348,112.08579861111112
celts,1350,Events List Recurring Events break when deleting one of the recurring events,Karina-Agliullova,User,closed,2024-10-23 20:18:22+00:00,2024-11-22T23:48:04Z,2024-11-22 23:48:04+00:00,1,https://github.com/BCStudentSoftwareDevTeam/celts/issues/1350,30.145625
celts,1357,"Picking today's date counts as a ""past start date"" in multiple event offerings",bledsoef,User,closed,2024-11-21 19:30:40+00:00,2024-12-03T20:44:34Z,2024-12-03 20:44:33+00:00,0,https://github.com/BCStudentSoftwareDevTeam/celts/issues/1357,12.05130787037037
celts,1358,Create Event Grammar Issue ,WackyWeaver,User,closed,2024-11-21 20:06:47+00:00,2026-06-17T19:59:13Z,2026-06-17 19:59:13+00:00,1,https://github.com/BCStudentSoftwareDevTeam/celts/issues/1358,572.9947453703704
celts,1361,Delete recurring modal formatting refactor,bledsoef,User,closed,2024-11-22 23:50:18+00:00,2024-12-03T18:15:24Z,2024-12-03 18:15:24+00:00,0,https://github.com/BCStudentSoftwareDevTeam/celts/issues/1361,10.767430555555556
celts,1364,Duplicate Multiple Time Offerings,WackyWeaver,User,closed,2024-12-04 21:44:52+00:00,2024-12-05T21:24:11Z,2024-12-05 21:24:11+00:00,1,https://github.com/BCStudentSoftwareDevTeam/celts/issues/1364,0.9856365740740741
celts,1366,Add an UNDO option when deleting background check,Karina-Agliullova,User,closed,2024-12-13 16:09:22+00:00,2025-01-30T19:42:23Z,2025-01-30 19:42:23+00:00,1,https://github.com/BCStudentSoftwareDevTeam/celts/issues/1366,48.14792824074074
celts,1367,SLC Form should clarify when the instructors' list is empty,Karina-Agliullova,User,closed,2024-12-13 16:18:09+00:00,2025-01-30T19:37:37Z,2025-01-30 19:37:37+00:00,2,https://github.com/BCStudentSoftwareDevTeam/celts/issues/1367,48.13851851851852
celts,1368,CCE Minor engagement options,Karina-Agliullova,User,closed,2024-12-13 16:22:18+00:00,2025-02-12T21:34:31Z,2025-02-12 21:34:31+00:00,1,https://github.com/BCStudentSoftwareDevTeam/celts/issues/1368,61.21681712962963
celts,1369,Student Search Page input focus,Karina-Agliullova,User,closed,2024-12-13 16:43:33+00:00,2025-02-03T21:45:46Z,2025-02-03 21:45:46+00:00,1,https://github.com/BCStudentSoftwareDevTeam/celts/issues/1369,52.20987268518518
celts,1370,Bonner requirements checkmarks on the profile page,Karina-Agliullova,User,open,2024-12-13 16:48:57+00:00,2025-12-10T16:26:41Z,,1,https://github.com/BCStudentSoftwareDevTeam/celts/issues/1370,
celts,1371,Events List terms,Karina-Agliullova,User,closed,2024-12-13 16:52:42+00:00,2025-02-12T21:42:51Z,2025-02-12 21:42:50+00:00,1,https://github.com/BCStudentSoftwareDevTeam/celts/issues/1371,61.20148148148148
celts,1372,Events List - View Past Events Toggle,Karina-Agliullova,User,closed,2024-12-13 19:39:38+00:00,2025-03-10T19:59:40Z,2025-03-10 19:59:40+00:00,1,https://github.com/BCStudentSoftwareDevTeam/celts/issues/1372,87.01391203703703
celts,1373,Events List tabs,Karina-Agliullova,User,closed,2024-12-13 19:54:33+00:00,2025-02-13T21:37:40Z,2025-02-13 21:37:39+00:00,1,https://github.com/BCStudentSoftwareDevTeam/celts/issues/1373,62.07159722222222
celts,1374,Program Management fields,Karina-Agliullova,User,closed,2024-12-13 20:05:58+00:00,2025-03-24T18:32:21Z,2025-03-24 18:32:19+00:00,2,https://github.com/BCStudentSoftwareDevTeam/celts/issues/1374,100.93496527777778
celts,1375,Evaluate the Program Training determination,Karina-Agliullova,User,closed,2024-12-13 20:21:52+00:00,2025-03-26T21:07:50Z,2025-03-26 21:07:50+00:00,1,https://github.com/BCStudentSoftwareDevTeam/celts/issues/1375,103.03192129629629
celts,1376,Date picker in editing an event,Karina-Agliullova,User,closed,2024-12-13 20:24:51+00:00,2025-01-29T20:24:53Z,2025-01-29 20:24:52+00:00,2,https://github.com/BCStudentSoftwareDevTeam/celts/issues/1376,47.00001157407407
celts,1377,CCE Minor Summer Experience and Other Engagements approvals,Karina-Agliullova,User,open,2024-12-13 20:35:44+00:00,2025-12-10T16:26:40Z,,1,https://github.com/BCStudentSoftwareDevTeam/celts/issues/1377,
celts,1378,Bonner Cohort Management export options,Karina-Agliullova,User,closed,2024-12-13 20:56:06+00:00,2025-05-07T15:13:56Z,2025-05-07 15:13:56+00:00,1,https://github.com/BCStudentSoftwareDevTeam/celts/issues/1378,144.76238425925925
celts,1379,Labor participation in events,Karina-Agliullova,User,closed,2024-12-13 21:01:47+00:00,2025-06-24T12:56:42Z,2025-06-24 12:56:42+00:00,1,https://github.com/BCStudentSoftwareDevTeam/celts/issues/1379,192.6631365740741
celts,1380,Python 3.12 CI Failure,stevensonmichel,User,closed,2024-12-20 20:04:12+00:00,2025-02-07T15:48:44Z,2025-02-07 15:48:44+00:00,0,https://github.com/BCStudentSoftwareDevTeam/celts/issues/1380,48.82259259259259
celts,1381,Odd Spacing on the manageServiceLearningFaculty.html page,hoerstl,User,closed,2025-01-14 13:50:20+00:00,2025-01-14T15:28:05Z,2025-01-14 15:28:05+00:00,0,https://github.com/BCStudentSoftwareDevTeam/celts/issues/1381,0.06788194444444444
celts,1385,Normalize flash message usage,bledsoef,User,closed,2025-01-27 21:22:40+00:00,2025-09-25T15:05:55Z,2025-09-25 15:05:55+00:00,2,https://github.com/BCStudentSoftwareDevTeam/celts/issues/1385,240.73836805555555
celts,1391,Fix PR Template,bledsoef,User,closed,2025-01-31 18:16:42+00:00,2026-06-17T19:32:42Z,2026-06-17 19:32:42+00:00,2,https://github.com/BCStudentSoftwareDevTeam/celts/issues/1391,502.0527777777778
celts,1395,Create new view for viewing pending Summer Experiences and Other Engagements,bledsoef,User,closed,2025-02-03 22:01:49+00:00,2025-04-04T20:23:04Z,2025-04-04 20:23:04+00:00,1,https://github.com/BCStudentSoftwareDevTeam/celts/issues/1395,59.931423611111114
celts,1397,Add withdrawal functionality to Summer Experiences and Other Engagements,bledsoef,User,closed,2025-02-03 22:05:22+00:00,2025-04-17T19:47:26Z,2025-04-17 19:47:26+00:00,1,https://github.com/BCStudentSoftwareDevTeam/celts/issues/1397,72.90421296296296
celts,1398,Add approval functionality to Summer Experience and Other Engagement Process,bledsoef,User,closed,2025-02-03 22:06:20+00:00,2025-09-25T15:13:20Z,2025-09-25 15:13:20+00:00,1,https://github.com/BCStudentSoftwareDevTeam/celts/issues/1398,233.71319444444444
celts,1399,Add an edit feature and distinguush between editing and creating a Summer Experience or Other Engagement,bledsoef,User,closed,2025-02-03 22:08:40+00:00,2026-03-24T18:35:06Z,2026-03-24 18:35:06+00:00,1,https://github.com/BCStudentSoftwareDevTeam/celts/issues/1399,413.8516898148148
celts,1405,Add a CCE Minor Note feature,bledsoef,User,open,2025-02-07 20:22:58+00:00,2026-06-19T18:25:30Z,,1,https://github.com/BCStudentSoftwareDevTeam/celts/issues/1405,
celts,1406,Selection of Community Engagements for a particular term as its own proposal,bledsoef,User,open,2025-02-07 20:23:39+00:00,2025-12-10T16:26:37Z,,1,https://github.com/BCStudentSoftwareDevTeam/celts/issues/1406,
celts,1408,Consolidate SummerExperience and OtherEngagement into one multi-purpose model,bledsoef,User,closed,2025-02-07 21:20:17+00:00,2025-04-04T20:23:05Z,2025-04-04 20:23:05+00:00,0,https://github.com/BCStudentSoftwareDevTeam/celts/issues/1408,55.960277777777776
celts,1411,Get files working with Other Engagement,bledsoef,User,closed,2025-02-10 22:41:48+00:00,2025-04-08T19:14:03Z,2025-04-08 19:14:03+00:00,1,https://github.com/BCStudentSoftwareDevTeam/celts/issues/1411,56.85572916666667
celts,1412,"Normalize the usage of Other Engagement, Other Experience, and Request Other Engagement",bledsoef,User,closed,2025-02-10 22:42:15+00:00,2025-04-04T20:23:05Z,2025-04-04 20:23:05+00:00,0,https://github.com/BCStudentSoftwareDevTeam/celts/issues/1412,52.90335648148148
celts,1413,Deleting an event doesn't delete volunteer hours or participation history for the event,bledsoef,User,closed,2025-02-11 05:33:27+00:00,2025-03-28T03:55:19Z,2025-03-28 03:55:18+00:00,1,https://github.com/BCStudentSoftwareDevTeam/celts/issues/1413,44.93184027777778
celts,1414,Deleting an event doesn't delete volunteer hours or participation history for the event,bledsoef,User,closed,2025-02-11 05:34:31+00:00,2025-02-17T22:13:59Z,2025-02-11 05:34:54+00:00,1,https://github.com/BCStudentSoftwareDevTeam/celts/issues/1414,0.0002662037037037037
celts,1415,Add the students birthday to the user profile,bledsoef,User,closed,2025-02-11 05:37:22+00:00,2025-03-14T18:09:09Z,2025-03-14 18:09:09+00:00,0,https://github.com/BCStudentSoftwareDevTeam/celts/issues/1415,31.52207175925926
celts,1419,Add Program Manager selection to Program Edit Modal,WackyWeaver,User,closed,2025-02-26 20:49:02+00:00,2025-03-31T20:48:33Z,2025-03-31 20:48:33+00:00,1,https://github.com/BCStudentSoftwareDevTeam/celts/issues/1419,32.999664351851855
celts,1420,Mark Interested Students as Declared for CCE Minor,stevensonmichel,User,closed,2025-02-28 18:52:21+00:00,2025-04-03T22:29:34Z,2025-04-03 22:29:34+00:00,0,https://github.com/BCStudentSoftwareDevTeam/celts/issues/1420,34.15084490740741
celts,1423,Enable Program Managers To Edit Program Details,ojmakinde,User,closed,2025-03-05 15:28:22+00:00,2025-09-25T15:18:04Z,2025-09-25 15:18:04+00:00,1,https://github.com/BCStudentSoftwareDevTeam/celts/issues/1423,203.99284722222222
celts,1424,Default Event Location Not Populated When Edit Program Modal is Open,stevensonmichel,User,closed,2025-03-06 15:32:58+00:00,2025-06-17T19:12:00Z,2025-06-17 19:12:00+00:00,0,https://github.com/BCStudentSoftwareDevTeam/celts/issues/1424,103.15210648148148
celts,1427,Break Javascript files into their own sub directories like templates and routes,bledsoef,User,open,2025-03-14 18:08:50+00:00,2026-02-17T18:50:53Z,,1,https://github.com/BCStudentSoftwareDevTeam/celts/issues/1427,
celts,1430,Refactor Test Suites to Use Fixtures instead of duplicating data,bledsoef,User,open,2025-03-28 02:14:18+00:00,2025-12-10T16:26:36Z,,1,https://github.com/BCStudentSoftwareDevTeam/celts/issues/1430,
celts,1431,Make a change log appear to users,bledsoef,User,open,2025-03-28 18:06:16+00:00,2025-12-10T16:26:35Z,,1,https://github.com/BCStudentSoftwareDevTeam/celts/issues/1431,
celts,1432,Remove training info from event registration success message,bledsoef,User,closed,2025-03-28 18:21:14+00:00,2026-02-26T20:24:48Z,2026-02-26 20:24:48+00:00,1,https://github.com/BCStudentSoftwareDevTeam/celts/issues/1432,335.0858101851852
celts,1434,Generate spreadsheet for registrar showing CCE Minor progress,WackyWeaver,User,closed,2025-03-28 20:40:17+00:00,2025-04-08T21:28:13Z,2025-04-08 20:56:55+00:00,1,https://github.com/BCStudentSoftwareDevTeam/celts/issues/1434,11.011550925925926
celts,1441,Table under Programs on User Profile is not properly filling the page,bledsoef,User,closed,2025-04-15 00:45:09+00:00,2026-06-17T13:35:32Z,2026-06-17 13:35:32+00:00,1,https://github.com/BCStudentSoftwareDevTeam/celts/issues/1441,428.5349884259259
celts,1442,Create Event page restructure,Karina-Agliullova,User,closed,2025-04-16 13:57:21+00:00,2025-06-16T15:30:00Z,2025-06-16 15:30:00+00:00,1,https://github.com/BCStudentSoftwareDevTeam/celts/issues/1442,61.06434027777778
celts,1443,Event Name field population when creating event,Karina-Agliullova,User,closed,2025-04-16 14:24:05+00:00,2025-06-23T18:49:09Z,2025-06-23 18:49:09+00:00,1,https://github.com/BCStudentSoftwareDevTeam/celts/issues/1443,68.18407407407408
celts,1444,Save button on Create Event page,Karina-Agliullova,User,closed,2025-04-16 14:53:16+00:00,2025-08-08T20:55:49Z,2025-08-08 20:55:49+00:00,3,https://github.com/BCStudentSoftwareDevTeam/celts/issues/1444,114.25177083333334
celts,1446,Flash messages on create event page when Must Select One is not selected,Karina-Agliullova,User,closed,2025-04-16 15:44:56+00:00,2025-06-17T13:57:08Z,2025-06-17 13:57:08+00:00,2,https://github.com/BCStudentSoftwareDevTeam/celts/issues/1446,61.92513888888889
celts,1447,Multiple Offering Modal should have a different validation,Karina-Agliullova,User,closed,2025-04-16 15:50:10+00:00,2025-06-24T20:02:22Z,2025-06-24 20:02:22+00:00,1,https://github.com/BCStudentSoftwareDevTeam/celts/issues/1447,69.1751388888889
celts,1448,Delete the Allow Start Date to be in Past,Karina-Agliullova,User,closed,2025-04-16 15:54:50+00:00,2025-06-17T17:59:43Z,2025-06-17 17:59:43+00:00,1,https://github.com/BCStudentSoftwareDevTeam/celts/issues/1448,62.086724537037036
celts,1449,Change the Verbiage on RSVP Log,Karina-Agliullova,User,closed,2025-04-16 17:37:19+00:00,2025-06-11T18:37:43Z,2025-06-11 18:37:43+00:00,2,https://github.com/BCStudentSoftwareDevTeam/celts/issues/1449,56.04194444444445
celts,1450,Dietary Restriction On Volunteer Details,Karina-Agliullova,User,closed,2025-04-16 17:39:24+00:00,2025-06-20T15:07:25Z,2025-06-20 15:07:25+00:00,0,https://github.com/BCStudentSoftwareDevTeam/celts/issues/1450,64.89445601851853
celts,1451,Add in Insurance Information to Volunteer Details,Karina-Agliullova,User,closed,2025-04-16 17:43:16+00:00,2025-06-17T18:34:22Z,2025-06-17 18:34:22+00:00,2,https://github.com/BCStudentSoftwareDevTeam/celts/issues/1451,62.03548611111111
celts,1452,Service Transcript in Participation History,Karina-Agliullova,User,closed,2025-04-16 18:26:16+00:00,2025-06-11T18:36:04Z,2025-06-11 18:36:04+00:00,2,https://github.com/BCStudentSoftwareDevTeam/celts/issues/1452,56.00680555555556
celts,1453,Choose Action on the Profile page,Karina-Agliullova,User,closed,2025-04-16 18:28:38+00:00,2025-08-08T16:35:13Z,2025-08-08 16:35:13+00:00,0,https://github.com/BCStudentSoftwareDevTeam/celts/issues/1453,113.92123842592592
celts,1454,Add A Print Travel Forms Button To Volunteer Details,Karina-Agliullova,User,closed,2025-04-16 18:30:13+00:00,2025-07-16T18:59:30Z,2025-07-16 18:59:30+00:00,0,https://github.com/BCStudentSoftwareDevTeam/celts/issues/1454,91.02033564814815
celts,1455,Remove the Ability to Make a Student a Program Manager Via User Profile,Karina-Agliullova,User,closed,2025-04-16 18:53:04+00:00,2025-07-08T14:36:25Z,2025-07-08 14:36:25+00:00,1,https://github.com/BCStudentSoftwareDevTeam/celts/issues/1455,82.82177083333333
celts,1456,Date Picker For Banning Volunteer,Karina-Agliullova,User,closed,2025-04-16 18:55:54+00:00,2025-06-20T14:45:10Z,2025-06-20 14:45:10+00:00,1,https://github.com/BCStudentSoftwareDevTeam/celts/issues/1456,64.82587962962963
celts,1458,Print Button on Service Transcript,Karina-Agliullova,User,closed,2025-04-17 14:23:32+00:00,2025-09-25T18:01:22Z,2025-09-25 18:01:22+00:00,2,https://github.com/BCStudentSoftwareDevTeam/celts/issues/1458,161.15127314814814
celts,1459,Service Transcript Redesign,Karina-Agliullova,User,closed,2025-04-17 14:50:59+00:00,2025-09-25T18:02:22Z,2025-09-25 18:02:22+00:00,1,https://github.com/BCStudentSoftwareDevTeam/celts/issues/1459,161.13290509259258
celts,1460,Minimize the Minor Interest Thing on User Profile page,Karina-Agliullova,User,closed,2025-04-17 14:53:30+00:00,2025-09-25T18:02:53Z,2025-09-25 18:02:53+00:00,1,https://github.com/BCStudentSoftwareDevTeam/celts/issues/1460,161.1315162037037
celts,1461,Unclicking the Interested Checkbox in Minor Thing does not update the list of Interested Candidates,Karina-Agliullova,User,open,2025-04-17 15:01:55+00:00,2025-12-10T16:26:25Z,,2,https://github.com/BCStudentSoftwareDevTeam/celts/issues/1461,
celts,1462,Minor Course Credit Page,Karina-Agliullova,User,open,2025-04-17 15:04:37+00:00,2025-12-10T16:26:34Z,,1,https://github.com/BCStudentSoftwareDevTeam/celts/issues/1462,
celts,1463,Clicking/Unclicking the Interested Checkbox Should Show Confirmation it was Saved,Karina-Agliullova,User,closed,2025-04-17 15:06:46+00:00,2025-06-10T17:51:52Z,2025-06-10 17:51:52+00:00,1,https://github.com/BCStudentSoftwareDevTeam/celts/issues/1463,54.11465277777778
celts,1464,Assigning a program manager should show confirmation that it saved,Karina-Agliullova,User,closed,2025-04-17 15:08:15+00:00,2025-06-11T18:36:28Z,2025-06-11 18:36:28+00:00,0,https://github.com/BCStudentSoftwareDevTeam/celts/issues/1464,55.14459490740741
celts,1465,Interested in Minor Logic Should be Updated,Karina-Agliullova,User,closed,2025-04-17 17:30:32+00:00,2025-06-17T14:01:56Z,2025-06-17 14:01:56+00:00,1,https://github.com/BCStudentSoftwareDevTeam/celts/issues/1465,60.85513888888889
celts,1466,URL needs to be updated on “here” in  Minor Interest Thing on User Profile,Karina-Agliullova,User,closed,2025-04-17 17:32:36+00:00,2025-06-10T14:48:52Z,2025-06-10 14:48:52+00:00,1,https://github.com/BCStudentSoftwareDevTeam/celts/issues/1466,53.886296296296294
celts,1467,Course Proposal Buttons,Karina-Agliullova,User,closed,2025-04-17 18:59:20+00:00,2025-06-17T13:58:27Z,2025-06-17 13:58:27+00:00,1,https://github.com/BCStudentSoftwareDevTeam/celts/issues/1467,60.79105324074074
celts,1468,Enforce Required Frequency on Bonner Requirements,bledsoef,User,closed,2025-04-23 20:22:50+00:00,2025-10-16T17:01:17Z,2025-10-16 17:01:17+00:00,2,https://github.com/BCStudentSoftwareDevTeam/celts/issues/1468,175.86003472222222
celts,1469,What happened to the Allow Start Date To Be in the Past Toggle???,bledsoef,User,closed,2025-04-23 20:25:08+00:00,2025-04-24T20:06:43Z,2025-04-24 20:06:43+00:00,0,https://github.com/BCStudentSoftwareDevTeam/celts/issues/1469,0.9872106481481482
celts,1470,Globally hide or show graduated students from CELTS application,bledsoef,User,open,2025-04-24 00:59:19+00:00,2025-12-10T16:26:33Z,,1,https://github.com/BCStudentSoftwareDevTeam/celts/issues/1470,
celts,1472,Updates statuses on Course Proposals,bledsoef,User,closed,2025-04-24 20:02:33+00:00,2025-06-24T21:27:40Z,2025-06-24 21:27:40+00:00,2,https://github.com/BCStudentSoftwareDevTeam/celts/issues/1472,61.05910879629629
celts,1473,Make Minor Management Statuses More Visible,bledsoef,User,closed,2025-04-24 21:02:25+00:00,2026-02-20T16:02:22Z,2026-02-20 16:02:22+00:00,0,https://github.com/BCStudentSoftwareDevTeam/celts/issues/1473,301.7916319444444
celts,1474,Port old Summer Experiences over to new ones,bledsoef,User,open,2025-04-24 21:51:36+00:00,2025-12-10T16:26:32Z,,1,https://github.com/BCStudentSoftwareDevTeam/celts/issues/1474,
celts,1477,Footer Below appears in the middle of the screen on Bonner Management,Karina-Agliullova,User,closed,2025-05-06 18:25:19+00:00,2025-06-11T18:36:47Z,2025-06-11 18:36:47+00:00,1,https://github.com/BCStudentSoftwareDevTeam/celts/issues/1477,36.007962962962964
celts,1496,Clicking/Unclicking the Interested Checkbox should Save the Preference,GalinaP7,User,closed,2025-06-10 15:53:14+00:00,2025-06-12T13:58:51Z,2025-06-12 13:58:51+00:00,0,https://github.com/BCStudentSoftwareDevTeam/celts/issues/1496,1.9205671296296296
celts,1508,New Accordion for the minor information,bakobagassas,User,closed,2025-06-12 20:55:14+00:00,2025-09-25T18:26:54Z,2025-09-25 18:26:54+00:00,0,https://github.com/BCStudentSoftwareDevTeam/celts/issues/1508,104.89699074074075
celts,1514,Resolve breakpoint between buttons on Course Proposals,GalinaP7,User,closed,2025-06-13 20:44:17+00:00,2026-06-22T15:32:28Z,2026-06-22 15:32:28+00:00,1,https://github.com/BCStudentSoftwareDevTeam/celts/issues/1514,373.78346064814815
celts,1517,program info should be converted into an ajax request,jjijon7000,User,closed,2025-06-17 14:30:51+00:00,2025-06-26T19:19:22Z,2025-06-26 19:19:22+00:00,1,https://github.com/BCStudentSoftwareDevTeam/celts/issues/1517,9.200358796296296
celts,1535,Handle the exception in the ajax request in the withdraw function slcManagement.js file,jjijon7000,User,closed,2025-06-20 20:00:47+00:00,2026-06-22T20:58:03Z,2026-06-22 20:58:03+00:00,1,https://github.com/BCStudentSoftwareDevTeam/celts/issues/1535,367.03976851851854
celts,1538,Add Event to Display on Service Transcript if Individual Attended but Earned 0 Volunteer Hours,GalinaP7,User,closed,2025-06-23 18:14:05+00:00,2026-04-07T20:13:24Z,2026-04-07 20:13:24+00:00,1,https://github.com/BCStudentSoftwareDevTeam/celts/issues/1538,288.0828587962963
celts,1540,Adding a Location field for every single event listing,BesherKitaz,User,closed,2025-06-24 18:15:30+00:00,2026-01-12T17:09:03Z,2026-01-12 17:09:03+00:00,1,https://github.com/BCStudentSoftwareDevTeam/celts/issues/1540,201.95385416666667
celts,1549,Dietary Restrictions Broken on User Profile page,Karina-Agliullova,User,closed,2025-06-30 20:48:19+00:00,2025-09-25T18:45:25Z,2025-09-25 18:45:25+00:00,0,https://github.com/BCStudentSoftwareDevTeam/celts/issues/1549,86.91465277777777
celts,1552,Navbar menu on CELTS website becomes unscrollable at certain zoom levels,PuskarC,User,closed,2025-07-01 18:15:08+00:00,2025-09-25T18:47:52Z,2025-09-25 18:47:52+00:00,0,https://github.com/BCStudentSoftwareDevTeam/celts/issues/1552,86.02273148148149
celts,1553,Log tab in events page ,adjagbodjouf,User,open,2025-07-01 18:18:58+00:00,2025-12-10T16:26:29Z,,1,https://github.com/BCStudentSoftwareDevTeam/celts/issues/1553,
celts,1557,All Volunteer Training Save button,Karina-Agliullova,User,closed,2025-07-02 19:31:21+00:00,2025-07-02T20:14:42Z,2025-07-02 20:14:42+00:00,0,https://github.com/BCStudentSoftwareDevTeam/celts/issues/1557,0.030104166666666668
celts,1558,Create Event is blank for some student Admins.,Shenderaz,User,closed,2025-07-02 19:59:22+00:00,2025-09-12T12:26:25Z,2025-09-12 12:26:25+00:00,0,https://github.com/BCStudentSoftwareDevTeam/celts/issues/1558,71.6854513888889
celts,1559,Integrity Error when Editing Info,Karina-Agliullova,User,closed,2025-07-02 20:23:59+00:00,2025-08-08T19:37:15Z,2025-08-08 19:37:15+00:00,0,https://github.com/BCStudentSoftwareDevTeam/celts/issues/1559,36.9675462962963
celts,1560,Misplaced container on User Profile,Karina-Agliullova,User,closed,2025-07-07 15:06:45+00:00,2025-07-08T14:15:05Z,2025-07-08 14:15:05+00:00,0,https://github.com/BCStudentSoftwareDevTeam/celts/issues/1560,0.9641203703703703
celts,1561,Banned Users as volunteers in programs,Karina-Agliullova,User,closed,2025-07-07 20:36:00+00:00,2025-08-08T19:42:34Z,2025-08-08 19:42:34+00:00,1,https://github.com/BCStudentSoftwareDevTeam/celts/issues/1561,31.96289351851852
celts,1563,Create All Volunteer Event dash,Karina-Agliullova,User,closed,2025-07-08 15:17:28+00:00,2025-09-25T18:53:42Z,2025-09-25 18:53:37+00:00,1,https://github.com/BCStudentSoftwareDevTeam/celts/issues/1563,79.15010416666667
celts,1564,Required Training list on Create Event page,Karina-Agliullova,User,open,2025-07-08 15:20:59+00:00,2026-01-12T17:14:38Z,,2,https://github.com/BCStudentSoftwareDevTeam/celts/issues/1564,
celts,1565,Admin Reports page,Karina-Agliullova,User,closed,2025-07-08 15:23:45+00:00,2025-09-25T20:16:34Z,2025-09-25 20:16:34+00:00,0,https://github.com/BCStudentSoftwareDevTeam/celts/issues/1565,79.20334490740741
celts,1567,Improve service transcript hours look,Jsmi8334,User,closed,2025-07-10 20:05:20+00:00,2025-09-25T20:17:54Z,2025-09-25 20:17:54+00:00,1,https://github.com/BCStudentSoftwareDevTeam/celts/issues/1567,77.00872685185185
celts,1569,Style guide for CELTS,Karina-Agliullova,User,closed,2025-07-11 14:14:19+00:00,2025-09-25T20:18:48Z,2025-09-25 20:18:48+00:00,1,https://github.com/BCStudentSoftwareDevTeam/celts/issues/1569,76.25311342592593
celts,1570,Rework Event List tabs,Karina-Agliullova,User,closed,2025-07-13 22:28:10+00:00,2025-12-17T17:33:56Z,2025-12-17 17:33:56+00:00,0,https://github.com/BCStudentSoftwareDevTeam/celts/issues/1570,156.7956712962963
celts,1571,Change Edit Volunteer Info language,Karina-Agliullova,User,open,2025-07-13 22:29:48+00:00,2025-12-10T16:26:26Z,,1,https://github.com/BCStudentSoftwareDevTeam/celts/issues/1571,
celts,1572,Insurance Info default values,Karina-Agliullova,User,closed,2025-07-13 22:31:08+00:00,2025-07-15T19:02:00Z,2025-07-15 19:02:00+00:00,0,https://github.com/BCStudentSoftwareDevTeam/celts/issues/1572,1.8547685185185185
celts,1573,CCE Minor profile page redesign,Karina-Agliullova,User,open,2025-07-13 22:33:13+00:00,2025-09-25T20:28:38Z,,1,https://github.com/BCStudentSoftwareDevTeam/celts/issues/1573,
celts,1574,Toggle rename on creating event page,Karina-Agliullova,User,open,2025-07-13 22:43:15+00:00,2026-06-17T17:34:10Z,,1,https://github.com/BCStudentSoftwareDevTeam/celts/issues/1574,
celts,1575,Copying old event as a new event,Karina-Agliullova,User,open,2025-07-13 22:46:31+00:00,2025-12-10T16:26:25Z,,1,https://github.com/BCStudentSoftwareDevTeam/celts/issues/1575,
celts,1576,New labor filter in participation history,Karina-Agliullova,User,open,2025-07-13 22:49:09+00:00,2025-12-10T16:26:24Z,,1,https://github.com/BCStudentSoftwareDevTeam/celts/issues/1576,
celts,1577,Graduation Management filters,Karina-Agliullova,User,closed,2025-07-13 22:50:56+00:00,2025-07-29T15:03:17Z,2025-07-29 15:02:47+00:00,1,https://github.com/BCStudentSoftwareDevTeam/celts/issues/1577,15.674895833333334
celts,1591,Redesign a delete button on Background check,Jsmi8334,User,closed,2025-07-30 17:57:12+00:00,2026-02-10T21:56:49Z,2026-02-10 21:56:49+00:00,2,https://github.com/BCStudentSoftwareDevTeam/celts/issues/1591,195.16640046296297
celts,1592,Accordion Closing,Jsmi8334,User,closed,2025-07-30 18:10:45+00:00,2026-06-16T15:23:50Z,2026-06-16 15:23:50+00:00,1,https://github.com/BCStudentSoftwareDevTeam/celts/issues/1592,320.88408564814813
celts,1593,Contact Information Editing Accordion,Jsmi8334,User,closed,2025-07-30 18:19:43+00:00,2025-09-25T20:38:10Z,2025-09-25 20:38:10+00:00,0,https://github.com/BCStudentSoftwareDevTeam/celts/issues/1593,57.09614583333333
celts,1594,"Make Start Date appear in the ""This is a series of events"" modal on Create Event page",Jsmi8334,User,closed,2025-07-30 18:26:41+00:00,2026-03-31T19:44:37Z,2026-03-31 19:44:37+00:00,1,https://github.com/BCStudentSoftwareDevTeam/celts/issues/1594,244.05412037037038
celts,1595,Admin Tab on the sidebar is unintuitive,Jsmi8334,User,closed,2025-07-30 18:32:12+00:00,2026-06-17T19:48:23Z,2026-06-17 19:48:23+00:00,1,https://github.com/BCStudentSoftwareDevTeam/celts/issues/1595,322.0529050925926
celts,1596,Back Button Implementation,Jsmi8334,User,open,2025-07-30 18:41:55+00:00,2026-06-17T20:26:32Z,,1,https://github.com/BCStudentSoftwareDevTeam/celts/issues/1596,
celts,1597,Edit Event Button Addition on Events list page,Jsmi8334,User,closed,2025-07-30 18:55:56+00:00,2026-02-03T20:02:27Z,2026-02-03 20:02:27+00:00,1,https://github.com/BCStudentSoftwareDevTeam/celts/issues/1597,188.04619212962962
celts,1598,Add Edit Functionality to Profile Notes,Jsmi8334,User,open,2025-07-31 17:31:54+00:00,2026-06-15T13:02:59Z,,2,https://github.com/BCStudentSoftwareDevTeam/celts/issues/1598,
celts,1599,CCE Minor Table Changes,Jsmi8334,User,closed,2025-07-31 17:34:47+00:00,2025-09-25T21:12:18Z,2025-09-25 21:12:18+00:00,2,https://github.com/BCStudentSoftwareDevTeam/celts/issues/1599,56.151053240740744
celts,1600,Bonner Requirment Progress X buttons,Jsmi8334,User,open,2025-07-31 17:40:39+00:00,2026-06-20T15:00:55Z,,1,https://github.com/BCStudentSoftwareDevTeam/celts/issues/1600,
celts,1601,Redesign Designated Service-Learning Imported Courses,Jsmi8334,User,closed,2025-07-31 18:10:24+00:00,2026-06-16T19:37:53Z,2026-06-16 19:37:53+00:00,1,https://github.com/BCStudentSoftwareDevTeam/celts/issues/1601,320.0607523148148
celts,1602,Bonner Management page buttons,bakobagassas,User,closed,2025-07-31 19:53:08+00:00,2025-09-11T13:42:13Z,2025-09-11 13:42:13+00:00,1,https://github.com/BCStudentSoftwareDevTeam/celts/issues/1602,41.74241898148148
celts,1606,Language addition for labor students vs. volunteers,Karina-Agliullova,User,closed,2025-08-19 18:58:43+00:00,2025-09-09T19:26:22Z,2025-09-09 19:26:22+00:00,0,https://github.com/BCStudentSoftwareDevTeam/celts/issues/1606,21.019201388888888
celts,1607,Download reports review,Karina-Agliullova,User,closed,2025-08-19 19:05:16+00:00,2025-09-11T13:16:13Z,2025-09-11 13:16:13+00:00,1,https://github.com/BCStudentSoftwareDevTeam/celts/issues/1607,22.757604166666667
celts,1609,Fix for recurring all volunteer training,Karina-Agliullova,User,closed,2025-08-27 18:35:37+00:00,2025-09-04T18:39:41Z,2025-09-04 18:21:53+00:00,1,https://github.com/BCStudentSoftwareDevTeam/celts/issues/1609,7.990462962962963
celts,1612,Unable to save All Volunteer Training as a series of events,ojmakinde,User,closed,2025-08-27 21:32:06+00:00,2025-09-01T23:10:05Z,2025-09-01 23:10:05+00:00,0,https://github.com/BCStudentSoftwareDevTeam/celts/issues/1612,5.068043981481481
celts,1617,Missing hours investigation,Karina-Agliullova,User,closed,2025-09-02 15:38:10+00:00,2025-09-11T13:33:51Z,2025-09-11 13:33:51+00:00,1,https://github.com/BCStudentSoftwareDevTeam/celts/issues/1617,8.913668981481482
celts,1618,Volunteer hours generated need to be changed,Karina-Agliullova,User,closed,2025-09-02 15:39:54+00:00,2025-09-09T19:20:00Z,2025-09-09 19:19:59+00:00,0,https://github.com/BCStudentSoftwareDevTeam/celts/issues/1618,7.152835648148148
celts,1619,Clarify volunteers earning student hours vs labor hours vs participants,Karina-Agliullova,User,open,2025-09-02 15:40:44+00:00,2025-12-10T16:26:17Z,,1,https://github.com/BCStudentSoftwareDevTeam/celts/issues/1619,
celts,1620,Investigate error on generation of reports AY,Karina-Agliullova,User,closed,2025-09-02 15:41:05+00:00,2025-09-10T17:52:01Z,2025-09-10 17:52:01+00:00,1,https://github.com/BCStudentSoftwareDevTeam/celts/issues/1620,8.090925925925927
celts,1621,Add more data to reports,Karina-Agliullova,User,closed,2025-09-02 15:41:27+00:00,2025-09-09T19:19:40Z,2025-09-09 19:19:40+00:00,0,https://github.com/BCStudentSoftwareDevTeam/celts/issues/1621,7.151539351851852
celts,1629,Add flash message on the term management,Karina-Agliullova,User,closed,2025-09-17 14:20:54+00:00,2025-10-16T16:16:07Z,2025-10-16 16:16:07+00:00,0,https://github.com/BCStudentSoftwareDevTeam/celts/issues/1629,29.080011574074074
celts,1630,Add Edit and Delete buttons to the Bonner notes in the Bonner Program accordion on User Profile page,Karina-Agliullova,User,closed,2025-09-25 21:20:52+00:00,2026-03-24T18:12:30Z,2026-03-24 18:12:30+00:00,1,https://github.com/BCStudentSoftwareDevTeam/celts/issues/1630,179.8691898148148
celts,1631,Include participation type in participation history,Karina-Agliullova,User,closed,2025-10-06 19:01:00+00:00,2026-05-04T17:05:51Z,2026-05-04 17:05:51+00:00,1,https://github.com/BCStudentSoftwareDevTeam/celts/issues/1631,209.92003472222223
celts,1632,Change title in Bonner management accordion,Karina-Agliullova,User,open,2025-10-06 19:42:48+00:00,2026-01-28T22:54:07Z,,1,https://github.com/BCStudentSoftwareDevTeam/celts/issues/1632,
celts,1634,Allow Program Managers to see the Background check,Karina-Agliullova,User,closed,2025-10-20 18:38:10+00:00,2025-11-24T16:53:42Z,2025-11-24 16:53:42+00:00,1,https://github.com/BCStudentSoftwareDevTeam/celts/issues/1634,34.927453703703705
celts,1636,Inconsistent Headers in Events List Tabs,JohnCox2211,User,closed,2025-11-10 21:00:50+00:00,2026-03-25T20:01:24Z,2026-03-25 20:01:24+00:00,2,https://github.com/BCStudentSoftwareDevTeam/celts/issues/1636,134.95872685185185
celts,1648,Table headers mismatch on Volunteers Details page,bakobagassas,User,open,2026-01-07 19:31:24+00:00,2026-06-23T20:23:38Z,,1,https://github.com/BCStudentSoftwareDevTeam/celts/issues/1648,
celts,1649,Graduated and not-enrolled students don't show up in graduation management,bakobagassas,User,closed,2026-01-07 20:19:12+00:00,2026-02-17T20:05:39Z,2026-02-17 20:05:39+00:00,1,https://github.com/BCStudentSoftwareDevTeam/celts/issues/1649,40.99059027777778
celts,1650,Change manager to current manager for student staff profile,MImran2002,User,closed,2026-01-07 21:07:34+00:00,2026-02-10T21:22:15Z,2026-02-10 21:22:15+00:00,1,https://github.com/BCStudentSoftwareDevTeam/celts/issues/1650,34.01019675925926
celts,1651,Event RSVP Display should be fixed for Past vs. Present and Future events,MImran2002,User,open,2026-01-07 22:34:25+00:00,2026-01-29T20:58:01Z,,1,https://github.com/BCStudentSoftwareDevTeam/celts/issues/1651,
celts,1652,Waive requirement for late Bonner Scholars,MImran2002,User,open,2026-01-08 17:03:07+00:00,2026-01-29T20:54:32Z,,1,https://github.com/BCStudentSoftwareDevTeam/celts/issues/1652,
celts,1653,Fix the declare button,bakobagassas,User,closed,2026-01-08 17:21:03+00:00,2026-01-08T19:36:11Z,2026-01-08 19:36:11+00:00,1,https://github.com/BCStudentSoftwareDevTeam/celts/issues/1653,0.09384259259259259
celts,1654,Reservation type,bakobagassas,User,closed,2026-01-08 17:48:45+00:00,2026-01-08T18:04:57Z,2026-01-08 18:04:57+00:00,0,https://github.com/BCStudentSoftwareDevTeam/celts/issues/1654,0.01125
celts,1655,Insurance information unchecked by default ,MImran2002,User,closed,2026-01-08 17:59:49+00:00,2026-01-23T14:17:01Z,2026-01-23 14:17:01+00:00,0,https://github.com/BCStudentSoftwareDevTeam/celts/issues/1655,14.845277777777778
celts,1656,Inconsistencies in Volunteer Details table,bakobagassas,User,closed,2026-01-08 18:01:58+00:00,2026-03-06T19:14:47Z,2026-03-06 19:14:47+00:00,1,https://github.com/BCStudentSoftwareDevTeam/celts/issues/1656,57.05056712962963
celts,1657,Class level is missing for non-enrolled students,bakobagassas,User,closed,2026-01-08 18:26:41+00:00,2026-02-17T20:05:40Z,2026-02-17 20:05:40+00:00,1,https://github.com/BCStudentSoftwareDevTeam/celts/issues/1657,40.06873842592593
celts,1658,Waive requirement for student directors and admins.,bakobagassas,User,closed,2026-01-08 18:38:18+00:00,2026-01-08T18:42:07Z,2026-01-08 18:42:07+00:00,0,https://github.com/BCStudentSoftwareDevTeam/celts/issues/1658,0.002650462962962963
celts,1659,Requirements spreadsheets,bakobagassas,User,closed,2026-01-08 18:40:20+00:00,2026-01-22T17:27:05Z,2026-01-22 17:27:05+00:00,0,https://github.com/BCStudentSoftwareDevTeam/celts/issues/1659,13.949131944444444
celts,1660,CCE Minor Declare students list not shown,MImran2002,User,closed,2026-01-08 19:02:04+00:00,2026-03-11T19:38:07Z,2026-03-11 19:38:07+00:00,1,https://github.com/BCStudentSoftwareDevTeam/celts/issues/1660,62.02503472222222
celts,1661,Checked order must match table,MImran2002,User,closed,2026-01-08 19:29:35+00:00,2026-01-08T19:33:39Z,2026-01-08 19:33:39+00:00,0,https://github.com/BCStudentSoftwareDevTeam/celts/issues/1661,0.002824074074074074
celts,1682,Inconsistencies in tracking volunteer hours,Karina-Agliullova,User,closed,2026-02-25 19:03:47+00:00,2026-02-27T20:10:40Z,2026-02-27 20:10:40+00:00,1,https://github.com/BCStudentSoftwareDevTeam/celts/issues/1682,2.0464467592592595
celts,1683,"Remove ""Labor Meetings"" from participation history for CELTS students and track it separately",Karina-Agliullova,User,closed,2026-02-25 19:20:53+00:00,2026-06-02T17:30:44Z,2026-06-02 17:30:44+00:00,1,https://github.com/BCStudentSoftwareDevTeam/celts/issues/1683,96.92350694444444
celts,1686,Bonner Management export selected year not exporting,RueHaile,User,open,2026-03-02 23:40:21+00:00,2026-03-09T20:25:02Z,,2,https://github.com/BCStudentSoftwareDevTeam/celts/issues/1686,
celts,1689,Event Included Information Checkbox Toggles Do Not Work,JohnCox2211,User,closed,2026-03-26 20:44:36+00:00,2026-06-08T15:36:12Z,2026-06-08 15:36:12+00:00,1,https://github.com/BCStudentSoftwareDevTeam/celts/issues/1689,73.78583333333333
celts,1690,Generate a report for graduating seniors with volunteer hours,Karina-Agliullova,User,closed,2026-03-30 19:19:19+00:00,2026-05-04T13:47:37Z,2026-05-04 13:47:37+00:00,1,https://github.com/BCStudentSoftwareDevTeam/celts/issues/1690,34.76965277777778
celts,1692,Marking Volunteers as Attended from the RSVP List Wipes Current Volunteer Names,JohnCox2211,User,closed,2026-04-01 20:39:15+00:00,2026-04-27T16:40:58Z,2026-04-27 16:40:58+00:00,1,https://github.com/BCStudentSoftwareDevTeam/celts/issues/1692,25.83452546296296
celts,1695,Warn the user when labor students are volunteering for a service event,sheggen,User,open,2026-04-08 17:55:10+00:00,2026-04-08T17:55:10Z,,0,https://github.com/BCStudentSoftwareDevTeam/celts/issues/1695,
celts,1697,isAdmin property verification,bakobagassas,User,open,2026-04-13 20:10:06+00:00,2026-04-13T20:11:48Z,,0,https://github.com/BCStudentSoftwareDevTeam/celts/issues/1697,
celts,1698,"""Included Information"" not responsive",bakobagassas,User,closed,2026-04-22 16:54:39+00:00,2026-04-28T19:02:59Z,2026-04-28 19:02:59+00:00,0,https://github.com/BCStudentSoftwareDevTeam/celts/issues/1698,6.08912037037037
celts,1700,Hotfix for Unique Volunteers,Karina-Agliullova,User,closed,2026-04-27 18:25:16+00:00,2026-05-04T13:42:34Z,2026-05-04 13:42:34+00:00,1,https://github.com/BCStudentSoftwareDevTeam/celts/issues/1700,6.803680555555555
celts,1706,Hotfix for reports for grad seniors,Karina-Agliullova,User,open,2026-05-05 20:43:27+00:00,2026-05-05T20:49:14Z,,1,https://github.com/BCStudentSoftwareDevTeam/celts/issues/1706,
celts,1730,Requirement indication needed for Program ban Volunteer modal,MImran2002,User,open,2026-06-17 18:22:56+00:00,2026-06-17T18:22:56Z,,0,https://github.com/BCStudentSoftwareDevTeam/celts/issues/1730,
celts,1733,Incorrectly Displayed Buttons on the Course Management Page,ArtemKurasov,User,open,2026-06-17 20:18:11+00:00,2026-06-17T20:18:11Z,,0,https://github.com/BCStudentSoftwareDevTeam/celts/issues/1733,
celts,1736,Ban/Unban actions should maintain history and track who performed the action,NYABUTOA,User,open,2026-06-18 20:29:00+00:00,2026-06-18T20:29:00Z,,0,https://github.com/BCStudentSoftwareDevTeam/celts/issues/1736,
celts,1739,User will be required to read the handbook to continue participating in CELTS,MImran2002,User,open,2026-06-26 14:22:05+00:00,2026-06-26T17:24:03Z,,0,https://github.com/BCStudentSoftwareDevTeam/celts/issues/1739,
celts,1742,Display service hours in Participation History,MImran2002,User,open,2026-07-02 15:04:25+00:00,2026-07-16T15:38:57Z,,0,https://github.com/BCStudentSoftwareDevTeam/celts/issues/1742,
celts,1743,Add Education & Training section to the Service Transcript,MImran2002,User,open,2026-07-02 15:12:43+00:00,2026-07-16T17:05:56Z,,0,https://github.com/BCStudentSoftwareDevTeam/celts/issues/1743,
celts,1744,"Replace ""Banned"" terminology with ""Ineligible""",MImran2002,User,open,2026-07-02 15:15:03+00:00,2026-07-16T15:23:51Z,,0,https://github.com/BCStudentSoftwareDevTeam/celts/issues/1744,
celts,1745,Graduation Management filters should use buttons instead of a dropdown,MImran2002,User,open,2026-07-02 15:19:33+00:00,2026-07-16T15:33:05Z,,0,https://github.com/BCStudentSoftwareDevTeam/celts/issues/1745,
celts,1746,Add Graduated toggle to CCE Minor,MImran2002,User,open,2026-07-02 15:21:39+00:00,2026-07-02T15:35:48Z,,0,https://github.com/BCStudentSoftwareDevTeam/celts/issues/1746,
celts,1747,Allow additional academic terms in Manage Proposal,MImran2002,User,open,2026-07-02 15:38:20+00:00,2026-07-16T17:39:17Z,,0,https://github.com/BCStudentSoftwareDevTeam/celts/issues/1747,
celts,1748,Fix Switch User functionality on staging,MImran2002,User,open,2026-07-02 17:19:30+00:00,2026-07-02T17:19:30Z,,0,https://github.com/BCStudentSoftwareDevTeam/celts/issues/1748,
celts,1749,"Rename ""Manage Proposal"" to ""My Proposals"" (Student View)",MImran2002,User,open,2026-07-02 17:23:03+00:00,2026-07-16T15:35:55Z,,1,https://github.com/BCStudentSoftwareDevTeam/celts/issues/1749,
celts,1750,"Rename ""Edit Volunteer Information""",MImran2002,User,open,2026-07-02 17:24:46+00:00,2026-07-16T15:36:11Z,,1,https://github.com/BCStudentSoftwareDevTeam/celts/issues/1750,
celts,1751,Improve the CCE Minor Profile landing page,MImran2002,User,open,2026-07-02 17:27:56+00:00,2026-07-02T17:27:56Z,,0,https://github.com/BCStudentSoftwareDevTeam/celts/issues/1751,
celts,1752,Add manual overrides for CELTS requirement tracking,MImran2002,User,open,2026-07-02 17:43:03+00:00,2026-07-02T17:43:17Z,,0,https://github.com/BCStudentSoftwareDevTeam/celts/issues/1752,
celts,1753,Support manual editing of tracked CELTS requirements,MImran2002,User,open,2026-07-02 17:51:43+00:00,2026-07-02T17:51:43Z,,0,https://github.com/BCStudentSoftwareDevTeam/celts/issues/1753,
celts,1757,Timing of RSVPs and Attending,sheggen,User,open,2026-07-16 01:43:23+00:00,2026-07-31T01:30:47Z,,1,https://github.com/BCStudentSoftwareDevTeam/celts/issues/1757,
celts,1761,Create a role for Student Staff with more management access.,MImran2002,User,open,2026-07-16 18:03:57+00:00,2026-08-07T15:10:19Z,,1,https://github.com/BCStudentSoftwareDevTeam/celts/issues/1761,
celts,1764,Track Volunteer Eligibility and Training Requirements,MImran2002,User,closed,2026-07-16 18:36:29+00:00,2026-08-14T18:29:51Z,2026-08-14 18:29:51+00:00,0,https://github.com/BCStudentSoftwareDevTeam/celts/issues/1764,28.99539351851852
celts,1772,"Celts User Profile, Wrong label for event participation type",conwelld,User,open,2026-08-04 21:08:06+00:00,2026-08-04T21:08:06Z,,0,https://github.com/BCStudentSoftwareDevTeam/celts/issues/1772,
celts,1776,Add Handbook Signature Report,MImran2002,User,closed,2026-08-12 19:02:55+00:00,2026-08-14T18:29:26Z,2026-08-14 18:29:26+00:00,0,https://github.com/BCStudentSoftwareDevTeam/celts/issues/1776,1.9767476851851853
celts,1778,Add Confirmation Flash Message for Extravaganza Interest Selection,MImran2002,User,open,2026-08-14 14:14:05+00:00,2026-08-14T14:14:05Z,,0,https://github.com/BCStudentSoftwareDevTeam/celts/issues/1778,
celts,1779,Roll Over Previous Year Volunteers as Interested Students,MImran2002,User,open,2026-08-14 14:21:53+00:00,2026-08-26T19:40:39Z,,1,https://github.com/BCStudentSoftwareDevTeam/celts/issues/1779,
celts,1780,Allow Program Managers to Remove Interested Students from Program Roster,MImran2002,User,open,2026-08-14 14:29:45+00:00,2026-08-14T14:29:45Z,,0,https://github.com/BCStudentSoftwareDevTeam/celts/issues/1780,
celts,1781,Exclude Graduated Students from Interested Student Lists,MImran2002,User,closed,2026-08-14 14:31:59+00:00,2026-09-08T16:35:38Z,2026-09-08 16:35:38+00:00,0,https://github.com/BCStudentSoftwareDevTeam/celts/issues/1781,25.085868055555554
celts,1782,Add 4-Year Expiration Date to Student Background Checks,MImran2002,User,open,2026-08-14 14:57:49+00:00,2026-08-14T14:57:49Z,,0,https://github.com/BCStudentSoftwareDevTeam/celts/issues/1782,
celts,1783,Editing Personal Information to Admins and Profile Owners,MImran2002,User,open,2026-08-14 15:04:38+00:00,2026-08-14T15:04:38Z,,0,https://github.com/BCStudentSoftwareDevTeam/celts/issues/1783,
celts,1784,Restrict Failed Background Check Status to CELTS Admins,MImran2002,User,open,2026-08-14 15:50:24+00:00,2026-08-14T15:53:01Z,,0,https://github.com/BCStudentSoftwareDevTeam/celts/issues/1784,
celts,1785,Add Required Field Asterisks,MImran2002,User,open,2026-08-14 15:56:50+00:00,2026-08-14T15:56:50Z,,0,https://github.com/BCStudentSoftwareDevTeam/celts/issues/1785,
celts,1786,Add Batch Background Check Export and Import,MImran2002,User,open,2026-08-14 17:51:29+00:00,2026-08-14T17:51:29Z,,0,https://github.com/BCStudentSoftwareDevTeam/celts/issues/1786,
celts,1787,Add Volunteer Requirements Status Report,MImran2002,User,open,2026-08-14 18:00:55+00:00,2026-08-14T18:00:55Z,,0,https://github.com/BCStudentSoftwareDevTeam/celts/issues/1787,
celts,1788,Add Individual Labor Meeting Attendance Columns to Annual Report,MImran2002,User,open,2026-08-14 18:12:40+00:00,2026-08-14T18:13:15Z,,0,https://github.com/BCStudentSoftwareDevTeam/celts/issues/1788,
celts,1789,Add Background Check Status Tab to Annual Report,MImran2002,User,open,2026-08-14 18:15:46+00:00,2026-08-14T18:15:46Z,,0,https://github.com/BCStudentSoftwareDevTeam/celts/issues/1789,
celts,1790,Troubleshoot CELTS & LSF Dev Containers Speed,MImran2002,User,open,2026-08-18 13:30:50+00:00,2026-08-18T13:30:50Z,,0,https://github.com/BCStudentSoftwareDevTeam/celts/issues/1790,
celts,1791,All CELTS Training Signature Pad Not Displaying,MImran2002,User,closed,2026-08-18 21:59:28+00:00,2026-08-25T14:02:08Z,2026-08-25 14:02:08+00:00,1,https://github.com/BCStudentSoftwareDevTeam/celts/issues/1791,6.6685185185185185
celts,1792,Add Admin Labor Roster UI,MImran2002,User,open,2026-08-18 22:01:15+00:00,2026-08-19T14:27:43Z,,1,https://github.com/BCStudentSoftwareDevTeam/celts/issues/1792,
celts,1793,Add “Invite All Active Labor Students” to Weekly Labor Meetings,MImran2002,User,open,2026-08-18 22:03:05+00:00,2026-08-18T22:03:05Z,,0,https://github.com/BCStudentSoftwareDevTeam/celts/issues/1793,
celts,1795,Ineligibility Date Selection Bug,MImran2002,User,open,2026-08-21 18:27:21+00:00,2026-08-21T18:27:21Z,,0,https://github.com/BCStudentSoftwareDevTeam/celts/issues/1795,
celts,1800,Bonner note deletion,bakobagassas,User,open,2026-08-26 21:17:51+00:00,2026-08-26T21:17:51Z,,0,https://github.com/BCStudentSoftwareDevTeam/celts/issues/1800,
celts,1805,Enhance CELTS Labor Position History in User Profile,MImran2002,User,open,2026-09-09 19:40:23+00:00,2026-09-09T19:40:23Z,,0,https://github.com/BCStudentSoftwareDevTeam/celts/issues/1805,
celts,1806,Allow Program Managers to Access the Print Travel Form,MImran2002,User,open,2026-09-10 15:46:00+00:00,2026-09-10T15:46:00Z,,0,https://github.com/BCStudentSoftwareDevTeam/celts/issues/1806,
celts,1807,Signature Pad Does Not Appear When Student Is Added to a Past All CELTS Training Event,MImran2002,User,open,2026-09-10 19:17:51+00:00,2026-09-10T19:17:51Z,,0,https://github.com/BCStudentSoftwareDevTeam/celts/issues/1807,
celts,1808,Move Training Signature Pad from Edit Personal Information to Individual Event View,MImran2002,User,open,2026-09-10 19:34:06+00:00,2026-09-10T19:34:06Z,,0,https://github.com/BCStudentSoftwareDevTeam/celts/issues/1808,
celts,1809,Investigate Signature Pad Compatibility on iOS Devices,MImran2002,User,open,2026-09-10 19:43:28+00:00,2026-09-10T19:43:28Z,,0,https://github.com/BCStudentSoftwareDevTeam/celts/issues/1809,
celts,1810,All Celts Training doesn't appear,MImran2002,User,open,2026-09-14 15:11:08+00:00,2026-09-14T15:11:08Z,,0,https://github.com/BCStudentSoftwareDevTeam/celts/issues/1810,
celts,1812,CELTS footer is out of place in some users' devices,MImran2002,User,open,2026-09-15 21:24:41+00:00,2026-09-15T21:24:41Z,,0,https://github.com/BCStudentSoftwareDevTeam/celts/issues/1812,
