repo,id,author,author_type,created_at,updated_at,issue_url,html_url
bcsr,852160982,bryantal,User,2016-03-08T21:27:08Z,2021-06-01T14:14:43Z,https://api.github.com/repos/BCStudentSoftwareDevTeam/bcsr/issues/1,https://github.com/BCStudentSoftwareDevTeam/bcsr/issues/1#issuecomment-852160982
bcsr,852161017,bryantal,User,2016-03-09T16:32:14Z,2021-06-01T14:14:47Z,https://api.github.com/repos/BCStudentSoftwareDevTeam/bcsr/issues/2,https://github.com/BCStudentSoftwareDevTeam/bcsr/issues/2#issuecomment-852161017
bcsr,852161020,bryantal,User,2016-03-09T16:33:07Z,2021-06-01T14:14:47Z,https://api.github.com/repos/BCStudentSoftwareDevTeam/bcsr/issues/2,https://github.com/BCStudentSoftwareDevTeam/bcsr/issues/2#issuecomment-852161020
bcsr,852161026,bryantal,User,2016-06-09T17:51:42Z,2021-06-01T14:14:47Z,https://api.github.com/repos/BCStudentSoftwareDevTeam/bcsr/issues/2,https://github.com/BCStudentSoftwareDevTeam/bcsr/issues/2#issuecomment-852161026
bcsr,852160984,bryantal,User,2016-07-20T17:41:39Z,2021-06-01T14:14:43Z,https://api.github.com/repos/BCStudentSoftwareDevTeam/bcsr/issues/1,https://github.com/BCStudentSoftwareDevTeam/bcsr/issues/1#issuecomment-852160984
bcsr,852161112,bryantal,User,2016-07-20T17:42:18Z,2021-06-01T14:14:54Z,https://api.github.com/repos/BCStudentSoftwareDevTeam/bcsr/issues/4,https://github.com/BCStudentSoftwareDevTeam/bcsr/issues/4#issuecomment-852161112
bcsr,852161116,bryantal,User,2016-07-20T17:43:07Z,2021-06-01T14:14:54Z,https://api.github.com/repos/BCStudentSoftwareDevTeam/bcsr/issues/4,https://github.com/BCStudentSoftwareDevTeam/bcsr/issues/4#issuecomment-852161116
bcsr,852161157,bryantal,User,2016-07-20T19:22:12Z,2021-06-01T14:14:57Z,https://api.github.com/repos/BCStudentSoftwareDevTeam/bcsr/issues/5,https://github.com/BCStudentSoftwareDevTeam/bcsr/issues/5#issuecomment-852161157
bcsr,852161365,bryantal,User,2016-07-21T15:29:47Z,2021-06-01T14:15:14Z,https://api.github.com/repos/BCStudentSoftwareDevTeam/bcsr/issues/9,https://github.com/BCStudentSoftwareDevTeam/bcsr/issues/9#issuecomment-852161365
bcsr,852161366,bryantal,User,2016-07-21T15:31:35Z,2021-06-01T14:15:14Z,https://api.github.com/repos/BCStudentSoftwareDevTeam/bcsr/issues/9,https://github.com/BCStudentSoftwareDevTeam/bcsr/issues/9#issuecomment-852161366
bcsr,852161032,bryantal,User,2016-07-21T21:08:17Z,2021-06-01T14:14:48Z,https://api.github.com/repos/BCStudentSoftwareDevTeam/bcsr/issues/2,https://github.com/BCStudentSoftwareDevTeam/bcsr/issues/2#issuecomment-852161032
bcsr,852161279,bryantal,User,2016-07-22T15:24:08Z,2021-06-01T14:15:07Z,https://api.github.com/repos/BCStudentSoftwareDevTeam/bcsr/issues/7,https://github.com/BCStudentSoftwareDevTeam/bcsr/issues/7#issuecomment-852161279
bcsr,852161160,bryantal,User,2016-07-22T15:24:41Z,2021-06-01T14:14:58Z,https://api.github.com/repos/BCStudentSoftwareDevTeam/bcsr/issues/5,https://github.com/BCStudentSoftwareDevTeam/bcsr/issues/5#issuecomment-852161160
bcsr,852161369,bryantal,User,2016-07-22T15:25:08Z,2021-06-01T14:15:14Z,https://api.github.com/repos/BCStudentSoftwareDevTeam/bcsr/issues/9,https://github.com/BCStudentSoftwareDevTeam/bcsr/issues/9#issuecomment-852161369
bcsr,852161036,bryantal,User,2016-07-22T15:26:50Z,2021-06-01T14:14:48Z,https://api.github.com/repos/BCStudentSoftwareDevTeam/bcsr/issues/2,https://github.com/BCStudentSoftwareDevTeam/bcsr/issues/2#issuecomment-852161036
bcsr,852161118,bryantal,User,2016-07-22T15:27:04Z,2021-06-01T14:14:54Z,https://api.github.com/repos/BCStudentSoftwareDevTeam/bcsr/issues/4,https://github.com/BCStudentSoftwareDevTeam/bcsr/issues/4#issuecomment-852161118
bcsr,852161321,bryantal,User,2016-07-22T15:28:18Z,2021-06-01T14:15:11Z,https://api.github.com/repos/BCStudentSoftwareDevTeam/bcsr/issues/8,https://github.com/BCStudentSoftwareDevTeam/bcsr/issues/8#issuecomment-852161321
bcsr,852161282,bryantal,User,2016-07-26T13:54:03Z,2021-06-01T14:15:08Z,https://api.github.com/repos/BCStudentSoftwareDevTeam/bcsr/issues/7,https://github.com/BCStudentSoftwareDevTeam/bcsr/issues/7#issuecomment-852161282
bcsr,852161629,bryantal,User,2016-07-26T14:18:31Z,2021-06-01T14:15:33Z,https://api.github.com/repos/BCStudentSoftwareDevTeam/bcsr/issues/15,https://github.com/BCStudentSoftwareDevTeam/bcsr/issues/15#issuecomment-852161629
bcsr,852161323,bryantal,User,2016-07-26T14:22:38Z,2021-06-01T14:15:11Z,https://api.github.com/repos/BCStudentSoftwareDevTeam/bcsr/issues/8,https://github.com/BCStudentSoftwareDevTeam/bcsr/issues/8#issuecomment-852161323
bcsr,852161414,bryantal,User,2016-08-02T17:21:53Z,2021-06-01T14:15:18Z,https://api.github.com/repos/BCStudentSoftwareDevTeam/bcsr/issues/10,https://github.com/BCStudentSoftwareDevTeam/bcsr/issues/10#issuecomment-852161414
bcsr,852161074,bryantal,User,2016-08-02T17:22:31Z,2021-06-01T14:14:51Z,https://api.github.com/repos/BCStudentSoftwareDevTeam/bcsr/issues/3,https://github.com/BCStudentSoftwareDevTeam/bcsr/issues/3#issuecomment-852161074
bcsr,852161591,bryantal,User,2016-08-02T17:24:09Z,2021-06-01T14:15:30Z,https://api.github.com/repos/BCStudentSoftwareDevTeam/bcsr/issues/14,https://github.com/BCStudentSoftwareDevTeam/bcsr/issues/14#issuecomment-852161591
bcsr,852161233,bryantal,User,2016-08-02T17:28:07Z,2021-06-01T14:15:04Z,https://api.github.com/repos/BCStudentSoftwareDevTeam/bcsr/issues/6,https://github.com/BCStudentSoftwareDevTeam/bcsr/issues/6#issuecomment-852161233
bcsr,852161285,bryantal,User,2016-08-02T17:29:28Z,2021-06-01T14:15:08Z,https://api.github.com/repos/BCStudentSoftwareDevTeam/bcsr/issues/7,https://github.com/BCStudentSoftwareDevTeam/bcsr/issues/7#issuecomment-852161285
bcsr,852161736,bryantal,User,2016-08-02T17:59:40Z,2021-06-01T14:15:42Z,https://api.github.com/repos/BCStudentSoftwareDevTeam/bcsr/issues/18,https://github.com/BCStudentSoftwareDevTeam/bcsr/issues/18#issuecomment-852161736
bcsr,852161738,bryantal,User,2016-08-02T18:00:42Z,2021-06-01T14:15:42Z,https://api.github.com/repos/BCStudentSoftwareDevTeam/bcsr/issues/18,https://github.com/BCStudentSoftwareDevTeam/bcsr/issues/18#issuecomment-852161738
bcsr,852161741,bryantal,User,2016-08-02T18:03:06Z,2021-06-01T14:15:42Z,https://api.github.com/repos/BCStudentSoftwareDevTeam/bcsr/issues/18,https://github.com/BCStudentSoftwareDevTeam/bcsr/issues/18#issuecomment-852161741
bcsr,852161745,bryantal,User,2016-08-02T18:07:12Z,2021-06-01T14:15:42Z,https://api.github.com/repos/BCStudentSoftwareDevTeam/bcsr/issues/18,https://github.com/BCStudentSoftwareDevTeam/bcsr/issues/18#issuecomment-852161745
bcsr,852161748,bryantal,User,2016-08-02T18:07:55Z,2021-06-01T14:15:42Z,https://api.github.com/repos/BCStudentSoftwareDevTeam/bcsr/issues/18,https://github.com/BCStudentSoftwareDevTeam/bcsr/issues/18#issuecomment-852161748
bcsr,852161750,bryantal,User,2016-08-02T18:09:03Z,2021-06-01T14:15:42Z,https://api.github.com/repos/BCStudentSoftwareDevTeam/bcsr/issues/18,https://github.com/BCStudentSoftwareDevTeam/bcsr/issues/18#issuecomment-852161750
bcsr,852161287,bryantal,User,2016-08-10T20:25:49Z,2021-06-01T14:15:08Z,https://api.github.com/repos/BCStudentSoftwareDevTeam/bcsr/issues/7,https://github.com/BCStudentSoftwareDevTeam/bcsr/issues/7#issuecomment-852161287
bcsr,852161291,bryantal,User,2016-08-11T02:15:51Z,2021-06-01T14:15:08Z,https://api.github.com/repos/BCStudentSoftwareDevTeam/bcsr/issues/7,https://github.com/BCStudentSoftwareDevTeam/bcsr/issues/7#issuecomment-852161291
bcsr,852161294,bryantal,User,2016-08-11T14:44:13Z,2021-06-01T14:15:08Z,https://api.github.com/repos/BCStudentSoftwareDevTeam/bcsr/issues/7,https://github.com/BCStudentSoftwareDevTeam/bcsr/issues/7#issuecomment-852161294
bcsr,852161236,bryantal,User,2016-08-11T14:44:31Z,2021-06-01T14:15:04Z,https://api.github.com/repos/BCStudentSoftwareDevTeam/bcsr/issues/6,https://github.com/BCStudentSoftwareDevTeam/bcsr/issues/6#issuecomment-852161236
bcsr,852161787,bryantal,User,2016-08-11T20:19:37Z,2021-06-01T14:15:46Z,https://api.github.com/repos/BCStudentSoftwareDevTeam/bcsr/issues/19,https://github.com/BCStudentSoftwareDevTeam/bcsr/issues/19#issuecomment-852161787
bcsr,852161703,bryantal,User,2016-08-11T20:24:32Z,2021-06-01T14:15:39Z,https://api.github.com/repos/BCStudentSoftwareDevTeam/bcsr/issues/17,https://github.com/BCStudentSoftwareDevTeam/bcsr/issues/17#issuecomment-852161703
bcsr,852161677,bryantal,User,2016-08-11T20:25:43Z,2021-06-01T14:15:37Z,https://api.github.com/repos/BCStudentSoftwareDevTeam/bcsr/issues/16,https://github.com/BCStudentSoftwareDevTeam/bcsr/issues/16#issuecomment-852161677
bcsr,852161898,bryantal,User,2016-08-12T16:01:10Z,2021-06-01T14:15:54Z,https://api.github.com/repos/BCStudentSoftwareDevTeam/bcsr/issues/21,https://github.com/BCStudentSoftwareDevTeam/bcsr/issues/21#issuecomment-852161898
bcsr,852161900,bryantal,User,2016-08-12T16:13:16Z,2021-06-01T14:15:54Z,https://api.github.com/repos/BCStudentSoftwareDevTeam/bcsr/issues/21,https://github.com/BCStudentSoftwareDevTeam/bcsr/issues/21#issuecomment-852161900
bcsr,852161858,bryantal,User,2016-08-12T18:22:50Z,2021-06-01T14:15:51Z,https://api.github.com/repos/BCStudentSoftwareDevTeam/bcsr/issues/20,https://github.com/BCStudentSoftwareDevTeam/bcsr/issues/20#issuecomment-852161858
bcsr,852161863,bryantal,User,2016-08-12T18:59:48Z,2021-06-01T14:15:51Z,https://api.github.com/repos/BCStudentSoftwareDevTeam/bcsr/issues/20,https://github.com/BCStudentSoftwareDevTeam/bcsr/issues/20#issuecomment-852161863
bcsr,852162150,bryantal,User,2016-08-18T14:42:43Z,2021-06-01T14:16:13Z,https://api.github.com/repos/BCStudentSoftwareDevTeam/bcsr/issues/28,https://github.com/BCStudentSoftwareDevTeam/bcsr/issues/28#issuecomment-852162150
bcsr,852161963,bryantal,User,2016-08-18T18:28:09Z,2021-06-01T14:15:59Z,https://api.github.com/repos/BCStudentSoftwareDevTeam/bcsr/issues/23,https://github.com/BCStudentSoftwareDevTeam/bcsr/issues/23#issuecomment-852161963
bcsr,852161967,bryantal,User,2016-08-18T18:34:21Z,2021-06-01T14:15:59Z,https://api.github.com/repos/BCStudentSoftwareDevTeam/bcsr/issues/23,https://github.com/BCStudentSoftwareDevTeam/bcsr/issues/23#issuecomment-852161967
bcsr,852162049,bryantal,User,2016-08-18T18:34:38Z,2021-06-01T14:16:05Z,https://api.github.com/repos/BCStudentSoftwareDevTeam/bcsr/issues/25,https://github.com/BCStudentSoftwareDevTeam/bcsr/issues/25#issuecomment-852162049
bcsr,852162012,bryantal,User,2016-08-18T18:35:00Z,2021-06-01T14:16:03Z,https://api.github.com/repos/BCStudentSoftwareDevTeam/bcsr/issues/24,https://github.com/BCStudentSoftwareDevTeam/bcsr/issues/24#issuecomment-852162012
bcsr,852161550,bryantal,User,2016-08-18T18:42:35Z,2021-06-01T14:15:27Z,https://api.github.com/repos/BCStudentSoftwareDevTeam/bcsr/issues/13,https://github.com/BCStudentSoftwareDevTeam/bcsr/issues/13#issuecomment-852161550
bcsr,852162191,bryantal,User,2016-08-26T16:27:20Z,2021-06-01T14:16:16Z,https://api.github.com/repos/BCStudentSoftwareDevTeam/bcsr/issues/29,https://github.com/BCStudentSoftwareDevTeam/bcsr/issues/29#issuecomment-852162191
bcsr,852162194,bryantal,User,2016-08-26T18:27:33Z,2021-06-01T14:16:16Z,https://api.github.com/repos/BCStudentSoftwareDevTeam/bcsr/issues/29,https://github.com/BCStudentSoftwareDevTeam/bcsr/issues/29#issuecomment-852162194
bcsr,852162198,bryantal,User,2016-08-26T18:27:59Z,2021-06-01T14:16:16Z,https://api.github.com/repos/BCStudentSoftwareDevTeam/bcsr/issues/29,https://github.com/BCStudentSoftwareDevTeam/bcsr/issues/29#issuecomment-852162198
bcsr,852162413,bryantal,User,2016-08-30T02:49:43Z,2021-06-01T14:16:32Z,https://api.github.com/repos/BCStudentSoftwareDevTeam/bcsr/issues/34,https://github.com/BCStudentSoftwareDevTeam/bcsr/issues/34#issuecomment-852162413
bcsr,852162375,bryantal,User,2016-08-30T02:50:38Z,2021-06-01T14:16:28Z,https://api.github.com/repos/BCStudentSoftwareDevTeam/bcsr/issues/33,https://github.com/BCStudentSoftwareDevTeam/bcsr/issues/33#issuecomment-852162375
bcsr,852162445,bryantal,User,2016-08-30T23:46:44Z,2021-06-01T14:16:34Z,https://api.github.com/repos/BCStudentSoftwareDevTeam/bcsr/issues/35,https://github.com/BCStudentSoftwareDevTeam/bcsr/issues/35#issuecomment-852162445
bcsr,852162449,bryantal,User,2016-08-31T00:27:32Z,2021-06-01T14:16:35Z,https://api.github.com/repos/BCStudentSoftwareDevTeam/bcsr/issues/35,https://github.com/BCStudentSoftwareDevTeam/bcsr/issues/35#issuecomment-852162449
bcsr,852162376,bryantal,User,2016-08-31T00:46:56Z,2021-06-01T14:16:28Z,https://api.github.com/repos/BCStudentSoftwareDevTeam/bcsr/issues/33,https://github.com/BCStudentSoftwareDevTeam/bcsr/issues/33#issuecomment-852162376
bcsr,852162378,bryantal,User,2016-08-31T01:39:23Z,2021-06-01T14:16:29Z,https://api.github.com/repos/BCStudentSoftwareDevTeam/bcsr/issues/33,https://github.com/BCStudentSoftwareDevTeam/bcsr/issues/33#issuecomment-852162378
bcsr,852161461,bryantal,User,2016-08-31T15:58:28Z,2021-06-01T14:15:20Z,https://api.github.com/repos/BCStudentSoftwareDevTeam/bcsr/issues/11,https://github.com/BCStudentSoftwareDevTeam/bcsr/issues/11#issuecomment-852161461
bcsr,852161464,bryantal,User,2016-08-31T16:01:56Z,2021-06-01T14:15:20Z,https://api.github.com/repos/BCStudentSoftwareDevTeam/bcsr/issues/11,https://github.com/BCStudentSoftwareDevTeam/bcsr/issues/11#issuecomment-852161464
bcsr,852161469,bryantal,User,2016-08-31T16:03:44Z,2021-06-01T14:15:20Z,https://api.github.com/repos/BCStudentSoftwareDevTeam/bcsr/issues/11,https://github.com/BCStudentSoftwareDevTeam/bcsr/issues/11#issuecomment-852161469
bcsr,852161932,bryantal,User,2016-08-31T16:05:38Z,2021-06-01T14:15:56Z,https://api.github.com/repos/BCStudentSoftwareDevTeam/bcsr/issues/22,https://github.com/BCStudentSoftwareDevTeam/bcsr/issues/22#issuecomment-852161932
bcsr,852162015,bryantal,User,2016-08-31T16:06:02Z,2021-06-01T14:16:03Z,https://api.github.com/repos/BCStudentSoftwareDevTeam/bcsr/issues/24,https://github.com/BCStudentSoftwareDevTeam/bcsr/issues/24#issuecomment-852162015
bcsr,852162154,bryantal,User,2016-08-31T16:06:52Z,2021-06-01T14:16:13Z,https://api.github.com/repos/BCStudentSoftwareDevTeam/bcsr/issues/28,https://github.com/BCStudentSoftwareDevTeam/bcsr/issues/28#issuecomment-852162154
bcsr,852161904,bryantal,User,2016-08-31T23:19:09Z,2021-06-01T14:15:54Z,https://api.github.com/repos/BCStudentSoftwareDevTeam/bcsr/issues/21,https://github.com/BCStudentSoftwareDevTeam/bcsr/issues/21#issuecomment-852161904
bcsr,852162250,bryantal,User,2016-08-31T23:25:21Z,2021-06-01T14:16:19Z,https://api.github.com/repos/BCStudentSoftwareDevTeam/bcsr/issues/30,https://github.com/BCStudentSoftwareDevTeam/bcsr/issues/30#issuecomment-852162250
bcsr,852162301,bryantal,User,2016-08-31T23:38:41Z,2021-06-01T14:16:23Z,https://api.github.com/repos/BCStudentSoftwareDevTeam/bcsr/issues/31,https://github.com/BCStudentSoftwareDevTeam/bcsr/issues/31#issuecomment-852162301
bcsr,852162419,bryantal,User,2016-09-01T16:22:17Z,2021-06-01T14:16:32Z,https://api.github.com/repos/BCStudentSoftwareDevTeam/bcsr/issues/34,https://github.com/BCStudentSoftwareDevTeam/bcsr/issues/34#issuecomment-852162419
bcsr,852162333,bryantal,User,2016-09-01T16:23:23Z,2021-06-01T14:16:25Z,https://api.github.com/repos/BCStudentSoftwareDevTeam/bcsr/issues/32,https://github.com/BCStudentSoftwareDevTeam/bcsr/issues/32#issuecomment-852162333
bcsr,852162081,bryantal,User,2016-09-01T16:25:00Z,2021-06-01T14:16:07Z,https://api.github.com/repos/BCStudentSoftwareDevTeam/bcsr/issues/26,https://github.com/BCStudentSoftwareDevTeam/bcsr/issues/26#issuecomment-852162081
bcsr,852162340,bryantal,User,2016-09-05T10:59:41Z,2021-06-01T14:16:26Z,https://api.github.com/repos/BCStudentSoftwareDevTeam/bcsr/issues/32,https://github.com/BCStudentSoftwareDevTeam/bcsr/issues/32#issuecomment-852162340
bcsr,852162304,bryantal,User,2016-09-05T11:00:22Z,2021-06-01T14:16:23Z,https://api.github.com/repos/BCStudentSoftwareDevTeam/bcsr/issues/31,https://github.com/BCStudentSoftwareDevTeam/bcsr/issues/31#issuecomment-852162304
bcsr,852162123,bryantal,User,2016-09-05T11:03:07Z,2021-06-01T14:16:10Z,https://api.github.com/repos/BCStudentSoftwareDevTeam/bcsr/issues/27,https://github.com/BCStudentSoftwareDevTeam/bcsr/issues/27#issuecomment-852162123
bcsr,852162127,bryantal,User,2016-09-05T11:03:30Z,2021-06-01T14:16:10Z,https://api.github.com/repos/BCStudentSoftwareDevTeam/bcsr/issues/27,https://github.com/BCStudentSoftwareDevTeam/bcsr/issues/27#issuecomment-852162127
bcsr,852162383,bryantal,User,2016-09-05T11:05:44Z,2021-06-01T14:16:29Z,https://api.github.com/repos/BCStudentSoftwareDevTeam/bcsr/issues/33,https://github.com/BCStudentSoftwareDevTeam/bcsr/issues/33#issuecomment-852162383
bcsr,852162450,bryantal,User,2016-09-05T11:07:11Z,2021-06-01T14:16:35Z,https://api.github.com/repos/BCStudentSoftwareDevTeam/bcsr/issues/35,https://github.com/BCStudentSoftwareDevTeam/bcsr/issues/35#issuecomment-852162450
bcsr,852162386,bryantal,User,2016-09-05T16:17:50Z,2021-06-01T14:16:29Z,https://api.github.com/repos/BCStudentSoftwareDevTeam/bcsr/issues/33,https://github.com/BCStudentSoftwareDevTeam/bcsr/issues/33#issuecomment-852162386
bcsr,852162388,bryantal,User,2016-09-05T16:18:00Z,2021-06-01T14:16:29Z,https://api.github.com/repos/BCStudentSoftwareDevTeam/bcsr/issues/33,https://github.com/BCStudentSoftwareDevTeam/bcsr/issues/33#issuecomment-852162388
bcsr,852162257,bryantal,User,2016-09-07T21:29:31Z,2021-06-01T14:16:20Z,https://api.github.com/repos/BCStudentSoftwareDevTeam/bcsr/issues/30,https://github.com/BCStudentSoftwareDevTeam/bcsr/issues/30#issuecomment-852162257
bcsr,852162507,bryantal,User,2016-09-08T00:08:04Z,2021-06-01T14:16:40Z,https://api.github.com/repos/BCStudentSoftwareDevTeam/bcsr/issues/37,https://github.com/BCStudentSoftwareDevTeam/bcsr/issues/37#issuecomment-852162507
bcsr,852162509,bryantal,User,2016-09-08T00:08:34Z,2021-06-01T14:16:40Z,https://api.github.com/repos/BCStudentSoftwareDevTeam/bcsr/issues/37,https://github.com/BCStudentSoftwareDevTeam/bcsr/issues/37#issuecomment-852162509
bcsr,852162260,bryantal,User,2016-09-08T17:42:08Z,2021-06-01T14:16:20Z,https://api.github.com/repos/BCStudentSoftwareDevTeam/bcsr/issues/30,https://github.com/BCStudentSoftwareDevTeam/bcsr/issues/30#issuecomment-852162260
bcsr,852162513,bryantal,User,2016-09-08T18:07:46Z,2021-06-01T14:16:40Z,https://api.github.com/repos/BCStudentSoftwareDevTeam/bcsr/issues/37,https://github.com/BCStudentSoftwareDevTeam/bcsr/issues/37#issuecomment-852162513
bcsr,852162201,bryantal,User,2016-09-20T18:09:28Z,2021-06-01T14:16:16Z,https://api.github.com/repos/BCStudentSoftwareDevTeam/bcsr/issues/29,https://github.com/BCStudentSoftwareDevTeam/bcsr/issues/29#issuecomment-852162201
bcsr,852162629,bryantal,User,2016-09-29T18:54:25Z,2021-06-01T14:16:48Z,https://api.github.com/repos/BCStudentSoftwareDevTeam/bcsr/issues/40,https://github.com/BCStudentSoftwareDevTeam/bcsr/issues/40#issuecomment-852162629
bcsr,852162631,bryantal,User,2016-09-29T18:55:41Z,2021-06-01T14:16:49Z,https://api.github.com/repos/BCStudentSoftwareDevTeam/bcsr/issues/40,https://github.com/BCStudentSoftwareDevTeam/bcsr/issues/40#issuecomment-852162631
bcsr,852162718,bryantal,User,2016-10-06T17:08:43Z,2021-06-01T14:16:56Z,https://api.github.com/repos/BCStudentSoftwareDevTeam/bcsr/issues/43,https://github.com/BCStudentSoftwareDevTeam/bcsr/issues/43#issuecomment-852162718
bcsr,852162720,bryantal,User,2016-10-06T17:09:01Z,2021-06-01T14:16:56Z,https://api.github.com/repos/BCStudentSoftwareDevTeam/bcsr/issues/43,https://github.com/BCStudentSoftwareDevTeam/bcsr/issues/43#issuecomment-852162720
bcsr,852161515,bryantal,User,2016-10-20T19:06:28Z,2021-06-01T14:15:24Z,https://api.github.com/repos/BCStudentSoftwareDevTeam/bcsr/issues/12,https://github.com/BCStudentSoftwareDevTeam/bcsr/issues/12#issuecomment-852161515
bcsr,852162517,bryantal,User,2016-10-20T19:11:03Z,2021-06-01T14:16:40Z,https://api.github.com/repos/BCStudentSoftwareDevTeam/bcsr/issues/37,https://github.com/BCStudentSoftwareDevTeam/bcsr/issues/37#issuecomment-852162517
bcsr,852162901,bryantal,User,2016-10-25T19:40:36Z,2021-06-01T14:17:10Z,https://api.github.com/repos/BCStudentSoftwareDevTeam/bcsr/issues/47,https://github.com/BCStudentSoftwareDevTeam/bcsr/issues/47#issuecomment-852162901
bcsr,852162903,bryantal,User,2016-10-25T19:40:50Z,2021-06-01T14:17:10Z,https://api.github.com/repos/BCStudentSoftwareDevTeam/bcsr/issues/47,https://github.com/BCStudentSoftwareDevTeam/bcsr/issues/47#issuecomment-852162903
bcsr,852162556,bryantal,User,2016-10-26T18:27:35Z,2021-06-01T14:16:43Z,https://api.github.com/repos/BCStudentSoftwareDevTeam/bcsr/issues/38,https://github.com/BCStudentSoftwareDevTeam/bcsr/issues/38#issuecomment-852162556
bcsr,852163075,bryantal,User,2017-01-25T18:10:38Z,2021-06-01T14:17:23Z,https://api.github.com/repos/BCStudentSoftwareDevTeam/bcsr/issues/50,https://github.com/BCStudentSoftwareDevTeam/bcsr/issues/50#issuecomment-852163075
bcsr,852162846,bryantal,User,2017-01-25T18:11:46Z,2021-06-01T14:17:06Z,https://api.github.com/repos/BCStudentSoftwareDevTeam/bcsr/issues/46,https://github.com/BCStudentSoftwareDevTeam/bcsr/issues/46#issuecomment-852162846
bcsr,852162850,bryantal,User,2017-01-25T19:21:56Z,2021-06-01T14:17:06Z,https://api.github.com/repos/BCStudentSoftwareDevTeam/bcsr/issues/46,https://github.com/BCStudentSoftwareDevTeam/bcsr/issues/46#issuecomment-852162850
bcsr,852162853,bryantal,User,2017-02-02T13:56:16Z,2021-06-01T14:17:07Z,https://api.github.com/repos/BCStudentSoftwareDevTeam/bcsr/issues/46,https://github.com/BCStudentSoftwareDevTeam/bcsr/issues/46#issuecomment-852162853
bcsr,852162986,bryantal,User,2017-02-03T00:08:53Z,2021-06-01T14:17:16Z,https://api.github.com/repos/BCStudentSoftwareDevTeam/bcsr/issues/49,https://github.com/BCStudentSoftwareDevTeam/bcsr/issues/49#issuecomment-852162986
bcsr,852162987,bryantal,User,2017-02-03T00:10:48Z,2021-06-01T14:17:17Z,https://api.github.com/repos/BCStudentSoftwareDevTeam/bcsr/issues/49,https://github.com/BCStudentSoftwareDevTeam/bcsr/issues/49#issuecomment-852162987
bcsr,852162990,bryantal,User,2017-02-03T00:11:43Z,2021-06-01T14:17:17Z,https://api.github.com/repos/BCStudentSoftwareDevTeam/bcsr/issues/49,https://github.com/BCStudentSoftwareDevTeam/bcsr/issues/49#issuecomment-852162990
bcsr,852162994,bryantal,User,2017-02-03T00:16:41Z,2021-06-01T14:17:17Z,https://api.github.com/repos/BCStudentSoftwareDevTeam/bcsr/issues/49,https://github.com/BCStudentSoftwareDevTeam/bcsr/issues/49#issuecomment-852162994
bcsr,852162999,bryantal,User,2017-02-03T01:36:43Z,2021-06-01T14:17:17Z,https://api.github.com/repos/BCStudentSoftwareDevTeam/bcsr/issues/49,https://github.com/BCStudentSoftwareDevTeam/bcsr/issues/49#issuecomment-852162999
bcsr,852163000,bryantal,User,2017-02-07T20:20:02Z,2021-06-01T14:17:17Z,https://api.github.com/repos/BCStudentSoftwareDevTeam/bcsr/issues/49,https://github.com/BCStudentSoftwareDevTeam/bcsr/issues/49#issuecomment-852163000
bcsr,852162855,bryantal,User,2017-02-07T22:37:47Z,2021-06-01T14:17:07Z,https://api.github.com/repos/BCStudentSoftwareDevTeam/bcsr/issues/46,https://github.com/BCStudentSoftwareDevTeam/bcsr/issues/46#issuecomment-852162855
bcsr,852163003,bryantal,User,2017-02-08T18:48:50Z,2021-06-01T14:17:18Z,https://api.github.com/repos/BCStudentSoftwareDevTeam/bcsr/issues/49,https://github.com/BCStudentSoftwareDevTeam/bcsr/issues/49#issuecomment-852163003
bcsr,852163006,bryantal,User,2017-02-08T19:06:38Z,2021-06-01T14:17:18Z,https://api.github.com/repos/BCStudentSoftwareDevTeam/bcsr/issues/49,https://github.com/BCStudentSoftwareDevTeam/bcsr/issues/49#issuecomment-852163006
bcsr,852163011,bryantal,User,2017-02-08T19:10:38Z,2021-06-01T14:17:18Z,https://api.github.com/repos/BCStudentSoftwareDevTeam/bcsr/issues/49,https://github.com/BCStudentSoftwareDevTeam/bcsr/issues/49#issuecomment-852163011
bcsr,852162858,bryantal,User,2017-02-08T20:23:54Z,2021-06-01T14:17:07Z,https://api.github.com/repos/BCStudentSoftwareDevTeam/bcsr/issues/46,https://github.com/BCStudentSoftwareDevTeam/bcsr/issues/46#issuecomment-852162858
bcsr,852162862,bryantal,User,2017-02-09T19:33:56Z,2021-06-01T14:17:07Z,https://api.github.com/repos/BCStudentSoftwareDevTeam/bcsr/issues/46,https://github.com/BCStudentSoftwareDevTeam/bcsr/issues/46#issuecomment-852162862
bcsr,852163015,bryantal,User,2017-02-14T20:55:13Z,2021-06-01T14:17:18Z,https://api.github.com/repos/BCStudentSoftwareDevTeam/bcsr/issues/49,https://github.com/BCStudentSoftwareDevTeam/bcsr/issues/49#issuecomment-852163015
bcsr,852163019,bryantal,User,2017-02-15T19:45:05Z,2021-06-01T14:17:18Z,https://api.github.com/repos/BCStudentSoftwareDevTeam/bcsr/issues/49,https://github.com/BCStudentSoftwareDevTeam/bcsr/issues/49#issuecomment-852163019
bcsr,852163081,bryantal,User,2017-02-15T19:51:08Z,2021-06-01T14:17:24Z,https://api.github.com/repos/BCStudentSoftwareDevTeam/bcsr/issues/50,https://github.com/BCStudentSoftwareDevTeam/bcsr/issues/50#issuecomment-852163081
bcsr,852163086,bryantal,User,2017-06-13T19:13:51Z,2021-06-01T14:17:24Z,https://api.github.com/repos/BCStudentSoftwareDevTeam/bcsr/issues/50,https://github.com/BCStudentSoftwareDevTeam/bcsr/issues/50#issuecomment-852163086
bcsr,852162935,bryantal,User,2017-06-13T19:32:28Z,2021-06-01T14:17:12Z,https://api.github.com/repos/BCStudentSoftwareDevTeam/bcsr/issues/48,https://github.com/BCStudentSoftwareDevTeam/bcsr/issues/48#issuecomment-852162935
bcsr,852161517,bryantal,User,2017-06-14T12:06:21Z,2021-06-01T14:15:24Z,https://api.github.com/repos/BCStudentSoftwareDevTeam/bcsr/issues/12,https://github.com/BCStudentSoftwareDevTeam/bcsr/issues/12#issuecomment-852161517
bcsr,852163127,bryantal,User,2017-06-14T12:07:47Z,2021-06-01T14:17:27Z,https://api.github.com/repos/BCStudentSoftwareDevTeam/bcsr/issues/51,https://github.com/BCStudentSoftwareDevTeam/bcsr/issues/51#issuecomment-852163127
bcsr,852162754,bryantal,User,2017-06-14T12:15:29Z,2021-06-01T14:17:00Z,https://api.github.com/repos/BCStudentSoftwareDevTeam/bcsr/issues/44,https://github.com/BCStudentSoftwareDevTeam/bcsr/issues/44#issuecomment-852162754
bcsr,852161557,bryantal,User,2017-06-14T12:17:09Z,2021-06-01T14:15:27Z,https://api.github.com/repos/BCStudentSoftwareDevTeam/bcsr/issues/13,https://github.com/BCStudentSoftwareDevTeam/bcsr/issues/13#issuecomment-852161557
bcsr,852162796,bryantal,User,2017-06-14T12:20:10Z,2021-06-01T14:17:03Z,https://api.github.com/repos/BCStudentSoftwareDevTeam/bcsr/issues/45,https://github.com/BCStudentSoftwareDevTeam/bcsr/issues/45#issuecomment-852162796
bcsr,852163089,bryantal,User,2017-06-14T12:22:51Z,2021-06-01T14:17:24Z,https://api.github.com/repos/BCStudentSoftwareDevTeam/bcsr/issues/50,https://github.com/BCStudentSoftwareDevTeam/bcsr/issues/50#issuecomment-852163089
bcsr,852163130,bryantal,User,2017-06-22T14:43:22Z,2021-06-01T14:17:27Z,https://api.github.com/repos/BCStudentSoftwareDevTeam/bcsr/issues/51,https://github.com/BCStudentSoftwareDevTeam/bcsr/issues/51#issuecomment-852163130
bcsr,852162800,bryantal,User,2017-08-25T12:22:07Z,2021-06-01T14:17:03Z,https://api.github.com/repos/BCStudentSoftwareDevTeam/bcsr/issues/45,https://github.com/BCStudentSoftwareDevTeam/bcsr/issues/45#issuecomment-852162800
bcsr,852162560,bryantal,User,2018-01-09T20:49:10Z,2021-06-01T14:16:44Z,https://api.github.com/repos/BCStudentSoftwareDevTeam/bcsr/issues/38,https://github.com/BCStudentSoftwareDevTeam/bcsr/issues/38#issuecomment-852162560
bcsr,852163300,bryantal,User,2018-06-12T20:17:54Z,2021-06-01T14:17:40Z,https://api.github.com/repos/BCStudentSoftwareDevTeam/bcsr/issues/56,https://github.com/BCStudentSoftwareDevTeam/bcsr/issues/56#issuecomment-852163300
bcsr,852163303,bryantal,User,2018-06-12T20:18:16Z,2021-06-01T14:17:40Z,https://api.github.com/repos/BCStudentSoftwareDevTeam/bcsr/issues/56,https://github.com/BCStudentSoftwareDevTeam/bcsr/issues/56#issuecomment-852163303
bcsr,852163242,bryantal,User,2019-06-13T12:16:54Z,2021-06-01T14:17:34Z,https://api.github.com/repos/BCStudentSoftwareDevTeam/bcsr/issues/54,https://github.com/BCStudentSoftwareDevTeam/bcsr/issues/54#issuecomment-852163242
bcsr,852162806,bryantal,User,2019-06-18T21:55:24Z,2021-06-01T14:17:03Z,https://api.github.com/repos/BCStudentSoftwareDevTeam/bcsr/issues/45,https://github.com/BCStudentSoftwareDevTeam/bcsr/issues/45#issuecomment-852162806
bcsr,852163309,bryantal,User,2019-06-19T14:10:30Z,2021-06-01T14:17:40Z,https://api.github.com/repos/BCStudentSoftwareDevTeam/bcsr/issues/56,https://github.com/BCStudentSoftwareDevTeam/bcsr/issues/56#issuecomment-852163309
bcsr,852163270,bryantal,User,2019-06-19T19:19:53Z,2021-06-01T14:17:37Z,https://api.github.com/repos/BCStudentSoftwareDevTeam/bcsr/issues/55,https://github.com/BCStudentSoftwareDevTeam/bcsr/issues/55#issuecomment-852163270
bcsr,852163313,bryantal,User,2019-06-19T19:20:38Z,2021-06-01T14:17:41Z,https://api.github.com/repos/BCStudentSoftwareDevTeam/bcsr/issues/56,https://github.com/BCStudentSoftwareDevTeam/bcsr/issues/56#issuecomment-852163313
bcsr,852163492,bryantal,User,2019-06-19T19:51:06Z,2021-06-01T14:17:54Z,https://api.github.com/repos/BCStudentSoftwareDevTeam/bcsr/issues/61,https://github.com/BCStudentSoftwareDevTeam/bcsr/issues/61#issuecomment-852163492
bcsr,852163758,bryantal,User,2019-06-19T20:36:01Z,2021-06-01T14:18:12Z,https://api.github.com/repos/BCStudentSoftwareDevTeam/bcsr/issues/66,https://github.com/BCStudentSoftwareDevTeam/bcsr/issues/66#issuecomment-852163758
bcsr,852163496,bryantal,User,2019-06-20T13:45:29Z,2021-06-01T14:17:54Z,https://api.github.com/repos/BCStudentSoftwareDevTeam/bcsr/issues/61,https://github.com/BCStudentSoftwareDevTeam/bcsr/issues/61#issuecomment-852163496
bcsr,852163597,bryantal,User,2019-06-20T15:25:54Z,2021-06-01T14:18:01Z,https://api.github.com/repos/BCStudentSoftwareDevTeam/bcsr/issues/63,https://github.com/BCStudentSoftwareDevTeam/bcsr/issues/63#issuecomment-852163597
bcsr,852163645,bryantal,User,2019-06-20T15:27:56Z,2021-06-01T14:18:05Z,https://api.github.com/repos/BCStudentSoftwareDevTeam/bcsr/issues/64,https://github.com/BCStudentSoftwareDevTeam/bcsr/issues/64#issuecomment-852163645
bcsr,852163652,bryantal,User,2019-06-20T15:27:58Z,2021-06-01T14:18:05Z,https://api.github.com/repos/BCStudentSoftwareDevTeam/bcsr/issues/64,https://github.com/BCStudentSoftwareDevTeam/bcsr/issues/64#issuecomment-852163652
bcsr,852163380,bryantal,User,2019-06-28T19:20:26Z,2021-06-01T14:17:46Z,https://api.github.com/repos/BCStudentSoftwareDevTeam/bcsr/issues/58,https://github.com/BCStudentSoftwareDevTeam/bcsr/issues/58#issuecomment-852163380
bcsr,852162203,bryantal,User,2020-06-22T20:41:24Z,2021-06-01T14:16:16Z,https://api.github.com/repos/BCStudentSoftwareDevTeam/bcsr/issues/29,https://github.com/BCStudentSoftwareDevTeam/bcsr/issues/29#issuecomment-852162203
bcsr,852163816,bryantal,User,2021-05-19T13:32:46Z,2021-06-01T14:18:18Z,https://api.github.com/repos/BCStudentSoftwareDevTeam/bcsr/issues/68,https://github.com/BCStudentSoftwareDevTeam/bcsr/issues/68#issuecomment-852163816
bcsr,1378985463,sheggen,User,2023-01-11T15:43:33Z,2023-01-11T15:43:33Z,https://api.github.com/repos/BCStudentSoftwareDevTeam/bcsr/issues/60,https://github.com/BCStudentSoftwareDevTeam/bcsr/issues/60#issuecomment-1378985463
bcsr,1378992225,sheggen,User,2023-01-11T15:46:31Z,2023-01-11T16:43:21Z,https://api.github.com/repos/BCStudentSoftwareDevTeam/bcsr/issues/27,https://github.com/BCStudentSoftwareDevTeam/bcsr/issues/27#issuecomment-1378992225
bcsr,1553025853,sheggen,User,2023-05-18T13:04:24Z,2023-05-18T13:04:24Z,https://api.github.com/repos/BCStudentSoftwareDevTeam/bcsr/issues/43,https://github.com/BCStudentSoftwareDevTeam/bcsr/issues/43#issuecomment-1553025853
bcsr,1553026999,sheggen,User,2023-05-18T13:05:08Z,2023-05-18T13:05:08Z,https://api.github.com/repos/BCStudentSoftwareDevTeam/bcsr/issues/36,https://github.com/BCStudentSoftwareDevTeam/bcsr/issues/36#issuecomment-1553026999
bcsr,2021389072,AndersonStettner,User,2024-03-26T20:20:03Z,2024-03-26T20:20:03Z,https://api.github.com/repos/BCStudentSoftwareDevTeam/bcsr/issues/75,https://github.com/BCStudentSoftwareDevTeam/bcsr/issues/75#issuecomment-2021389072
bcsr,5258872138,shubhrai23,User,2026-08-11T21:07:48Z,2026-08-11T21:07:48Z,https://api.github.com/repos/BCStudentSoftwareDevTeam/bcsr/issues/96,https://github.com/BCStudentSoftwareDevTeam/bcsr/issues/96#issuecomment-5258872138
bcsr,5620906846,AbdouLayeCDiop,User,2026-09-10T15:09:48Z,2026-09-10T15:09:48Z,https://api.github.com/repos/BCStudentSoftwareDevTeam/bcsr/issues/107,https://github.com/BCStudentSoftwareDevTeam/bcsr/issues/107#issuecomment-5620906846
bcsr,5621373900,eboselea,User,2026-09-10T15:41:59Z,2026-09-10T15:41:59Z,https://api.github.com/repos/BCStudentSoftwareDevTeam/bcsr/issues/95,https://github.com/BCStudentSoftwareDevTeam/bcsr/issues/95#issuecomment-5621373900
bcsr,5621542932,johnsont7,User,2026-09-10T15:54:10Z,2026-09-10T15:54:10Z,https://api.github.com/repos/BCStudentSoftwareDevTeam/bcsr/issues/98,https://github.com/BCStudentSoftwareDevTeam/bcsr/issues/98#issuecomment-5621542932
bcsr,5649225925,baobao1355,User,2026-09-12T22:52:32Z,2026-09-12T22:52:32Z,https://api.github.com/repos/BCStudentSoftwareDevTeam/bcsr/issues/87,https://github.com/BCStudentSoftwareDevTeam/bcsr/issues/87#issuecomment-5649225925
bcsr,5683380155,baobao1355,User,2026-09-15T15:49:46Z,2026-09-15T15:49:46Z,https://api.github.com/repos/BCStudentSoftwareDevTeam/bcsr/issues/112,https://github.com/BCStudentSoftwareDevTeam/bcsr/pull/112#issuecomment-5683380155
celts,860632658,bryantal,User,2021-06-14T12:07:56Z,2021-06-14T12:07:56Z,https://api.github.com/repos/BCStudentSoftwareDevTeam/celts/issues/1,https://github.com/BCStudentSoftwareDevTeam/celts/issues/1#issuecomment-860632658
celts,860633287,bryantal,User,2021-06-14T12:08:58Z,2021-06-14T12:08:58Z,https://api.github.com/repos/BCStudentSoftwareDevTeam/celts/issues/3,https://github.com/BCStudentSoftwareDevTeam/celts/issues/3#issuecomment-860633287
celts,860633901,bryantal,User,2021-06-14T12:09:58Z,2021-06-14T12:09:58Z,https://api.github.com/repos/BCStudentSoftwareDevTeam/celts/issues/4,https://github.com/BCStudentSoftwareDevTeam/celts/issues/4#issuecomment-860633901
celts,860634111,bryantal,User,2021-06-14T12:10:21Z,2021-06-14T12:10:21Z,https://api.github.com/repos/BCStudentSoftwareDevTeam/celts/issues/5,https://github.com/BCStudentSoftwareDevTeam/celts/issues/5#issuecomment-860634111
celts,860634528,bryantal,User,2021-06-14T12:11:00Z,2021-06-14T12:11:00Z,https://api.github.com/repos/BCStudentSoftwareDevTeam/celts/issues/6,https://github.com/BCStudentSoftwareDevTeam/celts/issues/6#issuecomment-860634528
celts,860634822,bryantal,User,2021-06-14T12:11:30Z,2021-06-14T12:11:30Z,https://api.github.com/repos/BCStudentSoftwareDevTeam/celts/issues/7,https://github.com/BCStudentSoftwareDevTeam/celts/issues/7#issuecomment-860634822
celts,860635204,bryantal,User,2021-06-14T12:12:09Z,2021-06-14T12:12:09Z,https://api.github.com/repos/BCStudentSoftwareDevTeam/celts/issues/8,https://github.com/BCStudentSoftwareDevTeam/celts/issues/8#issuecomment-860635204
celts,860650199,bryantal,User,2021-06-14T12:37:22Z,2021-06-14T12:37:22Z,https://api.github.com/repos/BCStudentSoftwareDevTeam/celts/issues/9,https://github.com/BCStudentSoftwareDevTeam/celts/issues/9#issuecomment-860650199
celts,860656830,bryantal,User,2021-06-14T12:48:20Z,2021-06-14T12:48:20Z,https://api.github.com/repos/BCStudentSoftwareDevTeam/celts/issues/10,https://github.com/BCStudentSoftwareDevTeam/celts/issues/10#issuecomment-860656830
celts,860820803,romano-w,User,2021-06-14T16:29:01Z,2021-06-14T16:29:01Z,https://api.github.com/repos/BCStudentSoftwareDevTeam/celts/issues/11,https://github.com/BCStudentSoftwareDevTeam/celts/issues/11#issuecomment-860820803
celts,869198700,romano-w,User,2021-06-27T17:29:06Z,2021-06-27T17:29:06Z,https://api.github.com/repos/BCStudentSoftwareDevTeam/celts/issues/35,https://github.com/BCStudentSoftwareDevTeam/celts/pull/35#issuecomment-869198700
celts,869198985,romano-w,User,2021-06-27T17:31:05Z,2021-06-27T17:31:05Z,https://api.github.com/repos/BCStudentSoftwareDevTeam/celts/issues/35,https://github.com/BCStudentSoftwareDevTeam/celts/pull/35#issuecomment-869198985
celts,870791637,bryantal,User,2021-06-29T17:43:20Z,2021-06-29T17:43:20Z,https://api.github.com/repos/BCStudentSoftwareDevTeam/celts/issues/34,https://github.com/BCStudentSoftwareDevTeam/celts/issues/34#issuecomment-870791637
celts,871692007,bryantal,User,2021-06-30T20:05:28Z,2021-06-30T20:05:28Z,https://api.github.com/repos/BCStudentSoftwareDevTeam/celts/issues/17,https://github.com/BCStudentSoftwareDevTeam/celts/pull/17#issuecomment-871692007
celts,872488708,sreynit02,User,2021-07-01T19:14:39Z,2021-07-01T19:14:39Z,https://api.github.com/repos/BCStudentSoftwareDevTeam/celts/issues/32,https://github.com/BCStudentSoftwareDevTeam/celts/pull/32#issuecomment-872488708
celts,872499417,Karina-Agliullova,User,2021-07-01T19:34:41Z,2021-07-01T19:34:41Z,https://api.github.com/repos/BCStudentSoftwareDevTeam/celts/issues/20,https://github.com/BCStudentSoftwareDevTeam/celts/pull/20#issuecomment-872499417
celts,872653287,sreynit02,User,2021-07-02T01:46:28Z,2021-07-02T01:46:50Z,https://api.github.com/repos/BCStudentSoftwareDevTeam/celts/issues/17,https://github.com/BCStudentSoftwareDevTeam/celts/pull/17#issuecomment-872653287
celts,880156061,gastonjarju,User,2021-07-14T19:35:59Z,2021-07-14T19:35:59Z,https://api.github.com/repos/BCStudentSoftwareDevTeam/celts/issues/37,https://github.com/BCStudentSoftwareDevTeam/celts/pull/37#issuecomment-880156061
celts,887570731,sreynit02,User,2021-07-27T14:40:38Z,2021-07-27T14:41:12Z,https://api.github.com/repos/BCStudentSoftwareDevTeam/celts/issues/61,https://github.com/BCStudentSoftwareDevTeam/celts/issues/61#issuecomment-887570731
celts,889932223,Karina-Agliullova,User,2021-07-30T14:30:33Z,2021-07-30T14:30:33Z,https://api.github.com/repos/BCStudentSoftwareDevTeam/celts/issues/64,https://github.com/BCStudentSoftwareDevTeam/celts/issues/64#issuecomment-889932223
celts,890035970,sreynit02,User,2021-07-30T17:13:47Z,2021-07-30T17:13:47Z,https://api.github.com/repos/BCStudentSoftwareDevTeam/celts/issues/64,https://github.com/BCStudentSoftwareDevTeam/celts/issues/64#issuecomment-890035970
celts,891040991,bryantal,User,2021-08-02T13:46:28Z,2021-08-02T13:46:28Z,https://api.github.com/repos/BCStudentSoftwareDevTeam/celts/issues/68,https://github.com/BCStudentSoftwareDevTeam/celts/issues/68#issuecomment-891040991
celts,892791346,Sandesh-L,User,2021-08-04T16:16:31Z,2021-08-04T16:16:31Z,https://api.github.com/repos/BCStudentSoftwareDevTeam/celts/issues/60,https://github.com/BCStudentSoftwareDevTeam/celts/pull/60#issuecomment-892791346
celts,893737953,gastonjarju,User,2021-08-05T19:45:05Z,2021-08-05T19:45:05Z,https://api.github.com/repos/BCStudentSoftwareDevTeam/celts/issues/73,https://github.com/BCStudentSoftwareDevTeam/celts/pull/73#issuecomment-893737953
celts,894454703,Sandesh-L,User,2021-08-06T18:52:56Z,2021-08-06T18:52:56Z,https://api.github.com/repos/BCStudentSoftwareDevTeam/celts/issues/67,https://github.com/BCStudentSoftwareDevTeam/celts/issues/67#issuecomment-894454703
celts,901162436,bryantal,User,2021-08-18T14:28:01Z,2021-08-18T14:28:01Z,https://api.github.com/repos/BCStudentSoftwareDevTeam/celts/issues/82,https://github.com/BCStudentSoftwareDevTeam/celts/issues/82#issuecomment-901162436
celts,901163068,bryantal,User,2021-08-18T14:28:52Z,2021-08-18T14:28:52Z,https://api.github.com/repos/BCStudentSoftwareDevTeam/celts/issues/81,https://github.com/BCStudentSoftwareDevTeam/celts/issues/81#issuecomment-901163068
celts,901164286,bryantal,User,2021-08-18T14:30:24Z,2021-08-18T14:30:24Z,https://api.github.com/repos/BCStudentSoftwareDevTeam/celts/issues/67,https://github.com/BCStudentSoftwareDevTeam/celts/issues/67#issuecomment-901164286
celts,901178038,bryantal,User,2021-08-18T14:47:24Z,2021-08-18T14:47:24Z,https://api.github.com/repos/BCStudentSoftwareDevTeam/celts/issues/76,https://github.com/BCStudentSoftwareDevTeam/celts/issues/76#issuecomment-901178038
celts,901178455,bryantal,User,2021-08-18T14:47:54Z,2021-08-18T14:47:54Z,https://api.github.com/repos/BCStudentSoftwareDevTeam/celts/issues/77,https://github.com/BCStudentSoftwareDevTeam/celts/issues/77#issuecomment-901178455
celts,901178913,bryantal,User,2021-08-18T14:48:28Z,2021-08-18T14:48:28Z,https://api.github.com/repos/BCStudentSoftwareDevTeam/celts/issues/78,https://github.com/BCStudentSoftwareDevTeam/celts/issues/78#issuecomment-901178913
celts,901179407,bryantal,User,2021-08-18T14:49:05Z,2021-08-18T14:49:05Z,https://api.github.com/repos/BCStudentSoftwareDevTeam/celts/issues/79,https://github.com/BCStudentSoftwareDevTeam/celts/issues/79#issuecomment-901179407
celts,901179793,bryantal,User,2021-08-18T14:49:34Z,2021-08-18T14:49:34Z,https://api.github.com/repos/BCStudentSoftwareDevTeam/celts/issues/80,https://github.com/BCStudentSoftwareDevTeam/celts/issues/80#issuecomment-901179793
celts,901182403,bryantal,User,2021-08-18T14:53:02Z,2021-08-18T14:53:02Z,https://api.github.com/repos/BCStudentSoftwareDevTeam/celts/issues/83,https://github.com/BCStudentSoftwareDevTeam/celts/issues/83#issuecomment-901182403
celts,903786623,bryantal,User,2021-08-23T13:48:34Z,2021-08-23T13:48:34Z,https://api.github.com/repos/BCStudentSoftwareDevTeam/celts/issues/88,https://github.com/BCStudentSoftwareDevTeam/celts/issues/88#issuecomment-903786623
celts,903835960,bryantal,User,2021-08-23T14:40:44Z,2021-08-23T14:40:44Z,https://api.github.com/repos/BCStudentSoftwareDevTeam/celts/issues/89,https://github.com/BCStudentSoftwareDevTeam/celts/issues/89#issuecomment-903835960
celts,905006747,bryantal,User,2021-08-24T22:03:09Z,2021-08-24T22:03:09Z,https://api.github.com/repos/BCStudentSoftwareDevTeam/celts/issues/84,https://github.com/BCStudentSoftwareDevTeam/celts/issues/84#issuecomment-905006747
celts,905643794,sreynit02,User,2021-08-25T15:53:07Z,2021-08-25T15:53:07Z,https://api.github.com/repos/BCStudentSoftwareDevTeam/celts/issues/90,https://github.com/BCStudentSoftwareDevTeam/celts/pull/90#issuecomment-905643794
celts,906678358,hmanalai,User,2021-08-26T19:21:04Z,2021-08-26T19:21:04Z,https://api.github.com/repos/BCStudentSoftwareDevTeam/celts/issues/82,https://github.com/BCStudentSoftwareDevTeam/celts/issues/82#issuecomment-906678358
celts,906693528,bryantal,User,2021-08-26T19:45:10Z,2021-08-26T19:45:10Z,https://api.github.com/repos/BCStudentSoftwareDevTeam/celts/issues/95,https://github.com/BCStudentSoftwareDevTeam/celts/issues/95#issuecomment-906693528
celts,906700445,bryantal,User,2021-08-26T19:56:13Z,2021-08-26T19:56:13Z,https://api.github.com/repos/BCStudentSoftwareDevTeam/celts/issues/96,https://github.com/BCStudentSoftwareDevTeam/celts/issues/96#issuecomment-906700445
celts,906701020,hmanalai,User,2021-08-26T19:57:07Z,2021-08-26T19:57:07Z,https://api.github.com/repos/BCStudentSoftwareDevTeam/celts/issues/95,https://github.com/BCStudentSoftwareDevTeam/celts/issues/95#issuecomment-906701020
celts,907352212,zachneill,User,2021-08-27T17:15:40Z,2021-08-27T17:15:40Z,https://api.github.com/repos/BCStudentSoftwareDevTeam/celts/issues/89,https://github.com/BCStudentSoftwareDevTeam/celts/issues/89#issuecomment-907352212
celts,907369843,bryantal,User,2021-08-27T17:48:25Z,2021-08-27T17:48:25Z,https://api.github.com/repos/BCStudentSoftwareDevTeam/celts/issues/99,https://github.com/BCStudentSoftwareDevTeam/celts/issues/99#issuecomment-907369843
celts,907414487,mupotsal,User,2021-08-27T19:08:11Z,2021-08-27T19:08:11Z,https://api.github.com/repos/BCStudentSoftwareDevTeam/celts/issues/80,https://github.com/BCStudentSoftwareDevTeam/celts/issues/80#issuecomment-907414487
celts,907458815,bryantal,User,2021-08-27T20:28:40Z,2021-08-27T20:28:40Z,https://api.github.com/repos/BCStudentSoftwareDevTeam/celts/issues/100,https://github.com/BCStudentSoftwareDevTeam/celts/issues/100#issuecomment-907458815
celts,908379687,bryantal,User,2021-08-30T14:14:20Z,2021-08-30T14:14:20Z,https://api.github.com/repos/BCStudentSoftwareDevTeam/celts/issues/101,https://github.com/BCStudentSoftwareDevTeam/celts/issues/101#issuecomment-908379687
celts,910562724,bryantal,User,2021-09-01T18:42:05Z,2021-09-01T18:42:05Z,https://api.github.com/repos/BCStudentSoftwareDevTeam/celts/issues/104,https://github.com/BCStudentSoftwareDevTeam/celts/issues/104#issuecomment-910562724
celts,910581613,bryantal,User,2021-09-01T18:53:16Z,2021-09-01T18:53:16Z,https://api.github.com/repos/BCStudentSoftwareDevTeam/celts/issues/105,https://github.com/BCStudentSoftwareDevTeam/celts/issues/105#issuecomment-910581613
celts,911719373,sreynit02,User,2021-09-02T14:02:40Z,2021-09-02T14:02:40Z,https://api.github.com/repos/BCStudentSoftwareDevTeam/celts/issues/83,https://github.com/BCStudentSoftwareDevTeam/celts/issues/83#issuecomment-911719373
celts,912786654,bryantal,User,2021-09-03T20:15:49Z,2021-09-03T20:15:49Z,https://api.github.com/repos/BCStudentSoftwareDevTeam/celts/issues/108,https://github.com/BCStudentSoftwareDevTeam/celts/issues/108#issuecomment-912786654
celts,914338437,bryantal,User,2021-09-07T14:08:54Z,2021-09-07T14:08:54Z,https://api.github.com/repos/BCStudentSoftwareDevTeam/celts/issues/109,https://github.com/BCStudentSoftwareDevTeam/celts/issues/109#issuecomment-914338437
celts,914481710,bryantal,User,2021-09-07T17:14:55Z,2021-09-07T17:14:55Z,https://api.github.com/repos/BCStudentSoftwareDevTeam/celts/issues/107,https://github.com/BCStudentSoftwareDevTeam/celts/pull/107#issuecomment-914481710
celts,914643661,hmanalai,User,2021-09-07T21:33:15Z,2021-09-07T21:33:15Z,https://api.github.com/repos/BCStudentSoftwareDevTeam/celts/issues/94,https://github.com/BCStudentSoftwareDevTeam/celts/pull/94#issuecomment-914643661
celts,916886773,bryantal,User,2021-09-10T13:02:01Z,2021-09-10T13:02:01Z,https://api.github.com/repos/BCStudentSoftwareDevTeam/celts/issues/113,https://github.com/BCStudentSoftwareDevTeam/celts/issues/113#issuecomment-916886773
celts,916887096,mupotsal,User,2021-09-10T13:02:30Z,2021-09-10T13:02:30Z,https://api.github.com/repos/BCStudentSoftwareDevTeam/celts/issues/79,https://github.com/BCStudentSoftwareDevTeam/celts/issues/79#issuecomment-916887096
celts,918208991,bryantal,User,2021-09-13T13:47:50Z,2021-09-13T13:47:50Z,https://api.github.com/repos/BCStudentSoftwareDevTeam/celts/issues/114,https://github.com/BCStudentSoftwareDevTeam/celts/issues/114#issuecomment-918208991
celts,918251826,Ebenezer997,User,2021-09-13T14:29:26Z,2021-09-13T14:29:26Z,https://api.github.com/repos/BCStudentSoftwareDevTeam/celts/issues/116,https://github.com/BCStudentSoftwareDevTeam/celts/issues/116#issuecomment-918251826
celts,918560894,bryantal,User,2021-09-13T20:43:57Z,2021-09-13T20:43:57Z,https://api.github.com/repos/BCStudentSoftwareDevTeam/celts/issues/117,https://github.com/BCStudentSoftwareDevTeam/celts/issues/117#issuecomment-918560894
celts,919366481,hmanalai,User,2021-09-14T17:33:11Z,2021-09-14T17:33:11Z,https://api.github.com/repos/BCStudentSoftwareDevTeam/celts/issues/94,https://github.com/BCStudentSoftwareDevTeam/celts/pull/94#issuecomment-919366481
celts,919416462,hmanalai,User,2021-09-14T18:38:17Z,2021-09-14T18:38:17Z,https://api.github.com/repos/BCStudentSoftwareDevTeam/celts/issues/94,https://github.com/BCStudentSoftwareDevTeam/celts/pull/94#issuecomment-919416462
celts,921102307,MayJue,User,2021-09-16T17:42:02Z,2021-09-16T17:42:02Z,https://api.github.com/repos/BCStudentSoftwareDevTeam/celts/issues/76,https://github.com/BCStudentSoftwareDevTeam/celts/issues/76#issuecomment-921102307
celts,921835894,mupotsal,User,2021-09-17T14:19:41Z,2021-09-17T14:19:41Z,https://api.github.com/repos/BCStudentSoftwareDevTeam/celts/issues/102,https://github.com/BCStudentSoftwareDevTeam/celts/pull/102#issuecomment-921835894
celts,921847529,sreynit02,User,2021-09-17T14:34:56Z,2021-09-17T14:34:56Z,https://api.github.com/repos/BCStudentSoftwareDevTeam/celts/issues/112,https://github.com/BCStudentSoftwareDevTeam/celts/pull/112#issuecomment-921847529
celts,921879435,bryantal,User,2021-09-17T15:17:16Z,2021-09-17T15:17:16Z,https://api.github.com/repos/BCStudentSoftwareDevTeam/celts/issues/67,https://github.com/BCStudentSoftwareDevTeam/celts/issues/67#issuecomment-921879435
celts,922898697,mupotsal,User,2021-09-20T12:52:00Z,2021-09-20T12:52:00Z,https://api.github.com/repos/BCStudentSoftwareDevTeam/celts/issues/121,https://github.com/BCStudentSoftwareDevTeam/celts/pull/121#issuecomment-922898697
celts,922919772,mupotsal,User,2021-09-20T13:17:52Z,2021-09-20T13:17:52Z,https://api.github.com/repos/BCStudentSoftwareDevTeam/celts/issues/117,https://github.com/BCStudentSoftwareDevTeam/celts/issues/117#issuecomment-922919772
celts,922926667,Sandesh-L,User,2021-09-20T13:26:04Z,2021-09-20T13:26:04Z,https://api.github.com/repos/BCStudentSoftwareDevTeam/celts/issues/117,https://github.com/BCStudentSoftwareDevTeam/celts/issues/117#issuecomment-922926667
celts,922946920,bryantal,User,2021-09-20T13:51:08Z,2021-09-20T13:51:08Z,https://api.github.com/repos/BCStudentSoftwareDevTeam/celts/issues/121,https://github.com/BCStudentSoftwareDevTeam/celts/pull/121#issuecomment-922946920
celts,923040584,bryantal,User,2021-09-20T15:36:16Z,2021-09-20T15:36:16Z,https://api.github.com/repos/BCStudentSoftwareDevTeam/celts/issues/124,https://github.com/BCStudentSoftwareDevTeam/celts/issues/124#issuecomment-923040584
celts,924055190,sreynit02,User,2021-09-21T14:40:08Z,2021-09-21T14:40:08Z,https://api.github.com/repos/BCStudentSoftwareDevTeam/celts/issues/121,https://github.com/BCStudentSoftwareDevTeam/celts/pull/121#issuecomment-924055190
celts,925167477,bryantal,User,2021-09-22T18:13:49Z,2021-09-22T18:13:49Z,https://api.github.com/repos/BCStudentSoftwareDevTeam/celts/issues/127,https://github.com/BCStudentSoftwareDevTeam/celts/issues/127#issuecomment-925167477
celts,925280031,bryantal,User,2021-09-22T19:53:17Z,2021-09-22T19:53:17Z,https://api.github.com/repos/BCStudentSoftwareDevTeam/celts/issues/128,https://github.com/BCStudentSoftwareDevTeam/celts/issues/128#issuecomment-925280031
celts,926677170,bryantal,User,2021-09-24T14:34:46Z,2021-09-24T14:34:46Z,https://api.github.com/repos/BCStudentSoftwareDevTeam/celts/issues/129,https://github.com/BCStudentSoftwareDevTeam/celts/issues/129#issuecomment-926677170
celts,926938105,bryantal,User,2021-09-24T21:50:25Z,2021-09-24T21:50:25Z,https://api.github.com/repos/BCStudentSoftwareDevTeam/celts/issues/130,https://github.com/BCStudentSoftwareDevTeam/celts/issues/130#issuecomment-926938105
celts,927952918,Ebenezer997,User,2021-09-27T14:53:33Z,2021-09-27T14:53:33Z,https://api.github.com/repos/BCStudentSoftwareDevTeam/celts/issues/125,https://github.com/BCStudentSoftwareDevTeam/celts/pull/125#issuecomment-927952918
celts,931357215,sreynit02,User,2021-09-30T14:08:24Z,2021-09-30T14:08:24Z,https://api.github.com/repos/BCStudentSoftwareDevTeam/celts/issues/131,https://github.com/BCStudentSoftwareDevTeam/celts/pull/131#issuecomment-931357215
celts,931358796,sreynit02,User,2021-09-30T14:10:06Z,2021-09-30T14:10:06Z,https://api.github.com/repos/BCStudentSoftwareDevTeam/celts/issues/121,https://github.com/BCStudentSoftwareDevTeam/celts/pull/121#issuecomment-931358796
celts,931414315,bryantal,User,2021-09-30T15:13:36Z,2021-09-30T15:13:36Z,https://api.github.com/repos/BCStudentSoftwareDevTeam/celts/issues/135,https://github.com/BCStudentSoftwareDevTeam/celts/issues/135#issuecomment-931414315
celts,931527886,hmanalai,User,2021-09-30T17:38:33Z,2021-09-30T17:38:33Z,https://api.github.com/repos/BCStudentSoftwareDevTeam/celts/issues/132,https://github.com/BCStudentSoftwareDevTeam/celts/pull/132#issuecomment-931527886
celts,931583118,bryantal,User,2021-09-30T18:58:39Z,2021-09-30T18:58:39Z,https://api.github.com/repos/BCStudentSoftwareDevTeam/celts/issues/138,https://github.com/BCStudentSoftwareDevTeam/celts/issues/138#issuecomment-931583118
celts,932214976,mupotsal,User,2021-10-01T13:11:38Z,2021-10-01T13:11:38Z,https://api.github.com/repos/BCStudentSoftwareDevTeam/celts/issues/134,https://github.com/BCStudentSoftwareDevTeam/celts/pull/134#issuecomment-932214976
celts,932297704,bryantal,User,2021-10-01T14:50:10Z,2021-10-01T14:50:10Z,https://api.github.com/repos/BCStudentSoftwareDevTeam/celts/issues/139,https://github.com/BCStudentSoftwareDevTeam/celts/issues/139#issuecomment-932297704
celts,932300225,bryantal,User,2021-10-01T14:53:23Z,2021-10-01T14:53:23Z,https://api.github.com/repos/BCStudentSoftwareDevTeam/celts/issues/140,https://github.com/BCStudentSoftwareDevTeam/celts/issues/140#issuecomment-932300225
celts,932406383,zachneill,User,2021-10-01T17:11:01Z,2021-10-01T17:15:29Z,https://api.github.com/repos/BCStudentSoftwareDevTeam/celts/issues/133,https://github.com/BCStudentSoftwareDevTeam/celts/pull/133#issuecomment-932406383
celts,932407122,zachneill,User,2021-10-01T17:11:23Z,2021-10-01T17:11:23Z,https://api.github.com/repos/BCStudentSoftwareDevTeam/celts/issues/10,https://github.com/BCStudentSoftwareDevTeam/celts/issues/10#issuecomment-932407122
celts,932463838,bryantal,User,2021-10-01T18:34:59Z,2021-10-01T18:34:59Z,https://api.github.com/repos/BCStudentSoftwareDevTeam/celts/issues/142,https://github.com/BCStudentSoftwareDevTeam/celts/issues/142#issuecomment-932463838
celts,934472971,hmanalai,User,2021-10-05T14:38:34Z,2021-10-05T14:38:34Z,https://api.github.com/repos/BCStudentSoftwareDevTeam/celts/issues/132,https://github.com/BCStudentSoftwareDevTeam/celts/pull/132#issuecomment-934472971
celts,937991337,bryantal,User,2021-10-07T17:11:11Z,2021-10-07T17:11:11Z,https://api.github.com/repos/BCStudentSoftwareDevTeam/celts/issues/143,https://github.com/BCStudentSoftwareDevTeam/celts/issues/143#issuecomment-937991337
celts,941084709,mupotsal,User,2021-10-12T14:49:32Z,2021-10-12T14:49:32Z,https://api.github.com/repos/BCStudentSoftwareDevTeam/celts/issues/144,https://github.com/BCStudentSoftwareDevTeam/celts/issues/144#issuecomment-941084709
celts,944661982,zachneill,User,2021-10-15T21:11:18Z,2021-10-15T21:11:18Z,https://api.github.com/repos/BCStudentSoftwareDevTeam/celts/issues/79,https://github.com/BCStudentSoftwareDevTeam/celts/issues/79#issuecomment-944661982
celts,948879646,tylerpar99,User,2021-10-21T18:11:20Z,2021-10-21T18:11:20Z,https://api.github.com/repos/BCStudentSoftwareDevTeam/celts/issues/150,https://github.com/BCStudentSoftwareDevTeam/celts/pull/150#issuecomment-948879646
celts,949734879,bryantal,User,2021-10-22T15:28:15Z,2021-10-22T15:28:15Z,https://api.github.com/repos/BCStudentSoftwareDevTeam/celts/issues/151,https://github.com/BCStudentSoftwareDevTeam/celts/issues/151#issuecomment-949734879
celts,949840156,bryantal,User,2021-10-22T17:44:38Z,2021-10-22T17:44:38Z,https://api.github.com/repos/BCStudentSoftwareDevTeam/celts/issues/152,https://github.com/BCStudentSoftwareDevTeam/celts/issues/152#issuecomment-949840156
celts,949871554,Sandesh-L,User,2021-10-22T18:31:04Z,2021-10-22T18:31:04Z,https://api.github.com/repos/BCStudentSoftwareDevTeam/celts/issues/153,https://github.com/BCStudentSoftwareDevTeam/celts/issues/153#issuecomment-949871554
celts,949959011,bryantal,User,2021-10-22T21:05:55Z,2021-10-22T21:05:55Z,https://api.github.com/repos/BCStudentSoftwareDevTeam/celts/issues/154,https://github.com/BCStudentSoftwareDevTeam/celts/issues/154#issuecomment-949959011
celts,951050059,bryantal,User,2021-10-25T15:34:36Z,2021-10-25T15:34:36Z,https://api.github.com/repos/BCStudentSoftwareDevTeam/celts/issues/156,https://github.com/BCStudentSoftwareDevTeam/celts/issues/156#issuecomment-951050059
celts,951050148,bryantal,User,2021-10-25T15:34:42Z,2021-10-25T15:34:42Z,https://api.github.com/repos/BCStudentSoftwareDevTeam/celts/issues/157,https://github.com/BCStudentSoftwareDevTeam/celts/issues/157#issuecomment-951050148
celts,952221598,hmanalai,User,2021-10-26T18:56:39Z,2021-10-26T18:56:39Z,https://api.github.com/repos/BCStudentSoftwareDevTeam/celts/issues/147,https://github.com/BCStudentSoftwareDevTeam/celts/pull/147#issuecomment-952221598
celts,953901624,zachneill,User,2021-10-28T14:27:05Z,2021-10-28T14:27:05Z,https://api.github.com/repos/BCStudentSoftwareDevTeam/celts/issues/76,https://github.com/BCStudentSoftwareDevTeam/celts/issues/76#issuecomment-953901624
celts,953921293,bryantal,User,2021-10-28T14:49:05Z,2021-10-28T14:49:05Z,https://api.github.com/repos/BCStudentSoftwareDevTeam/celts/issues/76,https://github.com/BCStudentSoftwareDevTeam/celts/issues/76#issuecomment-953921293
celts,953933294,zachneill,User,2021-10-28T15:02:16Z,2021-10-28T15:02:16Z,https://api.github.com/repos/BCStudentSoftwareDevTeam/celts/issues/160,https://github.com/BCStudentSoftwareDevTeam/celts/issues/160#issuecomment-953933294
celts,953947016,mupotsal,User,2021-10-28T15:16:53Z,2021-10-28T15:16:53Z,https://api.github.com/repos/BCStudentSoftwareDevTeam/celts/issues/116,https://github.com/BCStudentSoftwareDevTeam/celts/issues/116#issuecomment-953947016
celts,954847016,bryantal,User,2021-10-29T15:46:45Z,2021-10-29T15:46:45Z,https://api.github.com/repos/BCStudentSoftwareDevTeam/celts/issues/164,https://github.com/BCStudentSoftwareDevTeam/celts/issues/164#issuecomment-954847016
celts,956225592,bryantal,User,2021-11-01T13:16:45Z,2021-11-01T13:16:45Z,https://api.github.com/repos/BCStudentSoftwareDevTeam/celts/issues/166,https://github.com/BCStudentSoftwareDevTeam/celts/pull/166#issuecomment-956225592
celts,956279948,bryantal,User,2021-11-01T14:25:15Z,2021-11-01T14:25:15Z,https://api.github.com/repos/BCStudentSoftwareDevTeam/celts/issues/167,https://github.com/BCStudentSoftwareDevTeam/celts/issues/167#issuecomment-956279948
celts,956329876,bryantal,User,2021-11-01T15:25:11Z,2021-11-01T15:25:11Z,https://api.github.com/repos/BCStudentSoftwareDevTeam/celts/issues/168,https://github.com/BCStudentSoftwareDevTeam/celts/issues/168#issuecomment-956329876
celts,956487847,bryantal,User,2021-11-01T18:37:22Z,2021-11-01T18:37:22Z,https://api.github.com/repos/BCStudentSoftwareDevTeam/celts/issues/171,https://github.com/BCStudentSoftwareDevTeam/celts/issues/171#issuecomment-956487847
celts,957463155,hmanalai,User,2021-11-02T12:34:45Z,2021-11-02T12:34:45Z,https://api.github.com/repos/BCStudentSoftwareDevTeam/celts/issues/142,https://github.com/BCStudentSoftwareDevTeam/celts/issues/142#issuecomment-957463155
celts,959822470,bryantal,User,2021-11-03T18:47:53Z,2021-11-03T18:47:53Z,https://api.github.com/repos/BCStudentSoftwareDevTeam/celts/issues/175,https://github.com/BCStudentSoftwareDevTeam/celts/issues/175#issuecomment-959822470
celts,959824068,bryantal,User,2021-11-03T18:49:57Z,2021-11-03T18:49:57Z,https://api.github.com/repos/BCStudentSoftwareDevTeam/celts/issues/176,https://github.com/BCStudentSoftwareDevTeam/celts/issues/176#issuecomment-959824068
celts,959975393,gastonjarju,User,2021-11-03T20:29:21Z,2021-11-03T20:29:21Z,https://api.github.com/repos/BCStudentSoftwareDevTeam/celts/issues/169,https://github.com/BCStudentSoftwareDevTeam/celts/pull/169#issuecomment-959975393
celts,961862934,mupotsal,User,2021-11-05T12:38:12Z,2021-11-05T12:38:12Z,https://api.github.com/repos/BCStudentSoftwareDevTeam/celts/issues/175,https://github.com/BCStudentSoftwareDevTeam/celts/issues/175#issuecomment-961862934
celts,961888543,sreynit02,User,2021-11-05T13:19:03Z,2021-11-05T13:19:03Z,https://api.github.com/repos/BCStudentSoftwareDevTeam/celts/issues/171,https://github.com/BCStudentSoftwareDevTeam/celts/issues/171#issuecomment-961888543
celts,962188846,zachneill,User,2021-11-05T20:10:46Z,2021-11-05T20:11:04Z,https://api.github.com/repos/BCStudentSoftwareDevTeam/celts/issues/165,https://github.com/BCStudentSoftwareDevTeam/celts/pull/165#issuecomment-962188846
celts,962228696,zachneill,User,2021-11-05T21:21:46Z,2021-11-05T21:21:46Z,https://api.github.com/repos/BCStudentSoftwareDevTeam/celts/issues/188,https://github.com/BCStudentSoftwareDevTeam/celts/pull/188#issuecomment-962228696
celts,963491841,bryantal,User,2021-11-08T19:17:03Z,2021-11-08T19:17:03Z,https://api.github.com/repos/BCStudentSoftwareDevTeam/celts/issues/190,https://github.com/BCStudentSoftwareDevTeam/celts/issues/190#issuecomment-963491841
celts,963558824,mupotsal,User,2021-11-08T20:46:29Z,2021-11-08T20:46:29Z,https://api.github.com/repos/BCStudentSoftwareDevTeam/celts/issues/176,https://github.com/BCStudentSoftwareDevTeam/celts/issues/176#issuecomment-963558824
celts,964317277,bryantal,User,2021-11-09T16:28:08Z,2021-11-09T16:28:08Z,https://api.github.com/repos/BCStudentSoftwareDevTeam/celts/issues/192,https://github.com/BCStudentSoftwareDevTeam/celts/issues/192#issuecomment-964317277
celts,964317633,bryantal,User,2021-11-09T16:28:28Z,2021-11-09T16:28:28Z,https://api.github.com/repos/BCStudentSoftwareDevTeam/celts/issues/192,https://github.com/BCStudentSoftwareDevTeam/celts/issues/192#issuecomment-964317633
celts,964392056,bryantal,User,2021-11-09T17:53:07Z,2021-11-09T17:53:07Z,https://api.github.com/repos/BCStudentSoftwareDevTeam/celts/issues/194,https://github.com/BCStudentSoftwareDevTeam/celts/issues/194#issuecomment-964392056
celts,964395866,bryantal,User,2021-11-09T17:57:53Z,2021-11-09T17:57:53Z,https://api.github.com/repos/BCStudentSoftwareDevTeam/celts/issues/24,https://github.com/BCStudentSoftwareDevTeam/celts/issues/24#issuecomment-964395866
celts,964425277,bryantal,User,2021-11-09T18:35:41Z,2021-11-09T18:35:41Z,https://api.github.com/repos/BCStudentSoftwareDevTeam/celts/issues/195,https://github.com/BCStudentSoftwareDevTeam/celts/issues/195#issuecomment-964425277
celts,973079933,zachneill,User,2021-11-18T17:17:37Z,2021-11-18T17:18:22Z,https://api.github.com/repos/BCStudentSoftwareDevTeam/celts/issues/165,https://github.com/BCStudentSoftwareDevTeam/celts/pull/165#issuecomment-973079933
celts,973084550,zachneill,User,2021-11-18T17:20:42Z,2021-11-18T17:20:42Z,https://api.github.com/repos/BCStudentSoftwareDevTeam/celts/issues/165,https://github.com/BCStudentSoftwareDevTeam/celts/pull/165#issuecomment-973084550
celts,973276467,bryantal,User,2021-11-18T21:14:02Z,2021-11-18T21:14:02Z,https://api.github.com/repos/BCStudentSoftwareDevTeam/celts/issues/200,https://github.com/BCStudentSoftwareDevTeam/celts/issues/200#issuecomment-973276467
celts,975797691,bryantal,User,2021-11-22T18:20:22Z,2022-02-22T20:39:24Z,https://api.github.com/repos/BCStudentSoftwareDevTeam/celts/issues/169,https://github.com/BCStudentSoftwareDevTeam/celts/pull/169#issuecomment-975797691
celts,975808701,bryantal,User,2021-11-22T18:34:07Z,2021-11-22T18:34:07Z,https://api.github.com/repos/BCStudentSoftwareDevTeam/celts/issues/199,https://github.com/BCStudentSoftwareDevTeam/celts/issues/199#issuecomment-975808701
celts,975829672,bryantal,User,2021-11-22T19:03:08Z,2021-11-22T19:03:08Z,https://api.github.com/repos/BCStudentSoftwareDevTeam/celts/issues/201,https://github.com/BCStudentSoftwareDevTeam/celts/issues/201#issuecomment-975829672
celts,975831498,bryantal,User,2021-11-22T19:05:16Z,2021-11-22T19:05:16Z,https://api.github.com/repos/BCStudentSoftwareDevTeam/celts/issues/202,https://github.com/BCStudentSoftwareDevTeam/celts/issues/202#issuecomment-975831498
celts,975897924,bryantal,User,2021-11-22T20:36:27Z,2021-11-22T20:36:27Z,https://api.github.com/repos/BCStudentSoftwareDevTeam/celts/issues/205,https://github.com/BCStudentSoftwareDevTeam/celts/issues/205#issuecomment-975897924
celts,975899240,bryantal,User,2021-11-22T20:38:27Z,2021-11-22T20:38:27Z,https://api.github.com/repos/BCStudentSoftwareDevTeam/celts/issues/204,https://github.com/BCStudentSoftwareDevTeam/celts/issues/204#issuecomment-975899240
celts,975899405,bryantal,User,2021-11-22T20:38:43Z,2021-11-22T20:38:43Z,https://api.github.com/repos/BCStudentSoftwareDevTeam/celts/issues/193,https://github.com/BCStudentSoftwareDevTeam/celts/issues/193#issuecomment-975899405
celts,975899847,bryantal,User,2021-11-22T20:39:23Z,2021-11-22T20:39:23Z,https://api.github.com/repos/BCStudentSoftwareDevTeam/celts/issues/196,https://github.com/BCStudentSoftwareDevTeam/celts/issues/196#issuecomment-975899847
celts,976752198,mupotsal,User,2021-11-23T15:50:20Z,2021-11-23T15:50:20Z,https://api.github.com/repos/BCStudentSoftwareDevTeam/celts/issues/198,https://github.com/BCStudentSoftwareDevTeam/celts/pull/198#issuecomment-976752198
celts,982772253,mupotsal,User,2021-11-30T15:57:02Z,2021-11-30T15:57:02Z,https://api.github.com/repos/BCStudentSoftwareDevTeam/celts/issues/191,https://github.com/BCStudentSoftwareDevTeam/celts/pull/191#issuecomment-982772253
celts,991152785,zachneill,User,2021-12-10T17:20:40Z,2021-12-10T17:20:40Z,https://api.github.com/repos/BCStudentSoftwareDevTeam/celts/issues/76,https://github.com/BCStudentSoftwareDevTeam/celts/issues/76#issuecomment-991152785
celts,991153785,zachneill,User,2021-12-10T17:22:05Z,2021-12-10T17:22:05Z,https://api.github.com/repos/BCStudentSoftwareDevTeam/celts/issues/165,https://github.com/BCStudentSoftwareDevTeam/celts/pull/165#issuecomment-991153785
celts,1004283052,Ebenezer997,User,2022-01-03T18:43:08Z,2022-01-03T18:43:08Z,https://api.github.com/repos/BCStudentSoftwareDevTeam/celts/issues/201,https://github.com/BCStudentSoftwareDevTeam/celts/issues/201#issuecomment-1004283052
celts,1020481219,hmanalai,User,2022-01-24T19:49:16Z,2022-01-24T19:49:16Z,https://api.github.com/repos/BCStudentSoftwareDevTeam/celts/issues/201,https://github.com/BCStudentSoftwareDevTeam/celts/issues/201#issuecomment-1020481219
celts,1020534703,hmanalai,User,2022-01-24T20:50:33Z,2022-01-24T20:50:33Z,https://api.github.com/repos/BCStudentSoftwareDevTeam/celts/issues/195,https://github.com/BCStudentSoftwareDevTeam/celts/issues/195#issuecomment-1020534703
celts,1034149336,Sandesh-L,User,2022-02-09T20:09:28Z,2022-02-09T20:09:28Z,https://api.github.com/repos/BCStudentSoftwareDevTeam/celts/issues/218,https://github.com/BCStudentSoftwareDevTeam/celts/pull/218#issuecomment-1034149336
celts,1034211895,Sandesh-L,User,2022-02-09T21:32:45Z,2022-02-09T21:32:45Z,https://api.github.com/repos/BCStudentSoftwareDevTeam/celts/issues/218,https://github.com/BCStudentSoftwareDevTeam/celts/pull/218#issuecomment-1034211895
celts,1042033579,sreynit02,User,2022-02-16T18:55:53Z,2022-02-16T18:55:53Z,https://api.github.com/repos/BCStudentSoftwareDevTeam/celts/issues/176,https://github.com/BCStudentSoftwareDevTeam/celts/issues/176#issuecomment-1042033579
celts,1057348812,hmanalai,User,2022-03-02T20:30:36Z,2022-03-02T20:30:36Z,https://api.github.com/repos/BCStudentSoftwareDevTeam/celts/issues/176,https://github.com/BCStudentSoftwareDevTeam/celts/issues/176#issuecomment-1057348812
celts,1062470411,hmanalai,User,2022-03-09T01:46:55Z,2022-03-09T01:46:55Z,https://api.github.com/repos/BCStudentSoftwareDevTeam/celts/issues/191,https://github.com/BCStudentSoftwareDevTeam/celts/pull/191#issuecomment-1062470411
celts,1064490960,bryantal,User,2022-03-10T20:50:09Z,2022-03-10T20:50:09Z,https://api.github.com/repos/BCStudentSoftwareDevTeam/celts/issues/199,https://github.com/BCStudentSoftwareDevTeam/celts/issues/199#issuecomment-1064490960
celts,1064491223,bryantal,User,2022-03-10T20:50:27Z,2022-03-10T20:50:27Z,https://api.github.com/repos/BCStudentSoftwareDevTeam/celts/issues/40,https://github.com/BCStudentSoftwareDevTeam/celts/issues/40#issuecomment-1064491223
celts,1064495675,bryantal,User,2022-03-10T20:54:57Z,2022-03-10T20:54:57Z,https://api.github.com/repos/BCStudentSoftwareDevTeam/celts/issues/228,https://github.com/BCStudentSoftwareDevTeam/celts/issues/228#issuecomment-1064495675
celts,1069459724,hmanalai,User,2022-03-16T18:45:12Z,2022-03-16T18:50:57Z,https://api.github.com/repos/BCStudentSoftwareDevTeam/celts/issues/191,https://github.com/BCStudentSoftwareDevTeam/celts/pull/191#issuecomment-1069459724
celts,1069547894,bryantal,User,2022-03-16T19:44:22Z,2022-03-16T19:44:22Z,https://api.github.com/repos/BCStudentSoftwareDevTeam/celts/issues/231,https://github.com/BCStudentSoftwareDevTeam/celts/issues/231#issuecomment-1069547894
celts,1069623853,bryantal,User,2022-03-16T20:55:39Z,2022-03-16T20:55:39Z,https://api.github.com/repos/BCStudentSoftwareDevTeam/celts/issues/232,https://github.com/BCStudentSoftwareDevTeam/celts/issues/232#issuecomment-1069623853
celts,1069626001,bryantal,User,2022-03-16T20:58:19Z,2022-03-16T20:58:19Z,https://api.github.com/repos/BCStudentSoftwareDevTeam/celts/issues/233,https://github.com/BCStudentSoftwareDevTeam/celts/issues/233#issuecomment-1069626001
celts,1075464446,hmanalai,User,2022-03-22T18:11:13Z,2022-03-22T18:11:13Z,https://api.github.com/repos/BCStudentSoftwareDevTeam/celts/issues/226,https://github.com/BCStudentSoftwareDevTeam/celts/pull/226#issuecomment-1075464446
celts,1075468790,hmanalai,User,2022-03-22T18:15:41Z,2022-03-22T18:15:41Z,https://api.github.com/repos/BCStudentSoftwareDevTeam/celts/issues/176,https://github.com/BCStudentSoftwareDevTeam/celts/issues/176#issuecomment-1075468790
celts,1100193984,tylerpar99,User,2022-04-15T15:56:11Z,2022-04-15T15:56:11Z,https://api.github.com/repos/BCStudentSoftwareDevTeam/celts/issues/237,https://github.com/BCStudentSoftwareDevTeam/celts/issues/237#issuecomment-1100193984
celts,1101604308,bryantal,User,2022-04-18T17:50:12Z,2022-04-18T17:50:12Z,https://api.github.com/repos/BCStudentSoftwareDevTeam/celts/issues/238,https://github.com/BCStudentSoftwareDevTeam/celts/issues/238#issuecomment-1101604308
celts,1105629112,bryantal,User,2022-04-21T18:45:27Z,2022-04-21T18:45:27Z,https://api.github.com/repos/BCStudentSoftwareDevTeam/celts/issues/241,https://github.com/BCStudentSoftwareDevTeam/celts/issues/241#issuecomment-1105629112
celts,1105641007,bryantal,User,2022-04-21T18:57:58Z,2022-04-21T18:57:58Z,https://api.github.com/repos/BCStudentSoftwareDevTeam/celts/issues/242,https://github.com/BCStudentSoftwareDevTeam/celts/issues/242#issuecomment-1105641007
celts,1105698143,bryantal,User,2022-04-21T19:58:57Z,2022-04-21T19:58:57Z,https://api.github.com/repos/BCStudentSoftwareDevTeam/celts/issues/243,https://github.com/BCStudentSoftwareDevTeam/celts/issues/243#issuecomment-1105698143
celts,1106760766,bryantal,User,2022-04-22T18:30:51Z,2022-04-22T18:30:51Z,https://api.github.com/repos/BCStudentSoftwareDevTeam/celts/issues/244,https://github.com/BCStudentSoftwareDevTeam/celts/issues/244#issuecomment-1106760766
celts,1106859725,bryantal,User,2022-04-22T21:02:05Z,2022-04-22T21:02:05Z,https://api.github.com/repos/BCStudentSoftwareDevTeam/celts/issues/245,https://github.com/BCStudentSoftwareDevTeam/celts/issues/245#issuecomment-1106859725
celts,1106862517,bryantal,User,2022-04-22T21:05:24Z,2022-04-22T21:05:24Z,https://api.github.com/repos/BCStudentSoftwareDevTeam/celts/issues/245,https://github.com/BCStudentSoftwareDevTeam/celts/issues/245#issuecomment-1106862517
celts,1106862628,bryantal,User,2022-04-22T21:05:31Z,2022-04-22T21:05:31Z,https://api.github.com/repos/BCStudentSoftwareDevTeam/celts/issues/246,https://github.com/BCStudentSoftwareDevTeam/celts/issues/246#issuecomment-1106862628
celts,1110130297,bryantal,User,2022-04-26T18:41:43Z,2022-04-26T18:41:43Z,https://api.github.com/repos/BCStudentSoftwareDevTeam/celts/issues/248,https://github.com/BCStudentSoftwareDevTeam/celts/pull/248#issuecomment-1110130297
celts,1110163759,tylerpar99,User,2022-04-26T19:21:57Z,2022-04-26T19:21:57Z,https://api.github.com/repos/BCStudentSoftwareDevTeam/celts/issues/251,https://github.com/BCStudentSoftwareDevTeam/celts/issues/251#issuecomment-1110163759
celts,1110196400,tylerpar99,User,2022-04-26T20:01:45Z,2022-04-26T20:01:45Z,https://api.github.com/repos/BCStudentSoftwareDevTeam/celts/issues/252,https://github.com/BCStudentSoftwareDevTeam/celts/issues/252#issuecomment-1110196400
celts,1155575516,Boorclark,User,2022-06-14T18:27:17Z,2022-06-14T18:27:17Z,https://api.github.com/repos/BCStudentSoftwareDevTeam/celts/issues/267,https://github.com/BCStudentSoftwareDevTeam/celts/issues/267#issuecomment-1155575516
celts,1155592274,mohamudm1,User,2022-06-14T18:43:09Z,2022-06-14T18:43:09Z,https://api.github.com/repos/BCStudentSoftwareDevTeam/celts/issues/267,https://github.com/BCStudentSoftwareDevTeam/celts/issues/267#issuecomment-1155592274
celts,1155623684,bledsoef,User,2022-06-14T19:21:37Z,2022-06-14T19:21:37Z,https://api.github.com/repos/BCStudentSoftwareDevTeam/celts/issues/139,https://github.com/BCStudentSoftwareDevTeam/celts/issues/139#issuecomment-1155623684
celts,1155633323,Boorclark,User,2022-06-14T19:32:50Z,2022-06-14T19:38:12Z,https://api.github.com/repos/BCStudentSoftwareDevTeam/celts/issues/202,https://github.com/BCStudentSoftwareDevTeam/celts/issues/202#issuecomment-1155633323
celts,1155648403,Boorclark,User,2022-06-14T19:51:29Z,2022-06-14T19:51:29Z,https://api.github.com/repos/BCStudentSoftwareDevTeam/celts/issues/202,https://github.com/BCStudentSoftwareDevTeam/celts/issues/202#issuecomment-1155648403
celts,1156748673,bledsoef,User,2022-06-15T17:33:30Z,2022-06-15T17:33:30Z,https://api.github.com/repos/BCStudentSoftwareDevTeam/celts/issues/187,https://github.com/BCStudentSoftwareDevTeam/celts/issues/187#issuecomment-1156748673
celts,1156797856,Boorclark,User,2022-06-15T18:31:58Z,2022-06-15T18:31:58Z,https://api.github.com/repos/BCStudentSoftwareDevTeam/celts/issues/242,https://github.com/BCStudentSoftwareDevTeam/celts/issues/242#issuecomment-1156797856
celts,1156832680,Boorclark,User,2022-06-15T19:14:26Z,2022-06-15T19:14:26Z,https://api.github.com/repos/BCStudentSoftwareDevTeam/celts/issues/242,https://github.com/BCStudentSoftwareDevTeam/celts/issues/242#issuecomment-1156832680
celts,1156909678,mohamudm1,User,2022-06-15T20:41:16Z,2022-06-15T20:41:38Z,https://api.github.com/repos/BCStudentSoftwareDevTeam/celts/issues/242,https://github.com/BCStudentSoftwareDevTeam/celts/issues/242#issuecomment-1156909678
celts,1158006833,bledsoef,User,2022-06-16T18:31:58Z,2022-06-16T18:31:58Z,https://api.github.com/repos/BCStudentSoftwareDevTeam/celts/issues/187,https://github.com/BCStudentSoftwareDevTeam/celts/issues/187#issuecomment-1158006833
celts,1158013306,Boorclark,User,2022-06-16T18:40:14Z,2022-06-16T18:41:12Z,https://api.github.com/repos/BCStudentSoftwareDevTeam/celts/issues/258,https://github.com/BCStudentSoftwareDevTeam/celts/issues/258#issuecomment-1158013306
celts,1158036608,Boorclark,User,2022-06-16T19:10:30Z,2022-06-16T19:10:30Z,https://api.github.com/repos/BCStudentSoftwareDevTeam/celts/issues/258,https://github.com/BCStudentSoftwareDevTeam/celts/issues/258#issuecomment-1158036608
celts,1158077620,Boorclark,User,2022-06-16T19:58:36Z,2022-06-16T19:58:36Z,https://api.github.com/repos/BCStudentSoftwareDevTeam/celts/issues/219,https://github.com/BCStudentSoftwareDevTeam/celts/issues/219#issuecomment-1158077620
celts,1158094646,Boorclark,User,2022-06-16T20:21:03Z,2022-06-16T20:21:03Z,https://api.github.com/repos/BCStudentSoftwareDevTeam/celts/issues/202,https://github.com/BCStudentSoftwareDevTeam/celts/issues/202#issuecomment-1158094646
celts,1158097286,AndersonStettner,User,2022-06-16T20:24:38Z,2022-06-16T20:24:38Z,https://api.github.com/repos/BCStudentSoftwareDevTeam/celts/issues/258,https://github.com/BCStudentSoftwareDevTeam/celts/issues/258#issuecomment-1158097286
celts,1160519306,martinj2-dot,User,2022-06-20T14:30:29Z,2022-06-20T14:30:29Z,https://api.github.com/repos/BCStudentSoftwareDevTeam/celts/issues/299,https://github.com/BCStudentSoftwareDevTeam/celts/pull/299#issuecomment-1160519306
celts,1162077254,martinj2-dot,User,2022-06-21T17:40:55Z,2022-06-21T17:40:55Z,https://api.github.com/repos/BCStudentSoftwareDevTeam/celts/issues/299,https://github.com/BCStudentSoftwareDevTeam/celts/pull/299#issuecomment-1162077254
celts,1163161562,bledsoef,User,2022-06-22T14:17:17Z,2022-06-22T14:17:17Z,https://api.github.com/repos/BCStudentSoftwareDevTeam/celts/issues/313,https://github.com/BCStudentSoftwareDevTeam/celts/issues/313#issuecomment-1163161562
celts,1163554000,Lyisus,User,2022-06-22T20:10:26Z,2022-06-22T20:10:26Z,https://api.github.com/repos/BCStudentSoftwareDevTeam/celts/issues/245,https://github.com/BCStudentSoftwareDevTeam/celts/issues/245#issuecomment-1163554000
celts,1164469795,mohamudm1,User,2022-06-23T14:19:34Z,2022-06-23T14:19:34Z,https://api.github.com/repos/BCStudentSoftwareDevTeam/celts/issues/307,https://github.com/BCStudentSoftwareDevTeam/celts/pull/307#issuecomment-1164469795
celts,1164855792,bledsoef,User,2022-06-23T20:43:49Z,2022-06-23T20:43:49Z,https://api.github.com/repos/BCStudentSoftwareDevTeam/celts/issues/255,https://github.com/BCStudentSoftwareDevTeam/celts/issues/255#issuecomment-1164855792
celts,1165690416,Boorclark,User,2022-06-24T15:34:03Z,2022-06-24T15:34:03Z,https://api.github.com/repos/BCStudentSoftwareDevTeam/celts/issues/303,https://github.com/BCStudentSoftwareDevTeam/celts/issues/303#issuecomment-1165690416
celts,1165926979,mohamudm1,User,2022-06-24T20:46:38Z,2022-06-24T20:46:38Z,https://api.github.com/repos/BCStudentSoftwareDevTeam/celts/issues/317,https://github.com/BCStudentSoftwareDevTeam/celts/pull/317#issuecomment-1165926979
celts,1167357510,Boorclark,User,2022-06-27T13:31:04Z,2022-06-27T15:32:36Z,https://api.github.com/repos/BCStudentSoftwareDevTeam/celts/issues/10,https://github.com/BCStudentSoftwareDevTeam/celts/issues/10#issuecomment-1167357510
celts,1167360301,Boorclark,User,2022-06-27T13:33:37Z,2022-06-27T13:33:37Z,https://api.github.com/repos/BCStudentSoftwareDevTeam/celts/issues/151,https://github.com/BCStudentSoftwareDevTeam/celts/issues/151#issuecomment-1167360301
celts,1167376529,Boorclark,User,2022-06-27T13:48:34Z,2022-06-27T13:48:34Z,https://api.github.com/repos/BCStudentSoftwareDevTeam/celts/issues/192,https://github.com/BCStudentSoftwareDevTeam/celts/issues/192#issuecomment-1167376529
celts,1167506306,Boorclark,User,2022-06-27T15:35:10Z,2022-06-27T15:35:10Z,https://api.github.com/repos/BCStudentSoftwareDevTeam/celts/issues/157,https://github.com/BCStudentSoftwareDevTeam/celts/issues/157#issuecomment-1167506306
celts,1167529509,Boorclark,User,2022-06-27T15:55:20Z,2022-06-27T15:58:38Z,https://api.github.com/repos/BCStudentSoftwareDevTeam/celts/issues/138,https://github.com/BCStudentSoftwareDevTeam/celts/issues/138#issuecomment-1167529509
celts,1168759813,solijonovam,User,2022-06-28T13:55:18Z,2022-06-28T13:55:18Z,https://api.github.com/repos/BCStudentSoftwareDevTeam/celts/issues/306,https://github.com/BCStudentSoftwareDevTeam/celts/pull/306#issuecomment-1168759813
celts,1169059593,Boorclark,User,2022-06-28T18:10:09Z,2022-06-28T18:10:09Z,https://api.github.com/repos/BCStudentSoftwareDevTeam/celts/issues/187,https://github.com/BCStudentSoftwareDevTeam/celts/issues/187#issuecomment-1169059593
celts,1169229093,Boorclark,User,2022-06-28T20:50:04Z,2022-06-29T14:16:44Z,https://api.github.com/repos/BCStudentSoftwareDevTeam/celts/issues/337,https://github.com/BCStudentSoftwareDevTeam/celts/issues/337#issuecomment-1169229093
celts,1171368297,bledsoef,User,2022-06-30T15:33:59Z,2022-06-30T15:33:59Z,https://api.github.com/repos/BCStudentSoftwareDevTeam/celts/issues/332,https://github.com/BCStudentSoftwareDevTeam/celts/issues/332#issuecomment-1171368297
celts,1171370911,bledsoef,User,2022-06-30T15:36:17Z,2022-06-30T15:36:17Z,https://api.github.com/repos/BCStudentSoftwareDevTeam/celts/issues/251,https://github.com/BCStudentSoftwareDevTeam/celts/issues/251#issuecomment-1171370911
celts,1171375942,bledsoef,User,2022-06-30T15:40:43Z,2022-06-30T15:40:43Z,https://api.github.com/repos/BCStudentSoftwareDevTeam/celts/issues/252,https://github.com/BCStudentSoftwareDevTeam/celts/issues/252#issuecomment-1171375942
celts,1171377529,bledsoef,User,2022-06-30T15:42:15Z,2022-06-30T15:42:15Z,https://api.github.com/repos/BCStudentSoftwareDevTeam/celts/issues/318,https://github.com/BCStudentSoftwareDevTeam/celts/issues/318#issuecomment-1171377529
celts,1171541089,mohamudm1,User,2022-06-30T18:26:39Z,2022-06-30T18:30:14Z,https://api.github.com/repos/BCStudentSoftwareDevTeam/celts/issues/349,https://github.com/BCStudentSoftwareDevTeam/celts/issues/349#issuecomment-1171541089
celts,1172479686,nartehi,User,2022-07-01T15:47:54Z,2022-07-01T15:47:54Z,https://api.github.com/repos/BCStudentSoftwareDevTeam/celts/issues/340,https://github.com/BCStudentSoftwareDevTeam/celts/issues/340#issuecomment-1172479686
celts,1172627274,Boorclark,User,2022-07-01T18:53:49Z,2022-07-01T18:54:12Z,https://api.github.com/repos/BCStudentSoftwareDevTeam/celts/issues/351,https://github.com/BCStudentSoftwareDevTeam/celts/issues/351#issuecomment-1172627274
celts,1172630097,Boorclark,User,2022-07-01T18:56:32Z,2022-07-01T18:56:32Z,https://api.github.com/repos/BCStudentSoftwareDevTeam/celts/issues/271,https://github.com/BCStudentSoftwareDevTeam/celts/issues/271#issuecomment-1172630097
celts,1172697898,bledsoef,User,2022-07-01T20:39:06Z,2022-07-01T20:39:06Z,https://api.github.com/repos/BCStudentSoftwareDevTeam/celts/issues/267,https://github.com/BCStudentSoftwareDevTeam/celts/issues/267#issuecomment-1172697898
celts,1174068752,Boorclark,User,2022-07-04T18:37:40Z,2022-07-04T18:37:40Z,https://api.github.com/repos/BCStudentSoftwareDevTeam/celts/issues/360,https://github.com/BCStudentSoftwareDevTeam/celts/issues/360#issuecomment-1174068752
celts,1175052156,bledsoef,User,2022-07-05T13:19:48Z,2022-07-05T13:19:48Z,https://api.github.com/repos/BCStudentSoftwareDevTeam/celts/issues/360,https://github.com/BCStudentSoftwareDevTeam/celts/issues/360#issuecomment-1175052156
celts,1175302086,bledsoef,User,2022-07-05T17:09:05Z,2022-07-05T17:09:05Z,https://api.github.com/repos/BCStudentSoftwareDevTeam/celts/issues/335,https://github.com/BCStudentSoftwareDevTeam/celts/issues/335#issuecomment-1175302086
celts,1175326828,nartehi,User,2022-07-05T17:40:31Z,2022-07-05T17:40:31Z,https://api.github.com/repos/BCStudentSoftwareDevTeam/celts/issues/361,https://github.com/BCStudentSoftwareDevTeam/celts/pull/361#issuecomment-1175326828
celts,1175327579,qasema,User,2022-07-05T17:41:31Z,2022-07-05T17:41:31Z,https://api.github.com/repos/BCStudentSoftwareDevTeam/celts/issues/361,https://github.com/BCStudentSoftwareDevTeam/celts/pull/361#issuecomment-1175327579
celts,1175385424,Boorclark,User,2022-07-05T18:49:57Z,2022-07-05T18:50:18Z,https://api.github.com/repos/BCStudentSoftwareDevTeam/celts/issues/366,https://github.com/BCStudentSoftwareDevTeam/celts/issues/366#issuecomment-1175385424
celts,1175395789,bledsoef,User,2022-07-05T18:55:23Z,2022-07-05T18:55:23Z,https://api.github.com/repos/BCStudentSoftwareDevTeam/celts/issues/368,https://github.com/BCStudentSoftwareDevTeam/celts/issues/368#issuecomment-1175395789
celts,1175427299,Boorclark,User,2022-07-05T19:38:50Z,2022-07-05T19:38:50Z,https://api.github.com/repos/BCStudentSoftwareDevTeam/celts/issues/272,https://github.com/BCStudentSoftwareDevTeam/celts/issues/272#issuecomment-1175427299
celts,1175427786,Boorclark,User,2022-07-05T19:39:29Z,2022-07-05T19:39:29Z,https://api.github.com/repos/BCStudentSoftwareDevTeam/celts/issues/341,https://github.com/BCStudentSoftwareDevTeam/celts/issues/341#issuecomment-1175427786
celts,1175428610,Boorclark,User,2022-07-05T19:40:33Z,2022-07-05T19:40:33Z,https://api.github.com/repos/BCStudentSoftwareDevTeam/celts/issues/242,https://github.com/BCStudentSoftwareDevTeam/celts/issues/242#issuecomment-1175428610
celts,1175430982,Boorclark,User,2022-07-05T19:43:39Z,2022-07-05T19:43:39Z,https://api.github.com/repos/BCStudentSoftwareDevTeam/celts/issues/266,https://github.com/BCStudentSoftwareDevTeam/celts/issues/266#issuecomment-1175430982
celts,1175432989,Boorclark,User,2022-07-05T19:46:22Z,2022-07-05T19:46:22Z,https://api.github.com/repos/BCStudentSoftwareDevTeam/celts/issues/324,https://github.com/BCStudentSoftwareDevTeam/celts/issues/324#issuecomment-1175432989
celts,1175433765,Boorclark,User,2022-07-05T19:47:30Z,2022-07-05T19:47:30Z,https://api.github.com/repos/BCStudentSoftwareDevTeam/celts/issues/138,https://github.com/BCStudentSoftwareDevTeam/celts/issues/138#issuecomment-1175433765
celts,1175435693,Boorclark,User,2022-07-05T19:50:05Z,2022-07-05T19:50:05Z,https://api.github.com/repos/BCStudentSoftwareDevTeam/celts/issues/268,https://github.com/BCStudentSoftwareDevTeam/celts/issues/268#issuecomment-1175435693
celts,1175439257,Boorclark,User,2022-07-05T19:52:51Z,2022-07-05T19:52:51Z,https://api.github.com/repos/BCStudentSoftwareDevTeam/celts/issues/298,https://github.com/BCStudentSoftwareDevTeam/celts/issues/298#issuecomment-1175439257
celts,1175482597,Boorclark,User,2022-07-05T20:47:10Z,2022-07-05T20:47:10Z,https://api.github.com/repos/BCStudentSoftwareDevTeam/celts/issues/357,https://github.com/BCStudentSoftwareDevTeam/celts/issues/357#issuecomment-1175482597
celts,1175492439,bledsoef,User,2022-07-05T20:58:22Z,2022-07-05T20:58:22Z,https://api.github.com/repos/BCStudentSoftwareDevTeam/celts/issues/371,https://github.com/BCStudentSoftwareDevTeam/celts/issues/371#issuecomment-1175492439
celts,1178991408,qasema,User,2022-07-08T13:29:26Z,2022-07-08T13:29:26Z,https://api.github.com/repos/BCStudentSoftwareDevTeam/celts/issues/345,https://github.com/BCStudentSoftwareDevTeam/celts/pull/345#issuecomment-1178991408
celts,1179145239,Boorclark,User,2022-07-08T15:58:44Z,2022-07-08T15:58:44Z,https://api.github.com/repos/BCStudentSoftwareDevTeam/celts/issues/392,https://github.com/BCStudentSoftwareDevTeam/celts/pull/392#issuecomment-1179145239
celts,1180724526,Boorclark,User,2022-07-11T18:22:36Z,2022-07-11T18:22:36Z,https://api.github.com/repos/BCStudentSoftwareDevTeam/celts/issues/431,https://github.com/BCStudentSoftwareDevTeam/celts/issues/431#issuecomment-1180724526
celts,1180745006,qasema,User,2022-07-11T18:45:15Z,2022-07-11T18:45:15Z,https://api.github.com/repos/BCStudentSoftwareDevTeam/celts/issues/433,https://github.com/BCStudentSoftwareDevTeam/celts/pull/433#issuecomment-1180745006
celts,1181823346,AndersonStettner,User,2022-07-12T14:22:07Z,2022-07-12T14:22:07Z,https://api.github.com/repos/BCStudentSoftwareDevTeam/celts/issues/434,https://github.com/BCStudentSoftwareDevTeam/celts/pull/434#issuecomment-1181823346
celts,1183660708,bledsoef,User,2022-07-13T20:45:09Z,2022-07-13T20:45:09Z,https://api.github.com/repos/BCStudentSoftwareDevTeam/celts/issues/448,https://github.com/BCStudentSoftwareDevTeam/celts/issues/448#issuecomment-1183660708
celts,1183661289,Boorclark,User,2022-07-13T20:45:48Z,2022-07-13T20:45:48Z,https://api.github.com/repos/BCStudentSoftwareDevTeam/celts/issues/431,https://github.com/BCStudentSoftwareDevTeam/celts/issues/431#issuecomment-1183661289
celts,1183662525,Boorclark,User,2022-07-13T20:47:13Z,2022-07-13T20:47:13Z,https://api.github.com/repos/BCStudentSoftwareDevTeam/celts/issues/415,https://github.com/BCStudentSoftwareDevTeam/celts/issues/415#issuecomment-1183662525
celts,1184496063,qasema,User,2022-07-14T14:09:48Z,2022-07-14T14:09:48Z,https://api.github.com/repos/BCStudentSoftwareDevTeam/celts/issues/419,https://github.com/BCStudentSoftwareDevTeam/celts/pull/419#issuecomment-1184496063
celts,1184691488,Boorclark,User,2022-07-14T17:10:40Z,2022-07-14T17:10:40Z,https://api.github.com/repos/BCStudentSoftwareDevTeam/celts/issues/442,https://github.com/BCStudentSoftwareDevTeam/celts/issues/442#issuecomment-1184691488
celts,1184820850,Boorclark,User,2022-07-14T19:32:05Z,2022-07-14T19:32:05Z,https://api.github.com/repos/BCStudentSoftwareDevTeam/celts/issues/446,https://github.com/BCStudentSoftwareDevTeam/celts/issues/446#issuecomment-1184820850
celts,1184821193,Boorclark,User,2022-07-14T19:32:27Z,2022-07-14T19:32:27Z,https://api.github.com/repos/BCStudentSoftwareDevTeam/celts/issues/458,https://github.com/BCStudentSoftwareDevTeam/celts/issues/458#issuecomment-1184821193
celts,1184822409,bledsoef,User,2022-07-14T19:33:35Z,2022-07-14T19:33:35Z,https://api.github.com/repos/BCStudentSoftwareDevTeam/celts/issues/389,https://github.com/BCStudentSoftwareDevTeam/celts/issues/389#issuecomment-1184822409
celts,1184917459,lodenrogue,User,2022-07-14T21:36:10Z,2022-07-14T21:36:17Z,https://api.github.com/repos/BCStudentSoftwareDevTeam/celts/issues/476,https://github.com/BCStudentSoftwareDevTeam/celts/issues/476#issuecomment-1184917459
celts,1185832846,qasema,User,2022-07-15T19:14:09Z,2022-07-15T19:14:09Z,https://api.github.com/repos/BCStudentSoftwareDevTeam/celts/issues/476,https://github.com/BCStudentSoftwareDevTeam/celts/issues/476#issuecomment-1185832846
celts,1185859920,sheggen,User,2022-07-15T19:52:41Z,2022-07-15T19:52:41Z,https://api.github.com/repos/BCStudentSoftwareDevTeam/celts/issues/476,https://github.com/BCStudentSoftwareDevTeam/celts/issues/476#issuecomment-1185859920
celts,1185875937,bledsoef,User,2022-07-15T20:10:58Z,2022-07-15T20:10:58Z,https://api.github.com/repos/BCStudentSoftwareDevTeam/celts/issues/378,https://github.com/BCStudentSoftwareDevTeam/celts/issues/378#issuecomment-1185875937
celts,1185890423,martinj2-dot,User,2022-07-15T20:27:04Z,2022-07-15T20:27:04Z,https://api.github.com/repos/BCStudentSoftwareDevTeam/celts/issues/383,https://github.com/BCStudentSoftwareDevTeam/celts/issues/383#issuecomment-1185890423
celts,1185893590,bledsoef,User,2022-07-15T20:30:59Z,2022-07-15T20:30:59Z,https://api.github.com/repos/BCStudentSoftwareDevTeam/celts/issues/376,https://github.com/BCStudentSoftwareDevTeam/celts/issues/376#issuecomment-1185893590
celts,1185905586,martinj2-dot,User,2022-07-15T20:44:27Z,2022-07-15T20:44:27Z,https://api.github.com/repos/BCStudentSoftwareDevTeam/celts/issues/383,https://github.com/BCStudentSoftwareDevTeam/celts/issues/383#issuecomment-1185905586
celts,1185913630,bledsoef,User,2022-07-15T20:49:08Z,2022-07-15T20:49:08Z,https://api.github.com/repos/BCStudentSoftwareDevTeam/celts/issues/408,https://github.com/BCStudentSoftwareDevTeam/celts/issues/408#issuecomment-1185913630
celts,1187830563,bledsoef,User,2022-07-18T17:20:33Z,2022-07-18T17:20:33Z,https://api.github.com/repos/BCStudentSoftwareDevTeam/celts/issues/472,https://github.com/BCStudentSoftwareDevTeam/celts/issues/472#issuecomment-1187830563
celts,1187831116,Boorclark,User,2022-07-18T17:20:42Z,2022-07-18T17:20:42Z,https://api.github.com/repos/BCStudentSoftwareDevTeam/celts/issues/232,https://github.com/BCStudentSoftwareDevTeam/celts/issues/232#issuecomment-1187831116
celts,1187832549,Boorclark,User,2022-07-18T17:20:59Z,2022-07-18T17:20:59Z,https://api.github.com/repos/BCStudentSoftwareDevTeam/celts/issues/245,https://github.com/BCStudentSoftwareDevTeam/celts/issues/245#issuecomment-1187832549
celts,1187834009,Boorclark,User,2022-07-18T17:21:15Z,2022-07-18T17:21:15Z,https://api.github.com/repos/BCStudentSoftwareDevTeam/celts/issues/255,https://github.com/BCStudentSoftwareDevTeam/celts/issues/255#issuecomment-1187834009
celts,1187834535,bledsoef,User,2022-07-18T17:21:23Z,2022-07-18T17:21:23Z,https://api.github.com/repos/BCStudentSoftwareDevTeam/celts/issues/440,https://github.com/BCStudentSoftwareDevTeam/celts/issues/440#issuecomment-1187834535
celts,1187837729,Boorclark,User,2022-07-18T17:22:13Z,2022-07-18T17:22:13Z,https://api.github.com/repos/BCStudentSoftwareDevTeam/celts/issues/342,https://github.com/BCStudentSoftwareDevTeam/celts/issues/342#issuecomment-1187837729
celts,1187838544,Boorclark,User,2022-07-18T17:22:26Z,2022-07-18T17:22:26Z,https://api.github.com/repos/BCStudentSoftwareDevTeam/celts/issues/326,https://github.com/BCStudentSoftwareDevTeam/celts/issues/326#issuecomment-1187838544
celts,1187839511,bledsoef,User,2022-07-18T17:22:41Z,2022-07-18T17:22:41Z,https://api.github.com/repos/BCStudentSoftwareDevTeam/celts/issues/398,https://github.com/BCStudentSoftwareDevTeam/celts/issues/398#issuecomment-1187839511
celts,1187840860,Boorclark,User,2022-07-18T17:23:02Z,2022-07-18T17:23:02Z,https://api.github.com/repos/BCStudentSoftwareDevTeam/celts/issues/316,https://github.com/BCStudentSoftwareDevTeam/celts/issues/316#issuecomment-1187840860
celts,1187841758,bledsoef,User,2022-07-18T17:23:16Z,2022-07-18T17:23:16Z,https://api.github.com/repos/BCStudentSoftwareDevTeam/celts/issues/397,https://github.com/BCStudentSoftwareDevTeam/celts/issues/397#issuecomment-1187841758
celts,1187845165,Boorclark,User,2022-07-18T17:24:09Z,2022-07-18T17:24:09Z,https://api.github.com/repos/BCStudentSoftwareDevTeam/celts/issues/374,https://github.com/BCStudentSoftwareDevTeam/celts/issues/374#issuecomment-1187845165
celts,1187851209,bledsoef,User,2022-07-18T17:25:44Z,2022-07-18T17:25:44Z,https://api.github.com/repos/BCStudentSoftwareDevTeam/celts/issues/350,https://github.com/BCStudentSoftwareDevTeam/celts/issues/350#issuecomment-1187851209
celts,1187857736,bledsoef,User,2022-07-18T17:27:27Z,2022-07-18T17:27:27Z,https://api.github.com/repos/BCStudentSoftwareDevTeam/celts/issues/344,https://github.com/BCStudentSoftwareDevTeam/celts/issues/344#issuecomment-1187857736
celts,1187857992,Boorclark,User,2022-07-18T17:27:31Z,2022-07-18T17:27:31Z,https://api.github.com/repos/BCStudentSoftwareDevTeam/celts/issues/9,https://github.com/BCStudentSoftwareDevTeam/celts/issues/9#issuecomment-1187857992
celts,1187865259,bledsoef,User,2022-07-18T17:29:24Z,2022-07-18T17:29:24Z,https://api.github.com/repos/BCStudentSoftwareDevTeam/celts/issues/24,https://github.com/BCStudentSoftwareDevTeam/celts/issues/24#issuecomment-1187865259
celts,1187872124,Boorclark,User,2022-07-18T17:31:12Z,2022-07-18T17:31:12Z,https://api.github.com/repos/BCStudentSoftwareDevTeam/celts/issues/40,https://github.com/BCStudentSoftwareDevTeam/celts/issues/40#issuecomment-1187872124
celts,1187904455,Boorclark,User,2022-07-18T17:39:41Z,2022-07-18T17:39:41Z,https://api.github.com/repos/BCStudentSoftwareDevTeam/celts/issues/256,https://github.com/BCStudentSoftwareDevTeam/celts/issues/256#issuecomment-1187904455
celts,1188448303,bledsoef,User,2022-07-18T23:53:29Z,2022-07-18T23:53:29Z,https://api.github.com/repos/BCStudentSoftwareDevTeam/celts/issues/376,https://github.com/BCStudentSoftwareDevTeam/celts/issues/376#issuecomment-1188448303
celts,1189164096,bledsoef,User,2022-07-19T15:00:16Z,2022-07-19T15:00:16Z,https://api.github.com/repos/BCStudentSoftwareDevTeam/celts/issues/485,https://github.com/BCStudentSoftwareDevTeam/celts/issues/485#issuecomment-1189164096
celts,1189210157,Boorclark,User,2022-07-19T15:38:34Z,2022-07-19T15:38:34Z,https://api.github.com/repos/BCStudentSoftwareDevTeam/celts/issues/498,https://github.com/BCStudentSoftwareDevTeam/celts/issues/498#issuecomment-1189210157
celts,1189347271,Boorclark,User,2022-07-19T17:11:50Z,2022-07-19T17:11:50Z,https://api.github.com/repos/BCStudentSoftwareDevTeam/celts/issues/494,https://github.com/BCStudentSoftwareDevTeam/celts/issues/494#issuecomment-1189347271
celts,1189349448,Boorclark,User,2022-07-19T17:13:27Z,2022-07-19T17:13:27Z,https://api.github.com/repos/BCStudentSoftwareDevTeam/celts/issues/257,https://github.com/BCStudentSoftwareDevTeam/celts/issues/257#issuecomment-1189349448
celts,1189350438,Boorclark,User,2022-07-19T17:13:54Z,2022-07-19T17:13:54Z,https://api.github.com/repos/BCStudentSoftwareDevTeam/celts/issues/441,https://github.com/BCStudentSoftwareDevTeam/celts/issues/441#issuecomment-1189350438
celts,1189352154,Boorclark,User,2022-07-19T17:15:45Z,2022-07-19T17:15:45Z,https://api.github.com/repos/BCStudentSoftwareDevTeam/celts/issues/366,https://github.com/BCStudentSoftwareDevTeam/celts/issues/366#issuecomment-1189352154
celts,1189494490,mohamudm1,User,2022-07-19T19:57:16Z,2022-07-19T19:57:16Z,https://api.github.com/repos/BCStudentSoftwareDevTeam/celts/issues/511,https://github.com/BCStudentSoftwareDevTeam/celts/pull/511#issuecomment-1189494490
celts,1189795108,bledsoef,User,2022-07-20T03:51:49Z,2022-07-20T03:51:49Z,https://api.github.com/repos/BCStudentSoftwareDevTeam/celts/issues/502,https://github.com/BCStudentSoftwareDevTeam/celts/issues/502#issuecomment-1189795108
celts,1189795307,bledsoef,User,2022-07-20T03:52:13Z,2022-07-20T03:52:13Z,https://api.github.com/repos/BCStudentSoftwareDevTeam/celts/issues/495,https://github.com/BCStudentSoftwareDevTeam/celts/issues/495#issuecomment-1189795307
celts,1190552195,bledsoef,User,2022-07-20T17:24:24Z,2022-07-20T17:24:24Z,https://api.github.com/repos/BCStudentSoftwareDevTeam/celts/issues/500,https://github.com/BCStudentSoftwareDevTeam/celts/issues/500#issuecomment-1190552195
celts,1190634148,Boorclark,User,2022-07-20T18:49:04Z,2022-07-20T18:49:04Z,https://api.github.com/repos/BCStudentSoftwareDevTeam/celts/issues/519,https://github.com/BCStudentSoftwareDevTeam/celts/issues/519#issuecomment-1190634148
celts,1190694275,bledsoef,User,2022-07-20T19:54:57Z,2022-07-20T19:54:57Z,https://api.github.com/repos/BCStudentSoftwareDevTeam/celts/issues/493,https://github.com/BCStudentSoftwareDevTeam/celts/issues/493#issuecomment-1190694275
celts,1190719505,bledsoef,User,2022-07-20T20:22:29Z,2022-07-20T20:22:29Z,https://api.github.com/repos/BCStudentSoftwareDevTeam/celts/issues/476,https://github.com/BCStudentSoftwareDevTeam/celts/issues/476#issuecomment-1190719505
celts,1190719812,bledsoef,User,2022-07-20T20:22:51Z,2022-07-20T20:22:51Z,https://api.github.com/repos/BCStudentSoftwareDevTeam/celts/issues/388,https://github.com/BCStudentSoftwareDevTeam/celts/issues/388#issuecomment-1190719812
celts,1190721157,bledsoef,User,2022-07-20T20:24:16Z,2022-07-20T20:24:16Z,https://api.github.com/repos/BCStudentSoftwareDevTeam/celts/issues/499,https://github.com/BCStudentSoftwareDevTeam/celts/issues/499#issuecomment-1190721157
celts,1191616929,bledsoef,User,2022-07-21T15:17:18Z,2022-07-21T15:17:18Z,https://api.github.com/repos/BCStudentSoftwareDevTeam/celts/issues/154,https://github.com/BCStudentSoftwareDevTeam/celts/issues/154#issuecomment-1191616929
celts,1191817600,Boorclark,User,2022-07-21T18:43:16Z,2022-07-21T18:43:16Z,https://api.github.com/repos/BCStudentSoftwareDevTeam/celts/issues/532,https://github.com/BCStudentSoftwareDevTeam/celts/issues/532#issuecomment-1191817600
celts,1191817956,Boorclark,User,2022-07-21T18:43:46Z,2022-07-21T18:43:46Z,https://api.github.com/repos/BCStudentSoftwareDevTeam/celts/issues/538,https://github.com/BCStudentSoftwareDevTeam/celts/issues/538#issuecomment-1191817956
celts,1191916425,Boorclark,User,2022-07-21T20:45:01Z,2022-07-21T20:49:34Z,https://api.github.com/repos/BCStudentSoftwareDevTeam/celts/issues/553,https://github.com/BCStudentSoftwareDevTeam/celts/issues/553#issuecomment-1191916425
celts,1192561774,bledsoef,User,2022-07-22T13:14:34Z,2022-07-22T13:14:34Z,https://api.github.com/repos/BCStudentSoftwareDevTeam/celts/issues/540,https://github.com/BCStudentSoftwareDevTeam/celts/issues/540#issuecomment-1192561774
celts,1192562087,bledsoef,User,2022-07-22T13:14:57Z,2022-07-22T13:14:57Z,https://api.github.com/repos/BCStudentSoftwareDevTeam/celts/issues/493,https://github.com/BCStudentSoftwareDevTeam/celts/issues/493#issuecomment-1192562087
celts,1192562544,bledsoef,User,2022-07-22T13:15:24Z,2022-07-22T13:15:24Z,https://api.github.com/repos/BCStudentSoftwareDevTeam/celts/issues/445,https://github.com/BCStudentSoftwareDevTeam/celts/issues/445#issuecomment-1192562544
celts,1192563282,bledsoef,User,2022-07-22T13:16:09Z,2022-07-22T13:16:09Z,https://api.github.com/repos/BCStudentSoftwareDevTeam/celts/issues/478,https://github.com/BCStudentSoftwareDevTeam/celts/issues/478#issuecomment-1192563282
celts,1192563532,bledsoef,User,2022-07-22T13:16:25Z,2022-07-22T13:16:25Z,https://api.github.com/repos/BCStudentSoftwareDevTeam/celts/issues/549,https://github.com/BCStudentSoftwareDevTeam/celts/issues/549#issuecomment-1192563532
celts,1192563885,bledsoef,User,2022-07-22T13:16:45Z,2022-07-22T13:16:45Z,https://api.github.com/repos/BCStudentSoftwareDevTeam/celts/issues/535,https://github.com/BCStudentSoftwareDevTeam/celts/issues/535#issuecomment-1192563885
celts,1192564270,bledsoef,User,2022-07-22T13:17:11Z,2022-07-22T13:17:11Z,https://api.github.com/repos/BCStudentSoftwareDevTeam/celts/issues/516,https://github.com/BCStudentSoftwareDevTeam/celts/issues/516#issuecomment-1192564270
celts,1192564522,bledsoef,User,2022-07-22T13:17:27Z,2022-07-22T13:17:27Z,https://api.github.com/repos/BCStudentSoftwareDevTeam/celts/issues/542,https://github.com/BCStudentSoftwareDevTeam/celts/issues/542#issuecomment-1192564522
celts,1192651745,bledsoef,User,2022-07-22T14:48:46Z,2022-07-22T14:48:46Z,https://api.github.com/repos/BCStudentSoftwareDevTeam/celts/issues/547,https://github.com/BCStudentSoftwareDevTeam/celts/pull/547#issuecomment-1192651745
celts,1192760372,Ayushrawat-cmd,User,2022-07-22T16:48:29Z,2022-07-22T16:48:29Z,https://api.github.com/repos/BCStudentSoftwareDevTeam/celts/issues/561,https://github.com/BCStudentSoftwareDevTeam/celts/issues/561#issuecomment-1192760372
celts,1192821659,Boorclark,User,2022-07-22T18:10:49Z,2022-07-22T18:10:49Z,https://api.github.com/repos/BCStudentSoftwareDevTeam/celts/issues/550,https://github.com/BCStudentSoftwareDevTeam/celts/issues/550#issuecomment-1192821659
celts,1192822177,Boorclark,User,2022-07-22T18:11:31Z,2022-07-22T18:11:31Z,https://api.github.com/repos/BCStudentSoftwareDevTeam/celts/issues/561,https://github.com/BCStudentSoftwareDevTeam/celts/issues/561#issuecomment-1192822177
celts,1192836245,mohamudm1,User,2022-07-22T18:31:11Z,2022-07-22T18:31:11Z,https://api.github.com/repos/BCStudentSoftwareDevTeam/celts/issues/554,https://github.com/BCStudentSoftwareDevTeam/celts/pull/554#issuecomment-1192836245
celts,1192870284,bledsoef,User,2022-07-22T19:22:47Z,2022-07-22T19:22:47Z,https://api.github.com/repos/BCStudentSoftwareDevTeam/celts/issues/454,https://github.com/BCStudentSoftwareDevTeam/celts/issues/454#issuecomment-1192870284
celts,1192884610,bledsoef,User,2022-07-22T19:43:58Z,2022-07-22T19:43:58Z,https://api.github.com/repos/BCStudentSoftwareDevTeam/celts/issues/541,https://github.com/BCStudentSoftwareDevTeam/celts/issues/541#issuecomment-1192884610
celts,1192885218,bledsoef,User,2022-07-22T19:44:56Z,2022-07-22T19:44:56Z,https://api.github.com/repos/BCStudentSoftwareDevTeam/celts/issues/546,https://github.com/BCStudentSoftwareDevTeam/celts/issues/546#issuecomment-1192885218
celts,1192912435,bledsoef,User,2022-07-22T20:28:54Z,2022-07-27T13:55:34Z,https://api.github.com/repos/BCStudentSoftwareDevTeam/celts/issues/553,https://github.com/BCStudentSoftwareDevTeam/celts/issues/553#issuecomment-1192912435
celts,1194488944,Lyisus,User,2022-07-25T19:00:58Z,2022-07-25T19:00:58Z,https://api.github.com/repos/BCStudentSoftwareDevTeam/celts/issues/571,https://github.com/BCStudentSoftwareDevTeam/celts/issues/571#issuecomment-1194488944
celts,1195500930,AndersonStettner,User,2022-07-26T13:41:24Z,2022-07-26T13:41:24Z,https://api.github.com/repos/BCStudentSoftwareDevTeam/celts/issues/579,https://github.com/BCStudentSoftwareDevTeam/celts/issues/579#issuecomment-1195500930
celts,1195578937,bledsoef,User,2022-07-26T14:45:45Z,2022-07-26T14:45:45Z,https://api.github.com/repos/BCStudentSoftwareDevTeam/celts/issues/574,https://github.com/BCStudentSoftwareDevTeam/celts/issues/574#issuecomment-1195578937
celts,1196801140,bledsoef,User,2022-07-27T14:00:23Z,2022-07-27T14:00:23Z,https://api.github.com/repos/BCStudentSoftwareDevTeam/celts/issues/616,https://github.com/BCStudentSoftwareDevTeam/celts/issues/616#issuecomment-1196801140
celts,1196891213,Boorclark,User,2022-07-27T15:13:44Z,2022-07-27T15:13:44Z,https://api.github.com/repos/BCStudentSoftwareDevTeam/celts/issues/461,https://github.com/BCStudentSoftwareDevTeam/celts/issues/461#issuecomment-1196891213
celts,1196891600,Boorclark,User,2022-07-27T15:14:01Z,2022-07-27T15:14:01Z,https://api.github.com/repos/BCStudentSoftwareDevTeam/celts/issues/562,https://github.com/BCStudentSoftwareDevTeam/celts/issues/562#issuecomment-1196891600
celts,1197288132,Boorclark,User,2022-07-27T19:43:04Z,2022-08-04T18:55:49Z,https://api.github.com/repos/BCStudentSoftwareDevTeam/celts/issues/618,https://github.com/BCStudentSoftwareDevTeam/celts/issues/618#issuecomment-1197288132
celts,1197333433,Boorclark,User,2022-07-27T20:29:32Z,2022-07-27T20:29:32Z,https://api.github.com/repos/BCStudentSoftwareDevTeam/celts/issues/558,https://github.com/BCStudentSoftwareDevTeam/celts/issues/558#issuecomment-1197333433
celts,1197334407,Boorclark,User,2022-07-27T20:30:32Z,2022-07-27T20:30:32Z,https://api.github.com/repos/BCStudentSoftwareDevTeam/celts/issues/560,https://github.com/BCStudentSoftwareDevTeam/celts/issues/560#issuecomment-1197334407
celts,1197335649,Boorclark,User,2022-07-27T20:31:53Z,2022-07-27T20:31:53Z,https://api.github.com/repos/BCStudentSoftwareDevTeam/celts/issues/591,https://github.com/BCStudentSoftwareDevTeam/celts/issues/591#issuecomment-1197335649
celts,1198122128,Boorclark,User,2022-07-28T13:11:57Z,2022-07-28T13:11:57Z,https://api.github.com/repos/BCStudentSoftwareDevTeam/celts/issues/610,https://github.com/BCStudentSoftwareDevTeam/celts/issues/610#issuecomment-1198122128
celts,1198214265,Boorclark,User,2022-07-28T14:25:41Z,2022-07-28T14:25:41Z,https://api.github.com/repos/BCStudentSoftwareDevTeam/celts/issues/619,https://github.com/BCStudentSoftwareDevTeam/celts/pull/619#issuecomment-1198214265
celts,1201566477,Boorclark,User,2022-08-01T18:33:06Z,2022-08-01T18:33:06Z,https://api.github.com/repos/BCStudentSoftwareDevTeam/celts/issues/619,https://github.com/BCStudentSoftwareDevTeam/celts/pull/619#issuecomment-1201566477
celts,1202711649,AndersonStettner,User,2022-08-02T14:36:39Z,2022-08-02T14:39:03Z,https://api.github.com/repos/BCStudentSoftwareDevTeam/celts/issues/629,https://github.com/BCStudentSoftwareDevTeam/celts/pull/629#issuecomment-1202711649
celts,1202799935,AndersonStettner,User,2022-08-02T15:17:44Z,2022-08-02T15:17:44Z,https://api.github.com/repos/BCStudentSoftwareDevTeam/celts/issues/629,https://github.com/BCStudentSoftwareDevTeam/celts/pull/629#issuecomment-1202799935
celts,1202862291,zachneill,User,2022-08-02T15:44:04Z,2022-08-02T15:44:04Z,https://api.github.com/repos/BCStudentSoftwareDevTeam/celts/issues/620,https://github.com/BCStudentSoftwareDevTeam/celts/pull/620#issuecomment-1202862291
celts,1203114602,bledsoef,User,2022-08-02T19:15:26Z,2022-08-02T19:15:26Z,https://api.github.com/repos/BCStudentSoftwareDevTeam/celts/issues/565,https://github.com/BCStudentSoftwareDevTeam/celts/issues/565#issuecomment-1203114602
celts,1203115592,bledsoef,User,2022-08-02T19:16:29Z,2022-08-02T19:16:29Z,https://api.github.com/repos/BCStudentSoftwareDevTeam/celts/issues/615,https://github.com/BCStudentSoftwareDevTeam/celts/issues/615#issuecomment-1203115592
celts,1203125906,bledsoef,User,2022-08-02T19:28:23Z,2022-08-02T19:28:23Z,https://api.github.com/repos/BCStudentSoftwareDevTeam/celts/issues/578,https://github.com/BCStudentSoftwareDevTeam/celts/issues/578#issuecomment-1203125906
celts,1203198518,bledsoef,User,2022-08-02T20:46:38Z,2022-08-02T20:46:38Z,https://api.github.com/repos/BCStudentSoftwareDevTeam/celts/issues/583,https://github.com/BCStudentSoftwareDevTeam/celts/issues/583#issuecomment-1203198518
celts,1203198758,bledsoef,User,2022-08-02T20:46:55Z,2022-08-02T20:46:55Z,https://api.github.com/repos/BCStudentSoftwareDevTeam/celts/issues/630,https://github.com/BCStudentSoftwareDevTeam/celts/issues/630#issuecomment-1203198758
celts,1203198867,bledsoef,User,2022-08-02T20:47:04Z,2022-08-02T20:47:04Z,https://api.github.com/repos/BCStudentSoftwareDevTeam/celts/issues/559,https://github.com/BCStudentSoftwareDevTeam/celts/issues/559#issuecomment-1203198867
celts,1203199235,bledsoef,User,2022-08-02T20:47:32Z,2022-08-02T20:47:32Z,https://api.github.com/repos/BCStudentSoftwareDevTeam/celts/issues/584,https://github.com/BCStudentSoftwareDevTeam/celts/issues/584#issuecomment-1203199235
celts,1203199710,bledsoef,User,2022-08-02T20:48:05Z,2022-08-02T20:48:05Z,https://api.github.com/repos/BCStudentSoftwareDevTeam/celts/issues/383,https://github.com/BCStudentSoftwareDevTeam/celts/issues/383#issuecomment-1203199710
celts,1203199904,bledsoef,User,2022-08-02T20:48:20Z,2022-08-02T20:48:20Z,https://api.github.com/repos/BCStudentSoftwareDevTeam/celts/issues/616,https://github.com/BCStudentSoftwareDevTeam/celts/issues/616#issuecomment-1203199904
celts,1204247495,Lyisus,User,2022-08-03T17:13:40Z,2022-08-03T17:13:40Z,https://api.github.com/repos/BCStudentSoftwareDevTeam/celts/issues/571,https://github.com/BCStudentSoftwareDevTeam/celts/issues/571#issuecomment-1204247495
celts,1204251231,Boorclark,User,2022-08-03T17:16:54Z,2022-08-03T17:16:54Z,https://api.github.com/repos/BCStudentSoftwareDevTeam/celts/issues/580,https://github.com/BCStudentSoftwareDevTeam/celts/issues/580#issuecomment-1204251231
celts,1205599614,Lyisus,User,2022-08-04T18:06:46Z,2022-08-04T18:06:46Z,https://api.github.com/repos/BCStudentSoftwareDevTeam/celts/issues/637,https://github.com/BCStudentSoftwareDevTeam/celts/issues/637#issuecomment-1205599614
celts,1205605329,bledsoef,User,2022-08-04T18:13:04Z,2022-08-04T18:13:04Z,https://api.github.com/repos/BCStudentSoftwareDevTeam/celts/issues/639,https://github.com/BCStudentSoftwareDevTeam/celts/issues/639#issuecomment-1205605329
celts,1205717686,Lyisus,User,2022-08-04T20:08:42Z,2022-08-04T20:08:42Z,https://api.github.com/repos/BCStudentSoftwareDevTeam/celts/issues/669,https://github.com/BCStudentSoftwareDevTeam/celts/pull/669#issuecomment-1205717686
celts,1206724036,Boorclark,User,2022-08-05T18:19:18Z,2022-08-05T18:19:18Z,https://api.github.com/repos/BCStudentSoftwareDevTeam/celts/issues/650,https://github.com/BCStudentSoftwareDevTeam/celts/issues/650#issuecomment-1206724036
celts,1206724575,Boorclark,User,2022-08-05T18:19:44Z,2022-08-05T18:19:44Z,https://api.github.com/repos/BCStudentSoftwareDevTeam/celts/issues/647,https://github.com/BCStudentSoftwareDevTeam/celts/issues/647#issuecomment-1206724575
celts,1208291870,AndersonStettner,User,2022-08-08T15:41:20Z,2022-08-08T15:41:20Z,https://api.github.com/repos/BCStudentSoftwareDevTeam/celts/issues/672,https://github.com/BCStudentSoftwareDevTeam/celts/issues/672#issuecomment-1208291870
celts,1208292578,AndersonStettner,User,2022-08-08T15:42:01Z,2022-08-08T15:42:01Z,https://api.github.com/repos/BCStudentSoftwareDevTeam/celts/issues/582,https://github.com/BCStudentSoftwareDevTeam/celts/issues/582#issuecomment-1208292578
celts,1208292867,AndersonStettner,User,2022-08-08T15:42:20Z,2022-08-08T15:42:20Z,https://api.github.com/repos/BCStudentSoftwareDevTeam/celts/issues/553,https://github.com/BCStudentSoftwareDevTeam/celts/issues/553#issuecomment-1208292867
celts,1208293274,AndersonStettner,User,2022-08-08T15:42:44Z,2022-08-08T15:42:44Z,https://api.github.com/repos/BCStudentSoftwareDevTeam/celts/issues/657,https://github.com/BCStudentSoftwareDevTeam/celts/issues/657#issuecomment-1208293274
celts,1208293588,AndersonStettner,User,2022-08-08T15:43:02Z,2022-08-08T15:43:02Z,https://api.github.com/repos/BCStudentSoftwareDevTeam/celts/issues/659,https://github.com/BCStudentSoftwareDevTeam/celts/issues/659#issuecomment-1208293588
celts,1208294344,AndersonStettner,User,2022-08-08T15:43:46Z,2022-08-08T15:43:46Z,https://api.github.com/repos/BCStudentSoftwareDevTeam/celts/issues/643,https://github.com/BCStudentSoftwareDevTeam/celts/issues/643#issuecomment-1208294344
celts,1208294978,AndersonStettner,User,2022-08-08T15:44:23Z,2022-08-08T15:44:23Z,https://api.github.com/repos/BCStudentSoftwareDevTeam/celts/issues/644,https://github.com/BCStudentSoftwareDevTeam/celts/issues/644#issuecomment-1208294978
celts,1208295311,AndersonStettner,User,2022-08-08T15:44:41Z,2022-08-08T15:44:41Z,https://api.github.com/repos/BCStudentSoftwareDevTeam/celts/issues/581,https://github.com/BCStudentSoftwareDevTeam/celts/issues/581#issuecomment-1208295311
celts,1208296110,AndersonStettner,User,2022-08-08T15:45:27Z,2022-08-08T15:45:27Z,https://api.github.com/repos/BCStudentSoftwareDevTeam/celts/issues/648,https://github.com/BCStudentSoftwareDevTeam/celts/issues/648#issuecomment-1208296110
celts,1208296532,AndersonStettner,User,2022-08-08T15:45:50Z,2022-08-08T15:45:50Z,https://api.github.com/repos/BCStudentSoftwareDevTeam/celts/issues/653,https://github.com/BCStudentSoftwareDevTeam/celts/issues/653#issuecomment-1208296532
celts,1208296801,AndersonStettner,User,2022-08-08T15:46:07Z,2022-08-08T15:46:07Z,https://api.github.com/repos/BCStudentSoftwareDevTeam/celts/issues/651,https://github.com/BCStudentSoftwareDevTeam/celts/issues/651#issuecomment-1208296801
celts,1208297306,AndersonStettner,User,2022-08-08T15:46:38Z,2022-08-08T15:46:38Z,https://api.github.com/repos/BCStudentSoftwareDevTeam/celts/issues/652,https://github.com/BCStudentSoftwareDevTeam/celts/issues/652#issuecomment-1208297306
celts,1208297855,AndersonStettner,User,2022-08-08T15:47:08Z,2022-08-08T15:47:08Z,https://api.github.com/repos/BCStudentSoftwareDevTeam/celts/issues/575,https://github.com/BCStudentSoftwareDevTeam/celts/issues/575#issuecomment-1208297855
celts,1208298113,AndersonStettner,User,2022-08-08T15:47:23Z,2022-08-08T15:47:23Z,https://api.github.com/repos/BCStudentSoftwareDevTeam/celts/issues/665,https://github.com/BCStudentSoftwareDevTeam/celts/issues/665#issuecomment-1208298113
celts,1208298826,AndersonStettner,User,2022-08-08T15:48:06Z,2022-08-08T15:48:06Z,https://api.github.com/repos/BCStudentSoftwareDevTeam/celts/issues/663,https://github.com/BCStudentSoftwareDevTeam/celts/issues/663#issuecomment-1208298826
celts,1208299076,AndersonStettner,User,2022-08-08T15:48:20Z,2022-08-08T15:48:20Z,https://api.github.com/repos/BCStudentSoftwareDevTeam/celts/issues/660,https://github.com/BCStudentSoftwareDevTeam/celts/issues/660#issuecomment-1208299076
celts,1208299297,AndersonStettner,User,2022-08-08T15:48:33Z,2022-08-08T15:48:33Z,https://api.github.com/repos/BCStudentSoftwareDevTeam/celts/issues/658,https://github.com/BCStudentSoftwareDevTeam/celts/issues/658#issuecomment-1208299297
celts,1208299618,AndersonStettner,User,2022-08-08T15:48:52Z,2022-08-08T15:48:52Z,https://api.github.com/repos/BCStudentSoftwareDevTeam/celts/issues/624,https://github.com/BCStudentSoftwareDevTeam/celts/issues/624#issuecomment-1208299618
celts,1208299875,AndersonStettner,User,2022-08-08T15:49:07Z,2022-08-08T15:49:07Z,https://api.github.com/repos/BCStudentSoftwareDevTeam/celts/issues/564,https://github.com/BCStudentSoftwareDevTeam/celts/issues/564#issuecomment-1208299875
celts,1208300143,AndersonStettner,User,2022-08-08T15:49:22Z,2022-08-08T15:49:22Z,https://api.github.com/repos/BCStudentSoftwareDevTeam/celts/issues/646,https://github.com/BCStudentSoftwareDevTeam/celts/issues/646#issuecomment-1208300143
celts,1208300772,AndersonStettner,User,2022-08-08T15:49:57Z,2022-08-08T15:49:57Z,https://api.github.com/repos/BCStudentSoftwareDevTeam/celts/issues/654,https://github.com/BCStudentSoftwareDevTeam/celts/issues/654#issuecomment-1208300772
celts,1208301051,AndersonStettner,User,2022-08-08T15:50:12Z,2022-08-08T15:50:12Z,https://api.github.com/repos/BCStudentSoftwareDevTeam/celts/issues/655,https://github.com/BCStudentSoftwareDevTeam/celts/issues/655#issuecomment-1208301051
celts,1208301411,AndersonStettner,User,2022-08-08T15:50:34Z,2022-08-08T15:50:34Z,https://api.github.com/repos/BCStudentSoftwareDevTeam/celts/issues/656,https://github.com/BCStudentSoftwareDevTeam/celts/issues/656#issuecomment-1208301411
celts,1208301791,AndersonStettner,User,2022-08-08T15:50:53Z,2022-08-08T15:50:53Z,https://api.github.com/repos/BCStudentSoftwareDevTeam/celts/issues/612,https://github.com/BCStudentSoftwareDevTeam/celts/issues/612#issuecomment-1208301791
celts,1208302093,AndersonStettner,User,2022-08-08T15:51:10Z,2022-08-08T15:51:10Z,https://api.github.com/repos/BCStudentSoftwareDevTeam/celts/issues/618,https://github.com/BCStudentSoftwareDevTeam/celts/issues/618#issuecomment-1208302093
celts,1208302382,AndersonStettner,User,2022-08-08T15:51:27Z,2022-08-08T15:51:27Z,https://api.github.com/repos/BCStudentSoftwareDevTeam/celts/issues/603,https://github.com/BCStudentSoftwareDevTeam/celts/issues/603#issuecomment-1208302382
celts,1208302655,AndersonStettner,User,2022-08-08T15:51:43Z,2022-08-08T15:51:43Z,https://api.github.com/repos/BCStudentSoftwareDevTeam/celts/issues/664,https://github.com/BCStudentSoftwareDevTeam/celts/issues/664#issuecomment-1208302655
celts,1208303484,AndersonStettner,User,2022-08-08T15:52:30Z,2022-08-08T15:52:30Z,https://api.github.com/repos/BCStudentSoftwareDevTeam/celts/issues/622,https://github.com/BCStudentSoftwareDevTeam/celts/issues/622#issuecomment-1208303484
celts,1208303872,AndersonStettner,User,2022-08-08T15:52:50Z,2022-08-08T15:52:50Z,https://api.github.com/repos/BCStudentSoftwareDevTeam/celts/issues/661,https://github.com/BCStudentSoftwareDevTeam/celts/issues/661#issuecomment-1208303872
celts,1208304080,AndersonStettner,User,2022-08-08T15:53:03Z,2022-08-08T15:53:03Z,https://api.github.com/repos/BCStudentSoftwareDevTeam/celts/issues/662,https://github.com/BCStudentSoftwareDevTeam/celts/issues/662#issuecomment-1208304080
celts,1208304410,AndersonStettner,User,2022-08-08T15:53:19Z,2022-08-08T15:53:19Z,https://api.github.com/repos/BCStudentSoftwareDevTeam/celts/issues/649,https://github.com/BCStudentSoftwareDevTeam/celts/issues/649#issuecomment-1208304410
celts,1209397886,AndersonStettner,User,2022-08-09T13:40:57Z,2022-08-09T13:40:57Z,https://api.github.com/repos/BCStudentSoftwareDevTeam/celts/issues/676,https://github.com/BCStudentSoftwareDevTeam/celts/issues/676#issuecomment-1209397886
celts,1209564985,mohamudm1,User,2022-08-09T15:49:44Z,2022-08-09T15:49:44Z,https://api.github.com/repos/BCStudentSoftwareDevTeam/celts/issues/677,https://github.com/BCStudentSoftwareDevTeam/celts/pull/677#issuecomment-1209564985
celts,1209705104,AndersonStettner,User,2022-08-09T18:04:35Z,2022-08-09T18:04:35Z,https://api.github.com/repos/BCStudentSoftwareDevTeam/celts/issues/678,https://github.com/BCStudentSoftwareDevTeam/celts/issues/678#issuecomment-1209705104
celts,1209808656,AndersonStettner,User,2022-08-09T19:51:19Z,2022-08-09T19:51:19Z,https://api.github.com/repos/BCStudentSoftwareDevTeam/celts/issues/679,https://github.com/BCStudentSoftwareDevTeam/celts/pull/679#issuecomment-1209808656
celts,1209808905,AndersonStettner,User,2022-08-09T19:51:34Z,2022-08-09T19:51:34Z,https://api.github.com/repos/BCStudentSoftwareDevTeam/celts/issues/675,https://github.com/BCStudentSoftwareDevTeam/celts/pull/675#issuecomment-1209808905
celts,1212198422,AndersonStettner,User,2022-08-11T16:12:33Z,2022-08-11T16:12:33Z,https://api.github.com/repos/BCStudentSoftwareDevTeam/celts/issues/682,https://github.com/BCStudentSoftwareDevTeam/celts/pull/682#issuecomment-1212198422
celts,1213113058,AndersonStettner,User,2022-08-12T13:31:26Z,2022-08-12T13:31:26Z,https://api.github.com/repos/BCStudentSoftwareDevTeam/celts/issues/683,https://github.com/BCStudentSoftwareDevTeam/celts/pull/683#issuecomment-1213113058
celts,1213326616,AndersonStettner,User,2022-08-12T16:58:15Z,2022-08-12T16:58:15Z,https://api.github.com/repos/BCStudentSoftwareDevTeam/celts/issues/641,https://github.com/BCStudentSoftwareDevTeam/celts/pull/641#issuecomment-1213326616
celts,1213327180,AndersonStettner,User,2022-08-12T16:58:58Z,2022-08-12T16:58:58Z,https://api.github.com/repos/BCStudentSoftwareDevTeam/celts/issues/673,https://github.com/BCStudentSoftwareDevTeam/celts/pull/673#issuecomment-1213327180
celts,1213328260,AndersonStettner,User,2022-08-12T17:00:22Z,2022-08-12T17:00:22Z,https://api.github.com/repos/BCStudentSoftwareDevTeam/celts/issues/673,https://github.com/BCStudentSoftwareDevTeam/celts/pull/673#issuecomment-1213328260
celts,1213419555,AndersonStettner,User,2022-08-12T18:51:11Z,2022-08-12T18:51:11Z,https://api.github.com/repos/BCStudentSoftwareDevTeam/celts/issues/684,https://github.com/BCStudentSoftwareDevTeam/celts/pull/684#issuecomment-1213419555
celts,1219755229,AndersonStettner,User,2022-08-18T17:34:20Z,2022-08-18T17:34:20Z,https://api.github.com/repos/BCStudentSoftwareDevTeam/celts/issues/686,https://github.com/BCStudentSoftwareDevTeam/celts/issues/686#issuecomment-1219755229
celts,1220879956,AndersonStettner,User,2022-08-19T16:42:13Z,2022-08-19T16:42:13Z,https://api.github.com/repos/BCStudentSoftwareDevTeam/celts/issues/680,https://github.com/BCStudentSoftwareDevTeam/celts/issues/680#issuecomment-1220879956
celts,1220880299,AndersonStettner,User,2022-08-19T16:42:39Z,2022-08-19T16:42:39Z,https://api.github.com/repos/BCStudentSoftwareDevTeam/celts/issues/681,https://github.com/BCStudentSoftwareDevTeam/celts/issues/681#issuecomment-1220880299
celts,1220995238,AndersonStettner,User,2022-08-19T18:46:20Z,2022-08-19T18:46:20Z,https://api.github.com/repos/BCStudentSoftwareDevTeam/celts/issues/689,https://github.com/BCStudentSoftwareDevTeam/celts/issues/689#issuecomment-1220995238
celts,1220998478,AndersonStettner,User,2022-08-19T18:51:35Z,2022-08-19T18:51:35Z,https://api.github.com/repos/BCStudentSoftwareDevTeam/celts/issues/690,https://github.com/BCStudentSoftwareDevTeam/celts/issues/690#issuecomment-1220998478
celts,1221004797,AndersonStettner,User,2022-08-19T18:56:10Z,2022-08-19T18:56:10Z,https://api.github.com/repos/BCStudentSoftwareDevTeam/celts/issues/691,https://github.com/BCStudentSoftwareDevTeam/celts/issues/691#issuecomment-1221004797
celts,1221009103,AndersonStettner,User,2022-08-19T19:02:18Z,2022-08-19T19:02:18Z,https://api.github.com/repos/BCStudentSoftwareDevTeam/celts/issues/692,https://github.com/BCStudentSoftwareDevTeam/celts/issues/692#issuecomment-1221009103
celts,1221010520,AndersonStettner,User,2022-08-19T19:04:02Z,2022-08-19T19:04:02Z,https://api.github.com/repos/BCStudentSoftwareDevTeam/celts/issues/693,https://github.com/BCStudentSoftwareDevTeam/celts/issues/693#issuecomment-1221010520
celts,1221012933,AndersonStettner,User,2022-08-19T19:07:23Z,2022-08-19T19:07:23Z,https://api.github.com/repos/BCStudentSoftwareDevTeam/celts/issues/694,https://github.com/BCStudentSoftwareDevTeam/celts/issues/694#issuecomment-1221012933
celts,1221014082,AndersonStettner,User,2022-08-19T19:09:06Z,2022-08-19T19:09:06Z,https://api.github.com/repos/BCStudentSoftwareDevTeam/celts/issues/695,https://github.com/BCStudentSoftwareDevTeam/celts/issues/695#issuecomment-1221014082
celts,1221015509,AndersonStettner,User,2022-08-19T19:11:07Z,2022-08-19T19:11:07Z,https://api.github.com/repos/BCStudentSoftwareDevTeam/celts/issues/696,https://github.com/BCStudentSoftwareDevTeam/celts/issues/696#issuecomment-1221015509
celts,1221017628,AndersonStettner,User,2022-08-19T19:14:10Z,2022-08-19T19:14:10Z,https://api.github.com/repos/BCStudentSoftwareDevTeam/celts/issues/697,https://github.com/BCStudentSoftwareDevTeam/celts/issues/697#issuecomment-1221017628
celts,1221029473,AndersonStettner,User,2022-08-19T19:30:56Z,2022-08-19T19:30:56Z,https://api.github.com/repos/BCStudentSoftwareDevTeam/celts/issues/698,https://github.com/BCStudentSoftwareDevTeam/celts/issues/698#issuecomment-1221029473
celts,1221029542,AndersonStettner,User,2022-08-19T19:31:02Z,2022-08-19T19:31:02Z,https://api.github.com/repos/BCStudentSoftwareDevTeam/celts/issues/699,https://github.com/BCStudentSoftwareDevTeam/celts/pull/699#issuecomment-1221029542
celts,1222481026,AndersonStettner,User,2022-08-22T14:59:20Z,2022-08-22T14:59:20Z,https://api.github.com/repos/BCStudentSoftwareDevTeam/celts/issues/701,https://github.com/BCStudentSoftwareDevTeam/celts/issues/701#issuecomment-1222481026
celts,1222526708,AndersonStettner,User,2022-08-22T15:34:02Z,2022-08-22T15:34:02Z,https://api.github.com/repos/BCStudentSoftwareDevTeam/celts/issues/702,https://github.com/BCStudentSoftwareDevTeam/celts/issues/702#issuecomment-1222526708
celts,1222526855,AndersonStettner,User,2022-08-22T15:34:09Z,2022-08-22T15:34:09Z,https://api.github.com/repos/BCStudentSoftwareDevTeam/celts/issues/703,https://github.com/BCStudentSoftwareDevTeam/celts/issues/703#issuecomment-1222526855
celts,1227723995,AndersonStettner,User,2022-08-25T20:24:19Z,2022-08-25T20:24:19Z,https://api.github.com/repos/BCStudentSoftwareDevTeam/celts/issues/706,https://github.com/BCStudentSoftwareDevTeam/celts/pull/706#issuecomment-1227723995
celts,1227737811,sreynit02,User,2022-08-25T20:37:05Z,2022-08-25T20:37:05Z,https://api.github.com/repos/BCStudentSoftwareDevTeam/celts/issues/651,https://github.com/BCStudentSoftwareDevTeam/celts/issues/651#issuecomment-1227737811
celts,1230735201,AndersonStettner,User,2022-08-29T19:06:04Z,2022-08-29T19:06:04Z,https://api.github.com/repos/BCStudentSoftwareDevTeam/celts/issues/712,https://github.com/BCStudentSoftwareDevTeam/celts/issues/712#issuecomment-1230735201
celts,1230830293,AndersonStettner,User,2022-08-29T20:32:13Z,2022-08-29T20:32:13Z,https://api.github.com/repos/BCStudentSoftwareDevTeam/celts/issues/714,https://github.com/BCStudentSoftwareDevTeam/celts/issues/714#issuecomment-1230830293
celts,1231890586,AndersonStettner,User,2022-08-30T16:22:23Z,2022-08-30T16:22:23Z,https://api.github.com/repos/BCStudentSoftwareDevTeam/celts/issues/716,https://github.com/BCStudentSoftwareDevTeam/celts/issues/716#issuecomment-1231890586
celts,1231892458,AndersonStettner,User,2022-08-30T16:24:06Z,2022-08-30T16:24:06Z,https://api.github.com/repos/BCStudentSoftwareDevTeam/celts/issues/708,https://github.com/BCStudentSoftwareDevTeam/celts/issues/708#issuecomment-1231892458
celts,1231893066,AndersonStettner,User,2022-08-30T16:24:42Z,2022-08-30T16:24:42Z,https://api.github.com/repos/BCStudentSoftwareDevTeam/celts/issues/709,https://github.com/BCStudentSoftwareDevTeam/celts/issues/709#issuecomment-1231893066
celts,1232034970,AndersonStettner,User,2022-08-30T18:47:44Z,2022-08-30T18:47:44Z,https://api.github.com/repos/BCStudentSoftwareDevTeam/celts/issues/717,https://github.com/BCStudentSoftwareDevTeam/celts/issues/717#issuecomment-1232034970
celts,1232896405,bledsoef,User,2022-08-31T12:50:28Z,2022-08-31T12:50:28Z,https://api.github.com/repos/BCStudentSoftwareDevTeam/celts/issues/718,https://github.com/BCStudentSoftwareDevTeam/celts/pull/718#issuecomment-1232896405
celts,1233095210,AndersonStettner,User,2022-08-31T15:32:23Z,2022-08-31T15:32:23Z,https://api.github.com/repos/BCStudentSoftwareDevTeam/celts/issues/719,https://github.com/BCStudentSoftwareDevTeam/celts/pull/719#issuecomment-1233095210
celts,1233264278,AndersonStettner,User,2022-08-31T18:16:42Z,2022-08-31T18:16:42Z,https://api.github.com/repos/BCStudentSoftwareDevTeam/celts/issues/721,https://github.com/BCStudentSoftwareDevTeam/celts/issues/721#issuecomment-1233264278
celts,1233322493,AndersonStettner,User,2022-08-31T19:12:11Z,2022-08-31T19:12:11Z,https://api.github.com/repos/BCStudentSoftwareDevTeam/celts/issues/723,https://github.com/BCStudentSoftwareDevTeam/celts/issues/723#issuecomment-1233322493
celts,1234313206,AndersonStettner,User,2022-09-01T13:52:39Z,2022-09-01T13:52:39Z,https://api.github.com/repos/BCStudentSoftwareDevTeam/celts/issues/724,https://github.com/BCStudentSoftwareDevTeam/celts/issues/724#issuecomment-1234313206
celts,1235479492,tylerpar99,User,2022-09-02T13:02:29Z,2022-09-02T13:02:29Z,https://api.github.com/repos/BCStudentSoftwareDevTeam/celts/issues/657,https://github.com/BCStudentSoftwareDevTeam/celts/issues/657#issuecomment-1235479492
celts,1235863055,Karina-Agliullova,User,2022-09-02T20:14:43Z,2022-09-02T20:14:43Z,https://api.github.com/repos/BCStudentSoftwareDevTeam/celts/issues/707,https://github.com/BCStudentSoftwareDevTeam/celts/pull/707#issuecomment-1235863055
celts,1235883169,AndersonStettner,User,2022-09-02T20:47:16Z,2022-09-02T20:47:16Z,https://api.github.com/repos/BCStudentSoftwareDevTeam/celts/issues/726,https://github.com/BCStudentSoftwareDevTeam/celts/issues/726#issuecomment-1235883169
celts,1235883223,AndersonStettner,User,2022-09-02T20:47:21Z,2022-09-02T20:47:21Z,https://api.github.com/repos/BCStudentSoftwareDevTeam/celts/issues/727,https://github.com/BCStudentSoftwareDevTeam/celts/pull/727#issuecomment-1235883223
celts,1237450663,martinj2-dot,User,2022-09-05T20:50:01Z,2022-09-05T20:50:01Z,https://api.github.com/repos/BCStudentSoftwareDevTeam/celts/issues/720,https://github.com/BCStudentSoftwareDevTeam/celts/pull/720#issuecomment-1237450663
celts,1238318973,AndersonStettner,User,2022-09-06T15:36:02Z,2022-09-06T15:36:02Z,https://api.github.com/repos/BCStudentSoftwareDevTeam/celts/issues/728,https://github.com/BCStudentSoftwareDevTeam/celts/issues/728#issuecomment-1238318973
celts,1239495989,AndersonStettner,User,2022-09-07T14:50:39Z,2022-09-07T14:50:39Z,https://api.github.com/repos/BCStudentSoftwareDevTeam/celts/issues/722,https://github.com/BCStudentSoftwareDevTeam/celts/issues/722#issuecomment-1239495989
celts,1239583698,AndersonStettner,User,2022-09-07T15:57:23Z,2022-09-07T15:57:23Z,https://api.github.com/repos/BCStudentSoftwareDevTeam/celts/issues/729,https://github.com/BCStudentSoftwareDevTeam/celts/issues/729#issuecomment-1239583698
celts,1239709441,AndersonStettner,User,2022-09-07T18:01:10Z,2022-09-07T18:01:10Z,https://api.github.com/repos/BCStudentSoftwareDevTeam/celts/issues/734,https://github.com/BCStudentSoftwareDevTeam/celts/issues/734#issuecomment-1239709441
celts,1239709551,AndersonStettner,User,2022-09-07T18:01:18Z,2022-09-07T18:01:18Z,https://api.github.com/repos/BCStudentSoftwareDevTeam/celts/issues/731,https://github.com/BCStudentSoftwareDevTeam/celts/issues/731#issuecomment-1239709551
celts,1239710044,AndersonStettner,User,2022-09-07T18:01:54Z,2022-09-07T18:01:54Z,https://api.github.com/repos/BCStudentSoftwareDevTeam/celts/issues/733,https://github.com/BCStudentSoftwareDevTeam/celts/issues/733#issuecomment-1239710044
celts,1239710206,AndersonStettner,User,2022-09-07T18:02:06Z,2022-09-07T18:02:06Z,https://api.github.com/repos/BCStudentSoftwareDevTeam/celts/issues/732,https://github.com/BCStudentSoftwareDevTeam/celts/issues/732#issuecomment-1239710206
celts,1239713390,AndersonStettner,User,2022-09-07T18:05:30Z,2022-09-07T18:05:30Z,https://api.github.com/repos/BCStudentSoftwareDevTeam/celts/issues/735,https://github.com/BCStudentSoftwareDevTeam/celts/issues/735#issuecomment-1239713390
celts,1239802693,Boorclark,User,2022-09-07T19:45:58Z,2022-09-07T19:45:58Z,https://api.github.com/repos/BCStudentSoftwareDevTeam/celts/issues/727,https://github.com/BCStudentSoftwareDevTeam/celts/pull/727#issuecomment-1239802693
celts,1240919557,AndersonStettner,User,2022-09-08T16:03:52Z,2022-09-08T16:03:52Z,https://api.github.com/repos/BCStudentSoftwareDevTeam/celts/issues/736,https://github.com/BCStudentSoftwareDevTeam/celts/issues/736#issuecomment-1240919557
celts,1243773446,tylerpar99,User,2022-09-12T13:49:53Z,2022-09-12T13:49:53Z,https://api.github.com/repos/BCStudentSoftwareDevTeam/celts/issues/720,https://github.com/BCStudentSoftwareDevTeam/celts/pull/720#issuecomment-1243773446
celts,1245940711,bledsoef,User,2022-09-13T20:50:04Z,2022-09-13T20:50:04Z,https://api.github.com/repos/BCStudentSoftwareDevTeam/celts/issues/737,https://github.com/BCStudentSoftwareDevTeam/celts/pull/737#issuecomment-1245940711
celts,1247059930,AndersonStettner,User,2022-09-14T17:04:28Z,2022-09-14T17:04:28Z,https://api.github.com/repos/BCStudentSoftwareDevTeam/celts/issues/747,https://github.com/BCStudentSoftwareDevTeam/celts/issues/747#issuecomment-1247059930
celts,1247061181,AndersonStettner,User,2022-09-14T17:05:34Z,2022-09-14T17:05:34Z,https://api.github.com/repos/BCStudentSoftwareDevTeam/celts/issues/746,https://github.com/BCStudentSoftwareDevTeam/celts/issues/746#issuecomment-1247061181
celts,1247062328,AndersonStettner,User,2022-09-14T17:06:44Z,2022-09-14T17:06:44Z,https://api.github.com/repos/BCStudentSoftwareDevTeam/celts/issues/748,https://github.com/BCStudentSoftwareDevTeam/celts/issues/748#issuecomment-1247062328
celts,1247064685,AndersonStettner,User,2022-09-14T17:09:02Z,2022-09-14T17:09:02Z,https://api.github.com/repos/BCStudentSoftwareDevTeam/celts/issues/749,https://github.com/BCStudentSoftwareDevTeam/celts/issues/749#issuecomment-1247064685
celts,1248274819,AndersonStettner,User,2022-09-15T15:37:37Z,2022-09-15T15:37:37Z,https://api.github.com/repos/BCStudentSoftwareDevTeam/celts/issues/751,https://github.com/BCStudentSoftwareDevTeam/celts/pull/751#issuecomment-1248274819
celts,1249319408,AndersonStettner,User,2022-09-16T12:46:30Z,2022-09-16T12:46:30Z,https://api.github.com/repos/BCStudentSoftwareDevTeam/celts/issues/753,https://github.com/BCStudentSoftwareDevTeam/celts/issues/753#issuecomment-1249319408
celts,1249508527,AndersonStettner,User,2022-09-16T15:31:58Z,2022-09-16T15:31:58Z,https://api.github.com/repos/BCStudentSoftwareDevTeam/celts/issues/754,https://github.com/BCStudentSoftwareDevTeam/celts/issues/754#issuecomment-1249508527
celts,1249510748,AndersonStettner,User,2022-09-16T15:34:06Z,2022-09-16T15:34:06Z,https://api.github.com/repos/BCStudentSoftwareDevTeam/celts/issues/755,https://github.com/BCStudentSoftwareDevTeam/celts/issues/755#issuecomment-1249510748
celts,1249514492,AndersonStettner,User,2022-09-16T15:37:49Z,2022-09-16T15:37:49Z,https://api.github.com/repos/BCStudentSoftwareDevTeam/celts/issues/756,https://github.com/BCStudentSoftwareDevTeam/celts/issues/756#issuecomment-1249514492
celts,1249517984,AndersonStettner,User,2022-09-16T15:41:22Z,2022-09-16T15:41:22Z,https://api.github.com/repos/BCStudentSoftwareDevTeam/celts/issues/757,https://github.com/BCStudentSoftwareDevTeam/celts/issues/757#issuecomment-1249517984
celts,1249523055,AndersonStettner,User,2022-09-16T15:46:40Z,2022-09-16T15:46:40Z,https://api.github.com/repos/BCStudentSoftwareDevTeam/celts/issues/758,https://github.com/BCStudentSoftwareDevTeam/celts/issues/758#issuecomment-1249523055
celts,1249611544,gastonjarju,User,2022-09-16T17:28:02Z,2022-09-16T17:28:02Z,https://api.github.com/repos/BCStudentSoftwareDevTeam/celts/issues/654,https://github.com/BCStudentSoftwareDevTeam/celts/issues/654#issuecomment-1249611544
celts,1249791227,zachneill,User,2022-09-16T20:39:34Z,2022-09-16T20:39:34Z,https://api.github.com/repos/BCStudentSoftwareDevTeam/celts/issues/761,https://github.com/BCStudentSoftwareDevTeam/celts/pull/761#issuecomment-1249791227
celts,1253857975,AndersonStettner,User,2022-09-21T15:16:33Z,2022-09-21T15:16:33Z,https://api.github.com/repos/BCStudentSoftwareDevTeam/celts/issues/764,https://github.com/BCStudentSoftwareDevTeam/celts/issues/764#issuecomment-1253857975
celts,1254191604,sreynit02,User,2022-09-21T20:25:13Z,2022-09-21T20:25:13Z,https://api.github.com/repos/BCStudentSoftwareDevTeam/celts/issues/759,https://github.com/BCStudentSoftwareDevTeam/celts/pull/759#issuecomment-1254191604
celts,1255126072,martinj2-dot,User,2022-09-22T14:40:01Z,2022-09-22T14:40:01Z,https://api.github.com/repos/BCStudentSoftwareDevTeam/celts/issues/759,https://github.com/BCStudentSoftwareDevTeam/celts/pull/759#issuecomment-1255126072
celts,1255281886,AndersonStettner,User,2022-09-22T16:39:36Z,2022-09-22T16:39:36Z,https://api.github.com/repos/BCStudentSoftwareDevTeam/celts/issues/765,https://github.com/BCStudentSoftwareDevTeam/celts/pull/765#issuecomment-1255281886
celts,1255284252,AndersonStettner,User,2022-09-22T16:41:55Z,2022-09-22T17:10:48Z,https://api.github.com/repos/BCStudentSoftwareDevTeam/celts/issues/765,https://github.com/BCStudentSoftwareDevTeam/celts/pull/765#issuecomment-1255284252
celts,1255517644,AndersonStettner,User,2022-09-22T20:30:41Z,2022-09-22T20:30:41Z,https://api.github.com/repos/BCStudentSoftwareDevTeam/celts/issues/765,https://github.com/BCStudentSoftwareDevTeam/celts/pull/765#issuecomment-1255517644
celts,1256599244,sreynit02,User,2022-09-23T19:32:01Z,2022-09-23T19:32:01Z,https://api.github.com/repos/BCStudentSoftwareDevTeam/celts/issues/765,https://github.com/BCStudentSoftwareDevTeam/celts/pull/765#issuecomment-1256599244
celts,1258310800,sreynit02,User,2022-09-26T16:29:14Z,2022-09-26T16:29:14Z,https://api.github.com/repos/BCStudentSoftwareDevTeam/celts/issues/765,https://github.com/BCStudentSoftwareDevTeam/celts/pull/765#issuecomment-1258310800
celts,1265618965,AndersonStettner,User,2022-10-03T15:13:36Z,2022-10-03T15:13:36Z,https://api.github.com/repos/BCStudentSoftwareDevTeam/celts/issues/771,https://github.com/BCStudentSoftwareDevTeam/celts/issues/771#issuecomment-1265618965
celts,1267497882,sreynit02,User,2022-10-04T19:44:25Z,2022-10-04T19:44:25Z,https://api.github.com/repos/BCStudentSoftwareDevTeam/celts/issues/750,https://github.com/BCStudentSoftwareDevTeam/celts/pull/750#issuecomment-1267497882
celts,1271609062,AndersonStettner,User,2022-10-07T13:40:12Z,2022-10-07T13:40:12Z,https://api.github.com/repos/BCStudentSoftwareDevTeam/celts/issues/774,https://github.com/BCStudentSoftwareDevTeam/celts/pull/774#issuecomment-1271609062
celts,1271671675,AndersonStettner,User,2022-10-07T14:28:49Z,2022-10-07T14:28:49Z,https://api.github.com/repos/BCStudentSoftwareDevTeam/celts/issues/773,https://github.com/BCStudentSoftwareDevTeam/celts/pull/773#issuecomment-1271671675
celts,1273541040,AndersonStettner,User,2022-10-10T16:11:12Z,2022-10-10T16:11:12Z,https://api.github.com/repos/BCStudentSoftwareDevTeam/celts/issues/778,https://github.com/BCStudentSoftwareDevTeam/celts/pull/778#issuecomment-1273541040
celts,1273541524,AndersonStettner,User,2022-10-10T16:11:38Z,2022-10-10T16:11:38Z,https://api.github.com/repos/BCStudentSoftwareDevTeam/celts/issues/769,https://github.com/BCStudentSoftwareDevTeam/celts/pull/769#issuecomment-1273541524
celts,1273541887,AndersonStettner,User,2022-10-10T16:11:58Z,2022-10-10T16:11:58Z,https://api.github.com/repos/BCStudentSoftwareDevTeam/celts/issues/773,https://github.com/BCStudentSoftwareDevTeam/celts/pull/773#issuecomment-1273541887
celts,1273543165,AndersonStettner,User,2022-10-10T16:13:05Z,2022-10-10T16:13:05Z,https://api.github.com/repos/BCStudentSoftwareDevTeam/celts/issues/737,https://github.com/BCStudentSoftwareDevTeam/celts/pull/737#issuecomment-1273543165
celts,1274691701,AndersonStettner,User,2022-10-11T13:31:24Z,2022-10-11T13:31:24Z,https://api.github.com/repos/BCStudentSoftwareDevTeam/celts/issues/780,https://github.com/BCStudentSoftwareDevTeam/celts/pull/780#issuecomment-1274691701
celts,1274691842,AndersonStettner,User,2022-10-11T13:31:30Z,2022-10-11T13:31:30Z,https://api.github.com/repos/BCStudentSoftwareDevTeam/celts/issues/779,https://github.com/BCStudentSoftwareDevTeam/celts/pull/779#issuecomment-1274691842
celts,1276285054,AndersonStettner,User,2022-10-12T14:34:31Z,2022-10-12T14:34:31Z,https://api.github.com/repos/BCStudentSoftwareDevTeam/celts/issues/782,https://github.com/BCStudentSoftwareDevTeam/celts/pull/782#issuecomment-1276285054
celts,1278046073,gahimbaref,User,2022-10-13T18:55:35Z,2022-10-13T18:55:35Z,https://api.github.com/repos/BCStudentSoftwareDevTeam/celts/issues/774,https://github.com/BCStudentSoftwareDevTeam/celts/pull/774#issuecomment-1278046073
celts,1281090919,AndersonStettner,User,2022-10-17T15:51:53Z,2022-10-17T15:51:53Z,https://api.github.com/repos/BCStudentSoftwareDevTeam/celts/issues/785,https://github.com/BCStudentSoftwareDevTeam/celts/issues/785#issuecomment-1281090919
celts,1281096718,AndersonStettner,User,2022-10-17T15:56:19Z,2022-10-17T15:56:19Z,https://api.github.com/repos/BCStudentSoftwareDevTeam/celts/issues/786,https://github.com/BCStudentSoftwareDevTeam/celts/issues/786#issuecomment-1281096718
celts,1281154188,AndersonStettner,User,2022-10-17T16:40:49Z,2022-10-17T16:40:49Z,https://api.github.com/repos/BCStudentSoftwareDevTeam/celts/issues/787,https://github.com/BCStudentSoftwareDevTeam/celts/pull/787#issuecomment-1281154188
celts,1281321706,AndersonStettner,User,2022-10-17T18:46:45Z,2022-10-17T18:46:45Z,https://api.github.com/repos/BCStudentSoftwareDevTeam/celts/issues/789,https://github.com/BCStudentSoftwareDevTeam/celts/issues/789#issuecomment-1281321706
celts,1282849366,AndersonStettner,User,2022-10-18T18:39:08Z,2022-10-18T18:39:08Z,https://api.github.com/repos/BCStudentSoftwareDevTeam/celts/issues/790,https://github.com/BCStudentSoftwareDevTeam/celts/pull/790#issuecomment-1282849366
celts,1282915470,zachneill,User,2022-10-18T19:42:00Z,2022-10-18T19:42:00Z,https://api.github.com/repos/BCStudentSoftwareDevTeam/celts/issues/778,https://github.com/BCStudentSoftwareDevTeam/celts/pull/778#issuecomment-1282915470
celts,1282947142,AndersonStettner,User,2022-10-18T20:12:11Z,2022-10-18T20:12:11Z,https://api.github.com/repos/BCStudentSoftwareDevTeam/celts/issues/778,https://github.com/BCStudentSoftwareDevTeam/celts/pull/778#issuecomment-1282947142
celts,1282949070,AndersonStettner,User,2022-10-18T20:13:52Z,2022-10-18T20:13:52Z,https://api.github.com/repos/BCStudentSoftwareDevTeam/celts/issues/778,https://github.com/BCStudentSoftwareDevTeam/celts/pull/778#issuecomment-1282949070
celts,1285681070,martinj2-dot,User,2022-10-20T14:50:42Z,2022-10-20T14:50:42Z,https://api.github.com/repos/BCStudentSoftwareDevTeam/celts/issues/786,https://github.com/BCStudentSoftwareDevTeam/celts/issues/786#issuecomment-1285681070
celts,1285739618,martinj2-dot,User,2022-10-20T15:23:59Z,2022-10-20T15:23:59Z,https://api.github.com/repos/BCStudentSoftwareDevTeam/celts/issues/789,https://github.com/BCStudentSoftwareDevTeam/celts/issues/789#issuecomment-1285739618
celts,1286110901,Karina-Agliullova,User,2022-10-20T20:31:55Z,2022-10-25T19:21:52Z,https://api.github.com/repos/BCStudentSoftwareDevTeam/celts/issues/643,https://github.com/BCStudentSoftwareDevTeam/celts/issues/643#issuecomment-1286110901
celts,1286155320,gahimbaref,User,2022-10-20T21:09:49Z,2022-10-20T21:09:49Z,https://api.github.com/repos/BCStudentSoftwareDevTeam/celts/issues/792,https://github.com/BCStudentSoftwareDevTeam/celts/issues/792#issuecomment-1286155320
celts,1286942585,AndersonStettner,User,2022-10-21T13:10:58Z,2022-10-21T13:10:58Z,https://api.github.com/repos/BCStudentSoftwareDevTeam/celts/issues/776,https://github.com/BCStudentSoftwareDevTeam/celts/issues/776#issuecomment-1286942585
celts,1289038232,AndersonStettner,User,2022-10-24T13:29:36Z,2022-10-24T13:29:36Z,https://api.github.com/repos/BCStudentSoftwareDevTeam/celts/issues/793,https://github.com/BCStudentSoftwareDevTeam/celts/pull/793#issuecomment-1289038232
celts,1289413837,thawpt,User,2022-10-24T18:18:31Z,2022-10-24T18:18:31Z,https://api.github.com/repos/BCStudentSoftwareDevTeam/celts/issues/773,https://github.com/BCStudentSoftwareDevTeam/celts/pull/773#issuecomment-1289413837
celts,1292363347,martinj2-dot,User,2022-10-26T17:19:36Z,2022-10-26T17:19:36Z,https://api.github.com/repos/BCStudentSoftwareDevTeam/celts/issues/759,https://github.com/BCStudentSoftwareDevTeam/celts/pull/759#issuecomment-1292363347
celts,1309193405,AndersonStettner,User,2022-11-09T18:30:18Z,2022-11-09T18:30:18Z,https://api.github.com/repos/BCStudentSoftwareDevTeam/celts/issues/796,https://github.com/BCStudentSoftwareDevTeam/celts/pull/796#issuecomment-1309193405
celts,1309269936,AndersonStettner,User,2022-11-09T19:43:27Z,2022-11-09T19:43:27Z,https://api.github.com/repos/BCStudentSoftwareDevTeam/celts/issues/795,https://github.com/BCStudentSoftwareDevTeam/celts/pull/795#issuecomment-1309269936
celts,1310939391,Karina-Agliullova,User,2022-11-10T21:41:10Z,2022-11-10T21:41:10Z,https://api.github.com/repos/BCStudentSoftwareDevTeam/celts/issues/778,https://github.com/BCStudentSoftwareDevTeam/celts/pull/778#issuecomment-1310939391
celts,1311831843,AndersonStettner,User,2022-11-11T15:33:07Z,2022-11-11T15:33:07Z,https://api.github.com/repos/BCStudentSoftwareDevTeam/celts/issues/797,https://github.com/BCStudentSoftwareDevTeam/celts/issues/797#issuecomment-1311831843
celts,1313964452,zachneill,User,2022-11-14T15:48:05Z,2022-11-14T15:48:05Z,https://api.github.com/repos/BCStudentSoftwareDevTeam/celts/issues/778,https://github.com/BCStudentSoftwareDevTeam/celts/pull/778#issuecomment-1313964452
celts,1313990201,AndersonStettner,User,2022-11-14T16:04:34Z,2022-11-14T16:04:34Z,https://api.github.com/repos/BCStudentSoftwareDevTeam/celts/issues/778,https://github.com/BCStudentSoftwareDevTeam/celts/pull/778#issuecomment-1313990201
celts,1319038092,AndersonStettner,User,2022-11-17T18:26:53Z,2022-11-17T18:26:53Z,https://api.github.com/repos/BCStudentSoftwareDevTeam/celts/issues/800,https://github.com/BCStudentSoftwareDevTeam/celts/pull/800#issuecomment-1319038092
celts,1319038312,AndersonStettner,User,2022-11-17T18:27:06Z,2022-11-17T18:27:06Z,https://api.github.com/repos/BCStudentSoftwareDevTeam/celts/issues/800,https://github.com/BCStudentSoftwareDevTeam/celts/pull/800#issuecomment-1319038312
celts,1319127855,AndersonStettner,User,2022-11-17T19:53:52Z,2022-11-17T19:53:52Z,https://api.github.com/repos/BCStudentSoftwareDevTeam/celts/issues/800,https://github.com/BCStudentSoftwareDevTeam/celts/pull/800#issuecomment-1319127855
celts,1319188651,qasema,User,2022-11-17T20:54:45Z,2022-11-17T20:54:45Z,https://api.github.com/repos/BCStudentSoftwareDevTeam/celts/issues/783,https://github.com/BCStudentSoftwareDevTeam/celts/pull/783#issuecomment-1319188651
celts,1332704355,AndersonStettner,User,2022-11-30T20:32:04Z,2022-11-30T20:32:04Z,https://api.github.com/repos/BCStudentSoftwareDevTeam/celts/issues/804,https://github.com/BCStudentSoftwareDevTeam/celts/issues/804#issuecomment-1332704355
celts,1334308323,AndersonStettner,User,2022-12-01T19:48:45Z,2022-12-01T19:48:45Z,https://api.github.com/repos/BCStudentSoftwareDevTeam/celts/issues/803,https://github.com/BCStudentSoftwareDevTeam/celts/pull/803#issuecomment-1334308323
celts,1337683951,AndersonStettner,User,2022-12-05T16:35:40Z,2022-12-05T16:35:40Z,https://api.github.com/repos/BCStudentSoftwareDevTeam/celts/issues/807,https://github.com/BCStudentSoftwareDevTeam/celts/pull/807#issuecomment-1337683951
celts,1337796783,zachneill,User,2022-12-05T17:31:49Z,2022-12-05T17:31:49Z,https://api.github.com/repos/BCStudentSoftwareDevTeam/celts/issues/798,https://github.com/BCStudentSoftwareDevTeam/celts/pull/798#issuecomment-1337796783
celts,1338253994,sreynit02,User,2022-12-05T22:17:43Z,2022-12-05T22:17:43Z,https://api.github.com/repos/BCStudentSoftwareDevTeam/celts/issues/802,https://github.com/BCStudentSoftwareDevTeam/celts/pull/802#issuecomment-1338253994
celts,1344433697,AndersonStettner,User,2022-12-09T15:17:58Z,2022-12-09T15:17:58Z,https://api.github.com/repos/BCStudentSoftwareDevTeam/celts/issues/809,https://github.com/BCStudentSoftwareDevTeam/celts/issues/809#issuecomment-1344433697
celts,1344440619,AndersonStettner,User,2022-12-09T15:23:32Z,2022-12-09T15:23:32Z,https://api.github.com/repos/BCStudentSoftwareDevTeam/celts/issues/810,https://github.com/BCStudentSoftwareDevTeam/celts/issues/810#issuecomment-1344440619
celts,1344443276,AndersonStettner,User,2022-12-09T15:26:09Z,2022-12-09T15:26:09Z,https://api.github.com/repos/BCStudentSoftwareDevTeam/celts/issues/811,https://github.com/BCStudentSoftwareDevTeam/celts/issues/811#issuecomment-1344443276
celts,1344452245,AndersonStettner,User,2022-12-09T15:34:48Z,2022-12-09T15:34:48Z,https://api.github.com/repos/BCStudentSoftwareDevTeam/celts/issues/812,https://github.com/BCStudentSoftwareDevTeam/celts/issues/812#issuecomment-1344452245
celts,1344453406,AndersonStettner,User,2022-12-09T15:36:00Z,2022-12-09T15:36:00Z,https://api.github.com/repos/BCStudentSoftwareDevTeam/celts/issues/813,https://github.com/BCStudentSoftwareDevTeam/celts/issues/813#issuecomment-1344453406
celts,1344459353,AndersonStettner,User,2022-12-09T15:41:57Z,2022-12-09T15:41:57Z,https://api.github.com/repos/BCStudentSoftwareDevTeam/celts/issues/814,https://github.com/BCStudentSoftwareDevTeam/celts/issues/814#issuecomment-1344459353
celts,1348652872,AndersonStettner,User,2022-12-13T14:12:46Z,2022-12-13T14:12:46Z,https://api.github.com/repos/BCStudentSoftwareDevTeam/celts/issues/815,https://github.com/BCStudentSoftwareDevTeam/celts/pull/815#issuecomment-1348652872
celts,1348684385,AndersonStettner,User,2022-12-13T14:27:58Z,2022-12-13T14:27:58Z,https://api.github.com/repos/BCStudentSoftwareDevTeam/celts/issues/768,https://github.com/BCStudentSoftwareDevTeam/celts/issues/768#issuecomment-1348684385
celts,1348684777,AndersonStettner,User,2022-12-13T14:28:15Z,2022-12-13T14:28:15Z,https://api.github.com/repos/BCStudentSoftwareDevTeam/celts/issues/803,https://github.com/BCStudentSoftwareDevTeam/celts/pull/803#issuecomment-1348684777
celts,1351600747,AndersonStettner,User,2022-12-14T15:13:03Z,2022-12-14T15:13:03Z,https://api.github.com/repos/BCStudentSoftwareDevTeam/celts/issues/816,https://github.com/BCStudentSoftwareDevTeam/celts/pull/816#issuecomment-1351600747
celts,1351771312,AndersonStettner,User,2022-12-14T16:59:04Z,2022-12-14T16:59:04Z,https://api.github.com/repos/BCStudentSoftwareDevTeam/celts/issues/799,https://github.com/BCStudentSoftwareDevTeam/celts/issues/799#issuecomment-1351771312
celts,1372529953,AndersonStettner,User,2023-01-05T17:41:15Z,2023-01-05T17:41:15Z,https://api.github.com/repos/BCStudentSoftwareDevTeam/celts/issues/778,https://github.com/BCStudentSoftwareDevTeam/celts/pull/778#issuecomment-1372529953
celts,1372530149,AndersonStettner,User,2023-01-05T17:41:27Z,2023-01-05T17:41:27Z,https://api.github.com/repos/BCStudentSoftwareDevTeam/celts/issues/816,https://github.com/BCStudentSoftwareDevTeam/celts/pull/816#issuecomment-1372530149
celts,1372530288,AndersonStettner,User,2023-01-05T17:41:36Z,2023-01-05T17:41:36Z,https://api.github.com/repos/BCStudentSoftwareDevTeam/celts/issues/815,https://github.com/BCStudentSoftwareDevTeam/celts/pull/815#issuecomment-1372530288
celts,1372530528,AndersonStettner,User,2023-01-05T17:41:50Z,2023-01-05T17:41:50Z,https://api.github.com/repos/BCStudentSoftwareDevTeam/celts/issues/802,https://github.com/BCStudentSoftwareDevTeam/celts/pull/802#issuecomment-1372530528
celts,1372530703,AndersonStettner,User,2023-01-05T17:42:00Z,2023-01-05T17:42:00Z,https://api.github.com/repos/BCStudentSoftwareDevTeam/celts/issues/798,https://github.com/BCStudentSoftwareDevTeam/celts/pull/798#issuecomment-1372530703
celts,1372530997,AndersonStettner,User,2023-01-05T17:42:16Z,2023-01-05T17:42:16Z,https://api.github.com/repos/BCStudentSoftwareDevTeam/celts/issues/772,https://github.com/BCStudentSoftwareDevTeam/celts/pull/772#issuecomment-1372530997
celts,1373906383,AndersonStettner,User,2023-01-06T17:10:33Z,2023-01-06T17:10:33Z,https://api.github.com/repos/BCStudentSoftwareDevTeam/celts/issues/820,https://github.com/BCStudentSoftwareDevTeam/celts/issues/820#issuecomment-1373906383
celts,1398837022,sreynit02,User,2023-01-20T19:27:53Z,2023-01-20T19:27:53Z,https://api.github.com/repos/BCStudentSoftwareDevTeam/celts/issues/815,https://github.com/BCStudentSoftwareDevTeam/celts/pull/815#issuecomment-1398837022
celts,1398838927,sreynit02,User,2023-01-20T19:30:03Z,2023-01-20T19:30:03Z,https://api.github.com/repos/BCStudentSoftwareDevTeam/celts/issues/802,https://github.com/BCStudentSoftwareDevTeam/celts/pull/802#issuecomment-1398838927
celts,1414401692,gahimbaref,User,2023-02-02T21:32:26Z,2023-02-02T21:32:26Z,https://api.github.com/repos/BCStudentSoftwareDevTeam/celts/issues/829,https://github.com/BCStudentSoftwareDevTeam/celts/issues/829#issuecomment-1414401692
celts,1424462666,AndersonStettner,User,2023-02-09T16:23:25Z,2023-02-09T16:23:25Z,https://api.github.com/repos/BCStudentSoftwareDevTeam/celts/issues/837,https://github.com/BCStudentSoftwareDevTeam/celts/issues/837#issuecomment-1424462666
celts,1424588475,AndersonStettner,User,2023-02-09T17:52:43Z,2023-02-09T17:52:43Z,https://api.github.com/repos/BCStudentSoftwareDevTeam/celts/issues/839,https://github.com/BCStudentSoftwareDevTeam/celts/pull/839#issuecomment-1424588475
celts,1426283101,AndersonStettner,User,2023-02-10T20:08:15Z,2023-02-10T20:08:15Z,https://api.github.com/repos/BCStudentSoftwareDevTeam/celts/issues/840,https://github.com/BCStudentSoftwareDevTeam/celts/issues/840#issuecomment-1426283101
celts,1437520099,qasema,User,2023-02-20T20:37:40Z,2023-02-20T20:37:40Z,https://api.github.com/repos/BCStudentSoftwareDevTeam/celts/issues/839,https://github.com/BCStudentSoftwareDevTeam/celts/pull/839#issuecomment-1437520099
celts,1437522814,qasema,User,2023-02-20T20:42:48Z,2023-02-20T20:43:41Z,https://api.github.com/repos/BCStudentSoftwareDevTeam/celts/issues/839,https://github.com/BCStudentSoftwareDevTeam/celts/pull/839#issuecomment-1437522814
celts,1439063608,qasema,User,2023-02-21T20:39:29Z,2023-02-21T20:39:29Z,https://api.github.com/repos/BCStudentSoftwareDevTeam/celts/issues/839,https://github.com/BCStudentSoftwareDevTeam/celts/pull/839#issuecomment-1439063608
celts,1440393373,bledsoef,User,2023-02-22T16:40:30Z,2023-02-22T16:40:30Z,https://api.github.com/repos/BCStudentSoftwareDevTeam/celts/issues/832,https://github.com/BCStudentSoftwareDevTeam/celts/issues/832#issuecomment-1440393373
celts,1440731928,AndersonStettner,User,2023-02-22T20:07:37Z,2023-02-22T20:07:37Z,https://api.github.com/repos/BCStudentSoftwareDevTeam/celts/issues/832,https://github.com/BCStudentSoftwareDevTeam/celts/issues/832#issuecomment-1440731928
celts,1440847053,qasema,User,2023-02-22T21:46:54Z,2023-02-22T21:46:54Z,https://api.github.com/repos/BCStudentSoftwareDevTeam/celts/issues/833,https://github.com/BCStudentSoftwareDevTeam/celts/pull/833#issuecomment-1440847053
celts,1444081576,AndersonStettner,User,2023-02-24T17:25:12Z,2023-02-24T17:25:12Z,https://api.github.com/repos/BCStudentSoftwareDevTeam/celts/issues/844,https://github.com/BCStudentSoftwareDevTeam/celts/pull/844#issuecomment-1444081576
celts,1447111250,AndersonStettner,User,2023-02-27T21:23:10Z,2023-02-27T21:23:10Z,https://api.github.com/repos/BCStudentSoftwareDevTeam/celts/issues/845,https://github.com/BCStudentSoftwareDevTeam/celts/issues/845#issuecomment-1447111250
celts,1450224585,bledsoef,User,2023-03-01T14:16:19Z,2023-03-01T14:16:19Z,https://api.github.com/repos/BCStudentSoftwareDevTeam/celts/issues/835,https://github.com/BCStudentSoftwareDevTeam/celts/pull/835#issuecomment-1450224585
celts,1450227454,bledsoef,User,2023-03-01T14:18:16Z,2023-03-01T14:32:46Z,https://api.github.com/repos/BCStudentSoftwareDevTeam/celts/issues/835,https://github.com/BCStudentSoftwareDevTeam/celts/pull/835#issuecomment-1450227454
celts,1450288720,AndersonStettner,User,2023-03-01T14:58:16Z,2023-03-01T14:58:16Z,https://api.github.com/repos/BCStudentSoftwareDevTeam/celts/issues/835,https://github.com/BCStudentSoftwareDevTeam/celts/pull/835#issuecomment-1450288720
celts,1450822166,Karina-Agliullova,User,2023-03-01T20:46:32Z,2023-03-01T20:46:32Z,https://api.github.com/repos/BCStudentSoftwareDevTeam/celts/issues/835,https://github.com/BCStudentSoftwareDevTeam/celts/pull/835#issuecomment-1450822166
celts,1453647148,AndersonStettner,User,2023-03-03T14:52:52Z,2023-03-03T14:52:52Z,https://api.github.com/repos/BCStudentSoftwareDevTeam/celts/issues/830,https://github.com/BCStudentSoftwareDevTeam/celts/issues/830#issuecomment-1453647148
celts,1453648474,AndersonStettner,User,2023-03-03T14:53:25Z,2023-03-03T14:53:25Z,https://api.github.com/repos/BCStudentSoftwareDevTeam/celts/issues/847,https://github.com/BCStudentSoftwareDevTeam/celts/pull/847#issuecomment-1453648474
celts,1454154473,sreynit02,User,2023-03-03T21:30:51Z,2023-03-03T21:30:51Z,https://api.github.com/repos/BCStudentSoftwareDevTeam/celts/issues/846,https://github.com/BCStudentSoftwareDevTeam/celts/pull/846#issuecomment-1454154473
celts,1460511254,AndersonStettner,User,2023-03-08T17:04:57Z,2023-03-08T17:04:57Z,https://api.github.com/repos/BCStudentSoftwareDevTeam/celts/issues/849,https://github.com/BCStudentSoftwareDevTeam/celts/pull/849#issuecomment-1460511254
celts,1468722741,tylerpar99,User,2023-03-14T19:43:37Z,2023-03-14T19:43:37Z,https://api.github.com/repos/BCStudentSoftwareDevTeam/celts/issues/835,https://github.com/BCStudentSoftwareDevTeam/celts/pull/835#issuecomment-1468722741
celts,1470672329,tylerpar99,User,2023-03-15T19:20:42Z,2023-03-15T19:20:42Z,https://api.github.com/repos/BCStudentSoftwareDevTeam/celts/issues/847,https://github.com/BCStudentSoftwareDevTeam/celts/pull/847#issuecomment-1470672329
celts,1470758700,tylerpar99,User,2023-03-15T20:01:37Z,2023-03-15T20:01:37Z,https://api.github.com/repos/BCStudentSoftwareDevTeam/celts/issues/849,https://github.com/BCStudentSoftwareDevTeam/celts/pull/849#issuecomment-1470758700
celts,1470795369,tylerpar99,User,2023-03-15T20:28:43Z,2023-03-15T20:28:43Z,https://api.github.com/repos/BCStudentSoftwareDevTeam/celts/issues/846,https://github.com/BCStudentSoftwareDevTeam/celts/pull/846#issuecomment-1470795369
celts,1472649703,nartehi,User,2023-03-16T19:51:18Z,2023-03-16T19:51:18Z,https://api.github.com/repos/BCStudentSoftwareDevTeam/celts/issues/810,https://github.com/BCStudentSoftwareDevTeam/celts/issues/810#issuecomment-1472649703
celts,1476836437,thawpt,User,2023-03-20T19:46:23Z,2023-03-20T19:46:23Z,https://api.github.com/repos/BCStudentSoftwareDevTeam/celts/issues/833,https://github.com/BCStudentSoftwareDevTeam/celts/pull/833#issuecomment-1476836437
celts,1483352907,AndersonStettner,User,2023-03-24T20:11:22Z,2023-03-24T20:11:22Z,https://api.github.com/repos/BCStudentSoftwareDevTeam/celts/issues/854,https://github.com/BCStudentSoftwareDevTeam/celts/issues/854#issuecomment-1483352907
celts,1483355306,AndersonStettner,User,2023-03-24T20:13:38Z,2023-03-24T20:13:38Z,https://api.github.com/repos/BCStudentSoftwareDevTeam/celts/issues/828,https://github.com/BCStudentSoftwareDevTeam/celts/issues/828#issuecomment-1483355306
celts,1483355828,AndersonStettner,User,2023-03-24T20:14:04Z,2023-03-24T20:14:04Z,https://api.github.com/repos/BCStudentSoftwareDevTeam/celts/issues/831,https://github.com/BCStudentSoftwareDevTeam/celts/issues/831#issuecomment-1483355828
celts,1483357051,AndersonStettner,User,2023-03-24T20:15:07Z,2023-03-24T20:15:07Z,https://api.github.com/repos/BCStudentSoftwareDevTeam/celts/issues/850,https://github.com/BCStudentSoftwareDevTeam/celts/pull/850#issuecomment-1483357051
celts,1483357273,AndersonStettner,User,2023-03-24T20:15:19Z,2023-03-24T20:15:19Z,https://api.github.com/repos/BCStudentSoftwareDevTeam/celts/issues/827,https://github.com/BCStudentSoftwareDevTeam/celts/issues/827#issuecomment-1483357273
celts,1488474327,AndersonStettner,User,2023-03-29T12:03:18Z,2023-03-29T12:03:18Z,https://api.github.com/repos/BCStudentSoftwareDevTeam/celts/issues/856,https://github.com/BCStudentSoftwareDevTeam/celts/issues/856#issuecomment-1488474327
celts,1488492482,AndersonStettner,User,2023-03-29T12:15:34Z,2023-03-29T12:15:34Z,https://api.github.com/repos/BCStudentSoftwareDevTeam/celts/issues/857,https://github.com/BCStudentSoftwareDevTeam/celts/issues/857#issuecomment-1488492482
celts,1488493572,AndersonStettner,User,2023-03-29T12:16:20Z,2023-03-29T12:16:20Z,https://api.github.com/repos/BCStudentSoftwareDevTeam/celts/issues/858,https://github.com/BCStudentSoftwareDevTeam/celts/issues/858#issuecomment-1488493572
celts,1488504051,AndersonStettner,User,2023-03-29T12:22:53Z,2023-03-29T12:22:53Z,https://api.github.com/repos/BCStudentSoftwareDevTeam/celts/issues/859,https://github.com/BCStudentSoftwareDevTeam/celts/issues/859#issuecomment-1488504051
celts,1488830722,sreynit02,User,2023-03-29T15:19:49Z,2023-03-29T15:19:49Z,https://api.github.com/repos/BCStudentSoftwareDevTeam/celts/issues/855,https://github.com/BCStudentSoftwareDevTeam/celts/pull/855#issuecomment-1488830722
celts,1498002963,qasema,User,2023-04-05T19:24:48Z,2023-04-05T19:24:48Z,https://api.github.com/repos/BCStudentSoftwareDevTeam/celts/issues/835,https://github.com/BCStudentSoftwareDevTeam/celts/pull/835#issuecomment-1498002963
celts,1498052768,qasema,User,2023-04-05T20:03:58Z,2023-04-05T20:03:58Z,https://api.github.com/repos/BCStudentSoftwareDevTeam/celts/issues/849,https://github.com/BCStudentSoftwareDevTeam/celts/pull/849#issuecomment-1498052768
celts,1505817380,Karina-Agliullova,User,2023-04-12T19:34:14Z,2023-04-12T19:34:14Z,https://api.github.com/repos/BCStudentSoftwareDevTeam/celts/issues/846,https://github.com/BCStudentSoftwareDevTeam/celts/pull/846#issuecomment-1505817380
celts,1509075873,Karina-Agliullova,User,2023-04-14T18:45:54Z,2023-04-14T18:45:54Z,https://api.github.com/repos/BCStudentSoftwareDevTeam/celts/issues/849,https://github.com/BCStudentSoftwareDevTeam/celts/pull/849#issuecomment-1509075873
celts,1511407597,tylerpar99,User,2023-04-17T13:58:36Z,2023-04-17T13:58:36Z,https://api.github.com/repos/BCStudentSoftwareDevTeam/celts/issues/775,https://github.com/BCStudentSoftwareDevTeam/celts/pull/775#issuecomment-1511407597
celts,1511931251,tylerpar99,User,2023-04-17T19:02:58Z,2023-04-17T19:02:58Z,https://api.github.com/repos/BCStudentSoftwareDevTeam/celts/issues/826,https://github.com/BCStudentSoftwareDevTeam/celts/pull/826#issuecomment-1511931251
celts,1511944076,tylerpar99,User,2023-04-17T19:12:01Z,2023-04-17T19:12:01Z,https://api.github.com/repos/BCStudentSoftwareDevTeam/celts/issues/826,https://github.com/BCStudentSoftwareDevTeam/celts/pull/826#issuecomment-1511944076
celts,1511953189,tylerpar99,User,2023-04-17T19:18:11Z,2023-04-17T19:18:11Z,https://api.github.com/repos/BCStudentSoftwareDevTeam/celts/issues/835,https://github.com/BCStudentSoftwareDevTeam/celts/pull/835#issuecomment-1511953189
celts,1513349691,tylerpar99,User,2023-04-18T15:20:06Z,2023-04-18T15:20:06Z,https://api.github.com/repos/BCStudentSoftwareDevTeam/celts/issues/863,https://github.com/BCStudentSoftwareDevTeam/celts/pull/863#issuecomment-1513349691
celts,1515280564,tylerpar99,User,2023-04-19T19:41:44Z,2023-04-19T19:41:44Z,https://api.github.com/repos/BCStudentSoftwareDevTeam/celts/issues/826,https://github.com/BCStudentSoftwareDevTeam/celts/pull/826#issuecomment-1515280564
celts,1520608995,AndersonStettner,User,2023-04-24T18:06:09Z,2023-04-24T18:06:09Z,https://api.github.com/repos/BCStudentSoftwareDevTeam/celts/issues/863,https://github.com/BCStudentSoftwareDevTeam/celts/pull/863#issuecomment-1520608995
celts,1520609836,AndersonStettner,User,2023-04-24T18:06:44Z,2023-04-24T18:06:44Z,https://api.github.com/repos/BCStudentSoftwareDevTeam/celts/issues/863,https://github.com/BCStudentSoftwareDevTeam/celts/pull/863#issuecomment-1520609836
celts,1520799021,qasema,User,2023-04-24T20:41:54Z,2023-04-24T20:41:54Z,https://api.github.com/repos/BCStudentSoftwareDevTeam/celts/issues/865,https://github.com/BCStudentSoftwareDevTeam/celts/pull/865#issuecomment-1520799021
celts,1520800848,qasema,User,2023-04-24T20:43:43Z,2023-04-24T20:43:43Z,https://api.github.com/repos/BCStudentSoftwareDevTeam/celts/issues/835,https://github.com/BCStudentSoftwareDevTeam/celts/pull/835#issuecomment-1520800848
celts,1520804647,qasema,User,2023-04-24T20:47:37Z,2023-04-24T20:47:37Z,https://api.github.com/repos/BCStudentSoftwareDevTeam/celts/issues/865,https://github.com/BCStudentSoftwareDevTeam/celts/pull/865#issuecomment-1520804647
celts,1523968458,sreynit02,User,2023-04-26T19:56:27Z,2023-04-26T19:56:27Z,https://api.github.com/repos/BCStudentSoftwareDevTeam/celts/issues/846,https://github.com/BCStudentSoftwareDevTeam/celts/pull/846#issuecomment-1523968458
celts,1533590326,sreynit02,User,2023-05-03T19:29:22Z,2023-05-03T19:29:22Z,https://api.github.com/repos/BCStudentSoftwareDevTeam/celts/issues/846,https://github.com/BCStudentSoftwareDevTeam/celts/pull/846#issuecomment-1533590326
celts,1542251588,AndersonStettner,User,2023-05-10T13:48:59Z,2023-05-10T13:48:59Z,https://api.github.com/repos/BCStudentSoftwareDevTeam/celts/issues/879,https://github.com/BCStudentSoftwareDevTeam/celts/pull/879#issuecomment-1542251588
celts,1542253702,AndersonStettner,User,2023-05-10T13:50:25Z,2023-05-10T13:50:25Z,https://api.github.com/repos/BCStudentSoftwareDevTeam/celts/issues/879,https://github.com/BCStudentSoftwareDevTeam/celts/pull/879#issuecomment-1542253702
celts,1542262510,AndersonStettner,User,2023-05-10T13:56:28Z,2023-05-10T13:56:28Z,https://api.github.com/repos/BCStudentSoftwareDevTeam/celts/issues/835,https://github.com/BCStudentSoftwareDevTeam/celts/pull/835#issuecomment-1542262510
celts,1542273007,AndersonStettner,User,2023-05-10T14:02:33Z,2023-05-10T14:02:33Z,https://api.github.com/repos/BCStudentSoftwareDevTeam/celts/issues/813,https://github.com/BCStudentSoftwareDevTeam/celts/issues/813#issuecomment-1542273007
celts,1542290802,AndersonStettner,User,2023-05-10T14:14:04Z,2023-05-10T14:14:04Z,https://api.github.com/repos/BCStudentSoftwareDevTeam/celts/issues/880,https://github.com/BCStudentSoftwareDevTeam/celts/pull/880#issuecomment-1542290802
celts,1542295314,AndersonStettner,User,2023-05-10T14:17:30Z,2023-05-10T14:17:30Z,https://api.github.com/repos/BCStudentSoftwareDevTeam/celts/issues/881,https://github.com/BCStudentSoftwareDevTeam/celts/pull/881#issuecomment-1542295314
celts,1545886040,AndersonStettner,User,2023-05-12T15:03:19Z,2023-05-12T15:03:19Z,https://api.github.com/repos/BCStudentSoftwareDevTeam/celts/issues/884,https://github.com/BCStudentSoftwareDevTeam/celts/issues/884#issuecomment-1545886040
celts,1547964266,AndersonStettner,User,2023-05-15T14:18:06Z,2023-05-15T14:18:06Z,https://api.github.com/repos/BCStudentSoftwareDevTeam/celts/issues/885,https://github.com/BCStudentSoftwareDevTeam/celts/pull/885#issuecomment-1547964266
celts,1553174186,AndersonStettner,User,2023-05-18T14:45:34Z,2023-05-18T14:45:34Z,https://api.github.com/repos/BCStudentSoftwareDevTeam/celts/issues/886,https://github.com/BCStudentSoftwareDevTeam/celts/issues/886#issuecomment-1553174186
celts,1553183723,AndersonStettner,User,2023-05-18T14:52:44Z,2023-05-18T14:52:44Z,https://api.github.com/repos/BCStudentSoftwareDevTeam/celts/issues/887,https://github.com/BCStudentSoftwareDevTeam/celts/issues/887#issuecomment-1553183723
celts,1553190134,AndersonStettner,User,2023-05-18T14:57:22Z,2023-05-18T14:57:22Z,https://api.github.com/repos/BCStudentSoftwareDevTeam/celts/issues/888,https://github.com/BCStudentSoftwareDevTeam/celts/issues/888#issuecomment-1553190134
celts,1553193391,AndersonStettner,User,2023-05-18T14:59:31Z,2023-05-18T14:59:31Z,https://api.github.com/repos/BCStudentSoftwareDevTeam/celts/issues/889,https://github.com/BCStudentSoftwareDevTeam/celts/issues/889#issuecomment-1553193391
celts,1553199606,AndersonStettner,User,2023-05-18T15:03:27Z,2023-05-18T15:03:27Z,https://api.github.com/repos/BCStudentSoftwareDevTeam/celts/issues/890,https://github.com/BCStudentSoftwareDevTeam/celts/issues/890#issuecomment-1553199606
celts,1553207899,AndersonStettner,User,2023-05-18T15:08:46Z,2023-05-18T15:08:46Z,https://api.github.com/repos/BCStudentSoftwareDevTeam/celts/issues/891,https://github.com/BCStudentSoftwareDevTeam/celts/issues/891#issuecomment-1553207899
celts,1553212815,AndersonStettner,User,2023-05-18T15:12:22Z,2023-05-18T15:12:22Z,https://api.github.com/repos/BCStudentSoftwareDevTeam/celts/issues/892,https://github.com/BCStudentSoftwareDevTeam/celts/issues/892#issuecomment-1553212815
celts,1553214596,AndersonStettner,User,2023-05-18T15:13:43Z,2023-05-18T15:13:43Z,https://api.github.com/repos/BCStudentSoftwareDevTeam/celts/issues/893,https://github.com/BCStudentSoftwareDevTeam/celts/issues/893#issuecomment-1553214596
celts,1553216197,AndersonStettner,User,2023-05-18T15:14:56Z,2023-05-18T15:14:56Z,https://api.github.com/repos/BCStudentSoftwareDevTeam/celts/issues/894,https://github.com/BCStudentSoftwareDevTeam/celts/issues/894#issuecomment-1553216197
celts,1553221836,AndersonStettner,User,2023-05-18T15:19:24Z,2023-05-18T15:19:24Z,https://api.github.com/repos/BCStudentSoftwareDevTeam/celts/issues/895,https://github.com/BCStudentSoftwareDevTeam/celts/issues/895#issuecomment-1553221836
celts,1553225226,AndersonStettner,User,2023-05-18T15:21:59Z,2023-05-18T15:21:59Z,https://api.github.com/repos/BCStudentSoftwareDevTeam/celts/issues/896,https://github.com/BCStudentSoftwareDevTeam/celts/issues/896#issuecomment-1553225226
celts,1553226960,AndersonStettner,User,2023-05-18T15:23:16Z,2023-05-18T15:23:16Z,https://api.github.com/repos/BCStudentSoftwareDevTeam/celts/issues/897,https://github.com/BCStudentSoftwareDevTeam/celts/issues/897#issuecomment-1553226960
celts,1553229400,AndersonStettner,User,2023-05-18T15:25:04Z,2023-05-18T15:25:04Z,https://api.github.com/repos/BCStudentSoftwareDevTeam/celts/issues/898,https://github.com/BCStudentSoftwareDevTeam/celts/issues/898#issuecomment-1553229400
celts,1553241128,AndersonStettner,User,2023-05-18T15:34:23Z,2023-05-18T15:34:23Z,https://api.github.com/repos/BCStudentSoftwareDevTeam/celts/issues/899,https://github.com/BCStudentSoftwareDevTeam/celts/issues/899#issuecomment-1553241128
celts,1553301345,AndersonStettner,User,2023-05-18T16:21:19Z,2023-05-18T16:21:19Z,https://api.github.com/repos/BCStudentSoftwareDevTeam/celts/issues/900,https://github.com/BCStudentSoftwareDevTeam/celts/issues/900#issuecomment-1553301345
celts,1553305376,AndersonStettner,User,2023-05-18T16:23:11Z,2023-05-18T16:23:11Z,https://api.github.com/repos/BCStudentSoftwareDevTeam/celts/issues/901,https://github.com/BCStudentSoftwareDevTeam/celts/issues/901#issuecomment-1553305376
celts,1553326324,AndersonStettner,User,2023-05-18T16:41:27Z,2023-05-18T16:41:27Z,https://api.github.com/repos/BCStudentSoftwareDevTeam/celts/issues/902,https://github.com/BCStudentSoftwareDevTeam/celts/issues/902#issuecomment-1553326324
celts,1554698025,ananyabhat29,User,2023-05-19T14:43:10Z,2023-05-19T14:43:10Z,https://api.github.com/repos/BCStudentSoftwareDevTeam/celts/issues/893,https://github.com/BCStudentSoftwareDevTeam/celts/issues/893#issuecomment-1554698025
celts,1554714247,AndersonStettner,User,2023-05-19T14:55:50Z,2023-05-19T14:55:50Z,https://api.github.com/repos/BCStudentSoftwareDevTeam/celts/issues/893,https://github.com/BCStudentSoftwareDevTeam/celts/issues/893#issuecomment-1554714247
celts,1554734847,chandansgowda,User,2023-05-19T15:11:07Z,2023-05-19T15:11:07Z,https://api.github.com/repos/BCStudentSoftwareDevTeam/celts/issues/893,https://github.com/BCStudentSoftwareDevTeam/celts/issues/893#issuecomment-1554734847
celts,1568549959,AndersonStettner,User,2023-05-30T14:36:32Z,2023-05-30T14:36:32Z,https://api.github.com/repos/BCStudentSoftwareDevTeam/celts/issues/907,https://github.com/BCStudentSoftwareDevTeam/celts/issues/907#issuecomment-1568549959
celts,1568712883,AndersonStettner,User,2023-05-30T16:14:47Z,2023-05-30T16:14:47Z,https://api.github.com/repos/BCStudentSoftwareDevTeam/celts/issues/908,https://github.com/BCStudentSoftwareDevTeam/celts/issues/908#issuecomment-1568712883
celts,1587947844,AndersonStettner,User,2023-06-12T19:27:48Z,2023-06-12T19:27:48Z,https://api.github.com/repos/BCStudentSoftwareDevTeam/celts/issues/915,https://github.com/BCStudentSoftwareDevTeam/celts/issues/915#issuecomment-1587947844
celts,1587948390,AndersonStettner,User,2023-06-12T19:28:17Z,2023-06-12T19:28:17Z,https://api.github.com/repos/BCStudentSoftwareDevTeam/celts/issues/916,https://github.com/BCStudentSoftwareDevTeam/celts/issues/916#issuecomment-1587948390
celts,1588036859,AndersonStettner,User,2023-06-12T20:23:28Z,2023-06-12T20:23:28Z,https://api.github.com/repos/BCStudentSoftwareDevTeam/celts/issues/919,https://github.com/BCStudentSoftwareDevTeam/celts/issues/919#issuecomment-1588036859
celts,1590022949,hoerstl,User,2023-06-13T21:02:59Z,2023-06-13T21:02:59Z,https://api.github.com/repos/BCStudentSoftwareDevTeam/celts/issues/898,https://github.com/BCStudentSoftwareDevTeam/celts/issues/898#issuecomment-1590022949
celts,1590024135,hoerstl,User,2023-06-13T21:03:49Z,2023-06-13T21:03:49Z,https://api.github.com/repos/BCStudentSoftwareDevTeam/celts/issues/898,https://github.com/BCStudentSoftwareDevTeam/celts/issues/898#issuecomment-1590024135
celts,1591919410,AndersonStettner,User,2023-06-14T20:19:43Z,2023-06-14T20:19:43Z,https://api.github.com/repos/BCStudentSoftwareDevTeam/celts/issues/933,https://github.com/BCStudentSoftwareDevTeam/celts/issues/933#issuecomment-1591919410
celts,1593187393,hoerstl,User,2023-06-15T14:34:20Z,2023-06-15T14:34:20Z,https://api.github.com/repos/BCStudentSoftwareDevTeam/celts/issues/934,https://github.com/BCStudentSoftwareDevTeam/celts/pull/934#issuecomment-1593187393
celts,1594843247,AndersonStettner,User,2023-06-16T15:05:37Z,2023-06-16T15:05:37Z,https://api.github.com/repos/BCStudentSoftwareDevTeam/celts/issues/926,https://github.com/BCStudentSoftwareDevTeam/celts/pull/926#issuecomment-1594843247
celts,1595017538,AndersonStettner,User,2023-06-16T17:31:49Z,2023-06-16T17:31:49Z,https://api.github.com/repos/BCStudentSoftwareDevTeam/celts/issues/941,https://github.com/BCStudentSoftwareDevTeam/celts/issues/941#issuecomment-1595017538
celts,1595021471,AndersonStettner,User,2023-06-16T17:35:42Z,2023-06-16T17:35:42Z,https://api.github.com/repos/BCStudentSoftwareDevTeam/celts/issues/942,https://github.com/BCStudentSoftwareDevTeam/celts/issues/942#issuecomment-1595021471
celts,1595173813,AndersonStettner,User,2023-06-16T19:15:42Z,2023-06-16T19:15:42Z,https://api.github.com/repos/BCStudentSoftwareDevTeam/celts/issues/944,https://github.com/BCStudentSoftwareDevTeam/celts/issues/944#issuecomment-1595173813
celts,1595174884,AndersonStettner,User,2023-06-16T19:16:06Z,2023-06-16T19:16:06Z,https://api.github.com/repos/BCStudentSoftwareDevTeam/celts/issues/943,https://github.com/BCStudentSoftwareDevTeam/celts/issues/943#issuecomment-1595174884
celts,1595316394,hoerstl,User,2023-06-16T21:02:45Z,2023-06-16T21:02:45Z,https://api.github.com/repos/BCStudentSoftwareDevTeam/celts/issues/937,https://github.com/BCStudentSoftwareDevTeam/celts/pull/937#issuecomment-1595316394
celts,1598968032,hoerstl,User,2023-06-20T15:01:19Z,2023-06-20T15:01:19Z,https://api.github.com/repos/BCStudentSoftwareDevTeam/celts/issues/937,https://github.com/BCStudentSoftwareDevTeam/celts/pull/937#issuecomment-1598968032
celts,1600966690,AndersonStettner,User,2023-06-21T14:39:56Z,2023-06-21T14:39:56Z,https://api.github.com/repos/BCStudentSoftwareDevTeam/celts/issues/953,https://github.com/BCStudentSoftwareDevTeam/celts/issues/953#issuecomment-1600966690
celts,1604237190,AndersonStettner,User,2023-06-23T12:49:22Z,2023-06-23T12:49:22Z,https://api.github.com/repos/BCStudentSoftwareDevTeam/celts/issues/957,https://github.com/BCStudentSoftwareDevTeam/celts/issues/957#issuecomment-1604237190
celts,1604759865,azabeli,User,2023-06-23T19:16:34Z,2023-06-23T19:17:15Z,https://api.github.com/repos/BCStudentSoftwareDevTeam/celts/issues/952,https://github.com/BCStudentSoftwareDevTeam/celts/pull/952#issuecomment-1604759865
celts,1604962055,hoerstl,User,2023-06-23T21:01:46Z,2023-06-23T21:01:46Z,https://api.github.com/repos/BCStudentSoftwareDevTeam/celts/issues/955,https://github.com/BCStudentSoftwareDevTeam/celts/pull/955#issuecomment-1604962055
celts,1608232759,hoerstl,User,2023-06-26T20:48:41Z,2023-06-26T20:48:41Z,https://api.github.com/repos/BCStudentSoftwareDevTeam/celts/issues/955,https://github.com/BCStudentSoftwareDevTeam/celts/pull/955#issuecomment-1608232759
celts,1609546466,andersoncedu,User,2023-06-27T13:48:14Z,2023-06-27T13:48:14Z,https://api.github.com/repos/BCStudentSoftwareDevTeam/celts/issues/955,https://github.com/BCStudentSoftwareDevTeam/celts/pull/955#issuecomment-1609546466
celts,1613454944,Mercy-Eze,User,2023-06-29T15:56:50Z,2023-06-29T15:56:50Z,https://api.github.com/repos/BCStudentSoftwareDevTeam/celts/issues/690,https://github.com/BCStudentSoftwareDevTeam/celts/issues/690#issuecomment-1613454944
celts,1613733532,AndersonStettner,User,2023-06-29T19:58:16Z,2023-06-29T19:58:16Z,https://api.github.com/repos/BCStudentSoftwareDevTeam/celts/issues/969,https://github.com/BCStudentSoftwareDevTeam/celts/issues/969#issuecomment-1613733532
celts,1618477518,AndersonStettner,User,2023-07-03T14:38:28Z,2023-07-03T14:38:28Z,https://api.github.com/repos/BCStudentSoftwareDevTeam/celts/issues/972,https://github.com/BCStudentSoftwareDevTeam/celts/issues/972#issuecomment-1618477518
celts,1629026820,AndersonStettner,User,2023-07-10T13:59:52Z,2023-07-10T13:59:52Z,https://api.github.com/repos/BCStudentSoftwareDevTeam/celts/issues/974,https://github.com/BCStudentSoftwareDevTeam/celts/issues/974#issuecomment-1629026820
celts,1629027840,AndersonStettner,User,2023-07-10T14:00:29Z,2023-07-10T14:00:29Z,https://api.github.com/repos/BCStudentSoftwareDevTeam/celts/issues/976,https://github.com/BCStudentSoftwareDevTeam/celts/issues/976#issuecomment-1629027840
celts,1629061471,AndersonStettner,User,2023-07-10T14:13:53Z,2023-07-10T14:13:53Z,https://api.github.com/repos/BCStudentSoftwareDevTeam/celts/issues/978,https://github.com/BCStudentSoftwareDevTeam/celts/issues/978#issuecomment-1629061471
celts,1629086547,AndersonStettner,User,2023-07-10T14:25:17Z,2023-07-10T14:25:17Z,https://api.github.com/repos/BCStudentSoftwareDevTeam/celts/issues/979,https://github.com/BCStudentSoftwareDevTeam/celts/issues/979#issuecomment-1629086547
celts,1629183002,AndersonStettner,User,2023-07-10T15:21:32Z,2023-07-10T15:21:32Z,https://api.github.com/repos/BCStudentSoftwareDevTeam/celts/issues/981,https://github.com/BCStudentSoftwareDevTeam/celts/issues/981#issuecomment-1629183002
celts,1631340713,AndersonStettner,User,2023-07-11T18:47:13Z,2023-07-11T18:47:13Z,https://api.github.com/repos/BCStudentSoftwareDevTeam/celts/issues/982,https://github.com/BCStudentSoftwareDevTeam/celts/issues/982#issuecomment-1631340713
celts,1632448178,AndersonStettner,User,2023-07-12T12:33:21Z,2023-07-12T12:33:21Z,https://api.github.com/repos/BCStudentSoftwareDevTeam/celts/issues/983,https://github.com/BCStudentSoftwareDevTeam/celts/issues/983#issuecomment-1632448178
celts,1632461654,AndersonStettner,User,2023-07-12T12:42:41Z,2023-07-12T12:42:41Z,https://api.github.com/repos/BCStudentSoftwareDevTeam/celts/issues/984,https://github.com/BCStudentSoftwareDevTeam/celts/issues/984#issuecomment-1632461654
celts,1632464534,AndersonStettner,User,2023-07-12T12:44:44Z,2023-07-12T12:44:44Z,https://api.github.com/repos/BCStudentSoftwareDevTeam/celts/issues/985,https://github.com/BCStudentSoftwareDevTeam/celts/issues/985#issuecomment-1632464534
celts,1632467235,AndersonStettner,User,2023-07-12T12:46:39Z,2023-07-12T12:46:39Z,https://api.github.com/repos/BCStudentSoftwareDevTeam/celts/issues/986,https://github.com/BCStudentSoftwareDevTeam/celts/issues/986#issuecomment-1632467235
celts,1632469556,AndersonStettner,User,2023-07-12T12:48:21Z,2023-07-12T12:48:21Z,https://api.github.com/repos/BCStudentSoftwareDevTeam/celts/issues/987,https://github.com/BCStudentSoftwareDevTeam/celts/issues/987#issuecomment-1632469556
celts,1632472180,AndersonStettner,User,2023-07-12T12:50:09Z,2023-07-12T12:50:09Z,https://api.github.com/repos/BCStudentSoftwareDevTeam/celts/issues/988,https://github.com/BCStudentSoftwareDevTeam/celts/issues/988#issuecomment-1632472180
celts,1632475740,AndersonStettner,User,2023-07-12T12:52:44Z,2023-07-12T12:52:44Z,https://api.github.com/repos/BCStudentSoftwareDevTeam/celts/issues/989,https://github.com/BCStudentSoftwareDevTeam/celts/issues/989#issuecomment-1632475740
celts,1632479779,AndersonStettner,User,2023-07-12T12:55:21Z,2023-07-12T12:55:21Z,https://api.github.com/repos/BCStudentSoftwareDevTeam/celts/issues/990,https://github.com/BCStudentSoftwareDevTeam/celts/issues/990#issuecomment-1632479779
celts,1632490804,AndersonStettner,User,2023-07-12T13:02:43Z,2023-07-12T13:02:43Z,https://api.github.com/repos/BCStudentSoftwareDevTeam/celts/issues/991,https://github.com/BCStudentSoftwareDevTeam/celts/issues/991#issuecomment-1632490804
celts,1632498660,AndersonStettner,User,2023-07-12T13:07:46Z,2023-07-12T13:07:46Z,https://api.github.com/repos/BCStudentSoftwareDevTeam/celts/issues/992,https://github.com/BCStudentSoftwareDevTeam/celts/issues/992#issuecomment-1632498660
celts,1632788713,AndersonStettner,User,2023-07-12T15:48:50Z,2023-07-12T15:48:50Z,https://api.github.com/repos/BCStudentSoftwareDevTeam/celts/issues/994,https://github.com/BCStudentSoftwareDevTeam/celts/issues/994#issuecomment-1632788713
celts,1632796676,AndersonStettner,User,2023-07-12T15:53:55Z,2023-07-12T15:53:55Z,https://api.github.com/repos/BCStudentSoftwareDevTeam/celts/issues/995,https://github.com/BCStudentSoftwareDevTeam/celts/issues/995#issuecomment-1632796676
celts,1632804616,AndersonStettner,User,2023-07-12T15:59:00Z,2023-07-12T15:59:00Z,https://api.github.com/repos/BCStudentSoftwareDevTeam/celts/issues/996,https://github.com/BCStudentSoftwareDevTeam/celts/issues/996#issuecomment-1632804616
celts,1632807192,AndersonStettner,User,2023-07-12T16:00:34Z,2023-07-12T16:00:34Z,https://api.github.com/repos/BCStudentSoftwareDevTeam/celts/issues/997,https://github.com/BCStudentSoftwareDevTeam/celts/issues/997#issuecomment-1632807192
celts,1632811213,AndersonStettner,User,2023-07-12T16:03:05Z,2023-07-12T16:03:05Z,https://api.github.com/repos/BCStudentSoftwareDevTeam/celts/issues/998,https://github.com/BCStudentSoftwareDevTeam/celts/issues/998#issuecomment-1632811213
celts,1632844827,AndersonStettner,User,2023-07-12T16:21:41Z,2023-07-12T16:21:41Z,https://api.github.com/repos/BCStudentSoftwareDevTeam/celts/issues/939,https://github.com/BCStudentSoftwareDevTeam/celts/pull/939#issuecomment-1632844827
celts,1632846283,AndersonStettner,User,2023-07-12T16:22:43Z,2023-07-12T16:22:43Z,https://api.github.com/repos/BCStudentSoftwareDevTeam/celts/issues/942,https://github.com/BCStudentSoftwareDevTeam/celts/issues/942#issuecomment-1632846283
celts,1632849316,AndersonStettner,User,2023-07-12T16:24:53Z,2023-07-12T16:24:53Z,https://api.github.com/repos/BCStudentSoftwareDevTeam/celts/issues/964,https://github.com/BCStudentSoftwareDevTeam/celts/pull/964#issuecomment-1632849316
celts,1632855705,AndersonStettner,User,2023-07-12T16:29:38Z,2023-07-12T16:29:38Z,https://api.github.com/repos/BCStudentSoftwareDevTeam/celts/issues/999,https://github.com/BCStudentSoftwareDevTeam/celts/issues/999#issuecomment-1632855705
celts,1632857466,AndersonStettner,User,2023-07-12T16:30:55Z,2023-07-12T16:30:55Z,https://api.github.com/repos/BCStudentSoftwareDevTeam/celts/issues/931,https://github.com/BCStudentSoftwareDevTeam/celts/pull/931#issuecomment-1632857466
celts,1632858619,AndersonStettner,User,2023-07-12T16:31:48Z,2023-07-12T16:31:48Z,https://api.github.com/repos/BCStudentSoftwareDevTeam/celts/issues/940,https://github.com/BCStudentSoftwareDevTeam/celts/pull/940#issuecomment-1632858619
celts,1632859873,AndersonStettner,User,2023-07-12T16:32:43Z,2023-07-12T16:32:43Z,https://api.github.com/repos/BCStudentSoftwareDevTeam/celts/issues/968,https://github.com/BCStudentSoftwareDevTeam/celts/pull/968#issuecomment-1632859873
celts,1632860484,AndersonStettner,User,2023-07-12T16:33:10Z,2023-07-12T16:33:10Z,https://api.github.com/repos/BCStudentSoftwareDevTeam/celts/issues/977,https://github.com/BCStudentSoftwareDevTeam/celts/pull/977#issuecomment-1632860484
celts,1632861880,AndersonStettner,User,2023-07-12T16:34:16Z,2023-07-12T16:34:16Z,https://api.github.com/repos/BCStudentSoftwareDevTeam/celts/issues/980,https://github.com/BCStudentSoftwareDevTeam/celts/pull/980#issuecomment-1632861880
celts,1634772528,AndersonStettner,User,2023-07-13T19:22:07Z,2023-07-13T19:22:07Z,https://api.github.com/repos/BCStudentSoftwareDevTeam/celts/issues/1002,https://github.com/BCStudentSoftwareDevTeam/celts/issues/1002#issuecomment-1634772528
celts,1634789143,AndersonStettner,User,2023-07-13T19:29:25Z,2023-07-13T19:29:25Z,https://api.github.com/repos/BCStudentSoftwareDevTeam/celts/issues/1003,https://github.com/BCStudentSoftwareDevTeam/celts/issues/1003#issuecomment-1634789143
celts,1638708233,AndersonStettner,User,2023-07-17T19:02:00Z,2023-07-17T19:02:00Z,https://api.github.com/repos/BCStudentSoftwareDevTeam/celts/issues/1006,https://github.com/BCStudentSoftwareDevTeam/celts/pull/1006#issuecomment-1638708233
celts,1640232101,andersoncedu,User,2023-07-18T13:29:15Z,2023-07-18T13:29:15Z,https://api.github.com/repos/BCStudentSoftwareDevTeam/celts/issues/1008,https://github.com/BCStudentSoftwareDevTeam/celts/pull/1008#issuecomment-1640232101
celts,1640268803,AndersonStettner,User,2023-07-18T13:49:59Z,2023-07-18T13:49:59Z,https://api.github.com/repos/BCStudentSoftwareDevTeam/celts/issues/1007,https://github.com/BCStudentSoftwareDevTeam/celts/pull/1007#issuecomment-1640268803
celts,1640661790,michelmonc,User,2023-07-18T17:28:44Z,2023-07-18T17:28:44Z,https://api.github.com/repos/BCStudentSoftwareDevTeam/celts/issues/974,https://github.com/BCStudentSoftwareDevTeam/celts/issues/974#issuecomment-1640661790
celts,1640665971,michelmonc,User,2023-07-18T17:31:42Z,2023-07-18T17:31:42Z,https://api.github.com/repos/BCStudentSoftwareDevTeam/celts/issues/1009,https://github.com/BCStudentSoftwareDevTeam/celts/pull/1009#issuecomment-1640665971
celts,1640938240,ojmakinde,User,2023-07-18T20:18:23Z,2023-07-18T20:18:23Z,https://api.github.com/repos/BCStudentSoftwareDevTeam/celts/issues/1005,https://github.com/BCStudentSoftwareDevTeam/celts/pull/1005#issuecomment-1640938240
celts,1642713527,doucoureb,User,2023-07-19T20:31:24Z,2023-07-19T20:31:24Z,https://api.github.com/repos/BCStudentSoftwareDevTeam/celts/issues/1010,https://github.com/BCStudentSoftwareDevTeam/celts/pull/1010#issuecomment-1642713527
celts,1642713531,doucoureb,User,2023-07-19T20:31:25Z,2023-07-19T20:31:25Z,https://api.github.com/repos/BCStudentSoftwareDevTeam/celts/issues/1010,https://github.com/BCStudentSoftwareDevTeam/celts/pull/1010#issuecomment-1642713531
celts,1642724749,michelmonc,User,2023-07-19T20:39:09Z,2023-07-19T20:39:09Z,https://api.github.com/repos/BCStudentSoftwareDevTeam/celts/issues/1010,https://github.com/BCStudentSoftwareDevTeam/celts/pull/1010#issuecomment-1642724749
celts,1644002962,michelmonc,User,2023-07-20T14:12:43Z,2023-07-20T14:12:43Z,https://api.github.com/repos/BCStudentSoftwareDevTeam/celts/issues/1007,https://github.com/BCStudentSoftwareDevTeam/celts/pull/1007#issuecomment-1644002962
celts,1644009453,michelmonc,User,2023-07-20T14:16:29Z,2023-07-20T14:16:29Z,https://api.github.com/repos/BCStudentSoftwareDevTeam/celts/issues/1009,https://github.com/BCStudentSoftwareDevTeam/celts/pull/1009#issuecomment-1644009453
celts,1644390632,ojmakinde,User,2023-07-20T18:23:16Z,2023-07-20T18:23:16Z,https://api.github.com/repos/BCStudentSoftwareDevTeam/celts/issues/980,https://github.com/BCStudentSoftwareDevTeam/celts/pull/980#issuecomment-1644390632
celts,1644390653,ojmakinde,User,2023-07-20T18:23:17Z,2023-07-20T18:23:17Z,https://api.github.com/repos/BCStudentSoftwareDevTeam/celts/issues/980,https://github.com/BCStudentSoftwareDevTeam/celts/pull/980#issuecomment-1644390653
celts,1646089553,doucoureb,User,2023-07-21T18:28:18Z,2023-07-21T18:28:18Z,https://api.github.com/repos/BCStudentSoftwareDevTeam/celts/issues/1011,https://github.com/BCStudentSoftwareDevTeam/celts/pull/1011#issuecomment-1646089553
celts,1655798228,Mercy-Eze,User,2023-07-28T14:36:17Z,2023-07-28T14:36:17Z,https://api.github.com/repos/BCStudentSoftwareDevTeam/celts/issues/985,https://github.com/BCStudentSoftwareDevTeam/celts/issues/985#issuecomment-1655798228
celts,1655923014,Mercy-Eze,User,2023-07-28T15:55:01Z,2023-07-28T15:55:01Z,https://api.github.com/repos/BCStudentSoftwareDevTeam/celts/issues/813,https://github.com/BCStudentSoftwareDevTeam/celts/issues/813#issuecomment-1655923014
celts,1660846128,AndersonStettner,User,2023-08-01T18:13:26Z,2023-08-01T18:13:26Z,https://api.github.com/repos/BCStudentSoftwareDevTeam/celts/issues/1020,https://github.com/BCStudentSoftwareDevTeam/celts/issues/1020#issuecomment-1660846128
celts,1660874380,AndersonStettner,User,2023-08-01T18:34:41Z,2023-08-01T18:34:41Z,https://api.github.com/repos/BCStudentSoftwareDevTeam/celts/issues/1021,https://github.com/BCStudentSoftwareDevTeam/celts/issues/1021#issuecomment-1660874380
celts,1660876926,AndersonStettner,User,2023-08-01T18:36:33Z,2023-08-01T18:36:33Z,https://api.github.com/repos/BCStudentSoftwareDevTeam/celts/issues/1019,https://github.com/BCStudentSoftwareDevTeam/celts/issues/1019#issuecomment-1660876926
celts,1660879179,AndersonStettner,User,2023-08-01T18:38:19Z,2023-08-01T18:38:19Z,https://api.github.com/repos/BCStudentSoftwareDevTeam/celts/issues/1017,https://github.com/BCStudentSoftwareDevTeam/celts/issues/1017#issuecomment-1660879179
celts,1660881529,AndersonStettner,User,2023-08-01T18:40:01Z,2023-08-01T18:40:01Z,https://api.github.com/repos/BCStudentSoftwareDevTeam/celts/issues/1016,https://github.com/BCStudentSoftwareDevTeam/celts/issues/1016#issuecomment-1660881529
celts,1666031137,doucoureb,User,2023-08-04T18:39:38Z,2023-08-04T18:39:38Z,https://api.github.com/repos/BCStudentSoftwareDevTeam/celts/issues/812,https://github.com/BCStudentSoftwareDevTeam/celts/issues/812#issuecomment-1666031137
celts,1666158257,azabeli,User,2023-08-04T20:39:22Z,2023-08-04T20:41:58Z,https://api.github.com/repos/BCStudentSoftwareDevTeam/celts/issues/1015,https://github.com/BCStudentSoftwareDevTeam/celts/pull/1015#issuecomment-1666158257
celts,1666170650,hoerstl,User,2023-08-04T20:54:37Z,2023-08-04T20:54:37Z,https://api.github.com/repos/BCStudentSoftwareDevTeam/celts/issues/1012,https://github.com/BCStudentSoftwareDevTeam/celts/pull/1012#issuecomment-1666170650
celts,1673190001,AndersonStettner,User,2023-08-10T13:09:17Z,2023-08-10T13:09:17Z,https://api.github.com/repos/BCStudentSoftwareDevTeam/celts/issues/1028,https://github.com/BCStudentSoftwareDevTeam/celts/issues/1028#issuecomment-1673190001
celts,1673265144,AndersonStettner,User,2023-08-10T13:50:58Z,2023-08-10T13:50:58Z,https://api.github.com/repos/BCStudentSoftwareDevTeam/celts/issues/1029,https://github.com/BCStudentSoftwareDevTeam/celts/issues/1029#issuecomment-1673265144
celts,1673271567,AndersonStettner,User,2023-08-10T13:54:32Z,2023-08-10T13:54:32Z,https://api.github.com/repos/BCStudentSoftwareDevTeam/celts/issues/1030,https://github.com/BCStudentSoftwareDevTeam/celts/issues/1030#issuecomment-1673271567
celts,1673275410,AndersonStettner,User,2023-08-10T13:56:51Z,2023-08-10T13:56:51Z,https://api.github.com/repos/BCStudentSoftwareDevTeam/celts/issues/1031,https://github.com/BCStudentSoftwareDevTeam/celts/issues/1031#issuecomment-1673275410
celts,1673277205,AndersonStettner,User,2023-08-10T13:57:54Z,2023-08-10T13:57:54Z,https://api.github.com/repos/BCStudentSoftwareDevTeam/celts/issues/1032,https://github.com/BCStudentSoftwareDevTeam/celts/issues/1032#issuecomment-1673277205
celts,1673279767,AndersonStettner,User,2023-08-10T13:59:30Z,2023-08-10T13:59:30Z,https://api.github.com/repos/BCStudentSoftwareDevTeam/celts/issues/1033,https://github.com/BCStudentSoftwareDevTeam/celts/issues/1033#issuecomment-1673279767
celts,1673299067,AndersonStettner,User,2023-08-10T14:10:33Z,2023-08-10T14:10:33Z,https://api.github.com/repos/BCStudentSoftwareDevTeam/celts/issues/1034,https://github.com/BCStudentSoftwareDevTeam/celts/issues/1034#issuecomment-1673299067
celts,1673385429,AndersonStettner,User,2023-08-10T14:56:09Z,2023-08-10T14:56:09Z,https://api.github.com/repos/BCStudentSoftwareDevTeam/celts/issues/1035,https://github.com/BCStudentSoftwareDevTeam/celts/issues/1035#issuecomment-1673385429
celts,1680537159,AndersonStettner,User,2023-08-16T12:44:43Z,2023-08-16T12:44:43Z,https://api.github.com/repos/BCStudentSoftwareDevTeam/celts/issues/1040,https://github.com/BCStudentSoftwareDevTeam/celts/issues/1040#issuecomment-1680537159
celts,1680875503,AndersonStettner,User,2023-08-16T15:57:36Z,2023-08-16T15:57:36Z,https://api.github.com/repos/BCStudentSoftwareDevTeam/celts/issues/1041,https://github.com/BCStudentSoftwareDevTeam/celts/pull/1041#issuecomment-1680875503
celts,1684016043,AndersonStettner,User,2023-08-18T14:37:02Z,2023-08-18T14:37:02Z,https://api.github.com/repos/BCStudentSoftwareDevTeam/celts/issues/1042,https://github.com/BCStudentSoftwareDevTeam/celts/pull/1042#issuecomment-1684016043
celts,1686626699,AndersonStettner,User,2023-08-21T16:15:53Z,2023-08-21T16:15:53Z,https://api.github.com/repos/BCStudentSoftwareDevTeam/celts/issues/1045,https://github.com/BCStudentSoftwareDevTeam/celts/issues/1045#issuecomment-1686626699
celts,1688579596,AndersonStettner,User,2023-08-22T16:53:27Z,2023-08-22T16:53:27Z,https://api.github.com/repos/BCStudentSoftwareDevTeam/celts/issues/1047,https://github.com/BCStudentSoftwareDevTeam/celts/issues/1047#issuecomment-1688579596
celts,1689907421,AndersonStettner,User,2023-08-23T12:51:30Z,2023-08-23T12:51:30Z,https://api.github.com/repos/BCStudentSoftwareDevTeam/celts/issues/1048,https://github.com/BCStudentSoftwareDevTeam/celts/issues/1048#issuecomment-1689907421
celts,1689910258,AndersonStettner,User,2023-08-23T12:53:19Z,2023-08-23T12:53:19Z,https://api.github.com/repos/BCStudentSoftwareDevTeam/celts/issues/1049,https://github.com/BCStudentSoftwareDevTeam/celts/issues/1049#issuecomment-1689910258
celts,1689916408,AndersonStettner,User,2023-08-23T12:57:14Z,2023-08-23T12:57:14Z,https://api.github.com/repos/BCStudentSoftwareDevTeam/celts/issues/1050,https://github.com/BCStudentSoftwareDevTeam/celts/issues/1050#issuecomment-1689916408
celts,1689991660,AndersonStettner,User,2023-08-23T13:43:22Z,2023-08-23T13:43:22Z,https://api.github.com/repos/BCStudentSoftwareDevTeam/celts/issues/1051,https://github.com/BCStudentSoftwareDevTeam/celts/pull/1051#issuecomment-1689991660
celts,1693383467,AndersonStettner,User,2023-08-25T13:43:20Z,2023-08-25T13:43:20Z,https://api.github.com/repos/BCStudentSoftwareDevTeam/celts/issues/1052,https://github.com/BCStudentSoftwareDevTeam/celts/pull/1052#issuecomment-1693383467
celts,1693391782,AndersonStettner,User,2023-08-25T13:49:36Z,2023-08-25T13:49:36Z,https://api.github.com/repos/BCStudentSoftwareDevTeam/celts/issues/1053,https://github.com/BCStudentSoftwareDevTeam/celts/issues/1053#issuecomment-1693391782
celts,1697777902,andersoncedu,User,2023-08-29T16:26:28Z,2023-08-29T16:26:28Z,https://api.github.com/repos/BCStudentSoftwareDevTeam/celts/issues/1058,https://github.com/BCStudentSoftwareDevTeam/celts/pull/1058#issuecomment-1697777902
celts,1699719997,AndersonStettner,User,2023-08-30T19:28:30Z,2023-08-30T19:28:30Z,https://api.github.com/repos/BCStudentSoftwareDevTeam/celts/issues/1059,https://github.com/BCStudentSoftwareDevTeam/celts/issues/1059#issuecomment-1699719997
celts,1699722983,AndersonStettner,User,2023-08-30T19:31:09Z,2023-08-30T19:31:09Z,https://api.github.com/repos/BCStudentSoftwareDevTeam/celts/issues/1060,https://github.com/BCStudentSoftwareDevTeam/celts/issues/1060#issuecomment-1699722983
celts,1703173371,bledsoef,User,2023-09-01T18:33:21Z,2023-09-01T18:33:21Z,https://api.github.com/repos/BCStudentSoftwareDevTeam/celts/issues/1062,https://github.com/BCStudentSoftwareDevTeam/celts/issues/1062#issuecomment-1703173371
celts,1706860882,andersoncedu,User,2023-09-05T15:41:04Z,2023-09-05T15:41:04Z,https://api.github.com/repos/BCStudentSoftwareDevTeam/celts/issues/1065,https://github.com/BCStudentSoftwareDevTeam/celts/pull/1065#issuecomment-1706860882
celts,1708815902,Karina-Agliullova,User,2023-09-06T17:33:49Z,2023-09-06T17:33:49Z,https://api.github.com/repos/BCStudentSoftwareDevTeam/celts/issues/1058,https://github.com/BCStudentSoftwareDevTeam/celts/pull/1058#issuecomment-1708815902
celts,1708980679,azabeli,User,2023-09-06T19:36:06Z,2023-09-06T19:36:06Z,https://api.github.com/repos/BCStudentSoftwareDevTeam/celts/issues/1058,https://github.com/BCStudentSoftwareDevTeam/celts/pull/1058#issuecomment-1708980679
celts,1718256548,qasema,User,2023-09-13T20:13:39Z,2023-09-13T20:13:39Z,https://api.github.com/repos/BCStudentSoftwareDevTeam/celts/issues/1065,https://github.com/BCStudentSoftwareDevTeam/celts/pull/1065#issuecomment-1718256548
celts,1718456462,doucoureb,User,2023-09-13T23:53:43Z,2023-09-13T23:53:43Z,https://api.github.com/repos/BCStudentSoftwareDevTeam/celts/issues/998,https://github.com/BCStudentSoftwareDevTeam/celts/issues/998#issuecomment-1718456462
celts,1719852553,qasema,User,2023-09-14T17:20:09Z,2023-09-14T17:20:09Z,https://api.github.com/repos/BCStudentSoftwareDevTeam/celts/issues/1074,https://github.com/BCStudentSoftwareDevTeam/celts/pull/1074#issuecomment-1719852553
celts,1721325351,andersoncedu,User,2023-09-15T13:55:50Z,2023-09-15T13:55:50Z,https://api.github.com/repos/BCStudentSoftwareDevTeam/celts/issues/1065,https://github.com/BCStudentSoftwareDevTeam/celts/pull/1065#issuecomment-1721325351
celts,1724315838,gahimbaref,User,2023-09-18T20:24:40Z,2023-09-18T20:24:40Z,https://api.github.com/repos/BCStudentSoftwareDevTeam/celts/issues/1063,https://github.com/BCStudentSoftwareDevTeam/celts/pull/1063#issuecomment-1724315838
celts,1724404024,gahimbaref,User,2023-09-18T20:57:35Z,2023-09-18T20:57:35Z,https://api.github.com/repos/BCStudentSoftwareDevTeam/celts/issues/1063,https://github.com/BCStudentSoftwareDevTeam/celts/pull/1063#issuecomment-1724404024
celts,1725600104,hoerstl,User,2023-09-19T13:41:59Z,2023-09-19T13:41:59Z,https://api.github.com/repos/BCStudentSoftwareDevTeam/celts/issues/1077,https://github.com/BCStudentSoftwareDevTeam/celts/issues/1077#issuecomment-1725600104
celts,1725781056,andersoncedu,User,2023-09-19T14:40:25Z,2023-09-19T14:40:25Z,https://api.github.com/repos/BCStudentSoftwareDevTeam/celts/issues/1058,https://github.com/BCStudentSoftwareDevTeam/celts/pull/1058#issuecomment-1725781056
celts,1726314770,andersoncedu,User,2023-09-19T18:58:33Z,2023-09-19T18:58:33Z,https://api.github.com/repos/BCStudentSoftwareDevTeam/celts/issues/1078,https://github.com/BCStudentSoftwareDevTeam/celts/issues/1078#issuecomment-1726314770
celts,1726525409,doucoureb,User,2023-09-19T21:26:51Z,2023-09-19T21:27:51Z,https://api.github.com/repos/BCStudentSoftwareDevTeam/celts/issues/1069,https://github.com/BCStudentSoftwareDevTeam/celts/pull/1069#issuecomment-1726525409
celts,1727723699,AndersonStettner,User,2023-09-20T13:23:19Z,2023-09-20T13:23:19Z,https://api.github.com/repos/BCStudentSoftwareDevTeam/celts/issues/1079,https://github.com/BCStudentSoftwareDevTeam/celts/issues/1079#issuecomment-1727723699
celts,1731856167,gahimbaref,User,2023-09-22T18:16:41Z,2023-09-22T18:16:41Z,https://api.github.com/repos/BCStudentSoftwareDevTeam/celts/issues/1065,https://github.com/BCStudentSoftwareDevTeam/celts/pull/1065#issuecomment-1731856167
celts,1734453863,qasema,User,2023-09-25T20:58:53Z,2023-09-25T20:58:53Z,https://api.github.com/repos/BCStudentSoftwareDevTeam/celts/issues/1082,https://github.com/BCStudentSoftwareDevTeam/celts/pull/1082#issuecomment-1734453863
celts,1735701353,andersoncedu,User,2023-09-26T14:49:32Z,2023-09-26T14:49:32Z,https://api.github.com/repos/BCStudentSoftwareDevTeam/celts/issues/1069,https://github.com/BCStudentSoftwareDevTeam/celts/pull/1069#issuecomment-1735701353
celts,1738059610,ojmakinde,User,2023-09-27T20:50:41Z,2023-09-27T20:50:41Z,https://api.github.com/repos/BCStudentSoftwareDevTeam/celts/issues/1063,https://github.com/BCStudentSoftwareDevTeam/celts/pull/1063#issuecomment-1738059610
celts,1740868266,andersoncedu,User,2023-09-29T13:05:30Z,2023-09-29T13:05:41Z,https://api.github.com/repos/BCStudentSoftwareDevTeam/celts/issues/1082,https://github.com/BCStudentSoftwareDevTeam/celts/pull/1082#issuecomment-1740868266
celts,1741367203,qasema,User,2023-09-29T19:11:32Z,2023-09-29T19:11:32Z,https://api.github.com/repos/BCStudentSoftwareDevTeam/celts/issues/1082,https://github.com/BCStudentSoftwareDevTeam/celts/pull/1082#issuecomment-1741367203
celts,1743044217,AndersonStettner,User,2023-10-02T13:43:44Z,2023-10-02T13:43:44Z,https://api.github.com/repos/BCStudentSoftwareDevTeam/celts/issues/1082,https://github.com/BCStudentSoftwareDevTeam/celts/pull/1082#issuecomment-1743044217
celts,1743662552,Karina-Agliullova,User,2023-10-02T19:53:22Z,2023-10-02T19:53:22Z,https://api.github.com/repos/BCStudentSoftwareDevTeam/celts/issues/1069,https://github.com/BCStudentSoftwareDevTeam/celts/pull/1069#issuecomment-1743662552
celts,1743663629,azabeli,User,2023-10-02T19:54:07Z,2023-10-02T19:54:07Z,https://api.github.com/repos/BCStudentSoftwareDevTeam/celts/issues/1069,https://github.com/BCStudentSoftwareDevTeam/celts/pull/1069#issuecomment-1743663629
celts,1751208031,AndersonStettner,User,2023-10-06T18:09:53Z,2023-10-06T18:09:53Z,https://api.github.com/repos/BCStudentSoftwareDevTeam/celts/issues/1084,https://github.com/BCStudentSoftwareDevTeam/celts/issues/1084#issuecomment-1751208031
celts,1752992904,AndersonStettner,User,2023-10-09T13:14:58Z,2023-10-09T13:14:58Z,https://api.github.com/repos/BCStudentSoftwareDevTeam/celts/issues/1085,https://github.com/BCStudentSoftwareDevTeam/celts/issues/1085#issuecomment-1752992904
celts,1761847503,ojmakinde,User,2023-10-13T17:13:26Z,2023-10-13T17:13:26Z,https://api.github.com/repos/BCStudentSoftwareDevTeam/celts/issues/1060,https://github.com/BCStudentSoftwareDevTeam/celts/issues/1060#issuecomment-1761847503
celts,1771299053,AndersonStettner,User,2023-10-19T16:07:36Z,2023-10-19T16:07:36Z,https://api.github.com/repos/BCStudentSoftwareDevTeam/celts/issues/1094,https://github.com/BCStudentSoftwareDevTeam/celts/issues/1094#issuecomment-1771299053
celts,1772706091,andersoncedu,User,2023-10-20T13:05:32Z,2023-10-20T13:05:32Z,https://api.github.com/repos/BCStudentSoftwareDevTeam/celts/issues/1095,https://github.com/BCStudentSoftwareDevTeam/celts/pull/1095#issuecomment-1772706091
celts,1775909162,ojmakinde,User,2023-10-23T19:45:22Z,2024-02-29T18:45:18Z,https://api.github.com/repos/BCStudentSoftwareDevTeam/celts/issues/1087,https://github.com/BCStudentSoftwareDevTeam/celts/pull/1087#issuecomment-1775909162
celts,1777641723,ojmakinde,User,2023-10-24T16:51:03Z,2023-10-24T16:51:03Z,https://api.github.com/repos/BCStudentSoftwareDevTeam/celts/issues/1095,https://github.com/BCStudentSoftwareDevTeam/celts/pull/1095#issuecomment-1777641723
celts,1782925320,andersoncedu,User,2023-10-27T13:31:48Z,2023-10-27T13:31:48Z,https://api.github.com/repos/BCStudentSoftwareDevTeam/celts/issues/1099,https://github.com/BCStudentSoftwareDevTeam/celts/pull/1099#issuecomment-1782925320
celts,1782957477,AndersonStettner,User,2023-10-27T13:52:16Z,2023-10-27T13:52:16Z,https://api.github.com/repos/BCStudentSoftwareDevTeam/celts/issues/1100,https://github.com/BCStudentSoftwareDevTeam/celts/issues/1100#issuecomment-1782957477
celts,1790983298,hoerstl,User,2023-11-02T15:41:57Z,2023-11-02T15:41:57Z,https://api.github.com/repos/BCStudentSoftwareDevTeam/celts/issues/1059,https://github.com/BCStudentSoftwareDevTeam/celts/issues/1059#issuecomment-1790983298
celts,1796369297,qasema,User,2023-11-06T20:20:15Z,2023-11-06T20:20:15Z,https://api.github.com/repos/BCStudentSoftwareDevTeam/celts/issues/1090,https://github.com/BCStudentSoftwareDevTeam/celts/pull/1090#issuecomment-1796369297
celts,1804592302,qasema,User,2023-11-09T20:10:31Z,2023-11-09T20:10:31Z,https://api.github.com/repos/BCStudentSoftwareDevTeam/celts/issues/1089,https://github.com/BCStudentSoftwareDevTeam/celts/pull/1089#issuecomment-1804592302
celts,1805833713,andersoncedu,User,2023-11-10T14:25:21Z,2023-11-10T14:28:22Z,https://api.github.com/repos/BCStudentSoftwareDevTeam/celts/issues/1089,https://github.com/BCStudentSoftwareDevTeam/celts/pull/1089#issuecomment-1805833713
celts,1805864691,andersoncedu,User,2023-11-10T14:39:58Z,2023-11-10T14:39:58Z,https://api.github.com/repos/BCStudentSoftwareDevTeam/celts/issues/1089,https://github.com/BCStudentSoftwareDevTeam/celts/pull/1089#issuecomment-1805864691
celts,1812859459,stevensonmichel,User,2023-11-15T16:26:16Z,2023-11-15T16:26:16Z,https://api.github.com/repos/BCStudentSoftwareDevTeam/celts/issues/1090,https://github.com/BCStudentSoftwareDevTeam/celts/pull/1090#issuecomment-1812859459
celts,1812859808,stevensonmichel,User,2023-11-15T16:26:28Z,2023-11-15T16:26:28Z,https://api.github.com/repos/BCStudentSoftwareDevTeam/celts/issues/1090,https://github.com/BCStudentSoftwareDevTeam/celts/pull/1090#issuecomment-1812859808
celts,1812914524,stevensonmichel,User,2023-11-15T16:58:37Z,2023-11-15T16:58:37Z,https://api.github.com/repos/BCStudentSoftwareDevTeam/celts/issues/1072,https://github.com/BCStudentSoftwareDevTeam/celts/pull/1072#issuecomment-1812914524
celts,1812918954,stevensonmichel,User,2023-11-15T17:01:26Z,2023-11-15T17:01:26Z,https://api.github.com/repos/BCStudentSoftwareDevTeam/celts/issues/1063,https://github.com/BCStudentSoftwareDevTeam/celts/pull/1063#issuecomment-1812918954
celts,1813226558,qasema,User,2023-11-15T20:38:47Z,2023-11-15T20:38:47Z,https://api.github.com/repos/BCStudentSoftwareDevTeam/celts/issues/1063,https://github.com/BCStudentSoftwareDevTeam/celts/pull/1063#issuecomment-1813226558
celts,1816858137,stevensonmichel,User,2023-11-17T17:57:32Z,2023-11-17T17:57:32Z,https://api.github.com/repos/BCStudentSoftwareDevTeam/celts/issues/1091,https://github.com/BCStudentSoftwareDevTeam/celts/pull/1091#issuecomment-1816858137
celts,1819831933,Karina-Agliullova,User,2023-11-20T21:29:39Z,2023-11-20T21:29:39Z,https://api.github.com/repos/BCStudentSoftwareDevTeam/celts/issues/1063,https://github.com/BCStudentSoftwareDevTeam/celts/pull/1063#issuecomment-1819831933
celts,1819857009,azabeli,User,2023-11-20T21:48:09Z,2023-11-20T21:48:09Z,https://api.github.com/repos/BCStudentSoftwareDevTeam/celts/issues/1063,https://github.com/BCStudentSoftwareDevTeam/celts/pull/1063#issuecomment-1819857009
celts,1828562182,Karina-Agliullova,User,2023-11-27T20:37:46Z,2023-11-27T20:37:46Z,https://api.github.com/repos/BCStudentSoftwareDevTeam/celts/issues/1090,https://github.com/BCStudentSoftwareDevTeam/celts/pull/1090#issuecomment-1828562182
celts,1828562433,Karina-Agliullova,User,2023-11-27T20:37:56Z,2024-02-29T18:45:47Z,https://api.github.com/repos/BCStudentSoftwareDevTeam/celts/issues/1087,https://github.com/BCStudentSoftwareDevTeam/celts/pull/1087#issuecomment-1828562433
celts,1828649430,ojmakinde,User,2023-11-27T21:31:35Z,2023-11-27T21:31:59Z,https://api.github.com/repos/BCStudentSoftwareDevTeam/celts/issues/1091,https://github.com/BCStudentSoftwareDevTeam/celts/pull/1091#issuecomment-1828649430
celts,1832151791,AndersonStettner,User,2023-11-29T15:37:06Z,2023-11-29T15:37:06Z,https://api.github.com/repos/BCStudentSoftwareDevTeam/celts/issues/1088,https://github.com/BCStudentSoftwareDevTeam/celts/pull/1088#issuecomment-1832151791
celts,1832624641,qasema,User,2023-11-29T20:06:23Z,2023-11-29T20:06:23Z,https://api.github.com/repos/BCStudentSoftwareDevTeam/celts/issues/1096,https://github.com/BCStudentSoftwareDevTeam/celts/pull/1096#issuecomment-1832624641
celts,1834650251,bledsoef,User,2023-11-30T22:18:26Z,2023-11-30T22:18:26Z,https://api.github.com/repos/BCStudentSoftwareDevTeam/celts/issues/1096,https://github.com/BCStudentSoftwareDevTeam/celts/pull/1096#issuecomment-1834650251
celts,1834650844,bledsoef,User,2023-11-30T22:19:00Z,2023-11-30T22:19:00Z,https://api.github.com/repos/BCStudentSoftwareDevTeam/celts/issues/1096,https://github.com/BCStudentSoftwareDevTeam/celts/pull/1096#issuecomment-1834650844
celts,1836851584,qasema,User,2023-12-01T22:14:52Z,2023-12-01T22:14:52Z,https://api.github.com/repos/BCStudentSoftwareDevTeam/celts/issues/1096,https://github.com/BCStudentSoftwareDevTeam/celts/pull/1096#issuecomment-1836851584
celts,1839452736,solijonovam,User,2023-12-04T20:49:20Z,2023-12-04T20:49:20Z,https://api.github.com/repos/BCStudentSoftwareDevTeam/celts/issues/884,https://github.com/BCStudentSoftwareDevTeam/celts/issues/884#issuecomment-1839452736
celts,1839677353,gahimbaref,User,2023-12-04T22:58:54Z,2023-12-04T22:58:54Z,https://api.github.com/repos/BCStudentSoftwareDevTeam/celts/issues/1103,https://github.com/BCStudentSoftwareDevTeam/celts/pull/1103#issuecomment-1839677353
celts,1841767661,gahimbaref,User,2023-12-05T23:02:41Z,2023-12-05T23:02:41Z,https://api.github.com/repos/BCStudentSoftwareDevTeam/celts/issues/1091,https://github.com/BCStudentSoftwareDevTeam/celts/pull/1091#issuecomment-1841767661
celts,1843773632,gahimbaref,User,2023-12-06T22:13:26Z,2023-12-06T22:13:26Z,https://api.github.com/repos/BCStudentSoftwareDevTeam/celts/issues/1063,https://github.com/BCStudentSoftwareDevTeam/celts/pull/1063#issuecomment-1843773632
celts,1843780609,gahimbaref,User,2023-12-06T22:19:55Z,2023-12-06T22:19:55Z,https://api.github.com/repos/BCStudentSoftwareDevTeam/celts/issues/1090,https://github.com/BCStudentSoftwareDevTeam/celts/pull/1090#issuecomment-1843780609
celts,1847148724,andersoncedu,User,2023-12-08T13:14:29Z,2023-12-08T13:14:29Z,https://api.github.com/repos/BCStudentSoftwareDevTeam/celts/issues/1091,https://github.com/BCStudentSoftwareDevTeam/celts/pull/1091#issuecomment-1847148724
celts,1847322682,andersoncedu,User,2023-12-08T14:53:47Z,2023-12-08T14:53:47Z,https://api.github.com/repos/BCStudentSoftwareDevTeam/celts/issues/1088,https://github.com/BCStudentSoftwareDevTeam/celts/pull/1088#issuecomment-1847322682
celts,1847596269,gahimbaref,User,2023-12-08T17:56:08Z,2023-12-08T17:56:08Z,https://api.github.com/repos/BCStudentSoftwareDevTeam/celts/issues/1096,https://github.com/BCStudentSoftwareDevTeam/celts/pull/1096#issuecomment-1847596269
celts,1847597816,bledsoef,User,2023-12-08T17:57:32Z,2023-12-08T17:57:32Z,https://api.github.com/repos/BCStudentSoftwareDevTeam/celts/issues/1096,https://github.com/BCStudentSoftwareDevTeam/celts/pull/1096#issuecomment-1847597816
celts,1847603377,gahimbaref,User,2023-12-08T18:02:40Z,2023-12-08T18:02:40Z,https://api.github.com/repos/BCStudentSoftwareDevTeam/celts/issues/1096,https://github.com/BCStudentSoftwareDevTeam/celts/pull/1096#issuecomment-1847603377
celts,1847631677,doucoureb,User,2023-12-08T18:20:15Z,2023-12-08T18:20:15Z,https://api.github.com/repos/BCStudentSoftwareDevTeam/celts/issues/1090,https://github.com/BCStudentSoftwareDevTeam/celts/pull/1090#issuecomment-1847631677
celts,1847654983,doucoureb,User,2023-12-08T18:40:29Z,2023-12-08T18:40:29Z,https://api.github.com/repos/BCStudentSoftwareDevTeam/celts/issues/1072,https://github.com/BCStudentSoftwareDevTeam/celts/pull/1072#issuecomment-1847654983
celts,1852604399,bledsoef,User,2023-12-12T18:39:10Z,2023-12-12T18:39:10Z,https://api.github.com/repos/BCStudentSoftwareDevTeam/celts/issues/1096,https://github.com/BCStudentSoftwareDevTeam/celts/pull/1096#issuecomment-1852604399
celts,1852843501,andersoncedu,User,2023-12-12T21:32:48Z,2023-12-12T21:32:48Z,https://api.github.com/repos/BCStudentSoftwareDevTeam/celts/issues/1103,https://github.com/BCStudentSoftwareDevTeam/celts/pull/1103#issuecomment-1852843501
celts,1866651329,daizenj,User,2023-12-21T17:02:00Z,2023-12-21T17:02:00Z,https://api.github.com/repos/BCStudentSoftwareDevTeam/celts/issues/1053,https://github.com/BCStudentSoftwareDevTeam/celts/issues/1053#issuecomment-1866651329
celts,1870444752,Mercy-Eze,User,2023-12-27T16:15:01Z,2023-12-27T16:15:01Z,https://api.github.com/repos/BCStudentSoftwareDevTeam/celts/issues/564,https://github.com/BCStudentSoftwareDevTeam/celts/issues/564#issuecomment-1870444752
celts,1870445958,Mercy-Eze,User,2023-12-27T16:16:31Z,2023-12-27T16:16:31Z,https://api.github.com/repos/BCStudentSoftwareDevTeam/celts/issues/1047,https://github.com/BCStudentSoftwareDevTeam/celts/issues/1047#issuecomment-1870445958
celts,1873563905,daizenj,User,2024-01-02T01:58:13Z,2024-01-02T01:58:13Z,https://api.github.com/repos/BCStudentSoftwareDevTeam/celts/issues/944,https://github.com/BCStudentSoftwareDevTeam/celts/issues/944#issuecomment-1873563905
celts,1885580059,azabeli,User,2024-01-10T19:34:29Z,2024-01-12T19:00:32Z,https://api.github.com/repos/BCStudentSoftwareDevTeam/celts/issues/1111,https://github.com/BCStudentSoftwareDevTeam/celts/pull/1111#issuecomment-1885580059
celts,1896148835,bledsoef,User,2024-01-17T16:19:33Z,2024-01-17T16:19:33Z,https://api.github.com/repos/BCStudentSoftwareDevTeam/celts/issues/1091,https://github.com/BCStudentSoftwareDevTeam/celts/pull/1091#issuecomment-1896148835
celts,1896150613,azabeli,User,2024-01-17T16:20:33Z,2024-01-17T16:20:33Z,https://api.github.com/repos/BCStudentSoftwareDevTeam/celts/issues/1091,https://github.com/BCStudentSoftwareDevTeam/celts/pull/1091#issuecomment-1896150613
celts,1896204411,azabeli,User,2024-01-17T16:49:00Z,2024-01-22T14:10:22Z,https://api.github.com/repos/BCStudentSoftwareDevTeam/celts/issues/1111,https://github.com/BCStudentSoftwareDevTeam/celts/pull/1111#issuecomment-1896204411
celts,1899122368,hoerstl,User,2024-01-18T20:00:09Z,2024-01-18T20:00:09Z,https://api.github.com/repos/BCStudentSoftwareDevTeam/celts/issues/1115,https://github.com/BCStudentSoftwareDevTeam/celts/issues/1115#issuecomment-1899122368
celts,1900749266,bledsoef,User,2024-01-19T16:46:24Z,2024-01-19T16:46:24Z,https://api.github.com/repos/BCStudentSoftwareDevTeam/celts/issues/1107,https://github.com/BCStudentSoftwareDevTeam/celts/pull/1107#issuecomment-1900749266
celts,1900830224,andersoncedu,User,2024-01-19T17:41:52Z,2024-01-19T17:41:52Z,https://api.github.com/repos/BCStudentSoftwareDevTeam/celts/issues/1091,https://github.com/BCStudentSoftwareDevTeam/celts/pull/1091#issuecomment-1900830224
celts,1904226016,stevensonmichel,User,2024-01-22T15:19:00Z,2024-01-22T15:19:00Z,https://api.github.com/repos/BCStudentSoftwareDevTeam/celts/issues/1090,https://github.com/BCStudentSoftwareDevTeam/celts/pull/1090#issuecomment-1904226016
celts,1904387084,andersoncedu,User,2024-01-22T16:39:41Z,2024-02-29T18:46:24Z,https://api.github.com/repos/BCStudentSoftwareDevTeam/celts/issues/1087,https://github.com/BCStudentSoftwareDevTeam/celts/pull/1087#issuecomment-1904387084
celts,1906966547,andersoncedu,User,2024-01-23T21:41:38Z,2024-01-23T21:41:38Z,https://api.github.com/repos/BCStudentSoftwareDevTeam/celts/issues/1111,https://github.com/BCStudentSoftwareDevTeam/celts/pull/1111#issuecomment-1906966547
celts,1906978267,andersoncedu,User,2024-01-23T21:50:57Z,2024-01-23T22:05:22Z,https://api.github.com/repos/BCStudentSoftwareDevTeam/celts/issues/1111,https://github.com/BCStudentSoftwareDevTeam/celts/pull/1111#issuecomment-1906978267
celts,1908606332,bledsoef,User,2024-01-24T17:31:30Z,2024-01-24T17:31:30Z,https://api.github.com/repos/BCStudentSoftwareDevTeam/celts/issues/1053,https://github.com/BCStudentSoftwareDevTeam/celts/issues/1053#issuecomment-1908606332
celts,1910738225,andersoncedu,User,2024-01-25T18:12:38Z,2024-01-25T18:12:54Z,https://api.github.com/repos/BCStudentSoftwareDevTeam/celts/issues/1118,https://github.com/BCStudentSoftwareDevTeam/celts/pull/1118#issuecomment-1910738225
celts,1912334168,bledsoef,User,2024-01-26T16:24:21Z,2024-01-26T16:24:21Z,https://api.github.com/repos/BCStudentSoftwareDevTeam/celts/issues/1118,https://github.com/BCStudentSoftwareDevTeam/celts/pull/1118#issuecomment-1912334168
celts,1912349805,AndersonStettner,User,2024-01-26T16:34:40Z,2024-01-26T16:34:40Z,https://api.github.com/repos/BCStudentSoftwareDevTeam/celts/issues/1118,https://github.com/BCStudentSoftwareDevTeam/celts/pull/1118#issuecomment-1912349805
celts,1915854079,daizenj,User,2024-01-30T00:54:12Z,2024-01-30T00:54:12Z,https://api.github.com/repos/BCStudentSoftwareDevTeam/celts/issues/1053,https://github.com/BCStudentSoftwareDevTeam/celts/issues/1053#issuecomment-1915854079
celts,1917747880,gahimbaref,User,2024-01-30T19:33:19Z,2024-01-30T19:33:43Z,https://api.github.com/repos/BCStudentSoftwareDevTeam/celts/issues/1119,https://github.com/BCStudentSoftwareDevTeam/celts/pull/1119#issuecomment-1917747880
celts,1917934274,gahimbaref,User,2024-01-30T21:35:30Z,2024-01-30T21:35:30Z,https://api.github.com/repos/BCStudentSoftwareDevTeam/celts/issues/1106,https://github.com/BCStudentSoftwareDevTeam/celts/pull/1106#issuecomment-1917934274
celts,1917948739,doucoureb,User,2024-01-30T21:45:57Z,2024-01-30T21:45:57Z,https://api.github.com/repos/BCStudentSoftwareDevTeam/celts/issues/1106,https://github.com/BCStudentSoftwareDevTeam/celts/pull/1106#issuecomment-1917948739
celts,1922160078,gahimbaref,User,2024-02-01T20:17:36Z,2024-02-01T20:17:36Z,https://api.github.com/repos/BCStudentSoftwareDevTeam/celts/issues/1102,https://github.com/BCStudentSoftwareDevTeam/celts/pull/1102#issuecomment-1922160078
celts,1922190909,Karina-Agliullova,User,2024-02-01T20:31:46Z,2024-04-11T17:29:23Z,https://api.github.com/repos/BCStudentSoftwareDevTeam/celts/issues/1102,https://github.com/BCStudentSoftwareDevTeam/celts/pull/1102#issuecomment-1922190909
celts,1922220843,gahimbaref,User,2024-02-01T20:50:22Z,2024-02-01T21:05:23Z,https://api.github.com/repos/BCStudentSoftwareDevTeam/celts/issues/1091,https://github.com/BCStudentSoftwareDevTeam/celts/pull/1091#issuecomment-1922220843
celts,1922235885,gahimbaref,User,2024-02-01T21:00:52Z,2024-02-01T21:00:52Z,https://api.github.com/repos/BCStudentSoftwareDevTeam/celts/issues/1091,https://github.com/BCStudentSoftwareDevTeam/celts/pull/1091#issuecomment-1922235885
celts,1922249699,gahimbaref,User,2024-02-01T21:09:20Z,2024-02-01T21:19:06Z,https://api.github.com/repos/BCStudentSoftwareDevTeam/celts/issues/1091,https://github.com/BCStudentSoftwareDevTeam/celts/pull/1091#issuecomment-1922249699
celts,1924520602,bledsoef,User,2024-02-02T19:13:26Z,2024-02-02T19:13:26Z,https://api.github.com/repos/BCStudentSoftwareDevTeam/celts/issues/1053,https://github.com/BCStudentSoftwareDevTeam/celts/issues/1053#issuecomment-1924520602
celts,1930719808,andersoncedu,User,2024-02-06T20:43:23Z,2024-02-06T20:43:23Z,https://api.github.com/repos/BCStudentSoftwareDevTeam/celts/issues/1091,https://github.com/BCStudentSoftwareDevTeam/celts/pull/1091#issuecomment-1930719808
celts,1930720226,andersoncedu,User,2024-02-06T20:43:43Z,2024-02-06T20:43:43Z,https://api.github.com/repos/BCStudentSoftwareDevTeam/celts/issues/1091,https://github.com/BCStudentSoftwareDevTeam/celts/pull/1091#issuecomment-1930720226
celts,1939164257,azabeli,User,2024-02-12T17:06:15Z,2024-02-12T17:06:15Z,https://api.github.com/repos/BCStudentSoftwareDevTeam/celts/issues/1091,https://github.com/BCStudentSoftwareDevTeam/celts/pull/1091#issuecomment-1939164257
celts,1948896335,bledsoef,User,2024-02-16T17:04:15Z,2024-02-16T17:04:15Z,https://api.github.com/repos/BCStudentSoftwareDevTeam/celts/issues/989,https://github.com/BCStudentSoftwareDevTeam/celts/issues/989#issuecomment-1948896335
celts,1949357145,azabeli,User,2024-02-16T21:26:13Z,2024-02-16T21:26:13Z,https://api.github.com/repos/BCStudentSoftwareDevTeam/celts/issues/1072,https://github.com/BCStudentSoftwareDevTeam/celts/pull/1072#issuecomment-1949357145
celts,1952683645,andersoncedu,User,2024-02-19T15:23:55Z,2024-02-19T15:23:55Z,https://api.github.com/repos/BCStudentSoftwareDevTeam/celts/issues/1090,https://github.com/BCStudentSoftwareDevTeam/celts/pull/1090#issuecomment-1952683645
celts,1955068733,andersoncedu,User,2024-02-20T20:52:49Z,2024-02-20T20:52:49Z,https://api.github.com/repos/BCStudentSoftwareDevTeam/celts/issues/1126,https://github.com/BCStudentSoftwareDevTeam/celts/pull/1126#issuecomment-1955068733
celts,1955281052,stevensonmichel,User,2024-02-20T23:08:04Z,2024-02-20T23:08:04Z,https://api.github.com/repos/BCStudentSoftwareDevTeam/celts/issues/1126,https://github.com/BCStudentSoftwareDevTeam/celts/pull/1126#issuecomment-1955281052
celts,1955287284,stevensonmichel,User,2024-02-20T23:10:26Z,2024-02-20T23:10:26Z,https://api.github.com/repos/BCStudentSoftwareDevTeam/celts/issues/1126,https://github.com/BCStudentSoftwareDevTeam/celts/pull/1126#issuecomment-1955287284
celts,1955299606,stevensonmichel,User,2024-02-20T23:15:00Z,2024-02-20T23:19:24Z,https://api.github.com/repos/BCStudentSoftwareDevTeam/celts/issues/1126,https://github.com/BCStudentSoftwareDevTeam/celts/pull/1126#issuecomment-1955299606
celts,1955305303,stevensonmichel,User,2024-02-20T23:17:06Z,2024-02-20T23:17:37Z,https://api.github.com/repos/BCStudentSoftwareDevTeam/celts/issues/1126,https://github.com/BCStudentSoftwareDevTeam/celts/pull/1126#issuecomment-1955305303
celts,1957271631,andersoncedu,User,2024-02-21T16:48:58Z,2024-02-21T16:48:58Z,https://api.github.com/repos/BCStudentSoftwareDevTeam/celts/issues/1106,https://github.com/BCStudentSoftwareDevTeam/celts/pull/1106#issuecomment-1957271631
celts,1961628492,andersoncedu,User,2024-02-23T16:26:09Z,2024-02-23T16:26:09Z,https://api.github.com/repos/BCStudentSoftwareDevTeam/celts/issues/1106,https://github.com/BCStudentSoftwareDevTeam/celts/pull/1106#issuecomment-1961628492
celts,1961633900,andersoncedu,User,2024-02-23T16:29:49Z,2024-02-23T16:29:49Z,https://api.github.com/repos/BCStudentSoftwareDevTeam/celts/issues/1106,https://github.com/BCStudentSoftwareDevTeam/celts/pull/1106#issuecomment-1961633900
celts,1973587359,bledsoef,User,2024-03-01T17:23:35Z,2024-03-01T17:23:35Z,https://api.github.com/repos/BCStudentSoftwareDevTeam/celts/issues/1133,https://github.com/BCStudentSoftwareDevTeam/celts/issues/1133#issuecomment-1973587359
celts,1973589519,bledsoef,User,2024-03-01T17:24:55Z,2024-03-01T17:24:55Z,https://api.github.com/repos/BCStudentSoftwareDevTeam/celts/issues/1137,https://github.com/BCStudentSoftwareDevTeam/celts/issues/1137#issuecomment-1973589519
celts,1973590821,bledsoef,User,2024-03-01T17:25:44Z,2024-03-01T17:25:44Z,https://api.github.com/repos/BCStudentSoftwareDevTeam/celts/issues/1125,https://github.com/BCStudentSoftwareDevTeam/celts/issues/1125#issuecomment-1973590821
celts,1973591866,bledsoef,User,2024-03-01T17:26:29Z,2024-03-01T17:26:29Z,https://api.github.com/repos/BCStudentSoftwareDevTeam/celts/issues/1130,https://github.com/BCStudentSoftwareDevTeam/celts/issues/1130#issuecomment-1973591866
celts,1973593230,bledsoef,User,2024-03-01T17:27:23Z,2024-03-01T17:27:23Z,https://api.github.com/repos/BCStudentSoftwareDevTeam/celts/issues/1132,https://github.com/BCStudentSoftwareDevTeam/celts/issues/1132#issuecomment-1973593230
celts,1973596827,bledsoef,User,2024-03-01T17:29:42Z,2024-03-01T17:29:42Z,https://api.github.com/repos/BCStudentSoftwareDevTeam/celts/issues/1131,https://github.com/BCStudentSoftwareDevTeam/celts/issues/1131#issuecomment-1973596827
celts,1973612165,bledsoef,User,2024-03-01T17:39:21Z,2024-03-01T17:39:21Z,https://api.github.com/repos/BCStudentSoftwareDevTeam/celts/issues/1111,https://github.com/BCStudentSoftwareDevTeam/celts/pull/1111#issuecomment-1973612165
celts,1973620362,bledsoef,User,2024-03-01T17:44:46Z,2024-03-01T17:44:46Z,https://api.github.com/repos/BCStudentSoftwareDevTeam/celts/issues/1106,https://github.com/BCStudentSoftwareDevTeam/celts/pull/1106#issuecomment-1973620362
celts,1973623497,bledsoef,User,2024-03-01T17:46:56Z,2024-03-01T17:46:56Z,https://api.github.com/repos/BCStudentSoftwareDevTeam/celts/issues/991,https://github.com/BCStudentSoftwareDevTeam/celts/issues/991#issuecomment-1973623497
celts,1973628706,bledsoef,User,2024-03-01T17:50:47Z,2024-03-01T17:50:47Z,https://api.github.com/repos/BCStudentSoftwareDevTeam/celts/issues/1128,https://github.com/BCStudentSoftwareDevTeam/celts/issues/1128#issuecomment-1973628706
celts,1973630233,bledsoef,User,2024-03-01T17:51:48Z,2024-03-01T17:51:48Z,https://api.github.com/repos/BCStudentSoftwareDevTeam/celts/issues/1124,https://github.com/BCStudentSoftwareDevTeam/celts/issues/1124#issuecomment-1973630233
celts,1973632145,bledsoef,User,2024-03-01T17:53:08Z,2024-03-01T17:53:08Z,https://api.github.com/repos/BCStudentSoftwareDevTeam/celts/issues/1123,https://github.com/BCStudentSoftwareDevTeam/celts/issues/1123#issuecomment-1973632145
celts,1973632432,bledsoef,User,2024-03-01T17:53:21Z,2024-03-01T17:53:21Z,https://api.github.com/repos/BCStudentSoftwareDevTeam/celts/issues/1126,https://github.com/BCStudentSoftwareDevTeam/celts/pull/1126#issuecomment-1973632432
celts,1973635192,bledsoef,User,2024-03-01T17:55:26Z,2024-03-01T17:55:26Z,https://api.github.com/repos/BCStudentSoftwareDevTeam/celts/issues/1122,https://github.com/BCStudentSoftwareDevTeam/celts/issues/1122#issuecomment-1973635192
celts,1973641027,bledsoef,User,2024-03-01T17:59:22Z,2024-03-01T17:59:22Z,https://api.github.com/repos/BCStudentSoftwareDevTeam/celts/issues/1121,https://github.com/BCStudentSoftwareDevTeam/celts/issues/1121#issuecomment-1973641027
celts,1973645041,bledsoef,User,2024-03-01T18:01:02Z,2024-03-01T18:01:02Z,https://api.github.com/repos/BCStudentSoftwareDevTeam/celts/issues/1094,https://github.com/BCStudentSoftwareDevTeam/celts/issues/1094#issuecomment-1973645041
celts,1973646910,bledsoef,User,2024-03-01T18:01:41Z,2024-03-01T18:01:41Z,https://api.github.com/repos/BCStudentSoftwareDevTeam/celts/issues/1075,https://github.com/BCStudentSoftwareDevTeam/celts/issues/1075#issuecomment-1973646910
celts,1973667561,bledsoef,User,2024-03-01T18:08:52Z,2024-03-01T18:08:52Z,https://api.github.com/repos/BCStudentSoftwareDevTeam/celts/issues/1075,https://github.com/BCStudentSoftwareDevTeam/celts/issues/1075#issuecomment-1973667561
celts,1992338872,bledsoef,User,2024-03-12T18:56:38Z,2024-03-12T18:56:38Z,https://api.github.com/repos/BCStudentSoftwareDevTeam/celts/issues/1138,https://github.com/BCStudentSoftwareDevTeam/celts/issues/1138#issuecomment-1992338872
celts,1992348108,bledsoef,User,2024-03-12T19:02:50Z,2024-03-12T19:02:50Z,https://api.github.com/repos/BCStudentSoftwareDevTeam/celts/issues/1063,https://github.com/BCStudentSoftwareDevTeam/celts/pull/1063#issuecomment-1992348108
celts,1994497843,andersoncedu,User,2024-03-13T14:10:53Z,2024-03-13T14:11:43Z,https://api.github.com/repos/BCStudentSoftwareDevTeam/celts/issues/1104,https://github.com/BCStudentSoftwareDevTeam/celts/issues/1104#issuecomment-1994497843
celts,1994617899,bledsoef,User,2024-03-13T15:07:08Z,2024-03-13T15:07:08Z,https://api.github.com/repos/BCStudentSoftwareDevTeam/celts/issues/1141,https://github.com/BCStudentSoftwareDevTeam/celts/issues/1141#issuecomment-1994617899
celts,1994649200,bledsoef,User,2024-03-13T15:20:37Z,2024-03-13T15:20:37Z,https://api.github.com/repos/BCStudentSoftwareDevTeam/celts/issues/1143,https://github.com/BCStudentSoftwareDevTeam/celts/issues/1143#issuecomment-1994649200
celts,1994652372,bledsoef,User,2024-03-13T15:22:04Z,2024-03-13T15:22:04Z,https://api.github.com/repos/BCStudentSoftwareDevTeam/celts/issues/1142,https://github.com/BCStudentSoftwareDevTeam/celts/issues/1142#issuecomment-1994652372
celts,1994787310,bledsoef,User,2024-03-13T16:00:59Z,2024-03-13T16:00:59Z,https://api.github.com/repos/BCStudentSoftwareDevTeam/celts/issues/1144,https://github.com/BCStudentSoftwareDevTeam/celts/issues/1144#issuecomment-1994787310
celts,1994798648,bledsoef,User,2024-03-13T16:04:00Z,2024-03-13T16:04:00Z,https://api.github.com/repos/BCStudentSoftwareDevTeam/celts/issues/1144,https://github.com/BCStudentSoftwareDevTeam/celts/issues/1144#issuecomment-1994798648
celts,1994800886,bledsoef,User,2024-03-13T16:04:36Z,2024-03-13T16:04:36Z,https://api.github.com/repos/BCStudentSoftwareDevTeam/celts/issues/1145,https://github.com/BCStudentSoftwareDevTeam/celts/issues/1145#issuecomment-1994800886
celts,1994841122,bledsoef,User,2024-03-13T16:15:50Z,2024-03-13T16:15:50Z,https://api.github.com/repos/BCStudentSoftwareDevTeam/celts/issues/1146,https://github.com/BCStudentSoftwareDevTeam/celts/issues/1146#issuecomment-1994841122
celts,1994857317,bledsoef,User,2024-03-13T16:20:19Z,2024-03-13T16:20:19Z,https://api.github.com/repos/BCStudentSoftwareDevTeam/celts/issues/1146,https://github.com/BCStudentSoftwareDevTeam/celts/issues/1146#issuecomment-1994857317
celts,1994857933,bledsoef,User,2024-03-13T16:20:29Z,2024-03-13T16:20:29Z,https://api.github.com/repos/BCStudentSoftwareDevTeam/celts/issues/1147,https://github.com/BCStudentSoftwareDevTeam/celts/issues/1147#issuecomment-1994857933
celts,1994873166,bledsoef,User,2024-03-13T16:24:41Z,2024-03-13T16:24:41Z,https://api.github.com/repos/BCStudentSoftwareDevTeam/celts/issues/1148,https://github.com/BCStudentSoftwareDevTeam/celts/issues/1148#issuecomment-1994873166
celts,1994891919,bledsoef,User,2024-03-13T16:29:54Z,2024-03-13T16:29:54Z,https://api.github.com/repos/BCStudentSoftwareDevTeam/celts/issues/1149,https://github.com/BCStudentSoftwareDevTeam/celts/issues/1149#issuecomment-1994891919
celts,1994916947,bledsoef,User,2024-03-13T16:36:45Z,2024-03-13T16:36:45Z,https://api.github.com/repos/BCStudentSoftwareDevTeam/celts/issues/1150,https://github.com/BCStudentSoftwareDevTeam/celts/issues/1150#issuecomment-1994916947
celts,1994959047,bledsoef,User,2024-03-13T16:48:38Z,2024-03-13T16:48:38Z,https://api.github.com/repos/BCStudentSoftwareDevTeam/celts/issues/1151,https://github.com/BCStudentSoftwareDevTeam/celts/issues/1151#issuecomment-1994959047
celts,1994972518,bledsoef,User,2024-03-13T16:52:13Z,2024-03-13T16:52:13Z,https://api.github.com/repos/BCStudentSoftwareDevTeam/celts/issues/1152,https://github.com/BCStudentSoftwareDevTeam/celts/issues/1152#issuecomment-1994972518
celts,2000123963,bledsoef,User,2024-03-15T17:28:35Z,2024-03-15T17:28:35Z,https://api.github.com/repos/BCStudentSoftwareDevTeam/celts/issues/1156,https://github.com/BCStudentSoftwareDevTeam/celts/issues/1156#issuecomment-2000123963
celts,2000232952,bledsoef,User,2024-03-15T18:32:26Z,2024-03-15T18:32:26Z,https://api.github.com/repos/BCStudentSoftwareDevTeam/celts/issues/1157,https://github.com/BCStudentSoftwareDevTeam/celts/issues/1157#issuecomment-2000232952
celts,2000376865,bledsoef,User,2024-03-15T20:10:44Z,2024-03-15T20:10:44Z,https://api.github.com/repos/BCStudentSoftwareDevTeam/celts/issues/1158,https://github.com/BCStudentSoftwareDevTeam/celts/issues/1158#issuecomment-2000376865
celts,2009847186,AndersonStettner,User,2024-03-20T15:28:21Z,2024-03-20T15:28:21Z,https://api.github.com/repos/BCStudentSoftwareDevTeam/celts/issues/1161,https://github.com/BCStudentSoftwareDevTeam/celts/issues/1161#issuecomment-2009847186
celts,2010031736,bledsoef,User,2024-03-20T16:44:54Z,2024-03-20T16:44:54Z,https://api.github.com/repos/BCStudentSoftwareDevTeam/celts/issues/1162,https://github.com/BCStudentSoftwareDevTeam/celts/issues/1162#issuecomment-2010031736
celts,2010037322,bledsoef,User,2024-03-20T16:47:36Z,2024-03-20T16:47:36Z,https://api.github.com/repos/BCStudentSoftwareDevTeam/celts/issues/1159,https://github.com/BCStudentSoftwareDevTeam/celts/issues/1159#issuecomment-2010037322
celts,2015728081,bledsoef,User,2024-03-22T18:58:40Z,2024-04-09T18:47:38Z,https://api.github.com/repos/BCStudentSoftwareDevTeam/celts/issues/1111,https://github.com/BCStudentSoftwareDevTeam/celts/pull/1111#issuecomment-2015728081
celts,2018080630,andersoncedu,User,2024-03-25T14:04:01Z,2024-03-25T14:04:01Z,https://api.github.com/repos/BCStudentSoftwareDevTeam/celts/issues/1154,https://github.com/BCStudentSoftwareDevTeam/celts/pull/1154#issuecomment-2018080630
celts,2018096090,andersoncedu,User,2024-03-25T14:11:22Z,2024-03-25T14:11:22Z,https://api.github.com/repos/BCStudentSoftwareDevTeam/celts/issues/1154,https://github.com/BCStudentSoftwareDevTeam/celts/pull/1154#issuecomment-2018096090
celts,2018104701,andersoncedu,User,2024-03-25T14:15:19Z,2024-03-25T14:15:19Z,https://api.github.com/repos/BCStudentSoftwareDevTeam/celts/issues/1154,https://github.com/BCStudentSoftwareDevTeam/celts/pull/1154#issuecomment-2018104701
celts,2018201799,andersoncedu,User,2024-03-25T14:58:35Z,2024-03-25T14:58:35Z,https://api.github.com/repos/BCStudentSoftwareDevTeam/celts/issues/1163,https://github.com/BCStudentSoftwareDevTeam/celts/issues/1163#issuecomment-2018201799
celts,2021237253,andersoncedu,User,2024-03-26T18:53:25Z,2024-03-26T18:53:25Z,https://api.github.com/repos/BCStudentSoftwareDevTeam/celts/issues/1164,https://github.com/BCStudentSoftwareDevTeam/celts/issues/1164#issuecomment-2021237253
celts,2022915100,stevensonmichel,User,2024-03-27T14:29:54Z,2024-03-27T14:29:54Z,https://api.github.com/repos/BCStudentSoftwareDevTeam/celts/issues/1165,https://github.com/BCStudentSoftwareDevTeam/celts/issues/1165#issuecomment-2022915100
celts,2023031770,bledsoef,User,2024-03-27T15:16:01Z,2024-03-27T15:16:01Z,https://api.github.com/repos/BCStudentSoftwareDevTeam/celts/issues/1154,https://github.com/BCStudentSoftwareDevTeam/celts/pull/1154#issuecomment-2023031770
celts,2024759840,Hira-Ijaz,User,2024-03-28T09:30:07Z,2024-03-28T09:30:07Z,https://api.github.com/repos/BCStudentSoftwareDevTeam/celts/issues/1165,https://github.com/BCStudentSoftwareDevTeam/celts/issues/1165#issuecomment-2024759840
celts,2025962434,hoerstl,User,2024-03-28T19:33:24Z,2024-03-28T19:33:24Z,https://api.github.com/repos/BCStudentSoftwareDevTeam/celts/issues/1087,https://github.com/BCStudentSoftwareDevTeam/celts/pull/1087#issuecomment-2025962434
celts,2032966131,Karina-Agliullova,User,2024-04-02T19:39:47Z,2024-04-09T19:14:37Z,https://api.github.com/repos/BCStudentSoftwareDevTeam/celts/issues/1111,https://github.com/BCStudentSoftwareDevTeam/celts/pull/1111#issuecomment-2032966131
celts,2032970375,andersoncedu,User,2024-04-02T19:42:52Z,2024-04-02T19:42:52Z,https://api.github.com/repos/BCStudentSoftwareDevTeam/celts/issues/1167,https://github.com/BCStudentSoftwareDevTeam/celts/issues/1167#issuecomment-2032970375
celts,2032987795,gahimbaref,User,2024-04-02T19:53:54Z,2024-04-09T19:27:55Z,https://api.github.com/repos/BCStudentSoftwareDevTeam/celts/issues/1111,https://github.com/BCStudentSoftwareDevTeam/celts/pull/1111#issuecomment-2032987795
celts,2033120724,Karina-Agliullova,User,2024-04-02T21:21:07Z,2024-04-09T19:13:44Z,https://api.github.com/repos/BCStudentSoftwareDevTeam/celts/issues/1111,https://github.com/BCStudentSoftwareDevTeam/celts/pull/1111#issuecomment-2033120724
celts,2033127410,Karina-Agliullova,User,2024-04-02T21:26:14Z,2024-04-09T19:15:24Z,https://api.github.com/repos/BCStudentSoftwareDevTeam/celts/issues/1111,https://github.com/BCStudentSoftwareDevTeam/celts/pull/1111#issuecomment-2033127410
celts,2033208612,hoerstl,User,2024-04-02T22:28:58Z,2024-04-02T22:28:58Z,https://api.github.com/repos/BCStudentSoftwareDevTeam/celts/issues/1169,https://github.com/BCStudentSoftwareDevTeam/celts/pull/1169#issuecomment-2033208612
celts,2034861085,stevensonmichel,User,2024-04-03T15:00:12Z,2024-04-09T19:14:52Z,https://api.github.com/repos/BCStudentSoftwareDevTeam/celts/issues/1111,https://github.com/BCStudentSoftwareDevTeam/celts/pull/1111#issuecomment-2034861085
celts,2034972495,andersoncedu,User,2024-04-03T15:46:24Z,2024-04-03T15:46:24Z,https://api.github.com/repos/BCStudentSoftwareDevTeam/celts/issues/1170,https://github.com/BCStudentSoftwareDevTeam/celts/issues/1170#issuecomment-2034972495
celts,2034973886,andersoncedu,User,2024-04-03T15:47:01Z,2024-04-03T15:47:01Z,https://api.github.com/repos/BCStudentSoftwareDevTeam/celts/issues/1171,https://github.com/BCStudentSoftwareDevTeam/celts/issues/1171#issuecomment-2034973886
celts,2035105314,bledsoef,User,2024-04-03T16:51:48Z,2024-04-03T16:51:48Z,https://api.github.com/repos/BCStudentSoftwareDevTeam/celts/issues/1154,https://github.com/BCStudentSoftwareDevTeam/celts/pull/1154#issuecomment-2035105314
celts,2035106043,bledsoef,User,2024-04-03T16:52:13Z,2024-04-03T16:52:13Z,https://api.github.com/repos/BCStudentSoftwareDevTeam/celts/issues/1154,https://github.com/BCStudentSoftwareDevTeam/celts/pull/1154#issuecomment-2035106043
celts,2035111959,bledsoef,User,2024-04-03T16:55:23Z,2024-04-03T16:55:23Z,https://api.github.com/repos/BCStudentSoftwareDevTeam/celts/issues/1142,https://github.com/BCStudentSoftwareDevTeam/celts/issues/1142#issuecomment-2035111959
celts,2035500401,Karina-Agliullova,User,2024-04-03T20:15:24Z,2024-04-16T17:18:29Z,https://api.github.com/repos/BCStudentSoftwareDevTeam/celts/issues/1169,https://github.com/BCStudentSoftwareDevTeam/celts/pull/1169#issuecomment-2035500401
celts,2035618977,stevensonmichel,User,2024-04-03T21:22:47Z,2024-04-09T19:15:13Z,https://api.github.com/repos/BCStudentSoftwareDevTeam/celts/issues/1111,https://github.com/BCStudentSoftwareDevTeam/celts/pull/1111#issuecomment-2035618977
celts,2035620649,stevensonmichel,User,2024-04-03T21:23:58Z,2024-04-09T19:19:22Z,https://api.github.com/repos/BCStudentSoftwareDevTeam/celts/issues/1111,https://github.com/BCStudentSoftwareDevTeam/celts/pull/1111#issuecomment-2035620649
celts,2035622129,stevensonmichel,User,2024-04-03T21:24:56Z,2024-04-09T19:27:47Z,https://api.github.com/repos/BCStudentSoftwareDevTeam/celts/issues/1111,https://github.com/BCStudentSoftwareDevTeam/celts/pull/1111#issuecomment-2035622129
celts,2038068213,Karina-Agliullova,User,2024-04-04T19:38:44Z,2024-04-04T19:38:44Z,https://api.github.com/repos/BCStudentSoftwareDevTeam/celts/issues/1102,https://github.com/BCStudentSoftwareDevTeam/celts/pull/1102#issuecomment-2038068213
celts,2038179975,bledsoef,User,2024-04-04T20:43:22Z,2024-04-04T20:43:22Z,https://api.github.com/repos/BCStudentSoftwareDevTeam/celts/issues/1172,https://github.com/BCStudentSoftwareDevTeam/celts/pull/1172#issuecomment-2038179975
celts,2038206020,gahimbaref,User,2024-04-04T20:57:22Z,2024-04-04T20:57:22Z,https://api.github.com/repos/BCStudentSoftwareDevTeam/celts/issues/1154,https://github.com/BCStudentSoftwareDevTeam/celts/pull/1154#issuecomment-2038206020
celts,2039829803,stevensonmichel,User,2024-04-05T13:38:19Z,2024-04-05T13:38:19Z,https://api.github.com/repos/BCStudentSoftwareDevTeam/celts/issues/1173,https://github.com/BCStudentSoftwareDevTeam/celts/issues/1173#issuecomment-2039829803
celts,2040295423,bledsoef,User,2024-04-05T17:21:57Z,2024-04-05T17:21:57Z,https://api.github.com/repos/BCStudentSoftwareDevTeam/celts/issues/1168,https://github.com/BCStudentSoftwareDevTeam/celts/pull/1168#issuecomment-2040295423
celts,2045187826,AndersonStettner,User,2024-04-09T13:31:06Z,2024-04-09T13:31:06Z,https://api.github.com/repos/BCStudentSoftwareDevTeam/celts/issues/1175,https://github.com/BCStudentSoftwareDevTeam/celts/pull/1175#issuecomment-2045187826
celts,2050492980,hoerstl,User,2024-04-11T20:35:13Z,2024-04-11T20:35:13Z,https://api.github.com/repos/BCStudentSoftwareDevTeam/celts/issues/1176,https://github.com/BCStudentSoftwareDevTeam/celts/pull/1176#issuecomment-2050492980
celts,2051830436,andersoncedu,User,2024-04-12T14:06:01Z,2024-04-12T14:06:16Z,https://api.github.com/repos/BCStudentSoftwareDevTeam/celts/issues/1111,https://github.com/BCStudentSoftwareDevTeam/celts/pull/1111#issuecomment-2051830436
celts,2052217138,bledsoef,User,2024-04-12T17:54:39Z,2024-04-12T17:54:39Z,https://api.github.com/repos/BCStudentSoftwareDevTeam/celts/issues/998,https://github.com/BCStudentSoftwareDevTeam/celts/issues/998#issuecomment-2052217138
celts,2052257519,bledsoef,User,2024-04-12T18:25:27Z,2024-04-12T18:25:27Z,https://api.github.com/repos/BCStudentSoftwareDevTeam/celts/issues/1107,https://github.com/BCStudentSoftwareDevTeam/celts/pull/1107#issuecomment-2052257519
celts,2059688582,bledsoef,User,2024-04-16T18:22:29Z,2024-04-16T18:22:29Z,https://api.github.com/repos/BCStudentSoftwareDevTeam/celts/issues/1174,https://github.com/BCStudentSoftwareDevTeam/celts/pull/1174#issuecomment-2059688582
celts,2061781341,bledsoef,User,2024-04-17T17:03:22Z,2024-04-17T17:03:22Z,https://api.github.com/repos/BCStudentSoftwareDevTeam/celts/issues/1179,https://github.com/BCStudentSoftwareDevTeam/celts/issues/1179#issuecomment-2061781341
celts,2061790860,bledsoef,User,2024-04-17T17:09:17Z,2024-04-17T17:09:17Z,https://api.github.com/repos/BCStudentSoftwareDevTeam/celts/issues/1180,https://github.com/BCStudentSoftwareDevTeam/celts/issues/1180#issuecomment-2061790860
celts,2061960429,bledsoef,User,2024-04-17T18:32:27Z,2024-04-17T18:32:27Z,https://api.github.com/repos/BCStudentSoftwareDevTeam/celts/issues/1063,https://github.com/BCStudentSoftwareDevTeam/celts/pull/1063#issuecomment-2061960429
celts,2065303544,hoerstl,User,2024-04-18T20:51:40Z,2024-04-18T20:51:40Z,https://api.github.com/repos/BCStudentSoftwareDevTeam/celts/issues/1182,https://github.com/BCStudentSoftwareDevTeam/celts/pull/1182#issuecomment-2065303544
celts,2067089022,bledsoef,User,2024-04-19T18:28:49Z,2024-04-19T18:28:49Z,https://api.github.com/repos/BCStudentSoftwareDevTeam/celts/issues/1072,https://github.com/BCStudentSoftwareDevTeam/celts/pull/1072#issuecomment-2067089022
celts,2067099720,bledsoef,User,2024-04-19T18:36:54Z,2024-04-23T23:22:48Z,https://api.github.com/repos/BCStudentSoftwareDevTeam/celts/issues/1182,https://github.com/BCStudentSoftwareDevTeam/celts/pull/1182#issuecomment-2067099720
celts,2069555875,andersoncedu,User,2024-04-22T14:01:13Z,2024-04-22T14:10:44Z,https://api.github.com/repos/BCStudentSoftwareDevTeam/celts/issues/1182,https://github.com/BCStudentSoftwareDevTeam/celts/pull/1182#issuecomment-2069555875
celts,2073647162,hoerstl,User,2024-04-23T23:24:20Z,2024-04-23T23:24:20Z,https://api.github.com/repos/BCStudentSoftwareDevTeam/celts/issues/1182,https://github.com/BCStudentSoftwareDevTeam/celts/pull/1182#issuecomment-2073647162
celts,2075069016,stevensonmichel,User,2024-04-24T14:20:27Z,2024-04-25T18:22:59Z,https://api.github.com/repos/BCStudentSoftwareDevTeam/celts/issues/1182,https://github.com/BCStudentSoftwareDevTeam/celts/pull/1182#issuecomment-2075069016
celts,2075175358,bledsoef,User,2024-04-24T15:07:55Z,2024-04-24T15:07:55Z,https://api.github.com/repos/BCStudentSoftwareDevTeam/celts/issues/1111,https://github.com/BCStudentSoftwareDevTeam/celts/pull/1111#issuecomment-2075175358
celts,2075205081,bledsoef,User,2024-04-24T15:21:44Z,2024-04-24T15:21:44Z,https://api.github.com/repos/BCStudentSoftwareDevTeam/celts/issues/1111,https://github.com/BCStudentSoftwareDevTeam/celts/pull/1111#issuecomment-2075205081
celts,2077895638,hoerstl,User,2024-04-25T18:22:49Z,2024-04-25T18:22:49Z,https://api.github.com/repos/BCStudentSoftwareDevTeam/celts/issues/1182,https://github.com/BCStudentSoftwareDevTeam/celts/pull/1182#issuecomment-2077895638
celts,2079451939,andersoncedu,User,2024-04-26T13:58:11Z,2024-04-26T13:58:11Z,https://api.github.com/repos/BCStudentSoftwareDevTeam/celts/issues/1182,https://github.com/BCStudentSoftwareDevTeam/celts/pull/1182#issuecomment-2079451939
celts,2088503179,hoerstl,User,2024-05-01T13:57:31Z,2024-05-01T13:57:31Z,https://api.github.com/repos/BCStudentSoftwareDevTeam/celts/issues/1182,https://github.com/BCStudentSoftwareDevTeam/celts/pull/1182#issuecomment-2088503179
celts,2088504954,hoerstl,User,2024-05-01T13:58:52Z,2024-05-01T13:58:52Z,https://api.github.com/repos/BCStudentSoftwareDevTeam/celts/issues/1184,https://github.com/BCStudentSoftwareDevTeam/celts/pull/1184#issuecomment-2088504954
celts,2088900691,AndersonStettner,User,2024-05-01T18:38:00Z,2024-05-01T18:38:24Z,https://api.github.com/repos/BCStudentSoftwareDevTeam/celts/issues/1184,https://github.com/BCStudentSoftwareDevTeam/celts/pull/1184#issuecomment-2088900691
celts,2160926353,ali-ramazani,User,2024-06-11T14:34:37Z,2024-06-11T14:34:37Z,https://api.github.com/repos/BCStudentSoftwareDevTeam/celts/issues/1185,https://github.com/BCStudentSoftwareDevTeam/celts/pull/1185#issuecomment-2160926353
celts,2160985241,seedyjahateh,User,2024-06-11T14:59:18Z,2024-06-11T14:59:18Z,https://api.github.com/repos/BCStudentSoftwareDevTeam/celts/issues/1162,https://github.com/BCStudentSoftwareDevTeam/celts/issues/1162#issuecomment-2160985241
celts,2160986914,Ndiayem14,User,2024-06-11T15:00:03Z,2024-06-11T15:00:03Z,https://api.github.com/repos/BCStudentSoftwareDevTeam/celts/issues/1162,https://github.com/BCStudentSoftwareDevTeam/celts/issues/1162#issuecomment-2160986914
celts,2161004891,eunsungw,User,2024-06-11T15:07:46Z,2024-06-11T15:07:46Z,https://api.github.com/repos/BCStudentSoftwareDevTeam/celts/issues/1193,https://github.com/BCStudentSoftwareDevTeam/celts/pull/1193#issuecomment-2161004891
celts,2161005455,Kafui123,User,2024-06-11T15:08:01Z,2024-06-11T15:08:01Z,https://api.github.com/repos/BCStudentSoftwareDevTeam/celts/issues/1192,https://github.com/BCStudentSoftwareDevTeam/celts/pull/1192#issuecomment-2161005455
celts,2161048183,Karina-Agliullova,User,2024-06-11T15:27:10Z,2024-06-11T15:27:10Z,https://api.github.com/repos/BCStudentSoftwareDevTeam/celts/issues/1189,https://github.com/BCStudentSoftwareDevTeam/celts/pull/1189#issuecomment-2161048183
celts,2161299580,Ndiayem14,User,2024-06-11T17:43:50Z,2024-06-11T17:43:50Z,https://api.github.com/repos/BCStudentSoftwareDevTeam/celts/issues/1162,https://github.com/BCStudentSoftwareDevTeam/celts/issues/1162#issuecomment-2161299580
celts,2161587827,Ndiayem14,User,2024-06-11T20:55:41Z,2024-06-11T20:55:41Z,https://api.github.com/repos/BCStudentSoftwareDevTeam/celts/issues/1200,https://github.com/BCStudentSoftwareDevTeam/celts/pull/1200#issuecomment-2161587827
celts,2163105483,vungc,User,2024-06-12T14:07:05Z,2024-06-12T14:07:05Z,https://api.github.com/repos/BCStudentSoftwareDevTeam/celts/issues/1198,https://github.com/BCStudentSoftwareDevTeam/celts/pull/1198#issuecomment-2163105483
celts,2163350025,vungc,User,2024-06-12T15:38:20Z,2024-06-12T15:38:20Z,https://api.github.com/repos/BCStudentSoftwareDevTeam/celts/issues/1206,https://github.com/BCStudentSoftwareDevTeam/celts/issues/1206#issuecomment-2163350025
celts,2163736134,WackyWeaver,User,2024-06-12T19:16:59Z,2024-06-12T19:16:59Z,https://api.github.com/repos/BCStudentSoftwareDevTeam/celts/issues/1201,https://github.com/BCStudentSoftwareDevTeam/celts/pull/1201#issuecomment-2163736134
celts,2165519299,vungc,User,2024-06-13T12:29:33Z,2024-06-13T12:29:33Z,https://api.github.com/repos/BCStudentSoftwareDevTeam/celts/issues/1210,https://github.com/BCStudentSoftwareDevTeam/celts/issues/1210#issuecomment-2165519299
celts,2165568488,WackyWeaver,User,2024-06-13T12:51:03Z,2024-06-13T12:51:03Z,https://api.github.com/repos/BCStudentSoftwareDevTeam/celts/issues/1211,https://github.com/BCStudentSoftwareDevTeam/celts/pull/1211#issuecomment-2165568488
celts,2165877477,ali-ramazani,User,2024-06-13T14:41:23Z,2024-06-13T14:41:23Z,https://api.github.com/repos/BCStudentSoftwareDevTeam/celts/issues/1211,https://github.com/BCStudentSoftwareDevTeam/celts/pull/1211#issuecomment-2165877477
celts,2166433337,JohnCox2211,User,2024-06-13T17:47:36Z,2024-06-13T17:47:36Z,https://api.github.com/repos/BCStudentSoftwareDevTeam/celts/issues/1165,https://github.com/BCStudentSoftwareDevTeam/celts/issues/1165#issuecomment-2166433337
celts,2166701196,eunsungw,User,2024-06-13T20:24:17Z,2024-06-13T20:24:17Z,https://api.github.com/repos/BCStudentSoftwareDevTeam/celts/issues/1199,https://github.com/BCStudentSoftwareDevTeam/celts/issues/1199#issuecomment-2166701196
celts,2166725176,Mahak1729,User,2024-06-13T20:38:34Z,2024-06-13T20:38:34Z,https://api.github.com/repos/BCStudentSoftwareDevTeam/celts/issues/1120,https://github.com/BCStudentSoftwareDevTeam/celts/issues/1120#issuecomment-2166725176
celts,2166847802,MImran2002,User,2024-06-13T21:45:32Z,2024-06-13T21:45:32Z,https://api.github.com/repos/BCStudentSoftwareDevTeam/celts/issues/1213,https://github.com/BCStudentSoftwareDevTeam/celts/issues/1213#issuecomment-2166847802
celts,2168220578,ali-ramazani,User,2024-06-14T14:57:37Z,2024-06-14T14:57:37Z,https://api.github.com/repos/BCStudentSoftwareDevTeam/celts/issues/1211,https://github.com/BCStudentSoftwareDevTeam/celts/pull/1211#issuecomment-2168220578
celts,2173965305,WackyWeaver,User,2024-06-17T17:35:40Z,2024-06-17T17:35:40Z,https://api.github.com/repos/BCStudentSoftwareDevTeam/celts/issues/1173,https://github.com/BCStudentSoftwareDevTeam/celts/issues/1173#issuecomment-2173965305
celts,2174235995,JohnCox2211,User,2024-06-17T19:12:53Z,2024-06-17T19:12:53Z,https://api.github.com/repos/BCStudentSoftwareDevTeam/celts/issues/810,https://github.com/BCStudentSoftwareDevTeam/celts/issues/810#issuecomment-2174235995
celts,2174245355,JohnCox2211,User,2024-06-17T19:19:01Z,2024-06-17T19:19:01Z,https://api.github.com/repos/BCStudentSoftwareDevTeam/celts/issues/1219,https://github.com/BCStudentSoftwareDevTeam/celts/pull/1219#issuecomment-2174245355
celts,2174249670,JohnCox2211,User,2024-06-17T19:21:45Z,2024-06-17T19:21:45Z,https://api.github.com/repos/BCStudentSoftwareDevTeam/celts/issues/1222,https://github.com/BCStudentSoftwareDevTeam/celts/pull/1222#issuecomment-2174249670
celts,2176562565,JohnCox2211,User,2024-06-18T16:55:51Z,2024-06-18T16:55:51Z,https://api.github.com/repos/BCStudentSoftwareDevTeam/celts/issues/1227,https://github.com/BCStudentSoftwareDevTeam/celts/pull/1227#issuecomment-2176562565
celts,2176640887,seedyjahateh,User,2024-06-18T17:42:16Z,2024-06-18T17:42:16Z,https://api.github.com/repos/BCStudentSoftwareDevTeam/celts/issues/1171,https://github.com/BCStudentSoftwareDevTeam/celts/issues/1171#issuecomment-2176640887
celts,2176838232,JohnCox2211,User,2024-06-18T19:46:31Z,2024-06-18T19:46:31Z,https://api.github.com/repos/BCStudentSoftwareDevTeam/celts/issues/1170,https://github.com/BCStudentSoftwareDevTeam/celts/issues/1170#issuecomment-2176838232
celts,2176880149,vungc,User,2024-06-18T20:09:00Z,2024-06-18T20:09:00Z,https://api.github.com/repos/BCStudentSoftwareDevTeam/celts/issues/1206,https://github.com/BCStudentSoftwareDevTeam/celts/issues/1206#issuecomment-2176880149
celts,2176918817,WackyWeaver,User,2024-06-18T20:31:15Z,2024-06-18T20:31:15Z,https://api.github.com/repos/BCStudentSoftwareDevTeam/celts/issues/1225,https://github.com/BCStudentSoftwareDevTeam/celts/issues/1225#issuecomment-2176918817
celts,2176964629,JohnCox2211,User,2024-06-18T21:00:52Z,2024-06-18T21:00:52Z,https://api.github.com/repos/BCStudentSoftwareDevTeam/celts/issues/655,https://github.com/BCStudentSoftwareDevTeam/celts/issues/655#issuecomment-2176964629
celts,2178965644,vungc,User,2024-06-19T15:20:24Z,2024-06-19T15:20:24Z,https://api.github.com/repos/BCStudentSoftwareDevTeam/celts/issues/1214,https://github.com/BCStudentSoftwareDevTeam/celts/pull/1214#issuecomment-2178965644
celts,2180627538,vungc,User,2024-06-20T13:01:48Z,2024-06-20T14:00:26Z,https://api.github.com/repos/BCStudentSoftwareDevTeam/celts/issues/1156,https://github.com/BCStudentSoftwareDevTeam/celts/issues/1156#issuecomment-2180627538
celts,2182910936,Ndiayem14,User,2024-06-21T14:54:58Z,2024-06-21T14:54:58Z,https://api.github.com/repos/BCStudentSoftwareDevTeam/celts/issues/1233,https://github.com/BCStudentSoftwareDevTeam/celts/pull/1233#issuecomment-2182910936
celts,2183258952,Ndiayem14,User,2024-06-21T18:30:17Z,2024-06-21T18:30:17Z,https://api.github.com/repos/BCStudentSoftwareDevTeam/celts/issues/1234,https://github.com/BCStudentSoftwareDevTeam/celts/pull/1234#issuecomment-2183258952
celts,2187101625,Ndiayem14,User,2024-06-24T17:49:51Z,2024-06-24T17:49:51Z,https://api.github.com/repos/BCStudentSoftwareDevTeam/celts/issues/1237,https://github.com/BCStudentSoftwareDevTeam/celts/pull/1237#issuecomment-2187101625
celts,2187250082,Ndiayem14,User,2024-06-24T19:22:21Z,2024-06-24T19:22:21Z,https://api.github.com/repos/BCStudentSoftwareDevTeam/celts/issues/1240,https://github.com/BCStudentSoftwareDevTeam/celts/pull/1240#issuecomment-2187250082
celts,2189022489,ali-ramazani,User,2024-06-25T13:51:46Z,2024-06-25T13:51:46Z,https://api.github.com/repos/BCStudentSoftwareDevTeam/celts/issues/1241,https://github.com/BCStudentSoftwareDevTeam/celts/issues/1241#issuecomment-2189022489
celts,2189597497,ali-ramazani,User,2024-06-25T17:43:36Z,2024-06-25T17:43:36Z,https://api.github.com/repos/BCStudentSoftwareDevTeam/celts/issues/1243,https://github.com/BCStudentSoftwareDevTeam/celts/pull/1243#issuecomment-2189597497
celts,2189949651,Karina-Agliullova,User,2024-06-25T20:54:14Z,2024-06-25T20:54:14Z,https://api.github.com/repos/BCStudentSoftwareDevTeam/celts/issues/1212,https://github.com/BCStudentSoftwareDevTeam/celts/pull/1212#issuecomment-2189949651
celts,2192322262,Ndiayem14,User,2024-06-26T18:04:32Z,2024-06-26T18:04:32Z,https://api.github.com/repos/BCStudentSoftwareDevTeam/celts/issues/1245,https://github.com/BCStudentSoftwareDevTeam/celts/pull/1245#issuecomment-2192322262
celts,2192602981,JohnCox2211,User,2024-06-26T20:48:27Z,2024-06-26T20:48:27Z,https://api.github.com/repos/BCStudentSoftwareDevTeam/celts/issues/1247,https://github.com/BCStudentSoftwareDevTeam/celts/pull/1247#issuecomment-2192602981
celts,2197619095,seedyjahateh,User,2024-06-28T20:32:56Z,2024-06-28T20:32:56Z,https://api.github.com/repos/BCStudentSoftwareDevTeam/celts/issues/1234,https://github.com/BCStudentSoftwareDevTeam/celts/pull/1234#issuecomment-2197619095
celts,2200175409,MImran2002,User,2024-07-01T13:33:20Z,2024-07-01T13:33:20Z,https://api.github.com/repos/BCStudentSoftwareDevTeam/celts/issues/1122,https://github.com/BCStudentSoftwareDevTeam/celts/issues/1122#issuecomment-2200175409
celts,2200180132,MImran2002,User,2024-07-01T13:35:14Z,2024-07-01T13:35:14Z,https://api.github.com/repos/BCStudentSoftwareDevTeam/celts/issues/1213,https://github.com/BCStudentSoftwareDevTeam/celts/issues/1213#issuecomment-2200180132
celts,2200829979,ali-ramazani,User,2024-07-01T19:07:13Z,2024-07-01T19:07:13Z,https://api.github.com/repos/BCStudentSoftwareDevTeam/celts/issues/1237,https://github.com/BCStudentSoftwareDevTeam/celts/pull/1237#issuecomment-2200829979
celts,2200867735,seedyjahateh,User,2024-07-01T19:25:16Z,2024-07-01T19:25:16Z,https://api.github.com/repos/BCStudentSoftwareDevTeam/celts/issues/1251,https://github.com/BCStudentSoftwareDevTeam/celts/pull/1251#issuecomment-2200867735
celts,2200906599,ali-ramazani,User,2024-07-01T19:49:08Z,2024-07-01T19:49:08Z,https://api.github.com/repos/BCStudentSoftwareDevTeam/celts/issues/1245,https://github.com/BCStudentSoftwareDevTeam/celts/pull/1245#issuecomment-2200906599
celts,2200921202,Ndiayem14,User,2024-07-01T19:59:01Z,2024-07-01T19:59:01Z,https://api.github.com/repos/BCStudentSoftwareDevTeam/celts/issues/1255,https://github.com/BCStudentSoftwareDevTeam/celts/pull/1255#issuecomment-2200921202
celts,2200923089,seedyjahateh,User,2024-07-01T19:59:45Z,2024-07-01T19:59:45Z,https://api.github.com/repos/BCStudentSoftwareDevTeam/celts/issues/1253,https://github.com/BCStudentSoftwareDevTeam/celts/pull/1253#issuecomment-2200923089
celts,2200933277,Ndiayem14,User,2024-07-01T20:06:12Z,2024-07-01T20:06:12Z,https://api.github.com/repos/BCStudentSoftwareDevTeam/celts/issues/1253,https://github.com/BCStudentSoftwareDevTeam/celts/pull/1253#issuecomment-2200933277
celts,2203176711,MImran2002,User,2024-07-02T13:32:47Z,2024-07-02T13:32:47Z,https://api.github.com/repos/BCStudentSoftwareDevTeam/celts/issues/1256,https://github.com/BCStudentSoftwareDevTeam/celts/pull/1256#issuecomment-2203176711
celts,2203356004,Ndiayem14,User,2024-07-02T14:21:12Z,2024-07-02T14:21:12Z,https://api.github.com/repos/BCStudentSoftwareDevTeam/celts/issues/1256,https://github.com/BCStudentSoftwareDevTeam/celts/pull/1256#issuecomment-2203356004
celts,2203356985,ali-ramazani,User,2024-07-02T14:21:38Z,2024-07-02T14:21:38Z,https://api.github.com/repos/BCStudentSoftwareDevTeam/celts/issues/1256,https://github.com/BCStudentSoftwareDevTeam/celts/pull/1256#issuecomment-2203356985
celts,2204036104,WackyWeaver,User,2024-07-02T18:36:11Z,2024-07-02T18:36:11Z,https://api.github.com/repos/BCStudentSoftwareDevTeam/celts/issues/1252,https://github.com/BCStudentSoftwareDevTeam/celts/pull/1252#issuecomment-2204036104
celts,2204240574,MImran2002,User,2024-07-02T19:46:10Z,2024-07-02T19:46:10Z,https://api.github.com/repos/BCStudentSoftwareDevTeam/celts/issues/1251,https://github.com/BCStudentSoftwareDevTeam/celts/pull/1251#issuecomment-2204240574
celts,2204276107,seedyjahateh,User,2024-07-02T19:57:18Z,2024-07-02T19:57:18Z,https://api.github.com/repos/BCStudentSoftwareDevTeam/celts/issues/1252,https://github.com/BCStudentSoftwareDevTeam/celts/pull/1252#issuecomment-2204276107
celts,2204413906,ali-ramazani,User,2024-07-02T21:02:58Z,2024-07-02T21:02:58Z,https://api.github.com/repos/BCStudentSoftwareDevTeam/celts/issues/1220,https://github.com/BCStudentSoftwareDevTeam/celts/pull/1220#issuecomment-2204413906
celts,2206080161,MImran2002,User,2024-07-03T13:28:17Z,2024-07-03T13:28:17Z,https://api.github.com/repos/BCStudentSoftwareDevTeam/celts/issues/1258,https://github.com/BCStudentSoftwareDevTeam/celts/pull/1258#issuecomment-2206080161
celts,2206080849,WackyWeaver,User,2024-07-03T13:28:35Z,2024-07-03T13:28:35Z,https://api.github.com/repos/BCStudentSoftwareDevTeam/celts/issues/1214,https://github.com/BCStudentSoftwareDevTeam/celts/pull/1214#issuecomment-2206080849
celts,2206098018,seedyjahateh,User,2024-07-03T13:36:42Z,2024-07-03T13:36:42Z,https://api.github.com/repos/BCStudentSoftwareDevTeam/celts/issues/1243,https://github.com/BCStudentSoftwareDevTeam/celts/pull/1243#issuecomment-2206098018
celts,2206217967,MImran2002,User,2024-07-03T14:10:44Z,2024-07-03T14:10:44Z,https://api.github.com/repos/BCStudentSoftwareDevTeam/celts/issues/1254,https://github.com/BCStudentSoftwareDevTeam/celts/pull/1254#issuecomment-2206217967
celts,2206721348,ali-ramazani,User,2024-07-03T16:10:15Z,2024-07-03T16:10:15Z,https://api.github.com/repos/BCStudentSoftwareDevTeam/celts/issues/1254,https://github.com/BCStudentSoftwareDevTeam/celts/pull/1254#issuecomment-2206721348
celts,2206909160,WackyWeaver,User,2024-07-03T18:00:19Z,2024-07-03T18:00:19Z,https://api.github.com/repos/BCStudentSoftwareDevTeam/celts/issues/1240,https://github.com/BCStudentSoftwareDevTeam/celts/pull/1240#issuecomment-2206909160
celts,2207171120,WackyWeaver,User,2024-07-03T20:18:10Z,2024-07-03T20:18:10Z,https://api.github.com/repos/BCStudentSoftwareDevTeam/celts/issues/1215,https://github.com/BCStudentSoftwareDevTeam/celts/pull/1215#issuecomment-2207171120
celts,2209496130,MImran2002,User,2024-07-04T19:40:17Z,2024-07-04T19:40:17Z,https://api.github.com/repos/BCStudentSoftwareDevTeam/celts/issues/1260,https://github.com/BCStudentSoftwareDevTeam/celts/pull/1260#issuecomment-2209496130
celts,2209515446,MImran2002,User,2024-07-04T20:04:07Z,2024-07-04T20:04:07Z,https://api.github.com/repos/BCStudentSoftwareDevTeam/celts/issues/1218,https://github.com/BCStudentSoftwareDevTeam/celts/pull/1218#issuecomment-2209515446
celts,2220680618,vungc,User,2024-07-10T14:32:38Z,2024-07-10T14:32:38Z,https://api.github.com/repos/BCStudentSoftwareDevTeam/celts/issues/1263,https://github.com/BCStudentSoftwareDevTeam/celts/issues/1263#issuecomment-2220680618
celts,2220682048,Mbeweg,User,2024-07-10T14:33:10Z,2024-07-10T14:33:10Z,https://api.github.com/repos/BCStudentSoftwareDevTeam/celts/issues/1263,https://github.com/BCStudentSoftwareDevTeam/celts/issues/1263#issuecomment-2220682048
celts,2220716221,vungc,User,2024-07-10T14:47:31Z,2024-07-10T14:47:31Z,https://api.github.com/repos/BCStudentSoftwareDevTeam/celts/issues/1264,https://github.com/BCStudentSoftwareDevTeam/celts/pull/1264#issuecomment-2220716221
celts,2220754234,Mbeweg,User,2024-07-10T15:03:52Z,2024-07-10T15:03:52Z,https://api.github.com/repos/BCStudentSoftwareDevTeam/celts/issues/1265,https://github.com/BCStudentSoftwareDevTeam/celts/issues/1265#issuecomment-2220754234
celts,2221345246,vungc,User,2024-07-10T20:09:58Z,2024-07-10T20:09:58Z,https://api.github.com/repos/BCStudentSoftwareDevTeam/celts/issues/1269,https://github.com/BCStudentSoftwareDevTeam/celts/pull/1269#issuecomment-2221345246
celts,2221428692,vungc,User,2024-07-10T20:49:21Z,2024-07-10T20:49:21Z,https://api.github.com/repos/BCStudentSoftwareDevTeam/celts/issues/1265,https://github.com/BCStudentSoftwareDevTeam/celts/issues/1265#issuecomment-2221428692
celts,2222979712,Mbeweg,User,2024-07-11T13:43:48Z,2024-07-11T13:43:48Z,https://api.github.com/repos/BCStudentSoftwareDevTeam/celts/issues/1270,https://github.com/BCStudentSoftwareDevTeam/celts/issues/1270#issuecomment-2222979712
celts,2223106093,vungc,User,2024-07-11T14:35:39Z,2024-07-11T14:35:39Z,https://api.github.com/repos/BCStudentSoftwareDevTeam/celts/issues/1270,https://github.com/BCStudentSoftwareDevTeam/celts/issues/1270#issuecomment-2223106093
celts,2225657368,vungc,User,2024-07-12T14:03:57Z,2024-07-12T14:03:57Z,https://api.github.com/repos/BCStudentSoftwareDevTeam/celts/issues/1271,https://github.com/BCStudentSoftwareDevTeam/celts/pull/1271#issuecomment-2225657368
celts,2225791161,eunsungw,User,2024-07-12T15:07:03Z,2024-07-12T15:07:03Z,https://api.github.com/repos/BCStudentSoftwareDevTeam/celts/issues/1273,https://github.com/BCStudentSoftwareDevTeam/celts/issues/1273#issuecomment-2225791161
celts,2226103485,Mbeweg,User,2024-07-12T17:55:53Z,2024-07-12T17:55:53Z,https://api.github.com/repos/BCStudentSoftwareDevTeam/celts/issues/1274,https://github.com/BCStudentSoftwareDevTeam/celts/issues/1274#issuecomment-2226103485
celts,2226338511,ali-ramazani,User,2024-07-12T20:52:56Z,2024-07-12T20:52:56Z,https://api.github.com/repos/BCStudentSoftwareDevTeam/celts/issues/1272,https://github.com/BCStudentSoftwareDevTeam/celts/pull/1272#issuecomment-2226338511
celts,2227401964,WackyWeaver,User,2024-07-14T16:19:38Z,2024-07-14T16:19:38Z,https://api.github.com/repos/BCStudentSoftwareDevTeam/celts/issues/1271,https://github.com/BCStudentSoftwareDevTeam/celts/pull/1271#issuecomment-2227401964
celts,2228569073,eunsungw,User,2024-07-15T13:56:23Z,2024-07-15T13:56:23Z,https://api.github.com/repos/BCStudentSoftwareDevTeam/celts/issues/1272,https://github.com/BCStudentSoftwareDevTeam/celts/pull/1272#issuecomment-2228569073
celts,2228716992,eunsungw,User,2024-07-15T15:02:09Z,2024-07-15T15:02:09Z,https://api.github.com/repos/BCStudentSoftwareDevTeam/celts/issues/1276,https://github.com/BCStudentSoftwareDevTeam/celts/issues/1276#issuecomment-2228716992
celts,2229213044,Ndiayem14,User,2024-07-15T19:18:16Z,2024-07-15T19:18:16Z,https://api.github.com/repos/BCStudentSoftwareDevTeam/celts/issues/1272,https://github.com/BCStudentSoftwareDevTeam/celts/pull/1272#issuecomment-2229213044
celts,2230979623,Mbeweg,User,2024-07-16T14:03:44Z,2024-07-16T14:03:44Z,https://api.github.com/repos/BCStudentSoftwareDevTeam/celts/issues/1279,https://github.com/BCStudentSoftwareDevTeam/celts/issues/1279#issuecomment-2230979623
celts,2234070025,Mbeweg,User,2024-07-17T19:21:40Z,2024-07-17T19:21:40Z,https://api.github.com/repos/BCStudentSoftwareDevTeam/celts/issues/1283,https://github.com/BCStudentSoftwareDevTeam/celts/issues/1283#issuecomment-2234070025
celts,2237530596,eunsungw,User,2024-07-18T20:38:56Z,2024-07-18T20:38:56Z,https://api.github.com/repos/BCStudentSoftwareDevTeam/celts/issues/1247,https://github.com/BCStudentSoftwareDevTeam/celts/pull/1247#issuecomment-2237530596
celts,2243103393,WackyWeaver,User,2024-07-22T14:28:38Z,2024-07-22T14:28:38Z,https://api.github.com/repos/BCStudentSoftwareDevTeam/celts/issues/1287,https://github.com/BCStudentSoftwareDevTeam/celts/issues/1287#issuecomment-2243103393
celts,2243656719,WackyWeaver,User,2024-07-22T19:22:59Z,2024-07-22T19:22:59Z,https://api.github.com/repos/BCStudentSoftwareDevTeam/celts/issues/1251,https://github.com/BCStudentSoftwareDevTeam/celts/pull/1251#issuecomment-2243656719
celts,2243721264,WackyWeaver,User,2024-07-22T20:04:00Z,2024-07-22T20:04:00Z,https://api.github.com/repos/BCStudentSoftwareDevTeam/celts/issues/1287,https://github.com/BCStudentSoftwareDevTeam/celts/issues/1287#issuecomment-2243721264
celts,2243785401,thealphagurlux,User,2024-07-22T20:46:15Z,2024-07-22T20:46:15Z,https://api.github.com/repos/BCStudentSoftwareDevTeam/celts/issues/1288,https://github.com/BCStudentSoftwareDevTeam/celts/pull/1288#issuecomment-2243785401
celts,2245125986,vungc,User,2024-07-23T12:30:40Z,2024-07-23T12:30:40Z,https://api.github.com/repos/BCStudentSoftwareDevTeam/celts/issues/1271,https://github.com/BCStudentSoftwareDevTeam/celts/pull/1271#issuecomment-2245125986
celts,2245164031,JohnCox2211,User,2024-07-23T12:49:51Z,2024-07-23T12:49:51Z,https://api.github.com/repos/BCStudentSoftwareDevTeam/celts/issues/1288,https://github.com/BCStudentSoftwareDevTeam/celts/pull/1288#issuecomment-2245164031
celts,2245320330,JohnCox2211,User,2024-07-23T13:52:02Z,2024-07-23T13:52:02Z,https://api.github.com/repos/BCStudentSoftwareDevTeam/celts/issues/1292,https://github.com/BCStudentSoftwareDevTeam/celts/pull/1292#issuecomment-2245320330
celts,2248810691,MImran2002,User,2024-07-24T20:08:26Z,2024-07-24T20:08:26Z,https://api.github.com/repos/BCStudentSoftwareDevTeam/celts/issues/1286,https://github.com/BCStudentSoftwareDevTeam/celts/pull/1286#issuecomment-2248810691
celts,2248855789,JohnCox2211,User,2024-07-24T20:36:50Z,2024-07-24T20:36:50Z,https://api.github.com/repos/BCStudentSoftwareDevTeam/celts/issues/1296,https://github.com/BCStudentSoftwareDevTeam/celts/pull/1296#issuecomment-2248855789
celts,2251067703,Mbeweg,User,2024-07-25T17:45:46Z,2024-07-25T17:46:22Z,https://api.github.com/repos/BCStudentSoftwareDevTeam/celts/issues/1295,https://github.com/BCStudentSoftwareDevTeam/celts/issues/1295#issuecomment-2251067703
celts,2251210307,sheggen,User,2024-07-25T19:03:21Z,2024-07-25T19:03:21Z,https://api.github.com/repos/BCStudentSoftwareDevTeam/celts/issues/708,https://github.com/BCStudentSoftwareDevTeam/celts/issues/708#issuecomment-2251210307
celts,2252852630,JohnCox2211,User,2024-07-26T14:07:04Z,2024-07-26T14:07:04Z,https://api.github.com/repos/BCStudentSoftwareDevTeam/celts/issues/1219,https://github.com/BCStudentSoftwareDevTeam/celts/pull/1219#issuecomment-2252852630
celts,2253222574,thealphagurlux,User,2024-07-26T17:54:19Z,2024-07-26T17:54:19Z,https://api.github.com/repos/BCStudentSoftwareDevTeam/celts/issues/1132,https://github.com/BCStudentSoftwareDevTeam/celts/issues/1132#issuecomment-2253222574
celts,2261164073,WackyWeaver,User,2024-07-31T18:33:55Z,2024-07-31T18:33:55Z,https://api.github.com/repos/BCStudentSoftwareDevTeam/celts/issues/1301,https://github.com/BCStudentSoftwareDevTeam/celts/issues/1301#issuecomment-2261164073
celts,2261171448,WackyWeaver,User,2024-07-31T18:38:43Z,2024-07-31T18:38:43Z,https://api.github.com/repos/BCStudentSoftwareDevTeam/celts/issues/1302,https://github.com/BCStudentSoftwareDevTeam/celts/issues/1302#issuecomment-2261171448
celts,2261186244,WackyWeaver,User,2024-07-31T18:48:19Z,2024-07-31T18:48:19Z,https://api.github.com/repos/BCStudentSoftwareDevTeam/celts/issues/1303,https://github.com/BCStudentSoftwareDevTeam/celts/issues/1303#issuecomment-2261186244
celts,2263307260,WackyWeaver,User,2024-08-01T15:06:04Z,2024-08-01T15:06:04Z,https://api.github.com/repos/BCStudentSoftwareDevTeam/celts/issues/1289,https://github.com/BCStudentSoftwareDevTeam/celts/issues/1289#issuecomment-2263307260
celts,2263378428,dixita9,User,2024-08-01T15:38:03Z,2024-08-01T15:38:03Z,https://api.github.com/repos/BCStudentSoftwareDevTeam/celts/issues/1306,https://github.com/BCStudentSoftwareDevTeam/celts/issues/1306#issuecomment-2263378428
celts,2296788350,Karina-Agliullova,User,2024-08-19T14:58:39Z,2024-08-19T14:58:39Z,https://api.github.com/repos/BCStudentSoftwareDevTeam/celts/issues/1218,https://github.com/BCStudentSoftwareDevTeam/celts/pull/1218#issuecomment-2296788350
celts,2300567919,bledsoef,User,2024-08-21T03:33:13Z,2024-08-21T03:33:13Z,https://api.github.com/repos/BCStudentSoftwareDevTeam/celts/issues/1228,https://github.com/BCStudentSoftwareDevTeam/celts/issues/1228#issuecomment-2300567919
celts,2300587475,bledsoef,User,2024-08-21T03:37:24Z,2024-08-21T03:37:24Z,https://api.github.com/repos/BCStudentSoftwareDevTeam/celts/issues/1294,https://github.com/BCStudentSoftwareDevTeam/celts/issues/1294#issuecomment-2300587475
celts,2300623039,bledsoef,User,2024-08-21T03:44:09Z,2024-08-21T03:44:09Z,https://api.github.com/repos/BCStudentSoftwareDevTeam/celts/issues/1171,https://github.com/BCStudentSoftwareDevTeam/celts/issues/1171#issuecomment-2300623039
celts,2300630970,bledsoef,User,2024-08-21T03:45:47Z,2024-08-21T03:45:47Z,https://api.github.com/repos/BCStudentSoftwareDevTeam/celts/issues/1179,https://github.com/BCStudentSoftwareDevTeam/celts/issues/1179#issuecomment-2300630970
celts,2300645204,bledsoef,User,2024-08-21T03:49:02Z,2024-08-21T03:49:02Z,https://api.github.com/repos/BCStudentSoftwareDevTeam/celts/issues/1149,https://github.com/BCStudentSoftwareDevTeam/celts/issues/1149#issuecomment-2300645204
celts,2300731575,bledsoef,User,2024-08-21T04:06:15Z,2024-08-21T04:06:15Z,https://api.github.com/repos/BCStudentSoftwareDevTeam/celts/issues/1128,https://github.com/BCStudentSoftwareDevTeam/celts/issues/1128#issuecomment-2300731575
celts,2300745857,bledsoef,User,2024-08-21T04:09:01Z,2024-08-21T04:09:01Z,https://api.github.com/repos/BCStudentSoftwareDevTeam/celts/issues/1158,https://github.com/BCStudentSoftwareDevTeam/celts/issues/1158#issuecomment-2300745857
celts,2300759857,bledsoef,User,2024-08-21T04:11:43Z,2024-08-21T04:11:43Z,https://api.github.com/repos/BCStudentSoftwareDevTeam/celts/issues/1287,https://github.com/BCStudentSoftwareDevTeam/celts/issues/1287#issuecomment-2300759857
celts,2300764473,bledsoef,User,2024-08-21T04:12:30Z,2024-08-21T04:12:30Z,https://api.github.com/repos/BCStudentSoftwareDevTeam/celts/issues/1274,https://github.com/BCStudentSoftwareDevTeam/celts/issues/1274#issuecomment-2300764473
celts,2300776445,bledsoef,User,2024-08-21T04:14:20Z,2024-08-21T04:14:20Z,https://api.github.com/repos/BCStudentSoftwareDevTeam/celts/issues/1124,https://github.com/BCStudentSoftwareDevTeam/celts/issues/1124#issuecomment-2300776445
celts,2300793499,bledsoef,User,2024-08-21T04:17:05Z,2024-08-21T04:17:05Z,https://api.github.com/repos/BCStudentSoftwareDevTeam/celts/issues/1261,https://github.com/BCStudentSoftwareDevTeam/celts/issues/1261#issuecomment-2300793499
celts,2300796873,bledsoef,User,2024-08-21T04:17:39Z,2024-08-21T04:17:39Z,https://api.github.com/repos/BCStudentSoftwareDevTeam/celts/issues/1261,https://github.com/BCStudentSoftwareDevTeam/celts/issues/1261#issuecomment-2300796873
celts,2300804914,bledsoef,User,2024-08-21T04:18:52Z,2024-08-21T04:18:52Z,https://api.github.com/repos/BCStudentSoftwareDevTeam/celts/issues/1270,https://github.com/BCStudentSoftwareDevTeam/celts/issues/1270#issuecomment-2300804914
celts,2300808189,bledsoef,User,2024-08-21T04:19:20Z,2024-08-21T04:19:20Z,https://api.github.com/repos/BCStudentSoftwareDevTeam/celts/issues/1180,https://github.com/BCStudentSoftwareDevTeam/celts/issues/1180#issuecomment-2300808189
celts,2300819800,bledsoef,User,2024-08-21T04:21:08Z,2024-08-21T04:21:08Z,https://api.github.com/repos/BCStudentSoftwareDevTeam/celts/issues/1121,https://github.com/BCStudentSoftwareDevTeam/celts/issues/1121#issuecomment-2300819800
celts,2300833433,bledsoef,User,2024-08-21T04:23:09Z,2024-08-21T04:23:09Z,https://api.github.com/repos/BCStudentSoftwareDevTeam/celts/issues/1283,https://github.com/BCStudentSoftwareDevTeam/celts/issues/1283#issuecomment-2300833433
celts,2300845257,bledsoef,User,2024-08-21T04:25:00Z,2024-08-21T04:25:00Z,https://api.github.com/repos/BCStudentSoftwareDevTeam/celts/issues/1283,https://github.com/BCStudentSoftwareDevTeam/celts/issues/1283#issuecomment-2300845257
celts,2300863893,bledsoef,User,2024-08-21T04:27:49Z,2024-08-21T04:27:49Z,https://api.github.com/repos/BCStudentSoftwareDevTeam/celts/issues/1167,https://github.com/BCStudentSoftwareDevTeam/celts/issues/1167#issuecomment-2300863893
celts,2300886484,bledsoef,User,2024-08-21T04:31:04Z,2024-08-21T04:31:04Z,https://api.github.com/repos/BCStudentSoftwareDevTeam/celts/issues/1259,https://github.com/BCStudentSoftwareDevTeam/celts/issues/1259#issuecomment-2300886484
celts,2300887103,bledsoef,User,2024-08-21T04:31:09Z,2024-08-21T04:31:09Z,https://api.github.com/repos/BCStudentSoftwareDevTeam/celts/issues/1236,https://github.com/BCStudentSoftwareDevTeam/celts/issues/1236#issuecomment-2300887103
celts,2300909619,bledsoef,User,2024-08-21T04:34:34Z,2024-08-21T04:34:34Z,https://api.github.com/repos/BCStudentSoftwareDevTeam/celts/issues/1262,https://github.com/BCStudentSoftwareDevTeam/celts/issues/1262#issuecomment-2300909619
celts,2305203682,Karina-Agliullova,User,2024-08-22T16:43:38Z,2024-08-22T16:43:38Z,https://api.github.com/repos/BCStudentSoftwareDevTeam/celts/issues/1304,https://github.com/BCStudentSoftwareDevTeam/celts/pull/1304#issuecomment-2305203682
celts,2305247721,bledsoef,User,2024-08-22T17:08:20Z,2024-08-22T17:08:20Z,https://api.github.com/repos/BCStudentSoftwareDevTeam/celts/issues/1255,https://github.com/BCStudentSoftwareDevTeam/celts/pull/1255#issuecomment-2305247721
celts,2305384552,bledsoef,User,2024-08-22T18:26:20Z,2024-08-22T18:26:20Z,https://api.github.com/repos/BCStudentSoftwareDevTeam/celts/issues/1304,https://github.com/BCStudentSoftwareDevTeam/celts/pull/1304#issuecomment-2305384552
celts,2305388573,bledsoef,User,2024-08-22T18:28:57Z,2024-08-22T18:28:57Z,https://api.github.com/repos/BCStudentSoftwareDevTeam/celts/issues/1164,https://github.com/BCStudentSoftwareDevTeam/celts/issues/1164#issuecomment-2305388573
celts,2305402811,bledsoef,User,2024-08-22T18:37:35Z,2024-08-22T18:37:35Z,https://api.github.com/repos/BCStudentSoftwareDevTeam/celts/issues/1059,https://github.com/BCStudentSoftwareDevTeam/celts/issues/1059#issuecomment-2305402811
celts,2305403830,bledsoef,User,2024-08-22T18:38:14Z,2024-08-22T18:38:14Z,https://api.github.com/repos/BCStudentSoftwareDevTeam/celts/issues/1122,https://github.com/BCStudentSoftwareDevTeam/celts/issues/1122#issuecomment-2305403830
celts,2305412140,bledsoef,User,2024-08-22T18:43:44Z,2024-08-22T18:43:44Z,https://api.github.com/repos/BCStudentSoftwareDevTeam/celts/issues/1273,https://github.com/BCStudentSoftwareDevTeam/celts/issues/1273#issuecomment-2305412140
celts,2305417837,bledsoef,User,2024-08-22T18:47:27Z,2024-08-22T18:47:27Z,https://api.github.com/repos/BCStudentSoftwareDevTeam/celts/issues/1218,https://github.com/BCStudentSoftwareDevTeam/celts/pull/1218#issuecomment-2305417837
celts,2305423340,bledsoef,User,2024-08-22T18:51:07Z,2024-08-22T18:51:07Z,https://api.github.com/repos/BCStudentSoftwareDevTeam/celts/issues/1293,https://github.com/BCStudentSoftwareDevTeam/celts/pull/1293#issuecomment-2305423340
celts,2305425635,bledsoef,User,2024-08-22T18:52:30Z,2024-08-22T18:52:30Z,https://api.github.com/repos/BCStudentSoftwareDevTeam/celts/issues/1238,https://github.com/BCStudentSoftwareDevTeam/celts/issues/1238#issuecomment-2305425635
celts,2305433203,bledsoef,User,2024-08-22T18:57:20Z,2024-08-22T18:57:20Z,https://api.github.com/repos/BCStudentSoftwareDevTeam/celts/issues/1225,https://github.com/BCStudentSoftwareDevTeam/celts/issues/1225#issuecomment-2305433203
celts,2305444948,bledsoef,User,2024-08-22T19:04:53Z,2024-08-22T19:05:19Z,https://api.github.com/repos/BCStudentSoftwareDevTeam/celts/issues/1239,https://github.com/BCStudentSoftwareDevTeam/celts/issues/1239#issuecomment-2305444948
celts,2305519566,Karina-Agliullova,User,2024-08-22T19:53:18Z,2024-08-22T19:53:18Z,https://api.github.com/repos/BCStudentSoftwareDevTeam/celts/issues/1311,https://github.com/BCStudentSoftwareDevTeam/celts/issues/1311#issuecomment-2305519566
celts,2305632376,Karina-Agliullova,User,2024-08-22T21:03:16Z,2024-08-22T21:03:16Z,https://api.github.com/repos/BCStudentSoftwareDevTeam/celts/issues/1313,https://github.com/BCStudentSoftwareDevTeam/celts/issues/1313#issuecomment-2305632376
celts,2305659567,Karina-Agliullova,User,2024-08-22T21:18:57Z,2024-08-22T21:18:57Z,https://api.github.com/repos/BCStudentSoftwareDevTeam/celts/issues/1314,https://github.com/BCStudentSoftwareDevTeam/celts/issues/1314#issuecomment-2305659567
celts,2308618348,bledsoef,User,2024-08-25T01:58:04Z,2024-08-25T01:58:04Z,https://api.github.com/repos/BCStudentSoftwareDevTeam/celts/issues/1176,https://github.com/BCStudentSoftwareDevTeam/celts/pull/1176#issuecomment-2308618348
celts,2308632348,bledsoef,User,2024-08-25T02:54:50Z,2024-08-25T02:54:50Z,https://api.github.com/repos/BCStudentSoftwareDevTeam/celts/issues/1163,https://github.com/BCStudentSoftwareDevTeam/celts/issues/1163#issuecomment-2308632348
celts,2308632645,bledsoef,User,2024-08-25T02:56:02Z,2024-08-25T02:56:02Z,https://api.github.com/repos/BCStudentSoftwareDevTeam/celts/issues/1276,https://github.com/BCStudentSoftwareDevTeam/celts/issues/1276#issuecomment-2308632645
celts,2308632807,bledsoef,User,2024-08-25T02:56:47Z,2024-08-25T02:56:47Z,https://api.github.com/repos/BCStudentSoftwareDevTeam/celts/issues/1265,https://github.com/BCStudentSoftwareDevTeam/celts/issues/1265#issuecomment-2308632807
celts,2308632917,bledsoef,User,2024-08-25T02:57:28Z,2024-08-25T02:57:28Z,https://api.github.com/repos/BCStudentSoftwareDevTeam/celts/issues/1263,https://github.com/BCStudentSoftwareDevTeam/celts/issues/1263#issuecomment-2308632917
celts,2308633161,bledsoef,User,2024-08-25T02:58:46Z,2024-08-25T02:58:46Z,https://api.github.com/repos/BCStudentSoftwareDevTeam/celts/issues/1120,https://github.com/BCStudentSoftwareDevTeam/celts/issues/1120#issuecomment-2308633161
celts,2308633263,bledsoef,User,2024-08-25T02:59:23Z,2024-08-25T02:59:23Z,https://api.github.com/repos/BCStudentSoftwareDevTeam/celts/issues/1170,https://github.com/BCStudentSoftwareDevTeam/celts/issues/1170#issuecomment-2308633263
celts,2308633562,bledsoef,User,2024-08-25T03:00:46Z,2024-08-25T03:00:46Z,https://api.github.com/repos/BCStudentSoftwareDevTeam/celts/issues/1279,https://github.com/BCStudentSoftwareDevTeam/celts/issues/1279#issuecomment-2308633562
celts,2308635926,bledsoef,User,2024-08-25T03:12:19Z,2024-08-25T03:12:19Z,https://api.github.com/repos/BCStudentSoftwareDevTeam/celts/issues/1243,https://github.com/BCStudentSoftwareDevTeam/celts/pull/1243#issuecomment-2308635926
celts,2308636256,bledsoef,User,2024-08-25T03:14:16Z,2024-08-25T03:14:16Z,https://api.github.com/repos/BCStudentSoftwareDevTeam/celts/issues/1258,https://github.com/BCStudentSoftwareDevTeam/celts/pull/1258#issuecomment-2308636256
celts,2308637270,bledsoef,User,2024-08-25T03:19:48Z,2024-08-25T03:19:48Z,https://api.github.com/repos/BCStudentSoftwareDevTeam/celts/issues/1215,https://github.com/BCStudentSoftwareDevTeam/celts/pull/1215#issuecomment-2308637270
celts,2308637684,bledsoef,User,2024-08-25T03:22:08Z,2024-08-25T03:22:08Z,https://api.github.com/repos/BCStudentSoftwareDevTeam/celts/issues/1063,https://github.com/BCStudentSoftwareDevTeam/celts/pull/1063#issuecomment-2308637684
celts,2308656719,bledsoef,User,2024-08-25T05:04:10Z,2024-08-25T05:04:10Z,https://api.github.com/repos/BCStudentSoftwareDevTeam/celts/issues/1218,https://github.com/BCStudentSoftwareDevTeam/celts/pull/1218#issuecomment-2308656719
celts,2308659113,bledsoef,User,2024-08-25T05:16:31Z,2024-08-25T05:16:31Z,https://api.github.com/repos/BCStudentSoftwareDevTeam/celts/issues/1315,https://github.com/BCStudentSoftwareDevTeam/celts/issues/1315#issuecomment-2308659113
celts,2308659611,bledsoef,User,2024-08-25T05:19:05Z,2024-08-25T05:19:05Z,https://api.github.com/repos/BCStudentSoftwareDevTeam/celts/issues/1244,https://github.com/BCStudentSoftwareDevTeam/celts/issues/1244#issuecomment-2308659611
celts,2313197292,Karina-Agliullova,User,2024-08-27T18:02:10Z,2024-08-27T18:02:10Z,https://api.github.com/repos/BCStudentSoftwareDevTeam/celts/issues/1241,https://github.com/BCStudentSoftwareDevTeam/celts/issues/1241#issuecomment-2313197292
celts,2316012850,Karina-Agliullova,User,2024-08-28T18:34:30Z,2024-08-28T18:34:30Z,https://api.github.com/repos/BCStudentSoftwareDevTeam/celts/issues/1320,https://github.com/BCStudentSoftwareDevTeam/celts/issues/1320#issuecomment-2316012850
celts,2316013378,Karina-Agliullova,User,2024-08-28T18:34:49Z,2024-08-28T18:34:49Z,https://api.github.com/repos/BCStudentSoftwareDevTeam/celts/issues/1318,https://github.com/BCStudentSoftwareDevTeam/celts/issues/1318#issuecomment-2316013378
celts,2316013645,Karina-Agliullova,User,2024-08-28T18:35:00Z,2024-08-28T18:35:00Z,https://api.github.com/repos/BCStudentSoftwareDevTeam/celts/issues/1319,https://github.com/BCStudentSoftwareDevTeam/celts/issues/1319#issuecomment-2316013645
celts,2316022457,Karina-Agliullova,User,2024-08-28T18:40:26Z,2024-08-28T18:40:26Z,https://api.github.com/repos/BCStudentSoftwareDevTeam/celts/issues/1321,https://github.com/BCStudentSoftwareDevTeam/celts/issues/1321#issuecomment-2316022457
celts,2316023341,Karina-Agliullova,User,2024-08-28T18:41:00Z,2024-08-28T18:41:00Z,https://api.github.com/repos/BCStudentSoftwareDevTeam/celts/issues/1322,https://github.com/BCStudentSoftwareDevTeam/celts/issues/1322#issuecomment-2316023341
celts,2316052198,Karina-Agliullova,User,2024-08-28T18:58:42Z,2024-08-28T18:58:42Z,https://api.github.com/repos/BCStudentSoftwareDevTeam/celts/issues/1323,https://github.com/BCStudentSoftwareDevTeam/celts/issues/1323#issuecomment-2316052198
celts,2316128928,Karina-Agliullova,User,2024-08-28T19:48:02Z,2024-08-28T19:48:02Z,https://api.github.com/repos/BCStudentSoftwareDevTeam/celts/issues/1324,https://github.com/BCStudentSoftwareDevTeam/celts/issues/1324#issuecomment-2316128928
celts,2316138971,Karina-Agliullova,User,2024-08-28T19:54:28Z,2024-08-28T19:54:28Z,https://api.github.com/repos/BCStudentSoftwareDevTeam/celts/issues/1325,https://github.com/BCStudentSoftwareDevTeam/celts/issues/1325#issuecomment-2316138971
celts,2319107447,WackyWeaver,User,2024-08-29T21:57:19Z,2024-08-29T21:57:19Z,https://api.github.com/repos/BCStudentSoftwareDevTeam/celts/issues/1281,https://github.com/BCStudentSoftwareDevTeam/celts/pull/1281#issuecomment-2319107447
celts,2321978679,bledsoef,User,2024-08-30T16:58:31Z,2024-08-30T16:58:31Z,https://api.github.com/repos/BCStudentSoftwareDevTeam/celts/issues/1322,https://github.com/BCStudentSoftwareDevTeam/celts/issues/1322#issuecomment-2321978679
celts,2329759855,stevensonmichel,User,2024-09-04T18:52:56Z,2024-09-04T18:52:56Z,https://api.github.com/repos/BCStudentSoftwareDevTeam/celts/issues/1330,https://github.com/BCStudentSoftwareDevTeam/celts/issues/1330#issuecomment-2329759855
celts,2329765461,hoerstl,User,2024-09-04T18:56:20Z,2024-09-04T18:56:20Z,https://api.github.com/repos/BCStudentSoftwareDevTeam/celts/issues/1331,https://github.com/BCStudentSoftwareDevTeam/celts/issues/1331#issuecomment-2329765461
celts,2329795653,hoerstl,User,2024-09-04T19:15:25Z,2024-09-04T19:15:25Z,https://api.github.com/repos/BCStudentSoftwareDevTeam/celts/issues/1327,https://github.com/BCStudentSoftwareDevTeam/celts/pull/1327#issuecomment-2329795653
celts,2329907412,WackyWeaver,User,2024-09-04T20:25:44Z,2024-09-04T20:25:44Z,https://api.github.com/repos/BCStudentSoftwareDevTeam/celts/issues/1281,https://github.com/BCStudentSoftwareDevTeam/celts/pull/1281#issuecomment-2329907412
celts,2332625084,Karina-Agliullova,User,2024-09-05T21:02:56Z,2024-09-05T21:02:56Z,https://api.github.com/repos/BCStudentSoftwareDevTeam/celts/issues/660,https://github.com/BCStudentSoftwareDevTeam/celts/issues/660#issuecomment-2332625084
celts,2332636833,bledsoef,User,2024-09-05T21:11:23Z,2024-09-05T21:11:23Z,https://api.github.com/repos/BCStudentSoftwareDevTeam/celts/issues/1333,https://github.com/BCStudentSoftwareDevTeam/celts/issues/1333#issuecomment-2332636833
celts,2332641452,ojmakinde,User,2024-09-05T21:14:55Z,2024-09-05T21:14:55Z,https://api.github.com/repos/BCStudentSoftwareDevTeam/celts/issues/1333,https://github.com/BCStudentSoftwareDevTeam/celts/issues/1333#issuecomment-2332641452
celts,2332678972,ojmakinde,User,2024-09-05T21:44:45Z,2024-09-05T21:44:45Z,https://api.github.com/repos/BCStudentSoftwareDevTeam/celts/issues/1330,https://github.com/BCStudentSoftwareDevTeam/celts/issues/1330#issuecomment-2332678972
celts,2332693853,vungc,User,2024-09-05T21:57:32Z,2024-09-05T21:57:32Z,https://api.github.com/repos/BCStudentSoftwareDevTeam/celts/issues/1335,https://github.com/BCStudentSoftwareDevTeam/celts/issues/1335#issuecomment-2332693853
celts,2333180276,bledsoef,User,2024-09-06T03:47:15Z,2024-09-06T03:47:15Z,https://api.github.com/repos/BCStudentSoftwareDevTeam/celts/issues/1297,https://github.com/BCStudentSoftwareDevTeam/celts/pull/1297#issuecomment-2333180276
celts,2334123693,ojmakinde,User,2024-09-06T13:59:57Z,2024-09-06T13:59:57Z,https://api.github.com/repos/BCStudentSoftwareDevTeam/celts/issues/1336,https://github.com/BCStudentSoftwareDevTeam/celts/issues/1336#issuecomment-2334123693
celts,2338861175,doucoureb,User,2024-09-09T18:58:09Z,2024-09-09T18:58:09Z,https://api.github.com/repos/BCStudentSoftwareDevTeam/celts/issues/1338,https://github.com/BCStudentSoftwareDevTeam/celts/issues/1338#issuecomment-2338861175
celts,2341627404,bledsoef,User,2024-09-10T18:00:26Z,2024-09-10T18:00:26Z,https://api.github.com/repos/BCStudentSoftwareDevTeam/celts/issues/1334,https://github.com/BCStudentSoftwareDevTeam/celts/pull/1334#issuecomment-2341627404
celts,2342220957,ojmakinde,User,2024-09-10T22:28:10Z,2024-09-10T22:28:10Z,https://api.github.com/repos/BCStudentSoftwareDevTeam/celts/issues/1335,https://github.com/BCStudentSoftwareDevTeam/celts/issues/1335#issuecomment-2342220957
celts,2344549621,vungc,User,2024-09-11T19:33:05Z,2024-09-11T19:44:04Z,https://api.github.com/repos/BCStudentSoftwareDevTeam/celts/issues/1240,https://github.com/BCStudentSoftwareDevTeam/celts/pull/1240#issuecomment-2344549621
celts,2344579773,WackyWeaver,User,2024-09-11T19:51:38Z,2024-09-11T19:51:38Z,https://api.github.com/repos/BCStudentSoftwareDevTeam/celts/issues/1340,https://github.com/BCStudentSoftwareDevTeam/celts/issues/1340#issuecomment-2344579773
celts,2351155856,ali-ramazani,User,2024-09-14T21:08:06Z,2024-09-14T21:08:06Z,https://api.github.com/repos/BCStudentSoftwareDevTeam/celts/issues/1341,https://github.com/BCStudentSoftwareDevTeam/celts/pull/1341#issuecomment-2351155856
celts,2353819813,hoerstl,User,2024-09-16T20:07:50Z,2024-09-16T20:07:50Z,https://api.github.com/repos/BCStudentSoftwareDevTeam/celts/issues/1336,https://github.com/BCStudentSoftwareDevTeam/celts/issues/1336#issuecomment-2353819813
celts,2353827234,hoerstl,User,2024-09-16T20:09:15Z,2024-09-16T20:09:15Z,https://api.github.com/repos/BCStudentSoftwareDevTeam/celts/issues/1327,https://github.com/BCStudentSoftwareDevTeam/celts/pull/1327#issuecomment-2353827234
celts,2353832543,hoerstl,User,2024-09-16T20:09:54Z,2024-09-16T20:09:54Z,https://api.github.com/repos/BCStudentSoftwareDevTeam/celts/issues/1327,https://github.com/BCStudentSoftwareDevTeam/celts/pull/1327#issuecomment-2353832543
celts,2354030321,hoerstl,User,2024-09-16T21:03:09Z,2024-09-16T21:03:09Z,https://api.github.com/repos/BCStudentSoftwareDevTeam/celts/issues/1327,https://github.com/BCStudentSoftwareDevTeam/celts/pull/1327#issuecomment-2354030321
celts,2356587474,azabeli,User,2024-09-17T18:08:19Z,2024-09-17T18:08:19Z,https://api.github.com/repos/BCStudentSoftwareDevTeam/celts/issues/1338,https://github.com/BCStudentSoftwareDevTeam/celts/issues/1338#issuecomment-2356587474
celts,2356960846,WackyWeaver,User,2024-09-17T21:23:20Z,2024-09-17T21:23:20Z,https://api.github.com/repos/BCStudentSoftwareDevTeam/celts/issues/1343,https://github.com/BCStudentSoftwareDevTeam/celts/issues/1343#issuecomment-2356960846
celts,2364112901,doucoureb,User,2024-09-20T16:38:26Z,2024-09-20T16:38:26Z,https://api.github.com/repos/BCStudentSoftwareDevTeam/celts/issues/1338,https://github.com/BCStudentSoftwareDevTeam/celts/issues/1338#issuecomment-2364112901
celts,2383806171,hoerstl,User,2024-09-30T17:42:43Z,2024-09-30T17:42:43Z,https://api.github.com/repos/BCStudentSoftwareDevTeam/celts/issues/1344,https://github.com/BCStudentSoftwareDevTeam/celts/issues/1344#issuecomment-2383806171
celts,2389648179,WackyWeaver,User,2024-10-02T20:34:08Z,2024-10-02T20:34:08Z,https://api.github.com/repos/BCStudentSoftwareDevTeam/celts/issues/1297,https://github.com/BCStudentSoftwareDevTeam/celts/pull/1297#issuecomment-2389648179
celts,2403378511,WackyWeaver,User,2024-10-09T20:33:01Z,2024-10-09T20:33:01Z,https://api.github.com/repos/BCStudentSoftwareDevTeam/celts/issues/1297,https://github.com/BCStudentSoftwareDevTeam/celts/pull/1297#issuecomment-2403378511
celts,2433358246,Karina-Agliullova,User,2024-10-23T20:19:04Z,2024-10-23T20:19:04Z,https://api.github.com/repos/BCStudentSoftwareDevTeam/celts/issues/1350,https://github.com/BCStudentSoftwareDevTeam/celts/issues/1350#issuecomment-2433358246
celts,2457607360,thealphagurlux,User,2024-11-05T16:15:14Z,2024-11-05T16:15:14Z,https://api.github.com/repos/BCStudentSoftwareDevTeam/celts/issues/1349,https://github.com/BCStudentSoftwareDevTeam/celts/pull/1349#issuecomment-2457607360
celts,2457620933,Karina-Agliullova,User,2024-11-05T16:20:54Z,2024-11-05T16:20:54Z,https://api.github.com/repos/BCStudentSoftwareDevTeam/celts/issues/1349,https://github.com/BCStudentSoftwareDevTeam/celts/pull/1349#issuecomment-2457620933
celts,2457625205,Karina-Agliullova,User,2024-11-05T16:22:48Z,2024-11-05T16:22:48Z,https://api.github.com/repos/BCStudentSoftwareDevTeam/celts/issues/1349,https://github.com/BCStudentSoftwareDevTeam/celts/pull/1349#issuecomment-2457625205
celts,2457654912,Karina-Agliullova,User,2024-11-05T16:35:16Z,2024-11-05T16:35:16Z,https://api.github.com/repos/BCStudentSoftwareDevTeam/celts/issues/1349,https://github.com/BCStudentSoftwareDevTeam/celts/pull/1349#issuecomment-2457654912
celts,2457666024,Karina-Agliullova,User,2024-11-05T16:40:01Z,2024-11-05T16:40:01Z,https://api.github.com/repos/BCStudentSoftwareDevTeam/celts/issues/1349,https://github.com/BCStudentSoftwareDevTeam/celts/pull/1349#issuecomment-2457666024
celts,2457684418,Karina-Agliullova,User,2024-11-05T16:48:02Z,2024-11-05T16:48:02Z,https://api.github.com/repos/BCStudentSoftwareDevTeam/celts/issues/1349,https://github.com/BCStudentSoftwareDevTeam/celts/pull/1349#issuecomment-2457684418
celts,2457695735,thealphagurlux,User,2024-11-05T16:53:10Z,2024-11-05T16:54:40Z,https://api.github.com/repos/BCStudentSoftwareDevTeam/celts/issues/1349,https://github.com/BCStudentSoftwareDevTeam/celts/pull/1349#issuecomment-2457695735
celts,2457749737,Karina-Agliullova,User,2024-11-05T17:16:22Z,2024-11-05T17:16:22Z,https://api.github.com/repos/BCStudentSoftwareDevTeam/celts/issues/1349,https://github.com/BCStudentSoftwareDevTeam/celts/pull/1349#issuecomment-2457749737
celts,2462625012,Karina-Agliullova,User,2024-11-07T16:06:59Z,2024-11-07T16:06:59Z,https://api.github.com/repos/BCStudentSoftwareDevTeam/celts/issues/1349,https://github.com/BCStudentSoftwareDevTeam/celts/pull/1349#issuecomment-2462625012
celts,2462810339,ojmakinde,User,2024-11-07T17:17:57Z,2024-11-07T17:17:57Z,https://api.github.com/repos/BCStudentSoftwareDevTeam/celts/issues/1349,https://github.com/BCStudentSoftwareDevTeam/celts/pull/1349#issuecomment-2462810339
celts,2464945881,hoerstl,User,2024-11-08T14:48:37Z,2024-11-08T14:48:37Z,https://api.github.com/repos/BCStudentSoftwareDevTeam/celts/issues/1240,https://github.com/BCStudentSoftwareDevTeam/celts/pull/1240#issuecomment-2464945881
celts,2471724348,thealphagurlux,User,2024-11-12T22:32:24Z,2024-11-12T22:32:24Z,https://api.github.com/repos/BCStudentSoftwareDevTeam/celts/issues/1281,https://github.com/BCStudentSoftwareDevTeam/celts/pull/1281#issuecomment-2471724348
celts,2471791318,thealphagurlux,User,2024-11-12T23:03:07Z,2024-11-12T23:03:07Z,https://api.github.com/repos/BCStudentSoftwareDevTeam/celts/issues/1281,https://github.com/BCStudentSoftwareDevTeam/celts/pull/1281#issuecomment-2471791318
celts,2477210213,bledsoef,User,2024-11-14T19:09:41Z,2024-11-14T19:09:41Z,https://api.github.com/repos/BCStudentSoftwareDevTeam/celts/issues/1281,https://github.com/BCStudentSoftwareDevTeam/celts/pull/1281#issuecomment-2477210213
celts,2477312358,bledsoef,User,2024-11-14T20:07:53Z,2024-11-14T20:07:53Z,https://api.github.com/repos/BCStudentSoftwareDevTeam/celts/issues/1288,https://github.com/BCStudentSoftwareDevTeam/celts/pull/1288#issuecomment-2477312358
celts,2477344001,thealphagurlux,User,2024-11-14T20:25:38Z,2024-11-14T20:25:38Z,https://api.github.com/repos/BCStudentSoftwareDevTeam/celts/issues/1281,https://github.com/BCStudentSoftwareDevTeam/celts/pull/1281#issuecomment-2477344001
celts,2477348219,thealphagurlux,User,2024-11-14T20:28:02Z,2024-11-14T20:28:02Z,https://api.github.com/repos/BCStudentSoftwareDevTeam/celts/issues/1281,https://github.com/BCStudentSoftwareDevTeam/celts/pull/1281#issuecomment-2477348219
celts,2484130419,WackyWeaver,User,2024-11-18T21:06:27Z,2024-11-18T21:06:27Z,https://api.github.com/repos/BCStudentSoftwareDevTeam/celts/issues/1341,https://github.com/BCStudentSoftwareDevTeam/celts/pull/1341#issuecomment-2484130419
celts,2489109581,Karina-Agliullova,User,2024-11-20T16:55:36Z,2024-11-20T16:55:36Z,https://api.github.com/repos/BCStudentSoftwareDevTeam/celts/issues/1293,https://github.com/BCStudentSoftwareDevTeam/celts/pull/1293#issuecomment-2489109581
celts,2489533848,stevensonmichel,User,2024-11-20T21:01:04Z,2024-11-20T21:01:04Z,https://api.github.com/repos/BCStudentSoftwareDevTeam/celts/issues/1356,https://github.com/BCStudentSoftwareDevTeam/celts/pull/1356#issuecomment-2489533848
celts,2492218648,bledsoef,User,2024-11-21T20:28:40Z,2024-11-21T20:28:40Z,https://api.github.com/repos/BCStudentSoftwareDevTeam/celts/issues/1267,https://github.com/BCStudentSoftwareDevTeam/celts/issues/1267#issuecomment-2492218648
celts,2521067503,vungc,User,2024-12-05T17:58:19Z,2024-12-05T17:58:19Z,https://api.github.com/repos/BCStudentSoftwareDevTeam/celts/issues/1331,https://github.com/BCStudentSoftwareDevTeam/celts/issues/1331#issuecomment-2521067503
celts,2521221139,vungc,User,2024-12-05T19:24:02Z,2024-12-05T19:24:02Z,https://api.github.com/repos/BCStudentSoftwareDevTeam/celts/issues/1333,https://github.com/BCStudentSoftwareDevTeam/celts/issues/1333#issuecomment-2521221139
celts,2521428121,bledsoef,User,2024-12-05T21:07:27Z,2024-12-05T21:07:27Z,https://api.github.com/repos/BCStudentSoftwareDevTeam/celts/issues/1362,https://github.com/BCStudentSoftwareDevTeam/celts/pull/1362#issuecomment-2521428121
celts,2521484812,WackyWeaver,User,2024-12-05T21:24:11Z,2024-12-05T21:24:11Z,https://api.github.com/repos/BCStudentSoftwareDevTeam/celts/issues/1364,https://github.com/BCStudentSoftwareDevTeam/celts/issues/1364#issuecomment-2521484812
celts,2541781731,Karina-Agliullova,User,2024-12-13T16:10:28Z,2024-12-13T16:10:28Z,https://api.github.com/repos/BCStudentSoftwareDevTeam/celts/issues/1366,https://github.com/BCStudentSoftwareDevTeam/celts/issues/1366#issuecomment-2541781731
celts,2541796363,Karina-Agliullova,User,2024-12-13T16:18:41Z,2024-12-13T16:18:41Z,https://api.github.com/repos/BCStudentSoftwareDevTeam/celts/issues/1367,https://github.com/BCStudentSoftwareDevTeam/celts/issues/1367#issuecomment-2541796363
celts,2541803379,Karina-Agliullova,User,2024-12-13T16:22:45Z,2024-12-13T16:22:45Z,https://api.github.com/repos/BCStudentSoftwareDevTeam/celts/issues/1367,https://github.com/BCStudentSoftwareDevTeam/celts/issues/1367#issuecomment-2541803379
celts,2541804110,Karina-Agliullova,User,2024-12-13T16:23:11Z,2024-12-13T16:23:11Z,https://api.github.com/repos/BCStudentSoftwareDevTeam/celts/issues/1368,https://github.com/BCStudentSoftwareDevTeam/celts/issues/1368#issuecomment-2541804110
celts,2541841524,Karina-Agliullova,User,2024-12-13T16:44:04Z,2024-12-13T16:44:04Z,https://api.github.com/repos/BCStudentSoftwareDevTeam/celts/issues/1369,https://github.com/BCStudentSoftwareDevTeam/celts/issues/1369#issuecomment-2541841524
celts,2541851132,Karina-Agliullova,User,2024-12-13T16:49:41Z,2024-12-13T16:49:41Z,https://api.github.com/repos/BCStudentSoftwareDevTeam/celts/issues/1370,https://github.com/BCStudentSoftwareDevTeam/celts/issues/1370#issuecomment-2541851132
celts,2541857542,Karina-Agliullova,User,2024-12-13T16:53:24Z,2024-12-13T16:53:24Z,https://api.github.com/repos/BCStudentSoftwareDevTeam/celts/issues/1371,https://github.com/BCStudentSoftwareDevTeam/celts/issues/1371#issuecomment-2541857542
celts,2542148187,Karina-Agliullova,User,2024-12-13T19:40:07Z,2024-12-13T19:40:07Z,https://api.github.com/repos/BCStudentSoftwareDevTeam/celts/issues/1372,https://github.com/BCStudentSoftwareDevTeam/celts/issues/1372#issuecomment-2542148187
celts,2542194328,Karina-Agliullova,User,2024-12-13T19:54:59Z,2024-12-13T19:54:59Z,https://api.github.com/repos/BCStudentSoftwareDevTeam/celts/issues/1373,https://github.com/BCStudentSoftwareDevTeam/celts/issues/1373#issuecomment-2542194328
celts,2542221079,Karina-Agliullova,User,2024-12-13T20:06:24Z,2024-12-13T20:06:24Z,https://api.github.com/repos/BCStudentSoftwareDevTeam/celts/issues/1374,https://github.com/BCStudentSoftwareDevTeam/celts/issues/1374#issuecomment-2542221079
celts,2542242273,Karina-Agliullova,User,2024-12-13T20:22:15Z,2024-12-13T20:22:15Z,https://api.github.com/repos/BCStudentSoftwareDevTeam/celts/issues/1375,https://github.com/BCStudentSoftwareDevTeam/celts/issues/1375#issuecomment-2542242273
celts,2542246447,Karina-Agliullova,User,2024-12-13T20:25:17Z,2024-12-13T20:25:17Z,https://api.github.com/repos/BCStudentSoftwareDevTeam/celts/issues/1376,https://github.com/BCStudentSoftwareDevTeam/celts/issues/1376#issuecomment-2542246447
celts,2542283046,Karina-Agliullova,User,2024-12-13T20:36:12Z,2024-12-13T20:36:12Z,https://api.github.com/repos/BCStudentSoftwareDevTeam/celts/issues/1377,https://github.com/BCStudentSoftwareDevTeam/celts/issues/1377#issuecomment-2542283046
celts,2542351430,Karina-Agliullova,User,2024-12-13T20:56:33Z,2024-12-13T20:56:33Z,https://api.github.com/repos/BCStudentSoftwareDevTeam/celts/issues/1378,https://github.com/BCStudentSoftwareDevTeam/celts/issues/1378#issuecomment-2542351430
celts,2542369196,Karina-Agliullova,User,2024-12-13T21:02:12Z,2024-12-13T21:02:12Z,https://api.github.com/repos/BCStudentSoftwareDevTeam/celts/issues/1379,https://github.com/BCStudentSoftwareDevTeam/celts/issues/1379#issuecomment-2542369196
celts,2559931861,stevensonmichel,User,2024-12-23T15:46:31Z,2024-12-24T14:40:57Z,https://api.github.com/repos/BCStudentSoftwareDevTeam/celts/issues/1362,https://github.com/BCStudentSoftwareDevTeam/celts/pull/1362#issuecomment-2559931861
celts,2595963725,hoerstl,User,2025-01-16T15:02:30Z,2025-01-16T15:02:30Z,https://api.github.com/repos/BCStudentSoftwareDevTeam/celts/issues/1383,https://github.com/BCStudentSoftwareDevTeam/celts/pull/1383#issuecomment-2595963725
celts,2617007224,bledsoef,User,2025-01-27T22:12:52Z,2025-01-27T22:12:52Z,https://api.github.com/repos/BCStudentSoftwareDevTeam/celts/issues/1385,https://github.com/BCStudentSoftwareDevTeam/celts/issues/1385#issuecomment-2617007224
celts,2620203309,thealphagurlux,User,2025-01-28T22:41:30Z,2025-01-28T22:41:30Z,https://api.github.com/repos/BCStudentSoftwareDevTeam/celts/issues/1355,https://github.com/BCStudentSoftwareDevTeam/celts/pull/1355#issuecomment-2620203309
celts,2628454229,MImran2002,User,2025-01-31T21:46:21Z,2025-01-31T21:46:21Z,https://api.github.com/repos/BCStudentSoftwareDevTeam/celts/issues/1387,https://github.com/BCStudentSoftwareDevTeam/celts/pull/1387#issuecomment-2628454229
celts,2628456238,MImran2002,User,2025-01-31T21:47:56Z,2025-01-31T21:47:56Z,https://api.github.com/repos/BCStudentSoftwareDevTeam/celts/issues/1387,https://github.com/BCStudentSoftwareDevTeam/celts/pull/1387#issuecomment-2628456238
celts,2628542371,MImran2002,User,2025-01-31T23:05:18Z,2025-01-31T23:07:20Z,https://api.github.com/repos/BCStudentSoftwareDevTeam/celts/issues/1388,https://github.com/BCStudentSoftwareDevTeam/celts/pull/1388#issuecomment-2628542371
celts,2632152091,MImran2002,User,2025-02-03T21:49:30Z,2025-02-03T21:49:30Z,https://api.github.com/repos/BCStudentSoftwareDevTeam/celts/issues/1389,https://github.com/BCStudentSoftwareDevTeam/celts/pull/1389#issuecomment-2632152091
celts,2632266278,bledsoef,User,2025-02-03T22:16:53Z,2025-02-03T22:16:53Z,https://api.github.com/repos/BCStudentSoftwareDevTeam/celts/issues/1393,https://github.com/BCStudentSoftwareDevTeam/celts/pull/1393#issuecomment-2632266278
celts,2632270727,bledsoef,User,2025-02-03T22:18:36Z,2025-02-03T22:18:36Z,https://api.github.com/repos/BCStudentSoftwareDevTeam/celts/issues/1391,https://github.com/BCStudentSoftwareDevTeam/celts/issues/1391#issuecomment-2632270727
celts,2632360223,MImran2002,User,2025-02-03T22:52:13Z,2025-02-03T22:52:13Z,https://api.github.com/repos/BCStudentSoftwareDevTeam/celts/issues/1396,https://github.com/BCStudentSoftwareDevTeam/celts/pull/1396#issuecomment-2632360223
celts,2632366289,MImran2002,User,2025-02-03T22:56:38Z,2025-02-03T22:56:38Z,https://api.github.com/repos/BCStudentSoftwareDevTeam/celts/issues/1388,https://github.com/BCStudentSoftwareDevTeam/celts/pull/1388#issuecomment-2632366289
celts,2635245633,MImran2002,User,2025-02-04T22:52:37Z,2025-02-04T22:52:37Z,https://api.github.com/repos/BCStudentSoftwareDevTeam/celts/issues/1388,https://github.com/BCStudentSoftwareDevTeam/celts/pull/1388#issuecomment-2635245633
celts,2664153390,MImran2002,User,2025-02-17T22:13:57Z,2025-02-17T22:13:57Z,https://api.github.com/repos/BCStudentSoftwareDevTeam/celts/issues/1414,https://github.com/BCStudentSoftwareDevTeam/celts/issues/1414#issuecomment-2664153390
celts,2666376699,hoerstl,User,2025-02-18T17:28:18Z,2025-02-18T17:28:18Z,https://api.github.com/repos/BCStudentSoftwareDevTeam/celts/issues/1293,https://github.com/BCStudentSoftwareDevTeam/celts/pull/1293#issuecomment-2666376699
celts,2686165373,WackyWeaver,User,2025-02-26T20:50:55Z,2025-02-26T20:50:55Z,https://api.github.com/repos/BCStudentSoftwareDevTeam/celts/issues/1419,https://github.com/BCStudentSoftwareDevTeam/celts/issues/1419#issuecomment-2686165373
celts,2725162369,hoerstl,User,2025-03-14T16:18:31Z,2025-03-14T16:18:31Z,https://api.github.com/repos/BCStudentSoftwareDevTeam/celts/issues/1409,https://github.com/BCStudentSoftwareDevTeam/celts/pull/1409#issuecomment-2725162369
celts,2734418264,ojmakinde,User,2025-03-18T18:57:53Z,2025-03-18T18:58:26Z,https://api.github.com/repos/BCStudentSoftwareDevTeam/celts/issues/1428,https://github.com/BCStudentSoftwareDevTeam/celts/pull/1428#issuecomment-2734418264
celts,2744347008,hoerstl,User,2025-03-21T20:08:36Z,2025-03-21T20:24:44Z,https://api.github.com/repos/BCStudentSoftwareDevTeam/celts/issues/1409,https://github.com/BCStudentSoftwareDevTeam/celts/pull/1409#issuecomment-2744347008
celts,2749064559,bledsoef,User,2025-03-24T18:32:20Z,2025-03-24T18:32:20Z,https://api.github.com/repos/BCStudentSoftwareDevTeam/celts/issues/1374,https://github.com/BCStudentSoftwareDevTeam/celts/issues/1374#issuecomment-2749064559
celts,2749073117,bledsoef,User,2025-03-24T18:36:05Z,2025-03-24T18:36:05Z,https://api.github.com/repos/BCStudentSoftwareDevTeam/celts/issues/1395,https://github.com/BCStudentSoftwareDevTeam/celts/issues/1395#issuecomment-2749073117
celts,2749251537,bledsoef,User,2025-03-24T19:57:58Z,2025-03-24T19:57:58Z,https://api.github.com/repos/BCStudentSoftwareDevTeam/celts/issues/1411,https://github.com/BCStudentSoftwareDevTeam/celts/issues/1411#issuecomment-2749251537
celts,2749253997,bledsoef,User,2025-03-24T19:59:17Z,2025-03-24T19:59:17Z,https://api.github.com/repos/BCStudentSoftwareDevTeam/celts/issues/1399,https://github.com/BCStudentSoftwareDevTeam/celts/issues/1399#issuecomment-2749253997
celts,2749256185,bledsoef,User,2025-03-24T20:00:22Z,2025-03-24T20:00:22Z,https://api.github.com/repos/BCStudentSoftwareDevTeam/celts/issues/1397,https://github.com/BCStudentSoftwareDevTeam/celts/issues/1397#issuecomment-2749256185
celts,2759105273,ojmakinde,User,2025-03-27T18:51:19Z,2025-03-27T18:51:19Z,https://api.github.com/repos/BCStudentSoftwareDevTeam/celts/issues/1422,https://github.com/BCStudentSoftwareDevTeam/celts/pull/1422#issuecomment-2759105273
celts,2760114109,bledsoef,User,2025-03-28T03:55:18Z,2025-03-28T03:55:18Z,https://api.github.com/repos/BCStudentSoftwareDevTeam/celts/issues/1413,https://github.com/BCStudentSoftwareDevTeam/celts/issues/1413#issuecomment-2760114109
celts,2762101528,bledsoef,User,2025-03-28T18:15:13Z,2025-03-28T18:15:13Z,https://api.github.com/repos/BCStudentSoftwareDevTeam/celts/issues/1152,https://github.com/BCStudentSoftwareDevTeam/celts/issues/1152#issuecomment-2762101528
celts,2776460498,ojmakinde,User,2025-04-03T17:18:18Z,2025-04-03T17:18:18Z,https://api.github.com/repos/BCStudentSoftwareDevTeam/celts/issues/1325,https://github.com/BCStudentSoftwareDevTeam/celts/issues/1325#issuecomment-2776460498
celts,2779629933,bledsoef,User,2025-04-04T20:01:31Z,2025-04-04T20:01:31Z,https://api.github.com/repos/BCStudentSoftwareDevTeam/celts/issues/1409,https://github.com/BCStudentSoftwareDevTeam/celts/pull/1409#issuecomment-2779629933
celts,2787478696,bledsoef,User,2025-04-08T19:35:15Z,2025-04-08T19:35:15Z,https://api.github.com/repos/BCStudentSoftwareDevTeam/celts/issues/1425,https://github.com/BCStudentSoftwareDevTeam/celts/pull/1425#issuecomment-2787478696
celts,2787704225,bledsoef,User,2025-04-08T21:28:12Z,2025-04-08T21:28:12Z,https://api.github.com/repos/BCStudentSoftwareDevTeam/celts/issues/1434,https://github.com/BCStudentSoftwareDevTeam/celts/issues/1434#issuecomment-2787704225
celts,2809680787,Karina-Agliullova,User,2025-04-16T13:58:00Z,2025-04-16T13:58:00Z,https://api.github.com/repos/BCStudentSoftwareDevTeam/celts/issues/1442,https://github.com/BCStudentSoftwareDevTeam/celts/issues/1442#issuecomment-2809680787
celts,2809773571,Karina-Agliullova,User,2025-04-16T14:28:42Z,2025-04-16T14:28:42Z,https://api.github.com/repos/BCStudentSoftwareDevTeam/celts/issues/1443,https://github.com/BCStudentSoftwareDevTeam/celts/issues/1443#issuecomment-2809773571
celts,2809849304,Karina-Agliullova,User,2025-04-16T14:53:57Z,2025-04-16T14:53:57Z,https://api.github.com/repos/BCStudentSoftwareDevTeam/celts/issues/1444,https://github.com/BCStudentSoftwareDevTeam/celts/issues/1444#issuecomment-2809849304
celts,2809997454,Karina-Agliullova,User,2025-04-16T15:45:35Z,2025-04-16T15:45:35Z,https://api.github.com/repos/BCStudentSoftwareDevTeam/celts/issues/1446,https://github.com/BCStudentSoftwareDevTeam/celts/issues/1446#issuecomment-2809997454
celts,2810010778,Karina-Agliullova,User,2025-04-16T15:50:40Z,2025-04-16T15:50:40Z,https://api.github.com/repos/BCStudentSoftwareDevTeam/celts/issues/1447,https://github.com/BCStudentSoftwareDevTeam/celts/issues/1447#issuecomment-2810010778
celts,2810024461,Karina-Agliullova,User,2025-04-16T15:55:55Z,2025-04-16T15:55:55Z,https://api.github.com/repos/BCStudentSoftwareDevTeam/celts/issues/1448,https://github.com/BCStudentSoftwareDevTeam/celts/issues/1448#issuecomment-2810024461
celts,2810263235,Karina-Agliullova,User,2025-04-16T17:37:54Z,2025-04-16T17:37:54Z,https://api.github.com/repos/BCStudentSoftwareDevTeam/celts/issues/1449,https://github.com/BCStudentSoftwareDevTeam/celts/issues/1449#issuecomment-2810263235
celts,2810267469,Karina-Agliullova,User,2025-04-16T17:39:49Z,2025-04-16T17:39:49Z,https://api.github.com/repos/BCStudentSoftwareDevTeam/celts/issues/1449,https://github.com/BCStudentSoftwareDevTeam/celts/issues/1449#issuecomment-2810267469
celts,2810275933,Karina-Agliullova,User,2025-04-16T17:43:47Z,2025-04-16T17:43:47Z,https://api.github.com/repos/BCStudentSoftwareDevTeam/celts/issues/1451,https://github.com/BCStudentSoftwareDevTeam/celts/issues/1451#issuecomment-2810275933
celts,2810384657,Karina-Agliullova,User,2025-04-16T18:26:43Z,2025-04-16T18:26:43Z,https://api.github.com/repos/BCStudentSoftwareDevTeam/celts/issues/1452,https://github.com/BCStudentSoftwareDevTeam/celts/issues/1452#issuecomment-2810384657
celts,2810453397,Karina-Agliullova,User,2025-04-16T18:53:39Z,2025-04-16T18:53:39Z,https://api.github.com/repos/BCStudentSoftwareDevTeam/celts/issues/1455,https://github.com/BCStudentSoftwareDevTeam/celts/issues/1455#issuecomment-2810453397
celts,2811392796,lyutok,User,2025-04-17T01:16:49Z,2025-04-17T01:26:24Z,https://api.github.com/repos/BCStudentSoftwareDevTeam/celts/issues/1444,https://github.com/BCStudentSoftwareDevTeam/celts/issues/1444#issuecomment-2811392796
celts,2813192475,Karina-Agliullova,User,2025-04-17T14:47:42Z,2025-04-17T14:47:42Z,https://api.github.com/repos/BCStudentSoftwareDevTeam/celts/issues/1458,https://github.com/BCStudentSoftwareDevTeam/celts/issues/1458#issuecomment-2813192475
celts,2813208208,Karina-Agliullova,User,2025-04-17T14:53:54Z,2025-04-17T14:53:54Z,https://api.github.com/repos/BCStudentSoftwareDevTeam/celts/issues/1460,https://github.com/BCStudentSoftwareDevTeam/celts/issues/1460#issuecomment-2813208208
celts,2813241242,Karina-Agliullova,User,2025-04-17T15:02:23Z,2025-04-17T15:02:23Z,https://api.github.com/repos/BCStudentSoftwareDevTeam/celts/issues/1461,https://github.com/BCStudentSoftwareDevTeam/celts/issues/1461#issuecomment-2813241242
celts,2813249012,Karina-Agliullova,User,2025-04-17T15:05:01Z,2025-04-17T15:05:01Z,https://api.github.com/repos/BCStudentSoftwareDevTeam/celts/issues/1461,https://github.com/BCStudentSoftwareDevTeam/celts/issues/1461#issuecomment-2813249012
celts,2813256875,Karina-Agliullova,User,2025-04-17T15:07:26Z,2025-04-17T15:07:26Z,https://api.github.com/repos/BCStudentSoftwareDevTeam/celts/issues/1463,https://github.com/BCStudentSoftwareDevTeam/celts/issues/1463#issuecomment-2813256875
celts,2813621844,Karina-Agliullova,User,2025-04-17T17:31:08Z,2025-04-17T17:31:08Z,https://api.github.com/repos/BCStudentSoftwareDevTeam/celts/issues/1465,https://github.com/BCStudentSoftwareDevTeam/celts/issues/1465#issuecomment-2813621844
celts,2813638536,Karina-Agliullova,User,2025-04-17T17:38:44Z,2025-04-17T17:38:44Z,https://api.github.com/repos/BCStudentSoftwareDevTeam/celts/issues/1466,https://github.com/BCStudentSoftwareDevTeam/celts/issues/1466#issuecomment-2813638536
celts,2813789043,Karina-Agliullova,User,2025-04-17T18:59:48Z,2025-04-17T18:59:48Z,https://api.github.com/repos/BCStudentSoftwareDevTeam/celts/issues/1467,https://github.com/BCStudentSoftwareDevTeam/celts/issues/1467#issuecomment-2813789043
celts,2845323240,Karina-Agliullova,User,2025-05-01T17:32:20Z,2025-05-01T17:32:20Z,https://api.github.com/repos/BCStudentSoftwareDevTeam/celts/issues/1468,https://github.com/BCStudentSoftwareDevTeam/celts/issues/1468#issuecomment-2845323240
celts,2845328233,Karina-Agliullova,User,2025-05-01T17:35:10Z,2025-05-01T17:35:10Z,https://api.github.com/repos/BCStudentSoftwareDevTeam/celts/issues/1472,https://github.com/BCStudentSoftwareDevTeam/celts/issues/1472#issuecomment-2845328233
celts,2855529879,Karina-Agliullova,User,2025-05-06T18:26:16Z,2025-05-06T18:26:16Z,https://api.github.com/repos/BCStudentSoftwareDevTeam/celts/issues/1477,https://github.com/BCStudentSoftwareDevTeam/celts/issues/1477#issuecomment-2855529879
celts,2855580087,Karina-Agliullova,User,2025-05-06T18:46:56Z,2025-05-06T18:46:56Z,https://api.github.com/repos/BCStudentSoftwareDevTeam/celts/issues/1388,https://github.com/BCStudentSoftwareDevTeam/celts/pull/1388#issuecomment-2855580087
celts,2956639490,mathew2005,User,2025-06-09T18:45:13Z,2025-06-09T18:45:13Z,https://api.github.com/repos/BCStudentSoftwareDevTeam/celts/issues/1484,https://github.com/BCStudentSoftwareDevTeam/celts/pull/1484#issuecomment-2956639490
celts,2959328771,RueHaile,User,2025-06-10T13:46:09Z,2025-06-10T13:46:09Z,https://api.github.com/repos/BCStudentSoftwareDevTeam/celts/issues/1444,https://github.com/BCStudentSoftwareDevTeam/celts/issues/1444#issuecomment-2959328771
celts,2960061319,BesherKitaz,User,2025-06-10T17:22:54Z,2025-06-10T17:22:54Z,https://api.github.com/repos/BCStudentSoftwareDevTeam/celts/issues/1452,https://github.com/BCStudentSoftwareDevTeam/celts/issues/1452#issuecomment-2960061319
celts,2960399215,sheggen,User,2025-06-10T19:42:12Z,2025-06-10T19:42:12Z,https://api.github.com/repos/BCStudentSoftwareDevTeam/celts/issues/1497,https://github.com/BCStudentSoftwareDevTeam/celts/pull/1497#issuecomment-2960399215
celts,2960584170,Meatchema,User,2025-06-10T21:07:19Z,2025-06-10T21:07:19Z,https://api.github.com/repos/BCStudentSoftwareDevTeam/celts/issues/1451,https://github.com/BCStudentSoftwareDevTeam/celts/issues/1451#issuecomment-2960584170
celts,2960599506,adjagbodjouf,User,2025-06-10T21:14:58Z,2025-06-10T21:14:58Z,https://api.github.com/repos/BCStudentSoftwareDevTeam/celts/issues/1472,https://github.com/BCStudentSoftwareDevTeam/celts/issues/1472#issuecomment-2960599506
celts,2963299315,Karina-Agliullova,User,2025-06-11T15:33:55Z,2025-06-11T15:33:55Z,https://api.github.com/repos/BCStudentSoftwareDevTeam/celts/issues/1499,https://github.com/BCStudentSoftwareDevTeam/celts/pull/1499#issuecomment-2963299315
celts,2963301672,Karina-Agliullova,User,2025-06-11T15:34:35Z,2025-06-11T15:34:35Z,https://api.github.com/repos/BCStudentSoftwareDevTeam/celts/issues/1500,https://github.com/BCStudentSoftwareDevTeam/celts/pull/1500#issuecomment-2963301672
celts,2963960997,RueHaile,User,2025-06-11T19:44:34Z,2025-06-11T19:44:34Z,https://api.github.com/repos/BCStudentSoftwareDevTeam/celts/issues/1456,https://github.com/BCStudentSoftwareDevTeam/celts/issues/1456#issuecomment-2963960997
celts,2964167688,Meatchema,User,2025-06-11T20:53:59Z,2025-06-11T20:53:59Z,https://api.github.com/repos/BCStudentSoftwareDevTeam/celts/issues/1503,https://github.com/BCStudentSoftwareDevTeam/celts/pull/1503#issuecomment-2964167688
celts,2967035789,Meatchema,User,2025-06-12T14:22:44Z,2025-06-12T14:22:44Z,https://api.github.com/repos/BCStudentSoftwareDevTeam/celts/issues/1503,https://github.com/BCStudentSoftwareDevTeam/celts/pull/1503#issuecomment-2967035789
celts,2967375483,Karina-Agliullova,User,2025-06-12T15:50:38Z,2025-06-12T15:50:38Z,https://api.github.com/repos/BCStudentSoftwareDevTeam/celts/issues/1502,https://github.com/BCStudentSoftwareDevTeam/celts/pull/1502#issuecomment-2967375483
celts,2968005858,Karina-Agliullova,User,2025-06-12T19:57:54Z,2025-06-12T19:57:54Z,https://api.github.com/repos/BCStudentSoftwareDevTeam/celts/issues/1503,https://github.com/BCStudentSoftwareDevTeam/celts/pull/1503#issuecomment-2968005858
celts,2968112977,sheggen,User,2025-06-12T20:46:46Z,2025-06-12T20:46:46Z,https://api.github.com/repos/BCStudentSoftwareDevTeam/celts/issues/1506,https://github.com/BCStudentSoftwareDevTeam/celts/pull/1506#issuecomment-2968112977
celts,2968118085,jjijon7000,User,2025-06-12T20:49:18Z,2025-06-12T20:49:18Z,https://api.github.com/repos/BCStudentSoftwareDevTeam/celts/issues/1507,https://github.com/BCStudentSoftwareDevTeam/celts/pull/1507#issuecomment-2968118085
celts,2968132397,sheggen,User,2025-06-12T20:56:34Z,2025-06-12T20:56:34Z,https://api.github.com/repos/BCStudentSoftwareDevTeam/celts/issues/1505,https://github.com/BCStudentSoftwareDevTeam/celts/pull/1505#issuecomment-2968132397
celts,2970582837,Shenderaz,User,2025-06-13T14:27:40Z,2025-06-13T14:27:40Z,https://api.github.com/repos/BCStudentSoftwareDevTeam/celts/issues/1507,https://github.com/BCStudentSoftwareDevTeam/celts/pull/1507#issuecomment-2970582837
celts,2970801262,Meatchema,User,2025-06-13T15:47:40Z,2025-06-13T15:48:14Z,https://api.github.com/repos/BCStudentSoftwareDevTeam/celts/issues/1503,https://github.com/BCStudentSoftwareDevTeam/celts/pull/1503#issuecomment-2970801262
celts,2971043410,Shenderaz,User,2025-06-13T17:27:15Z,2025-06-13T17:27:15Z,https://api.github.com/repos/BCStudentSoftwareDevTeam/celts/issues/1507,https://github.com/BCStudentSoftwareDevTeam/celts/pull/1507#issuecomment-2971043410
celts,2971530779,Karina-Agliullova,User,2025-06-13T20:07:19Z,2025-06-13T20:07:19Z,https://api.github.com/repos/BCStudentSoftwareDevTeam/celts/issues/1510,https://github.com/BCStudentSoftwareDevTeam/celts/pull/1510#issuecomment-2971530779
celts,2971740737,BesherKitaz,User,2025-06-13T21:34:31Z,2025-06-13T21:34:31Z,https://api.github.com/repos/BCStudentSoftwareDevTeam/celts/issues/1510,https://github.com/BCStudentSoftwareDevTeam/celts/pull/1510#issuecomment-2971740737
celts,2977062052,Karina-Agliullova,User,2025-06-16T15:18:31Z,2025-06-16T15:18:31Z,https://api.github.com/repos/BCStudentSoftwareDevTeam/celts/issues/1510,https://github.com/BCStudentSoftwareDevTeam/celts/pull/1510#issuecomment-2977062052
celts,2977189206,BesherKitaz,User,2025-06-16T15:57:56Z,2025-06-16T15:57:56Z,https://api.github.com/repos/BCStudentSoftwareDevTeam/celts/issues/1510,https://github.com/BCStudentSoftwareDevTeam/celts/pull/1510#issuecomment-2977189206
celts,2977829695,Karina-Agliullova,User,2025-06-16T19:26:05Z,2025-06-16T19:26:05Z,https://api.github.com/repos/BCStudentSoftwareDevTeam/celts/issues/1510,https://github.com/BCStudentSoftwareDevTeam/celts/pull/1510#issuecomment-2977829695
celts,2978055057,BesherKitaz,User,2025-06-16T20:38:23Z,2025-06-16T20:38:23Z,https://api.github.com/repos/BCStudentSoftwareDevTeam/celts/issues/1510,https://github.com/BCStudentSoftwareDevTeam/celts/pull/1510#issuecomment-2978055057
celts,2981220729,Karina-Agliullova,User,2025-06-17T17:34:24Z,2025-06-17T17:34:24Z,https://api.github.com/repos/BCStudentSoftwareDevTeam/celts/issues/1507,https://github.com/BCStudentSoftwareDevTeam/celts/pull/1507#issuecomment-2981220729
celts,2981226153,Karina-Agliullova,User,2025-06-17T17:35:57Z,2025-06-17T17:35:57Z,https://api.github.com/repos/BCStudentSoftwareDevTeam/celts/issues/1507,https://github.com/BCStudentSoftwareDevTeam/celts/pull/1507#issuecomment-2981226153
celts,2991901222,Karina-Agliullova,User,2025-06-20T14:45:04Z,2025-06-20T14:45:04Z,https://api.github.com/repos/BCStudentSoftwareDevTeam/celts/issues/1513,https://github.com/BCStudentSoftwareDevTeam/celts/pull/1513#issuecomment-2991901222
celts,2991904141,Karina-Agliullova,User,2025-06-20T14:45:40Z,2025-06-20T14:45:40Z,https://api.github.com/repos/BCStudentSoftwareDevTeam/celts/issues/1513,https://github.com/BCStudentSoftwareDevTeam/celts/pull/1513#issuecomment-2991904141
celts,2996964212,BesherKitaz,User,2025-06-23T15:37:35Z,2025-06-23T15:37:35Z,https://api.github.com/repos/BCStudentSoftwareDevTeam/celts/issues/1517,https://github.com/BCStudentSoftwareDevTeam/celts/issues/1517#issuecomment-2996964212
celts,2998013312,BesherKitaz,User,2025-06-23T21:34:46Z,2025-06-23T21:34:46Z,https://api.github.com/repos/BCStudentSoftwareDevTeam/celts/issues/1533,https://github.com/BCStudentSoftwareDevTeam/celts/pull/1533#issuecomment-2998013312
celts,2998023614,BesherKitaz,User,2025-06-23T21:40:21Z,2025-06-23T21:40:21Z,https://api.github.com/repos/BCStudentSoftwareDevTeam/celts/issues/1537,https://github.com/BCStudentSoftwareDevTeam/celts/pull/1537#issuecomment-2998023614
celts,3001388015,Karina-Agliullova,User,2025-06-24T17:51:45Z,2025-06-24T17:51:45Z,https://api.github.com/repos/BCStudentSoftwareDevTeam/celts/issues/1531,https://github.com/BCStudentSoftwareDevTeam/celts/pull/1531#issuecomment-3001388015
celts,3001395986,Karina-Agliullova,User,2025-06-24T17:55:02Z,2025-06-24T17:55:02Z,https://api.github.com/repos/BCStudentSoftwareDevTeam/celts/issues/1531,https://github.com/BCStudentSoftwareDevTeam/celts/pull/1531#issuecomment-3001395986
celts,3001458770,Karina-Agliullova,User,2025-06-24T18:19:54Z,2025-06-24T18:19:54Z,https://api.github.com/repos/BCStudentSoftwareDevTeam/celts/issues/1529,https://github.com/BCStudentSoftwareDevTeam/celts/pull/1529#issuecomment-3001458770
celts,3001461971,Karina-Agliullova,User,2025-06-24T18:20:45Z,2025-06-24T18:20:45Z,https://api.github.com/repos/BCStudentSoftwareDevTeam/celts/issues/1529,https://github.com/BCStudentSoftwareDevTeam/celts/pull/1529#issuecomment-3001461971
celts,3001467989,Karina-Agliullova,User,2025-06-24T18:23:08Z,2025-06-24T18:23:08Z,https://api.github.com/repos/BCStudentSoftwareDevTeam/celts/issues/1529,https://github.com/BCStudentSoftwareDevTeam/celts/pull/1529#issuecomment-3001467989
celts,3005920675,petrosyantsa,User,2025-06-25T19:35:44Z,2025-06-25T19:35:44Z,https://api.github.com/repos/BCStudentSoftwareDevTeam/celts/issues/1529,https://github.com/BCStudentSoftwareDevTeam/celts/pull/1529#issuecomment-3005920675
celts,3009772430,Karina-Agliullova,User,2025-06-26T19:55:15Z,2025-06-26T19:55:15Z,https://api.github.com/repos/BCStudentSoftwareDevTeam/celts/issues/1542,https://github.com/BCStudentSoftwareDevTeam/celts/pull/1542#issuecomment-3009772430
celts,3009831683,Karina-Agliullova,User,2025-06-26T20:14:44Z,2025-06-26T20:14:44Z,https://api.github.com/repos/BCStudentSoftwareDevTeam/celts/issues/1543,https://github.com/BCStudentSoftwareDevTeam/celts/pull/1543#issuecomment-3009831683
celts,3014097776,Karina-Agliullova,User,2025-06-27T19:02:03Z,2025-06-27T19:02:03Z,https://api.github.com/repos/BCStudentSoftwareDevTeam/celts/issues/1544,https://github.com/BCStudentSoftwareDevTeam/celts/pull/1544#issuecomment-3014097776
celts,3014100160,Karina-Agliullova,User,2025-06-27T19:03:16Z,2025-06-27T19:03:16Z,https://api.github.com/repos/BCStudentSoftwareDevTeam/celts/issues/1544,https://github.com/BCStudentSoftwareDevTeam/celts/pull/1544#issuecomment-3014100160
celts,3014106498,Karina-Agliullova,User,2025-06-27T19:06:08Z,2025-06-27T19:06:08Z,https://api.github.com/repos/BCStudentSoftwareDevTeam/celts/issues/1544,https://github.com/BCStudentSoftwareDevTeam/celts/pull/1544#issuecomment-3014106498
celts,3014133234,Karina-Agliullova,User,2025-06-27T19:19:09Z,2025-06-27T19:19:09Z,https://api.github.com/repos/BCStudentSoftwareDevTeam/celts/issues/1544,https://github.com/BCStudentSoftwareDevTeam/celts/pull/1544#issuecomment-3014133234
celts,3014243140,mathew2005,User,2025-06-27T20:06:42Z,2025-06-27T20:09:21Z,https://api.github.com/repos/BCStudentSoftwareDevTeam/celts/issues/1542,https://github.com/BCStudentSoftwareDevTeam/celts/pull/1542#issuecomment-3014243140
celts,3014244680,mathew2005,User,2025-06-27T20:07:33Z,2025-06-27T20:07:33Z,https://api.github.com/repos/BCStudentSoftwareDevTeam/celts/issues/1542,https://github.com/BCStudentSoftwareDevTeam/celts/pull/1542#issuecomment-3014244680
celts,3019571315,Karina-Agliullova,User,2025-06-30T15:15:30Z,2025-06-30T15:15:30Z,https://api.github.com/repos/BCStudentSoftwareDevTeam/celts/issues/1529,https://github.com/BCStudentSoftwareDevTeam/celts/pull/1529#issuecomment-3019571315
celts,3019574376,Karina-Agliullova,User,2025-06-30T15:16:21Z,2025-06-30T15:16:21Z,https://api.github.com/repos/BCStudentSoftwareDevTeam/celts/issues/1529,https://github.com/BCStudentSoftwareDevTeam/celts/pull/1529#issuecomment-3019574376
celts,3019611618,Karina-Agliullova,User,2025-06-30T15:25:17Z,2025-06-30T15:25:17Z,https://api.github.com/repos/BCStudentSoftwareDevTeam/celts/issues/1529,https://github.com/BCStudentSoftwareDevTeam/celts/pull/1529#issuecomment-3019611618
celts,3020431945,Karina-Agliullova,User,2025-06-30T19:21:46Z,2025-06-30T19:21:46Z,https://api.github.com/repos/BCStudentSoftwareDevTeam/celts/issues/1547,https://github.com/BCStudentSoftwareDevTeam/celts/pull/1547#issuecomment-3020431945
celts,3020495412,Karina-Agliullova,User,2025-06-30T19:48:38Z,2025-06-30T19:48:38Z,https://api.github.com/repos/BCStudentSoftwareDevTeam/celts/issues/1547,https://github.com/BCStudentSoftwareDevTeam/celts/pull/1547#issuecomment-3020495412
celts,3020606528,Karina-Agliullova,User,2025-06-30T20:35:51Z,2025-06-30T20:35:51Z,https://api.github.com/repos/BCStudentSoftwareDevTeam/celts/issues/1529,https://github.com/BCStudentSoftwareDevTeam/celts/pull/1529#issuecomment-3020606528
celts,3020724209,GalinaP7,User,2025-06-30T21:05:07Z,2025-06-30T21:05:07Z,https://api.github.com/repos/BCStudentSoftwareDevTeam/celts/issues/1529,https://github.com/BCStudentSoftwareDevTeam/celts/pull/1529#issuecomment-3020724209
celts,3024386412,Karina-Agliullova,User,2025-07-01T14:54:02Z,2025-07-01T14:54:02Z,https://api.github.com/repos/BCStudentSoftwareDevTeam/celts/issues/1544,https://github.com/BCStudentSoftwareDevTeam/celts/pull/1544#issuecomment-3024386412
celts,3024394763,Karina-Agliullova,User,2025-07-01T14:55:57Z,2025-07-01T14:55:57Z,https://api.github.com/repos/BCStudentSoftwareDevTeam/celts/issues/1544,https://github.com/BCStudentSoftwareDevTeam/celts/pull/1544#issuecomment-3024394763
celts,3024413862,Karina-Agliullova,User,2025-07-01T14:59:25Z,2025-07-01T14:59:54Z,https://api.github.com/repos/BCStudentSoftwareDevTeam/celts/issues/1544,https://github.com/BCStudentSoftwareDevTeam/celts/pull/1544#issuecomment-3024413862
celts,3025172815,bakobagassas,User,2025-07-01T18:53:58Z,2025-07-01T18:53:58Z,https://api.github.com/repos/BCStudentSoftwareDevTeam/celts/issues/1546,https://github.com/BCStudentSoftwareDevTeam/celts/pull/1546#issuecomment-3025172815
celts,3025199949,bakobagassas,User,2025-07-01T19:03:26Z,2025-07-01T19:03:26Z,https://api.github.com/repos/BCStudentSoftwareDevTeam/celts/issues/1546,https://github.com/BCStudentSoftwareDevTeam/celts/pull/1546#issuecomment-3025199949
celts,3025331371,Karina-Agliullova,User,2025-07-01T19:58:07Z,2025-07-01T20:02:28Z,https://api.github.com/repos/BCStudentSoftwareDevTeam/celts/issues/1544,https://github.com/BCStudentSoftwareDevTeam/celts/pull/1544#issuecomment-3025331371
celts,3028820927,Shenderaz,User,2025-07-02T17:57:02Z,2025-07-02T17:57:02Z,https://api.github.com/repos/BCStudentSoftwareDevTeam/celts/issues/1544,https://github.com/BCStudentSoftwareDevTeam/celts/pull/1544#issuecomment-3028820927
celts,3028957878,Karina-Agliullova,User,2025-07-02T18:37:33Z,2025-07-02T18:37:33Z,https://api.github.com/repos/BCStudentSoftwareDevTeam/celts/issues/1546,https://github.com/BCStudentSoftwareDevTeam/celts/pull/1546#issuecomment-3028957878
celts,3029125173,Karina-Agliullova,User,2025-07-02T19:48:16Z,2025-07-02T19:48:16Z,https://api.github.com/repos/BCStudentSoftwareDevTeam/celts/issues/1543,https://github.com/BCStudentSoftwareDevTeam/celts/pull/1543#issuecomment-3029125173
celts,3029189790,Karina-Agliullova,User,2025-07-02T20:12:48Z,2025-07-02T20:12:48Z,https://api.github.com/repos/BCStudentSoftwareDevTeam/celts/issues/1543,https://github.com/BCStudentSoftwareDevTeam/celts/pull/1543#issuecomment-3029189790
celts,3029234102,Karina-Agliullova,User,2025-07-02T20:29:41Z,2025-07-03T15:09:54Z,https://api.github.com/repos/BCStudentSoftwareDevTeam/celts/issues/1543,https://github.com/BCStudentSoftwareDevTeam/celts/pull/1543#issuecomment-3029234102
celts,3029244122,Karina-Agliullova,User,2025-07-02T20:34:25Z,2025-07-02T20:34:25Z,https://api.github.com/repos/BCStudentSoftwareDevTeam/celts/issues/1543,https://github.com/BCStudentSoftwareDevTeam/celts/pull/1543#issuecomment-3029244122
celts,3029263130,Karina-Agliullova,User,2025-07-02T20:43:03Z,2025-07-02T20:43:03Z,https://api.github.com/repos/BCStudentSoftwareDevTeam/celts/issues/1543,https://github.com/BCStudentSoftwareDevTeam/celts/pull/1543#issuecomment-3029263130
celts,3029269857,Karina-Agliullova,User,2025-07-02T20:45:44Z,2025-07-02T20:45:44Z,https://api.github.com/repos/BCStudentSoftwareDevTeam/celts/issues/1543,https://github.com/BCStudentSoftwareDevTeam/celts/pull/1543#issuecomment-3029269857
celts,3033356446,BesherKitaz,User,2025-07-03T19:16:03Z,2025-07-03T19:16:03Z,https://api.github.com/repos/BCStudentSoftwareDevTeam/celts/issues/1546,https://github.com/BCStudentSoftwareDevTeam/celts/pull/1546#issuecomment-3033356446
celts,3049783137,Jonimz,User,2025-07-08T17:38:55Z,2025-07-08T17:38:55Z,https://api.github.com/repos/BCStudentSoftwareDevTeam/celts/issues/1546,https://github.com/BCStudentSoftwareDevTeam/celts/pull/1546#issuecomment-3049783137
celts,3052721674,Karina-Agliullova,User,2025-07-09T13:41:11Z,2025-07-09T13:41:11Z,https://api.github.com/repos/BCStudentSoftwareDevTeam/celts/issues/1546,https://github.com/BCStudentSoftwareDevTeam/celts/pull/1546#issuecomment-3052721674
celts,3052896090,adjagbodjouf,User,2025-07-09T14:31:16Z,2025-07-09T14:36:23Z,https://api.github.com/repos/BCStudentSoftwareDevTeam/celts/issues/1546,https://github.com/BCStudentSoftwareDevTeam/celts/pull/1546#issuecomment-3052896090
celts,3053036038,Karina-Agliullova,User,2025-07-09T15:13:53Z,2025-07-09T15:13:53Z,https://api.github.com/repos/BCStudentSoftwareDevTeam/celts/issues/1544,https://github.com/BCStudentSoftwareDevTeam/celts/pull/1544#issuecomment-3053036038
celts,3058998721,Karina-Agliullova,User,2025-07-10T20:41:34Z,2025-07-10T20:43:11Z,https://api.github.com/repos/BCStudentSoftwareDevTeam/celts/issues/1546,https://github.com/BCStudentSoftwareDevTeam/celts/pull/1546#issuecomment-3058998721
celts,3062500880,Arohasina,User,2025-07-11T14:12:55Z,2025-07-11T14:12:55Z,https://api.github.com/repos/BCStudentSoftwareDevTeam/celts/issues/1543,https://github.com/BCStudentSoftwareDevTeam/celts/pull/1543#issuecomment-3062500880
celts,3065585127,mathew2005,User,2025-07-12T14:36:44Z,2025-07-12T14:36:44Z,https://api.github.com/repos/BCStudentSoftwareDevTeam/celts/issues/1556,https://github.com/BCStudentSoftwareDevTeam/celts/pull/1556#issuecomment-3065585127
celts,3075115028,Karina-Agliullova,User,2025-07-15T19:06:12Z,2025-07-15T19:06:12Z,https://api.github.com/repos/BCStudentSoftwareDevTeam/celts/issues/1579,https://github.com/BCStudentSoftwareDevTeam/celts/pull/1579#issuecomment-3075115028
celts,3075142314,Karina-Agliullova,User,2025-07-15T19:10:07Z,2025-07-15T19:10:07Z,https://api.github.com/repos/BCStudentSoftwareDevTeam/celts/issues/1568,https://github.com/BCStudentSoftwareDevTeam/celts/pull/1568#issuecomment-3075142314
celts,3075148595,Karina-Agliullova,User,2025-07-15T19:11:17Z,2025-07-15T19:11:17Z,https://api.github.com/repos/BCStudentSoftwareDevTeam/celts/issues/1568,https://github.com/BCStudentSoftwareDevTeam/celts/pull/1568#issuecomment-3075148595
celts,3075155432,Karina-Agliullova,User,2025-07-15T19:13:12Z,2025-07-15T19:13:12Z,https://api.github.com/repos/BCStudentSoftwareDevTeam/celts/issues/1568,https://github.com/BCStudentSoftwareDevTeam/celts/pull/1568#issuecomment-3075155432
celts,3075159057,Karina-Agliullova,User,2025-07-15T19:14:22Z,2025-07-15T19:14:22Z,https://api.github.com/repos/BCStudentSoftwareDevTeam/celts/issues/1568,https://github.com/BCStudentSoftwareDevTeam/celts/pull/1568#issuecomment-3075159057
celts,3078799168,Jsmi8334,User,2025-07-16T14:12:16Z,2025-07-16T14:12:16Z,https://api.github.com/repos/BCStudentSoftwareDevTeam/celts/issues/1568,https://github.com/BCStudentSoftwareDevTeam/celts/pull/1568#issuecomment-3078799168
celts,3078985413,mathew2005,User,2025-07-16T14:51:37Z,2025-07-16T14:51:37Z,https://api.github.com/repos/BCStudentSoftwareDevTeam/celts/issues/1581,https://github.com/BCStudentSoftwareDevTeam/celts/pull/1581#issuecomment-3078985413
celts,3080312411,Karina-Agliullova,User,2025-07-16T20:20:46Z,2025-07-16T20:20:46Z,https://api.github.com/repos/BCStudentSoftwareDevTeam/celts/issues/1568,https://github.com/BCStudentSoftwareDevTeam/celts/pull/1568#issuecomment-3080312411
celts,3084944849,Meatchema,User,2025-07-17T17:56:13Z,2025-07-17T17:56:13Z,https://api.github.com/repos/BCStudentSoftwareDevTeam/celts/issues/1568,https://github.com/BCStudentSoftwareDevTeam/celts/pull/1568#issuecomment-3084944849
celts,3089881896,Karina-Agliullova,User,2025-07-18T15:37:02Z,2025-07-18T15:37:02Z,https://api.github.com/repos/BCStudentSoftwareDevTeam/celts/issues/1568,https://github.com/BCStudentSoftwareDevTeam/celts/pull/1568#issuecomment-3089881896
celts,3102790827,Jonimz,User,2025-07-22T13:43:13Z,2025-07-22T13:43:13Z,https://api.github.com/repos/BCStudentSoftwareDevTeam/celts/issues/1556,https://github.com/BCStudentSoftwareDevTeam/celts/pull/1556#issuecomment-3102790827
celts,3102846576,BesherKitaz,User,2025-07-22T13:54:27Z,2025-07-22T13:54:27Z,https://api.github.com/repos/BCStudentSoftwareDevTeam/celts/issues/1586,https://github.com/BCStudentSoftwareDevTeam/celts/pull/1586#issuecomment-3102846576
celts,3132953015,GalinaP7,User,2025-07-29T15:03:17Z,2025-07-29T15:03:17Z,https://api.github.com/repos/BCStudentSoftwareDevTeam/celts/issues/1577,https://github.com/BCStudentSoftwareDevTeam/celts/issues/1577#issuecomment-3132953015
celts,3144599198,bakobagassas,User,2025-08-01T13:28:32Z,2025-08-01T13:28:32Z,https://api.github.com/repos/BCStudentSoftwareDevTeam/celts/issues/1468,https://github.com/BCStudentSoftwareDevTeam/celts/issues/1468#issuecomment-3144599198
celts,3254988336,ojmakinde,User,2025-09-04T18:20:55Z,2025-09-04T18:20:55Z,https://api.github.com/repos/BCStudentSoftwareDevTeam/celts/issues/1610,https://github.com/BCStudentSoftwareDevTeam/celts/pull/1610#issuecomment-3254988336
celts,3254993601,ojmakinde,User,2025-09-04T18:21:53Z,2025-09-04T18:21:53Z,https://api.github.com/repos/BCStudentSoftwareDevTeam/celts/issues/1609,https://github.com/BCStudentSoftwareDevTeam/celts/issues/1609#issuecomment-3254993601
celts,3281966469,ojmakinde,User,2025-09-11T17:17:25Z,2025-09-11T17:17:25Z,https://api.github.com/repos/BCStudentSoftwareDevTeam/celts/issues/1623,https://github.com/BCStudentSoftwareDevTeam/celts/pull/1623#issuecomment-3281966469
celts,3282105835,ojmakinde,User,2025-09-11T18:05:38Z,2025-09-11T18:05:38Z,https://api.github.com/repos/BCStudentSoftwareDevTeam/celts/issues/1581,https://github.com/BCStudentSoftwareDevTeam/celts/pull/1581#issuecomment-3282105835
celts,3286238221,ojmakinde,User,2025-09-12T17:21:11Z,2025-09-12T17:21:11Z,https://api.github.com/repos/BCStudentSoftwareDevTeam/celts/issues/1592,https://github.com/BCStudentSoftwareDevTeam/celts/issues/1592#issuecomment-3286238221
celts,3286330437,ojmakinde,User,2025-09-12T17:54:19Z,2025-09-12T17:54:19Z,https://api.github.com/repos/BCStudentSoftwareDevTeam/celts/issues/1551,https://github.com/BCStudentSoftwareDevTeam/celts/pull/1551#issuecomment-3286330437
celts,3286342623,ojmakinde,User,2025-09-12T17:59:51Z,2025-09-12T17:59:51Z,https://api.github.com/repos/BCStudentSoftwareDevTeam/celts/issues/1582,https://github.com/BCStudentSoftwareDevTeam/celts/pull/1582#issuecomment-3286342623
celts,3286355079,ojmakinde,User,2025-09-12T18:05:06Z,2025-09-12T18:05:06Z,https://api.github.com/repos/BCStudentSoftwareDevTeam/celts/issues/1587,https://github.com/BCStudentSoftwareDevTeam/celts/pull/1587#issuecomment-3286355079
celts,3286361865,ojmakinde,User,2025-09-12T18:07:54Z,2025-09-12T18:07:54Z,https://api.github.com/repos/BCStudentSoftwareDevTeam/celts/issues/1603,https://github.com/BCStudentSoftwareDevTeam/celts/pull/1603#issuecomment-3286361865
celts,3324524822,Karina-Agliullova,User,2025-09-23T15:29:53Z,2025-09-23T15:29:53Z,https://api.github.com/repos/BCStudentSoftwareDevTeam/celts/issues/1406,https://github.com/BCStudentSoftwareDevTeam/celts/issues/1406#issuecomment-3324524822
celts,3324535039,Karina-Agliullova,User,2025-09-23T15:32:32Z,2025-09-23T15:32:32Z,https://api.github.com/repos/BCStudentSoftwareDevTeam/celts/issues/1405,https://github.com/BCStudentSoftwareDevTeam/celts/issues/1405#issuecomment-3324535039
celts,3334606282,Karina-Agliullova,User,2025-09-25T14:58:21Z,2025-09-25T14:58:21Z,https://api.github.com/repos/BCStudentSoftwareDevTeam/celts/issues/1339,https://github.com/BCStudentSoftwareDevTeam/celts/issues/1339#issuecomment-3334606282
celts,3334625508,Karina-Agliullova,User,2025-09-25T15:02:51Z,2025-09-25T15:02:51Z,https://api.github.com/repos/BCStudentSoftwareDevTeam/celts/issues/1358,https://github.com/BCStudentSoftwareDevTeam/celts/issues/1358#issuecomment-3334625508
celts,3334638471,Karina-Agliullova,User,2025-09-25T15:05:55Z,2025-09-25T15:05:55Z,https://api.github.com/repos/BCStudentSoftwareDevTeam/celts/issues/1385,https://github.com/BCStudentSoftwareDevTeam/celts/issues/1385#issuecomment-3334638471
celts,3334658042,Karina-Agliullova,User,2025-09-25T15:10:24Z,2025-09-25T15:10:24Z,https://api.github.com/repos/BCStudentSoftwareDevTeam/celts/issues/1391,https://github.com/BCStudentSoftwareDevTeam/celts/issues/1391#issuecomment-3334658042
celts,3334670180,Karina-Agliullova,User,2025-09-25T15:13:20Z,2025-09-25T15:13:20Z,https://api.github.com/repos/BCStudentSoftwareDevTeam/celts/issues/1398,https://github.com/BCStudentSoftwareDevTeam/celts/issues/1398#issuecomment-3334670180
celts,3334688678,Karina-Agliullova,User,2025-09-25T15:18:04Z,2025-09-25T15:18:04Z,https://api.github.com/repos/BCStudentSoftwareDevTeam/celts/issues/1423,https://github.com/BCStudentSoftwareDevTeam/celts/issues/1423#issuecomment-3334688678
celts,3334696605,Karina-Agliullova,User,2025-09-25T15:20:09Z,2025-09-25T15:20:09Z,https://api.github.com/repos/BCStudentSoftwareDevTeam/celts/issues/1427,https://github.com/BCStudentSoftwareDevTeam/celts/issues/1427#issuecomment-3334696605
celts,3334702978,Karina-Agliullova,User,2025-09-25T15:21:50Z,2025-09-25T15:21:50Z,https://api.github.com/repos/BCStudentSoftwareDevTeam/celts/issues/1430,https://github.com/BCStudentSoftwareDevTeam/celts/issues/1430#issuecomment-3334702978
celts,3334774446,Karina-Agliullova,User,2025-09-25T15:37:22Z,2025-09-25T15:37:22Z,https://api.github.com/repos/BCStudentSoftwareDevTeam/celts/issues/1431,https://github.com/BCStudentSoftwareDevTeam/celts/issues/1431#issuecomment-3334774446
celts,3334792898,Karina-Agliullova,User,2025-09-25T15:40:22Z,2025-09-25T15:40:22Z,https://api.github.com/repos/BCStudentSoftwareDevTeam/celts/issues/1432,https://github.com/BCStudentSoftwareDevTeam/celts/issues/1432#issuecomment-3334792898
celts,3334803601,Karina-Agliullova,User,2025-09-25T15:42:16Z,2025-09-25T15:42:16Z,https://api.github.com/repos/BCStudentSoftwareDevTeam/celts/issues/1441,https://github.com/BCStudentSoftwareDevTeam/celts/issues/1441#issuecomment-3334803601
celts,3335282054,Karina-Agliullova,User,2025-09-25T18:01:22Z,2025-09-25T18:01:22Z,https://api.github.com/repos/BCStudentSoftwareDevTeam/celts/issues/1458,https://github.com/BCStudentSoftwareDevTeam/celts/issues/1458#issuecomment-3335282054
celts,3335285282,Karina-Agliullova,User,2025-09-25T18:02:22Z,2025-09-25T18:02:22Z,https://api.github.com/repos/BCStudentSoftwareDevTeam/celts/issues/1459,https://github.com/BCStudentSoftwareDevTeam/celts/issues/1459#issuecomment-3335285282
celts,3335328658,Karina-Agliullova,User,2025-09-25T18:14:37Z,2025-09-25T18:14:37Z,https://api.github.com/repos/BCStudentSoftwareDevTeam/celts/issues/1462,https://github.com/BCStudentSoftwareDevTeam/celts/issues/1462#issuecomment-3335328658
celts,3335379468,Karina-Agliullova,User,2025-09-25T18:21:23Z,2025-09-25T18:21:23Z,https://api.github.com/repos/BCStudentSoftwareDevTeam/celts/issues/1470,https://github.com/BCStudentSoftwareDevTeam/celts/issues/1470#issuecomment-3335379468
celts,3335413018,Karina-Agliullova,User,2025-09-25T18:25:54Z,2025-09-25T18:25:54Z,https://api.github.com/repos/BCStudentSoftwareDevTeam/celts/issues/1474,https://github.com/BCStudentSoftwareDevTeam/celts/issues/1474#issuecomment-3335413018
celts,3335429497,Karina-Agliullova,User,2025-09-25T18:30:07Z,2025-09-25T18:30:07Z,https://api.github.com/repos/BCStudentSoftwareDevTeam/celts/issues/1514,https://github.com/BCStudentSoftwareDevTeam/celts/issues/1514#issuecomment-3335429497
celts,3335464176,Karina-Agliullova,User,2025-09-25T18:34:18Z,2025-09-25T18:34:18Z,https://api.github.com/repos/BCStudentSoftwareDevTeam/celts/issues/1523,https://github.com/BCStudentSoftwareDevTeam/celts/issues/1523#issuecomment-3335464176
celts,3335497248,Karina-Agliullova,User,2025-09-25T18:40:06Z,2025-09-25T18:40:06Z,https://api.github.com/repos/BCStudentSoftwareDevTeam/celts/issues/1535,https://github.com/BCStudentSoftwareDevTeam/celts/issues/1535#issuecomment-3335497248
celts,3335503365,Karina-Agliullova,User,2025-09-25T18:42:02Z,2025-09-25T18:42:02Z,https://api.github.com/repos/BCStudentSoftwareDevTeam/celts/issues/1538,https://github.com/BCStudentSoftwareDevTeam/celts/issues/1538#issuecomment-3335503365
celts,3335505704,Karina-Agliullova,User,2025-09-25T18:42:48Z,2025-09-25T18:42:48Z,https://api.github.com/repos/BCStudentSoftwareDevTeam/celts/issues/1540,https://github.com/BCStudentSoftwareDevTeam/celts/issues/1540#issuecomment-3335505704
celts,3335536148,Karina-Agliullova,User,2025-09-25T18:53:03Z,2025-09-25T18:53:03Z,https://api.github.com/repos/BCStudentSoftwareDevTeam/celts/issues/1553,https://github.com/BCStudentSoftwareDevTeam/celts/issues/1553#issuecomment-3335536148
celts,3335537667,Karina-Agliullova,User,2025-09-25T18:53:37Z,2025-09-25T18:53:37Z,https://api.github.com/repos/BCStudentSoftwareDevTeam/celts/issues/1563,https://github.com/BCStudentSoftwareDevTeam/celts/issues/1563#issuecomment-3335537667
celts,3335785188,Karina-Agliullova,User,2025-09-25T20:13:46Z,2025-09-25T20:13:46Z,https://api.github.com/repos/BCStudentSoftwareDevTeam/celts/issues/1564,https://github.com/BCStudentSoftwareDevTeam/celts/issues/1564#issuecomment-3335785188
celts,3335797453,Karina-Agliullova,User,2025-09-25T20:17:54Z,2025-09-25T20:17:54Z,https://api.github.com/repos/BCStudentSoftwareDevTeam/celts/issues/1567,https://github.com/BCStudentSoftwareDevTeam/celts/issues/1567#issuecomment-3335797453
celts,3335799866,Karina-Agliullova,User,2025-09-25T20:18:48Z,2025-09-25T20:18:48Z,https://api.github.com/repos/BCStudentSoftwareDevTeam/celts/issues/1569,https://github.com/BCStudentSoftwareDevTeam/celts/issues/1569#issuecomment-3335799866
celts,3335815920,Karina-Agliullova,User,2025-09-25T20:24:15Z,2025-09-25T20:24:15Z,https://api.github.com/repos/BCStudentSoftwareDevTeam/celts/issues/1571,https://github.com/BCStudentSoftwareDevTeam/celts/issues/1571#issuecomment-3335815920
celts,3335819482,Karina-Agliullova,User,2025-09-25T20:25:08Z,2025-09-25T20:25:08Z,https://api.github.com/repos/BCStudentSoftwareDevTeam/celts/issues/1574,https://github.com/BCStudentSoftwareDevTeam/celts/issues/1574#issuecomment-3335819482
celts,3335837675,Karina-Agliullova,User,2025-09-25T20:28:38Z,2025-09-25T20:28:38Z,https://api.github.com/repos/BCStudentSoftwareDevTeam/celts/issues/1573,https://github.com/BCStudentSoftwareDevTeam/celts/issues/1573#issuecomment-3335837675
celts,3335839832,Karina-Agliullova,User,2025-09-25T20:29:11Z,2025-09-25T20:29:11Z,https://api.github.com/repos/BCStudentSoftwareDevTeam/celts/issues/1575,https://github.com/BCStudentSoftwareDevTeam/celts/issues/1575#issuecomment-3335839832
celts,3335843152,Karina-Agliullova,User,2025-09-25T20:30:09Z,2025-09-25T20:30:09Z,https://api.github.com/repos/BCStudentSoftwareDevTeam/celts/issues/1576,https://github.com/BCStudentSoftwareDevTeam/celts/issues/1576#issuecomment-3335843152
celts,3335849802,Karina-Agliullova,User,2025-09-25T20:32:22Z,2025-09-25T20:32:22Z,https://api.github.com/repos/BCStudentSoftwareDevTeam/celts/issues/1591,https://github.com/BCStudentSoftwareDevTeam/celts/issues/1591#issuecomment-3335849802
celts,3335876377,Karina-Agliullova,User,2025-09-25T20:42:15Z,2025-09-25T20:42:15Z,https://api.github.com/repos/BCStudentSoftwareDevTeam/celts/issues/1594,https://github.com/BCStudentSoftwareDevTeam/celts/issues/1594#issuecomment-3335876377
celts,3335885974,Karina-Agliullova,User,2025-09-25T20:45:21Z,2025-09-25T20:45:21Z,https://api.github.com/repos/BCStudentSoftwareDevTeam/celts/issues/1595,https://github.com/BCStudentSoftwareDevTeam/celts/issues/1595#issuecomment-3335885974
celts,3335946882,Karina-Agliullova,User,2025-09-25T21:07:01Z,2025-09-25T21:07:01Z,https://api.github.com/repos/BCStudentSoftwareDevTeam/celts/issues/1596,https://github.com/BCStudentSoftwareDevTeam/celts/issues/1596#issuecomment-3335946882
celts,3335951614,Karina-Agliullova,User,2025-09-25T21:09:00Z,2025-09-25T21:09:00Z,https://api.github.com/repos/BCStudentSoftwareDevTeam/celts/issues/1597,https://github.com/BCStudentSoftwareDevTeam/celts/issues/1597#issuecomment-3335951614
celts,3335954680,Karina-Agliullova,User,2025-09-25T21:10:11Z,2025-09-25T21:10:11Z,https://api.github.com/repos/BCStudentSoftwareDevTeam/celts/issues/1598,https://github.com/BCStudentSoftwareDevTeam/celts/issues/1598#issuecomment-3335954680
celts,3335960235,Karina-Agliullova,User,2025-09-25T21:12:18Z,2025-09-25T21:12:18Z,https://api.github.com/repos/BCStudentSoftwareDevTeam/celts/issues/1599,https://github.com/BCStudentSoftwareDevTeam/celts/issues/1599#issuecomment-3335960235
celts,3335964957,Karina-Agliullova,User,2025-09-25T21:14:14Z,2025-09-25T21:14:14Z,https://api.github.com/repos/BCStudentSoftwareDevTeam/celts/issues/1600,https://github.com/BCStudentSoftwareDevTeam/celts/issues/1600#issuecomment-3335964957
celts,3335983608,Karina-Agliullova,User,2025-09-25T21:21:55Z,2025-09-25T21:21:55Z,https://api.github.com/repos/BCStudentSoftwareDevTeam/celts/issues/1630,https://github.com/BCStudentSoftwareDevTeam/celts/issues/1630#issuecomment-3335983608
celts,3336000228,Karina-Agliullova,User,2025-09-25T21:26:16Z,2025-09-25T21:26:16Z,https://api.github.com/repos/BCStudentSoftwareDevTeam/celts/issues/1601,https://github.com/BCStudentSoftwareDevTeam/celts/issues/1601#issuecomment-3336000228
celts,3336001751,Karina-Agliullova,User,2025-09-25T21:26:48Z,2025-09-25T21:26:48Z,https://api.github.com/repos/BCStudentSoftwareDevTeam/celts/issues/1619,https://github.com/BCStudentSoftwareDevTeam/celts/issues/1619#issuecomment-3336001751
celts,3357943294,JohnCox2211,User,2025-10-01T20:05:16Z,2025-10-01T20:05:16Z,https://api.github.com/repos/BCStudentSoftwareDevTeam/celts/issues/1628,https://github.com/BCStudentSoftwareDevTeam/celts/pull/1628#issuecomment-3357943294
celts,3373667834,Karina-Agliullova,User,2025-10-06T19:43:46Z,2025-10-06T19:43:46Z,https://api.github.com/repos/BCStudentSoftwareDevTeam/celts/issues/1632,https://github.com/BCStudentSoftwareDevTeam/celts/issues/1632#issuecomment-3373667834
celts,3373669507,Karina-Agliullova,User,2025-10-06T19:43:59Z,2025-10-06T19:43:59Z,https://api.github.com/repos/BCStudentSoftwareDevTeam/celts/issues/1631,https://github.com/BCStudentSoftwareDevTeam/celts/issues/1631#issuecomment-3373669507
celts,3391107723,bakobagassas,User,2025-10-10T16:37:06Z,2025-10-10T16:37:06Z,https://api.github.com/repos/BCStudentSoftwareDevTeam/celts/issues/1437,https://github.com/BCStudentSoftwareDevTeam/celts/pull/1437#issuecomment-3391107723
celts,3391116119,bakobagassas,User,2025-10-10T16:38:46Z,2025-10-10T16:38:46Z,https://api.github.com/repos/BCStudentSoftwareDevTeam/celts/issues/1437,https://github.com/BCStudentSoftwareDevTeam/celts/pull/1437#issuecomment-3391116119
celts,3391230748,bakobagassas,User,2025-10-10T17:00:31Z,2025-10-10T17:00:31Z,https://api.github.com/repos/BCStudentSoftwareDevTeam/celts/issues/1437,https://github.com/BCStudentSoftwareDevTeam/celts/pull/1437#issuecomment-3391230748
celts,3391322182,bakobagassas,User,2025-10-10T17:17:21Z,2025-10-10T17:17:21Z,https://api.github.com/repos/BCStudentSoftwareDevTeam/celts/issues/1628,https://github.com/BCStudentSoftwareDevTeam/celts/pull/1628#issuecomment-3391322182
celts,3398671001,JohnCox2211,User,2025-10-13T18:47:13Z,2025-10-13T18:47:13Z,https://api.github.com/repos/BCStudentSoftwareDevTeam/celts/issues/1628,https://github.com/BCStudentSoftwareDevTeam/celts/pull/1628#issuecomment-3398671001
celts,3398791422,ojmakinde,User,2025-10-13T19:31:06Z,2025-10-13T19:31:06Z,https://api.github.com/repos/BCStudentSoftwareDevTeam/celts/issues/1633,https://github.com/BCStudentSoftwareDevTeam/celts/pull/1633#issuecomment-3398791422
celts,3399418393,MImran2002,User,2025-10-13T23:43:36Z,2025-10-13T23:43:36Z,https://api.github.com/repos/BCStudentSoftwareDevTeam/celts/issues/1437,https://github.com/BCStudentSoftwareDevTeam/celts/pull/1437#issuecomment-3399418393
celts,3423306847,Karina-Agliullova,User,2025-10-20T18:39:08Z,2025-10-20T18:39:08Z,https://api.github.com/repos/BCStudentSoftwareDevTeam/celts/issues/1634,https://github.com/BCStudentSoftwareDevTeam/celts/issues/1634#issuecomment-3423306847
celts,3427870277,bakobagassas,User,2025-10-21T17:06:50Z,2025-10-21T17:06:50Z,https://api.github.com/repos/BCStudentSoftwareDevTeam/celts/issues/1437,https://github.com/BCStudentSoftwareDevTeam/celts/pull/1437#issuecomment-3427870277
celts,3429916680,MImran2002,User,2025-10-21T23:27:24Z,2025-10-21T23:27:24Z,https://api.github.com/repos/BCStudentSoftwareDevTeam/celts/issues/1437,https://github.com/BCStudentSoftwareDevTeam/celts/pull/1437#issuecomment-3429916680
celts,3492621665,ojmakinde,User,2025-11-05T18:00:31Z,2025-11-05T18:00:31Z,https://api.github.com/repos/BCStudentSoftwareDevTeam/celts/issues/1635,https://github.com/BCStudentSoftwareDevTeam/celts/pull/1635#issuecomment-3492621665
celts,3493053930,eunsungw,User,2025-11-05T19:52:37Z,2025-11-05T19:52:37Z,https://api.github.com/repos/BCStudentSoftwareDevTeam/celts/issues/1635,https://github.com/BCStudentSoftwareDevTeam/celts/pull/1635#issuecomment-3493053930
celts,3493732488,ojmakinde,User,2025-11-05T22:05:09Z,2025-11-05T22:05:09Z,https://api.github.com/repos/BCStudentSoftwareDevTeam/celts/issues/1635,https://github.com/BCStudentSoftwareDevTeam/celts/pull/1635#issuecomment-3493732488
celts,3493892364,JohnCox2211,User,2025-11-05T22:37:43Z,2025-11-05T22:38:09Z,https://api.github.com/repos/BCStudentSoftwareDevTeam/celts/issues/1584,https://github.com/BCStudentSoftwareDevTeam/celts/pull/1584#issuecomment-3493892364
celts,3498994308,bakobagassas,User,2025-11-06T19:10:49Z,2025-11-06T19:10:49Z,https://api.github.com/repos/BCStudentSoftwareDevTeam/celts/issues/1584,https://github.com/BCStudentSoftwareDevTeam/celts/pull/1584#issuecomment-3498994308
celts,3513495678,JohnCox2211,User,2025-11-10T19:14:24Z,2025-11-10T19:14:24Z,https://api.github.com/repos/BCStudentSoftwareDevTeam/celts/issues/1584,https://github.com/BCStudentSoftwareDevTeam/celts/pull/1584#issuecomment-3513495678
celts,3513810931,eunsungw,User,2025-11-10T20:38:55Z,2025-11-10T20:43:24Z,https://api.github.com/repos/BCStudentSoftwareDevTeam/celts/issues/1584,https://github.com/BCStudentSoftwareDevTeam/celts/pull/1584#issuecomment-3513810931
celts,3513881074,JohnCox2211,User,2025-11-10T21:02:08Z,2025-11-10T21:02:08Z,https://api.github.com/repos/BCStudentSoftwareDevTeam/celts/issues/1636,https://github.com/BCStudentSoftwareDevTeam/celts/issues/1636#issuecomment-3513881074
celts,3514420225,RueHaile,User,2025-11-11T00:06:50Z,2025-11-11T00:06:50Z,https://api.github.com/repos/BCStudentSoftwareDevTeam/celts/issues/1635,https://github.com/BCStudentSoftwareDevTeam/celts/pull/1635#issuecomment-3514420225
celts,3516990424,ojmakinde,User,2025-11-11T13:42:14Z,2025-11-11T13:42:14Z,https://api.github.com/repos/BCStudentSoftwareDevTeam/celts/issues/1635,https://github.com/BCStudentSoftwareDevTeam/celts/pull/1635#issuecomment-3516990424
celts,3518420273,bakobagassas,User,2025-11-11T19:20:58Z,2025-11-11T19:20:58Z,https://api.github.com/repos/BCStudentSoftwareDevTeam/celts/issues/1584,https://github.com/BCStudentSoftwareDevTeam/celts/pull/1584#issuecomment-3518420273
celts,3518647713,eunsungw,User,2025-11-11T20:35:30Z,2025-11-11T20:35:30Z,https://api.github.com/repos/BCStudentSoftwareDevTeam/celts/issues/1584,https://github.com/BCStudentSoftwareDevTeam/celts/pull/1584#issuecomment-3518647713
celts,3518683886,JohnCox2211,User,2025-11-11T20:50:08Z,2025-11-11T20:51:31Z,https://api.github.com/repos/BCStudentSoftwareDevTeam/celts/issues/1584,https://github.com/BCStudentSoftwareDevTeam/celts/pull/1584#issuecomment-3518683886
celts,3523679432,Karina-Agliullova,User,2025-11-12T19:59:45Z,2025-11-12T19:59:45Z,https://api.github.com/repos/BCStudentSoftwareDevTeam/celts/issues/1637,https://github.com/BCStudentSoftwareDevTeam/celts/pull/1637#issuecomment-3523679432
celts,3549349758,bakobagassas,User,2025-11-18T19:58:17Z,2025-11-18T19:58:17Z,https://api.github.com/repos/BCStudentSoftwareDevTeam/celts/issues/1584,https://github.com/BCStudentSoftwareDevTeam/celts/pull/1584#issuecomment-3549349758
celts,3549464277,ojmakinde,User,2025-11-18T20:27:12Z,2025-11-18T20:27:56Z,https://api.github.com/repos/BCStudentSoftwareDevTeam/celts/issues/1475,https://github.com/BCStudentSoftwareDevTeam/celts/pull/1475#issuecomment-3549464277
celts,3554699547,JohnCox2211,User,2025-11-19T21:27:11Z,2025-11-19T21:27:11Z,https://api.github.com/repos/BCStudentSoftwareDevTeam/celts/issues/1584,https://github.com/BCStudentSoftwareDevTeam/celts/pull/1584#issuecomment-3554699547
celts,3558846375,bakobagassas,User,2025-11-20T16:05:19Z,2025-11-20T16:05:19Z,https://api.github.com/repos/BCStudentSoftwareDevTeam/celts/issues/1584,https://github.com/BCStudentSoftwareDevTeam/celts/pull/1584#issuecomment-3558846375
celts,3563407787,RueHaile,User,2025-11-21T15:06:36Z,2025-11-21T15:06:36Z,https://api.github.com/repos/BCStudentSoftwareDevTeam/celts/issues/1437,https://github.com/BCStudentSoftwareDevTeam/celts/pull/1437#issuecomment-3563407787
celts,3564107182,bakobagassas,User,2025-11-21T18:06:09Z,2025-11-21T18:06:09Z,https://api.github.com/repos/BCStudentSoftwareDevTeam/celts/issues/1584,https://github.com/BCStudentSoftwareDevTeam/celts/pull/1584#issuecomment-3564107182
celts,3564944317,ojmakinde,User,2025-11-21T23:11:11Z,2025-11-21T23:12:43Z,https://api.github.com/repos/BCStudentSoftwareDevTeam/celts/issues/1437,https://github.com/BCStudentSoftwareDevTeam/celts/pull/1437#issuecomment-3564944317
celts,3571714796,RueHaile,User,2025-11-24T16:36:25Z,2025-11-24T16:36:25Z,https://api.github.com/repos/BCStudentSoftwareDevTeam/celts/issues/1437,https://github.com/BCStudentSoftwareDevTeam/celts/pull/1437#issuecomment-3571714796
celts,3573141148,RueHaile,User,2025-11-24T23:26:51Z,2025-11-25T20:19:25Z,https://api.github.com/repos/BCStudentSoftwareDevTeam/celts/issues/1437,https://github.com/BCStudentSoftwareDevTeam/celts/pull/1437#issuecomment-3573141148
celts,3598696941,JohnCox2211,User,2025-12-01T20:27:35Z,2025-12-01T20:41:06Z,https://api.github.com/repos/BCStudentSoftwareDevTeam/celts/issues/1437,https://github.com/BCStudentSoftwareDevTeam/celts/pull/1437#issuecomment-3598696941
celts,3599186385,JohnCox2211,User,2025-12-01T22:12:54Z,2025-12-10T15:56:59Z,https://api.github.com/repos/BCStudentSoftwareDevTeam/celts/issues/1428,https://github.com/BCStudentSoftwareDevTeam/celts/pull/1428#issuecomment-3599186385
celts,3599255867,JohnCox2211,User,2025-12-01T22:36:53Z,2025-12-01T22:38:48Z,https://api.github.com/repos/BCStudentSoftwareDevTeam/celts/issues/1428,https://github.com/BCStudentSoftwareDevTeam/celts/pull/1428#issuecomment-3599255867
celts,3599581264,MImran2002,User,2025-12-02T00:32:34Z,2025-12-02T01:10:23Z,https://api.github.com/repos/BCStudentSoftwareDevTeam/celts/issues/1437,https://github.com/BCStudentSoftwareDevTeam/celts/pull/1437#issuecomment-3599581264
celts,3603831652,JohnCox2211,User,2025-12-02T20:25:12Z,2025-12-02T20:25:12Z,https://api.github.com/repos/BCStudentSoftwareDevTeam/celts/issues/1437,https://github.com/BCStudentSoftwareDevTeam/celts/pull/1437#issuecomment-3603831652
celts,3604273580,RueHaile,User,2025-12-02T22:51:46Z,2025-12-02T22:51:46Z,https://api.github.com/repos/BCStudentSoftwareDevTeam/celts/issues/1437,https://github.com/BCStudentSoftwareDevTeam/celts/pull/1437#issuecomment-3604273580
celts,3637914640,ojmakinde,User,2025-12-10T16:25:09Z,2025-12-10T17:36:21Z,https://api.github.com/repos/BCStudentSoftwareDevTeam/celts/issues/1428,https://github.com/BCStudentSoftwareDevTeam/celts/pull/1428#issuecomment-3637914640
celts,3662305785,MImran2002,User,2025-12-16T20:42:52Z,2025-12-16T20:42:52Z,https://api.github.com/repos/BCStudentSoftwareDevTeam/celts/issues/1439,https://github.com/BCStudentSoftwareDevTeam/celts/pull/1439#issuecomment-3662305785
celts,3667365907,BesherKitaz,User,2025-12-17T21:56:21Z,2025-12-17T21:56:21Z,https://api.github.com/repos/BCStudentSoftwareDevTeam/celts/issues/1546,https://github.com/BCStudentSoftwareDevTeam/celts/pull/1546#issuecomment-3667365907
celts,3671914411,MImran2002,User,2025-12-18T19:31:34Z,2025-12-18T19:31:34Z,https://api.github.com/repos/BCStudentSoftwareDevTeam/celts/issues/1439,https://github.com/BCStudentSoftwareDevTeam/celts/pull/1439#issuecomment-3671914411
celts,3671949653,MImran2002,User,2025-12-18T19:41:32Z,2025-12-18T19:41:32Z,https://api.github.com/repos/BCStudentSoftwareDevTeam/celts/issues/1647,https://github.com/BCStudentSoftwareDevTeam/celts/pull/1647#issuecomment-3671949653
celts,3679762867,BesherKitaz,User,2025-12-22T00:07:16Z,2025-12-22T00:07:16Z,https://api.github.com/repos/BCStudentSoftwareDevTeam/celts/issues/1546,https://github.com/BCStudentSoftwareDevTeam/celts/pull/1546#issuecomment-3679762867
celts,3690253665,MImran2002,User,2025-12-24T17:03:22Z,2025-12-24T17:03:22Z,https://api.github.com/repos/BCStudentSoftwareDevTeam/celts/issues/1647,https://github.com/BCStudentSoftwareDevTeam/celts/pull/1647#issuecomment-3690253665
celts,3691678297,MImran2002,User,2025-12-25T19:06:05Z,2025-12-25T19:06:05Z,https://api.github.com/repos/BCStudentSoftwareDevTeam/celts/issues/1647,https://github.com/BCStudentSoftwareDevTeam/celts/pull/1647#issuecomment-3691678297
celts,3693061475,MImran2002,User,2025-12-26T16:10:59Z,2025-12-26T16:10:59Z,https://api.github.com/repos/BCStudentSoftwareDevTeam/celts/issues/1546,https://github.com/BCStudentSoftwareDevTeam/celts/pull/1546#issuecomment-3693061475
celts,3697547162,BesherKitaz,User,2025-12-29T21:08:06Z,2025-12-29T21:08:06Z,https://api.github.com/repos/BCStudentSoftwareDevTeam/celts/issues/1546,https://github.com/BCStudentSoftwareDevTeam/celts/pull/1546#issuecomment-3697547162
celts,3700333173,RueHaile,User,2025-12-30T19:56:38Z,2025-12-30T19:56:38Z,https://api.github.com/repos/BCStudentSoftwareDevTeam/celts/issues/1428,https://github.com/BCStudentSoftwareDevTeam/celts/pull/1428#issuecomment-3700333173
celts,3700500278,MImran2002,User,2025-12-30T20:26:05Z,2025-12-30T21:00:13Z,https://api.github.com/repos/BCStudentSoftwareDevTeam/celts/issues/1647,https://github.com/BCStudentSoftwareDevTeam/celts/pull/1647#issuecomment-3700500278
celts,3700578622,MImran2002,User,2025-12-30T21:13:23Z,2025-12-30T21:13:23Z,https://api.github.com/repos/BCStudentSoftwareDevTeam/celts/issues/1546,https://github.com/BCStudentSoftwareDevTeam/celts/pull/1546#issuecomment-3700578622
celts,3702901009,bakobagassas,User,2025-12-31T21:07:11Z,2025-12-31T21:07:11Z,https://api.github.com/repos/BCStudentSoftwareDevTeam/celts/issues/1647,https://github.com/BCStudentSoftwareDevTeam/celts/pull/1647#issuecomment-3702901009
celts,3710723084,xrhstoskap,User,2026-01-05T14:43:28Z,2026-01-05T14:43:28Z,https://api.github.com/repos/BCStudentSoftwareDevTeam/celts/issues/1591,https://github.com/BCStudentSoftwareDevTeam/celts/issues/1591#issuecomment-3710723084
celts,3725243929,MImran2002,User,2026-01-08T19:03:02Z,2026-01-08T19:03:02Z,https://api.github.com/repos/BCStudentSoftwareDevTeam/celts/issues/1653,https://github.com/BCStudentSoftwareDevTeam/celts/issues/1653#issuecomment-3725243929
celts,3750345384,Karina-Agliullova,User,2026-01-14T16:14:38Z,2026-01-14T16:14:38Z,https://api.github.com/repos/BCStudentSoftwareDevTeam/celts/issues/1643,https://github.com/BCStudentSoftwareDevTeam/celts/pull/1643#issuecomment-3750345384
celts,3791094682,Karina-Agliullova,User,2026-01-23T16:27:31Z,2026-01-23T16:27:31Z,https://api.github.com/repos/BCStudentSoftwareDevTeam/celts/issues/1660,https://github.com/BCStudentSoftwareDevTeam/celts/issues/1660#issuecomment-3791094682
celts,3791103870,Karina-Agliullova,User,2026-01-23T16:29:03Z,2026-01-23T16:29:03Z,https://api.github.com/repos/BCStudentSoftwareDevTeam/celts/issues/1649,https://github.com/BCStudentSoftwareDevTeam/celts/issues/1649#issuecomment-3791103870
celts,3791110670,Karina-Agliullova,User,2026-01-23T16:30:11Z,2026-01-23T16:30:11Z,https://api.github.com/repos/BCStudentSoftwareDevTeam/celts/issues/1657,https://github.com/BCStudentSoftwareDevTeam/celts/issues/1657#issuecomment-3791110670
celts,3791165393,Karina-Agliullova,User,2026-01-23T16:39:38Z,2026-01-23T16:39:38Z,https://api.github.com/repos/BCStudentSoftwareDevTeam/celts/issues/1656,https://github.com/BCStudentSoftwareDevTeam/celts/issues/1656#issuecomment-3791165393
celts,3814138024,MImran2002,User,2026-01-28T21:56:47Z,2026-01-28T21:58:16Z,https://api.github.com/repos/BCStudentSoftwareDevTeam/celts/issues/1668,https://github.com/BCStudentSoftwareDevTeam/celts/pull/1668#issuecomment-3814138024
celts,3820287846,Karina-Agliullova,User,2026-01-29T20:54:03Z,2026-01-29T20:54:03Z,https://api.github.com/repos/BCStudentSoftwareDevTeam/celts/issues/1652,https://github.com/BCStudentSoftwareDevTeam/celts/issues/1652#issuecomment-3820287846
celts,3820292461,Karina-Agliullova,User,2026-01-29T20:54:57Z,2026-01-29T20:54:57Z,https://api.github.com/repos/BCStudentSoftwareDevTeam/celts/issues/1651,https://github.com/BCStudentSoftwareDevTeam/celts/issues/1651#issuecomment-3820292461
celts,3820305901,Karina-Agliullova,User,2026-01-29T20:58:42Z,2026-01-29T20:58:42Z,https://api.github.com/repos/BCStudentSoftwareDevTeam/celts/issues/1650,https://github.com/BCStudentSoftwareDevTeam/celts/issues/1650#issuecomment-3820305901
celts,3820756799,bakobagassas,User,2026-01-29T22:29:50Z,2026-01-29T22:29:50Z,https://api.github.com/repos/BCStudentSoftwareDevTeam/celts/issues/1668,https://github.com/BCStudentSoftwareDevTeam/celts/pull/1668#issuecomment-3820756799
celts,3835923564,Karina-Agliullova,User,2026-02-02T15:34:32Z,2026-02-02T15:34:32Z,https://api.github.com/repos/BCStudentSoftwareDevTeam/celts/issues/1648,https://github.com/BCStudentSoftwareDevTeam/celts/issues/1648#issuecomment-3835923564
celts,3837280787,MImran2002,User,2026-02-02T20:04:22Z,2026-02-02T20:04:22Z,https://api.github.com/repos/BCStudentSoftwareDevTeam/celts/issues/1671,https://github.com/BCStudentSoftwareDevTeam/celts/pull/1671#issuecomment-3837280787
celts,3843238262,JohnCox2211,User,2026-02-03T19:31:12Z,2026-02-03T19:31:12Z,https://api.github.com/repos/BCStudentSoftwareDevTeam/celts/issues/1664,https://github.com/BCStudentSoftwareDevTeam/celts/pull/1664#issuecomment-3843238262
celts,3843239221,JohnCox2211,User,2026-02-03T19:31:26Z,2026-02-03T19:31:26Z,https://api.github.com/repos/BCStudentSoftwareDevTeam/celts/issues/1664,https://github.com/BCStudentSoftwareDevTeam/celts/pull/1664#issuecomment-3843239221
celts,3863107033,MImran2002,User,2026-02-07T00:14:08Z,2026-02-07T00:14:08Z,https://api.github.com/repos/BCStudentSoftwareDevTeam/celts/issues/1668,https://github.com/BCStudentSoftwareDevTeam/celts/pull/1668#issuecomment-3863107033
celts,3873512318,MImran2002,User,2026-02-09T19:50:18Z,2026-02-09T19:50:18Z,https://api.github.com/repos/BCStudentSoftwareDevTeam/celts/issues/1668,https://github.com/BCStudentSoftwareDevTeam/celts/pull/1668#issuecomment-3873512318
celts,3873525807,MImran2002,User,2026-02-09T19:56:32Z,2026-02-09T19:56:32Z,https://api.github.com/repos/BCStudentSoftwareDevTeam/celts/issues/1669,https://github.com/BCStudentSoftwareDevTeam/celts/pull/1669#issuecomment-3873525807
celts,3873529259,MImran2002,User,2026-02-09T19:57:56Z,2026-02-09T19:57:56Z,https://api.github.com/repos/BCStudentSoftwareDevTeam/celts/issues/1668,https://github.com/BCStudentSoftwareDevTeam/celts/pull/1668#issuecomment-3873529259
celts,3880413331,Meatchema,User,2026-02-10T20:04:09Z,2026-02-10T20:04:09Z,https://api.github.com/repos/BCStudentSoftwareDevTeam/celts/issues/1669,https://github.com/BCStudentSoftwareDevTeam/celts/pull/1669#issuecomment-3880413331
celts,3880535943,Kafui123,User,2026-02-10T20:28:32Z,2026-02-10T20:28:32Z,https://api.github.com/repos/BCStudentSoftwareDevTeam/celts/issues/1673,https://github.com/BCStudentSoftwareDevTeam/celts/pull/1673#issuecomment-3880535943
celts,3880623237,Karina-Agliullova,User,2026-02-10T20:46:31Z,2026-02-10T20:46:31Z,https://api.github.com/repos/BCStudentSoftwareDevTeam/celts/issues/1669,https://github.com/BCStudentSoftwareDevTeam/celts/pull/1669#issuecomment-3880623237
celts,3887212733,Arohasina,User,2026-02-11T21:03:00Z,2026-02-11T21:03:00Z,https://api.github.com/repos/BCStudentSoftwareDevTeam/celts/issues/1673,https://github.com/BCStudentSoftwareDevTeam/celts/pull/1673#issuecomment-3887212733
celts,3899648838,Kafui123,User,2026-02-13T21:42:25Z,2026-02-13T21:42:25Z,https://api.github.com/repos/BCStudentSoftwareDevTeam/celts/issues/1667,https://github.com/BCStudentSoftwareDevTeam/celts/pull/1667#issuecomment-3899648838
celts,3922939523,Meatchema,User,2026-02-18T20:10:19Z,2026-02-18T20:10:19Z,https://api.github.com/repos/BCStudentSoftwareDevTeam/celts/issues/1676,https://github.com/BCStudentSoftwareDevTeam/celts/issues/1676#issuecomment-3922939523
celts,3923233245,Meatchema,User,2026-02-18T21:08:53Z,2026-02-18T21:08:53Z,https://api.github.com/repos/BCStudentSoftwareDevTeam/celts/issues/1677,https://github.com/BCStudentSoftwareDevTeam/celts/pull/1677#issuecomment-3923233245
celts,3928465577,RueHaile,User,2026-02-19T16:46:48Z,2026-02-19T16:46:48Z,https://api.github.com/repos/BCStudentSoftwareDevTeam/celts/issues/1667,https://github.com/BCStudentSoftwareDevTeam/celts/pull/1667#issuecomment-3928465577
celts,3929569892,Meatchema,User,2026-02-19T19:51:30Z,2026-02-19T19:51:30Z,https://api.github.com/repos/BCStudentSoftwareDevTeam/celts/issues/1667,https://github.com/BCStudentSoftwareDevTeam/celts/pull/1667#issuecomment-3929569892
celts,3929649414,RueHaile,User,2026-02-19T20:06:24Z,2026-02-19T20:06:24Z,https://api.github.com/repos/BCStudentSoftwareDevTeam/celts/issues/1667,https://github.com/BCStudentSoftwareDevTeam/celts/pull/1667#issuecomment-3929649414
celts,3935714593,ojmakinde,User,2026-02-20T15:53:41Z,2026-02-20T15:53:41Z,https://api.github.com/repos/BCStudentSoftwareDevTeam/celts/issues/1664,https://github.com/BCStudentSoftwareDevTeam/celts/pull/1664#issuecomment-3935714593
celts,3936480121,ojmakinde,User,2026-02-20T18:36:30Z,2026-02-20T20:36:42Z,https://api.github.com/repos/BCStudentSoftwareDevTeam/celts/issues/1664,https://github.com/BCStudentSoftwareDevTeam/celts/pull/1664#issuecomment-3936480121
celts,3947154693,Meatchema,User,2026-02-23T20:31:32Z,2026-02-24T14:56:59Z,https://api.github.com/repos/BCStudentSoftwareDevTeam/celts/issues/1667,https://github.com/BCStudentSoftwareDevTeam/celts/pull/1667#issuecomment-3947154693
celts,3961374672,Karina-Agliullova,User,2026-02-25T19:03:57Z,2026-02-25T19:03:57Z,https://api.github.com/repos/BCStudentSoftwareDevTeam/celts/issues/1682,https://github.com/BCStudentSoftwareDevTeam/celts/issues/1682#issuecomment-3961374672
celts,3961470286,Karina-Agliullova,User,2026-02-25T19:21:08Z,2026-02-25T19:21:08Z,https://api.github.com/repos/BCStudentSoftwareDevTeam/celts/issues/1683,https://github.com/BCStudentSoftwareDevTeam/celts/issues/1683#issuecomment-3961470286
celts,3968677231,JohnCox2211,User,2026-02-26T19:16:40Z,2026-02-26T19:16:40Z,https://api.github.com/repos/BCStudentSoftwareDevTeam/celts/issues/1664,https://github.com/BCStudentSoftwareDevTeam/celts/pull/1664#issuecomment-3968677231
celts,3998196211,ojmakinde,User,2026-03-04T15:15:57Z,2026-03-04T15:15:57Z,https://api.github.com/repos/BCStudentSoftwareDevTeam/celts/issues/1686,https://github.com/BCStudentSoftwareDevTeam/celts/issues/1686#issuecomment-3998196211
celts,4015519241,MImran2002,User,2026-03-07T04:29:40Z,2026-03-07T04:29:40Z,https://api.github.com/repos/BCStudentSoftwareDevTeam/celts/issues/1428,https://github.com/BCStudentSoftwareDevTeam/celts/pull/1428#issuecomment-4015519241
celts,4018460096,ojmakinde,User,2026-03-08T06:21:27Z,2026-03-08T07:12:33Z,https://api.github.com/repos/BCStudentSoftwareDevTeam/celts/issues/1428,https://github.com/BCStudentSoftwareDevTeam/celts/pull/1428#issuecomment-4018460096
celts,4018469859,ojmakinde,User,2026-03-08T06:26:09Z,2026-03-08T06:26:09Z,https://api.github.com/repos/BCStudentSoftwareDevTeam/celts/issues/1428,https://github.com/BCStudentSoftwareDevTeam/celts/pull/1428#issuecomment-4018469859
celts,4026306407,RueHaile,User,2026-03-09T19:42:53Z,2026-03-09T19:57:07Z,https://api.github.com/repos/BCStudentSoftwareDevTeam/celts/issues/1428,https://github.com/BCStudentSoftwareDevTeam/celts/pull/1428#issuecomment-4026306407
celts,4026677517,RueHaile,User,2026-03-09T20:23:46Z,2026-03-09T20:23:46Z,https://api.github.com/repos/BCStudentSoftwareDevTeam/celts/issues/1428,https://github.com/BCStudentSoftwareDevTeam/celts/pull/1428#issuecomment-4026677517
celts,4026684554,RueHaile,User,2026-03-09T20:25:02Z,2026-03-09T20:25:02Z,https://api.github.com/repos/BCStudentSoftwareDevTeam/celts/issues/1686,https://github.com/BCStudentSoftwareDevTeam/celts/issues/1686#issuecomment-4026684554
celts,4026831616,RueHaile,User,2026-03-09T20:50:54Z,2026-03-09T20:50:54Z,https://api.github.com/repos/BCStudentSoftwareDevTeam/celts/issues/1667,https://github.com/BCStudentSoftwareDevTeam/celts/pull/1667#issuecomment-4026831616
celts,4034020274,bakobagassas,User,2026-03-10T19:48:56Z,2026-03-10T19:48:56Z,https://api.github.com/repos/BCStudentSoftwareDevTeam/celts/issues/1428,https://github.com/BCStudentSoftwareDevTeam/celts/pull/1428#issuecomment-4034020274
celts,4034085346,bakobagassas,User,2026-03-10T20:00:12Z,2026-03-10T20:00:12Z,https://api.github.com/repos/BCStudentSoftwareDevTeam/celts/issues/1428,https://github.com/BCStudentSoftwareDevTeam/celts/pull/1428#issuecomment-4034085346
celts,4068288956,ojmakinde,User,2026-03-16T14:57:31Z,2026-03-16T14:57:31Z,https://api.github.com/repos/BCStudentSoftwareDevTeam/celts/issues/1428,https://github.com/BCStudentSoftwareDevTeam/celts/pull/1428#issuecomment-4068288956
celts,4068295828,ojmakinde,User,2026-03-16T14:58:21Z,2026-03-16T15:02:24Z,https://api.github.com/repos/BCStudentSoftwareDevTeam/celts/issues/1428,https://github.com/BCStudentSoftwareDevTeam/celts/pull/1428#issuecomment-4068295828
celts,4077805927,ojmakinde,User,2026-03-17T20:27:27Z,2026-03-17T20:27:27Z,https://api.github.com/repos/BCStudentSoftwareDevTeam/celts/issues/1428,https://github.com/BCStudentSoftwareDevTeam/celts/pull/1428#issuecomment-4077805927
celts,4112963674,bakobagassas,User,2026-03-23T18:53:50Z,2026-03-23T18:53:50Z,https://api.github.com/repos/BCStudentSoftwareDevTeam/celts/issues/1428,https://github.com/BCStudentSoftwareDevTeam/celts/pull/1428#issuecomment-4112963674
celts,4120853890,Meatchema,User,2026-03-24T19:33:18Z,2026-03-24T19:41:58Z,https://api.github.com/repos/BCStudentSoftwareDevTeam/celts/issues/1667,https://github.com/BCStudentSoftwareDevTeam/celts/pull/1667#issuecomment-4120853890
celts,4129285663,Meatchema,User,2026-03-25T19:40:11Z,2026-03-25T19:40:11Z,https://api.github.com/repos/BCStudentSoftwareDevTeam/celts/issues/1679,https://github.com/BCStudentSoftwareDevTeam/celts/pull/1679#issuecomment-4129285663
celts,4138103075,JohnCox2211,User,2026-03-26T20:46:36Z,2026-03-26T20:46:36Z,https://api.github.com/repos/BCStudentSoftwareDevTeam/celts/issues/1689,https://github.com/BCStudentSoftwareDevTeam/celts/issues/1689#issuecomment-4138103075
celts,4144449134,bakobagassas,User,2026-03-27T18:24:49Z,2026-03-27T18:24:49Z,https://api.github.com/repos/BCStudentSoftwareDevTeam/celts/issues/1687,https://github.com/BCStudentSoftwareDevTeam/celts/pull/1687#issuecomment-4144449134
celts,4157551134,Karina-Agliullova,User,2026-03-30T19:20:02Z,2026-03-30T19:20:02Z,https://api.github.com/repos/BCStudentSoftwareDevTeam/celts/issues/1690,https://github.com/BCStudentSoftwareDevTeam/celts/issues/1690#issuecomment-4157551134
celts,4164645987,Meatchema,User,2026-03-31T18:39:55Z,2026-03-31T18:39:55Z,https://api.github.com/repos/BCStudentSoftwareDevTeam/celts/issues/1667,https://github.com/BCStudentSoftwareDevTeam/celts/pull/1667#issuecomment-4164645987
celts,4164950809,Meatchema,User,2026-03-31T19:28:43Z,2026-03-31T19:28:43Z,https://api.github.com/repos/BCStudentSoftwareDevTeam/celts/issues/1667,https://github.com/BCStudentSoftwareDevTeam/celts/pull/1667#issuecomment-4164950809
celts,4165105383,bakobagassas,User,2026-03-31T19:57:41Z,2026-03-31T19:57:41Z,https://api.github.com/repos/BCStudentSoftwareDevTeam/celts/issues/1688,https://github.com/BCStudentSoftwareDevTeam/celts/pull/1688#issuecomment-4165105383
celts,4165792885,RueHaile,User,2026-03-31T21:48:01Z,2026-03-31T21:48:01Z,https://api.github.com/repos/BCStudentSoftwareDevTeam/celts/issues/1667,https://github.com/BCStudentSoftwareDevTeam/celts/pull/1667#issuecomment-4165792885
celts,4166031896,Arohasina,User,2026-03-31T22:32:53Z,2026-03-31T22:32:53Z,https://api.github.com/repos/BCStudentSoftwareDevTeam/celts/issues/1684,https://github.com/BCStudentSoftwareDevTeam/celts/pull/1684#issuecomment-4166031896
celts,4172844710,JohnCox2211,User,2026-04-01T20:41:29Z,2026-04-01T20:41:29Z,https://api.github.com/repos/BCStudentSoftwareDevTeam/celts/issues/1692,https://github.com/BCStudentSoftwareDevTeam/celts/issues/1692#issuecomment-4172844710
celts,4177846115,Meatchema,User,2026-04-02T13:24:25Z,2026-04-02T13:24:25Z,https://api.github.com/repos/BCStudentSoftwareDevTeam/celts/issues/1679,https://github.com/BCStudentSoftwareDevTeam/celts/pull/1679#issuecomment-4177846115
celts,4180162495,Meatchema,User,2026-04-02T19:57:58Z,2026-04-02T19:57:58Z,https://api.github.com/repos/BCStudentSoftwareDevTeam/celts/issues/1667,https://github.com/BCStudentSoftwareDevTeam/celts/pull/1667#issuecomment-4180162495
celts,4180176413,Meatchema,User,2026-04-02T20:00:59Z,2026-04-02T20:00:59Z,https://api.github.com/repos/BCStudentSoftwareDevTeam/celts/issues/1667,https://github.com/BCStudentSoftwareDevTeam/celts/pull/1667#issuecomment-4180176413
celts,4209769226,Kafui123,User,2026-04-08T21:25:16Z,2026-04-08T21:27:35Z,https://api.github.com/repos/BCStudentSoftwareDevTeam/celts/issues/1679,https://github.com/BCStudentSoftwareDevTeam/celts/pull/1679#issuecomment-4209769226
celts,4214366854,Meatchema,User,2026-04-09T12:53:57Z,2026-04-09T12:53:57Z,https://api.github.com/repos/BCStudentSoftwareDevTeam/celts/issues/1679,https://github.com/BCStudentSoftwareDevTeam/celts/pull/1679#issuecomment-4214366854
celts,4217194866,Kafui123,User,2026-04-09T20:11:25Z,2026-04-09T20:11:25Z,https://api.github.com/repos/BCStudentSoftwareDevTeam/celts/issues/1694,https://github.com/BCStudentSoftwareDevTeam/celts/pull/1694#issuecomment-4217194866
celts,4238569487,Meatchema,User,2026-04-13T18:05:52Z,2026-04-13T18:05:52Z,https://api.github.com/repos/BCStudentSoftwareDevTeam/celts/issues/1667,https://github.com/BCStudentSoftwareDevTeam/celts/pull/1667#issuecomment-4238569487
celts,4261843295,Meatchema,User,2026-04-16T16:47:58Z,2026-04-16T16:47:58Z,https://api.github.com/repos/BCStudentSoftwareDevTeam/celts/issues/1667,https://github.com/BCStudentSoftwareDevTeam/celts/pull/1667#issuecomment-4261843295
celts,4329468552,Karina-Agliullova,User,2026-04-27T18:25:36Z,2026-04-27T18:25:36Z,https://api.github.com/repos/BCStudentSoftwareDevTeam/celts/issues/1700,https://github.com/BCStudentSoftwareDevTeam/celts/issues/1700#issuecomment-4329468552
celts,4338174109,MImran2002,User,2026-04-28T18:50:26Z,2026-04-28T18:50:26Z,https://api.github.com/repos/BCStudentSoftwareDevTeam/celts/issues/1699,https://github.com/BCStudentSoftwareDevTeam/celts/pull/1699#issuecomment-4338174109
celts,4347939309,MImran2002,User,2026-04-29T22:18:38Z,2026-04-29T22:18:38Z,https://api.github.com/repos/BCStudentSoftwareDevTeam/celts/issues/1702,https://github.com/BCStudentSoftwareDevTeam/celts/pull/1702#issuecomment-4347939309
celts,4360397261,bakobagassas,User,2026-05-01T16:36:17Z,2026-05-01T16:36:17Z,https://api.github.com/repos/BCStudentSoftwareDevTeam/celts/issues/1667,https://github.com/BCStudentSoftwareDevTeam/celts/pull/1667#issuecomment-4360397261
celts,4366399406,bakobagassas,User,2026-05-03T14:30:58Z,2026-05-03T14:30:58Z,https://api.github.com/repos/BCStudentSoftwareDevTeam/celts/issues/1702,https://github.com/BCStudentSoftwareDevTeam/celts/pull/1702#issuecomment-4366399406
celts,4382933144,Karina-Agliullova,User,2026-05-05T20:49:08Z,2026-05-05T20:49:08Z,https://api.github.com/repos/BCStudentSoftwareDevTeam/celts/issues/1706,https://github.com/BCStudentSoftwareDevTeam/celts/issues/1706#issuecomment-4382933144
celts,4708095644,MImran2002,User,2026-06-15T12:50:44Z,2026-06-15T12:50:44Z,https://api.github.com/repos/BCStudentSoftwareDevTeam/celts/issues/1644,https://github.com/BCStudentSoftwareDevTeam/celts/issues/1644#issuecomment-4708095644
celts,4708193358,MImran2002,User,2026-06-15T13:02:58Z,2026-06-15T13:02:58Z,https://api.github.com/repos/BCStudentSoftwareDevTeam/celts/issues/1598,https://github.com/BCStudentSoftwareDevTeam/celts/issues/1598#issuecomment-4708193358
celts,4712152218,sheggen,User,2026-06-15T20:27:19Z,2026-06-15T20:27:19Z,https://api.github.com/repos/BCStudentSoftwareDevTeam/celts/issues/1715,https://github.com/BCStudentSoftwareDevTeam/celts/pull/1715#issuecomment-4712152218
celts,4712172393,munsakad,User,2026-06-15T20:30:08Z,2026-06-15T20:30:08Z,https://api.github.com/repos/BCStudentSoftwareDevTeam/celts/issues/1717,https://github.com/BCStudentSoftwareDevTeam/celts/pull/1717#issuecomment-4712172393
celts,4720333186,nahom70,User,2026-06-16T15:14:02Z,2026-06-16T15:14:02Z,https://api.github.com/repos/BCStudentSoftwareDevTeam/celts/issues/1644,https://github.com/BCStudentSoftwareDevTeam/celts/issues/1644#issuecomment-4720333186
celts,4730794205,MImran2002,User,2026-06-17T13:32:58Z,2026-06-17T13:32:58Z,https://api.github.com/repos/BCStudentSoftwareDevTeam/celts/issues/1723,https://github.com/BCStudentSoftwareDevTeam/celts/pull/1723#issuecomment-4730794205
celts,4730822290,fritzj2,User,2026-06-17T13:35:44Z,2026-06-17T13:35:44Z,https://api.github.com/repos/BCStudentSoftwareDevTeam/celts/issues/1722,https://github.com/BCStudentSoftwareDevTeam/celts/pull/1722#issuecomment-4730822290
celts,4731102137,brightfietsop-ux,User,2026-06-17T14:02:41Z,2026-06-17T14:02:41Z,https://api.github.com/repos/BCStudentSoftwareDevTeam/celts/issues/1726,https://github.com/BCStudentSoftwareDevTeam/celts/pull/1726#issuecomment-4731102137
celts,4731141112,brightfietsop-ux,User,2026-06-17T14:05:39Z,2026-06-17T14:05:39Z,https://api.github.com/repos/BCStudentSoftwareDevTeam/celts/issues/1725,https://github.com/BCStudentSoftwareDevTeam/celts/pull/1725#issuecomment-4731141112
celts,4734250735,fritzj2,User,2026-06-17T19:08:22Z,2026-06-17T19:08:22Z,https://api.github.com/repos/BCStudentSoftwareDevTeam/celts/issues/1726,https://github.com/BCStudentSoftwareDevTeam/celts/pull/1726#issuecomment-4734250735
celts,4745618295,DanielRukwasha,User,2026-06-18T19:51:23Z,2026-06-18T19:51:23Z,https://api.github.com/repos/BCStudentSoftwareDevTeam/celts/issues/1735,https://github.com/BCStudentSoftwareDevTeam/celts/pull/1735#issuecomment-4745618295
celts,4758266821,DanielRukwasha,User,2026-06-20T13:37:01Z,2026-06-20T13:37:01Z,https://api.github.com/repos/BCStudentSoftwareDevTeam/celts/issues/1737,https://github.com/BCStudentSoftwareDevTeam/celts/pull/1737#issuecomment-4758266821
celts,4780749475,MImran2002,User,2026-06-23T15:27:00Z,2026-06-23T15:27:00Z,https://api.github.com/repos/BCStudentSoftwareDevTeam/celts/issues/1735,https://github.com/BCStudentSoftwareDevTeam/celts/pull/1735#issuecomment-4780749475
celts,4812108281,MImran2002,User,2026-06-26T18:02:06Z,2026-06-26T18:02:06Z,https://api.github.com/repos/BCStudentSoftwareDevTeam/celts/issues/1738,https://github.com/BCStudentSoftwareDevTeam/celts/pull/1738#issuecomment-4812108281
celts,4856239495,DanielRukwasha,User,2026-07-01T14:26:50Z,2026-07-01T14:26:50Z,https://api.github.com/repos/BCStudentSoftwareDevTeam/celts/issues/1738,https://github.com/BCStudentSoftwareDevTeam/celts/pull/1738#issuecomment-4856239495
celts,4859608800,MImran2002,User,2026-07-01T20:02:55Z,2026-07-01T20:02:55Z,https://api.github.com/repos/BCStudentSoftwareDevTeam/celts/issues/1738,https://github.com/BCStudentSoftwareDevTeam/celts/pull/1738#issuecomment-4859608800
celts,4873065117,Shouryaverma19,User,2026-07-03T06:07:52Z,2026-07-03T06:07:52Z,https://api.github.com/repos/BCStudentSoftwareDevTeam/celts/issues/1750,https://github.com/BCStudentSoftwareDevTeam/celts/issues/1750#issuecomment-4873065117
celts,4873066198,Shouryaverma19,User,2026-07-03T06:08:04Z,2026-07-03T06:08:04Z,https://api.github.com/repos/BCStudentSoftwareDevTeam/celts/issues/1749,https://github.com/BCStudentSoftwareDevTeam/celts/issues/1749#issuecomment-4873066198
celts,4875859663,TruCoded,User,2026-07-03T11:56:59Z,2026-07-03T11:56:59Z,https://api.github.com/repos/BCStudentSoftwareDevTeam/celts/issues/1754,https://github.com/BCStudentSoftwareDevTeam/celts/pull/1754#issuecomment-4875859663
celts,4895979718,MImran2002,User,2026-07-06T17:54:05Z,2026-07-06T17:54:05Z,https://api.github.com/repos/BCStudentSoftwareDevTeam/celts/issues/1735,https://github.com/BCStudentSoftwareDevTeam/celts/pull/1735#issuecomment-4895979718
celts,4896012397,MImran2002,User,2026-07-06T17:57:39Z,2026-07-06T17:57:39Z,https://api.github.com/repos/BCStudentSoftwareDevTeam/celts/issues/1737,https://github.com/BCStudentSoftwareDevTeam/celts/pull/1737#issuecomment-4896012397
celts,4995067555,BhushanSah,User,2026-07-16T18:03:05Z,2026-07-16T18:03:05Z,https://api.github.com/repos/BCStudentSoftwareDevTeam/celts/issues/1759,https://github.com/BCStudentSoftwareDevTeam/celts/pull/1759#issuecomment-4995067555
celts,5138153450,sheggen,User,2026-07-31T01:30:47Z,2026-07-31T01:30:47Z,https://api.github.com/repos/BCStudentSoftwareDevTeam/celts/issues/1757,https://github.com/BCStudentSoftwareDevTeam/celts/issues/1757#issuecomment-5138153450
celts,5138230674,sheggen,User,2026-07-31T01:40:42Z,2026-08-07T15:10:19Z,https://api.github.com/repos/BCStudentSoftwareDevTeam/celts/issues/1761,https://github.com/BCStudentSoftwareDevTeam/celts/issues/1761#issuecomment-5138230674
celts,5170567715,brightfietsop-ux,User,2026-08-03T19:03:27Z,2026-08-03T19:03:27Z,https://api.github.com/repos/BCStudentSoftwareDevTeam/celts/issues/1737,https://github.com/BCStudentSoftwareDevTeam/celts/pull/1737#issuecomment-5170567715
celts,5182947989,MImran2002,User,2026-08-04T18:18:40Z,2026-08-04T18:18:40Z,https://api.github.com/repos/BCStudentSoftwareDevTeam/celts/issues/1737,https://github.com/BCStudentSoftwareDevTeam/celts/pull/1737#issuecomment-5182947989
celts,5209000682,fritzj2,User,2026-08-06T20:44:01Z,2026-08-06T20:44:01Z,https://api.github.com/repos/BCStudentSoftwareDevTeam/celts/issues/1774,https://github.com/BCStudentSoftwareDevTeam/celts/pull/1774#issuecomment-5209000682
celts,5219108970,BetterRocket,User,2026-08-07T15:44:31Z,2026-08-07T15:45:15Z,https://api.github.com/repos/BCStudentSoftwareDevTeam/celts/issues/1774,https://github.com/BCStudentSoftwareDevTeam/celts/pull/1774#issuecomment-5219108970
celts,5220781231,brightfietsop-ux,User,2026-08-07T18:41:07Z,2026-08-07T18:42:06Z,https://api.github.com/repos/BCStudentSoftwareDevTeam/celts/issues/1767,https://github.com/BCStudentSoftwareDevTeam/celts/pull/1767#issuecomment-5220781231
celts,5343546037,sheggen,User,2026-08-19T14:27:29Z,2026-08-19T14:27:43Z,https://api.github.com/repos/BCStudentSoftwareDevTeam/celts/issues/1792,https://github.com/BCStudentSoftwareDevTeam/celts/issues/1792#issuecomment-5343546037
celts,5358866088,bakobagassas,User,2026-08-20T16:37:25Z,2026-08-20T16:37:25Z,https://api.github.com/repos/BCStudentSoftwareDevTeam/celts/issues/1794,https://github.com/BCStudentSoftwareDevTeam/celts/pull/1794#issuecomment-5358866088
celts,5415280800,bakobagassas,User,2026-08-25T19:01:49Z,2026-08-25T19:01:49Z,https://api.github.com/repos/BCStudentSoftwareDevTeam/celts/issues/1799,https://github.com/BCStudentSoftwareDevTeam/celts/pull/1799#issuecomment-5415280800
celts,5430220968,ArtemKurasov,User,2026-08-26T19:40:39Z,2026-08-26T19:40:39Z,https://api.github.com/repos/BCStudentSoftwareDevTeam/celts/issues/1779,https://github.com/BCStudentSoftwareDevTeam/celts/issues/1779#issuecomment-5430220968
celts,5439404748,fritzj2,User,2026-08-27T12:52:20Z,2026-08-27T12:52:20Z,https://api.github.com/repos/BCStudentSoftwareDevTeam/celts/issues/1735,https://github.com/BCStudentSoftwareDevTeam/celts/pull/1735#issuecomment-5439404748
celts,5542683457,fritzj2,User,2026-09-04T15:23:50Z,2026-09-04T15:23:50Z,https://api.github.com/repos/BCStudentSoftwareDevTeam/celts/issues/1735,https://github.com/BCStudentSoftwareDevTeam/celts/pull/1735#issuecomment-5542683457
lsf,1140062599,bryantal,User,2019-07-08T19:50:01Z,2022-05-27T21:49:06Z,https://api.github.com/repos/BCStudentSoftwareDevTeam/lsf/issues/21,https://github.com/BCStudentSoftwareDevTeam/lsf/issues/21#issuecomment-1140062599
lsf,1140062902,bryantal,User,2019-07-08T20:10:09Z,2022-05-27T21:49:48Z,https://api.github.com/repos/BCStudentSoftwareDevTeam/lsf/issues/37,https://github.com/BCStudentSoftwareDevTeam/lsf/issues/37#issuecomment-1140062902
lsf,1140062375,bryantal,User,2019-07-10T17:31:39Z,2022-05-27T21:48:34Z,https://api.github.com/repos/BCStudentSoftwareDevTeam/lsf/issues/10,https://github.com/BCStudentSoftwareDevTeam/lsf/issues/10#issuecomment-1140062375
lsf,1140062977,bryantal,User,2019-07-10T18:41:25Z,2022-05-27T21:49:57Z,https://api.github.com/repos/BCStudentSoftwareDevTeam/lsf/issues/40,https://github.com/BCStudentSoftwareDevTeam/lsf/issues/40#issuecomment-1140062977
lsf,1140062866,bryantal,User,2019-07-10T18:46:33Z,2022-05-27T21:49:43Z,https://api.github.com/repos/BCStudentSoftwareDevTeam/lsf/issues/35,https://github.com/BCStudentSoftwareDevTeam/lsf/issues/35#issuecomment-1140062866
lsf,1140062924,bryantal,User,2019-07-10T18:58:11Z,2022-05-27T21:49:50Z,https://api.github.com/repos/BCStudentSoftwareDevTeam/lsf/issues/38,https://github.com/BCStudentSoftwareDevTeam/lsf/issues/38#issuecomment-1140062924
lsf,1140062842,bryantal,User,2019-07-10T19:21:17Z,2022-05-27T21:49:40Z,https://api.github.com/repos/BCStudentSoftwareDevTeam/lsf/issues/34,https://github.com/BCStudentSoftwareDevTeam/lsf/issues/34#issuecomment-1140062842
lsf,1140062802,bryantal,User,2019-07-10T19:27:33Z,2022-05-27T21:49:34Z,https://api.github.com/repos/BCStudentSoftwareDevTeam/lsf/issues/32,https://github.com/BCStudentSoftwareDevTeam/lsf/issues/32#issuecomment-1140062802
lsf,1140062759,bryantal,User,2019-07-10T19:48:48Z,2022-05-27T21:49:29Z,https://api.github.com/repos/BCStudentSoftwareDevTeam/lsf/issues/30,https://github.com/BCStudentSoftwareDevTeam/lsf/issues/30#issuecomment-1140062759
lsf,1140062822,bryantal,User,2019-07-10T19:56:45Z,2022-05-27T21:49:37Z,https://api.github.com/repos/BCStudentSoftwareDevTeam/lsf/issues/33,https://github.com/BCStudentSoftwareDevTeam/lsf/issues/33#issuecomment-1140062822
lsf,1140062904,bryantal,User,2019-07-10T20:21:04Z,2022-05-27T21:49:48Z,https://api.github.com/repos/BCStudentSoftwareDevTeam/lsf/issues/37,https://github.com/BCStudentSoftwareDevTeam/lsf/issues/37#issuecomment-1140062904
lsf,1140062947,bryantal,User,2019-07-10T20:31:44Z,2022-05-27T21:49:53Z,https://api.github.com/repos/BCStudentSoftwareDevTeam/lsf/issues/39,https://github.com/BCStudentSoftwareDevTeam/lsf/issues/39#issuecomment-1140062947
lsf,1140062600,bryantal,User,2019-07-16T15:52:10Z,2022-05-27T21:49:06Z,https://api.github.com/repos/BCStudentSoftwareDevTeam/lsf/issues/21,https://github.com/BCStudentSoftwareDevTeam/lsf/issues/21#issuecomment-1140062600
lsf,1140062581,bryantal,User,2019-07-16T15:54:26Z,2022-05-27T21:49:03Z,https://api.github.com/repos/BCStudentSoftwareDevTeam/lsf/issues/20,https://github.com/BCStudentSoftwareDevTeam/lsf/issues/20#issuecomment-1140062581
lsf,1140062512,bryantal,User,2019-07-16T15:56:46Z,2022-05-27T21:48:54Z,https://api.github.com/repos/BCStudentSoftwareDevTeam/lsf/issues/16,https://github.com/BCStudentSoftwareDevTeam/lsf/issues/16#issuecomment-1140062512
lsf,1140062527,bryantal,User,2019-07-16T15:57:24Z,2022-05-27T21:48:56Z,https://api.github.com/repos/BCStudentSoftwareDevTeam/lsf/issues/17,https://github.com/BCStudentSoftwareDevTeam/lsf/issues/17#issuecomment-1140062527
lsf,1140062677,bryantal,User,2019-07-17T20:07:01Z,2022-05-27T21:49:16Z,https://api.github.com/repos/BCStudentSoftwareDevTeam/lsf/issues/25,https://github.com/BCStudentSoftwareDevTeam/lsf/issues/25#issuecomment-1140062677
lsf,1140062703,bryantal,User,2019-07-17T20:07:52Z,2022-05-27T21:49:21Z,https://api.github.com/repos/BCStudentSoftwareDevTeam/lsf/issues/27,https://github.com/BCStudentSoftwareDevTeam/lsf/issues/27#issuecomment-1140062703
lsf,1140062714,bryantal,User,2019-07-17T20:09:07Z,2022-05-27T21:49:23Z,https://api.github.com/repos/BCStudentSoftwareDevTeam/lsf/issues/28,https://github.com/BCStudentSoftwareDevTeam/lsf/issues/28#issuecomment-1140062714
lsf,1140062494,bryantal,User,2019-07-17T20:15:14Z,2022-05-27T21:48:51Z,https://api.github.com/repos/BCStudentSoftwareDevTeam/lsf/issues/15,https://github.com/BCStudentSoftwareDevTeam/lsf/issues/15#issuecomment-1140062494
lsf,1140062463,bryantal,User,2019-07-17T20:16:06Z,2022-05-27T21:48:46Z,https://api.github.com/repos/BCStudentSoftwareDevTeam/lsf/issues/13,https://github.com/BCStudentSoftwareDevTeam/lsf/issues/13#issuecomment-1140062463
lsf,1140062378,bryantal,User,2019-07-17T20:16:29Z,2022-05-27T21:48:35Z,https://api.github.com/repos/BCStudentSoftwareDevTeam/lsf/issues/10,https://github.com/BCStudentSoftwareDevTeam/lsf/issues/10#issuecomment-1140062378
lsf,1140062204,bryantal,User,2019-07-17T20:16:44Z,2022-05-27T21:48:26Z,https://api.github.com/repos/BCStudentSoftwareDevTeam/lsf/issues/7,https://github.com/BCStudentSoftwareDevTeam/lsf/issues/7#issuecomment-1140062204
lsf,1140062150,bryantal,User,2019-07-17T20:17:06Z,2022-05-27T21:48:24Z,https://api.github.com/repos/BCStudentSoftwareDevTeam/lsf/issues/6,https://github.com/BCStudentSoftwareDevTeam/lsf/issues/6#issuecomment-1140062150
lsf,1140062337,bryantal,User,2019-07-17T20:17:42Z,2022-05-27T21:48:31Z,https://api.github.com/repos/BCStudentSoftwareDevTeam/lsf/issues/9,https://github.com/BCStudentSoftwareDevTeam/lsf/issues/9#issuecomment-1140062337
lsf,1140062097,bryantal,User,2019-07-17T20:18:53Z,2022-05-27T21:48:15Z,https://api.github.com/repos/BCStudentSoftwareDevTeam/lsf/issues/3,https://github.com/BCStudentSoftwareDevTeam/lsf/issues/3#issuecomment-1140062097
lsf,1140062088,bryantal,User,2019-07-17T20:19:08Z,2022-05-27T21:48:13Z,https://api.github.com/repos/BCStudentSoftwareDevTeam/lsf/issues/2,https://github.com/BCStudentSoftwareDevTeam/lsf/issues/2#issuecomment-1140062088
lsf,1140062270,bryantal,User,2019-07-17T20:19:55Z,2022-05-27T21:48:28Z,https://api.github.com/repos/BCStudentSoftwareDevTeam/lsf/issues/8,https://github.com/BCStudentSoftwareDevTeam/lsf/issues/8#issuecomment-1140062270
lsf,1140062466,bryantal,User,2019-07-18T12:43:02Z,2022-05-27T21:48:47Z,https://api.github.com/repos/BCStudentSoftwareDevTeam/lsf/issues/13,https://github.com/BCStudentSoftwareDevTeam/lsf/issues/13#issuecomment-1140062466
lsf,1140062340,bryantal,User,2019-07-18T12:45:55Z,2022-05-27T21:48:31Z,https://api.github.com/repos/BCStudentSoftwareDevTeam/lsf/issues/9,https://github.com/BCStudentSoftwareDevTeam/lsf/issues/9#issuecomment-1140062340
lsf,1140062342,bryantal,User,2019-07-18T13:55:38Z,2022-05-27T21:48:31Z,https://api.github.com/repos/BCStudentSoftwareDevTeam/lsf/issues/9,https://github.com/BCStudentSoftwareDevTeam/lsf/issues/9#issuecomment-1140062342
lsf,1140062113,bryantal,User,2019-07-18T15:11:00Z,2022-05-27T21:48:17Z,https://api.github.com/repos/BCStudentSoftwareDevTeam/lsf/issues/4,https://github.com/BCStudentSoftwareDevTeam/lsf/issues/4#issuecomment-1140062113
lsf,1140062979,bryantal,User,2019-07-22T15:38:05Z,2022-05-27T21:49:57Z,https://api.github.com/repos/BCStudentSoftwareDevTeam/lsf/issues/40,https://github.com/BCStudentSoftwareDevTeam/lsf/issues/40#issuecomment-1140062979
lsf,1140062907,bryantal,User,2019-08-06T02:13:17Z,2022-05-27T21:49:48Z,https://api.github.com/repos/BCStudentSoftwareDevTeam/lsf/issues/37,https://github.com/BCStudentSoftwareDevTeam/lsf/issues/37#issuecomment-1140062907
lsf,1140063056,bryantal,User,2019-08-06T19:22:53Z,2022-05-27T21:50:08Z,https://api.github.com/repos/BCStudentSoftwareDevTeam/lsf/issues/44,https://github.com/BCStudentSoftwareDevTeam/lsf/issues/44#issuecomment-1140063056
lsf,1140063078,bryantal,User,2019-08-14T13:32:57Z,2022-05-27T21:50:10Z,https://api.github.com/repos/BCStudentSoftwareDevTeam/lsf/issues/45,https://github.com/BCStudentSoftwareDevTeam/lsf/issues/45#issuecomment-1140063078
lsf,1140062928,bryantal,User,2019-08-21T13:36:37Z,2022-05-27T21:49:51Z,https://api.github.com/repos/BCStudentSoftwareDevTeam/lsf/issues/38,https://github.com/BCStudentSoftwareDevTeam/lsf/issues/38#issuecomment-1140062928
lsf,1140063014,bryantal,User,2019-08-21T13:41:01Z,2022-05-27T21:50:02Z,https://api.github.com/repos/BCStudentSoftwareDevTeam/lsf/issues/42,https://github.com/BCStudentSoftwareDevTeam/lsf/issues/42#issuecomment-1140063014
lsf,1140062867,bryantal,User,2019-08-21T18:23:27Z,2022-05-27T21:49:43Z,https://api.github.com/repos/BCStudentSoftwareDevTeam/lsf/issues/35,https://github.com/BCStudentSoftwareDevTeam/lsf/issues/35#issuecomment-1140062867
lsf,1140062128,bryantal,User,2019-08-22T18:14:48Z,2022-05-27T21:48:20Z,https://api.github.com/repos/BCStudentSoftwareDevTeam/lsf/issues/5,https://github.com/BCStudentSoftwareDevTeam/lsf/issues/5#issuecomment-1140062128
lsf,1140062773,bryantal,User,2019-08-22T18:57:25Z,2022-05-27T21:49:31Z,https://api.github.com/repos/BCStudentSoftwareDevTeam/lsf/issues/31,https://github.com/BCStudentSoftwareDevTeam/lsf/issues/31#issuecomment-1140062773
lsf,1140062778,bryantal,User,2019-08-23T12:50:12Z,2022-05-27T21:49:32Z,https://api.github.com/repos/BCStudentSoftwareDevTeam/lsf/issues/31,https://github.com/BCStudentSoftwareDevTeam/lsf/issues/31#issuecomment-1140062778
lsf,1140062481,bryantal,User,2019-08-23T13:03:44Z,2022-05-27T21:48:49Z,https://api.github.com/repos/BCStudentSoftwareDevTeam/lsf/issues/14,https://github.com/BCStudentSoftwareDevTeam/lsf/issues/14#issuecomment-1140062481
lsf,1140062805,bryantal,User,2019-08-23T13:10:09Z,2022-05-27T21:49:34Z,https://api.github.com/repos/BCStudentSoftwareDevTeam/lsf/issues/32,https://github.com/BCStudentSoftwareDevTeam/lsf/issues/32#issuecomment-1140062805
lsf,1140062780,bryantal,User,2019-08-23T18:07:04Z,2022-05-27T21:49:32Z,https://api.github.com/repos/BCStudentSoftwareDevTeam/lsf/issues/31,https://github.com/BCStudentSoftwareDevTeam/lsf/issues/31#issuecomment-1140062780
lsf,1140062411,bryantal,User,2019-08-23T19:12:55Z,2022-05-27T21:48:39Z,https://api.github.com/repos/BCStudentSoftwareDevTeam/lsf/issues/11,https://github.com/BCStudentSoftwareDevTeam/lsf/issues/11#issuecomment-1140062411
lsf,1140062413,bryantal,User,2019-08-23T19:25:30Z,2022-05-27T21:48:39Z,https://api.github.com/repos/BCStudentSoftwareDevTeam/lsf/issues/11,https://github.com/BCStudentSoftwareDevTeam/lsf/issues/11#issuecomment-1140062413
lsf,1140063201,bryantal,User,2019-08-23T19:29:52Z,2022-05-27T21:50:32Z,https://api.github.com/repos/BCStudentSoftwareDevTeam/lsf/issues/53,https://github.com/BCStudentSoftwareDevTeam/lsf/issues/53#issuecomment-1140063201
lsf,1140063203,bryantal,User,2019-08-28T12:49:43Z,2022-05-27T21:50:32Z,https://api.github.com/repos/BCStudentSoftwareDevTeam/lsf/issues/53,https://github.com/BCStudentSoftwareDevTeam/lsf/issues/53#issuecomment-1140063203
lsf,1140063204,bryantal,User,2019-09-09T19:17:15Z,2022-05-27T21:50:32Z,https://api.github.com/repos/BCStudentSoftwareDevTeam/lsf/issues/53,https://github.com/BCStudentSoftwareDevTeam/lsf/issues/53#issuecomment-1140063204
lsf,1140062343,bryantal,User,2019-09-10T19:57:37Z,2022-05-27T21:48:31Z,https://api.github.com/repos/BCStudentSoftwareDevTeam/lsf/issues/9,https://github.com/BCStudentSoftwareDevTeam/lsf/issues/9#issuecomment-1140062343
lsf,1140062445,bryantal,User,2019-09-10T20:06:12Z,2022-05-27T21:48:43Z,https://api.github.com/repos/BCStudentSoftwareDevTeam/lsf/issues/12,https://github.com/BCStudentSoftwareDevTeam/lsf/issues/12#issuecomment-1140062445
lsf,1140062467,bryantal,User,2019-09-10T20:07:04Z,2022-05-27T21:48:47Z,https://api.github.com/repos/BCStudentSoftwareDevTeam/lsf/issues/13,https://github.com/BCStudentSoftwareDevTeam/lsf/issues/13#issuecomment-1140062467
lsf,1140062546,bryantal,User,2019-09-10T20:07:30Z,2022-05-27T21:48:58Z,https://api.github.com/repos/BCStudentSoftwareDevTeam/lsf/issues/18,https://github.com/BCStudentSoftwareDevTeam/lsf/issues/18#issuecomment-1140062546
lsf,1140062564,bryantal,User,2019-09-10T20:07:57Z,2022-05-27T21:49:01Z,https://api.github.com/repos/BCStudentSoftwareDevTeam/lsf/issues/19,https://github.com/BCStudentSoftwareDevTeam/lsf/issues/19#issuecomment-1140062564
lsf,1140062621,bryantal,User,2019-09-10T20:08:55Z,2022-05-27T21:49:09Z,https://api.github.com/repos/BCStudentSoftwareDevTeam/lsf/issues/22,https://github.com/BCStudentSoftwareDevTeam/lsf/issues/22#issuecomment-1140062621
lsf,1140062642,bryantal,User,2019-09-10T20:09:18Z,2022-05-27T21:49:12Z,https://api.github.com/repos/BCStudentSoftwareDevTeam/lsf/issues/23,https://github.com/BCStudentSoftwareDevTeam/lsf/issues/23#issuecomment-1140062642
lsf,1140062661,bryantal,User,2019-09-10T20:09:51Z,2022-05-27T21:49:14Z,https://api.github.com/repos/BCStudentSoftwareDevTeam/lsf/issues/24,https://github.com/BCStudentSoftwareDevTeam/lsf/issues/24#issuecomment-1140062661
lsf,1140062688,bryantal,User,2019-09-10T20:10:52Z,2022-05-27T21:49:19Z,https://api.github.com/repos/BCStudentSoftwareDevTeam/lsf/issues/26,https://github.com/BCStudentSoftwareDevTeam/lsf/issues/26#issuecomment-1140062688
lsf,1140062736,bryantal,User,2019-09-10T20:18:06Z,2022-05-27T21:49:26Z,https://api.github.com/repos/BCStudentSoftwareDevTeam/lsf/issues/29,https://github.com/BCStudentSoftwareDevTeam/lsf/issues/29#issuecomment-1140062736
lsf,1140062910,bryantal,User,2019-09-10T20:33:55Z,2022-05-27T21:49:48Z,https://api.github.com/repos/BCStudentSoftwareDevTeam/lsf/issues/37,https://github.com/BCStudentSoftwareDevTeam/lsf/issues/37#issuecomment-1140062910
lsf,1140063169,bryantal,User,2019-09-10T20:39:22Z,2022-05-27T21:50:26Z,https://api.github.com/repos/BCStudentSoftwareDevTeam/lsf/issues/51,https://github.com/BCStudentSoftwareDevTeam/lsf/issues/51#issuecomment-1140063169
lsf,1140063117,bryantal,User,2019-09-10T20:41:58Z,2022-05-27T21:50:18Z,https://api.github.com/repos/BCStudentSoftwareDevTeam/lsf/issues/48,https://github.com/BCStudentSoftwareDevTeam/lsf/issues/48#issuecomment-1140063117
lsf,1140063246,bryantal,User,2019-09-10T20:57:54Z,2022-05-27T21:50:38Z,https://api.github.com/repos/BCStudentSoftwareDevTeam/lsf/issues/55,https://github.com/BCStudentSoftwareDevTeam/lsf/issues/55#issuecomment-1140063246
lsf,1140062623,bryantal,User,2019-09-11T16:21:49Z,2022-05-27T21:49:09Z,https://api.github.com/repos/BCStudentSoftwareDevTeam/lsf/issues/22,https://github.com/BCStudentSoftwareDevTeam/lsf/issues/22#issuecomment-1140062623
lsf,1140062625,bryantal,User,2019-09-11T16:25:52Z,2022-05-27T21:49:09Z,https://api.github.com/repos/BCStudentSoftwareDevTeam/lsf/issues/22,https://github.com/BCStudentSoftwareDevTeam/lsf/issues/22#issuecomment-1140062625
lsf,1140062627,bryantal,User,2019-09-11T17:45:59Z,2022-05-27T21:49:09Z,https://api.github.com/repos/BCStudentSoftwareDevTeam/lsf/issues/22,https://github.com/BCStudentSoftwareDevTeam/lsf/issues/22#issuecomment-1140062627
lsf,1140063274,bryantal,User,2019-10-01T17:18:01Z,2022-05-27T21:50:41Z,https://api.github.com/repos/BCStudentSoftwareDevTeam/lsf/issues/56,https://github.com/BCStudentSoftwareDevTeam/lsf/issues/56#issuecomment-1140063274
lsf,1140063121,bryantal,User,2019-10-01T17:31:20Z,2022-05-27T21:50:18Z,https://api.github.com/repos/BCStudentSoftwareDevTeam/lsf/issues/48,https://github.com/BCStudentSoftwareDevTeam/lsf/issues/48#issuecomment-1140063121
lsf,1140063235,bryantal,User,2019-10-07T20:36:52Z,2022-05-27T21:50:35Z,https://api.github.com/repos/BCStudentSoftwareDevTeam/lsf/issues/54,https://github.com/BCStudentSoftwareDevTeam/lsf/issues/54#issuecomment-1140063235
lsf,1140063500,bryantal,User,2019-10-15T19:48:45Z,2022-05-27T21:51:15Z,https://api.github.com/repos/BCStudentSoftwareDevTeam/lsf/issues/69,https://github.com/BCStudentSoftwareDevTeam/lsf/issues/69#issuecomment-1140063500
lsf,1140062470,bryantal,User,2019-10-16T17:43:24Z,2022-05-27T21:48:47Z,https://api.github.com/repos/BCStudentSoftwareDevTeam/lsf/issues/13,https://github.com/BCStudentSoftwareDevTeam/lsf/issues/13#issuecomment-1140062470
lsf,1140063319,bryantal,User,2019-10-16T20:40:06Z,2022-05-27T21:50:49Z,https://api.github.com/repos/BCStudentSoftwareDevTeam/lsf/issues/59,https://github.com/BCStudentSoftwareDevTeam/lsf/issues/59#issuecomment-1140063319
lsf,1140063371,bryantal,User,2019-10-16T20:40:37Z,2022-05-27T21:50:58Z,https://api.github.com/repos/BCStudentSoftwareDevTeam/lsf/issues/63,https://github.com/BCStudentSoftwareDevTeam/lsf/issues/63#issuecomment-1140063371
lsf,1140063541,bryantal,User,2019-10-21T16:51:07Z,2022-05-27T21:51:20Z,https://api.github.com/repos/BCStudentSoftwareDevTeam/lsf/issues/71,https://github.com/BCStudentSoftwareDevTeam/lsf/issues/71#issuecomment-1140063541
lsf,1140063337,bryantal,User,2019-10-21T16:55:40Z,2022-05-27T21:50:53Z,https://api.github.com/repos/BCStudentSoftwareDevTeam/lsf/issues/61,https://github.com/BCStudentSoftwareDevTeam/lsf/issues/61#issuecomment-1140063337
lsf,1140063205,bryantal,User,2019-10-21T16:56:11Z,2022-05-27T21:50:32Z,https://api.github.com/repos/BCStudentSoftwareDevTeam/lsf/issues/53,https://github.com/BCStudentSoftwareDevTeam/lsf/issues/53#issuecomment-1140063205
lsf,1140063346,bryantal,User,2019-10-21T16:57:33Z,2022-05-27T21:50:55Z,https://api.github.com/repos/BCStudentSoftwareDevTeam/lsf/issues/62,https://github.com/BCStudentSoftwareDevTeam/lsf/issues/62#issuecomment-1140063346
lsf,1140063466,bryantal,User,2019-10-21T17:00:18Z,2022-05-27T21:51:10Z,https://api.github.com/repos/BCStudentSoftwareDevTeam/lsf/issues/67,https://github.com/BCStudentSoftwareDevTeam/lsf/issues/67#issuecomment-1140063466
lsf,1140063542,bryantal,User,2019-10-21T17:30:32Z,2022-05-27T21:51:20Z,https://api.github.com/repos/BCStudentSoftwareDevTeam/lsf/issues/71,https://github.com/BCStudentSoftwareDevTeam/lsf/issues/71#issuecomment-1140063542
lsf,1140063248,bryantal,User,2019-10-21T18:00:15Z,2022-05-27T21:50:38Z,https://api.github.com/repos/BCStudentSoftwareDevTeam/lsf/issues/55,https://github.com/BCStudentSoftwareDevTeam/lsf/issues/55#issuecomment-1140063248
lsf,1140063501,bryantal,User,2019-10-21T18:00:34Z,2022-05-27T21:51:15Z,https://api.github.com/repos/BCStudentSoftwareDevTeam/lsf/issues/69,https://github.com/BCStudentSoftwareDevTeam/lsf/issues/69#issuecomment-1140063501
lsf,1140063208,bryantal,User,2019-10-21T18:01:16Z,2022-05-27T21:50:33Z,https://api.github.com/repos/BCStudentSoftwareDevTeam/lsf/issues/53,https://github.com/BCStudentSoftwareDevTeam/lsf/issues/53#issuecomment-1140063208
lsf,1140062415,bryantal,User,2019-10-21T18:01:37Z,2022-05-27T21:48:39Z,https://api.github.com/repos/BCStudentSoftwareDevTeam/lsf/issues/11,https://github.com/BCStudentSoftwareDevTeam/lsf/issues/11#issuecomment-1140062415
lsf,1140062416,bryantal,User,2019-10-21T18:01:59Z,2022-05-27T21:48:39Z,https://api.github.com/repos/BCStudentSoftwareDevTeam/lsf/issues/11,https://github.com/BCStudentSoftwareDevTeam/lsf/issues/11#issuecomment-1140062416
lsf,1140063209,bryantal,User,2019-10-21T18:08:20Z,2022-05-27T21:50:33Z,https://api.github.com/repos/BCStudentSoftwareDevTeam/lsf/issues/53,https://github.com/BCStudentSoftwareDevTeam/lsf/issues/53#issuecomment-1140063209
lsf,1140062420,bryantal,User,2019-10-21T18:11:12Z,2022-05-27T21:48:39Z,https://api.github.com/repos/BCStudentSoftwareDevTeam/lsf/issues/11,https://github.com/BCStudentSoftwareDevTeam/lsf/issues/11#issuecomment-1140062420
lsf,1140063468,bryantal,User,2019-10-22T19:26:12Z,2022-05-27T21:51:10Z,https://api.github.com/repos/BCStudentSoftwareDevTeam/lsf/issues/67,https://github.com/BCStudentSoftwareDevTeam/lsf/issues/67#issuecomment-1140063468
lsf,1140063349,bryantal,User,2019-10-22T19:27:14Z,2022-05-27T21:50:55Z,https://api.github.com/repos/BCStudentSoftwareDevTeam/lsf/issues/62,https://github.com/BCStudentSoftwareDevTeam/lsf/issues/62#issuecomment-1140063349
lsf,1140063544,bryantal,User,2019-10-28T19:59:11Z,2022-05-27T21:51:20Z,https://api.github.com/repos/BCStudentSoftwareDevTeam/lsf/issues/71,https://github.com/BCStudentSoftwareDevTeam/lsf/issues/71#issuecomment-1140063544
lsf,1140062991,bryantal,User,2019-10-28T19:59:38Z,2022-05-27T21:49:59Z,https://api.github.com/repos/BCStudentSoftwareDevTeam/lsf/issues/41,https://github.com/BCStudentSoftwareDevTeam/lsf/issues/41#issuecomment-1140062991
lsf,1140063545,bryantal,User,2019-10-29T13:18:08Z,2022-05-27T21:51:20Z,https://api.github.com/repos/BCStudentSoftwareDevTeam/lsf/issues/71,https://github.com/BCStudentSoftwareDevTeam/lsf/issues/71#issuecomment-1140063545
lsf,1140063249,bryantal,User,2019-10-29T21:58:11Z,2022-05-27T21:50:38Z,https://api.github.com/repos/BCStudentSoftwareDevTeam/lsf/issues/55,https://github.com/BCStudentSoftwareDevTeam/lsf/issues/55#issuecomment-1140063249
lsf,1140063252,bryantal,User,2019-10-29T22:28:53Z,2022-05-27T21:50:38Z,https://api.github.com/repos/BCStudentSoftwareDevTeam/lsf/issues/55,https://github.com/BCStudentSoftwareDevTeam/lsf/issues/55#issuecomment-1140063252
lsf,1140063447,bryantal,User,2019-10-30T20:35:26Z,2022-05-27T21:51:07Z,https://api.github.com/repos/BCStudentSoftwareDevTeam/lsf/issues/66,https://github.com/BCStudentSoftwareDevTeam/lsf/issues/66#issuecomment-1140063447
lsf,1140063519,bryantal,User,2019-10-30T20:50:57Z,2022-05-27T21:51:17Z,https://api.github.com/repos/BCStudentSoftwareDevTeam/lsf/issues/70,https://github.com/BCStudentSoftwareDevTeam/lsf/issues/70#issuecomment-1140063519
lsf,1140063548,bryantal,User,2019-10-31T19:23:44Z,2022-05-27T21:51:20Z,https://api.github.com/repos/BCStudentSoftwareDevTeam/lsf/issues/71,https://github.com/BCStudentSoftwareDevTeam/lsf/issues/71#issuecomment-1140063548
lsf,1140063180,bryantal,User,2019-11-01T16:16:26Z,2022-05-27T21:50:29Z,https://api.github.com/repos/BCStudentSoftwareDevTeam/lsf/issues/52,https://github.com/BCStudentSoftwareDevTeam/lsf/issues/52#issuecomment-1140063180
lsf,1140063391,bryantal,User,2019-11-01T16:32:15Z,2022-05-27T21:51:01Z,https://api.github.com/repos/BCStudentSoftwareDevTeam/lsf/issues/64,https://github.com/BCStudentSoftwareDevTeam/lsf/issues/64#issuecomment-1140063391
lsf,1140063427,bryantal,User,2019-11-05T21:26:03Z,2022-05-27T21:51:05Z,https://api.github.com/repos/BCStudentSoftwareDevTeam/lsf/issues/65,https://github.com/BCStudentSoftwareDevTeam/lsf/issues/65#issuecomment-1140063427
lsf,1140062844,bryantal,User,2019-11-06T15:54:38Z,2022-05-27T21:49:40Z,https://api.github.com/repos/BCStudentSoftwareDevTeam/lsf/issues/34,https://github.com/BCStudentSoftwareDevTeam/lsf/issues/34#issuecomment-1140062844
lsf,1140063595,bryantal,User,2019-11-14T21:32:24Z,2022-05-27T21:51:27Z,https://api.github.com/repos/BCStudentSoftwareDevTeam/lsf/issues/73,https://github.com/BCStudentSoftwareDevTeam/lsf/issues/73#issuecomment-1140063595
lsf,1140063596,bryantal,User,2019-11-14T21:32:53Z,2022-05-27T21:51:27Z,https://api.github.com/repos/BCStudentSoftwareDevTeam/lsf/issues/73,https://github.com/BCStudentSoftwareDevTeam/lsf/issues/73#issuecomment-1140063596
lsf,1140063448,bryantal,User,2019-11-19T15:41:21Z,2022-05-27T21:51:07Z,https://api.github.com/repos/BCStudentSoftwareDevTeam/lsf/issues/66,https://github.com/BCStudentSoftwareDevTeam/lsf/issues/66#issuecomment-1140063448
lsf,1140063449,bryantal,User,2019-11-19T16:39:54Z,2022-05-27T21:51:07Z,https://api.github.com/repos/BCStudentSoftwareDevTeam/lsf/issues/66,https://github.com/BCStudentSoftwareDevTeam/lsf/issues/66#issuecomment-1140063449
lsf,1140063520,bryantal,User,2019-11-19T16:40:41Z,2022-05-27T21:51:17Z,https://api.github.com/repos/BCStudentSoftwareDevTeam/lsf/issues/70,https://github.com/BCStudentSoftwareDevTeam/lsf/issues/70#issuecomment-1140063520
lsf,1140063258,bryantal,User,2019-12-11T16:13:49Z,2022-05-27T21:50:39Z,https://api.github.com/repos/BCStudentSoftwareDevTeam/lsf/issues/55,https://github.com/BCStudentSoftwareDevTeam/lsf/issues/55#issuecomment-1140063258
lsf,1140062761,bryantal,User,2019-12-11T16:17:41Z,2022-05-27T21:49:29Z,https://api.github.com/repos/BCStudentSoftwareDevTeam/lsf/issues/30,https://github.com/BCStudentSoftwareDevTeam/lsf/issues/30#issuecomment-1140062761
lsf,1140063351,bryantal,User,2019-12-12T17:27:11Z,2022-05-27T21:50:56Z,https://api.github.com/repos/BCStudentSoftwareDevTeam/lsf/issues/62,https://github.com/BCStudentSoftwareDevTeam/lsf/issues/62#issuecomment-1140063351
lsf,1140063059,bryantal,User,2019-12-17T21:03:26Z,2022-05-27T21:50:08Z,https://api.github.com/repos/BCStudentSoftwareDevTeam/lsf/issues/44,https://github.com/BCStudentSoftwareDevTeam/lsf/issues/44#issuecomment-1140063059
lsf,1140063669,bryantal,User,2019-12-18T15:06:44Z,2022-05-27T21:51:39Z,https://api.github.com/repos/BCStudentSoftwareDevTeam/lsf/issues/78,https://github.com/BCStudentSoftwareDevTeam/lsf/issues/78#issuecomment-1140063669
lsf,1140063470,bryantal,User,2020-01-09T15:49:23Z,2022-05-27T21:51:10Z,https://api.github.com/repos/BCStudentSoftwareDevTeam/lsf/issues/67,https://github.com/BCStudentSoftwareDevTeam/lsf/issues/67#issuecomment-1140063470
lsf,1140063353,bryantal,User,2020-01-13T21:31:44Z,2022-05-27T21:50:56Z,https://api.github.com/repos/BCStudentSoftwareDevTeam/lsf/issues/62,https://github.com/BCStudentSoftwareDevTeam/lsf/issues/62#issuecomment-1140063353
lsf,1140063563,bryantal,User,2020-01-14T22:48:43Z,2022-05-27T21:51:23Z,https://api.github.com/repos/BCStudentSoftwareDevTeam/lsf/issues/72,https://github.com/BCStudentSoftwareDevTeam/lsf/issues/72#issuecomment-1140063563
lsf,1140063212,bryantal,User,2020-01-14T22:48:43Z,2022-05-27T21:50:33Z,https://api.github.com/repos/BCStudentSoftwareDevTeam/lsf/issues/53,https://github.com/BCStudentSoftwareDevTeam/lsf/issues/53#issuecomment-1140063212
lsf,1140062421,bryantal,User,2020-01-16T15:09:57Z,2022-05-27T21:48:39Z,https://api.github.com/repos/BCStudentSoftwareDevTeam/lsf/issues/11,https://github.com/BCStudentSoftwareDevTeam/lsf/issues/11#issuecomment-1140062421
lsf,1140063038,bryantal,User,2020-01-16T15:57:19Z,2022-05-27T21:50:06Z,https://api.github.com/repos/BCStudentSoftwareDevTeam/lsf/issues/43,https://github.com/BCStudentSoftwareDevTeam/lsf/issues/43#issuecomment-1140063038
lsf,1140063355,bryantal,User,2020-01-20T18:37:27Z,2022-05-27T21:50:56Z,https://api.github.com/repos/BCStudentSoftwareDevTeam/lsf/issues/62,https://github.com/BCStudentSoftwareDevTeam/lsf/issues/62#issuecomment-1140063355
lsf,1140062763,bryantal,User,2020-01-20T18:38:34Z,2022-05-27T21:49:29Z,https://api.github.com/repos/BCStudentSoftwareDevTeam/lsf/issues/30,https://github.com/BCStudentSoftwareDevTeam/lsf/issues/30#issuecomment-1140062763
lsf,1140063647,bryantal,User,2020-01-20T22:14:54Z,2022-05-27T21:51:35Z,https://api.github.com/repos/BCStudentSoftwareDevTeam/lsf/issues/76,https://github.com/BCStudentSoftwareDevTeam/lsf/issues/76#issuecomment-1140063647
lsf,1140063154,bryantal,User,2020-01-21T16:22:15Z,2022-05-27T21:50:23Z,https://api.github.com/repos/BCStudentSoftwareDevTeam/lsf/issues/50,https://github.com/BCStudentSoftwareDevTeam/lsf/issues/50#issuecomment-1140063154
lsf,1140063650,bryantal,User,2020-01-21T17:50:02Z,2022-05-27T21:51:35Z,https://api.github.com/repos/BCStudentSoftwareDevTeam/lsf/issues/76,https://github.com/BCStudentSoftwareDevTeam/lsf/issues/76#issuecomment-1140063650
lsf,1140062880,bryantal,User,2020-01-21T18:10:47Z,2022-05-27T21:49:45Z,https://api.github.com/repos/BCStudentSoftwareDevTeam/lsf/issues/36,https://github.com/BCStudentSoftwareDevTeam/lsf/issues/36#issuecomment-1140062880
lsf,1140063638,bryantal,User,2020-01-21T21:18:58Z,2022-05-27T21:51:33Z,https://api.github.com/repos/BCStudentSoftwareDevTeam/lsf/issues/75,https://github.com/BCStudentSoftwareDevTeam/lsf/issues/75#issuecomment-1140063638
lsf,1140063599,bryantal,User,2020-01-21T21:40:16Z,2022-05-27T21:51:27Z,https://api.github.com/repos/BCStudentSoftwareDevTeam/lsf/issues/73,https://github.com/BCStudentSoftwareDevTeam/lsf/issues/73#issuecomment-1140063599
lsf,1140062823,bryantal,User,2020-01-22T15:14:41Z,2022-05-27T21:49:37Z,https://api.github.com/repos/BCStudentSoftwareDevTeam/lsf/issues/33,https://github.com/BCStudentSoftwareDevTeam/lsf/issues/33#issuecomment-1140062823
lsf,1140063567,bryantal,User,2020-01-22T15:23:42Z,2022-05-27T21:51:23Z,https://api.github.com/repos/BCStudentSoftwareDevTeam/lsf/issues/72,https://github.com/BCStudentSoftwareDevTeam/lsf/issues/72#issuecomment-1140063567
lsf,1140063320,bryantal,User,2020-01-22T19:53:40Z,2022-05-27T21:50:49Z,https://api.github.com/repos/BCStudentSoftwareDevTeam/lsf/issues/59,https://github.com/BCStudentSoftwareDevTeam/lsf/issues/59#issuecomment-1140063320
lsf,1140062689,bryantal,User,2020-01-22T19:58:21Z,2022-05-27T21:49:19Z,https://api.github.com/repos/BCStudentSoftwareDevTeam/lsf/issues/26,https://github.com/BCStudentSoftwareDevTeam/lsf/issues/26#issuecomment-1140062689
lsf,1140063214,bryantal,User,2020-01-22T19:59:18Z,2022-05-27T21:50:33Z,https://api.github.com/repos/BCStudentSoftwareDevTeam/lsf/issues/53,https://github.com/BCStudentSoftwareDevTeam/lsf/issues/53#issuecomment-1140063214
lsf,1140063571,bryantal,User,2020-01-22T19:59:18Z,2022-05-27T21:51:24Z,https://api.github.com/repos/BCStudentSoftwareDevTeam/lsf/issues/72,https://github.com/BCStudentSoftwareDevTeam/lsf/issues/72#issuecomment-1140063571
lsf,1140063394,bryantal,User,2020-01-22T20:03:34Z,2022-05-27T21:51:02Z,https://api.github.com/repos/BCStudentSoftwareDevTeam/lsf/issues/64,https://github.com/BCStudentSoftwareDevTeam/lsf/issues/64#issuecomment-1140063394
lsf,1140063639,bryantal,User,2020-01-22T20:04:32Z,2022-05-27T21:51:33Z,https://api.github.com/repos/BCStudentSoftwareDevTeam/lsf/issues/75,https://github.com/BCStudentSoftwareDevTeam/lsf/issues/75#issuecomment-1140063639
lsf,1140063709,bryantal,User,2020-01-22T21:33:11Z,2022-05-27T21:51:44Z,https://api.github.com/repos/BCStudentSoftwareDevTeam/lsf/issues/80,https://github.com/BCStudentSoftwareDevTeam/lsf/issues/80#issuecomment-1140063709
lsf,1140062423,bryantal,User,2020-01-22T21:41:08Z,2022-05-27T21:48:40Z,https://api.github.com/repos/BCStudentSoftwareDevTeam/lsf/issues/11,https://github.com/BCStudentSoftwareDevTeam/lsf/issues/11#issuecomment-1140062423
lsf,1140063602,bryantal,User,2020-01-22T21:42:21Z,2022-05-27T21:51:27Z,https://api.github.com/repos/BCStudentSoftwareDevTeam/lsf/issues/73,https://github.com/BCStudentSoftwareDevTeam/lsf/issues/73#issuecomment-1140063602
lsf,1140063614,bryantal,User,2020-01-24T18:58:58Z,2022-05-27T21:51:30Z,https://api.github.com/repos/BCStudentSoftwareDevTeam/lsf/issues/74,https://github.com/BCStudentSoftwareDevTeam/lsf/issues/74#issuecomment-1140063614
lsf,1140063306,bryantal,User,2020-01-24T19:01:38Z,2022-05-27T21:50:46Z,https://api.github.com/repos/BCStudentSoftwareDevTeam/lsf/issues/58,https://github.com/BCStudentSoftwareDevTeam/lsf/issues/58#issuecomment-1140063306
lsf,1140063183,bryantal,User,2020-01-24T19:05:50Z,2022-05-27T21:50:29Z,https://api.github.com/repos/BCStudentSoftwareDevTeam/lsf/issues/52,https://github.com/BCStudentSoftwareDevTeam/lsf/issues/52#issuecomment-1140063183
lsf,1140063487,bryantal,User,2020-01-27T13:53:54Z,2022-05-27T21:51:12Z,https://api.github.com/repos/BCStudentSoftwareDevTeam/lsf/issues/68,https://github.com/BCStudentSoftwareDevTeam/lsf/issues/68#issuecomment-1140063487
lsf,1140062424,bryantal,User,2020-01-27T18:36:04Z,2022-05-27T21:48:40Z,https://api.github.com/repos/BCStudentSoftwareDevTeam/lsf/issues/11,https://github.com/BCStudentSoftwareDevTeam/lsf/issues/11#issuecomment-1140062424
lsf,1140063293,bryantal,User,2020-01-27T20:18:51Z,2022-05-27T21:50:44Z,https://api.github.com/repos/BCStudentSoftwareDevTeam/lsf/issues/57,https://github.com/BCStudentSoftwareDevTeam/lsf/issues/57#issuecomment-1140063293
lsf,1140062884,bryantal,User,2020-01-27T20:20:52Z,2022-05-27T21:49:45Z,https://api.github.com/repos/BCStudentSoftwareDevTeam/lsf/issues/36,https://github.com/BCStudentSoftwareDevTeam/lsf/issues/36#issuecomment-1140062884
lsf,1140063749,bryantal,User,2020-01-27T21:45:25Z,2022-05-27T21:51:50Z,https://api.github.com/repos/BCStudentSoftwareDevTeam/lsf/issues/82,https://github.com/BCStudentSoftwareDevTeam/lsf/issues/82#issuecomment-1140063749
lsf,1140063551,bryantal,User,2020-01-30T21:41:21Z,2022-05-27T21:51:21Z,https://api.github.com/repos/BCStudentSoftwareDevTeam/lsf/issues/71,https://github.com/BCStudentSoftwareDevTeam/lsf/issues/71#issuecomment-1140063551
lsf,1140063089,bryantal,User,2020-01-30T21:59:55Z,2022-05-27T21:50:12Z,https://api.github.com/repos/BCStudentSoftwareDevTeam/lsf/issues/46,https://github.com/BCStudentSoftwareDevTeam/lsf/issues/46#issuecomment-1140063089
lsf,1140063991,bryantal,User,2020-02-03T20:11:59Z,2022-05-27T21:52:24Z,https://api.github.com/repos/BCStudentSoftwareDevTeam/lsf/issues/95,https://github.com/BCStudentSoftwareDevTeam/lsf/issues/95#issuecomment-1140063991
lsf,1140063878,bryantal,User,2020-02-04T14:13:34Z,2022-05-27T21:52:09Z,https://api.github.com/repos/BCStudentSoftwareDevTeam/lsf/issues/89,https://github.com/BCStudentSoftwareDevTeam/lsf/issues/89#issuecomment-1140063878
lsf,1140063767,bryantal,User,2020-02-04T14:16:43Z,2022-05-27T21:51:52Z,https://api.github.com/repos/BCStudentSoftwareDevTeam/lsf/issues/83,https://github.com/BCStudentSoftwareDevTeam/lsf/issues/83#issuecomment-1140063767
lsf,1140063842,bryantal,User,2020-02-04T14:24:43Z,2022-05-27T21:52:03Z,https://api.github.com/repos/BCStudentSoftwareDevTeam/lsf/issues/87,https://github.com/BCStudentSoftwareDevTeam/lsf/issues/87#issuecomment-1140063842
lsf,1140062827,bryantal,User,2020-02-04T14:34:33Z,2022-05-27T21:49:37Z,https://api.github.com/repos/BCStudentSoftwareDevTeam/lsf/issues/33,https://github.com/BCStudentSoftwareDevTeam/lsf/issues/33#issuecomment-1140062827
lsf,1140063790,bryantal,User,2020-02-05T16:31:57Z,2022-05-27T21:51:55Z,https://api.github.com/repos/BCStudentSoftwareDevTeam/lsf/issues/84,https://github.com/BCStudentSoftwareDevTeam/lsf/issues/84#issuecomment-1140063790
lsf,1140063791,bryantal,User,2020-02-05T16:32:19Z,2022-05-27T21:51:55Z,https://api.github.com/repos/BCStudentSoftwareDevTeam/lsf/issues/84,https://github.com/BCStudentSoftwareDevTeam/lsf/issues/84#issuecomment-1140063791
lsf,1140063963,bryantal,User,2020-02-05T16:34:00Z,2022-05-27T21:52:21Z,https://api.github.com/repos/BCStudentSoftwareDevTeam/lsf/issues/94,https://github.com/BCStudentSoftwareDevTeam/lsf/issues/94#issuecomment-1140063963
lsf,1140064097,bryantal,User,2020-02-11T18:40:24Z,2022-05-27T21:52:37Z,https://api.github.com/repos/BCStudentSoftwareDevTeam/lsf/issues/100,https://github.com/BCStudentSoftwareDevTeam/lsf/issues/100#issuecomment-1140064097
lsf,1140064172,bryantal,User,2020-02-25T21:53:55Z,2022-05-27T21:52:46Z,https://api.github.com/repos/BCStudentSoftwareDevTeam/lsf/issues/103,https://github.com/BCStudentSoftwareDevTeam/lsf/issues/103#issuecomment-1140064172
lsf,1140063924,bryantal,User,2020-02-25T21:56:08Z,2022-05-27T21:52:14Z,https://api.github.com/repos/BCStudentSoftwareDevTeam/lsf/issues/91,https://github.com/BCStudentSoftwareDevTeam/lsf/issues/91#issuecomment-1140063924
lsf,1140064227,bryantal,User,2020-03-02T19:42:25Z,2022-05-27T21:52:53Z,https://api.github.com/repos/BCStudentSoftwareDevTeam/lsf/issues/105,https://github.com/BCStudentSoftwareDevTeam/lsf/issues/105#issuecomment-1140064227
lsf,1140063993,bryantal,User,2020-03-03T14:20:53Z,2022-05-27T21:52:24Z,https://api.github.com/repos/BCStudentSoftwareDevTeam/lsf/issues/95,https://github.com/BCStudentSoftwareDevTeam/lsf/issues/95#issuecomment-1140063993
lsf,1140063852,bryantal,User,2020-03-11T18:15:01Z,2022-05-27T21:52:05Z,https://api.github.com/repos/BCStudentSoftwareDevTeam/lsf/issues/88,https://github.com/BCStudentSoftwareDevTeam/lsf/issues/88#issuecomment-1140063852
lsf,1140063853,bryantal,User,2020-03-11T18:16:22Z,2022-05-27T21:52:06Z,https://api.github.com/repos/BCStudentSoftwareDevTeam/lsf/issues/88,https://github.com/BCStudentSoftwareDevTeam/lsf/issues/88#issuecomment-1140063853
lsf,1140064293,bryantal,User,2020-03-11T20:49:50Z,2022-05-27T21:53:03Z,https://api.github.com/repos/BCStudentSoftwareDevTeam/lsf/issues/109,https://github.com/BCStudentSoftwareDevTeam/lsf/issues/109#issuecomment-1140064293
lsf,1140063954,bryantal,User,2020-03-18T18:26:19Z,2022-05-27T21:52:19Z,https://api.github.com/repos/BCStudentSoftwareDevTeam/lsf/issues/93,https://github.com/BCStudentSoftwareDevTeam/lsf/issues/93#issuecomment-1140063954
lsf,1140064022,bryantal,User,2020-03-18T18:28:54Z,2022-05-27T21:52:28Z,https://api.github.com/repos/BCStudentSoftwareDevTeam/lsf/issues/96,https://github.com/BCStudentSoftwareDevTeam/lsf/issues/96#issuecomment-1140064022
lsf,1140064263,bryantal,User,2020-03-18T18:54:04Z,2022-05-27T21:52:58Z,https://api.github.com/repos/BCStudentSoftwareDevTeam/lsf/issues/107,https://github.com/BCStudentSoftwareDevTeam/lsf/issues/107#issuecomment-1140064263
lsf,1140064081,bryantal,User,2020-03-18T18:58:45Z,2022-05-27T21:52:35Z,https://api.github.com/repos/BCStudentSoftwareDevTeam/lsf/issues/99,https://github.com/BCStudentSoftwareDevTeam/lsf/issues/99#issuecomment-1140064081
lsf,1140063830,bryantal,User,2020-03-18T19:00:31Z,2022-05-27T21:52:00Z,https://api.github.com/repos/BCStudentSoftwareDevTeam/lsf/issues/86,https://github.com/BCStudentSoftwareDevTeam/lsf/issues/86#issuecomment-1140063830
lsf,1140064118,bryantal,User,2020-03-19T18:14:18Z,2022-05-27T21:52:40Z,https://api.github.com/repos/BCStudentSoftwareDevTeam/lsf/issues/101,https://github.com/BCStudentSoftwareDevTeam/lsf/issues/101#issuecomment-1140064118
lsf,1140063855,bryantal,User,2020-04-01T18:50:26Z,2022-05-27T21:52:06Z,https://api.github.com/repos/BCStudentSoftwareDevTeam/lsf/issues/88,https://github.com/BCStudentSoftwareDevTeam/lsf/issues/88#issuecomment-1140063855
lsf,1140063856,bryantal,User,2020-04-01T18:51:39Z,2022-05-27T21:52:06Z,https://api.github.com/repos/BCStudentSoftwareDevTeam/lsf/issues/88,https://github.com/BCStudentSoftwareDevTeam/lsf/issues/88#issuecomment-1140063856
lsf,1140063728,bryantal,User,2020-04-01T18:56:09Z,2022-05-27T21:51:47Z,https://api.github.com/repos/BCStudentSoftwareDevTeam/lsf/issues/81,https://github.com/BCStudentSoftwareDevTeam/lsf/issues/81#issuecomment-1140063728
lsf,1140064321,bryantal,User,2020-04-03T18:06:53Z,2022-05-27T21:53:08Z,https://api.github.com/repos/BCStudentSoftwareDevTeam/lsf/issues/111,https://github.com/BCStudentSoftwareDevTeam/lsf/issues/111#issuecomment-1140064321
lsf,1140064294,bryantal,User,2020-04-07T03:32:07Z,2022-05-27T21:53:03Z,https://api.github.com/repos/BCStudentSoftwareDevTeam/lsf/issues/109,https://github.com/BCStudentSoftwareDevTeam/lsf/issues/109#issuecomment-1140064294
lsf,1140063858,bryantal,User,2020-04-07T03:33:18Z,2022-05-27T21:52:06Z,https://api.github.com/repos/BCStudentSoftwareDevTeam/lsf/issues/88,https://github.com/BCStudentSoftwareDevTeam/lsf/issues/88#issuecomment-1140063858
lsf,1140063939,bryantal,User,2020-04-07T04:33:09Z,2022-05-27T21:52:16Z,https://api.github.com/repos/BCStudentSoftwareDevTeam/lsf/issues/92,https://github.com/BCStudentSoftwareDevTeam/lsf/issues/92#issuecomment-1140063939
lsf,1140063808,bryantal,User,2020-04-13T19:18:25Z,2022-05-27T21:51:58Z,https://api.github.com/repos/BCStudentSoftwareDevTeam/lsf/issues/85,https://github.com/BCStudentSoftwareDevTeam/lsf/issues/85#issuecomment-1140063808
lsf,1140063967,bryantal,User,2020-04-13T19:19:47Z,2022-05-27T21:52:21Z,https://api.github.com/repos/BCStudentSoftwareDevTeam/lsf/issues/94,https://github.com/BCStudentSoftwareDevTeam/lsf/issues/94#issuecomment-1140063967
lsf,1140063131,bryantal,User,2020-04-13T19:30:43Z,2022-05-27T21:50:20Z,https://api.github.com/repos/BCStudentSoftwareDevTeam/lsf/issues/49,https://github.com/BCStudentSoftwareDevTeam/lsf/issues/49#issuecomment-1140063131
lsf,1140064304,bryantal,User,2020-04-13T19:35:54Z,2022-05-27T21:53:05Z,https://api.github.com/repos/BCStudentSoftwareDevTeam/lsf/issues/110,https://github.com/BCStudentSoftwareDevTeam/lsf/issues/110#issuecomment-1140064304
lsf,1140064373,bryantal,User,2020-05-05T15:09:58Z,2022-05-27T21:53:15Z,https://api.github.com/repos/BCStudentSoftwareDevTeam/lsf/issues/114,https://github.com/BCStudentSoftwareDevTeam/lsf/issues/114#issuecomment-1140064373
lsf,1140064375,bryantal,User,2020-05-05T15:36:37Z,2022-05-27T21:53:15Z,https://api.github.com/repos/BCStudentSoftwareDevTeam/lsf/issues/114,https://github.com/BCStudentSoftwareDevTeam/lsf/issues/114#issuecomment-1140064375
lsf,1140064355,bryantal,User,2020-05-05T20:53:41Z,2022-05-27T21:53:13Z,https://api.github.com/repos/BCStudentSoftwareDevTeam/lsf/issues/113,https://github.com/BCStudentSoftwareDevTeam/lsf/issues/113#issuecomment-1140064355
lsf,1140064512,bryantal,User,2020-05-06T17:53:32Z,2022-05-27T21:53:35Z,https://api.github.com/repos/BCStudentSoftwareDevTeam/lsf/issues/121,https://github.com/BCStudentSoftwareDevTeam/lsf/issues/121#issuecomment-1140064512
lsf,1140063994,bryantal,User,2020-05-06T18:47:41Z,2022-05-27T21:52:24Z,https://api.github.com/repos/BCStudentSoftwareDevTeam/lsf/issues/95,https://github.com/BCStudentSoftwareDevTeam/lsf/issues/95#issuecomment-1140063994
lsf,1140064446,bryantal,User,2020-05-06T20:02:33Z,2022-05-27T21:53:25Z,https://api.github.com/repos/BCStudentSoftwareDevTeam/lsf/issues/118,https://github.com/BCStudentSoftwareDevTeam/lsf/issues/118#issuecomment-1140064446
lsf,1140064448,bryantal,User,2020-05-06T20:05:37Z,2022-05-27T21:53:25Z,https://api.github.com/repos/BCStudentSoftwareDevTeam/lsf/issues/118,https://github.com/BCStudentSoftwareDevTeam/lsf/issues/118#issuecomment-1140064448
lsf,1140064278,bryantal,User,2020-05-06T20:05:38Z,2022-05-27T21:53:00Z,https://api.github.com/repos/BCStudentSoftwareDevTeam/lsf/issues/108,https://github.com/BCStudentSoftwareDevTeam/lsf/issues/108#issuecomment-1140064278
lsf,1140064228,bryantal,User,2020-05-07T12:37:33Z,2022-05-27T21:52:53Z,https://api.github.com/repos/BCStudentSoftwareDevTeam/lsf/issues/105,https://github.com/BCStudentSoftwareDevTeam/lsf/issues/105#issuecomment-1140064228
lsf,1140064230,bryantal,User,2020-05-07T12:38:40Z,2022-05-27T21:52:53Z,https://api.github.com/repos/BCStudentSoftwareDevTeam/lsf/issues/105,https://github.com/BCStudentSoftwareDevTeam/lsf/issues/105#issuecomment-1140064230
lsf,1140064474,bryantal,User,2020-05-07T15:21:53Z,2022-05-27T21:53:29Z,https://api.github.com/repos/BCStudentSoftwareDevTeam/lsf/issues/119,https://github.com/BCStudentSoftwareDevTeam/lsf/issues/119#issuecomment-1140064474
lsf,1140064476,bryantal,User,2020-05-07T15:38:57Z,2022-05-27T21:53:29Z,https://api.github.com/repos/BCStudentSoftwareDevTeam/lsf/issues/119,https://github.com/BCStudentSoftwareDevTeam/lsf/issues/119#issuecomment-1140064476
lsf,1140064477,bryantal,User,2020-05-07T15:40:24Z,2022-05-27T21:53:29Z,https://api.github.com/repos/BCStudentSoftwareDevTeam/lsf/issues/119,https://github.com/BCStudentSoftwareDevTeam/lsf/issues/119#issuecomment-1140064477
lsf,1140064098,bryantal,User,2020-05-07T15:54:45Z,2022-05-27T21:52:37Z,https://api.github.com/repos/BCStudentSoftwareDevTeam/lsf/issues/100,https://github.com/BCStudentSoftwareDevTeam/lsf/issues/100#issuecomment-1140064098
lsf,1140064102,bryantal,User,2020-05-07T15:55:05Z,2022-05-27T21:52:37Z,https://api.github.com/repos/BCStudentSoftwareDevTeam/lsf/issues/100,https://github.com/BCStudentSoftwareDevTeam/lsf/issues/100#issuecomment-1140064102
lsf,1140064247,bryantal,User,2020-05-07T17:19:37Z,2022-05-27T21:52:55Z,https://api.github.com/repos/BCStudentSoftwareDevTeam/lsf/issues/106,https://github.com/BCStudentSoftwareDevTeam/lsf/issues/106#issuecomment-1140064247
lsf,1140064540,bryantal,User,2020-05-07T19:09:42Z,2022-05-27T21:53:39Z,https://api.github.com/repos/BCStudentSoftwareDevTeam/lsf/issues/123,https://github.com/BCStudentSoftwareDevTeam/lsf/issues/123#issuecomment-1140064540
lsf,1140064541,bryantal,User,2020-05-07T19:18:07Z,2022-05-27T21:53:40Z,https://api.github.com/repos/BCStudentSoftwareDevTeam/lsf/issues/123,https://github.com/BCStudentSoftwareDevTeam/lsf/issues/123#issuecomment-1140064541
lsf,1140064492,bryantal,User,2020-05-07T19:18:26Z,2022-05-27T21:53:32Z,https://api.github.com/repos/BCStudentSoftwareDevTeam/lsf/issues/120,https://github.com/BCStudentSoftwareDevTeam/lsf/issues/120#issuecomment-1140064492
lsf,1140064543,bryantal,User,2020-05-07T19:18:26Z,2022-05-27T21:53:40Z,https://api.github.com/repos/BCStudentSoftwareDevTeam/lsf/issues/123,https://github.com/BCStudentSoftwareDevTeam/lsf/issues/123#issuecomment-1140064543
lsf,1140063902,bryantal,User,2020-05-07T20:17:34Z,2022-05-27T21:52:11Z,https://api.github.com/repos/BCStudentSoftwareDevTeam/lsf/issues/90,https://github.com/BCStudentSoftwareDevTeam/lsf/issues/90#issuecomment-1140063902
lsf,1140063904,bryantal,User,2020-05-07T20:21:09Z,2022-05-27T21:52:11Z,https://api.github.com/repos/BCStudentSoftwareDevTeam/lsf/issues/90,https://github.com/BCStudentSoftwareDevTeam/lsf/issues/90#issuecomment-1140063904
lsf,1140064141,bryantal,User,2020-05-07T21:54:44Z,2022-05-27T21:52:42Z,https://api.github.com/repos/BCStudentSoftwareDevTeam/lsf/issues/102,https://github.com/BCStudentSoftwareDevTeam/lsf/issues/102#issuecomment-1140064141
lsf,1140064523,bryantal,User,2020-05-08T16:06:28Z,2022-05-27T21:53:37Z,https://api.github.com/repos/BCStudentSoftwareDevTeam/lsf/issues/122,https://github.com/BCStudentSoftwareDevTeam/lsf/issues/122#issuecomment-1140064523
lsf,1140064478,bryantal,User,2020-05-08T16:07:55Z,2022-05-27T21:53:29Z,https://api.github.com/repos/BCStudentSoftwareDevTeam/lsf/issues/119,https://github.com/BCStudentSoftwareDevTeam/lsf/issues/119#issuecomment-1140064478
lsf,1140062948,bryantal,User,2020-05-11T12:37:34Z,2022-05-27T21:49:54Z,https://api.github.com/repos/BCStudentSoftwareDevTeam/lsf/issues/39,https://github.com/BCStudentSoftwareDevTeam/lsf/issues/39#issuecomment-1140062948
lsf,1140062953,bryantal,User,2020-05-11T13:47:51Z,2022-05-27T21:49:54Z,https://api.github.com/repos/BCStudentSoftwareDevTeam/lsf/issues/39,https://github.com/BCStudentSoftwareDevTeam/lsf/issues/39#issuecomment-1140062953
lsf,1140064524,bryantal,User,2020-05-11T15:46:04Z,2022-05-27T21:53:37Z,https://api.github.com/repos/BCStudentSoftwareDevTeam/lsf/issues/122,https://github.com/BCStudentSoftwareDevTeam/lsf/issues/122#issuecomment-1140064524
lsf,1140064356,bryantal,User,2020-05-11T16:00:15Z,2022-05-27T21:53:13Z,https://api.github.com/repos/BCStudentSoftwareDevTeam/lsf/issues/113,https://github.com/BCStudentSoftwareDevTeam/lsf/issues/113#issuecomment-1140064356
lsf,1140064585,bryantal,User,2020-05-11T17:17:48Z,2022-05-27T21:53:45Z,https://api.github.com/repos/BCStudentSoftwareDevTeam/lsf/issues/125,https://github.com/BCStudentSoftwareDevTeam/lsf/issues/125#issuecomment-1140064585
lsf,1140064376,bryantal,User,2020-05-11T19:24:42Z,2022-05-27T21:53:15Z,https://api.github.com/repos/BCStudentSoftwareDevTeam/lsf/issues/114,https://github.com/BCStudentSoftwareDevTeam/lsf/issues/114#issuecomment-1140064376
lsf,1140064514,bryantal,User,2020-05-11T19:25:29Z,2022-05-27T21:53:35Z,https://api.github.com/repos/BCStudentSoftwareDevTeam/lsf/issues/121,https://github.com/BCStudentSoftwareDevTeam/lsf/issues/121#issuecomment-1140064514
lsf,1140064569,bryantal,User,2020-05-12T12:05:47Z,2022-05-27T21:53:42Z,https://api.github.com/repos/BCStudentSoftwareDevTeam/lsf/issues/124,https://github.com/BCStudentSoftwareDevTeam/lsf/issues/124#issuecomment-1140064569
lsf,1140064451,bryantal,User,2020-05-12T12:07:21Z,2022-05-27T21:53:25Z,https://api.github.com/repos/BCStudentSoftwareDevTeam/lsf/issues/118,https://github.com/BCStudentSoftwareDevTeam/lsf/issues/118#issuecomment-1140064451
lsf,1140064761,bryantal,User,2020-05-13T17:30:11Z,2022-05-27T21:54:07Z,https://api.github.com/repos/BCStudentSoftwareDevTeam/lsf/issues/134,https://github.com/BCStudentSoftwareDevTeam/lsf/issues/134#issuecomment-1140064761
lsf,1140064778,bryantal,User,2020-05-13T20:13:57Z,2022-05-27T21:54:09Z,https://api.github.com/repos/BCStudentSoftwareDevTeam/lsf/issues/135,https://github.com/BCStudentSoftwareDevTeam/lsf/issues/135#issuecomment-1140064778
lsf,1140064779,bryantal,User,2020-05-14T13:07:01Z,2022-05-27T21:54:09Z,https://api.github.com/repos/BCStudentSoftwareDevTeam/lsf/issues/135,https://github.com/BCStudentSoftwareDevTeam/lsf/issues/135#issuecomment-1140064779
lsf,1140064143,bryantal,User,2020-05-14T20:35:00Z,2022-05-27T21:52:43Z,https://api.github.com/repos/BCStudentSoftwareDevTeam/lsf/issues/102,https://github.com/BCStudentSoftwareDevTeam/lsf/issues/102#issuecomment-1140064143
lsf,1140064148,bryantal,User,2020-05-14T20:35:45Z,2022-05-27T21:52:43Z,https://api.github.com/repos/BCStudentSoftwareDevTeam/lsf/issues/102,https://github.com/BCStudentSoftwareDevTeam/lsf/issues/102#issuecomment-1140064148
lsf,1140062447,bryantal,User,2020-05-15T14:42:03Z,2022-05-27T21:48:43Z,https://api.github.com/repos/BCStudentSoftwareDevTeam/lsf/issues/12,https://github.com/BCStudentSoftwareDevTeam/lsf/issues/12#issuecomment-1140062447
lsf,1140064735,bryantal,User,2020-05-15T15:21:45Z,2022-05-27T21:54:04Z,https://api.github.com/repos/BCStudentSoftwareDevTeam/lsf/issues/133,https://github.com/BCStudentSoftwareDevTeam/lsf/issues/133#issuecomment-1140064735
lsf,1140064738,bryantal,User,2020-05-15T15:27:19Z,2022-05-27T21:54:05Z,https://api.github.com/repos/BCStudentSoftwareDevTeam/lsf/issues/133,https://github.com/BCStudentSoftwareDevTeam/lsf/issues/133#issuecomment-1140064738
lsf,1140064740,bryantal,User,2020-05-15T15:28:18Z,2022-05-27T21:54:05Z,https://api.github.com/repos/BCStudentSoftwareDevTeam/lsf/issues/133,https://github.com/BCStudentSoftwareDevTeam/lsf/issues/133#issuecomment-1140064740
lsf,1140064620,bryantal,User,2020-05-15T16:07:38Z,2022-05-27T21:53:50Z,https://api.github.com/repos/BCStudentSoftwareDevTeam/lsf/issues/127,https://github.com/BCStudentSoftwareDevTeam/lsf/issues/127#issuecomment-1140064620
lsf,1140064745,bryantal,User,2020-05-15T18:46:19Z,2022-05-27T21:54:05Z,https://api.github.com/repos/BCStudentSoftwareDevTeam/lsf/issues/133,https://github.com/BCStudentSoftwareDevTeam/lsf/issues/133#issuecomment-1140064745
lsf,1140064842,bryantal,User,2020-05-15T23:27:56Z,2022-05-27T21:54:18Z,https://api.github.com/repos/BCStudentSoftwareDevTeam/lsf/issues/138,https://github.com/BCStudentSoftwareDevTeam/lsf/issues/138#issuecomment-1140064842
lsf,1140064815,bryantal,User,2020-05-16T15:23:01Z,2022-05-27T21:54:13Z,https://api.github.com/repos/BCStudentSoftwareDevTeam/lsf/issues/136,https://github.com/BCStudentSoftwareDevTeam/lsf/issues/136#issuecomment-1140064815
lsf,1140064894,bryantal,User,2020-05-18T15:28:32Z,2022-05-27T21:54:24Z,https://api.github.com/repos/BCStudentSoftwareDevTeam/lsf/issues/140,https://github.com/BCStudentSoftwareDevTeam/lsf/issues/140#issuecomment-1140064894
lsf,1140064642,bryantal,User,2020-05-18T17:12:23Z,2022-05-27T21:53:53Z,https://api.github.com/repos/BCStudentSoftwareDevTeam/lsf/issues/128,https://github.com/BCStudentSoftwareDevTeam/lsf/issues/128#issuecomment-1140064642
lsf,1140064875,bryantal,User,2020-05-18T20:41:47Z,2022-05-27T21:54:22Z,https://api.github.com/repos/BCStudentSoftwareDevTeam/lsf/issues/139,https://github.com/BCStudentSoftwareDevTeam/lsf/issues/139#issuecomment-1140064875
lsf,1140064054,bryantal,User,2020-05-19T14:14:47Z,2022-05-27T21:52:32Z,https://api.github.com/repos/BCStudentSoftwareDevTeam/lsf/issues/98,https://github.com/BCStudentSoftwareDevTeam/lsf/issues/98#issuecomment-1140064054
lsf,1140064621,bryantal,User,2020-05-19T14:15:17Z,2022-05-27T21:53:50Z,https://api.github.com/repos/BCStudentSoftwareDevTeam/lsf/issues/127,https://github.com/BCStudentSoftwareDevTeam/lsf/issues/127#issuecomment-1140064621
lsf,1140064876,bryantal,User,2020-05-19T14:26:12Z,2022-05-27T21:54:22Z,https://api.github.com/repos/BCStudentSoftwareDevTeam/lsf/issues/139,https://github.com/BCStudentSoftwareDevTeam/lsf/issues/139#issuecomment-1140064876
lsf,1140064570,bryantal,User,2020-05-19T15:50:49Z,2022-05-27T21:53:43Z,https://api.github.com/repos/BCStudentSoftwareDevTeam/lsf/issues/124,https://github.com/BCStudentSoftwareDevTeam/lsf/issues/124#issuecomment-1140064570
lsf,1140064748,bryantal,User,2020-05-19T15:58:44Z,2022-05-27T21:54:05Z,https://api.github.com/repos/BCStudentSoftwareDevTeam/lsf/issues/133,https://github.com/BCStudentSoftwareDevTeam/lsf/issues/133#issuecomment-1140064748
lsf,1140064059,bryantal,User,2020-05-19T16:03:53Z,2022-05-27T21:52:32Z,https://api.github.com/repos/BCStudentSoftwareDevTeam/lsf/issues/98,https://github.com/BCStudentSoftwareDevTeam/lsf/issues/98#issuecomment-1140064059
lsf,1140063906,bryantal,User,2020-05-19T17:14:59Z,2022-05-27T21:52:12Z,https://api.github.com/repos/BCStudentSoftwareDevTeam/lsf/issues/90,https://github.com/BCStudentSoftwareDevTeam/lsf/issues/90#issuecomment-1140063906
lsf,1140064248,bryantal,User,2020-05-19T17:21:08Z,2022-05-27T21:52:55Z,https://api.github.com/repos/BCStudentSoftwareDevTeam/lsf/issues/106,https://github.com/BCStudentSoftwareDevTeam/lsf/issues/106#issuecomment-1140064248
lsf,1140064199,bryantal,User,2020-05-19T17:24:48Z,2022-05-27T21:52:49Z,https://api.github.com/repos/BCStudentSoftwareDevTeam/lsf/issues/104,https://github.com/BCStudentSoftwareDevTeam/lsf/issues/104#issuecomment-1140064199
lsf,1140064784,bryantal,User,2020-05-19T17:26:47Z,2022-05-27T21:54:10Z,https://api.github.com/repos/BCStudentSoftwareDevTeam/lsf/issues/135,https://github.com/BCStudentSoftwareDevTeam/lsf/issues/135#issuecomment-1140064784
lsf,1140063729,bryantal,User,2020-05-19T17:29:58Z,2022-05-27T21:51:47Z,https://api.github.com/repos/BCStudentSoftwareDevTeam/lsf/issues/81,https://github.com/BCStudentSoftwareDevTeam/lsf/issues/81#issuecomment-1140063729
lsf,1140064040,bryantal,User,2020-05-19T17:30:43Z,2022-05-27T21:52:30Z,https://api.github.com/repos/BCStudentSoftwareDevTeam/lsf/issues/97,https://github.com/BCStudentSoftwareDevTeam/lsf/issues/97#issuecomment-1140064040
lsf,1140064393,bryantal,User,2020-05-19T17:33:57Z,2022-05-27T21:53:17Z,https://api.github.com/repos/BCStudentSoftwareDevTeam/lsf/issues/115,https://github.com/BCStudentSoftwareDevTeam/lsf/issues/115#issuecomment-1140064393
lsf,1140064410,bryantal,User,2020-05-19T17:38:29Z,2022-05-27T21:53:20Z,https://api.github.com/repos/BCStudentSoftwareDevTeam/lsf/issues/116,https://github.com/BCStudentSoftwareDevTeam/lsf/issues/116#issuecomment-1140064410
lsf,1140064493,bryantal,User,2020-05-19T17:41:35Z,2022-05-27T21:53:32Z,https://api.github.com/repos/BCStudentSoftwareDevTeam/lsf/issues/120,https://github.com/BCStudentSoftwareDevTeam/lsf/issues/120#issuecomment-1140064493
lsf,1140064844,bryantal,User,2020-05-21T15:26:35Z,2022-05-27T21:54:18Z,https://api.github.com/repos/BCStudentSoftwareDevTeam/lsf/issues/138,https://github.com/BCStudentSoftwareDevTeam/lsf/issues/138#issuecomment-1140064844
lsf,1140064996,bryantal,User,2020-05-21T15:57:00Z,2022-05-27T21:54:39Z,https://api.github.com/repos/BCStudentSoftwareDevTeam/lsf/issues/145,https://github.com/BCStudentSoftwareDevTeam/lsf/issues/145#issuecomment-1140064996
lsf,1140064846,bryantal,User,2020-05-21T16:34:07Z,2022-05-27T21:54:18Z,https://api.github.com/repos/BCStudentSoftwareDevTeam/lsf/issues/138,https://github.com/BCStudentSoftwareDevTeam/lsf/issues/138#issuecomment-1140064846
lsf,1140064848,bryantal,User,2020-05-21T17:07:52Z,2022-05-27T21:54:18Z,https://api.github.com/repos/BCStudentSoftwareDevTeam/lsf/issues/138,https://github.com/BCStudentSoftwareDevTeam/lsf/issues/138#issuecomment-1140064848
lsf,1140064672,bryantal,User,2020-05-21T17:23:16Z,2022-05-27T21:53:57Z,https://api.github.com/repos/BCStudentSoftwareDevTeam/lsf/issues/130,https://github.com/BCStudentSoftwareDevTeam/lsf/issues/130#issuecomment-1140064672
lsf,1140063750,bryantal,User,2020-05-21T17:26:12Z,2022-05-27T21:51:50Z,https://api.github.com/repos/BCStudentSoftwareDevTeam/lsf/issues/82,https://github.com/BCStudentSoftwareDevTeam/lsf/issues/82#issuecomment-1140063750
lsf,1140064280,bryantal,User,2020-05-21T17:30:56Z,2022-05-27T21:53:00Z,https://api.github.com/repos/BCStudentSoftwareDevTeam/lsf/issues/108,https://github.com/BCStudentSoftwareDevTeam/lsf/issues/108#issuecomment-1140064280
lsf,1140064673,bryantal,User,2020-05-21T17:36:53Z,2022-05-27T21:53:58Z,https://api.github.com/repos/BCStudentSoftwareDevTeam/lsf/issues/130,https://github.com/BCStudentSoftwareDevTeam/lsf/issues/130#issuecomment-1140064673
lsf,1140064849,bryantal,User,2020-05-21T17:47:51Z,2022-05-27T21:54:19Z,https://api.github.com/repos/BCStudentSoftwareDevTeam/lsf/issues/138,https://github.com/BCStudentSoftwareDevTeam/lsf/issues/138#issuecomment-1140064849
lsf,1140064917,bryantal,User,2020-05-21T18:47:31Z,2022-05-27T21:54:27Z,https://api.github.com/repos/BCStudentSoftwareDevTeam/lsf/issues/141,https://github.com/BCStudentSoftwareDevTeam/lsf/issues/141#issuecomment-1140064917
lsf,1140064918,bryantal,User,2020-05-21T19:20:43Z,2022-05-27T21:54:27Z,https://api.github.com/repos/BCStudentSoftwareDevTeam/lsf/issues/141,https://github.com/BCStudentSoftwareDevTeam/lsf/issues/141#issuecomment-1140064918
lsf,1140065123,bryantal,User,2020-05-22T00:52:29Z,2022-05-27T21:55:03Z,https://api.github.com/repos/BCStudentSoftwareDevTeam/lsf/issues/154,https://github.com/BCStudentSoftwareDevTeam/lsf/issues/154#issuecomment-1140065123
lsf,1140064711,bryantal,User,2020-05-22T19:35:56Z,2022-05-27T21:54:02Z,https://api.github.com/repos/BCStudentSoftwareDevTeam/lsf/issues/132,https://github.com/BCStudentSoftwareDevTeam/lsf/issues/132#issuecomment-1140064711
lsf,1140065011,bryantal,User,2020-05-22T19:37:34Z,2022-05-27T21:54:41Z,https://api.github.com/repos/BCStudentSoftwareDevTeam/lsf/issues/146,https://github.com/BCStudentSoftwareDevTeam/lsf/issues/146#issuecomment-1140065011
lsf,1140064764,bryantal,User,2020-05-22T19:42:36Z,2022-05-27T21:54:07Z,https://api.github.com/repos/BCStudentSoftwareDevTeam/lsf/issues/134,https://github.com/BCStudentSoftwareDevTeam/lsf/issues/134#issuecomment-1140064764
lsf,1140064691,bryantal,User,2020-05-22T19:48:41Z,2022-05-27T21:54:00Z,https://api.github.com/repos/BCStudentSoftwareDevTeam/lsf/issues/131,https://github.com/BCStudentSoftwareDevTeam/lsf/issues/131#issuecomment-1140064691
lsf,1140064897,bryantal,User,2020-05-22T19:53:49Z,2022-05-27T21:54:24Z,https://api.github.com/repos/BCStudentSoftwareDevTeam/lsf/issues/140,https://github.com/BCStudentSoftwareDevTeam/lsf/issues/140#issuecomment-1140064897
lsf,1140064653,bryantal,User,2020-05-22T20:04:38Z,2022-05-27T21:53:55Z,https://api.github.com/repos/BCStudentSoftwareDevTeam/lsf/issues/129,https://github.com/BCStudentSoftwareDevTeam/lsf/issues/129#issuecomment-1140064653
lsf,1140064431,bryantal,User,2020-05-22T20:11:47Z,2022-05-27T21:53:23Z,https://api.github.com/repos/BCStudentSoftwareDevTeam/lsf/issues/117,https://github.com/BCStudentSoftwareDevTeam/lsf/issues/117#issuecomment-1140064431
lsf,1140062957,bryantal,User,2020-05-25T15:08:49Z,2022-05-27T21:49:54Z,https://api.github.com/repos/BCStudentSoftwareDevTeam/lsf/issues/39,https://github.com/BCStudentSoftwareDevTeam/lsf/issues/39#issuecomment-1140062957
lsf,1140063997,bryantal,User,2020-05-25T15:16:33Z,2022-05-27T21:52:25Z,https://api.github.com/repos/BCStudentSoftwareDevTeam/lsf/issues/95,https://github.com/BCStudentSoftwareDevTeam/lsf/issues/95#issuecomment-1140063997
lsf,1140065012,bryantal,User,2020-05-26T14:45:26Z,2022-05-27T21:54:41Z,https://api.github.com/repos/BCStudentSoftwareDevTeam/lsf/issues/146,https://github.com/BCStudentSoftwareDevTeam/lsf/issues/146#issuecomment-1140065012
lsf,1140064898,bryantal,User,2020-05-27T14:53:12Z,2022-05-27T21:54:25Z,https://api.github.com/repos/BCStudentSoftwareDevTeam/lsf/issues/140,https://github.com/BCStudentSoftwareDevTeam/lsf/issues/140#issuecomment-1140064898
lsf,1140064981,bryantal,User,2020-05-27T14:54:58Z,2022-05-27T21:54:37Z,https://api.github.com/repos/BCStudentSoftwareDevTeam/lsf/issues/144,https://github.com/BCStudentSoftwareDevTeam/lsf/issues/144#issuecomment-1140064981
lsf,1140064982,bryantal,User,2020-05-27T14:56:39Z,2022-05-27T21:54:37Z,https://api.github.com/repos/BCStudentSoftwareDevTeam/lsf/issues/144,https://github.com/BCStudentSoftwareDevTeam/lsf/issues/144#issuecomment-1140064982
lsf,1140065183,bryantal,User,2020-05-29T16:08:58Z,2022-05-27T21:55:10Z,https://api.github.com/repos/BCStudentSoftwareDevTeam/lsf/issues/156,https://github.com/BCStudentSoftwareDevTeam/lsf/issues/156#issuecomment-1140065183
lsf,1140065184,bryantal,User,2020-06-01T17:38:46Z,2022-05-27T21:55:10Z,https://api.github.com/repos/BCStudentSoftwareDevTeam/lsf/issues/156,https://github.com/BCStudentSoftwareDevTeam/lsf/issues/156#issuecomment-1140065184
lsf,1140064984,bryantal,User,2020-06-01T17:38:53Z,2022-05-27T21:54:37Z,https://api.github.com/repos/BCStudentSoftwareDevTeam/lsf/issues/144,https://github.com/BCStudentSoftwareDevTeam/lsf/issues/144#issuecomment-1140064984
lsf,1140064997,bryantal,User,2020-06-01T17:38:57Z,2022-05-27T21:54:39Z,https://api.github.com/repos/BCStudentSoftwareDevTeam/lsf/issues/145,https://github.com/BCStudentSoftwareDevTeam/lsf/issues/145#issuecomment-1140064997
lsf,1140063999,bryantal,User,2020-06-01T19:29:57Z,2022-05-27T21:52:25Z,https://api.github.com/repos/BCStudentSoftwareDevTeam/lsf/issues/95,https://github.com/BCStudentSoftwareDevTeam/lsf/issues/95#issuecomment-1140063999
lsf,1140065164,bryantal,User,2020-06-02T15:13:34Z,2022-05-27T21:55:07Z,https://api.github.com/repos/BCStudentSoftwareDevTeam/lsf/issues/155,https://github.com/BCStudentSoftwareDevTeam/lsf/issues/155#issuecomment-1140065164
lsf,1140064676,bryantal,User,2020-06-02T20:28:27Z,2022-05-27T21:53:58Z,https://api.github.com/repos/BCStudentSoftwareDevTeam/lsf/issues/130,https://github.com/BCStudentSoftwareDevTeam/lsf/issues/130#issuecomment-1140064676
lsf,1140065021,bryantal,User,2020-06-02T20:29:54Z,2022-05-27T21:54:44Z,https://api.github.com/repos/BCStudentSoftwareDevTeam/lsf/issues/147,https://github.com/BCStudentSoftwareDevTeam/lsf/issues/147#issuecomment-1140065021
lsf,1140064919,bryantal,User,2020-06-03T15:35:40Z,2022-05-27T21:54:27Z,https://api.github.com/repos/BCStudentSoftwareDevTeam/lsf/issues/141,https://github.com/BCStudentSoftwareDevTeam/lsf/issues/141#issuecomment-1140064919
lsf,1140064959,bryantal,User,2020-06-03T16:23:05Z,2022-05-27T21:54:33Z,https://api.github.com/repos/BCStudentSoftwareDevTeam/lsf/issues/143,https://github.com/BCStudentSoftwareDevTeam/lsf/issues/143#issuecomment-1140064959
lsf,1140065186,bryantal,User,2020-06-08T14:48:52Z,2022-05-27T21:55:11Z,https://api.github.com/repos/BCStudentSoftwareDevTeam/lsf/issues/156,https://github.com/BCStudentSoftwareDevTeam/lsf/issues/156#issuecomment-1140065186
lsf,1140065071,bryantal,User,2020-06-08T15:58:37Z,2022-05-27T21:54:55Z,https://api.github.com/repos/BCStudentSoftwareDevTeam/lsf/issues/151,https://github.com/BCStudentSoftwareDevTeam/lsf/issues/151#issuecomment-1140065071
lsf,1140064452,bryantal,User,2020-06-08T17:04:48Z,2022-05-27T21:53:26Z,https://api.github.com/repos/BCStudentSoftwareDevTeam/lsf/issues/118,https://github.com/BCStudentSoftwareDevTeam/lsf/issues/118#issuecomment-1140064452
lsf,1140065064,bryantal,User,2020-06-08T17:39:41Z,2022-05-27T21:54:53Z,https://api.github.com/repos/BCStudentSoftwareDevTeam/lsf/issues/150,https://github.com/BCStudentSoftwareDevTeam/lsf/issues/150#issuecomment-1140065064
lsf,1140065124,bryantal,User,2020-06-08T17:42:32Z,2022-05-27T21:55:03Z,https://api.github.com/repos/BCStudentSoftwareDevTeam/lsf/issues/154,https://github.com/BCStudentSoftwareDevTeam/lsf/issues/154#issuecomment-1140065124
lsf,1140065125,bryantal,User,2020-06-08T17:42:58Z,2022-05-27T21:55:03Z,https://api.github.com/repos/BCStudentSoftwareDevTeam/lsf/issues/154,https://github.com/BCStudentSoftwareDevTeam/lsf/issues/154#issuecomment-1140065125
lsf,1140065127,bryantal,User,2020-06-08T17:44:22Z,2022-05-27T21:55:03Z,https://api.github.com/repos/BCStudentSoftwareDevTeam/lsf/issues/154,https://github.com/BCStudentSoftwareDevTeam/lsf/issues/154#issuecomment-1140065127
lsf,1140065036,bryantal,User,2020-06-08T19:35:13Z,2022-05-27T21:54:47Z,https://api.github.com/repos/BCStudentSoftwareDevTeam/lsf/issues/148,https://github.com/BCStudentSoftwareDevTeam/lsf/issues/148#issuecomment-1140065036
lsf,1140065046,bryantal,User,2020-06-08T19:56:19Z,2022-05-27T21:54:50Z,https://api.github.com/repos/BCStudentSoftwareDevTeam/lsf/issues/149,https://github.com/BCStudentSoftwareDevTeam/lsf/issues/149#issuecomment-1140065046
lsf,1140065246,bryantal,User,2020-06-08T20:24:51Z,2022-05-27T21:55:18Z,https://api.github.com/repos/BCStudentSoftwareDevTeam/lsf/issues/159,https://github.com/BCStudentSoftwareDevTeam/lsf/issues/159#issuecomment-1140065246
lsf,1140064960,bryantal,User,2020-06-09T14:53:50Z,2022-05-27T21:54:33Z,https://api.github.com/repos/BCStudentSoftwareDevTeam/lsf/issues/143,https://github.com/BCStudentSoftwareDevTeam/lsf/issues/143#issuecomment-1140064960
lsf,1140064878,bryantal,User,2020-06-09T20:11:53Z,2022-05-27T21:54:22Z,https://api.github.com/repos/BCStudentSoftwareDevTeam/lsf/issues/139,https://github.com/BCStudentSoftwareDevTeam/lsf/issues/139#issuecomment-1140064878
lsf,1140064834,bryantal,User,2020-06-09T20:13:22Z,2022-05-27T21:54:16Z,https://api.github.com/repos/BCStudentSoftwareDevTeam/lsf/issues/137,https://github.com/BCStudentSoftwareDevTeam/lsf/issues/137#issuecomment-1140064834
lsf,1140065016,bryantal,User,2020-06-09T20:14:39Z,2022-05-27T21:54:42Z,https://api.github.com/repos/BCStudentSoftwareDevTeam/lsf/issues/146,https://github.com/BCStudentSoftwareDevTeam/lsf/issues/146#issuecomment-1140065016
lsf,1140064001,bryantal,User,2020-06-09T20:15:38Z,2022-05-27T21:52:25Z,https://api.github.com/repos/BCStudentSoftwareDevTeam/lsf/issues/95,https://github.com/BCStudentSoftwareDevTeam/lsf/issues/95#issuecomment-1140064001
lsf,1140064962,bryantal,User,2020-06-10T13:55:43Z,2022-05-27T21:54:33Z,https://api.github.com/repos/BCStudentSoftwareDevTeam/lsf/issues/143,https://github.com/BCStudentSoftwareDevTeam/lsf/issues/143#issuecomment-1140064962
lsf,1140065047,bryantal,User,2020-06-10T14:23:59Z,2022-05-27T21:54:50Z,https://api.github.com/repos/BCStudentSoftwareDevTeam/lsf/issues/149,https://github.com/BCStudentSoftwareDevTeam/lsf/issues/149#issuecomment-1140065047
lsf,1140063110,bryantal,User,2020-06-10T14:26:47Z,2022-05-27T21:50:15Z,https://api.github.com/repos/BCStudentSoftwareDevTeam/lsf/issues/47,https://github.com/BCStudentSoftwareDevTeam/lsf/issues/47#issuecomment-1140063110
lsf,1140064963,bryantal,User,2020-06-10T16:25:23Z,2022-05-27T21:54:33Z,https://api.github.com/repos/BCStudentSoftwareDevTeam/lsf/issues/143,https://github.com/BCStudentSoftwareDevTeam/lsf/issues/143#issuecomment-1140064963
lsf,1140064921,bryantal,User,2020-06-10T19:26:35Z,2022-05-27T21:54:27Z,https://api.github.com/repos/BCStudentSoftwareDevTeam/lsf/issues/141,https://github.com/BCStudentSoftwareDevTeam/lsf/issues/141#issuecomment-1140064921
lsf,1140065280,bryantal,User,2020-06-10T20:29:34Z,2022-05-27T21:55:23Z,https://api.github.com/repos/BCStudentSoftwareDevTeam/lsf/issues/161,https://github.com/BCStudentSoftwareDevTeam/lsf/issues/161#issuecomment-1140065280
lsf,1140065267,bryantal,User,2020-06-10T20:35:50Z,2022-05-27T21:55:21Z,https://api.github.com/repos/BCStudentSoftwareDevTeam/lsf/issues/160,https://github.com/BCStudentSoftwareDevTeam/lsf/issues/160#issuecomment-1140065267
lsf,1140065128,bryantal,User,2020-06-11T14:26:42Z,2022-05-27T21:55:03Z,https://api.github.com/repos/BCStudentSoftwareDevTeam/lsf/issues/154,https://github.com/BCStudentSoftwareDevTeam/lsf/issues/154#issuecomment-1140065128
lsf,1140065233,bryantal,User,2020-06-11T14:29:51Z,2022-05-27T21:55:16Z,https://api.github.com/repos/BCStudentSoftwareDevTeam/lsf/issues/158,https://github.com/BCStudentSoftwareDevTeam/lsf/issues/158#issuecomment-1140065233
lsf,1140065308,bryantal,User,2020-06-11T14:42:25Z,2022-05-27T21:55:28Z,https://api.github.com/repos/BCStudentSoftwareDevTeam/lsf/issues/163,https://github.com/BCStudentSoftwareDevTeam/lsf/issues/163#issuecomment-1140065308
lsf,1140064456,bryantal,User,2020-06-12T14:23:47Z,2022-05-27T21:53:26Z,https://api.github.com/repos/BCStudentSoftwareDevTeam/lsf/issues/118,https://github.com/BCStudentSoftwareDevTeam/lsf/issues/118#issuecomment-1140064456
lsf,1140065411,bryantal,User,2020-06-12T16:11:53Z,2022-05-27T21:55:38Z,https://api.github.com/repos/BCStudentSoftwareDevTeam/lsf/issues/167,https://github.com/BCStudentSoftwareDevTeam/lsf/issues/167#issuecomment-1140065411
lsf,1140065364,bryantal,User,2020-06-12T17:07:36Z,2022-05-27T21:55:36Z,https://api.github.com/repos/BCStudentSoftwareDevTeam/lsf/issues/166,https://github.com/BCStudentSoftwareDevTeam/lsf/issues/166#issuecomment-1140065364
lsf,1140065528,bryantal,User,2020-06-15T12:43:42Z,2022-05-27T21:55:43Z,https://api.github.com/repos/BCStudentSoftwareDevTeam/lsf/issues/169,https://github.com/BCStudentSoftwareDevTeam/lsf/issues/169#issuecomment-1140065528
lsf,1140065214,bryantal,User,2020-06-15T14:00:22Z,2022-05-27T21:55:14Z,https://api.github.com/repos/BCStudentSoftwareDevTeam/lsf/issues/157,https://github.com/BCStudentSoftwareDevTeam/lsf/issues/157#issuecomment-1140065214
lsf,1140065337,bryantal,User,2020-06-15T15:51:37Z,2022-05-27T21:55:33Z,https://api.github.com/repos/BCStudentSoftwareDevTeam/lsf/issues/165,https://github.com/BCStudentSoftwareDevTeam/lsf/issues/165#issuecomment-1140065337
lsf,1140065649,bryantal,User,2020-06-15T19:53:03Z,2022-05-27T21:55:48Z,https://api.github.com/repos/BCStudentSoftwareDevTeam/lsf/issues/171,https://github.com/BCStudentSoftwareDevTeam/lsf/issues/171#issuecomment-1140065649
lsf,1140065591,bryantal,User,2020-06-15T20:15:24Z,2022-05-27T21:55:46Z,https://api.github.com/repos/BCStudentSoftwareDevTeam/lsf/issues/170,https://github.com/BCStudentSoftwareDevTeam/lsf/issues/170#issuecomment-1140065591
lsf,1140065288,bryantal,User,2020-06-16T14:01:42Z,2022-05-27T21:55:25Z,https://api.github.com/repos/BCStudentSoftwareDevTeam/lsf/issues/162,https://github.com/BCStudentSoftwareDevTeam/lsf/issues/162#issuecomment-1140065288
lsf,1140065089,bryantal,User,2020-06-16T14:04:12Z,2022-05-27T21:54:57Z,https://api.github.com/repos/BCStudentSoftwareDevTeam/lsf/issues/152,https://github.com/BCStudentSoftwareDevTeam/lsf/issues/152#issuecomment-1140065089
lsf,1140065289,bryantal,User,2020-06-16T14:16:35Z,2022-05-27T21:55:26Z,https://api.github.com/repos/BCStudentSoftwareDevTeam/lsf/issues/162,https://github.com/BCStudentSoftwareDevTeam/lsf/issues/162#issuecomment-1140065289
lsf,1140065458,bryantal,User,2020-06-16T14:39:01Z,2022-05-27T21:55:40Z,https://api.github.com/repos/BCStudentSoftwareDevTeam/lsf/issues/168,https://github.com/BCStudentSoftwareDevTeam/lsf/issues/168#issuecomment-1140065458
lsf,1140064935,bryantal,User,2020-06-16T15:49:11Z,2022-05-27T21:54:29Z,https://api.github.com/repos/BCStudentSoftwareDevTeam/lsf/issues/142,https://github.com/BCStudentSoftwareDevTeam/lsf/issues/142#issuecomment-1140064935
lsf,1140065651,bryantal,User,2020-06-16T15:50:20Z,2022-05-27T21:55:48Z,https://api.github.com/repos/BCStudentSoftwareDevTeam/lsf/issues/171,https://github.com/BCStudentSoftwareDevTeam/lsf/issues/171#issuecomment-1140065651
lsf,1140065340,bryantal,User,2020-06-16T15:51:01Z,2022-05-27T21:55:34Z,https://api.github.com/repos/BCStudentSoftwareDevTeam/lsf/issues/165,https://github.com/BCStudentSoftwareDevTeam/lsf/issues/165#issuecomment-1140065340
lsf,1140065532,bryantal,User,2020-06-16T15:53:33Z,2022-05-27T21:55:44Z,https://api.github.com/repos/BCStudentSoftwareDevTeam/lsf/issues/169,https://github.com/BCStudentSoftwareDevTeam/lsf/issues/169#issuecomment-1140065532
lsf,1140065594,bryantal,User,2020-06-16T15:54:16Z,2022-05-27T21:55:46Z,https://api.github.com/repos/BCStudentSoftwareDevTeam/lsf/issues/170,https://github.com/BCStudentSoftwareDevTeam/lsf/issues/170#issuecomment-1140065594
lsf,1140065415,bryantal,User,2020-06-16T15:58:22Z,2022-05-27T21:55:38Z,https://api.github.com/repos/BCStudentSoftwareDevTeam/lsf/issues/167,https://github.com/BCStudentSoftwareDevTeam/lsf/issues/167#issuecomment-1140065415
lsf,1140065291,bryantal,User,2020-06-16T22:25:44Z,2022-05-27T21:55:26Z,https://api.github.com/repos/BCStudentSoftwareDevTeam/lsf/issues/162,https://github.com/BCStudentSoftwareDevTeam/lsf/issues/162#issuecomment-1140065291
lsf,1140065292,bryantal,User,2020-06-16T22:26:13Z,2022-05-27T21:55:26Z,https://api.github.com/repos/BCStudentSoftwareDevTeam/lsf/issues/162,https://github.com/BCStudentSoftwareDevTeam/lsf/issues/162#issuecomment-1140065292
lsf,1140064644,bryantal,User,2020-06-18T12:33:45Z,2022-05-27T21:53:53Z,https://api.github.com/repos/BCStudentSoftwareDevTeam/lsf/issues/128,https://github.com/BCStudentSoftwareDevTeam/lsf/issues/128#issuecomment-1140064644
lsf,1140065111,bryantal,User,2020-06-18T12:35:02Z,2022-05-27T21:55:00Z,https://api.github.com/repos/BCStudentSoftwareDevTeam/lsf/issues/153,https://github.com/BCStudentSoftwareDevTeam/lsf/issues/153#issuecomment-1140065111
lsf,1140065092,bryantal,User,2020-06-19T15:04:32Z,2022-05-27T21:54:57Z,https://api.github.com/repos/BCStudentSoftwareDevTeam/lsf/issues/152,https://github.com/BCStudentSoftwareDevTeam/lsf/issues/152#issuecomment-1140065092
lsf,1140064604,bryantal,User,2020-06-23T18:33:36Z,2022-05-27T21:53:48Z,https://api.github.com/repos/BCStudentSoftwareDevTeam/lsf/issues/126,https://github.com/BCStudentSoftwareDevTeam/lsf/issues/126#issuecomment-1140064604
lsf,1140065823,bryantal,User,2020-06-24T17:40:24Z,2022-05-27T21:55:58Z,https://api.github.com/repos/BCStudentSoftwareDevTeam/lsf/issues/174,https://github.com/BCStudentSoftwareDevTeam/lsf/issues/174#issuecomment-1140065823
lsf,1140065902,bryantal,User,2020-06-24T20:21:47Z,2022-05-27T21:56:08Z,https://api.github.com/repos/BCStudentSoftwareDevTeam/lsf/issues/178,https://github.com/BCStudentSoftwareDevTeam/lsf/issues/178#issuecomment-1140065902
lsf,1140065904,bryantal,User,2020-06-25T14:09:28Z,2022-05-27T21:56:08Z,https://api.github.com/repos/BCStudentSoftwareDevTeam/lsf/issues/178,https://github.com/BCStudentSoftwareDevTeam/lsf/issues/178#issuecomment-1140065904
lsf,1140065883,bryantal,User,2020-06-25T14:10:04Z,2022-05-27T21:56:05Z,https://api.github.com/repos/BCStudentSoftwareDevTeam/lsf/issues/177,https://github.com/BCStudentSoftwareDevTeam/lsf/issues/177#issuecomment-1140065883
lsf,1140065885,bryantal,User,2020-06-25T20:57:23Z,2022-05-27T21:56:06Z,https://api.github.com/repos/BCStudentSoftwareDevTeam/lsf/issues/177,https://github.com/BCStudentSoftwareDevTeam/lsf/issues/177#issuecomment-1140065885
lsf,1140065969,bryantal,User,2020-06-26T20:30:29Z,2022-05-27T21:56:18Z,https://api.github.com/repos/BCStudentSoftwareDevTeam/lsf/issues/182,https://github.com/BCStudentSoftwareDevTeam/lsf/issues/182#issuecomment-1140065969
lsf,1140066033,bryantal,User,2020-06-29T20:28:21Z,2022-05-27T21:56:27Z,https://api.github.com/repos/BCStudentSoftwareDevTeam/lsf/issues/185,https://github.com/BCStudentSoftwareDevTeam/lsf/issues/185#issuecomment-1140066033
lsf,1140066035,bryantal,User,2020-06-30T12:13:06Z,2022-05-27T21:56:27Z,https://api.github.com/repos/BCStudentSoftwareDevTeam/lsf/issues/185,https://github.com/BCStudentSoftwareDevTeam/lsf/issues/185#issuecomment-1140066035
lsf,1140064339,bryantal,User,2020-06-30T12:41:29Z,2022-05-27T21:53:10Z,https://api.github.com/repos/BCStudentSoftwareDevTeam/lsf/issues/112,https://github.com/BCStudentSoftwareDevTeam/lsf/issues/112#issuecomment-1140064339
lsf,1140064936,bryantal,User,2020-06-30T12:41:32Z,2022-05-27T21:54:30Z,https://api.github.com/repos/BCStudentSoftwareDevTeam/lsf/issues/142,https://github.com/BCStudentSoftwareDevTeam/lsf/issues/142#issuecomment-1140064936
lsf,1140064937,bryantal,User,2020-06-30T16:02:15Z,2022-05-27T21:54:30Z,https://api.github.com/repos/BCStudentSoftwareDevTeam/lsf/issues/142,https://github.com/BCStudentSoftwareDevTeam/lsf/issues/142#issuecomment-1140064937
lsf,1140065928,bryantal,User,2020-06-30T16:03:25Z,2022-05-27T21:56:11Z,https://api.github.com/repos/BCStudentSoftwareDevTeam/lsf/issues/179,https://github.com/BCStudentSoftwareDevTeam/lsf/issues/179#issuecomment-1140065928
lsf,1140066051,bryantal,User,2020-06-30T17:23:01Z,2022-05-27T21:56:30Z,https://api.github.com/repos/BCStudentSoftwareDevTeam/lsf/issues/186,https://github.com/BCStudentSoftwareDevTeam/lsf/issues/186#issuecomment-1140066051
lsf,1140065741,bryantal,User,2020-06-30T20:52:21Z,2022-05-27T21:55:52Z,https://api.github.com/repos/BCStudentSoftwareDevTeam/lsf/issues/172,https://github.com/BCStudentSoftwareDevTeam/lsf/issues/172#issuecomment-1140065741
lsf,1140066063,bryantal,User,2020-07-01T19:51:54Z,2022-05-27T21:56:33Z,https://api.github.com/repos/BCStudentSoftwareDevTeam/lsf/issues/187,https://github.com/BCStudentSoftwareDevTeam/lsf/issues/187#issuecomment-1140066063
lsf,1140065824,bryantal,User,2020-07-01T19:58:38Z,2022-05-27T21:55:59Z,https://api.github.com/repos/BCStudentSoftwareDevTeam/lsf/issues/174,https://github.com/BCStudentSoftwareDevTeam/lsf/issues/174#issuecomment-1140065824
lsf,1140065929,bryantal,User,2020-07-01T20:02:26Z,2022-05-27T21:56:11Z,https://api.github.com/repos/BCStudentSoftwareDevTeam/lsf/issues/179,https://github.com/BCStudentSoftwareDevTeam/lsf/issues/179#issuecomment-1140065929
lsf,1140063689,bryantal,User,2020-07-02T20:08:28Z,2022-05-27T21:51:42Z,https://api.github.com/repos/BCStudentSoftwareDevTeam/lsf/issues/79,https://github.com/BCStudentSoftwareDevTeam/lsf/issues/79#issuecomment-1140063689
lsf,1140066079,bryantal,User,2020-07-02T21:30:12Z,2022-05-27T21:56:36Z,https://api.github.com/repos/BCStudentSoftwareDevTeam/lsf/issues/188,https://github.com/BCStudentSoftwareDevTeam/lsf/issues/188#issuecomment-1140066079
lsf,1140066064,bryantal,User,2020-07-06T12:33:16Z,2022-05-27T21:56:33Z,https://api.github.com/repos/BCStudentSoftwareDevTeam/lsf/issues/187,https://github.com/BCStudentSoftwareDevTeam/lsf/issues/187#issuecomment-1140066064
lsf,1140066081,bryantal,User,2020-07-08T12:24:46Z,2022-05-27T21:56:36Z,https://api.github.com/repos/BCStudentSoftwareDevTeam/lsf/issues/188,https://github.com/BCStudentSoftwareDevTeam/lsf/issues/188#issuecomment-1140066081
lsf,1140066097,bryantal,User,2020-07-08T12:25:37Z,2022-05-27T21:56:38Z,https://api.github.com/repos/BCStudentSoftwareDevTeam/lsf/issues/189,https://github.com/BCStudentSoftwareDevTeam/lsf/issues/189#issuecomment-1140066097
lsf,1140066098,bryantal,User,2020-07-08T17:20:09Z,2022-05-27T21:56:38Z,https://api.github.com/repos/BCStudentSoftwareDevTeam/lsf/issues/189,https://github.com/BCStudentSoftwareDevTeam/lsf/issues/189#issuecomment-1140066098
lsf,1140066190,bryantal,User,2020-07-08T18:28:51Z,2022-05-27T21:56:49Z,https://api.github.com/repos/BCStudentSoftwareDevTeam/lsf/issues/193,https://github.com/BCStudentSoftwareDevTeam/lsf/issues/193#issuecomment-1140066190
lsf,1140066192,bryantal,User,2020-07-08T18:34:58Z,2022-05-27T21:56:49Z,https://api.github.com/repos/BCStudentSoftwareDevTeam/lsf/issues/193,https://github.com/BCStudentSoftwareDevTeam/lsf/issues/193#issuecomment-1140066192
lsf,1140066203,bryantal,User,2020-07-08T19:14:10Z,2022-05-27T21:56:51Z,https://api.github.com/repos/BCStudentSoftwareDevTeam/lsf/issues/194,https://github.com/BCStudentSoftwareDevTeam/lsf/issues/194#issuecomment-1140066203
lsf,1140066220,bryantal,User,2020-07-08T19:29:36Z,2022-05-27T21:56:54Z,https://api.github.com/repos/BCStudentSoftwareDevTeam/lsf/issues/195,https://github.com/BCStudentSoftwareDevTeam/lsf/issues/195#issuecomment-1140066220
lsf,1140066242,bryantal,User,2020-07-08T20:31:13Z,2022-05-27T21:56:56Z,https://api.github.com/repos/BCStudentSoftwareDevTeam/lsf/issues/196,https://github.com/BCStudentSoftwareDevTeam/lsf/issues/196#issuecomment-1140066242
lsf,1140065989,bryantal,User,2020-07-09T13:03:29Z,2022-05-27T21:56:21Z,https://api.github.com/repos/BCStudentSoftwareDevTeam/lsf/issues/183,https://github.com/BCStudentSoftwareDevTeam/lsf/issues/183#issuecomment-1140065989
lsf,1140065865,bryantal,User,2020-07-09T14:53:09Z,2022-05-27T21:56:03Z,https://api.github.com/repos/BCStudentSoftwareDevTeam/lsf/issues/176,https://github.com/BCStudentSoftwareDevTeam/lsf/issues/176#issuecomment-1140065865
lsf,1140066121,bryantal,User,2020-07-09T14:53:31Z,2022-05-27T21:56:40Z,https://api.github.com/repos/BCStudentSoftwareDevTeam/lsf/issues/190,https://github.com/BCStudentSoftwareDevTeam/lsf/issues/190#issuecomment-1140066121
lsf,1140066222,bryantal,User,2020-07-09T16:03:21Z,2022-05-27T21:56:54Z,https://api.github.com/repos/BCStudentSoftwareDevTeam/lsf/issues/195,https://github.com/BCStudentSoftwareDevTeam/lsf/issues/195#issuecomment-1140066222
lsf,1140066244,bryantal,User,2020-07-09T16:04:55Z,2022-05-27T21:56:56Z,https://api.github.com/repos/BCStudentSoftwareDevTeam/lsf/issues/196,https://github.com/BCStudentSoftwareDevTeam/lsf/issues/196#issuecomment-1140066244
lsf,1140066207,bryantal,User,2020-07-09T16:05:12Z,2022-05-27T21:56:51Z,https://api.github.com/repos/BCStudentSoftwareDevTeam/lsf/issues/194,https://github.com/BCStudentSoftwareDevTeam/lsf/issues/194#issuecomment-1140066207
lsf,1140066082,bryantal,User,2020-07-09T16:05:38Z,2022-05-27T21:56:36Z,https://api.github.com/repos/BCStudentSoftwareDevTeam/lsf/issues/188,https://github.com/BCStudentSoftwareDevTeam/lsf/issues/188#issuecomment-1140066082
lsf,1140066225,bryantal,User,2020-07-10T12:13:10Z,2022-05-27T21:56:54Z,https://api.github.com/repos/BCStudentSoftwareDevTeam/lsf/issues/195,https://github.com/BCStudentSoftwareDevTeam/lsf/issues/195#issuecomment-1140066225
lsf,1140066395,bryantal,User,2020-07-10T12:32:34Z,2022-05-27T21:57:13Z,https://api.github.com/repos/BCStudentSoftwareDevTeam/lsf/issues/202,https://github.com/BCStudentSoftwareDevTeam/lsf/issues/202#issuecomment-1140066395
lsf,1140066332,bryantal,User,2020-07-10T16:52:50Z,2022-05-27T21:57:05Z,https://api.github.com/repos/BCStudentSoftwareDevTeam/lsf/issues/199,https://github.com/BCStudentSoftwareDevTeam/lsf/issues/199#issuecomment-1140066332
lsf,1140066418,bryantal,User,2020-07-10T16:53:40Z,2022-05-27T21:57:16Z,https://api.github.com/repos/BCStudentSoftwareDevTeam/lsf/issues/203,https://github.com/BCStudentSoftwareDevTeam/lsf/issues/203#issuecomment-1140066418
lsf,1140066453,bryantal,User,2020-07-13T18:22:07Z,2022-05-27T21:57:22Z,https://api.github.com/repos/BCStudentSoftwareDevTeam/lsf/issues/205,https://github.com/BCStudentSoftwareDevTeam/lsf/issues/205#issuecomment-1140066453
lsf,1140066164,bryantal,User,2020-07-13T18:51:50Z,2022-05-27T21:56:46Z,https://api.github.com/repos/BCStudentSoftwareDevTeam/lsf/issues/192,https://github.com/BCStudentSoftwareDevTeam/lsf/issues/192#issuecomment-1140066164
lsf,1140066510,bryantal,User,2020-07-13T19:55:51Z,2022-05-27T21:57:31Z,https://api.github.com/repos/BCStudentSoftwareDevTeam/lsf/issues/208,https://github.com/BCStudentSoftwareDevTeam/lsf/issues/208#issuecomment-1140066510
lsf,1140066265,bryantal,User,2020-07-14T14:32:32Z,2022-05-27T21:56:59Z,https://api.github.com/repos/BCStudentSoftwareDevTeam/lsf/issues/197,https://github.com/BCStudentSoftwareDevTeam/lsf/issues/197#issuecomment-1140066265
lsf,1140066166,bryantal,User,2020-07-14T15:17:37Z,2022-05-27T21:56:46Z,https://api.github.com/repos/BCStudentSoftwareDevTeam/lsf/issues/192,https://github.com/BCStudentSoftwareDevTeam/lsf/issues/192#issuecomment-1140066166
lsf,1140066512,bryantal,User,2020-07-14T15:18:03Z,2022-05-27T21:57:31Z,https://api.github.com/repos/BCStudentSoftwareDevTeam/lsf/issues/208,https://github.com/BCStudentSoftwareDevTeam/lsf/issues/208#issuecomment-1140066512
lsf,1140066471,bryantal,User,2020-07-14T15:24:16Z,2022-05-27T21:57:24Z,https://api.github.com/repos/BCStudentSoftwareDevTeam/lsf/issues/206,https://github.com/BCStudentSoftwareDevTeam/lsf/issues/206#issuecomment-1140066471
lsf,1140065795,bryantal,User,2020-07-14T15:25:44Z,2022-05-27T21:55:55Z,https://api.github.com/repos/BCStudentSoftwareDevTeam/lsf/issues/173,https://github.com/BCStudentSoftwareDevTeam/lsf/issues/173#issuecomment-1140065795
lsf,1140066438,bryantal,User,2020-07-14T18:41:15Z,2022-05-27T21:57:19Z,https://api.github.com/repos/BCStudentSoftwareDevTeam/lsf/issues/204,https://github.com/BCStudentSoftwareDevTeam/lsf/issues/204#issuecomment-1140066438
lsf,1140066008,bryantal,User,2020-07-14T18:43:04Z,2022-05-27T21:56:24Z,https://api.github.com/repos/BCStudentSoftwareDevTeam/lsf/issues/184,https://github.com/BCStudentSoftwareDevTeam/lsf/issues/184#issuecomment-1140066008
lsf,1140066484,bryantal,User,2020-07-14T19:08:50Z,2022-05-27T21:57:26Z,https://api.github.com/repos/BCStudentSoftwareDevTeam/lsf/issues/207,https://github.com/BCStudentSoftwareDevTeam/lsf/issues/207#issuecomment-1140066484
lsf,1140066349,bryantal,User,2020-07-14T19:26:25Z,2022-05-27T21:57:07Z,https://api.github.com/repos/BCStudentSoftwareDevTeam/lsf/issues/200,https://github.com/BCStudentSoftwareDevTeam/lsf/issues/200#issuecomment-1140066349
lsf,1140066351,bryantal,User,2020-07-14T19:28:48Z,2022-05-27T21:57:07Z,https://api.github.com/repos/BCStudentSoftwareDevTeam/lsf/issues/200,https://github.com/BCStudentSoftwareDevTeam/lsf/issues/200#issuecomment-1140066351
lsf,1140066522,bryantal,User,2020-07-14T20:07:17Z,2022-05-27T21:57:32Z,https://api.github.com/repos/BCStudentSoftwareDevTeam/lsf/issues/209,https://github.com/BCStudentSoftwareDevTeam/lsf/issues/209#issuecomment-1140066522
lsf,1140066485,bryantal,User,2020-07-15T12:29:01Z,2022-05-27T21:57:26Z,https://api.github.com/repos/BCStudentSoftwareDevTeam/lsf/issues/207,https://github.com/BCStudentSoftwareDevTeam/lsf/issues/207#issuecomment-1140066485
lsf,1140066009,bryantal,User,2020-07-15T12:29:15Z,2022-05-27T21:56:24Z,https://api.github.com/repos/BCStudentSoftwareDevTeam/lsf/issues/184,https://github.com/BCStudentSoftwareDevTeam/lsf/issues/184#issuecomment-1140066009
lsf,1140066167,bryantal,User,2020-07-15T12:29:44Z,2022-05-27T21:56:46Z,https://api.github.com/repos/BCStudentSoftwareDevTeam/lsf/issues/192,https://github.com/BCStudentSoftwareDevTeam/lsf/issues/192#issuecomment-1140066167
lsf,1140066584,bryantal,User,2020-07-15T17:21:01Z,2022-05-27T21:57:40Z,https://api.github.com/repos/BCStudentSoftwareDevTeam/lsf/issues/212,https://github.com/BCStudentSoftwareDevTeam/lsf/issues/212#issuecomment-1140066584
lsf,1140066537,bryantal,User,2020-07-15T17:49:34Z,2022-05-27T21:57:35Z,https://api.github.com/repos/BCStudentSoftwareDevTeam/lsf/issues/210,https://github.com/BCStudentSoftwareDevTeam/lsf/issues/210#issuecomment-1140066537
lsf,1140066374,bryantal,User,2020-07-15T19:19:26Z,2022-05-27T21:57:10Z,https://api.github.com/repos/BCStudentSoftwareDevTeam/lsf/issues/201,https://github.com/BCStudentSoftwareDevTeam/lsf/issues/201#issuecomment-1140066374
lsf,1140066558,bryantal,User,2020-07-15T20:15:21Z,2022-05-27T21:57:37Z,https://api.github.com/repos/BCStudentSoftwareDevTeam/lsf/issues/211,https://github.com/BCStudentSoftwareDevTeam/lsf/issues/211#issuecomment-1140066558
lsf,1140066538,bryantal,User,2020-07-15T20:26:30Z,2022-05-27T21:57:35Z,https://api.github.com/repos/BCStudentSoftwareDevTeam/lsf/issues/210,https://github.com/BCStudentSoftwareDevTeam/lsf/issues/210#issuecomment-1140066538
lsf,1140066641,bryantal,User,2020-07-16T12:59:35Z,2022-05-27T21:57:50Z,https://api.github.com/repos/BCStudentSoftwareDevTeam/lsf/issues/216,https://github.com/BCStudentSoftwareDevTeam/lsf/issues/216#issuecomment-1140066641
lsf,1140066642,bryantal,User,2020-07-16T13:09:33Z,2022-05-27T21:57:50Z,https://api.github.com/repos/BCStudentSoftwareDevTeam/lsf/issues/216,https://github.com/BCStudentSoftwareDevTeam/lsf/issues/216#issuecomment-1140066642
lsf,1140066560,bryantal,User,2020-07-16T13:10:13Z,2022-05-27T21:57:37Z,https://api.github.com/repos/BCStudentSoftwareDevTeam/lsf/issues/211,https://github.com/BCStudentSoftwareDevTeam/lsf/issues/211#issuecomment-1140066560
lsf,1140066585,bryantal,User,2020-07-16T13:10:39Z,2022-05-27T21:57:40Z,https://api.github.com/repos/BCStudentSoftwareDevTeam/lsf/issues/212,https://github.com/BCStudentSoftwareDevTeam/lsf/issues/212#issuecomment-1140066585
lsf,1140066615,bryantal,User,2020-07-16T14:08:25Z,2022-05-27T21:57:45Z,https://api.github.com/repos/BCStudentSoftwareDevTeam/lsf/issues/214,https://github.com/BCStudentSoftwareDevTeam/lsf/issues/214#issuecomment-1140066615
lsf,1140066616,bryantal,User,2020-07-16T14:34:21Z,2022-05-27T21:57:45Z,https://api.github.com/repos/BCStudentSoftwareDevTeam/lsf/issues/214,https://github.com/BCStudentSoftwareDevTeam/lsf/issues/214#issuecomment-1140066616
lsf,1140066661,bryantal,User,2020-07-16T15:17:23Z,2022-05-27T21:57:52Z,https://api.github.com/repos/BCStudentSoftwareDevTeam/lsf/issues/217,https://github.com/BCStudentSoftwareDevTeam/lsf/issues/217#issuecomment-1140066661
lsf,1140065971,bryantal,User,2020-07-16T15:41:31Z,2022-05-27T21:56:18Z,https://api.github.com/repos/BCStudentSoftwareDevTeam/lsf/issues/182,https://github.com/BCStudentSoftwareDevTeam/lsf/issues/182#issuecomment-1140065971
lsf,1140066678,bryantal,User,2020-07-16T17:26:33Z,2022-05-27T21:57:55Z,https://api.github.com/repos/BCStudentSoftwareDevTeam/lsf/issues/218,https://github.com/BCStudentSoftwareDevTeam/lsf/issues/218#issuecomment-1140066678
lsf,1140066696,bryantal,User,2020-07-16T19:34:19Z,2022-05-27T21:57:57Z,https://api.github.com/repos/BCStudentSoftwareDevTeam/lsf/issues/219,https://github.com/BCStudentSoftwareDevTeam/lsf/issues/219#issuecomment-1140066696
lsf,1140066420,bryantal,User,2020-07-16T21:07:35Z,2022-05-27T21:57:16Z,https://api.github.com/repos/BCStudentSoftwareDevTeam/lsf/issues/203,https://github.com/BCStudentSoftwareDevTeam/lsf/issues/203#issuecomment-1140066420
lsf,1140066289,bryantal,User,2020-07-17T14:58:59Z,2022-05-27T21:57:01Z,https://api.github.com/repos/BCStudentSoftwareDevTeam/lsf/issues/198,https://github.com/BCStudentSoftwareDevTeam/lsf/issues/198#issuecomment-1140066289
lsf,1140066662,bryantal,User,2020-07-17T15:30:26Z,2022-05-27T21:57:52Z,https://api.github.com/repos/BCStudentSoftwareDevTeam/lsf/issues/217,https://github.com/BCStudentSoftwareDevTeam/lsf/issues/217#issuecomment-1140066662
lsf,1140066698,bryantal,User,2020-07-17T15:30:39Z,2022-05-27T21:57:57Z,https://api.github.com/repos/BCStudentSoftwareDevTeam/lsf/issues/219,https://github.com/BCStudentSoftwareDevTeam/lsf/issues/219#issuecomment-1140066698
lsf,1140066685,bryantal,User,2020-07-17T16:02:24Z,2022-05-27T21:57:55Z,https://api.github.com/repos/BCStudentSoftwareDevTeam/lsf/issues/218,https://github.com/BCStudentSoftwareDevTeam/lsf/issues/218#issuecomment-1140066685
lsf,1140066294,bryantal,User,2020-07-17T16:58:36Z,2022-05-27T21:57:01Z,https://api.github.com/repos/BCStudentSoftwareDevTeam/lsf/issues/198,https://github.com/BCStudentSoftwareDevTeam/lsf/issues/198#issuecomment-1140066294
lsf,1140066296,bryantal,User,2020-07-17T16:59:21Z,2022-05-27T21:57:01Z,https://api.github.com/repos/BCStudentSoftwareDevTeam/lsf/issues/198,https://github.com/BCStudentSoftwareDevTeam/lsf/issues/198#issuecomment-1140066296
lsf,1140066302,bryantal,User,2020-07-17T17:14:40Z,2022-05-27T21:57:01Z,https://api.github.com/repos/BCStudentSoftwareDevTeam/lsf/issues/198,https://github.com/BCStudentSoftwareDevTeam/lsf/issues/198#issuecomment-1140066302
lsf,1140066137,bryantal,User,2020-07-21T12:14:27Z,2022-05-27T21:56:43Z,https://api.github.com/repos/BCStudentSoftwareDevTeam/lsf/issues/191,https://github.com/BCStudentSoftwareDevTeam/lsf/issues/191#issuecomment-1140066137
lsf,1140066749,bryantal,User,2020-07-21T18:10:42Z,2022-05-27T21:58:06Z,https://api.github.com/repos/BCStudentSoftwareDevTeam/lsf/issues/223,https://github.com/BCStudentSoftwareDevTeam/lsf/issues/223#issuecomment-1140066749
lsf,1140066841,bryantal,User,2020-07-22T21:21:06Z,2022-05-27T21:58:17Z,https://api.github.com/repos/BCStudentSoftwareDevTeam/lsf/issues/227,https://github.com/BCStudentSoftwareDevTeam/lsf/issues/227#issuecomment-1140066841
lsf,1140066767,bryantal,User,2020-07-23T12:40:40Z,2022-05-27T21:58:09Z,https://api.github.com/repos/BCStudentSoftwareDevTeam/lsf/issues/224,https://github.com/BCStudentSoftwareDevTeam/lsf/issues/224#issuecomment-1140066767
lsf,1140066855,bryantal,User,2020-07-23T12:48:47Z,2022-05-27T21:58:19Z,https://api.github.com/repos/BCStudentSoftwareDevTeam/lsf/issues/228,https://github.com/BCStudentSoftwareDevTeam/lsf/issues/228#issuecomment-1140066855
lsf,1140066843,bryantal,User,2020-07-23T13:09:28Z,2022-05-27T21:58:17Z,https://api.github.com/repos/BCStudentSoftwareDevTeam/lsf/issues/227,https://github.com/BCStudentSoftwareDevTeam/lsf/issues/227#issuecomment-1140066843
lsf,1140066924,bryantal,User,2020-07-23T15:08:08Z,2022-05-27T21:58:29Z,https://api.github.com/repos/BCStudentSoftwareDevTeam/lsf/issues/232,https://github.com/BCStudentSoftwareDevTeam/lsf/issues/232#issuecomment-1140066924
lsf,1140066891,bryantal,User,2020-07-23T15:17:38Z,2022-05-27T21:58:25Z,https://api.github.com/repos/BCStudentSoftwareDevTeam/lsf/issues/230,https://github.com/BCStudentSoftwareDevTeam/lsf/issues/230#issuecomment-1140066891
lsf,1140066311,bryantal,User,2020-07-23T16:57:42Z,2022-05-27T21:57:02Z,https://api.github.com/repos/BCStudentSoftwareDevTeam/lsf/issues/198,https://github.com/BCStudentSoftwareDevTeam/lsf/issues/198#issuecomment-1140066311
lsf,1140066737,bryantal,User,2020-07-23T16:58:51Z,2022-05-27T21:58:05Z,https://api.github.com/repos/BCStudentSoftwareDevTeam/lsf/issues/222,https://github.com/BCStudentSoftwareDevTeam/lsf/issues/222#issuecomment-1140066737
lsf,1140066857,bryantal,User,2020-07-24T15:32:04Z,2022-05-27T21:58:19Z,https://api.github.com/repos/BCStudentSoftwareDevTeam/lsf/issues/228,https://github.com/BCStudentSoftwareDevTeam/lsf/issues/228#issuecomment-1140066857
lsf,1140066949,bryantal,User,2020-07-24T15:52:20Z,2022-05-27T21:58:31Z,https://api.github.com/repos/BCStudentSoftwareDevTeam/lsf/issues/233,https://github.com/BCStudentSoftwareDevTeam/lsf/issues/233#issuecomment-1140066949
lsf,1140066983,bryantal,User,2020-07-27T12:33:12Z,2022-05-27T21:58:36Z,https://api.github.com/repos/BCStudentSoftwareDevTeam/lsf/issues/235,https://github.com/BCStudentSoftwareDevTeam/lsf/issues/235#issuecomment-1140066983
lsf,1140066871,bryantal,User,2020-07-28T18:22:12Z,2022-05-27T21:58:22Z,https://api.github.com/repos/BCStudentSoftwareDevTeam/lsf/issues/229,https://github.com/BCStudentSoftwareDevTeam/lsf/issues/229#issuecomment-1140066871
lsf,1140066952,bryantal,User,2020-07-28T21:21:50Z,2022-05-27T21:58:31Z,https://api.github.com/repos/BCStudentSoftwareDevTeam/lsf/issues/233,https://github.com/BCStudentSoftwareDevTeam/lsf/issues/233#issuecomment-1140066952
lsf,1140066812,bryantal,User,2020-07-29T21:33:31Z,2022-05-27T21:58:14Z,https://api.github.com/repos/BCStudentSoftwareDevTeam/lsf/issues/226,https://github.com/BCStudentSoftwareDevTeam/lsf/issues/226#issuecomment-1140066812
lsf,1140066912,bryantal,User,2020-07-30T12:39:00Z,2022-05-27T21:58:27Z,https://api.github.com/repos/BCStudentSoftwareDevTeam/lsf/issues/231,https://github.com/BCStudentSoftwareDevTeam/lsf/issues/231#issuecomment-1140066912
lsf,1140066710,bryantal,User,2020-07-30T12:39:42Z,2022-05-27T21:57:59Z,https://api.github.com/repos/BCStudentSoftwareDevTeam/lsf/issues/220,https://github.com/BCStudentSoftwareDevTeam/lsf/issues/220#issuecomment-1140066710
lsf,1140067018,bryantal,User,2020-07-30T19:37:06Z,2022-05-27T21:58:41Z,https://api.github.com/repos/BCStudentSoftwareDevTeam/lsf/issues/237,https://github.com/BCStudentSoftwareDevTeam/lsf/issues/237#issuecomment-1140067018
lsf,1140067038,bryantal,User,2020-07-31T20:52:06Z,2022-05-27T21:58:43Z,https://api.github.com/repos/BCStudentSoftwareDevTeam/lsf/issues/238,https://github.com/BCStudentSoftwareDevTeam/lsf/issues/238#issuecomment-1140067038
lsf,1140066602,bryantal,User,2020-08-03T17:50:22Z,2022-05-27T21:57:42Z,https://api.github.com/repos/BCStudentSoftwareDevTeam/lsf/issues/213,https://github.com/BCStudentSoftwareDevTeam/lsf/issues/213#issuecomment-1140066602
lsf,1140067059,bryantal,User,2020-08-05T18:33:53Z,2022-05-27T21:58:46Z,https://api.github.com/repos/BCStudentSoftwareDevTeam/lsf/issues/239,https://github.com/BCStudentSoftwareDevTeam/lsf/issues/239#issuecomment-1140067059
lsf,1140067073,bryantal,User,2020-08-17T14:33:29Z,2022-05-27T21:58:49Z,https://api.github.com/repos/BCStudentSoftwareDevTeam/lsf/issues/240,https://github.com/BCStudentSoftwareDevTeam/lsf/issues/240#issuecomment-1140067073
lsf,1140067115,bryantal,User,2020-08-18T19:26:38Z,2022-05-27T21:58:54Z,https://api.github.com/repos/BCStudentSoftwareDevTeam/lsf/issues/242,https://github.com/BCStudentSoftwareDevTeam/lsf/issues/242#issuecomment-1140067115
lsf,1140067120,bryantal,User,2020-08-18T19:38:21Z,2022-05-27T21:58:54Z,https://api.github.com/repos/BCStudentSoftwareDevTeam/lsf/issues/242,https://github.com/BCStudentSoftwareDevTeam/lsf/issues/242#issuecomment-1140067120
lsf,1140067041,bryantal,User,2020-08-19T14:20:53Z,2022-05-27T21:58:44Z,https://api.github.com/repos/BCStudentSoftwareDevTeam/lsf/issues/238,https://github.com/BCStudentSoftwareDevTeam/lsf/issues/238#issuecomment-1140067041
lsf,1140067144,bryantal,User,2020-08-19T15:51:36Z,2022-05-27T21:58:57Z,https://api.github.com/repos/BCStudentSoftwareDevTeam/lsf/issues/243,https://github.com/BCStudentSoftwareDevTeam/lsf/issues/243#issuecomment-1140067144
lsf,1140066969,bryantal,User,2020-08-19T16:21:00Z,2022-05-27T21:58:34Z,https://api.github.com/repos/BCStudentSoftwareDevTeam/lsf/issues/234,https://github.com/BCStudentSoftwareDevTeam/lsf/issues/234#issuecomment-1140066969
lsf,1140067121,bryantal,User,2020-08-19T16:35:20Z,2022-05-27T21:58:54Z,https://api.github.com/repos/BCStudentSoftwareDevTeam/lsf/issues/242,https://github.com/BCStudentSoftwareDevTeam/lsf/issues/242#issuecomment-1140067121
lsf,1140067122,bryantal,User,2020-08-19T18:42:52Z,2022-05-27T21:58:54Z,https://api.github.com/repos/BCStudentSoftwareDevTeam/lsf/issues/242,https://github.com/BCStudentSoftwareDevTeam/lsf/issues/242#issuecomment-1140067122
lsf,1140066970,bryantal,User,2020-08-21T00:50:18Z,2022-05-27T21:58:34Z,https://api.github.com/repos/BCStudentSoftwareDevTeam/lsf/issues/234,https://github.com/BCStudentSoftwareDevTeam/lsf/issues/234#issuecomment-1140066970
lsf,1140067146,bryantal,User,2020-08-21T00:50:30Z,2022-05-27T21:58:57Z,https://api.github.com/repos/BCStudentSoftwareDevTeam/lsf/issues/243,https://github.com/BCStudentSoftwareDevTeam/lsf/issues/243#issuecomment-1140067146
lsf,1140067042,bryantal,User,2020-08-21T00:50:43Z,2022-05-27T21:58:44Z,https://api.github.com/repos/BCStudentSoftwareDevTeam/lsf/issues/238,https://github.com/BCStudentSoftwareDevTeam/lsf/issues/238#issuecomment-1140067042
lsf,1140067075,bryantal,User,2020-08-21T00:50:59Z,2022-05-27T21:58:49Z,https://api.github.com/repos/BCStudentSoftwareDevTeam/lsf/issues/240,https://github.com/BCStudentSoftwareDevTeam/lsf/issues/240#issuecomment-1140067075
lsf,1140067123,bryantal,User,2020-08-21T02:37:05Z,2022-05-27T21:58:54Z,https://api.github.com/repos/BCStudentSoftwareDevTeam/lsf/issues/242,https://github.com/BCStudentSoftwareDevTeam/lsf/issues/242#issuecomment-1140067123
lsf,1140066721,bryantal,User,2020-08-24T14:26:10Z,2022-05-27T21:58:02Z,https://api.github.com/repos/BCStudentSoftwareDevTeam/lsf/issues/221,https://github.com/BCStudentSoftwareDevTeam/lsf/issues/221#issuecomment-1140066721
lsf,1140067307,bryantal,User,2020-08-24T15:35:38Z,2022-05-27T21:59:08Z,https://api.github.com/repos/BCStudentSoftwareDevTeam/lsf/issues/247,https://github.com/BCStudentSoftwareDevTeam/lsf/issues/247#issuecomment-1140067307
lsf,1140067165,bryantal,User,2020-08-24T16:12:50Z,2022-05-27T21:59:00Z,https://api.github.com/repos/BCStudentSoftwareDevTeam/lsf/issues/244,https://github.com/BCStudentSoftwareDevTeam/lsf/issues/244#issuecomment-1140067165
lsf,1140067310,bryantal,User,2020-08-24T16:58:13Z,2022-05-27T21:59:08Z,https://api.github.com/repos/BCStudentSoftwareDevTeam/lsf/issues/247,https://github.com/BCStudentSoftwareDevTeam/lsf/issues/247#issuecomment-1140067310
lsf,1140067167,bryantal,User,2020-08-26T13:43:57Z,2022-05-27T21:59:00Z,https://api.github.com/repos/BCStudentSoftwareDevTeam/lsf/issues/244,https://github.com/BCStudentSoftwareDevTeam/lsf/issues/244#issuecomment-1140067167
lsf,1140067315,bryantal,User,2020-08-26T14:02:35Z,2022-05-27T21:59:08Z,https://api.github.com/repos/BCStudentSoftwareDevTeam/lsf/issues/247,https://github.com/BCStudentSoftwareDevTeam/lsf/issues/247#issuecomment-1140067315
lsf,1140067093,bryantal,User,2020-08-26T15:25:09Z,2022-05-27T21:58:51Z,https://api.github.com/repos/BCStudentSoftwareDevTeam/lsf/issues/241,https://github.com/BCStudentSoftwareDevTeam/lsf/issues/241#issuecomment-1140067093
lsf,1140067320,bryantal,User,2020-08-28T13:47:49Z,2022-05-27T21:59:09Z,https://api.github.com/repos/BCStudentSoftwareDevTeam/lsf/issues/247,https://github.com/BCStudentSoftwareDevTeam/lsf/issues/247#issuecomment-1140067320
lsf,1140067322,bryantal,User,2020-08-28T13:58:36Z,2022-05-27T21:59:09Z,https://api.github.com/repos/BCStudentSoftwareDevTeam/lsf/issues/247,https://github.com/BCStudentSoftwareDevTeam/lsf/issues/247#issuecomment-1140067322
lsf,1140067487,bryantal,User,2020-08-28T14:43:57Z,2022-05-27T21:59:23Z,https://api.github.com/repos/BCStudentSoftwareDevTeam/lsf/issues/253,https://github.com/BCStudentSoftwareDevTeam/lsf/issues/253#issuecomment-1140067487
lsf,1140067490,bryantal,User,2020-08-28T14:46:29Z,2022-05-27T21:59:23Z,https://api.github.com/repos/BCStudentSoftwareDevTeam/lsf/issues/253,https://github.com/BCStudentSoftwareDevTeam/lsf/issues/253#issuecomment-1140067490
lsf,1140066722,bryantal,User,2020-08-29T23:58:34Z,2022-05-27T21:58:02Z,https://api.github.com/repos/BCStudentSoftwareDevTeam/lsf/issues/221,https://github.com/BCStudentSoftwareDevTeam/lsf/issues/221#issuecomment-1140066722
lsf,1140067325,bryantal,User,2020-08-31T14:20:04Z,2022-05-27T21:59:09Z,https://api.github.com/repos/BCStudentSoftwareDevTeam/lsf/issues/247,https://github.com/BCStudentSoftwareDevTeam/lsf/issues/247#issuecomment-1140067325
lsf,1140067097,bryantal,User,2020-08-31T14:20:38Z,2022-05-27T21:58:51Z,https://api.github.com/repos/BCStudentSoftwareDevTeam/lsf/issues/241,https://github.com/BCStudentSoftwareDevTeam/lsf/issues/241#issuecomment-1140067097
lsf,1140067202,bryantal,User,2020-08-31T15:23:56Z,2022-05-27T21:59:03Z,https://api.github.com/repos/BCStudentSoftwareDevTeam/lsf/issues/245,https://github.com/BCStudentSoftwareDevTeam/lsf/issues/245#issuecomment-1140067202
lsf,1140067534,bryantal,User,2020-08-31T15:52:51Z,2022-05-27T21:59:30Z,https://api.github.com/repos/BCStudentSoftwareDevTeam/lsf/issues/256,https://github.com/BCStudentSoftwareDevTeam/lsf/issues/256#issuecomment-1140067534
lsf,1140067535,bryantal,User,2020-08-31T15:55:36Z,2022-05-27T21:59:30Z,https://api.github.com/repos/BCStudentSoftwareDevTeam/lsf/issues/256,https://github.com/BCStudentSoftwareDevTeam/lsf/issues/256#issuecomment-1140067535
lsf,1140067412,bryantal,User,2020-08-31T15:57:15Z,2022-05-27T21:59:16Z,https://api.github.com/repos/BCStudentSoftwareDevTeam/lsf/issues/250,https://github.com/BCStudentSoftwareDevTeam/lsf/issues/250#issuecomment-1140067412
lsf,1140067453,bryantal,User,2020-08-31T16:22:33Z,2022-05-27T21:59:18Z,https://api.github.com/repos/BCStudentSoftwareDevTeam/lsf/issues/251,https://github.com/BCStudentSoftwareDevTeam/lsf/issues/251#issuecomment-1140067453
lsf,1140067414,bryantal,User,2020-08-31T16:30:12Z,2022-05-27T21:59:16Z,https://api.github.com/repos/BCStudentSoftwareDevTeam/lsf/issues/250,https://github.com/BCStudentSoftwareDevTeam/lsf/issues/250#issuecomment-1140067414
lsf,1140067537,bryantal,User,2020-08-31T16:54:56Z,2022-05-27T21:59:31Z,https://api.github.com/repos/BCStudentSoftwareDevTeam/lsf/issues/256,https://github.com/BCStudentSoftwareDevTeam/lsf/issues/256#issuecomment-1140067537
lsf,1140067470,bryantal,User,2020-08-31T16:55:17Z,2022-05-27T21:59:20Z,https://api.github.com/repos/BCStudentSoftwareDevTeam/lsf/issues/252,https://github.com/BCStudentSoftwareDevTeam/lsf/issues/252#issuecomment-1140067470
lsf,1140067517,bryantal,User,2020-08-31T16:59:00Z,2022-05-27T21:59:28Z,https://api.github.com/repos/BCStudentSoftwareDevTeam/lsf/issues/255,https://github.com/BCStudentSoftwareDevTeam/lsf/issues/255#issuecomment-1140067517
lsf,1140067417,bryantal,User,2020-09-01T03:22:47Z,2022-05-27T21:59:16Z,https://api.github.com/repos/BCStudentSoftwareDevTeam/lsf/issues/250,https://github.com/BCStudentSoftwareDevTeam/lsf/issues/250#issuecomment-1140067417
lsf,1140067561,bryantal,User,2020-09-02T12:54:26Z,2022-05-27T21:59:34Z,https://api.github.com/repos/BCStudentSoftwareDevTeam/lsf/issues/257,https://github.com/BCStudentSoftwareDevTeam/lsf/issues/257#issuecomment-1140067561
lsf,1140067613,bryantal,User,2020-09-02T13:13:49Z,2022-05-27T21:59:41Z,https://api.github.com/repos/BCStudentSoftwareDevTeam/lsf/issues/260,https://github.com/BCStudentSoftwareDevTeam/lsf/issues/260#issuecomment-1140067613
lsf,1140067538,bryantal,User,2020-09-07T14:25:52Z,2022-05-27T21:59:31Z,https://api.github.com/repos/BCStudentSoftwareDevTeam/lsf/issues/256,https://github.com/BCStudentSoftwareDevTeam/lsf/issues/256#issuecomment-1140067538
lsf,1140067563,bryantal,User,2020-09-07T15:51:53Z,2022-05-27T21:59:35Z,https://api.github.com/repos/BCStudentSoftwareDevTeam/lsf/issues/257,https://github.com/BCStudentSoftwareDevTeam/lsf/issues/257#issuecomment-1140067563
lsf,1140067564,bryantal,User,2020-09-08T21:42:10Z,2022-05-27T21:59:35Z,https://api.github.com/repos/BCStudentSoftwareDevTeam/lsf/issues/257,https://github.com/BCStudentSoftwareDevTeam/lsf/issues/257#issuecomment-1140067564
lsf,1140067454,bryantal,User,2020-09-08T21:43:15Z,2022-05-27T21:59:18Z,https://api.github.com/repos/BCStudentSoftwareDevTeam/lsf/issues/251,https://github.com/BCStudentSoftwareDevTeam/lsf/issues/251#issuecomment-1140067454
lsf,1140067471,bryantal,User,2020-09-09T12:12:39Z,2022-05-27T21:59:21Z,https://api.github.com/repos/BCStudentSoftwareDevTeam/lsf/issues/252,https://github.com/BCStudentSoftwareDevTeam/lsf/issues/252#issuecomment-1140067471
lsf,1140067698,bryantal,User,2020-09-10T15:53:57Z,2022-05-27T21:59:51Z,https://api.github.com/repos/BCStudentSoftwareDevTeam/lsf/issues/264,https://github.com/BCStudentSoftwareDevTeam/lsf/issues/264#issuecomment-1140067698
lsf,1140067419,bryantal,User,2020-09-10T22:21:59Z,2022-05-27T21:59:16Z,https://api.github.com/repos/BCStudentSoftwareDevTeam/lsf/issues/250,https://github.com/BCStudentSoftwareDevTeam/lsf/issues/250#issuecomment-1140067419
lsf,1140067615,bryantal,User,2020-09-14T15:40:48Z,2022-05-27T21:59:41Z,https://api.github.com/repos/BCStudentSoftwareDevTeam/lsf/issues/260,https://github.com/BCStudentSoftwareDevTeam/lsf/issues/260#issuecomment-1140067615
lsf,1140067519,bryantal,User,2020-09-16T14:41:06Z,2022-05-27T21:59:28Z,https://api.github.com/repos/BCStudentSoftwareDevTeam/lsf/issues/255,https://github.com/BCStudentSoftwareDevTeam/lsf/issues/255#issuecomment-1140067519
lsf,1140067654,bryantal,User,2020-09-16T15:39:20Z,2022-05-27T21:59:46Z,https://api.github.com/repos/BCStudentSoftwareDevTeam/lsf/issues/262,https://github.com/BCStudentSoftwareDevTeam/lsf/issues/262#issuecomment-1140067654
lsf,1140067656,bryantal,User,2020-09-16T15:40:58Z,2022-05-27T21:59:46Z,https://api.github.com/repos/BCStudentSoftwareDevTeam/lsf/issues/262,https://github.com/BCStudentSoftwareDevTeam/lsf/issues/262#issuecomment-1140067656
lsf,1140067521,bryantal,User,2020-09-18T19:58:21Z,2022-05-27T21:59:28Z,https://api.github.com/repos/BCStudentSoftwareDevTeam/lsf/issues/255,https://github.com/BCStudentSoftwareDevTeam/lsf/issues/255#issuecomment-1140067521
lsf,1140067658,bryantal,User,2020-09-18T19:58:30Z,2022-05-27T21:59:46Z,https://api.github.com/repos/BCStudentSoftwareDevTeam/lsf/issues/262,https://github.com/BCStudentSoftwareDevTeam/lsf/issues/262#issuecomment-1140067658
lsf,1140067597,bryantal,User,2020-09-20T22:23:36Z,2022-05-27T21:59:39Z,https://api.github.com/repos/BCStudentSoftwareDevTeam/lsf/issues/259,https://github.com/BCStudentSoftwareDevTeam/lsf/issues/259#issuecomment-1140067597
lsf,1140067616,bryantal,User,2020-09-20T22:29:05Z,2022-05-27T21:59:42Z,https://api.github.com/repos/BCStudentSoftwareDevTeam/lsf/issues/260,https://github.com/BCStudentSoftwareDevTeam/lsf/issues/260#issuecomment-1140067616
lsf,1140067422,bryantal,User,2020-09-20T22:30:25Z,2022-05-27T21:59:16Z,https://api.github.com/repos/BCStudentSoftwareDevTeam/lsf/issues/250,https://github.com/BCStudentSoftwareDevTeam/lsf/issues/250#issuecomment-1140067422
lsf,1140067206,bryantal,User,2020-09-20T22:31:14Z,2022-05-27T21:59:03Z,https://api.github.com/repos/BCStudentSoftwareDevTeam/lsf/issues/245,https://github.com/BCStudentSoftwareDevTeam/lsf/issues/245#issuecomment-1140067206
lsf,1140067700,bryantal,User,2020-09-20T22:31:56Z,2022-05-27T21:59:51Z,https://api.github.com/repos/BCStudentSoftwareDevTeam/lsf/issues/264,https://github.com/BCStudentSoftwareDevTeam/lsf/issues/264#issuecomment-1140067700
lsf,1140067724,bryantal,User,2020-09-21T14:49:04Z,2022-05-27T21:59:54Z,https://api.github.com/repos/BCStudentSoftwareDevTeam/lsf/issues/265,https://github.com/BCStudentSoftwareDevTeam/lsf/issues/265#issuecomment-1140067724
lsf,1140067740,bryantal,User,2020-09-21T15:37:46Z,2022-05-27T21:59:57Z,https://api.github.com/repos/BCStudentSoftwareDevTeam/lsf/issues/266,https://github.com/BCStudentSoftwareDevTeam/lsf/issues/266#issuecomment-1140067740
lsf,1140067741,bryantal,User,2020-09-22T19:56:01Z,2022-05-27T21:59:57Z,https://api.github.com/repos/BCStudentSoftwareDevTeam/lsf/issues/266,https://github.com/BCStudentSoftwareDevTeam/lsf/issues/266#issuecomment-1140067741
lsf,1140067726,bryantal,User,2020-09-23T13:21:04Z,2022-05-27T21:59:54Z,https://api.github.com/repos/BCStudentSoftwareDevTeam/lsf/issues/265,https://github.com/BCStudentSoftwareDevTeam/lsf/issues/265#issuecomment-1140067726
lsf,1140067600,bryantal,User,2020-09-23T17:22:19Z,2022-05-27T21:59:39Z,https://api.github.com/repos/BCStudentSoftwareDevTeam/lsf/issues/259,https://github.com/BCStudentSoftwareDevTeam/lsf/issues/259#issuecomment-1140067600
lsf,1140067583,bryantal,User,2020-09-23T18:37:47Z,2022-05-27T21:59:37Z,https://api.github.com/repos/BCStudentSoftwareDevTeam/lsf/issues/258,https://github.com/BCStudentSoftwareDevTeam/lsf/issues/258#issuecomment-1140067583
lsf,1140067755,bryantal,User,2020-09-23T19:31:59Z,2022-05-27T21:59:59Z,https://api.github.com/repos/BCStudentSoftwareDevTeam/lsf/issues/267,https://github.com/BCStudentSoftwareDevTeam/lsf/issues/267#issuecomment-1140067755
lsf,1140067801,bryantal,User,2020-09-24T21:25:53Z,2022-05-27T22:00:07Z,https://api.github.com/repos/BCStudentSoftwareDevTeam/lsf/issues/270,https://github.com/BCStudentSoftwareDevTeam/lsf/issues/270#issuecomment-1140067801
lsf,1140067854,bryantal,User,2020-09-28T16:40:03Z,2022-05-27T22:00:13Z,https://api.github.com/repos/BCStudentSoftwareDevTeam/lsf/issues/272,https://github.com/BCStudentSoftwareDevTeam/lsf/issues/272#issuecomment-1140067854
lsf,1140067834,bryantal,User,2020-09-30T19:19:23Z,2022-05-27T22:00:10Z,https://api.github.com/repos/BCStudentSoftwareDevTeam/lsf/issues/271,https://github.com/BCStudentSoftwareDevTeam/lsf/issues/271#issuecomment-1140067834
lsf,1140067634,bryantal,User,2020-10-05T17:58:50Z,2022-05-27T21:59:44Z,https://api.github.com/repos/BCStudentSoftwareDevTeam/lsf/issues/261,https://github.com/BCStudentSoftwareDevTeam/lsf/issues/261#issuecomment-1140067634
lsf,1140067929,bryantal,User,2020-10-05T22:50:51Z,2022-05-27T22:00:23Z,https://api.github.com/repos/BCStudentSoftwareDevTeam/lsf/issues/276,https://github.com/BCStudentSoftwareDevTeam/lsf/issues/276#issuecomment-1140067929
lsf,1140067941,bryantal,User,2020-10-09T17:30:48Z,2022-05-27T22:00:25Z,https://api.github.com/repos/BCStudentSoftwareDevTeam/lsf/issues/277,https://github.com/BCStudentSoftwareDevTeam/lsf/issues/277#issuecomment-1140067941
lsf,1140067942,bryantal,User,2020-10-09T17:46:09Z,2022-05-27T22:00:25Z,https://api.github.com/repos/BCStudentSoftwareDevTeam/lsf/issues/277,https://github.com/BCStudentSoftwareDevTeam/lsf/issues/277#issuecomment-1140067942
lsf,1140067943,bryantal,User,2020-10-09T17:53:40Z,2022-05-27T22:00:25Z,https://api.github.com/repos/BCStudentSoftwareDevTeam/lsf/issues/277,https://github.com/BCStudentSoftwareDevTeam/lsf/issues/277#issuecomment-1140067943
lsf,1140067945,bryantal,User,2020-10-09T18:00:06Z,2022-05-27T22:00:25Z,https://api.github.com/repos/BCStudentSoftwareDevTeam/lsf/issues/277,https://github.com/BCStudentSoftwareDevTeam/lsf/issues/277#issuecomment-1140067945
lsf,1140067770,bryantal,User,2020-10-17T20:36:55Z,2022-05-27T22:00:01Z,https://api.github.com/repos/BCStudentSoftwareDevTeam/lsf/issues/268,https://github.com/BCStudentSoftwareDevTeam/lsf/issues/268#issuecomment-1140067770
lsf,1140068008,bryantal,User,2020-10-18T00:55:47Z,2022-05-27T22:00:31Z,https://api.github.com/repos/BCStudentSoftwareDevTeam/lsf/issues/279,https://github.com/BCStudentSoftwareDevTeam/lsf/issues/279#issuecomment-1140068008
lsf,1140067991,bryantal,User,2020-10-21T15:23:15Z,2022-05-27T22:00:28Z,https://api.github.com/repos/BCStudentSoftwareDevTeam/lsf/issues/278,https://github.com/BCStudentSoftwareDevTeam/lsf/issues/278#issuecomment-1140067991
lsf,1140067910,bryantal,User,2020-10-27T16:49:07Z,2022-05-27T22:00:20Z,https://api.github.com/repos/BCStudentSoftwareDevTeam/lsf/issues/275,https://github.com/BCStudentSoftwareDevTeam/lsf/issues/275#issuecomment-1140067910
lsf,1140067947,bryantal,User,2020-10-27T16:54:06Z,2022-05-27T22:00:25Z,https://api.github.com/repos/BCStudentSoftwareDevTeam/lsf/issues/277,https://github.com/BCStudentSoftwareDevTeam/lsf/issues/277#issuecomment-1140067947
lsf,1140067890,bryantal,User,2020-10-27T16:54:51Z,2022-05-27T22:00:17Z,https://api.github.com/repos/BCStudentSoftwareDevTeam/lsf/issues/274,https://github.com/BCStudentSoftwareDevTeam/lsf/issues/274#issuecomment-1140067890
lsf,1140067241,bryantal,User,2020-10-27T17:10:45Z,2022-05-27T21:59:06Z,https://api.github.com/repos/BCStudentSoftwareDevTeam/lsf/issues/246,https://github.com/BCStudentSoftwareDevTeam/lsf/issues/246#issuecomment-1140067241
lsf,1140067247,bryantal,User,2020-11-02T18:26:52Z,2022-05-27T21:59:06Z,https://api.github.com/repos/BCStudentSoftwareDevTeam/lsf/issues/246,https://github.com/BCStudentSoftwareDevTeam/lsf/issues/246#issuecomment-1140067247
lsf,1140067503,bryantal,User,2020-11-06T00:21:36Z,2022-05-27T21:59:25Z,https://api.github.com/repos/BCStudentSoftwareDevTeam/lsf/issues/254,https://github.com/BCStudentSoftwareDevTeam/lsf/issues/254#issuecomment-1140067503
lsf,1140067635,bryantal,User,2020-11-11T17:10:16Z,2022-05-27T21:59:44Z,https://api.github.com/repos/BCStudentSoftwareDevTeam/lsf/issues/261,https://github.com/BCStudentSoftwareDevTeam/lsf/issues/261#issuecomment-1140067635
lsf,1140067808,bryantal,User,2020-11-11T17:19:16Z,2022-05-27T22:00:07Z,https://api.github.com/repos/BCStudentSoftwareDevTeam/lsf/issues/270,https://github.com/BCStudentSoftwareDevTeam/lsf/issues/270#issuecomment-1140067808
lsf,1140067505,bryantal,User,2020-11-19T19:47:59Z,2022-05-27T21:59:25Z,https://api.github.com/repos/BCStudentSoftwareDevTeam/lsf/issues/254,https://github.com/BCStudentSoftwareDevTeam/lsf/issues/254#issuecomment-1140067505
lsf,1140068068,bryantal,User,2021-01-06T21:55:39Z,2022-05-27T22:00:38Z,https://api.github.com/repos/BCStudentSoftwareDevTeam/lsf/issues/282,https://github.com/BCStudentSoftwareDevTeam/lsf/issues/282#issuecomment-1140068068
lsf,1140068091,bryantal,User,2021-01-06T21:55:51Z,2022-05-27T22:00:40Z,https://api.github.com/repos/BCStudentSoftwareDevTeam/lsf/issues/283,https://github.com/BCStudentSoftwareDevTeam/lsf/issues/283#issuecomment-1140068091
lsf,1140068218,bryantal,User,2021-01-07T19:37:49Z,2022-05-27T22:00:56Z,https://api.github.com/repos/BCStudentSoftwareDevTeam/lsf/issues/289,https://github.com/BCStudentSoftwareDevTeam/lsf/issues/289#issuecomment-1140068218
lsf,1140068220,bryantal,User,2021-01-07T19:37:57Z,2022-05-27T22:00:56Z,https://api.github.com/repos/BCStudentSoftwareDevTeam/lsf/issues/289,https://github.com/BCStudentSoftwareDevTeam/lsf/issues/289#issuecomment-1140068220
lsf,1140068195,bryantal,User,2021-01-08T17:56:12Z,2022-05-27T22:00:53Z,https://api.github.com/repos/BCStudentSoftwareDevTeam/lsf/issues/288,https://github.com/BCStudentSoftwareDevTeam/lsf/issues/288#issuecomment-1140068195
lsf,1140068197,bryantal,User,2021-01-08T17:56:23Z,2022-05-27T22:00:53Z,https://api.github.com/repos/BCStudentSoftwareDevTeam/lsf/issues/288,https://github.com/BCStudentSoftwareDevTeam/lsf/issues/288#issuecomment-1140068197
lsf,1140067507,bryantal,User,2021-01-13T16:47:25Z,2022-05-27T21:59:25Z,https://api.github.com/repos/BCStudentSoftwareDevTeam/lsf/issues/254,https://github.com/BCStudentSoftwareDevTeam/lsf/issues/254#issuecomment-1140067507
lsf,1140067250,bryantal,User,2021-01-13T16:49:03Z,2022-05-27T21:59:06Z,https://api.github.com/repos/BCStudentSoftwareDevTeam/lsf/issues/246,https://github.com/BCStudentSoftwareDevTeam/lsf/issues/246#issuecomment-1140067250
lsf,1140067912,bryantal,User,2021-01-13T16:53:31Z,2022-05-27T22:00:20Z,https://api.github.com/repos/BCStudentSoftwareDevTeam/lsf/issues/275,https://github.com/BCStudentSoftwareDevTeam/lsf/issues/275#issuecomment-1140067912
lsf,1140067835,bryantal,User,2021-01-13T16:54:52Z,2022-05-27T22:00:10Z,https://api.github.com/repos/BCStudentSoftwareDevTeam/lsf/issues/271,https://github.com/BCStudentSoftwareDevTeam/lsf/issues/271#issuecomment-1140067835
lsf,1140067856,bryantal,User,2021-01-13T16:56:09Z,2022-05-27T22:00:13Z,https://api.github.com/repos/BCStudentSoftwareDevTeam/lsf/issues/272,https://github.com/BCStudentSoftwareDevTeam/lsf/issues/272#issuecomment-1140067856
lsf,1140067757,bryantal,User,2021-01-13T16:57:55Z,2022-05-27T21:59:59Z,https://api.github.com/repos/BCStudentSoftwareDevTeam/lsf/issues/267,https://github.com/BCStudentSoftwareDevTeam/lsf/issues/267#issuecomment-1140067757
lsf,1140067002,bryantal,User,2021-01-13T17:00:03Z,2022-05-27T21:58:39Z,https://api.github.com/repos/BCStudentSoftwareDevTeam/lsf/issues/236,https://github.com/BCStudentSoftwareDevTeam/lsf/issues/236#issuecomment-1140067002
lsf,1140068112,bryantal,User,2021-01-13T17:01:39Z,2022-05-27T22:00:43Z,https://api.github.com/repos/BCStudentSoftwareDevTeam/lsf/issues/284,https://github.com/BCStudentSoftwareDevTeam/lsf/issues/284#issuecomment-1140068112
lsf,1140067771,bryantal,User,2021-01-13T17:10:29Z,2022-05-27T22:00:02Z,https://api.github.com/repos/BCStudentSoftwareDevTeam/lsf/issues/268,https://github.com/BCStudentSoftwareDevTeam/lsf/issues/268#issuecomment-1140067771
lsf,1140068016,bryantal,User,2021-01-13T17:11:44Z,2022-05-27T22:00:31Z,https://api.github.com/repos/BCStudentSoftwareDevTeam/lsf/issues/279,https://github.com/BCStudentSoftwareDevTeam/lsf/issues/279#issuecomment-1140068016
lsf,1140067993,bryantal,User,2021-01-13T17:13:02Z,2022-05-27T22:00:28Z,https://api.github.com/repos/BCStudentSoftwareDevTeam/lsf/issues/278,https://github.com/BCStudentSoftwareDevTeam/lsf/issues/278#issuecomment-1140067993
lsf,1140067892,bryantal,User,2021-01-13T17:17:32Z,2022-05-27T22:00:18Z,https://api.github.com/repos/BCStudentSoftwareDevTeam/lsf/issues/274,https://github.com/BCStudentSoftwareDevTeam/lsf/issues/274#issuecomment-1140067892
lsf,1140067789,bryantal,User,2021-01-13T17:45:38Z,2022-05-27T22:00:04Z,https://api.github.com/repos/BCStudentSoftwareDevTeam/lsf/issues/269,https://github.com/BCStudentSoftwareDevTeam/lsf/issues/269#issuecomment-1140067789
lsf,1140068247,bryantal,User,2021-01-18T19:01:04Z,2022-05-27T22:00:58Z,https://api.github.com/repos/BCStudentSoftwareDevTeam/lsf/issues/290,https://github.com/BCStudentSoftwareDevTeam/lsf/issues/290#issuecomment-1140068247
lsf,1140067369,bryantal,User,2021-01-28T04:57:08Z,2022-05-27T21:59:13Z,https://api.github.com/repos/BCStudentSoftwareDevTeam/lsf/issues/249,https://github.com/BCStudentSoftwareDevTeam/lsf/issues/249#issuecomment-1140067369
lsf,1140068273,bryantal,User,2021-01-28T04:58:37Z,2022-05-27T22:01:00Z,https://api.github.com/repos/BCStudentSoftwareDevTeam/lsf/issues/291,https://github.com/BCStudentSoftwareDevTeam/lsf/issues/291#issuecomment-1140068273
lsf,1140067948,bryantal,User,2021-01-28T05:00:03Z,2022-05-27T22:00:25Z,https://api.github.com/repos/BCStudentSoftwareDevTeam/lsf/issues/277,https://github.com/BCStudentSoftwareDevTeam/lsf/issues/277#issuecomment-1140067948
lsf,1140068250,bryantal,User,2021-01-28T05:03:20Z,2022-05-27T22:00:58Z,https://api.github.com/repos/BCStudentSoftwareDevTeam/lsf/issues/290,https://github.com/BCStudentSoftwareDevTeam/lsf/issues/290#issuecomment-1140068250
lsf,1140068048,bryantal,User,2021-01-28T14:11:04Z,2022-05-27T22:00:36Z,https://api.github.com/repos/BCStudentSoftwareDevTeam/lsf/issues/281,https://github.com/BCStudentSoftwareDevTeam/lsf/issues/281#issuecomment-1140068048
lsf,1140068162,bryantal,User,2021-01-28T15:05:52Z,2022-05-27T22:00:48Z,https://api.github.com/repos/BCStudentSoftwareDevTeam/lsf/issues/286,https://github.com/BCStudentSoftwareDevTeam/lsf/issues/286#issuecomment-1140068162
lsf,1140068030,bryantal,User,2021-01-28T16:03:22Z,2022-05-27T22:00:33Z,https://api.github.com/repos/BCStudentSoftwareDevTeam/lsf/issues/280,https://github.com/BCStudentSoftwareDevTeam/lsf/issues/280#issuecomment-1140068030
lsf,1140067358,bryantal,User,2021-01-28T17:53:22Z,2022-05-27T21:59:11Z,https://api.github.com/repos/BCStudentSoftwareDevTeam/lsf/issues/248,https://github.com/BCStudentSoftwareDevTeam/lsf/issues/248#issuecomment-1140067358
lsf,1140066785,bryantal,User,2021-01-29T14:09:19Z,2022-05-27T21:58:12Z,https://api.github.com/repos/BCStudentSoftwareDevTeam/lsf/issues/225,https://github.com/BCStudentSoftwareDevTeam/lsf/issues/225#issuecomment-1140066785
lsf,1140068180,bryantal,User,2021-01-29T15:05:14Z,2022-05-27T22:00:51Z,https://api.github.com/repos/BCStudentSoftwareDevTeam/lsf/issues/287,https://github.com/BCStudentSoftwareDevTeam/lsf/issues/287#issuecomment-1140068180
lsf,1140067371,bryantal,User,2021-02-03T16:24:51Z,2022-05-27T21:59:13Z,https://api.github.com/repos/BCStudentSoftwareDevTeam/lsf/issues/249,https://github.com/BCStudentSoftwareDevTeam/lsf/issues/249#issuecomment-1140067371
lsf,1140068378,bryantal,User,2021-02-08T15:01:05Z,2022-05-27T22:01:12Z,https://api.github.com/repos/BCStudentSoftwareDevTeam/lsf/issues/296,https://github.com/BCStudentSoftwareDevTeam/lsf/issues/296#issuecomment-1140068378
lsf,1140068364,bryantal,User,2021-02-08T16:27:48Z,2022-05-27T22:01:10Z,https://api.github.com/repos/BCStudentSoftwareDevTeam/lsf/issues/295,https://github.com/BCStudentSoftwareDevTeam/lsf/issues/295#issuecomment-1140068364
lsf,1140068366,bryantal,User,2021-02-15T16:55:36Z,2022-05-27T22:01:10Z,https://api.github.com/repos/BCStudentSoftwareDevTeam/lsf/issues/295,https://github.com/BCStudentSoftwareDevTeam/lsf/issues/295#issuecomment-1140068366
lsf,1140067360,bryantal,User,2021-02-15T16:58:49Z,2022-05-27T21:59:11Z,https://api.github.com/repos/BCStudentSoftwareDevTeam/lsf/issues/248,https://github.com/BCStudentSoftwareDevTeam/lsf/issues/248#issuecomment-1140067360
lsf,1140068475,bryantal,User,2021-02-15T19:46:49Z,2022-05-27T22:01:25Z,https://api.github.com/repos/BCStudentSoftwareDevTeam/lsf/issues/301,https://github.com/BCStudentSoftwareDevTeam/lsf/issues/301#issuecomment-1140068475
lsf,1140068459,bryantal,User,2021-02-16T15:17:35Z,2022-05-27T22:01:22Z,https://api.github.com/repos/BCStudentSoftwareDevTeam/lsf/issues/300,https://github.com/BCStudentSoftwareDevTeam/lsf/issues/300#issuecomment-1140068459
lsf,1140068440,bryantal,User,2021-02-16T16:34:38Z,2022-05-27T22:01:20Z,https://api.github.com/repos/BCStudentSoftwareDevTeam/lsf/issues/299,https://github.com/BCStudentSoftwareDevTeam/lsf/issues/299#issuecomment-1140068440
lsf,1140068441,bryantal,User,2021-02-17T12:59:47Z,2022-05-27T22:01:20Z,https://api.github.com/repos/BCStudentSoftwareDevTeam/lsf/issues/299,https://github.com/BCStudentSoftwareDevTeam/lsf/issues/299#issuecomment-1140068441
lsf,1140068482,bryantal,User,2021-02-17T14:26:17Z,2022-05-27T22:01:25Z,https://api.github.com/repos/BCStudentSoftwareDevTeam/lsf/issues/301,https://github.com/BCStudentSoftwareDevTeam/lsf/issues/301#issuecomment-1140068482
lsf,1140067003,bryantal,User,2021-03-23T17:08:22Z,2022-05-27T21:58:39Z,https://api.github.com/repos/BCStudentSoftwareDevTeam/lsf/issues/236,https://github.com/BCStudentSoftwareDevTeam/lsf/issues/236#issuecomment-1140067003
lsf,1140068346,bryantal,User,2021-03-23T17:15:23Z,2022-05-27T22:01:08Z,https://api.github.com/repos/BCStudentSoftwareDevTeam/lsf/issues/294,https://github.com/BCStudentSoftwareDevTeam/lsf/issues/294#issuecomment-1140068346
lsf,1140068535,bryantal,User,2021-03-26T17:14:31Z,2022-05-27T22:01:32Z,https://api.github.com/repos/BCStudentSoftwareDevTeam/lsf/issues/304,https://github.com/BCStudentSoftwareDevTeam/lsf/issues/304#issuecomment-1140068535
lsf,1140068627,bryantal,User,2021-04-26T15:01:37Z,2022-05-27T22:01:46Z,https://api.github.com/repos/BCStudentSoftwareDevTeam/lsf/issues/309,https://github.com/BCStudentSoftwareDevTeam/lsf/issues/309#issuecomment-1140068627
lsf,1140068514,bryantal,User,2021-05-03T18:55:36Z,2022-05-27T22:01:30Z,https://api.github.com/repos/BCStudentSoftwareDevTeam/lsf/issues/303,https://github.com/BCStudentSoftwareDevTeam/lsf/issues/303#issuecomment-1140068514
lsf,1140068609,bryantal,User,2021-05-03T18:55:57Z,2022-05-27T22:01:43Z,https://api.github.com/repos/BCStudentSoftwareDevTeam/lsf/issues/308,https://github.com/BCStudentSoftwareDevTeam/lsf/issues/308#issuecomment-1140068609
lsf,1140068610,bryantal,User,2021-05-05T15:30:19Z,2022-05-27T22:01:43Z,https://api.github.com/repos/BCStudentSoftwareDevTeam/lsf/issues/308,https://github.com/BCStudentSoftwareDevTeam/lsf/issues/308#issuecomment-1140068610
lsf,1140068516,bryantal,User,2021-05-05T15:30:40Z,2022-05-27T22:01:30Z,https://api.github.com/repos/BCStudentSoftwareDevTeam/lsf/issues/303,https://github.com/BCStudentSoftwareDevTeam/lsf/issues/303#issuecomment-1140068516
lsf,1140068306,bryantal,User,2021-05-17T18:56:44Z,2022-05-27T22:01:03Z,https://api.github.com/repos/BCStudentSoftwareDevTeam/lsf/issues/292,https://github.com/BCStudentSoftwareDevTeam/lsf/issues/292#issuecomment-1140068306
lsf,1140068308,bryantal,User,2021-05-18T18:42:05Z,2022-05-27T22:01:03Z,https://api.github.com/repos/BCStudentSoftwareDevTeam/lsf/issues/292,https://github.com/BCStudentSoftwareDevTeam/lsf/issues/292#issuecomment-1140068308
lsf,1140068642,bryantal,User,2021-06-04T15:52:46Z,2022-05-27T22:01:48Z,https://api.github.com/repos/BCStudentSoftwareDevTeam/lsf/issues/310,https://github.com/BCStudentSoftwareDevTeam/lsf/issues/310#issuecomment-1140068642
lsf,1140068629,bryantal,User,2021-12-07T21:10:36Z,2022-05-27T22:01:46Z,https://api.github.com/repos/BCStudentSoftwareDevTeam/lsf/issues/309,https://github.com/BCStudentSoftwareDevTeam/lsf/issues/309#issuecomment-1140068629
lsf,1140068070,bryantal,User,2021-12-10T20:37:41Z,2022-05-27T22:00:38Z,https://api.github.com/repos/BCStudentSoftwareDevTeam/lsf/issues/282,https://github.com/BCStudentSoftwareDevTeam/lsf/issues/282#issuecomment-1140068070
lsf,1140068093,bryantal,User,2021-12-10T20:38:21Z,2022-05-27T22:00:40Z,https://api.github.com/repos/BCStudentSoftwareDevTeam/lsf/issues/283,https://github.com/BCStudentSoftwareDevTeam/lsf/issues/283#issuecomment-1140068093
lsf,1140068404,bryantal,User,2021-12-10T20:39:24Z,2022-05-27T22:01:15Z,https://api.github.com/repos/BCStudentSoftwareDevTeam/lsf/issues/297,https://github.com/BCStudentSoftwareDevTeam/lsf/issues/297#issuecomment-1140068404
lsf,1140068492,bryantal,User,2021-12-10T20:40:25Z,2022-05-27T22:01:27Z,https://api.github.com/repos/BCStudentSoftwareDevTeam/lsf/issues/302,https://github.com/BCStudentSoftwareDevTeam/lsf/issues/302#issuecomment-1140068492
lsf,1140068537,bryantal,User,2021-12-10T20:41:08Z,2022-05-27T22:01:33Z,https://api.github.com/repos/BCStudentSoftwareDevTeam/lsf/issues/304,https://github.com/BCStudentSoftwareDevTeam/lsf/issues/304#issuecomment-1140068537
lsf,1140068907,bryantal,User,2021-12-10T20:43:11Z,2022-05-27T22:02:27Z,https://api.github.com/repos/BCStudentSoftwareDevTeam/lsf/issues/326,https://github.com/BCStudentSoftwareDevTeam/lsf/issues/326#issuecomment-1140068907
lsf,1140068936,bryantal,User,2022-04-12T15:22:39Z,2022-05-27T22:02:32Z,https://api.github.com/repos/BCStudentSoftwareDevTeam/lsf/issues/328,https://github.com/BCStudentSoftwareDevTeam/lsf/issues/328#issuecomment-1140068936
lsf,1142396054,bryantal,User,2022-05-31T17:07:57Z,2022-05-31T17:07:57Z,https://api.github.com/repos/BCStudentSoftwareDevTeam/lsf/issues/336,https://github.com/BCStudentSoftwareDevTeam/lsf/pull/336#issuecomment-1142396054
lsf,1142397438,bryantal,User,2022-05-31T17:09:26Z,2022-05-31T17:09:26Z,https://api.github.com/repos/BCStudentSoftwareDevTeam/lsf/issues/336,https://github.com/BCStudentSoftwareDevTeam/lsf/pull/336#issuecomment-1142397438
lsf,1142402717,bryantal,User,2022-05-31T17:15:21Z,2022-05-31T17:15:21Z,https://api.github.com/repos/BCStudentSoftwareDevTeam/lsf/issues/336,https://github.com/BCStudentSoftwareDevTeam/lsf/pull/336#issuecomment-1142402717
lsf,1142403542,bryantal,User,2022-05-31T17:16:18Z,2022-05-31T17:16:18Z,https://api.github.com/repos/BCStudentSoftwareDevTeam/lsf/issues/336,https://github.com/BCStudentSoftwareDevTeam/lsf/pull/336#issuecomment-1142403542
lsf,1142404065,bryantal,User,2022-05-31T17:16:52Z,2022-05-31T17:16:52Z,https://api.github.com/repos/BCStudentSoftwareDevTeam/lsf/issues/336,https://github.com/BCStudentSoftwareDevTeam/lsf/pull/336#issuecomment-1142404065
lsf,1142404625,bryantal,User,2022-05-31T17:17:30Z,2022-05-31T17:17:30Z,https://api.github.com/repos/BCStudentSoftwareDevTeam/lsf/issues/336,https://github.com/BCStudentSoftwareDevTeam/lsf/pull/336#issuecomment-1142404625
lsf,1142405012,bryantal,User,2022-05-31T17:17:54Z,2022-05-31T17:17:54Z,https://api.github.com/repos/BCStudentSoftwareDevTeam/lsf/issues/336,https://github.com/BCStudentSoftwareDevTeam/lsf/pull/336#issuecomment-1142405012
lsf,1142405508,bryantal,User,2022-05-31T17:18:28Z,2022-05-31T17:18:28Z,https://api.github.com/repos/BCStudentSoftwareDevTeam/lsf/issues/336,https://github.com/BCStudentSoftwareDevTeam/lsf/pull/336#issuecomment-1142405508
lsf,1194124695,Boorclark,User,2022-07-25T14:28:43Z,2022-07-25T14:28:43Z,https://api.github.com/repos/BCStudentSoftwareDevTeam/lsf/issues/336,https://github.com/BCStudentSoftwareDevTeam/lsf/pull/336#issuecomment-1194124695
lsf,1209419307,sheggen,User,2022-08-09T13:58:11Z,2022-08-09T13:58:11Z,https://api.github.com/repos/BCStudentSoftwareDevTeam/lsf/issues/343,https://github.com/BCStudentSoftwareDevTeam/lsf/pull/343#issuecomment-1209419307
lsf,1209428946,sheggen,User,2022-08-09T14:06:04Z,2022-08-09T14:06:04Z,https://api.github.com/repos/BCStudentSoftwareDevTeam/lsf/issues/343,https://github.com/BCStudentSoftwareDevTeam/lsf/pull/343#issuecomment-1209428946
lsf,1218164985,AndersonStettner,User,2022-08-17T15:28:09Z,2022-08-17T15:28:09Z,https://api.github.com/repos/BCStudentSoftwareDevTeam/lsf/issues/344,https://github.com/BCStudentSoftwareDevTeam/lsf/issues/344#issuecomment-1218164985
lsf,1218165873,AndersonStettner,User,2022-08-17T15:28:56Z,2022-08-17T15:28:56Z,https://api.github.com/repos/BCStudentSoftwareDevTeam/lsf/issues/345,https://github.com/BCStudentSoftwareDevTeam/lsf/issues/345#issuecomment-1218165873
lsf,1218166483,AndersonStettner,User,2022-08-17T15:29:28Z,2022-08-17T15:29:28Z,https://api.github.com/repos/BCStudentSoftwareDevTeam/lsf/issues/348,https://github.com/BCStudentSoftwareDevTeam/lsf/issues/348#issuecomment-1218166483
lsf,1218167507,AndersonStettner,User,2022-08-17T15:30:23Z,2022-08-17T15:30:23Z,https://api.github.com/repos/BCStudentSoftwareDevTeam/lsf/issues/350,https://github.com/BCStudentSoftwareDevTeam/lsf/issues/350#issuecomment-1218167507
lsf,1218168067,AndersonStettner,User,2022-08-17T15:30:53Z,2022-08-17T15:30:53Z,https://api.github.com/repos/BCStudentSoftwareDevTeam/lsf/issues/351,https://github.com/BCStudentSoftwareDevTeam/lsf/issues/351#issuecomment-1218168067
lsf,1218168474,AndersonStettner,User,2022-08-17T15:31:15Z,2022-08-17T15:31:15Z,https://api.github.com/repos/BCStudentSoftwareDevTeam/lsf/issues/353,https://github.com/BCStudentSoftwareDevTeam/lsf/issues/353#issuecomment-1218168474
lsf,1218168802,AndersonStettner,User,2022-08-17T15:31:34Z,2022-08-17T15:31:34Z,https://api.github.com/repos/BCStudentSoftwareDevTeam/lsf/issues/354,https://github.com/BCStudentSoftwareDevTeam/lsf/issues/354#issuecomment-1218168802
lsf,1218169254,AndersonStettner,User,2022-08-17T15:32:01Z,2022-08-17T15:32:01Z,https://api.github.com/repos/BCStudentSoftwareDevTeam/lsf/issues/355,https://github.com/BCStudentSoftwareDevTeam/lsf/issues/355#issuecomment-1218169254
lsf,1218169643,AndersonStettner,User,2022-08-17T15:32:23Z,2022-08-17T15:32:23Z,https://api.github.com/repos/BCStudentSoftwareDevTeam/lsf/issues/357,https://github.com/BCStudentSoftwareDevTeam/lsf/issues/357#issuecomment-1218169643
lsf,1219756231,AndersonStettner,User,2022-08-18T17:35:27Z,2022-08-18T17:35:27Z,https://api.github.com/repos/BCStudentSoftwareDevTeam/lsf/issues/358,https://github.com/BCStudentSoftwareDevTeam/lsf/issues/358#issuecomment-1219756231
lsf,1222681321,AndersonStettner,User,2022-08-22T17:33:44Z,2022-08-22T17:33:44Z,https://api.github.com/repos/BCStudentSoftwareDevTeam/lsf/issues/359,https://github.com/BCStudentSoftwareDevTeam/lsf/issues/359#issuecomment-1222681321
lsf,1235528469,bledsoef,User,2022-09-02T13:48:23Z,2022-09-02T13:48:23Z,https://api.github.com/repos/BCStudentSoftwareDevTeam/lsf/issues/345,https://github.com/BCStudentSoftwareDevTeam/lsf/issues/345#issuecomment-1235528469
lsf,1249345576,bledsoef,User,2022-09-16T13:08:22Z,2022-09-16T13:08:22Z,https://api.github.com/repos/BCStudentSoftwareDevTeam/lsf/issues/368,https://github.com/BCStudentSoftwareDevTeam/lsf/issues/368#issuecomment-1249345576
lsf,1249527127,AndersonStettner,User,2022-09-16T15:51:01Z,2022-09-16T15:51:01Z,https://api.github.com/repos/BCStudentSoftwareDevTeam/lsf/issues/370,https://github.com/BCStudentSoftwareDevTeam/lsf/issues/370#issuecomment-1249527127
lsf,1249528000,AndersonStettner,User,2022-09-16T15:51:58Z,2022-09-16T15:51:58Z,https://api.github.com/repos/BCStudentSoftwareDevTeam/lsf/issues/371,https://github.com/BCStudentSoftwareDevTeam/lsf/issues/371#issuecomment-1249528000
lsf,1249528411,AndersonStettner,User,2022-09-16T15:52:27Z,2022-09-16T15:52:27Z,https://api.github.com/repos/BCStudentSoftwareDevTeam/lsf/issues/372,https://github.com/BCStudentSoftwareDevTeam/lsf/issues/372#issuecomment-1249528411
lsf,1249528805,AndersonStettner,User,2022-09-16T15:52:51Z,2022-09-16T15:52:51Z,https://api.github.com/repos/BCStudentSoftwareDevTeam/lsf/issues/373,https://github.com/BCStudentSoftwareDevTeam/lsf/issues/373#issuecomment-1249528805
lsf,1249529259,AndersonStettner,User,2022-09-16T15:53:21Z,2022-09-16T15:53:21Z,https://api.github.com/repos/BCStudentSoftwareDevTeam/lsf/issues/374,https://github.com/BCStudentSoftwareDevTeam/lsf/issues/374#issuecomment-1249529259
lsf,1249529653,AndersonStettner,User,2022-09-16T15:53:47Z,2022-09-16T15:53:47Z,https://api.github.com/repos/BCStudentSoftwareDevTeam/lsf/issues/375,https://github.com/BCStudentSoftwareDevTeam/lsf/issues/375#issuecomment-1249529653
lsf,1249530223,AndersonStettner,User,2022-09-16T15:54:27Z,2022-09-16T15:54:27Z,https://api.github.com/repos/BCStudentSoftwareDevTeam/lsf/issues/376,https://github.com/BCStudentSoftwareDevTeam/lsf/issues/376#issuecomment-1249530223
lsf,1249530757,AndersonStettner,User,2022-09-16T15:55:01Z,2022-09-16T15:55:01Z,https://api.github.com/repos/BCStudentSoftwareDevTeam/lsf/issues/377,https://github.com/BCStudentSoftwareDevTeam/lsf/issues/377#issuecomment-1249530757
lsf,1249531151,AndersonStettner,User,2022-09-16T15:55:28Z,2022-09-16T15:55:28Z,https://api.github.com/repos/BCStudentSoftwareDevTeam/lsf/issues/378,https://github.com/BCStudentSoftwareDevTeam/lsf/issues/378#issuecomment-1249531151
lsf,1249531514,AndersonStettner,User,2022-09-16T15:55:53Z,2022-09-16T15:55:53Z,https://api.github.com/repos/BCStudentSoftwareDevTeam/lsf/issues/379,https://github.com/BCStudentSoftwareDevTeam/lsf/issues/379#issuecomment-1249531514
lsf,1249532037,AndersonStettner,User,2022-09-16T15:56:23Z,2022-09-16T15:56:23Z,https://api.github.com/repos/BCStudentSoftwareDevTeam/lsf/issues/381,https://github.com/BCStudentSoftwareDevTeam/lsf/issues/381#issuecomment-1249532037
lsf,1249532588,AndersonStettner,User,2022-09-16T15:57:04Z,2022-09-16T15:57:04Z,https://api.github.com/repos/BCStudentSoftwareDevTeam/lsf/issues/382,https://github.com/BCStudentSoftwareDevTeam/lsf/issues/382#issuecomment-1249532588
lsf,1268485981,bledsoef,User,2022-10-05T14:07:34Z,2022-10-05T14:07:34Z,https://api.github.com/repos/BCStudentSoftwareDevTeam/lsf/issues/364,https://github.com/BCStudentSoftwareDevTeam/lsf/issues/364#issuecomment-1268485981
lsf,1268495194,bledsoef,User,2022-10-05T14:14:28Z,2022-10-07T13:43:16Z,https://api.github.com/repos/BCStudentSoftwareDevTeam/lsf/issues/362,https://github.com/BCStudentSoftwareDevTeam/lsf/issues/362#issuecomment-1268495194
lsf,1271615538,bledsoef,User,2022-10-07T13:44:57Z,2022-10-07T13:44:57Z,https://api.github.com/repos/BCStudentSoftwareDevTeam/lsf/issues/385,https://github.com/BCStudentSoftwareDevTeam/lsf/pull/385#issuecomment-1271615538
lsf,1277662938,martinj2-dot,User,2022-10-13T14:01:25Z,2022-10-20T14:22:27Z,https://api.github.com/repos/BCStudentSoftwareDevTeam/lsf/issues/376,https://github.com/BCStudentSoftwareDevTeam/lsf/issues/376#issuecomment-1277662938
lsf,1285674210,martinj2-dot,User,2022-10-20T14:45:48Z,2022-10-20T14:45:48Z,https://api.github.com/repos/BCStudentSoftwareDevTeam/lsf/issues/376,https://github.com/BCStudentSoftwareDevTeam/lsf/issues/376#issuecomment-1285674210
lsf,1291060610,sreynit02,User,2022-10-25T19:51:51Z,2022-10-25T19:52:45Z,https://api.github.com/repos/BCStudentSoftwareDevTeam/lsf/issues/386,https://github.com/BCStudentSoftwareDevTeam/lsf/pull/386#issuecomment-1291060610
lsf,1300469123,tylerpar99,User,2022-11-02T14:03:09Z,2022-11-02T14:03:09Z,https://api.github.com/repos/BCStudentSoftwareDevTeam/lsf/issues/386,https://github.com/BCStudentSoftwareDevTeam/lsf/pull/386#issuecomment-1300469123
lsf,1300487337,tylerpar99,User,2022-11-02T14:10:32Z,2022-11-02T14:10:32Z,https://api.github.com/repos/BCStudentSoftwareDevTeam/lsf/issues/386,https://github.com/BCStudentSoftwareDevTeam/lsf/pull/386#issuecomment-1300487337
lsf,1308815903,tylerpar99,User,2022-11-09T14:05:31Z,2022-11-09T14:05:31Z,https://api.github.com/repos/BCStudentSoftwareDevTeam/lsf/issues/386,https://github.com/BCStudentSoftwareDevTeam/lsf/pull/386#issuecomment-1308815903
lsf,1309369207,sreynit02,User,2022-11-09T21:01:12Z,2022-11-09T21:01:12Z,https://api.github.com/repos/BCStudentSoftwareDevTeam/lsf/issues/367,https://github.com/BCStudentSoftwareDevTeam/lsf/pull/367#issuecomment-1309369207
lsf,1312116591,Karina-Agliullova,User,2022-11-11T19:35:45Z,2022-11-11T19:35:45Z,https://api.github.com/repos/BCStudentSoftwareDevTeam/lsf/issues/367,https://github.com/BCStudentSoftwareDevTeam/lsf/pull/367#issuecomment-1312116591
lsf,1314499624,gahimbaref,User,2022-11-14T22:35:51Z,2022-11-14T22:35:51Z,https://api.github.com/repos/BCStudentSoftwareDevTeam/lsf/issues/367,https://github.com/BCStudentSoftwareDevTeam/lsf/pull/367#issuecomment-1314499624
lsf,1315431660,AndersonStettner,User,2022-11-15T14:58:42Z,2022-11-15T14:58:42Z,https://api.github.com/repos/BCStudentSoftwareDevTeam/lsf/issues/367,https://github.com/BCStudentSoftwareDevTeam/lsf/pull/367#issuecomment-1315431660
lsf,1317716222,sreynit02,User,2022-11-16T21:50:22Z,2022-11-16T21:50:22Z,https://api.github.com/repos/BCStudentSoftwareDevTeam/lsf/issues/367,https://github.com/BCStudentSoftwareDevTeam/lsf/pull/367#issuecomment-1317716222
lsf,1317757227,gahimbaref,User,2022-11-16T22:27:00Z,2022-11-16T22:27:00Z,https://api.github.com/repos/BCStudentSoftwareDevTeam/lsf/issues/367,https://github.com/BCStudentSoftwareDevTeam/lsf/pull/367#issuecomment-1317757227
lsf,1320503267,sreynit02,User,2022-11-18T20:42:33Z,2022-11-18T20:42:33Z,https://api.github.com/repos/BCStudentSoftwareDevTeam/lsf/issues/367,https://github.com/BCStudentSoftwareDevTeam/lsf/pull/367#issuecomment-1320503267
lsf,1322239016,AndersonStettner,User,2022-11-21T15:30:27Z,2022-11-21T15:30:27Z,https://api.github.com/repos/BCStudentSoftwareDevTeam/lsf/issues/392,https://github.com/BCStudentSoftwareDevTeam/lsf/issues/392#issuecomment-1322239016
lsf,1329046106,tylerpar99,User,2022-11-28T12:56:36Z,2022-11-28T12:56:36Z,https://api.github.com/repos/BCStudentSoftwareDevTeam/lsf/issues/362,https://github.com/BCStudentSoftwareDevTeam/lsf/issues/362#issuecomment-1329046106
lsf,1329046472,tylerpar99,User,2022-11-28T12:56:58Z,2022-11-28T12:56:58Z,https://api.github.com/repos/BCStudentSoftwareDevTeam/lsf/issues/366,https://github.com/BCStudentSoftwareDevTeam/lsf/issues/366#issuecomment-1329046472
lsf,1330706524,AndersonStettner,User,2022-11-29T14:09:19Z,2022-11-29T14:09:19Z,https://api.github.com/repos/BCStudentSoftwareDevTeam/lsf/issues/393,https://github.com/BCStudentSoftwareDevTeam/lsf/issues/393#issuecomment-1330706524
lsf,1341047855,tylerpar99,User,2022-12-07T14:28:12Z,2022-12-07T14:28:26Z,https://api.github.com/repos/BCStudentSoftwareDevTeam/lsf/issues/387,https://github.com/BCStudentSoftwareDevTeam/lsf/pull/387#issuecomment-1341047855
lsf,1351736340,tylerpar99,User,2022-12-14T16:32:37Z,2023-01-17T20:37:02Z,https://api.github.com/repos/BCStudentSoftwareDevTeam/lsf/issues/395,https://github.com/BCStudentSoftwareDevTeam/lsf/pull/395#issuecomment-1351736340
lsf,1382117987,AndersonStettner,User,2023-01-13T16:42:59Z,2023-01-13T16:42:59Z,https://api.github.com/repos/BCStudentSoftwareDevTeam/lsf/issues/396,https://github.com/BCStudentSoftwareDevTeam/lsf/issues/396#issuecomment-1382117987
lsf,1382118928,AndersonStettner,User,2023-01-13T16:43:25Z,2023-01-13T16:43:25Z,https://api.github.com/repos/BCStudentSoftwareDevTeam/lsf/issues/397,https://github.com/BCStudentSoftwareDevTeam/lsf/issues/397#issuecomment-1382118928
lsf,1386031532,tylerpar99,User,2023-01-17T20:48:03Z,2023-01-17T20:48:03Z,https://api.github.com/repos/BCStudentSoftwareDevTeam/lsf/issues/377,https://github.com/BCStudentSoftwareDevTeam/lsf/issues/377#issuecomment-1386031532
lsf,1387520735,tylerpar99,User,2023-01-18T18:25:36Z,2023-01-18T18:25:36Z,https://api.github.com/repos/BCStudentSoftwareDevTeam/lsf/issues/375,https://github.com/BCStudentSoftwareDevTeam/lsf/issues/375#issuecomment-1387520735
lsf,1387679453,tylerpar99,User,2023-01-18T19:47:34Z,2023-01-18T19:47:34Z,https://api.github.com/repos/BCStudentSoftwareDevTeam/lsf/issues/371,https://github.com/BCStudentSoftwareDevTeam/lsf/issues/371#issuecomment-1387679453
lsf,1404244195,Karina-Agliullova,User,2023-01-25T21:26:16Z,2023-01-25T21:27:23Z,https://api.github.com/repos/BCStudentSoftwareDevTeam/lsf/issues/400,https://github.com/BCStudentSoftwareDevTeam/lsf/pull/400#issuecomment-1404244195
lsf,1404261395,Karina-Agliullova,User,2023-01-25T21:42:10Z,2023-01-25T21:42:10Z,https://api.github.com/repos/BCStudentSoftwareDevTeam/lsf/issues/399,https://github.com/BCStudentSoftwareDevTeam/lsf/pull/399#issuecomment-1404261395
lsf,1404267670,Karina-Agliullova,User,2023-01-25T21:46:16Z,2023-01-25T21:46:16Z,https://api.github.com/repos/BCStudentSoftwareDevTeam/lsf/issues/399,https://github.com/BCStudentSoftwareDevTeam/lsf/pull/399#issuecomment-1404267670
lsf,1405588169,sreynit02,User,2023-01-26T20:07:55Z,2023-01-26T20:08:41Z,https://api.github.com/repos/BCStudentSoftwareDevTeam/lsf/issues/399,https://github.com/BCStudentSoftwareDevTeam/lsf/pull/399#issuecomment-1405588169
lsf,1405657626,sreynit02,User,2023-01-26T21:12:24Z,2023-01-26T21:12:24Z,https://api.github.com/repos/BCStudentSoftwareDevTeam/lsf/issues/400,https://github.com/BCStudentSoftwareDevTeam/lsf/pull/400#issuecomment-1405657626
lsf,1405658074,sreynit02,User,2023-01-26T21:12:46Z,2023-01-26T21:12:46Z,https://api.github.com/repos/BCStudentSoftwareDevTeam/lsf/issues/393,https://github.com/BCStudentSoftwareDevTeam/lsf/issues/393#issuecomment-1405658074
lsf,1405709966,sreynit02,User,2023-01-26T21:48:50Z,2023-01-26T21:48:50Z,https://api.github.com/repos/BCStudentSoftwareDevTeam/lsf/issues/399,https://github.com/BCStudentSoftwareDevTeam/lsf/pull/399#issuecomment-1405709966
lsf,1406876689,AndersonStettner,User,2023-01-27T17:54:01Z,2023-01-27T17:54:37Z,https://api.github.com/repos/BCStudentSoftwareDevTeam/lsf/issues/399,https://github.com/BCStudentSoftwareDevTeam/lsf/pull/399#issuecomment-1406876689
lsf,1406905098,AndersonStettner,User,2023-01-27T18:12:35Z,2023-01-27T18:12:35Z,https://api.github.com/repos/BCStudentSoftwareDevTeam/lsf/issues/399,https://github.com/BCStudentSoftwareDevTeam/lsf/pull/399#issuecomment-1406905098
lsf,1409311551,solijonovam,User,2023-01-30T20:48:51Z,2023-01-30T20:48:51Z,https://api.github.com/repos/BCStudentSoftwareDevTeam/lsf/issues/399,https://github.com/BCStudentSoftwareDevTeam/lsf/pull/399#issuecomment-1409311551
lsf,1409391025,tylerpar99,User,2023-01-30T21:43:33Z,2023-01-30T21:43:33Z,https://api.github.com/repos/BCStudentSoftwareDevTeam/lsf/issues/340,https://github.com/BCStudentSoftwareDevTeam/lsf/pull/340#issuecomment-1409391025
lsf,1426297729,tylerpar99,User,2023-02-10T20:22:59Z,2023-02-10T20:22:59Z,https://api.github.com/repos/BCStudentSoftwareDevTeam/lsf/issues/403,https://github.com/BCStudentSoftwareDevTeam/lsf/pull/403#issuecomment-1426297729
lsf,1428624921,bledsoef,User,2023-02-13T20:20:17Z,2023-02-13T20:20:17Z,https://api.github.com/repos/BCStudentSoftwareDevTeam/lsf/issues/405,https://github.com/BCStudentSoftwareDevTeam/lsf/issues/405#issuecomment-1428624921
lsf,1472607962,solijonovam,User,2023-03-16T19:16:12Z,2023-03-16T19:16:12Z,https://api.github.com/repos/BCStudentSoftwareDevTeam/lsf/issues/408,https://github.com/BCStudentSoftwareDevTeam/lsf/issues/408#issuecomment-1472607962
lsf,1476920485,solijonovam,User,2023-03-20T20:53:54Z,2023-03-20T20:53:54Z,https://api.github.com/repos/BCStudentSoftwareDevTeam/lsf/issues/375,https://github.com/BCStudentSoftwareDevTeam/lsf/issues/375#issuecomment-1476920485
lsf,1497958282,sheggen,User,2023-04-05T18:43:57Z,2023-04-05T18:43:57Z,https://api.github.com/repos/BCStudentSoftwareDevTeam/lsf/issues/408,https://github.com/BCStudentSoftwareDevTeam/lsf/issues/408#issuecomment-1497958282
lsf,1523915031,tylerpar99,User,2023-04-26T19:09:36Z,2023-04-26T19:09:36Z,https://api.github.com/repos/BCStudentSoftwareDevTeam/lsf/issues/413,https://github.com/BCStudentSoftwareDevTeam/lsf/pull/413#issuecomment-1523915031
lsf,1542270335,AndersonStettner,User,2023-05-10T14:00:56Z,2023-05-10T14:00:56Z,https://api.github.com/repos/BCStudentSoftwareDevTeam/lsf/issues/410,https://github.com/BCStudentSoftwareDevTeam/lsf/issues/410#issuecomment-1542270335
lsf,1686724551,AndersonStettner,User,2023-08-21T17:14:23Z,2023-08-21T17:14:23Z,https://api.github.com/repos/BCStudentSoftwareDevTeam/lsf/issues/417,https://github.com/BCStudentSoftwareDevTeam/lsf/issues/417#issuecomment-1686724551
lsf,1686725778,AndersonStettner,User,2023-08-21T17:15:21Z,2023-08-21T17:15:21Z,https://api.github.com/repos/BCStudentSoftwareDevTeam/lsf/issues/418,https://github.com/BCStudentSoftwareDevTeam/lsf/issues/418#issuecomment-1686725778
lsf,1686726237,AndersonStettner,User,2023-08-21T17:15:43Z,2023-08-21T17:15:43Z,https://api.github.com/repos/BCStudentSoftwareDevTeam/lsf/issues/419,https://github.com/BCStudentSoftwareDevTeam/lsf/issues/419#issuecomment-1686726237
lsf,1693530474,AndersonStettner,User,2023-08-25T15:18:58Z,2023-08-25T15:18:58Z,https://api.github.com/repos/BCStudentSoftwareDevTeam/lsf/issues/420,https://github.com/BCStudentSoftwareDevTeam/lsf/pull/420#issuecomment-1693530474
lsf,1718195788,qasema,User,2023-09-13T19:27:37Z,2023-09-13T19:27:37Z,https://api.github.com/repos/BCStudentSoftwareDevTeam/lsf/issues/427,https://github.com/BCStudentSoftwareDevTeam/lsf/pull/427#issuecomment-1718195788
lsf,1725880578,andersoncedu,User,2023-09-19T15:21:52Z,2023-09-19T15:21:52Z,https://api.github.com/repos/BCStudentSoftwareDevTeam/lsf/issues/430,https://github.com/BCStudentSoftwareDevTeam/lsf/pull/430#issuecomment-1725880578
lsf,1728462169,gahimbaref,User,2023-09-20T21:38:58Z,2023-09-20T21:38:58Z,https://api.github.com/repos/BCStudentSoftwareDevTeam/lsf/issues/429,https://github.com/BCStudentSoftwareDevTeam/lsf/pull/429#issuecomment-1728462169
lsf,1729773222,AndersonStettner,User,2023-09-21T15:05:17Z,2023-09-21T15:05:17Z,https://api.github.com/repos/BCStudentSoftwareDevTeam/lsf/issues/421,https://github.com/BCStudentSoftwareDevTeam/lsf/pull/421#issuecomment-1729773222
lsf,1731699435,doucoureb,User,2023-09-22T16:21:40Z,2023-09-22T16:21:40Z,https://api.github.com/repos/BCStudentSoftwareDevTeam/lsf/issues/429,https://github.com/BCStudentSoftwareDevTeam/lsf/pull/429#issuecomment-1731699435
lsf,1731851033,doucoureb,User,2023-09-22T18:13:03Z,2023-09-22T18:13:03Z,https://api.github.com/repos/BCStudentSoftwareDevTeam/lsf/issues/420,https://github.com/BCStudentSoftwareDevTeam/lsf/pull/420#issuecomment-1731851033
lsf,1735727044,andersoncedu,User,2023-09-26T15:02:18Z,2023-09-26T15:02:49Z,https://api.github.com/repos/BCStudentSoftwareDevTeam/lsf/issues/421,https://github.com/BCStudentSoftwareDevTeam/lsf/pull/421#issuecomment-1735727044
lsf,1735829181,andersoncedu,User,2023-09-26T15:54:27Z,2023-09-26T15:54:27Z,https://api.github.com/repos/BCStudentSoftwareDevTeam/lsf/issues/421,https://github.com/BCStudentSoftwareDevTeam/lsf/pull/421#issuecomment-1735829181
lsf,1739901579,solijonovam,User,2023-09-28T19:39:36Z,2023-10-12T21:43:51Z,https://api.github.com/repos/BCStudentSoftwareDevTeam/lsf/issues/428,https://github.com/BCStudentSoftwareDevTeam/lsf/pull/428#issuecomment-1739901579
lsf,1740765713,AndersonStettner,User,2023-09-29T11:52:25Z,2023-09-29T11:52:25Z,https://api.github.com/repos/BCStudentSoftwareDevTeam/lsf/issues/431,https://github.com/BCStudentSoftwareDevTeam/lsf/issues/431#issuecomment-1740765713
lsf,1745290248,andersoncedu,User,2023-10-03T16:08:13Z,2023-10-03T16:08:13Z,https://api.github.com/repos/BCStudentSoftwareDevTeam/lsf/issues/432,https://github.com/BCStudentSoftwareDevTeam/lsf/pull/432#issuecomment-1745290248
lsf,1760386889,hoerstl,User,2023-10-12T21:26:20Z,2023-10-12T21:26:53Z,https://api.github.com/repos/BCStudentSoftwareDevTeam/lsf/issues/426,https://github.com/BCStudentSoftwareDevTeam/lsf/pull/426#issuecomment-1760386889
lsf,1760403475,hoerstl,User,2023-10-12T21:43:33Z,2023-10-12T21:43:33Z,https://api.github.com/repos/BCStudentSoftwareDevTeam/lsf/issues/428,https://github.com/BCStudentSoftwareDevTeam/lsf/pull/428#issuecomment-1760403475
lsf,1766367350,hoerstl,User,2023-10-17T12:57:42Z,2023-10-17T12:57:42Z,https://api.github.com/repos/BCStudentSoftwareDevTeam/lsf/issues/429,https://github.com/BCStudentSoftwareDevTeam/lsf/pull/429#issuecomment-1766367350
lsf,1775509193,hoerstl,User,2023-10-23T15:53:41Z,2023-10-23T15:53:41Z,https://api.github.com/repos/BCStudentSoftwareDevTeam/lsf/issues/428,https://github.com/BCStudentSoftwareDevTeam/lsf/pull/428#issuecomment-1775509193
lsf,1791149256,andersoncedu,User,2023-11-02T17:12:35Z,2023-11-02T17:12:35Z,https://api.github.com/repos/BCStudentSoftwareDevTeam/lsf/issues/430,https://github.com/BCStudentSoftwareDevTeam/lsf/pull/430#issuecomment-1791149256
lsf,1799117697,andersoncedu,User,2023-11-07T16:27:33Z,2023-11-07T16:27:33Z,https://api.github.com/repos/BCStudentSoftwareDevTeam/lsf/issues/421,https://github.com/BCStudentSoftwareDevTeam/lsf/pull/421#issuecomment-1799117697
lsf,1805694010,andersoncedu,User,2023-11-10T13:03:58Z,2023-11-10T13:03:58Z,https://api.github.com/repos/BCStudentSoftwareDevTeam/lsf/issues/428,https://github.com/BCStudentSoftwareDevTeam/lsf/pull/428#issuecomment-1805694010
lsf,1805733155,andersoncedu,User,2023-11-10T13:33:35Z,2023-11-10T13:33:35Z,https://api.github.com/repos/BCStudentSoftwareDevTeam/lsf/issues/426,https://github.com/BCStudentSoftwareDevTeam/lsf/pull/426#issuecomment-1805733155
lsf,1816830831,stevensonmichel,User,2023-11-17T17:38:48Z,2023-11-17T17:38:48Z,https://api.github.com/repos/BCStudentSoftwareDevTeam/lsf/issues/427,https://github.com/BCStudentSoftwareDevTeam/lsf/pull/427#issuecomment-1816830831
lsf,1834528443,hoerstl,User,2023-11-30T20:39:28Z,2023-11-30T20:39:28Z,https://api.github.com/repos/BCStudentSoftwareDevTeam/lsf/issues/428,https://github.com/BCStudentSoftwareDevTeam/lsf/pull/428#issuecomment-1834528443
lsf,1900932809,azabeli,User,2024-01-19T18:48:43Z,2024-01-19T18:48:43Z,https://api.github.com/repos/BCStudentSoftwareDevTeam/lsf/issues/430,https://github.com/BCStudentSoftwareDevTeam/lsf/pull/430#issuecomment-1900932809
lsf,1904425887,stevensonmichel,User,2024-01-22T17:00:37Z,2024-01-22T17:01:00Z,https://api.github.com/repos/BCStudentSoftwareDevTeam/lsf/issues/427,https://github.com/BCStudentSoftwareDevTeam/lsf/pull/427#issuecomment-1904425887
lsf,1934656280,andersoncedu,User,2024-02-08T17:53:57Z,2024-02-08T17:53:57Z,https://api.github.com/repos/BCStudentSoftwareDevTeam/lsf/issues/430,https://github.com/BCStudentSoftwareDevTeam/lsf/pull/430#issuecomment-1934656280
lsf,1956985206,andersoncedu,User,2024-02-21T15:38:56Z,2024-02-21T15:40:31Z,https://api.github.com/repos/BCStudentSoftwareDevTeam/lsf/issues/434,https://github.com/BCStudentSoftwareDevTeam/lsf/pull/434#issuecomment-1956985206
lsf,1961510210,stevensonmichel,User,2024-02-23T15:14:11Z,2024-02-23T15:14:11Z,https://api.github.com/repos/BCStudentSoftwareDevTeam/lsf/issues/434,https://github.com/BCStudentSoftwareDevTeam/lsf/pull/434#issuecomment-1961510210
lsf,1973625356,bledsoef,User,2024-03-01T17:48:17Z,2024-03-01T17:48:17Z,https://api.github.com/repos/BCStudentSoftwareDevTeam/lsf/issues/413,https://github.com/BCStudentSoftwareDevTeam/lsf/pull/413#issuecomment-1973625356
lsf,2013508178,hoerstl,User,2024-03-21T19:41:35Z,2024-03-21T19:41:35Z,https://api.github.com/repos/BCStudentSoftwareDevTeam/lsf/issues/434,https://github.com/BCStudentSoftwareDevTeam/lsf/pull/434#issuecomment-2013508178
lsf,2021394244,AndersonStettner,User,2024-03-26T20:23:08Z,2024-03-26T20:23:08Z,https://api.github.com/repos/BCStudentSoftwareDevTeam/lsf/issues/435,https://github.com/BCStudentSoftwareDevTeam/lsf/issues/435#issuecomment-2021394244
lsf,2318911377,bledsoef,User,2024-08-29T20:29:22Z,2024-08-29T20:29:22Z,https://api.github.com/repos/BCStudentSoftwareDevTeam/lsf/issues/388,https://github.com/BCStudentSoftwareDevTeam/lsf/issues/388#issuecomment-2318911377
lsf,2319022909,bledsoef,User,2024-08-29T21:17:46Z,2024-08-29T21:17:46Z,https://api.github.com/repos/BCStudentSoftwareDevTeam/lsf/issues/438,https://github.com/BCStudentSoftwareDevTeam/lsf/pull/438#issuecomment-2319022909
lsf,2333188714,bledsoef,User,2024-09-06T04:00:00Z,2024-09-06T04:00:00Z,https://api.github.com/repos/BCStudentSoftwareDevTeam/lsf/issues/438,https://github.com/BCStudentSoftwareDevTeam/lsf/pull/438#issuecomment-2333188714
lsf,2333225262,bledsoef,User,2024-09-06T04:46:18Z,2024-09-06T04:46:18Z,https://api.github.com/repos/BCStudentSoftwareDevTeam/lsf/issues/443,https://github.com/BCStudentSoftwareDevTeam/lsf/issues/443#issuecomment-2333225262
lsf,2333225348,bledsoef,User,2024-09-06T04:46:24Z,2024-09-06T04:46:24Z,https://api.github.com/repos/BCStudentSoftwareDevTeam/lsf/issues/444,https://github.com/BCStudentSoftwareDevTeam/lsf/pull/444#issuecomment-2333225348
lsf,2334746891,WackyWeaver,User,2024-09-06T20:15:01Z,2024-09-06T20:15:01Z,https://api.github.com/repos/BCStudentSoftwareDevTeam/lsf/issues/442,https://github.com/BCStudentSoftwareDevTeam/lsf/issues/442#issuecomment-2334746891
lsf,2334749345,WackyWeaver,User,2024-09-06T20:16:57Z,2024-09-06T20:16:57Z,https://api.github.com/repos/BCStudentSoftwareDevTeam/lsf/issues/441,https://github.com/BCStudentSoftwareDevTeam/lsf/issues/441#issuecomment-2334749345
lsf,2334750749,WackyWeaver,User,2024-09-06T20:18:10Z,2024-09-06T20:18:10Z,https://api.github.com/repos/BCStudentSoftwareDevTeam/lsf/issues/440,https://github.com/BCStudentSoftwareDevTeam/lsf/issues/440#issuecomment-2334750749
lsf,2363807823,stevensonmichel,User,2024-09-20T13:58:35Z,2024-09-20T14:04:51Z,https://api.github.com/repos/BCStudentSoftwareDevTeam/lsf/issues/444,https://github.com/BCStudentSoftwareDevTeam/lsf/pull/444#issuecomment-2363807823
lsf,2364519211,stevensonmichel,User,2024-09-20T19:51:21Z,2024-09-20T19:51:21Z,https://api.github.com/repos/BCStudentSoftwareDevTeam/lsf/issues/445,https://github.com/BCStudentSoftwareDevTeam/lsf/pull/445#issuecomment-2364519211
lsf,2369327782,WackyWeaver,User,2024-09-23T20:34:53Z,2024-09-23T20:34:53Z,https://api.github.com/repos/BCStudentSoftwareDevTeam/lsf/issues/444,https://github.com/BCStudentSoftwareDevTeam/lsf/pull/444#issuecomment-2369327782
lsf,2375152615,stevensonmichel,User,2024-09-25T20:07:15Z,2024-09-25T20:07:15Z,https://api.github.com/repos/BCStudentSoftwareDevTeam/lsf/issues/445,https://github.com/BCStudentSoftwareDevTeam/lsf/pull/445#issuecomment-2375152615
lsf,2375219064,WackyWeaver,User,2024-09-25T20:43:03Z,2024-09-25T20:43:03Z,https://api.github.com/repos/BCStudentSoftwareDevTeam/lsf/issues/445,https://github.com/BCStudentSoftwareDevTeam/lsf/pull/445#issuecomment-2375219064
lsf,2379395267,stevensonmichel,User,2024-09-27T14:19:13Z,2024-09-27T14:19:13Z,https://api.github.com/repos/BCStudentSoftwareDevTeam/lsf/issues/445,https://github.com/BCStudentSoftwareDevTeam/lsf/pull/445#issuecomment-2379395267
lsf,2392250540,bledsoef,User,2024-10-03T20:14:10Z,2024-10-03T20:14:10Z,https://api.github.com/repos/BCStudentSoftwareDevTeam/lsf/issues/444,https://github.com/BCStudentSoftwareDevTeam/lsf/pull/444#issuecomment-2392250540
lsf,2393834902,stevensonmichel,User,2024-10-04T14:22:50Z,2024-10-04T14:22:50Z,https://api.github.com/repos/BCStudentSoftwareDevTeam/lsf/issues/444,https://github.com/BCStudentSoftwareDevTeam/lsf/pull/444#issuecomment-2393834902
lsf,2438515497,bledsoef,User,2024-10-25T18:10:05Z,2024-10-25T18:10:05Z,https://api.github.com/repos/BCStudentSoftwareDevTeam/lsf/issues/447,https://github.com/BCStudentSoftwareDevTeam/lsf/pull/447#issuecomment-2438515497
lsf,2442181877,Karina-Agliullova,User,2024-10-28T17:18:33Z,2024-10-28T17:18:33Z,https://api.github.com/repos/BCStudentSoftwareDevTeam/lsf/issues/457,https://github.com/BCStudentSoftwareDevTeam/lsf/issues/457#issuecomment-2442181877
lsf,2442475644,stevensonmichel,User,2024-10-28T19:44:52Z,2024-10-28T19:44:52Z,https://api.github.com/repos/BCStudentSoftwareDevTeam/lsf/issues/447,https://github.com/BCStudentSoftwareDevTeam/lsf/pull/447#issuecomment-2442475644
lsf,2484638098,hoerstl,User,2024-11-19T03:35:52Z,2024-11-19T03:35:52Z,https://api.github.com/repos/BCStudentSoftwareDevTeam/lsf/issues/463,https://github.com/BCStudentSoftwareDevTeam/lsf/issues/463#issuecomment-2484638098
lsf,2515520556,hoerstl,User,2024-12-03T20:47:38Z,2024-12-03T20:47:38Z,https://api.github.com/repos/BCStudentSoftwareDevTeam/lsf/issues/465,https://github.com/BCStudentSoftwareDevTeam/lsf/issues/465#issuecomment-2515520556
lsf,2515531273,hoerstl,User,2024-12-03T20:54:17Z,2024-12-03T20:54:17Z,https://api.github.com/repos/BCStudentSoftwareDevTeam/lsf/issues/466,https://github.com/BCStudentSoftwareDevTeam/lsf/pull/466#issuecomment-2515531273
lsf,2518649420,hoerstl,User,2024-12-04T22:01:23Z,2024-12-04T22:01:59Z,https://api.github.com/repos/BCStudentSoftwareDevTeam/lsf/issues/466,https://github.com/BCStudentSoftwareDevTeam/lsf/pull/466#issuecomment-2518649420
lsf,2816089190,ojmakinde,User,2025-04-18T19:40:23Z,2025-04-18T19:40:23Z,https://api.github.com/repos/BCStudentSoftwareDevTeam/lsf/issues/456,https://github.com/BCStudentSoftwareDevTeam/lsf/issues/456#issuecomment-2816089190
lsf,2831622444,FStimmler,User,2025-04-25T23:45:08Z,2025-04-25T23:45:08Z,https://api.github.com/repos/BCStudentSoftwareDevTeam/lsf/issues/484,https://github.com/BCStudentSoftwareDevTeam/lsf/issues/484#issuecomment-2831622444
lsf,2842635142,stevensonmichel,User,2025-04-30T16:53:31Z,2025-04-30T16:53:31Z,https://api.github.com/repos/BCStudentSoftwareDevTeam/lsf/issues/477,https://github.com/BCStudentSoftwareDevTeam/lsf/pull/477#issuecomment-2842635142
lsf,2994746984,Karina-Agliullova,User,2025-06-23T02:53:18Z,2025-06-23T02:53:18Z,https://api.github.com/repos/BCStudentSoftwareDevTeam/lsf/issues/482,https://github.com/BCStudentSoftwareDevTeam/lsf/issues/482#issuecomment-2994746984
lsf,2994749360,Karina-Agliullova,User,2025-06-23T02:54:58Z,2025-06-23T02:54:58Z,https://api.github.com/repos/BCStudentSoftwareDevTeam/lsf/issues/484,https://github.com/BCStudentSoftwareDevTeam/lsf/issues/484#issuecomment-2994749360
lsf,3008884843,GalinaP7,User,2025-06-26T15:25:37Z,2025-06-26T15:25:37Z,https://api.github.com/repos/BCStudentSoftwareDevTeam/lsf/issues/480,https://github.com/BCStudentSoftwareDevTeam/lsf/issues/480#issuecomment-3008884843
lsf,3032983081,bakobagassas,User,2025-07-03T17:10:01Z,2025-07-03T17:10:01Z,https://api.github.com/repos/BCStudentSoftwareDevTeam/lsf/issues/492,https://github.com/BCStudentSoftwareDevTeam/lsf/pull/492#issuecomment-3032983081
lsf,3033014751,adjagbodjouf,User,2025-07-03T17:23:46Z,2025-07-11T14:53:05Z,https://api.github.com/repos/BCStudentSoftwareDevTeam/lsf/issues/492,https://github.com/BCStudentSoftwareDevTeam/lsf/pull/492#issuecomment-3033014751
lsf,3033026018,adjagbodjouf,User,2025-07-03T17:28:51Z,2025-07-03T17:28:51Z,https://api.github.com/repos/BCStudentSoftwareDevTeam/lsf/issues/492,https://github.com/BCStudentSoftwareDevTeam/lsf/pull/492#issuecomment-3033026018
lsf,3033166560,PuskarC,User,2025-07-03T18:23:07Z,2025-07-03T18:23:07Z,https://api.github.com/repos/BCStudentSoftwareDevTeam/lsf/issues/493,https://github.com/BCStudentSoftwareDevTeam/lsf/pull/493#issuecomment-3033166560
lsf,3045664201,petrosyantsa,User,2025-07-07T15:41:03Z,2025-07-07T15:41:03Z,https://api.github.com/repos/BCStudentSoftwareDevTeam/lsf/issues/494,https://github.com/BCStudentSoftwareDevTeam/lsf/pull/494#issuecomment-3045664201
lsf,3049425114,RueHaile,User,2025-07-08T15:33:52Z,2025-07-08T15:40:36Z,https://api.github.com/repos/BCStudentSoftwareDevTeam/lsf/issues/492,https://github.com/BCStudentSoftwareDevTeam/lsf/pull/492#issuecomment-3049425114
lsf,3063620106,BesherKitaz,User,2025-07-11T19:56:23Z,2025-07-15T13:23:10Z,https://api.github.com/repos/BCStudentSoftwareDevTeam/lsf/issues/492,https://github.com/BCStudentSoftwareDevTeam/lsf/pull/492#issuecomment-3063620106
lsf,3070013447,BesherKitaz,User,2025-07-14T15:26:09Z,2025-07-14T15:26:09Z,https://api.github.com/repos/BCStudentSoftwareDevTeam/lsf/issues/496,https://github.com/BCStudentSoftwareDevTeam/lsf/issues/496#issuecomment-3070013447
lsf,3103210320,BesherKitaz,User,2025-07-22T14:58:36Z,2025-07-22T14:58:36Z,https://api.github.com/repos/BCStudentSoftwareDevTeam/lsf/issues/500,https://github.com/BCStudentSoftwareDevTeam/lsf/pull/500#issuecomment-3103210320
lsf,3144840831,mathew2005,User,2025-08-01T14:48:11Z,2025-08-01T14:48:11Z,https://api.github.com/repos/BCStudentSoftwareDevTeam/lsf/issues/507,https://github.com/BCStudentSoftwareDevTeam/lsf/issues/507#issuecomment-3144840831
lsf,3233583964,ali-ramazani,User,2025-08-28T13:49:02Z,2025-08-28T13:49:02Z,https://api.github.com/repos/BCStudentSoftwareDevTeam/lsf/issues/505,https://github.com/BCStudentSoftwareDevTeam/lsf/issues/505#issuecomment-3233583964
lsf,3267881406,JohnCox2211,User,2025-09-08T20:30:58Z,2025-09-08T20:30:58Z,https://api.github.com/repos/BCStudentSoftwareDevTeam/lsf/issues/528,https://github.com/BCStudentSoftwareDevTeam/lsf/pull/528#issuecomment-3267881406
lsf,3267885040,JohnCox2211,User,2025-09-08T20:31:28Z,2025-09-08T20:31:28Z,https://api.github.com/repos/BCStudentSoftwareDevTeam/lsf/issues/528,https://github.com/BCStudentSoftwareDevTeam/lsf/pull/528#issuecomment-3267885040
lsf,3282230768,JohnCox2211,User,2025-09-11T18:47:47Z,2025-09-11T18:59:41Z,https://api.github.com/repos/BCStudentSoftwareDevTeam/lsf/issues/531,https://github.com/BCStudentSoftwareDevTeam/lsf/issues/531#issuecomment-3282230768
lsf,3285443860,ali-ramazani,User,2025-09-12T14:08:51Z,2025-09-12T14:08:51Z,https://api.github.com/repos/BCStudentSoftwareDevTeam/lsf/issues/535,https://github.com/BCStudentSoftwareDevTeam/lsf/pull/535#issuecomment-3285443860
lsf,3287008490,RueHaile,User,2025-09-12T22:30:57Z,2025-09-12T22:30:57Z,https://api.github.com/repos/BCStudentSoftwareDevTeam/lsf/issues/529,https://github.com/BCStudentSoftwareDevTeam/lsf/pull/529#issuecomment-3287008490
lsf,3325252016,bakobagassas,User,2025-09-23T19:20:01Z,2025-09-23T19:27:35Z,https://api.github.com/repos/BCStudentSoftwareDevTeam/lsf/issues/540,https://github.com/BCStudentSoftwareDevTeam/lsf/pull/540#issuecomment-3325252016
lsf,3325262210,bakobagassas,User,2025-09-23T19:23:25Z,2025-09-23T19:23:25Z,https://api.github.com/repos/BCStudentSoftwareDevTeam/lsf/issues/540,https://github.com/BCStudentSoftwareDevTeam/lsf/pull/540#issuecomment-3325262210
lsf,3348802141,JohnCox2211,User,2025-09-29T19:51:10Z,2025-09-29T21:21:03Z,https://api.github.com/repos/BCStudentSoftwareDevTeam/lsf/issues/540,https://github.com/BCStudentSoftwareDevTeam/lsf/pull/540#issuecomment-3348802141
lsf,3348805589,JohnCox2211,User,2025-09-29T19:52:18Z,2025-09-29T19:52:18Z,https://api.github.com/repos/BCStudentSoftwareDevTeam/lsf/issues/540,https://github.com/BCStudentSoftwareDevTeam/lsf/pull/540#issuecomment-3348805589
lsf,3353559215,JohnCox2211,User,2025-09-30T19:44:40Z,2025-09-30T19:44:40Z,https://api.github.com/repos/BCStudentSoftwareDevTeam/lsf/issues/540,https://github.com/BCStudentSoftwareDevTeam/lsf/pull/540#issuecomment-3353559215
lsf,3399375615,MImran2002,User,2025-10-13T23:20:18Z,2025-10-13T23:20:18Z,https://api.github.com/repos/BCStudentSoftwareDevTeam/lsf/issues/544,https://github.com/BCStudentSoftwareDevTeam/lsf/pull/544#issuecomment-3399375615
lsf,3429927691,MImran2002,User,2025-10-21T23:32:26Z,2025-10-21T23:32:26Z,https://api.github.com/repos/BCStudentSoftwareDevTeam/lsf/issues/542,https://github.com/BCStudentSoftwareDevTeam/lsf/pull/542#issuecomment-3429927691
lsf,3433708495,JohnCox2211,User,2025-10-22T18:33:45Z,2025-10-22T18:33:45Z,https://api.github.com/repos/BCStudentSoftwareDevTeam/lsf/issues/542,https://github.com/BCStudentSoftwareDevTeam/lsf/pull/542#issuecomment-3433708495
lsf,3434466396,MImran2002,User,2025-10-22T23:00:18Z,2025-10-22T23:01:27Z,https://api.github.com/repos/BCStudentSoftwareDevTeam/lsf/issues/542,https://github.com/BCStudentSoftwareDevTeam/lsf/pull/542#issuecomment-3434466396
lsf,3474072111,JohnCox2211,User,2025-10-31T17:15:17Z,2025-10-31T17:15:17Z,https://api.github.com/repos/BCStudentSoftwareDevTeam/lsf/issues/544,https://github.com/BCStudentSoftwareDevTeam/lsf/pull/544#issuecomment-3474072111
lsf,3480677815,Meatchema,User,2025-11-03T13:58:09Z,2025-11-03T13:58:09Z,https://api.github.com/repos/BCStudentSoftwareDevTeam/lsf/issues/546,https://github.com/BCStudentSoftwareDevTeam/lsf/pull/546#issuecomment-3480677815
lsf,3483065648,MImran2002,User,2025-11-03T23:56:58Z,2025-11-03T23:56:58Z,https://api.github.com/repos/BCStudentSoftwareDevTeam/lsf/issues/546,https://github.com/BCStudentSoftwareDevTeam/lsf/pull/546#issuecomment-3483065648
lsf,3483164048,MImran2002,User,2025-11-04T00:19:30Z,2025-11-04T00:19:30Z,https://api.github.com/repos/BCStudentSoftwareDevTeam/lsf/issues/541,https://github.com/BCStudentSoftwareDevTeam/lsf/pull/541#issuecomment-3483164048
lsf,3487935539,RueHaile,User,2025-11-04T20:40:18Z,2025-11-04T20:40:18Z,https://api.github.com/repos/BCStudentSoftwareDevTeam/lsf/issues/546,https://github.com/BCStudentSoftwareDevTeam/lsf/pull/546#issuecomment-3487935539
lsf,3488246562,MImran2002,User,2025-11-04T22:35:53Z,2025-11-04T22:35:53Z,https://api.github.com/repos/BCStudentSoftwareDevTeam/lsf/issues/546,https://github.com/BCStudentSoftwareDevTeam/lsf/pull/546#issuecomment-3488246562
lsf,3488250079,RueHaile,User,2025-11-04T22:37:09Z,2025-11-04T22:37:09Z,https://api.github.com/repos/BCStudentSoftwareDevTeam/lsf/issues/541,https://github.com/BCStudentSoftwareDevTeam/lsf/pull/541#issuecomment-3488250079
lsf,3488275822,JohnCox2211,User,2025-11-04T22:47:31Z,2025-11-04T22:47:31Z,https://api.github.com/repos/BCStudentSoftwareDevTeam/lsf/issues/544,https://github.com/BCStudentSoftwareDevTeam/lsf/pull/544#issuecomment-3488275822
lsf,3488291069,MImran2002,User,2025-11-04T22:53:49Z,2025-11-04T22:53:49Z,https://api.github.com/repos/BCStudentSoftwareDevTeam/lsf/issues/544,https://github.com/BCStudentSoftwareDevTeam/lsf/pull/544#issuecomment-3488291069
lsf,3493228259,JohnCox2211,User,2025-11-05T20:26:42Z,2025-11-05T20:26:42Z,https://api.github.com/repos/BCStudentSoftwareDevTeam/lsf/issues/544,https://github.com/BCStudentSoftwareDevTeam/lsf/pull/544#issuecomment-3493228259
lsf,3493270383,JohnCox2211,User,2025-11-05T20:33:58Z,2025-11-05T20:33:58Z,https://api.github.com/repos/BCStudentSoftwareDevTeam/lsf/issues/542,https://github.com/BCStudentSoftwareDevTeam/lsf/pull/542#issuecomment-3493270383
lsf,3504101814,bakobagassas,User,2025-11-07T18:21:18Z,2025-11-07T18:21:18Z,https://api.github.com/repos/BCStudentSoftwareDevTeam/lsf/issues/542,https://github.com/BCStudentSoftwareDevTeam/lsf/pull/542#issuecomment-3504101814
lsf,3513366927,eunsungw,User,2025-11-10T18:42:34Z,2025-11-10T18:46:09Z,https://api.github.com/repos/BCStudentSoftwareDevTeam/lsf/issues/546,https://github.com/BCStudentSoftwareDevTeam/lsf/pull/546#issuecomment-3513366927
lsf,3513510442,eunsungw,User,2025-11-10T19:19:04Z,2025-11-10T19:19:04Z,https://api.github.com/repos/BCStudentSoftwareDevTeam/lsf/issues/546,https://github.com/BCStudentSoftwareDevTeam/lsf/pull/546#issuecomment-3513510442
lsf,3513794529,JohnCox2211,User,2025-11-10T20:33:15Z,2025-11-10T20:39:05Z,https://api.github.com/repos/BCStudentSoftwareDevTeam/lsf/issues/546,https://github.com/BCStudentSoftwareDevTeam/lsf/pull/546#issuecomment-3513794529
lsf,3513980629,MImran2002,User,2025-11-10T21:34:38Z,2025-11-10T21:34:38Z,https://api.github.com/repos/BCStudentSoftwareDevTeam/lsf/issues/546,https://github.com/BCStudentSoftwareDevTeam/lsf/pull/546#issuecomment-3513980629
lsf,3513983774,MImran2002,User,2025-11-10T21:35:38Z,2025-11-10T21:35:38Z,https://api.github.com/repos/BCStudentSoftwareDevTeam/lsf/issues/546,https://github.com/BCStudentSoftwareDevTeam/lsf/pull/546#issuecomment-3513983774
lsf,3514200964,RueHaile,User,2025-11-10T22:40:30Z,2025-11-10T22:44:26Z,https://api.github.com/repos/BCStudentSoftwareDevTeam/lsf/issues/544,https://github.com/BCStudentSoftwareDevTeam/lsf/pull/544#issuecomment-3514200964
lsf,3518659892,RueHaile,User,2025-11-11T20:40:24Z,2025-11-11T20:40:24Z,https://api.github.com/repos/BCStudentSoftwareDevTeam/lsf/issues/538,https://github.com/BCStudentSoftwareDevTeam/lsf/pull/538#issuecomment-3518659892
lsf,3518689404,Meatchema,User,2025-11-11T20:52:21Z,2025-11-11T20:52:21Z,https://api.github.com/repos/BCStudentSoftwareDevTeam/lsf/issues/538,https://github.com/BCStudentSoftwareDevTeam/lsf/pull/538#issuecomment-3518689404
lsf,3518703050,Meatchema,User,2025-11-11T20:57:52Z,2025-11-11T20:57:52Z,https://api.github.com/repos/BCStudentSoftwareDevTeam/lsf/issues/538,https://github.com/BCStudentSoftwareDevTeam/lsf/pull/538#issuecomment-3518703050
lsf,3523793398,JohnCox2211,User,2025-11-12T20:31:50Z,2025-11-12T20:31:50Z,https://api.github.com/repos/BCStudentSoftwareDevTeam/lsf/issues/541,https://github.com/BCStudentSoftwareDevTeam/lsf/pull/541#issuecomment-3523793398
lsf,3543434634,ojmakinde,User,2025-11-17T19:03:03Z,2025-11-17T19:03:03Z,https://api.github.com/repos/BCStudentSoftwareDevTeam/lsf/issues/550,https://github.com/BCStudentSoftwareDevTeam/lsf/pull/550#issuecomment-3543434634
lsf,3544515874,RueHaile,User,2025-11-18T00:30:18Z,2025-11-18T01:08:18Z,https://api.github.com/repos/BCStudentSoftwareDevTeam/lsf/issues/538,https://github.com/BCStudentSoftwareDevTeam/lsf/pull/538#issuecomment-3544515874
lsf,3549552294,Meatchema,User,2025-11-18T21:40:59Z,2025-11-18T21:40:59Z,https://api.github.com/repos/BCStudentSoftwareDevTeam/lsf/issues/538,https://github.com/BCStudentSoftwareDevTeam/lsf/pull/538#issuecomment-3549552294
lsf,3549876744,RueHaile,User,2025-11-18T23:32:12Z,2025-11-18T23:32:12Z,https://api.github.com/repos/BCStudentSoftwareDevTeam/lsf/issues/538,https://github.com/BCStudentSoftwareDevTeam/lsf/pull/538#issuecomment-3549876744
lsf,3555411229,Kafui123,User,2025-11-20T01:53:18Z,2025-11-20T01:53:18Z,https://api.github.com/repos/BCStudentSoftwareDevTeam/lsf/issues/550,https://github.com/BCStudentSoftwareDevTeam/lsf/pull/550#issuecomment-3555411229
lsf,3555494191,Kafui123,User,2025-11-20T02:27:35Z,2025-11-20T02:27:35Z,https://api.github.com/repos/BCStudentSoftwareDevTeam/lsf/issues/550,https://github.com/BCStudentSoftwareDevTeam/lsf/pull/550#issuecomment-3555494191
lsf,3560138390,MImran2002,User,2025-11-20T21:36:24Z,2025-11-20T21:36:24Z,https://api.github.com/repos/BCStudentSoftwareDevTeam/lsf/issues/546,https://github.com/BCStudentSoftwareDevTeam/lsf/pull/546#issuecomment-3560138390
lsf,3560301975,MImran2002,User,2025-11-20T22:13:50Z,2025-11-20T22:13:50Z,https://api.github.com/repos/BCStudentSoftwareDevTeam/lsf/issues/541,https://github.com/BCStudentSoftwareDevTeam/lsf/pull/541#issuecomment-3560301975
lsf,3657391350,MImran2002,User,2025-12-15T20:09:24Z,2025-12-15T20:09:24Z,https://api.github.com/repos/BCStudentSoftwareDevTeam/lsf/issues/550,https://github.com/BCStudentSoftwareDevTeam/lsf/pull/550#issuecomment-3657391350
lsf,3780839547,JohnCox2211,User,2026-01-21T19:47:44Z,2026-01-21T19:47:44Z,https://api.github.com/repos/BCStudentSoftwareDevTeam/lsf/issues/558,https://github.com/BCStudentSoftwareDevTeam/lsf/pull/558#issuecomment-3780839547
lsf,3835785564,Karina-Agliullova,User,2026-02-02T15:18:10Z,2026-02-02T15:18:10Z,https://api.github.com/repos/BCStudentSoftwareDevTeam/lsf/issues/533,https://github.com/BCStudentSoftwareDevTeam/lsf/issues/533#issuecomment-3835785564
lsf,3855931628,JohnCox2211,User,2026-02-05T20:05:33Z,2026-02-05T20:23:21Z,https://api.github.com/repos/BCStudentSoftwareDevTeam/lsf/issues/563,https://github.com/BCStudentSoftwareDevTeam/lsf/pull/563#issuecomment-3855931628
lsf,3856099436,Meatchema,User,2026-02-05T20:46:27Z,2026-02-05T20:46:27Z,https://api.github.com/repos/BCStudentSoftwareDevTeam/lsf/issues/564,https://github.com/BCStudentSoftwareDevTeam/lsf/pull/564#issuecomment-3856099436
lsf,3881227184,RueHaile,User,2026-02-10T23:13:38Z,2026-02-10T23:13:38Z,https://api.github.com/repos/BCStudentSoftwareDevTeam/lsf/issues/564,https://github.com/BCStudentSoftwareDevTeam/lsf/pull/564#issuecomment-3881227184
lsf,3893275532,Meatchema,User,2026-02-12T20:39:29Z,2026-02-12T20:39:29Z,https://api.github.com/repos/BCStudentSoftwareDevTeam/lsf/issues/564,https://github.com/BCStudentSoftwareDevTeam/lsf/pull/564#issuecomment-3893275532
lsf,3893658600,RueHaile,User,2026-02-12T22:07:35Z,2026-02-13T20:45:04Z,https://api.github.com/repos/BCStudentSoftwareDevTeam/lsf/issues/564,https://github.com/BCStudentSoftwareDevTeam/lsf/pull/564#issuecomment-3893658600
lsf,3910489291,RueHaile,User,2026-02-16T20:59:41Z,2026-02-16T20:59:41Z,https://api.github.com/repos/BCStudentSoftwareDevTeam/lsf/issues/564,https://github.com/BCStudentSoftwareDevTeam/lsf/pull/564#issuecomment-3910489291
lsf,3928136168,RueHaile,User,2026-02-19T15:50:35Z,2026-02-19T15:50:35Z,https://api.github.com/repos/BCStudentSoftwareDevTeam/lsf/issues/564,https://github.com/BCStudentSoftwareDevTeam/lsf/pull/564#issuecomment-3928136168
lsf,3930064702,Meatchema,User,2026-02-19T21:11:11Z,2026-02-19T21:11:11Z,https://api.github.com/repos/BCStudentSoftwareDevTeam/lsf/issues/564,https://github.com/BCStudentSoftwareDevTeam/lsf/pull/564#issuecomment-3930064702
lsf,3937304380,RueHaile,User,2026-02-20T21:46:01Z,2026-02-20T21:46:01Z,https://api.github.com/repos/BCStudentSoftwareDevTeam/lsf/issues/564,https://github.com/BCStudentSoftwareDevTeam/lsf/pull/564#issuecomment-3937304380
lsf,3954820785,Kafui123,User,2026-02-24T21:25:34Z,2026-02-24T21:25:34Z,https://api.github.com/repos/BCStudentSoftwareDevTeam/lsf/issues/563,https://github.com/BCStudentSoftwareDevTeam/lsf/pull/563#issuecomment-3954820785
lsf,3962147578,JohnCox2211,User,2026-02-25T21:19:08Z,2026-02-25T21:19:08Z,https://api.github.com/repos/BCStudentSoftwareDevTeam/lsf/issues/563,https://github.com/BCStudentSoftwareDevTeam/lsf/pull/563#issuecomment-3962147578
lsf,3962205010,JohnCox2211,User,2026-02-25T21:28:47Z,2026-02-25T21:28:47Z,https://api.github.com/repos/BCStudentSoftwareDevTeam/lsf/issues/563,https://github.com/BCStudentSoftwareDevTeam/lsf/pull/563#issuecomment-3962205010
lsf,4026197232,RueHaile,User,2026-03-09T19:26:55Z,2026-03-09T19:26:55Z,https://api.github.com/repos/BCStudentSoftwareDevTeam/lsf/issues/564,https://github.com/BCStudentSoftwareDevTeam/lsf/pull/564#issuecomment-4026197232
lsf,4026821736,RueHaile,User,2026-03-09T20:49:13Z,2026-03-09T20:49:13Z,https://api.github.com/repos/BCStudentSoftwareDevTeam/lsf/issues/563,https://github.com/BCStudentSoftwareDevTeam/lsf/pull/563#issuecomment-4026821736
lsf,4033455525,JohnCox2211,User,2026-03-10T18:11:38Z,2026-03-10T18:11:38Z,https://api.github.com/repos/BCStudentSoftwareDevTeam/lsf/issues/563,https://github.com/BCStudentSoftwareDevTeam/lsf/pull/563#issuecomment-4033455525
lsf,4078119227,RueHaile,User,2026-03-17T21:30:49Z,2026-03-17T21:30:49Z,https://api.github.com/repos/BCStudentSoftwareDevTeam/lsf/issues/564,https://github.com/BCStudentSoftwareDevTeam/lsf/pull/564#issuecomment-4078119227
lsf,4082973203,MImran2002,User,2026-03-18T14:26:48Z,2026-03-18T14:26:48Z,https://api.github.com/repos/BCStudentSoftwareDevTeam/lsf/issues/568,https://github.com/BCStudentSoftwareDevTeam/lsf/pull/568#issuecomment-4082973203
lsf,4085524414,JohnCox2211,User,2026-03-18T20:55:32Z,2026-03-18T20:55:32Z,https://api.github.com/repos/BCStudentSoftwareDevTeam/lsf/issues/569,https://github.com/BCStudentSoftwareDevTeam/lsf/pull/569#issuecomment-4085524414
lsf,4085533066,JohnCox2211,User,2026-03-18T20:57:15Z,2026-03-18T20:57:15Z,https://api.github.com/repos/BCStudentSoftwareDevTeam/lsf/issues/569,https://github.com/BCStudentSoftwareDevTeam/lsf/pull/569#issuecomment-4085533066
lsf,4107082499,MImran2002,User,2026-03-22T22:08:52Z,2026-03-22T22:08:52Z,https://api.github.com/repos/BCStudentSoftwareDevTeam/lsf/issues/569,https://github.com/BCStudentSoftwareDevTeam/lsf/pull/569#issuecomment-4107082499
lsf,4165432063,JohnCox2211,User,2026-03-31T20:51:15Z,2026-03-31T20:51:15Z,https://api.github.com/repos/BCStudentSoftwareDevTeam/lsf/issues/567,https://github.com/BCStudentSoftwareDevTeam/lsf/pull/567#issuecomment-4165432063
lsf,4165872392,RueHaile,User,2026-03-31T22:05:49Z,2026-03-31T22:05:49Z,https://api.github.com/repos/BCStudentSoftwareDevTeam/lsf/issues/563,https://github.com/BCStudentSoftwareDevTeam/lsf/pull/563#issuecomment-4165872392
lsf,4165875380,RueHaile,User,2026-03-31T22:06:31Z,2026-03-31T22:06:31Z,https://api.github.com/repos/BCStudentSoftwareDevTeam/lsf/issues/563,https://github.com/BCStudentSoftwareDevTeam/lsf/pull/563#issuecomment-4165875380
lsf,4172962628,JohnCox2211,User,2026-04-01T21:05:14Z,2026-04-01T21:05:14Z,https://api.github.com/repos/BCStudentSoftwareDevTeam/lsf/issues/563,https://github.com/BCStudentSoftwareDevTeam/lsf/pull/563#issuecomment-4172962628
lsf,4194479157,RueHaile,User,2026-04-06T19:20:46Z,2026-04-06T19:20:46Z,https://api.github.com/repos/BCStudentSoftwareDevTeam/lsf/issues/564,https://github.com/BCStudentSoftwareDevTeam/lsf/pull/564#issuecomment-4194479157
lsf,4217035939,RueHaile,User,2026-04-09T19:40:54Z,2026-04-09T19:40:54Z,https://api.github.com/repos/BCStudentSoftwareDevTeam/lsf/issues/563,https://github.com/BCStudentSoftwareDevTeam/lsf/pull/563#issuecomment-4217035939
lsf,4217888493,RueHaile,User,2026-04-09T22:02:00Z,2026-04-09T22:02:00Z,https://api.github.com/repos/BCStudentSoftwareDevTeam/lsf/issues/564,https://github.com/BCStudentSoftwareDevTeam/lsf/pull/564#issuecomment-4217888493
lsf,4245814304,Kafui123,User,2026-04-14T17:15:52Z,2026-04-14T17:15:52Z,https://api.github.com/repos/BCStudentSoftwareDevTeam/lsf/issues/571,https://github.com/BCStudentSoftwareDevTeam/lsf/pull/571#issuecomment-4245814304
lsf,4247090537,Arohasina,User,2026-04-14T20:55:39Z,2026-04-14T20:55:39Z,https://api.github.com/repos/BCStudentSoftwareDevTeam/lsf/issues/571,https://github.com/BCStudentSoftwareDevTeam/lsf/pull/571#issuecomment-4247090537
lsf,4263283809,Kafui123,User,2026-04-16T20:43:22Z,2026-04-16T20:43:22Z,https://api.github.com/repos/BCStudentSoftwareDevTeam/lsf/issues/571,https://github.com/BCStudentSoftwareDevTeam/lsf/pull/571#issuecomment-4263283809
lsf,4482099464,Karina-Agliullova,User,2026-05-18T20:54:14Z,2026-05-18T20:54:14Z,https://api.github.com/repos/BCStudentSoftwareDevTeam/lsf/issues/573,https://github.com/BCStudentSoftwareDevTeam/lsf/issues/573#issuecomment-4482099464
lsf,4482120851,Karina-Agliullova,User,2026-05-18T20:56:24Z,2026-05-18T20:56:24Z,https://api.github.com/repos/BCStudentSoftwareDevTeam/lsf/issues/574,https://github.com/BCStudentSoftwareDevTeam/lsf/issues/574#issuecomment-4482120851
lsf,4482143559,Karina-Agliullova,User,2026-05-18T20:58:39Z,2026-05-18T20:58:39Z,https://api.github.com/repos/BCStudentSoftwareDevTeam/lsf/issues/575,https://github.com/BCStudentSoftwareDevTeam/lsf/issues/575#issuecomment-4482143559
lsf,4499616305,Karina-Agliullova,User,2026-05-20T14:52:49Z,2026-05-20T14:52:49Z,https://api.github.com/repos/BCStudentSoftwareDevTeam/lsf/issues/576,https://github.com/BCStudentSoftwareDevTeam/lsf/issues/576#issuecomment-4499616305
lsf,4499841084,Karina-Agliullova,User,2026-05-20T15:17:28Z,2026-05-20T15:17:28Z,https://api.github.com/repos/BCStudentSoftwareDevTeam/lsf/issues/577,https://github.com/BCStudentSoftwareDevTeam/lsf/issues/577#issuecomment-4499841084
lsf,4499869690,Karina-Agliullova,User,2026-05-20T15:20:31Z,2026-05-20T15:20:31Z,https://api.github.com/repos/BCStudentSoftwareDevTeam/lsf/issues/578,https://github.com/BCStudentSoftwareDevTeam/lsf/issues/578#issuecomment-4499869690
lsf,4499895019,Karina-Agliullova,User,2026-05-20T15:23:02Z,2026-05-20T15:23:02Z,https://api.github.com/repos/BCStudentSoftwareDevTeam/lsf/issues/579,https://github.com/BCStudentSoftwareDevTeam/lsf/issues/579#issuecomment-4499895019
lsf,4501237999,Karina-Agliullova,User,2026-05-20T18:09:42Z,2026-05-20T18:09:42Z,https://api.github.com/repos/BCStudentSoftwareDevTeam/lsf/issues/580,https://github.com/BCStudentSoftwareDevTeam/lsf/issues/580#issuecomment-4501237999
lsf,4695509966,MImran2002,User,2026-06-12T21:13:43Z,2026-06-12T21:13:43Z,https://api.github.com/repos/BCStudentSoftwareDevTeam/lsf/issues/567,https://github.com/BCStudentSoftwareDevTeam/lsf/pull/567#issuecomment-4695509966
lsf,4723270808,conwelld,User,2026-06-16T20:28:07Z,2026-06-16T20:28:07Z,https://api.github.com/repos/BCStudentSoftwareDevTeam/lsf/issues/582,https://github.com/BCStudentSoftwareDevTeam/lsf/pull/582#issuecomment-4723270808
lsf,4752224940,nahom70,User,2026-06-19T14:03:17Z,2026-06-19T14:03:17Z,https://api.github.com/repos/BCStudentSoftwareDevTeam/lsf/issues/583,https://github.com/BCStudentSoftwareDevTeam/lsf/pull/583#issuecomment-4752224940
lsf,4780111085,BetterRocket,User,2026-06-23T14:09:17Z,2026-06-23T14:09:17Z,https://api.github.com/repos/BCStudentSoftwareDevTeam/lsf/issues/524,https://github.com/BCStudentSoftwareDevTeam/lsf/issues/524#issuecomment-4780111085
lsf,4780133375,ArtemKurasov,User,2026-06-23T14:11:50Z,2026-06-23T14:11:50Z,https://api.github.com/repos/BCStudentSoftwareDevTeam/lsf/issues/583,https://github.com/BCStudentSoftwareDevTeam/lsf/pull/583#issuecomment-4780133375
lsf,4781685936,conwelld,User,2026-06-23T17:16:01Z,2026-06-23T17:16:01Z,https://api.github.com/repos/BCStudentSoftwareDevTeam/lsf/issues/585,https://github.com/BCStudentSoftwareDevTeam/lsf/issues/585#issuecomment-4781685936
lsf,4835924480,MImran2002,User,2026-06-29T18:52:27Z,2026-06-29T18:52:27Z,https://api.github.com/repos/BCStudentSoftwareDevTeam/lsf/issues/594,https://github.com/BCStudentSoftwareDevTeam/lsf/issues/594#issuecomment-4835924480
lsf,4856716660,MImran2002,User,2026-07-01T15:07:18Z,2026-07-01T15:07:54Z,https://api.github.com/repos/BCStudentSoftwareDevTeam/lsf/issues/593,https://github.com/BCStudentSoftwareDevTeam/lsf/pull/593#issuecomment-4856716660
lsf,4857368167,BhushanSah,User,2026-07-01T16:00:46Z,2026-07-01T16:00:46Z,https://api.github.com/repos/BCStudentSoftwareDevTeam/lsf/issues/592,https://github.com/BCStudentSoftwareDevTeam/lsf/pull/592#issuecomment-4857368167
lsf,4857376009,BhushanSah,User,2026-07-01T16:01:22Z,2026-07-01T16:01:22Z,https://api.github.com/repos/BCStudentSoftwareDevTeam/lsf/issues/592,https://github.com/BCStudentSoftwareDevTeam/lsf/pull/592#issuecomment-4857376009
lsf,4857379796,BhushanSah,User,2026-07-01T16:01:37Z,2026-07-01T16:01:37Z,https://api.github.com/repos/BCStudentSoftwareDevTeam/lsf/issues/592,https://github.com/BCStudentSoftwareDevTeam/lsf/pull/592#issuecomment-4857379796
lsf,4896153662,MImran2002,User,2026-07-06T18:13:45Z,2026-07-06T18:13:45Z,https://api.github.com/repos/BCStudentSoftwareDevTeam/lsf/issues/587,https://github.com/BCStudentSoftwareDevTeam/lsf/pull/587#issuecomment-4896153662
lsf,4896217954,MImran2002,User,2026-07-06T18:20:56Z,2026-07-06T18:20:56Z,https://api.github.com/repos/BCStudentSoftwareDevTeam/lsf/issues/592,https://github.com/BCStudentSoftwareDevTeam/lsf/pull/592#issuecomment-4896217954
lsf,4897615940,MImran2002,User,2026-07-06T21:07:01Z,2026-07-06T21:07:01Z,https://api.github.com/repos/BCStudentSoftwareDevTeam/lsf/issues/589,https://github.com/BCStudentSoftwareDevTeam/lsf/pull/589#issuecomment-4897615940
lsf,4897652121,MImran2002,User,2026-07-06T21:11:45Z,2026-07-06T21:11:45Z,https://api.github.com/repos/BCStudentSoftwareDevTeam/lsf/issues/587,https://github.com/BCStudentSoftwareDevTeam/lsf/pull/587#issuecomment-4897652121
lsf,4903841955,DanielRukwasha,User,2026-07-07T12:34:50Z,2026-07-07T12:34:50Z,https://api.github.com/repos/BCStudentSoftwareDevTeam/lsf/issues/634,https://github.com/BCStudentSoftwareDevTeam/lsf/pull/634#issuecomment-4903841955
lsf,4915702878,DanielRukwasha,User,2026-07-08T14:12:23Z,2026-07-08T14:12:23Z,https://api.github.com/repos/BCStudentSoftwareDevTeam/lsf/issues/636,https://github.com/BCStudentSoftwareDevTeam/lsf/pull/636#issuecomment-4915702878
lsf,4917710899,MImran2002,User,2026-07-08T18:00:07Z,2026-07-08T18:00:07Z,https://api.github.com/repos/BCStudentSoftwareDevTeam/lsf/issues/582,https://github.com/BCStudentSoftwareDevTeam/lsf/pull/582#issuecomment-4917710899
lsf,4917730812,MImran2002,User,2026-07-08T18:02:43Z,2026-07-08T18:02:43Z,https://api.github.com/repos/BCStudentSoftwareDevTeam/lsf/issues/592,https://github.com/BCStudentSoftwareDevTeam/lsf/pull/592#issuecomment-4917730812
lsf,4917753836,conwelld,User,2026-07-08T18:04:59Z,2026-07-08T18:04:59Z,https://api.github.com/repos/BCStudentSoftwareDevTeam/lsf/issues/639,https://github.com/BCStudentSoftwareDevTeam/lsf/pull/639#issuecomment-4917753836
lsf,4918408365,MImran2002,User,2026-07-08T19:18:41Z,2026-07-08T19:18:41Z,https://api.github.com/repos/BCStudentSoftwareDevTeam/lsf/issues/598,https://github.com/BCStudentSoftwareDevTeam/lsf/pull/598#issuecomment-4918408365
lsf,4925420531,DanielRukwasha,User,2026-07-09T13:16:29Z,2026-07-09T13:20:07Z,https://api.github.com/repos/BCStudentSoftwareDevTeam/lsf/issues/634,https://github.com/BCStudentSoftwareDevTeam/lsf/pull/634#issuecomment-4925420531
lsf,4927866849,MImran2002,User,2026-07-09T17:32:43Z,2026-07-09T17:32:43Z,https://api.github.com/repos/BCStudentSoftwareDevTeam/lsf/issues/638,https://github.com/BCStudentSoftwareDevTeam/lsf/pull/638#issuecomment-4927866849
lsf,4928065050,BetterRocket,User,2026-07-09T17:58:26Z,2026-07-09T17:58:26Z,https://api.github.com/repos/BCStudentSoftwareDevTeam/lsf/issues/639,https://github.com/BCStudentSoftwareDevTeam/lsf/pull/639#issuecomment-4928065050
lsf,4928468381,conwelld,User,2026-07-09T18:49:21Z,2026-07-09T18:49:21Z,https://api.github.com/repos/BCStudentSoftwareDevTeam/lsf/issues/643,https://github.com/BCStudentSoftwareDevTeam/lsf/pull/643#issuecomment-4928468381
lsf,4928620188,BhushanSah,User,2026-07-09T19:07:02Z,2026-07-09T19:07:02Z,https://api.github.com/repos/BCStudentSoftwareDevTeam/lsf/issues/641,https://github.com/BCStudentSoftwareDevTeam/lsf/pull/641#issuecomment-4928620188
lsf,4939068789,BetterRocket,User,2026-07-10T20:02:42Z,2026-07-10T20:03:27Z,https://api.github.com/repos/BCStudentSoftwareDevTeam/lsf/issues/641,https://github.com/BCStudentSoftwareDevTeam/lsf/pull/641#issuecomment-4939068789
lsf,5035749482,DanielRukwasha,User,2026-07-21T15:12:59Z,2026-07-21T15:12:59Z,https://api.github.com/repos/BCStudentSoftwareDevTeam/lsf/issues/636,https://github.com/BCStudentSoftwareDevTeam/lsf/pull/636#issuecomment-5035749482
lsf,5035915810,conwelld,User,2026-07-21T15:28:59Z,2026-07-21T15:28:59Z,https://api.github.com/repos/BCStudentSoftwareDevTeam/lsf/issues/654,https://github.com/BCStudentSoftwareDevTeam/lsf/pull/654#issuecomment-5035915810
lsf,5036015578,fritzj2,User,2026-07-21T15:39:03Z,2026-07-21T15:39:03Z,https://api.github.com/repos/BCStudentSoftwareDevTeam/lsf/issues/638,https://github.com/BCStudentSoftwareDevTeam/lsf/pull/638#issuecomment-5036015578
lsf,5036206388,conwelld,User,2026-07-21T15:59:02Z,2026-07-21T15:59:02Z,https://api.github.com/repos/BCStudentSoftwareDevTeam/lsf/issues/655,https://github.com/BCStudentSoftwareDevTeam/lsf/pull/655#issuecomment-5036206388
lsf,5037616623,BetterRocket,User,2026-07-21T18:28:13Z,2026-07-21T18:28:13Z,https://api.github.com/repos/BCStudentSoftwareDevTeam/lsf/issues/654,https://github.com/BCStudentSoftwareDevTeam/lsf/pull/654#issuecomment-5037616623
lsf,5037843776,BhushanSah,User,2026-07-21T18:51:46Z,2026-07-21T18:51:46Z,https://api.github.com/repos/BCStudentSoftwareDevTeam/lsf/issues/627,https://github.com/BCStudentSoftwareDevTeam/lsf/pull/627#issuecomment-5037843776
lsf,5047107043,nahom70,User,2026-07-22T14:08:39Z,2026-07-22T14:08:39Z,https://api.github.com/repos/BCStudentSoftwareDevTeam/lsf/issues/656,https://github.com/BCStudentSoftwareDevTeam/lsf/pull/656#issuecomment-5047107043
lsf,5047221717,nahom70,User,2026-07-22T14:14:57Z,2026-07-22T14:14:57Z,https://api.github.com/repos/BCStudentSoftwareDevTeam/lsf/issues/644,https://github.com/BCStudentSoftwareDevTeam/lsf/issues/644#issuecomment-5047221717
lsf,5047832087,NYABUTOA,User,2026-07-22T15:03:09Z,2026-07-22T15:03:09Z,https://api.github.com/repos/BCStudentSoftwareDevTeam/lsf/issues/627,https://github.com/BCStudentSoftwareDevTeam/lsf/pull/627#issuecomment-5047832087
lsf,5047858277,NYABUTOA,User,2026-07-22T15:05:13Z,2026-07-22T15:05:13Z,https://api.github.com/repos/BCStudentSoftwareDevTeam/lsf/issues/656,https://github.com/BCStudentSoftwareDevTeam/lsf/pull/656#issuecomment-5047858277
lsf,5047870083,BhushanSah,User,2026-07-22T15:06:13Z,2026-07-22T15:06:13Z,https://api.github.com/repos/BCStudentSoftwareDevTeam/lsf/issues/649,https://github.com/BCStudentSoftwareDevTeam/lsf/pull/649#issuecomment-5047870083
lsf,5119909175,BhushanSah,User,2026-07-29T15:24:22Z,2026-07-29T15:24:22Z,https://api.github.com/repos/BCStudentSoftwareDevTeam/lsf/issues/649,https://github.com/BCStudentSoftwareDevTeam/lsf/pull/649#issuecomment-5119909175
lsf,5122433340,conwelld,User,2026-07-29T19:16:30Z,2026-07-29T19:16:30Z,https://api.github.com/repos/BCStudentSoftwareDevTeam/lsf/issues/649,https://github.com/BCStudentSoftwareDevTeam/lsf/pull/649#issuecomment-5122433340
lsf,5169951639,BhushanSah,User,2026-08-03T17:58:57Z,2026-08-03T17:58:57Z,https://api.github.com/repos/BCStudentSoftwareDevTeam/lsf/issues/649,https://github.com/BCStudentSoftwareDevTeam/lsf/pull/649#issuecomment-5169951639
lsf,5171378421,BhushanSah,User,2026-08-03T20:31:01Z,2026-08-03T20:31:01Z,https://api.github.com/repos/BCStudentSoftwareDevTeam/lsf/issues/649,https://github.com/BCStudentSoftwareDevTeam/lsf/pull/649#issuecomment-5171378421
lsf,5182283099,BhushanSah,User,2026-08-04T17:11:08Z,2026-08-04T17:11:08Z,https://api.github.com/repos/BCStudentSoftwareDevTeam/lsf/issues/649,https://github.com/BCStudentSoftwareDevTeam/lsf/pull/649#issuecomment-5182283099
lsf,5194896907,conwelld,User,2026-08-05T17:10:06Z,2026-08-05T17:10:06Z,https://api.github.com/repos/BCStudentSoftwareDevTeam/lsf/issues/664,https://github.com/BCStudentSoftwareDevTeam/lsf/pull/664#issuecomment-5194896907
lsf,5194944383,conwelld,User,2026-08-05T17:14:51Z,2026-08-05T17:14:51Z,https://api.github.com/repos/BCStudentSoftwareDevTeam/lsf/issues/664,https://github.com/BCStudentSoftwareDevTeam/lsf/pull/664#issuecomment-5194944383
lsf,5194964703,conwelld,User,2026-08-05T17:16:53Z,2026-08-05T17:16:53Z,https://api.github.com/repos/BCStudentSoftwareDevTeam/lsf/issues/664,https://github.com/BCStudentSoftwareDevTeam/lsf/pull/664#issuecomment-5194964703
lsf,5194974733,conwelld,User,2026-08-05T17:17:52Z,2026-08-05T17:17:52Z,https://api.github.com/repos/BCStudentSoftwareDevTeam/lsf/issues/664,https://github.com/BCStudentSoftwareDevTeam/lsf/pull/664#issuecomment-5194974733
lsf,5208155605,BhushanSah,User,2026-08-06T18:20:46Z,2026-08-06T18:20:46Z,https://api.github.com/repos/BCStudentSoftwareDevTeam/lsf/issues/649,https://github.com/BCStudentSoftwareDevTeam/lsf/pull/649#issuecomment-5208155605
lsf,5363132204,MImran2002,User,2026-08-20T23:04:24Z,2026-08-20T23:04:24Z,https://api.github.com/repos/BCStudentSoftwareDevTeam/lsf/issues/667,https://github.com/BCStudentSoftwareDevTeam/lsf/pull/667#issuecomment-5363132204
lsf,5544647368,Kafui123,User,2026-09-04T18:12:26Z,2026-09-04T18:12:42Z,https://api.github.com/repos/BCStudentSoftwareDevTeam/lsf/issues/571,https://github.com/BCStudentSoftwareDevTeam/lsf/pull/571#issuecomment-5544647368
lsf,5585477326,fritzj2,User,2026-09-08T12:56:06Z,2026-09-08T12:56:06Z,https://api.github.com/repos/BCStudentSoftwareDevTeam/lsf/issues/634,https://github.com/BCStudentSoftwareDevTeam/lsf/pull/634#issuecomment-5585477326
lsf,5603497276,MImran2002,User,2026-09-09T14:25:37Z,2026-09-09T14:25:37Z,https://api.github.com/repos/BCStudentSoftwareDevTeam/lsf/issues/662,https://github.com/BCStudentSoftwareDevTeam/lsf/pull/662#issuecomment-5603497276
lsf,5635459129,fritzj2,User,2026-09-11T13:54:27Z,2026-09-11T13:54:27Z,https://api.github.com/repos/BCStudentSoftwareDevTeam/lsf/issues/589,https://github.com/BCStudentSoftwareDevTeam/lsf/pull/589#issuecomment-5635459129
lsf,5680391267,fritzj2,User,2026-09-15T12:46:18Z,2026-09-15T12:46:18Z,https://api.github.com/repos/BCStudentSoftwareDevTeam/lsf/issues/589,https://github.com/BCStudentSoftwareDevTeam/lsf/pull/589#issuecomment-5680391267
urcpp,827796288,hmanalai,User,2015-12-02T02:11:32Z,2021-04-27T17:51:12Z,https://api.github.com/repos/BCStudentSoftwareDevTeam/urcpp/issues/2,https://github.com/BCStudentSoftwareDevTeam/urcpp/issues/2#issuecomment-827796288
urcpp,827796257,hmanalai,User,2015-12-02T16:39:48Z,2021-04-27T17:51:09Z,https://api.github.com/repos/BCStudentSoftwareDevTeam/urcpp/issues/1,https://github.com/BCStudentSoftwareDevTeam/urcpp/issues/1#issuecomment-827796257
urcpp,827796829,hmanalai,User,2015-12-04T02:09:35Z,2021-04-27T17:52:01Z,https://api.github.com/repos/BCStudentSoftwareDevTeam/urcpp/issues/17,https://github.com/BCStudentSoftwareDevTeam/urcpp/issues/17#issuecomment-827796829
urcpp,827797110,hmanalai,User,2015-12-09T02:10:34Z,2021-04-27T17:52:27Z,https://api.github.com/repos/BCStudentSoftwareDevTeam/urcpp/issues/26,https://github.com/BCStudentSoftwareDevTeam/urcpp/issues/26#issuecomment-827797110
urcpp,827797083,hmanalai,User,2015-12-09T02:10:45Z,2021-04-27T17:52:25Z,https://api.github.com/repos/BCStudentSoftwareDevTeam/urcpp/issues/25,https://github.com/BCStudentSoftwareDevTeam/urcpp/issues/25#issuecomment-827797083
urcpp,827797064,hmanalai,User,2015-12-09T02:11:02Z,2021-04-27T17:52:22Z,https://api.github.com/repos/BCStudentSoftwareDevTeam/urcpp/issues/24,https://github.com/BCStudentSoftwareDevTeam/urcpp/issues/24#issuecomment-827797064
urcpp,827796941,hmanalai,User,2015-12-09T03:31:56Z,2021-04-27T17:52:10Z,https://api.github.com/repos/BCStudentSoftwareDevTeam/urcpp/issues/20,https://github.com/BCStudentSoftwareDevTeam/urcpp/issues/20#issuecomment-827796941
urcpp,827796943,hmanalai,User,2015-12-09T04:00:24Z,2021-04-27T17:52:10Z,https://api.github.com/repos/BCStudentSoftwareDevTeam/urcpp/issues/20,https://github.com/BCStudentSoftwareDevTeam/urcpp/issues/20#issuecomment-827796943
urcpp,827796945,hmanalai,User,2015-12-09T12:49:46Z,2021-04-27T17:52:11Z,https://api.github.com/repos/BCStudentSoftwareDevTeam/urcpp/issues/20,https://github.com/BCStudentSoftwareDevTeam/urcpp/issues/20#issuecomment-827796945
urcpp,827796948,hmanalai,User,2015-12-09T12:53:20Z,2021-04-27T17:52:11Z,https://api.github.com/repos/BCStudentSoftwareDevTeam/urcpp/issues/20,https://github.com/BCStudentSoftwareDevTeam/urcpp/issues/20#issuecomment-827796948
urcpp,827797221,hmanalai,User,2015-12-11T01:59:24Z,2021-04-27T17:52:40Z,https://api.github.com/repos/BCStudentSoftwareDevTeam/urcpp/issues/31,https://github.com/BCStudentSoftwareDevTeam/urcpp/issues/31#issuecomment-827797221
urcpp,827796836,hmanalai,User,2015-12-18T19:50:50Z,2021-04-27T17:52:01Z,https://api.github.com/repos/BCStudentSoftwareDevTeam/urcpp/issues/17,https://github.com/BCStudentSoftwareDevTeam/urcpp/issues/17#issuecomment-827796836
urcpp,827797129,hmanalai,User,2015-12-18T19:51:07Z,2021-04-27T17:52:30Z,https://api.github.com/repos/BCStudentSoftwareDevTeam/urcpp/issues/27,https://github.com/BCStudentSoftwareDevTeam/urcpp/issues/27#issuecomment-827797129
urcpp,827797134,hmanalai,User,2015-12-18T19:51:13Z,2021-04-27T17:52:30Z,https://api.github.com/repos/BCStudentSoftwareDevTeam/urcpp/issues/27,https://github.com/BCStudentSoftwareDevTeam/urcpp/issues/27#issuecomment-827797134
urcpp,827797008,hmanalai,User,2015-12-18T19:52:42Z,2021-04-27T17:52:16Z,https://api.github.com/repos/BCStudentSoftwareDevTeam/urcpp/issues/22,https://github.com/BCStudentSoftwareDevTeam/urcpp/issues/22#issuecomment-827797008
urcpp,827797253,hmanalai,User,2015-12-20T02:50:22Z,2021-04-27T17:52:43Z,https://api.github.com/repos/BCStudentSoftwareDevTeam/urcpp/issues/32,https://github.com/BCStudentSoftwareDevTeam/urcpp/issues/32#issuecomment-827797253
urcpp,827797199,hmanalai,User,2015-12-20T02:51:52Z,2021-04-27T17:52:38Z,https://api.github.com/repos/BCStudentSoftwareDevTeam/urcpp/issues/30,https://github.com/BCStudentSoftwareDevTeam/urcpp/issues/30#issuecomment-827797199
urcpp,827796904,hmanalai,User,2015-12-20T03:13:25Z,2021-04-27T17:52:07Z,https://api.github.com/repos/BCStudentSoftwareDevTeam/urcpp/issues/19,https://github.com/BCStudentSoftwareDevTeam/urcpp/issues/19#issuecomment-827796904
urcpp,827796870,hmanalai,User,2015-12-20T03:13:42Z,2021-04-27T17:52:04Z,https://api.github.com/repos/BCStudentSoftwareDevTeam/urcpp/issues/18,https://github.com/BCStudentSoftwareDevTeam/urcpp/issues/18#issuecomment-827796870
urcpp,827796801,hmanalai,User,2015-12-20T03:18:45Z,2021-04-27T17:51:58Z,https://api.github.com/repos/BCStudentSoftwareDevTeam/urcpp/issues/16,https://github.com/BCStudentSoftwareDevTeam/urcpp/issues/16#issuecomment-827796801
urcpp,827796774,hmanalai,User,2015-12-20T03:19:08Z,2021-04-27T17:51:56Z,https://api.github.com/repos/BCStudentSoftwareDevTeam/urcpp/issues/15,https://github.com/BCStudentSoftwareDevTeam/urcpp/issues/15#issuecomment-827796774
urcpp,827796461,hmanalai,User,2015-12-20T03:19:54Z,2021-04-27T17:51:25Z,https://api.github.com/repos/BCStudentSoftwareDevTeam/urcpp/issues/7,https://github.com/BCStudentSoftwareDevTeam/urcpp/issues/7#issuecomment-827796461
urcpp,827796426,hmanalai,User,2015-12-20T03:20:07Z,2021-04-27T17:51:22Z,https://api.github.com/repos/BCStudentSoftwareDevTeam/urcpp/issues/6,https://github.com/BCStudentSoftwareDevTeam/urcpp/issues/6#issuecomment-827796426
urcpp,827796358,hmanalai,User,2015-12-20T03:20:32Z,2021-04-27T17:51:17Z,https://api.github.com/repos/BCStudentSoftwareDevTeam/urcpp/issues/4,https://github.com/BCStudentSoftwareDevTeam/urcpp/issues/4#issuecomment-827796358
urcpp,827796320,hmanalai,User,2015-12-20T03:21:04Z,2021-04-27T17:51:15Z,https://api.github.com/repos/BCStudentSoftwareDevTeam/urcpp/issues/3,https://github.com/BCStudentSoftwareDevTeam/urcpp/issues/3#issuecomment-827796320
urcpp,827797032,hmanalai,User,2016-01-18T16:30:44Z,2021-04-27T17:52:18Z,https://api.github.com/repos/BCStudentSoftwareDevTeam/urcpp/issues/23,https://github.com/BCStudentSoftwareDevTeam/urcpp/issues/23#issuecomment-827797032
urcpp,827797498,hmanalai,User,2016-01-25T14:46:14Z,2021-04-27T17:53:03Z,https://api.github.com/repos/BCStudentSoftwareDevTeam/urcpp/issues/39,https://github.com/BCStudentSoftwareDevTeam/urcpp/issues/39#issuecomment-827797498
urcpp,827797440,hmanalai,User,2016-01-25T14:47:50Z,2021-04-27T17:52:57Z,https://api.github.com/repos/BCStudentSoftwareDevTeam/urcpp/issues/37,https://github.com/BCStudentSoftwareDevTeam/urcpp/issues/37#issuecomment-827797440
urcpp,827797575,hmanalai,User,2016-01-28T02:30:45Z,2021-04-27T17:53:09Z,https://api.github.com/repos/BCStudentSoftwareDevTeam/urcpp/issues/41,https://github.com/BCStudentSoftwareDevTeam/urcpp/issues/41#issuecomment-827797575
urcpp,827797579,hmanalai,User,2016-01-28T02:38:06Z,2021-04-27T17:53:09Z,https://api.github.com/repos/BCStudentSoftwareDevTeam/urcpp/issues/41,https://github.com/BCStudentSoftwareDevTeam/urcpp/issues/41#issuecomment-827797579
urcpp,827797584,hmanalai,User,2016-01-29T01:09:24Z,2021-04-27T17:53:09Z,https://api.github.com/repos/BCStudentSoftwareDevTeam/urcpp/issues/41,https://github.com/BCStudentSoftwareDevTeam/urcpp/issues/41#issuecomment-827797584
urcpp,827797535,hmanalai,User,2016-01-29T02:13:39Z,2021-04-27T17:53:05Z,https://api.github.com/repos/BCStudentSoftwareDevTeam/urcpp/issues/40,https://github.com/BCStudentSoftwareDevTeam/urcpp/issues/40#issuecomment-827797535
urcpp,827797618,hmanalai,User,2016-02-10T18:12:28Z,2021-04-27T17:53:12Z,https://api.github.com/repos/BCStudentSoftwareDevTeam/urcpp/issues/42,https://github.com/BCStudentSoftwareDevTeam/urcpp/issues/42#issuecomment-827797618
urcpp,827797705,hmanalai,User,2016-09-01T22:08:21Z,2021-04-27T17:53:21Z,https://api.github.com/repos/BCStudentSoftwareDevTeam/urcpp/issues/45,https://github.com/BCStudentSoftwareDevTeam/urcpp/issues/45#issuecomment-827797705
urcpp,827797710,hmanalai,User,2016-09-05T16:19:42Z,2021-04-27T17:53:21Z,https://api.github.com/repos/BCStudentSoftwareDevTeam/urcpp/issues/45,https://github.com/BCStudentSoftwareDevTeam/urcpp/issues/45#issuecomment-827797710
urcpp,827797713,hmanalai,User,2016-09-05T16:33:55Z,2021-04-27T17:53:21Z,https://api.github.com/repos/BCStudentSoftwareDevTeam/urcpp/issues/45,https://github.com/BCStudentSoftwareDevTeam/urcpp/issues/45#issuecomment-827797713
urcpp,827797717,hmanalai,User,2016-09-05T16:34:25Z,2021-04-27T17:53:21Z,https://api.github.com/repos/BCStudentSoftwareDevTeam/urcpp/issues/45,https://github.com/BCStudentSoftwareDevTeam/urcpp/issues/45#issuecomment-827797717
urcpp,827797718,hmanalai,User,2016-09-05T18:37:10Z,2021-04-27T17:53:22Z,https://api.github.com/repos/BCStudentSoftwareDevTeam/urcpp/issues/45,https://github.com/BCStudentSoftwareDevTeam/urcpp/issues/45#issuecomment-827797718
urcpp,827797724,hmanalai,User,2016-09-05T18:41:01Z,2021-04-27T17:53:22Z,https://api.github.com/repos/BCStudentSoftwareDevTeam/urcpp/issues/45,https://github.com/BCStudentSoftwareDevTeam/urcpp/issues/45#issuecomment-827797724
urcpp,827797866,hmanalai,User,2016-09-05T21:42:35Z,2021-04-27T17:53:35Z,https://api.github.com/repos/BCStudentSoftwareDevTeam/urcpp/issues/50,https://github.com/BCStudentSoftwareDevTeam/urcpp/issues/50#issuecomment-827797866
urcpp,827797758,hmanalai,User,2016-09-06T01:23:26Z,2021-04-27T17:53:25Z,https://api.github.com/repos/BCStudentSoftwareDevTeam/urcpp/issues/46,https://github.com/BCStudentSoftwareDevTeam/urcpp/issues/46#issuecomment-827797758
urcpp,827797727,hmanalai,User,2016-09-06T16:48:22Z,2021-04-27T17:53:22Z,https://api.github.com/repos/BCStudentSoftwareDevTeam/urcpp/issues/45,https://github.com/BCStudentSoftwareDevTeam/urcpp/issues/45#issuecomment-827797727
urcpp,827797795,hmanalai,User,2016-09-14T23:26:06Z,2021-04-27T17:53:27Z,https://api.github.com/repos/BCStudentSoftwareDevTeam/urcpp/issues/47,https://github.com/BCStudentSoftwareDevTeam/urcpp/issues/47#issuecomment-827797795
urcpp,827797887,hmanalai,User,2016-09-14T23:27:41Z,2021-04-27T17:53:37Z,https://api.github.com/repos/BCStudentSoftwareDevTeam/urcpp/issues/51,https://github.com/BCStudentSoftwareDevTeam/urcpp/issues/51#issuecomment-827797887
urcpp,827797650,hmanalai,User,2016-09-21T23:57:52Z,2021-04-27T17:53:15Z,https://api.github.com/repos/BCStudentSoftwareDevTeam/urcpp/issues/43,https://github.com/BCStudentSoftwareDevTeam/urcpp/issues/43#issuecomment-827797650
urcpp,827797154,hmanalai,User,2016-09-27T20:42:42Z,2021-04-27T17:52:32Z,https://api.github.com/repos/BCStudentSoftwareDevTeam/urcpp/issues/28,https://github.com/BCStudentSoftwareDevTeam/urcpp/issues/28#issuecomment-827797154
urcpp,827796952,hmanalai,User,2016-09-27T20:44:52Z,2021-04-27T17:52:11Z,https://api.github.com/repos/BCStudentSoftwareDevTeam/urcpp/issues/20,https://github.com/BCStudentSoftwareDevTeam/urcpp/issues/20#issuecomment-827796952
urcpp,827796744,hmanalai,User,2016-09-27T20:46:35Z,2021-04-27T17:51:53Z,https://api.github.com/repos/BCStudentSoftwareDevTeam/urcpp/issues/14,https://github.com/BCStudentSoftwareDevTeam/urcpp/issues/14#issuecomment-827796744
urcpp,827796984,hmanalai,User,2016-09-27T20:47:14Z,2021-04-27T17:52:14Z,https://api.github.com/repos/BCStudentSoftwareDevTeam/urcpp/issues/21,https://github.com/BCStudentSoftwareDevTeam/urcpp/issues/21#issuecomment-827796984
urcpp,827797036,hmanalai,User,2016-09-27T20:47:38Z,2021-04-27T17:52:19Z,https://api.github.com/repos/BCStudentSoftwareDevTeam/urcpp/issues/23,https://github.com/BCStudentSoftwareDevTeam/urcpp/issues/23#issuecomment-827797036
urcpp,827797224,hmanalai,User,2016-09-27T20:57:57Z,2021-04-27T17:52:40Z,https://api.github.com/repos/BCStudentSoftwareDevTeam/urcpp/issues/31,https://github.com/BCStudentSoftwareDevTeam/urcpp/issues/31#issuecomment-827797224
urcpp,827797283,hmanalai,User,2016-09-27T20:58:40Z,2021-04-27T17:52:45Z,https://api.github.com/repos/BCStudentSoftwareDevTeam/urcpp/issues/33,https://github.com/BCStudentSoftwareDevTeam/urcpp/issues/33#issuecomment-827797283
urcpp,827797312,hmanalai,User,2016-09-27T20:59:12Z,2021-04-27T17:52:48Z,https://api.github.com/repos/BCStudentSoftwareDevTeam/urcpp/issues/34,https://github.com/BCStudentSoftwareDevTeam/urcpp/issues/34#issuecomment-827797312
urcpp,827797376,hmanalai,User,2016-09-28T17:30:46Z,2021-04-27T17:52:53Z,https://api.github.com/repos/BCStudentSoftwareDevTeam/urcpp/issues/36,https://github.com/BCStudentSoftwareDevTeam/urcpp/issues/36#issuecomment-827797376
urcpp,827797378,hmanalai,User,2016-09-28T18:11:48Z,2021-04-27T17:52:53Z,https://api.github.com/repos/BCStudentSoftwareDevTeam/urcpp/issues/36,https://github.com/BCStudentSoftwareDevTeam/urcpp/issues/36#issuecomment-827797378
urcpp,827797919,hmanalai,User,2016-09-28T23:45:57Z,2021-04-27T17:53:40Z,https://api.github.com/repos/BCStudentSoftwareDevTeam/urcpp/issues/52,https://github.com/BCStudentSoftwareDevTeam/urcpp/issues/52#issuecomment-827797919
urcpp,827797381,hmanalai,User,2016-10-03T18:14:17Z,2021-04-27T17:52:53Z,https://api.github.com/repos/BCStudentSoftwareDevTeam/urcpp/issues/36,https://github.com/BCStudentSoftwareDevTeam/urcpp/issues/36#issuecomment-827797381
urcpp,827797385,hmanalai,User,2016-10-03T18:14:55Z,2021-04-27T17:52:54Z,https://api.github.com/repos/BCStudentSoftwareDevTeam/urcpp/issues/36,https://github.com/BCStudentSoftwareDevTeam/urcpp/issues/36#issuecomment-827797385
urcpp,827797390,hmanalai,User,2016-10-03T18:51:19Z,2021-04-27T17:52:54Z,https://api.github.com/repos/BCStudentSoftwareDevTeam/urcpp/issues/36,https://github.com/BCStudentSoftwareDevTeam/urcpp/issues/36#issuecomment-827797390
urcpp,827797392,hmanalai,User,2016-10-03T21:15:37Z,2021-04-27T17:52:54Z,https://api.github.com/repos/BCStudentSoftwareDevTeam/urcpp/issues/36,https://github.com/BCStudentSoftwareDevTeam/urcpp/issues/36#issuecomment-827797392
urcpp,827797397,hmanalai,User,2016-10-04T17:29:29Z,2021-04-27T17:52:54Z,https://api.github.com/repos/BCStudentSoftwareDevTeam/urcpp/issues/36,https://github.com/BCStudentSoftwareDevTeam/urcpp/issues/36#issuecomment-827797397
urcpp,827797965,hmanalai,User,2016-10-04T17:47:42Z,2021-04-27T17:53:44Z,https://api.github.com/repos/BCStudentSoftwareDevTeam/urcpp/issues/53,https://github.com/BCStudentSoftwareDevTeam/urcpp/issues/53#issuecomment-827797965
urcpp,827797968,hmanalai,User,2016-10-04T19:32:20Z,2021-04-27T17:53:45Z,https://api.github.com/repos/BCStudentSoftwareDevTeam/urcpp/issues/53,https://github.com/BCStudentSoftwareDevTeam/urcpp/issues/53#issuecomment-827797968
urcpp,827797971,hmanalai,User,2016-10-04T19:44:56Z,2021-04-27T17:53:45Z,https://api.github.com/repos/BCStudentSoftwareDevTeam/urcpp/issues/53,https://github.com/BCStudentSoftwareDevTeam/urcpp/issues/53#issuecomment-827797971
urcpp,827797977,hmanalai,User,2016-10-04T19:46:51Z,2021-04-27T17:53:45Z,https://api.github.com/repos/BCStudentSoftwareDevTeam/urcpp/issues/53,https://github.com/BCStudentSoftwareDevTeam/urcpp/issues/53#issuecomment-827797977
urcpp,827798163,hmanalai,User,2016-10-12T17:41:47Z,2021-04-27T17:54:02Z,https://api.github.com/repos/BCStudentSoftwareDevTeam/urcpp/issues/59,https://github.com/BCStudentSoftwareDevTeam/urcpp/issues/59#issuecomment-827798163
urcpp,827798132,hmanalai,User,2016-10-12T18:16:44Z,2021-04-27T17:53:59Z,https://api.github.com/repos/BCStudentSoftwareDevTeam/urcpp/issues/58,https://github.com/BCStudentSoftwareDevTeam/urcpp/issues/58#issuecomment-827798132
urcpp,827798041,hmanalai,User,2016-10-12T18:23:19Z,2021-04-27T17:53:51Z,https://api.github.com/repos/BCStudentSoftwareDevTeam/urcpp/issues/55,https://github.com/BCStudentSoftwareDevTeam/urcpp/issues/55#issuecomment-827798041
urcpp,827798100,hmanalai,User,2016-10-12T18:23:19Z,2021-04-27T17:53:56Z,https://api.github.com/repos/BCStudentSoftwareDevTeam/urcpp/issues/57,https://github.com/BCStudentSoftwareDevTeam/urcpp/issues/57#issuecomment-827798100
urcpp,827798070,hmanalai,User,2016-10-12T18:36:57Z,2021-04-27T17:53:53Z,https://api.github.com/repos/BCStudentSoftwareDevTeam/urcpp/issues/56,https://github.com/BCStudentSoftwareDevTeam/urcpp/issues/56#issuecomment-827798070
urcpp,827798076,hmanalai,User,2016-10-12T18:37:18Z,2021-04-27T17:53:54Z,https://api.github.com/repos/BCStudentSoftwareDevTeam/urcpp/issues/56,https://github.com/BCStudentSoftwareDevTeam/urcpp/issues/56#issuecomment-827798076
urcpp,827797842,hmanalai,User,2016-10-13T00:37:06Z,2021-04-27T17:53:32Z,https://api.github.com/repos/BCStudentSoftwareDevTeam/urcpp/issues/49,https://github.com/BCStudentSoftwareDevTeam/urcpp/issues/49#issuecomment-827797842
urcpp,827798022,hmanalai,User,2016-10-14T18:18:48Z,2021-04-27T17:53:48Z,https://api.github.com/repos/BCStudentSoftwareDevTeam/urcpp/issues/54,https://github.com/BCStudentSoftwareDevTeam/urcpp/issues/54#issuecomment-827798022
urcpp,827798025,hmanalai,User,2016-10-14T18:18:56Z,2021-04-27T17:53:49Z,https://api.github.com/repos/BCStudentSoftwareDevTeam/urcpp/issues/54,https://github.com/BCStudentSoftwareDevTeam/urcpp/issues/54#issuecomment-827798025
urcpp,827797400,hmanalai,User,2016-10-14T18:18:56Z,2021-04-27T17:52:54Z,https://api.github.com/repos/BCStudentSoftwareDevTeam/urcpp/issues/36,https://github.com/BCStudentSoftwareDevTeam/urcpp/issues/36#issuecomment-827797400
urcpp,827798273,hmanalai,User,2016-10-17T16:32:34Z,2021-04-27T17:54:14Z,https://api.github.com/repos/BCStudentSoftwareDevTeam/urcpp/issues/63,https://github.com/BCStudentSoftwareDevTeam/urcpp/issues/63#issuecomment-827798273
urcpp,827798508,hmanalai,User,2016-10-25T20:10:58Z,2021-04-27T17:54:34Z,https://api.github.com/repos/BCStudentSoftwareDevTeam/urcpp/issues/71,https://github.com/BCStudentSoftwareDevTeam/urcpp/issues/71#issuecomment-827798508
urcpp,827798484,hmanalai,User,2016-10-25T20:35:30Z,2021-04-27T17:54:32Z,https://api.github.com/repos/BCStudentSoftwareDevTeam/urcpp/issues/70,https://github.com/BCStudentSoftwareDevTeam/urcpp/issues/70#issuecomment-827798484
urcpp,827798274,hmanalai,User,2016-10-25T20:36:21Z,2021-04-27T17:54:14Z,https://api.github.com/repos/BCStudentSoftwareDevTeam/urcpp/issues/63,https://github.com/BCStudentSoftwareDevTeam/urcpp/issues/63#issuecomment-827798274
urcpp,827798426,hmanalai,User,2016-10-25T20:36:59Z,2021-04-27T17:54:27Z,https://api.github.com/repos/BCStudentSoftwareDevTeam/urcpp/issues/68,https://github.com/BCStudentSoftwareDevTeam/urcpp/issues/68#issuecomment-827798426
urcpp,827798252,hmanalai,User,2016-10-25T20:38:20Z,2021-04-27T17:54:11Z,https://api.github.com/repos/BCStudentSoftwareDevTeam/urcpp/issues/62,https://github.com/BCStudentSoftwareDevTeam/urcpp/issues/62#issuecomment-827798252
urcpp,827798308,hmanalai,User,2016-10-25T20:53:44Z,2021-04-27T17:54:16Z,https://api.github.com/repos/BCStudentSoftwareDevTeam/urcpp/issues/64,https://github.com/BCStudentSoftwareDevTeam/urcpp/issues/64#issuecomment-827798308
urcpp,827798311,hmanalai,User,2016-10-25T20:55:08Z,2021-04-27T17:54:16Z,https://api.github.com/repos/BCStudentSoftwareDevTeam/urcpp/issues/64,https://github.com/BCStudentSoftwareDevTeam/urcpp/issues/64#issuecomment-827798311
urcpp,827798222,hmanalai,User,2016-10-31T18:22:42Z,2021-04-27T17:54:08Z,https://api.github.com/repos/BCStudentSoftwareDevTeam/urcpp/issues/61,https://github.com/BCStudentSoftwareDevTeam/urcpp/issues/61#issuecomment-827798222
urcpp,827798228,hmanalai,User,2016-10-31T18:25:10Z,2021-04-27T17:54:08Z,https://api.github.com/repos/BCStudentSoftwareDevTeam/urcpp/issues/61,https://github.com/BCStudentSoftwareDevTeam/urcpp/issues/61#issuecomment-827798228
urcpp,827798530,hmanalai,User,2016-10-31T18:25:31Z,2021-04-27T17:54:37Z,https://api.github.com/repos/BCStudentSoftwareDevTeam/urcpp/issues/72,https://github.com/BCStudentSoftwareDevTeam/urcpp/issues/72#issuecomment-827798530
urcpp,827798189,hmanalai,User,2016-11-07T17:12:54Z,2021-04-27T17:54:05Z,https://api.github.com/repos/BCStudentSoftwareDevTeam/urcpp/issues/60,https://github.com/BCStudentSoftwareDevTeam/urcpp/issues/60#issuecomment-827798189
urcpp,827798532,hmanalai,User,2016-11-07T18:34:41Z,2021-04-27T17:54:37Z,https://api.github.com/repos/BCStudentSoftwareDevTeam/urcpp/issues/72,https://github.com/BCStudentSoftwareDevTeam/urcpp/issues/72#issuecomment-827798532
urcpp,827797290,hmanalai,User,2016-11-16T19:24:22Z,2021-04-27T17:52:45Z,https://api.github.com/repos/BCStudentSoftwareDevTeam/urcpp/issues/33,https://github.com/BCStudentSoftwareDevTeam/urcpp/issues/33#issuecomment-827797290
urcpp,827797293,hmanalai,User,2016-11-16T19:26:27Z,2021-04-27T17:52:46Z,https://api.github.com/repos/BCStudentSoftwareDevTeam/urcpp/issues/33,https://github.com/BCStudentSoftwareDevTeam/urcpp/issues/33#issuecomment-827797293
urcpp,827798077,hmanalai,User,2016-11-18T18:29:48Z,2021-04-27T17:53:54Z,https://api.github.com/repos/BCStudentSoftwareDevTeam/urcpp/issues/56,https://github.com/BCStudentSoftwareDevTeam/urcpp/issues/56#issuecomment-827798077
urcpp,827798081,hmanalai,User,2016-11-18T18:42:02Z,2021-04-27T17:53:54Z,https://api.github.com/repos/BCStudentSoftwareDevTeam/urcpp/issues/56,https://github.com/BCStudentSoftwareDevTeam/urcpp/issues/56#issuecomment-827798081
urcpp,827797316,hmanalai,User,2016-11-18T18:49:52Z,2021-04-27T17:52:48Z,https://api.github.com/repos/BCStudentSoftwareDevTeam/urcpp/issues/34,https://github.com/BCStudentSoftwareDevTeam/urcpp/issues/34#issuecomment-827797316
urcpp,827798335,hmanalai,User,2016-11-18T18:50:38Z,2021-04-27T17:54:19Z,https://api.github.com/repos/BCStudentSoftwareDevTeam/urcpp/issues/65,https://github.com/BCStudentSoftwareDevTeam/urcpp/issues/65#issuecomment-827798335
urcpp,827797762,hmanalai,User,2016-11-18T19:37:58Z,2021-04-27T17:53:25Z,https://api.github.com/repos/BCStudentSoftwareDevTeam/urcpp/issues/46,https://github.com/BCStudentSoftwareDevTeam/urcpp/issues/46#issuecomment-827797762
urcpp,827797764,hmanalai,User,2016-11-19T15:09:39Z,2021-04-27T17:53:25Z,https://api.github.com/repos/BCStudentSoftwareDevTeam/urcpp/issues/46,https://github.com/BCStudentSoftwareDevTeam/urcpp/issues/46#issuecomment-827797764
urcpp,827797620,hmanalai,User,2016-12-02T19:24:58Z,2021-04-27T17:53:12Z,https://api.github.com/repos/BCStudentSoftwareDevTeam/urcpp/issues/42,https://github.com/BCStudentSoftwareDevTeam/urcpp/issues/42#issuecomment-827797620
urcpp,827797816,hmanalai,User,2016-12-05T17:20:52Z,2021-04-27T17:53:30Z,https://api.github.com/repos/BCStudentSoftwareDevTeam/urcpp/issues/48,https://github.com/BCStudentSoftwareDevTeam/urcpp/issues/48#issuecomment-827797816
urcpp,827797673,hmanalai,User,2016-12-05T17:21:13Z,2021-04-27T17:53:18Z,https://api.github.com/repos/BCStudentSoftwareDevTeam/urcpp/issues/44,https://github.com/BCStudentSoftwareDevTeam/urcpp/issues/44#issuecomment-827797673
urcpp,827798456,hmanalai,User,2016-12-05T17:23:35Z,2021-04-27T17:54:29Z,https://api.github.com/repos/BCStudentSoftwareDevTeam/urcpp/issues/69,https://github.com/BCStudentSoftwareDevTeam/urcpp/issues/69#issuecomment-827798456
urcpp,827798363,hmanalai,User,2016-12-05T17:25:01Z,2021-04-27T17:54:22Z,https://api.github.com/repos/BCStudentSoftwareDevTeam/urcpp/issues/66,https://github.com/BCStudentSoftwareDevTeam/urcpp/issues/66#issuecomment-827798363
urcpp,827797176,hmanalai,User,2016-12-05T17:25:40Z,2021-04-27T17:52:35Z,https://api.github.com/repos/BCStudentSoftwareDevTeam/urcpp/issues/29,https://github.com/BCStudentSoftwareDevTeam/urcpp/issues/29#issuecomment-827797176
urcpp,827797178,hmanalai,User,2016-12-05T17:36:44Z,2021-04-27T17:52:35Z,https://api.github.com/repos/BCStudentSoftwareDevTeam/urcpp/issues/29,https://github.com/BCStudentSoftwareDevTeam/urcpp/issues/29#issuecomment-827797178
urcpp,827797179,hmanalai,User,2016-12-06T19:26:58Z,2021-04-27T17:52:35Z,https://api.github.com/repos/BCStudentSoftwareDevTeam/urcpp/issues/29,https://github.com/BCStudentSoftwareDevTeam/urcpp/issues/29#issuecomment-827797179
urcpp,827798699,hmanalai,User,2016-12-07T17:29:47Z,2021-04-27T17:54:53Z,https://api.github.com/repos/BCStudentSoftwareDevTeam/urcpp/issues/78,https://github.com/BCStudentSoftwareDevTeam/urcpp/issues/78#issuecomment-827798699
urcpp,827798763,hmanalai,User,2016-12-08T19:18:32Z,2021-04-27T17:54:59Z,https://api.github.com/repos/BCStudentSoftwareDevTeam/urcpp/issues/80,https://github.com/BCStudentSoftwareDevTeam/urcpp/issues/80#issuecomment-827798763
urcpp,827798766,hmanalai,User,2016-12-10T16:38:12Z,2021-04-27T17:54:59Z,https://api.github.com/repos/BCStudentSoftwareDevTeam/urcpp/issues/80,https://github.com/BCStudentSoftwareDevTeam/urcpp/issues/80#issuecomment-827798766
urcpp,827798772,hmanalai,User,2016-12-10T16:41:14Z,2021-04-27T17:54:59Z,https://api.github.com/repos/BCStudentSoftwareDevTeam/urcpp/issues/80,https://github.com/BCStudentSoftwareDevTeam/urcpp/issues/80#issuecomment-827798772
urcpp,827798773,hmanalai,User,2016-12-10T17:29:35Z,2021-04-27T17:54:59Z,https://api.github.com/repos/BCStudentSoftwareDevTeam/urcpp/issues/80,https://github.com/BCStudentSoftwareDevTeam/urcpp/issues/80#issuecomment-827798773
urcpp,827798805,hmanalai,User,2016-12-10T18:36:21Z,2021-04-27T17:55:03Z,https://api.github.com/repos/BCStudentSoftwareDevTeam/urcpp/issues/81,https://github.com/BCStudentSoftwareDevTeam/urcpp/issues/81#issuecomment-827798805
urcpp,827798841,hmanalai,User,2016-12-10T19:10:15Z,2021-04-27T17:55:06Z,https://api.github.com/repos/BCStudentSoftwareDevTeam/urcpp/issues/82,https://github.com/BCStudentSoftwareDevTeam/urcpp/issues/82#issuecomment-827798841
urcpp,827798875,hmanalai,User,2017-01-10T14:47:01Z,2021-04-27T17:55:09Z,https://api.github.com/repos/BCStudentSoftwareDevTeam/urcpp/issues/83,https://github.com/BCStudentSoftwareDevTeam/urcpp/issues/83#issuecomment-827798875
urcpp,827798878,hmanalai,User,2017-01-10T14:50:16Z,2021-04-27T17:55:10Z,https://api.github.com/repos/BCStudentSoftwareDevTeam/urcpp/issues/83,https://github.com/BCStudentSoftwareDevTeam/urcpp/issues/83#issuecomment-827798878
urcpp,827798844,hmanalai,User,2017-01-10T14:54:54Z,2021-04-27T17:55:06Z,https://api.github.com/repos/BCStudentSoftwareDevTeam/urcpp/issues/82,https://github.com/BCStudentSoftwareDevTeam/urcpp/issues/82#issuecomment-827798844
urcpp,827798847,hmanalai,User,2017-01-10T14:55:34Z,2021-04-27T17:55:06Z,https://api.github.com/repos/BCStudentSoftwareDevTeam/urcpp/issues/82,https://github.com/BCStudentSoftwareDevTeam/urcpp/issues/82#issuecomment-827798847
urcpp,827796392,hmanalai,User,2017-01-10T15:12:30Z,2021-04-27T17:51:20Z,https://api.github.com/repos/BCStudentSoftwareDevTeam/urcpp/issues/5,https://github.com/BCStudentSoftwareDevTeam/urcpp/issues/5#issuecomment-827796392
urcpp,827798674,hmanalai,User,2017-01-10T15:33:31Z,2021-04-27T17:54:50Z,https://api.github.com/repos/BCStudentSoftwareDevTeam/urcpp/issues/77,https://github.com/BCStudentSoftwareDevTeam/urcpp/issues/77#issuecomment-827798674
urcpp,827798901,hmanalai,User,2017-01-12T14:32:56Z,2021-04-27T17:55:13Z,https://api.github.com/repos/BCStudentSoftwareDevTeam/urcpp/issues/84,https://github.com/BCStudentSoftwareDevTeam/urcpp/issues/84#issuecomment-827798901
urcpp,827798619,hmanalai,User,2017-01-12T15:16:00Z,2021-04-27T17:54:45Z,https://api.github.com/repos/BCStudentSoftwareDevTeam/urcpp/issues/75,https://github.com/BCStudentSoftwareDevTeam/urcpp/issues/75#issuecomment-827798619
urcpp,827798621,hmanalai,User,2017-01-12T15:22:00Z,2021-04-27T17:54:45Z,https://api.github.com/repos/BCStudentSoftwareDevTeam/urcpp/issues/75,https://github.com/BCStudentSoftwareDevTeam/urcpp/issues/75#issuecomment-827798621
urcpp,827798931,hmanalai,User,2017-01-12T21:28:20Z,2021-04-27T17:55:16Z,https://api.github.com/repos/BCStudentSoftwareDevTeam/urcpp/issues/85,https://github.com/BCStudentSoftwareDevTeam/urcpp/issues/85#issuecomment-827798931
urcpp,827798933,hmanalai,User,2017-01-12T21:38:34Z,2021-04-27T17:55:16Z,https://api.github.com/repos/BCStudentSoftwareDevTeam/urcpp/issues/85,https://github.com/BCStudentSoftwareDevTeam/urcpp/issues/85#issuecomment-827798933
urcpp,827798937,hmanalai,User,2017-01-12T21:39:18Z,2021-04-27T17:55:16Z,https://api.github.com/repos/BCStudentSoftwareDevTeam/urcpp/issues/85,https://github.com/BCStudentSoftwareDevTeam/urcpp/issues/85#issuecomment-827798937
urcpp,827798964,hmanalai,User,2017-01-16T23:41:10Z,2021-04-27T17:55:18Z,https://api.github.com/repos/BCStudentSoftwareDevTeam/urcpp/issues/86,https://github.com/BCStudentSoftwareDevTeam/urcpp/issues/86#issuecomment-827798964
urcpp,827798644,hmanalai,User,2017-01-16T23:48:15Z,2021-04-27T17:54:48Z,https://api.github.com/repos/BCStudentSoftwareDevTeam/urcpp/issues/76,https://github.com/BCStudentSoftwareDevTeam/urcpp/issues/76#issuecomment-827798644
urcpp,827798193,hmanalai,User,2017-01-16T23:51:48Z,2021-04-27T17:54:05Z,https://api.github.com/repos/BCStudentSoftwareDevTeam/urcpp/issues/60,https://github.com/BCStudentSoftwareDevTeam/urcpp/issues/60#issuecomment-827798193
urcpp,827798196,hmanalai,User,2017-01-17T15:28:29Z,2021-04-27T17:54:05Z,https://api.github.com/repos/BCStudentSoftwareDevTeam/urcpp/issues/60,https://github.com/BCStudentSoftwareDevTeam/urcpp/issues/60#issuecomment-827798196
urcpp,827799040,hmanalai,User,2017-01-25T20:15:32Z,2021-04-27T17:55:26Z,https://api.github.com/repos/BCStudentSoftwareDevTeam/urcpp/issues/89,https://github.com/BCStudentSoftwareDevTeam/urcpp/issues/89#issuecomment-827799040
urcpp,827797401,hmanalai,User,2017-02-02T13:32:27Z,2021-04-27T17:52:55Z,https://api.github.com/repos/BCStudentSoftwareDevTeam/urcpp/issues/36,https://github.com/BCStudentSoftwareDevTeam/urcpp/issues/36#issuecomment-827797401
urcpp,827797403,hmanalai,User,2017-02-02T13:41:42Z,2021-04-27T17:52:55Z,https://api.github.com/repos/BCStudentSoftwareDevTeam/urcpp/issues/36,https://github.com/BCStudentSoftwareDevTeam/urcpp/issues/36#issuecomment-827797403
urcpp,827797407,hmanalai,User,2017-02-02T13:59:27Z,2021-04-27T17:52:55Z,https://api.github.com/repos/BCStudentSoftwareDevTeam/urcpp/issues/36,https://github.com/BCStudentSoftwareDevTeam/urcpp/issues/36#issuecomment-827797407
urcpp,827797411,hmanalai,User,2017-02-02T14:01:35Z,2021-04-27T17:52:55Z,https://api.github.com/repos/BCStudentSoftwareDevTeam/urcpp/issues/36,https://github.com/BCStudentSoftwareDevTeam/urcpp/issues/36#issuecomment-827797411
urcpp,827799065,hmanalai,User,2017-02-09T15:34:36Z,2021-04-27T17:55:29Z,https://api.github.com/repos/BCStudentSoftwareDevTeam/urcpp/issues/90,https://github.com/BCStudentSoftwareDevTeam/urcpp/issues/90#issuecomment-827799065
urcpp,827799162,hmanalai,User,2017-02-09T15:56:56Z,2021-04-27T17:55:38Z,https://api.github.com/repos/BCStudentSoftwareDevTeam/urcpp/issues/93,https://github.com/BCStudentSoftwareDevTeam/urcpp/issues/93#issuecomment-827799162
urcpp,827799119,hmanalai,User,2017-02-09T15:57:10Z,2021-04-27T17:55:34Z,https://api.github.com/repos/BCStudentSoftwareDevTeam/urcpp/issues/92,https://github.com/BCStudentSoftwareDevTeam/urcpp/issues/92#issuecomment-827799119
urcpp,827798677,hmanalai,User,2017-02-09T16:29:15Z,2021-04-27T17:54:50Z,https://api.github.com/repos/BCStudentSoftwareDevTeam/urcpp/issues/77,https://github.com/BCStudentSoftwareDevTeam/urcpp/issues/77#issuecomment-827798677
urcpp,827799121,hmanalai,User,2017-02-14T15:54:24Z,2021-04-27T17:55:34Z,https://api.github.com/repos/BCStudentSoftwareDevTeam/urcpp/issues/92,https://github.com/BCStudentSoftwareDevTeam/urcpp/issues/92#issuecomment-827799121
urcpp,827799124,hmanalai,User,2017-02-14T15:56:10Z,2021-04-27T17:55:34Z,https://api.github.com/repos/BCStudentSoftwareDevTeam/urcpp/issues/92,https://github.com/BCStudentSoftwareDevTeam/urcpp/issues/92#issuecomment-827799124
urcpp,827799166,hmanalai,User,2017-05-05T23:21:06Z,2021-04-27T17:55:38Z,https://api.github.com/repos/BCStudentSoftwareDevTeam/urcpp/issues/93,https://github.com/BCStudentSoftwareDevTeam/urcpp/issues/93#issuecomment-827799166
urcpp,827799126,hmanalai,User,2017-08-24T13:11:41Z,2021-04-27T17:55:35Z,https://api.github.com/repos/BCStudentSoftwareDevTeam/urcpp/issues/92,https://github.com/BCStudentSoftwareDevTeam/urcpp/issues/92#issuecomment-827799126
urcpp,827799088,hmanalai,User,2017-08-24T13:19:30Z,2021-04-27T17:55:31Z,https://api.github.com/repos/BCStudentSoftwareDevTeam/urcpp/issues/91,https://github.com/BCStudentSoftwareDevTeam/urcpp/issues/91#issuecomment-827799088
urcpp,827799008,hmanalai,User,2017-08-24T13:20:21Z,2021-04-27T17:55:23Z,https://api.github.com/repos/BCStudentSoftwareDevTeam/urcpp/issues/88,https://github.com/BCStudentSoftwareDevTeam/urcpp/issues/88#issuecomment-827799008
urcpp,827798682,hmanalai,User,2017-08-24T13:24:36Z,2021-04-27T17:54:50Z,https://api.github.com/repos/BCStudentSoftwareDevTeam/urcpp/issues/77,https://github.com/BCStudentSoftwareDevTeam/urcpp/issues/77#issuecomment-827798682
urcpp,827798592,hmanalai,User,2017-08-24T13:26:04Z,2021-04-27T17:54:42Z,https://api.github.com/repos/BCStudentSoftwareDevTeam/urcpp/issues/74,https://github.com/BCStudentSoftwareDevTeam/urcpp/issues/74#issuecomment-827798592
urcpp,827798280,hmanalai,User,2017-08-24T13:33:23Z,2021-04-27T17:54:14Z,https://api.github.com/repos/BCStudentSoftwareDevTeam/urcpp/issues/63,https://github.com/BCStudentSoftwareDevTeam/urcpp/issues/63#issuecomment-827798280
urcpp,827797981,hmanalai,User,2017-08-24T13:34:05Z,2021-04-27T17:53:45Z,https://api.github.com/repos/BCStudentSoftwareDevTeam/urcpp/issues/53,https://github.com/BCStudentSoftwareDevTeam/urcpp/issues/53#issuecomment-827797981
urcpp,827796717,hmanalai,User,2017-08-25T12:54:49Z,2021-04-27T17:51:50Z,https://api.github.com/repos/BCStudentSoftwareDevTeam/urcpp/issues/13,https://github.com/BCStudentSoftwareDevTeam/urcpp/issues/13#issuecomment-827796717
urcpp,827798724,hmanalai,User,2017-08-29T14:37:38Z,2021-04-27T17:54:55Z,https://api.github.com/repos/BCStudentSoftwareDevTeam/urcpp/issues/79,https://github.com/BCStudentSoftwareDevTeam/urcpp/issues/79#issuecomment-827798724
urcpp,827796490,hmanalai,User,2017-08-29T14:55:25Z,2021-04-27T17:51:27Z,https://api.github.com/repos/BCStudentSoftwareDevTeam/urcpp/issues/8,https://github.com/BCStudentSoftwareDevTeam/urcpp/issues/8#issuecomment-827796490
urcpp,827796509,hmanalai,User,2017-08-29T15:00:28Z,2021-04-27T17:51:30Z,https://api.github.com/repos/BCStudentSoftwareDevTeam/urcpp/issues/9,https://github.com/BCStudentSoftwareDevTeam/urcpp/issues/9#issuecomment-827796509
urcpp,827799168,hmanalai,User,2017-08-29T15:02:46Z,2021-04-27T17:55:38Z,https://api.github.com/repos/BCStudentSoftwareDevTeam/urcpp/issues/93,https://github.com/BCStudentSoftwareDevTeam/urcpp/issues/93#issuecomment-827799168
urcpp,827797674,hmanalai,User,2017-08-29T15:02:46Z,2021-04-27T17:53:18Z,https://api.github.com/repos/BCStudentSoftwareDevTeam/urcpp/issues/44,https://github.com/BCStudentSoftwareDevTeam/urcpp/issues/44#issuecomment-827797674
urcpp,827796511,hmanalai,User,2017-08-29T17:51:57Z,2021-04-27T17:51:30Z,https://api.github.com/repos/BCStudentSoftwareDevTeam/urcpp/issues/9,https://github.com/BCStudentSoftwareDevTeam/urcpp/issues/9#issuecomment-827796511
urcpp,827799172,hmanalai,User,2017-08-31T12:37:55Z,2021-04-27T17:55:39Z,https://api.github.com/repos/BCStudentSoftwareDevTeam/urcpp/issues/93,https://github.com/BCStudentSoftwareDevTeam/urcpp/issues/93#issuecomment-827799172
urcpp,827796514,hmanalai,User,2017-08-31T12:40:03Z,2021-04-27T17:51:30Z,https://api.github.com/repos/BCStudentSoftwareDevTeam/urcpp/issues/9,https://github.com/BCStudentSoftwareDevTeam/urcpp/issues/9#issuecomment-827796514
urcpp,827799091,hmanalai,User,2017-08-31T12:41:23Z,2021-04-27T17:55:32Z,https://api.github.com/repos/BCStudentSoftwareDevTeam/urcpp/issues/91,https://github.com/BCStudentSoftwareDevTeam/urcpp/issues/91#issuecomment-827799091
urcpp,827798594,hmanalai,User,2017-08-31T12:41:52Z,2021-04-27T17:54:42Z,https://api.github.com/repos/BCStudentSoftwareDevTeam/urcpp/issues/74,https://github.com/BCStudentSoftwareDevTeam/urcpp/issues/74#issuecomment-827798594
urcpp,827799213,hmanalai,User,2017-08-31T12:55:21Z,2021-04-27T17:55:42Z,https://api.github.com/repos/BCStudentSoftwareDevTeam/urcpp/issues/94,https://github.com/BCStudentSoftwareDevTeam/urcpp/issues/94#issuecomment-827799213
urcpp,827799371,hmanalai,User,2017-08-31T13:34:43Z,2021-04-27T17:55:55Z,https://api.github.com/repos/BCStudentSoftwareDevTeam/urcpp/issues/98,https://github.com/BCStudentSoftwareDevTeam/urcpp/issues/98#issuecomment-827799371
urcpp,827799374,hmanalai,User,2017-08-31T13:35:04Z,2021-04-27T17:55:55Z,https://api.github.com/repos/BCStudentSoftwareDevTeam/urcpp/issues/98,https://github.com/BCStudentSoftwareDevTeam/urcpp/issues/98#issuecomment-827799374
urcpp,827799215,hmanalai,User,2017-09-01T20:23:31Z,2021-04-27T17:55:42Z,https://api.github.com/repos/BCStudentSoftwareDevTeam/urcpp/issues/94,https://github.com/BCStudentSoftwareDevTeam/urcpp/issues/94#issuecomment-827799215
urcpp,827796669,hmanalai,User,2017-09-04T23:46:21Z,2021-04-27T17:51:46Z,https://api.github.com/repos/BCStudentSoftwareDevTeam/urcpp/issues/11,https://github.com/BCStudentSoftwareDevTeam/urcpp/issues/11#issuecomment-827796669
urcpp,827799381,hmanalai,User,2017-09-05T13:01:54Z,2021-04-27T17:55:55Z,https://api.github.com/repos/BCStudentSoftwareDevTeam/urcpp/issues/98,https://github.com/BCStudentSoftwareDevTeam/urcpp/issues/98#issuecomment-827799381
urcpp,827799425,hmanalai,User,2017-09-05T13:40:40Z,2021-04-27T17:56:00Z,https://api.github.com/repos/BCStudentSoftwareDevTeam/urcpp/issues/100,https://github.com/BCStudentSoftwareDevTeam/urcpp/issues/100#issuecomment-827799425
urcpp,827796674,hmanalai,User,2017-09-05T19:51:06Z,2021-04-27T17:51:46Z,https://api.github.com/repos/BCStudentSoftwareDevTeam/urcpp/issues/11,https://github.com/BCStudentSoftwareDevTeam/urcpp/issues/11#issuecomment-827796674
urcpp,827799403,hmanalai,User,2017-09-06T13:31:43Z,2021-04-27T17:55:57Z,https://api.github.com/repos/BCStudentSoftwareDevTeam/urcpp/issues/99,https://github.com/BCStudentSoftwareDevTeam/urcpp/issues/99#issuecomment-827799403
urcpp,827799342,hmanalai,User,2017-09-06T20:15:54Z,2021-04-27T17:55:52Z,https://api.github.com/repos/BCStudentSoftwareDevTeam/urcpp/issues/97,https://github.com/BCStudentSoftwareDevTeam/urcpp/issues/97#issuecomment-827799342
urcpp,827798388,hmanalai,User,2017-09-07T13:47:56Z,2021-04-27T17:54:24Z,https://api.github.com/repos/BCStudentSoftwareDevTeam/urcpp/issues/67,https://github.com/BCStudentSoftwareDevTeam/urcpp/issues/67#issuecomment-827798388
urcpp,827798390,hmanalai,User,2017-09-07T15:05:33Z,2021-04-27T17:54:24Z,https://api.github.com/repos/BCStudentSoftwareDevTeam/urcpp/issues/67,https://github.com/BCStudentSoftwareDevTeam/urcpp/issues/67#issuecomment-827798390
urcpp,827797984,hmanalai,User,2017-09-07T17:10:34Z,2021-04-27T17:53:45Z,https://api.github.com/repos/BCStudentSoftwareDevTeam/urcpp/issues/53,https://github.com/BCStudentSoftwareDevTeam/urcpp/issues/53#issuecomment-827797984
urcpp,827799269,hmanalai,User,2017-09-07T17:35:39Z,2021-04-27T17:55:46Z,https://api.github.com/repos/BCStudentSoftwareDevTeam/urcpp/issues/95,https://github.com/BCStudentSoftwareDevTeam/urcpp/issues/95#issuecomment-827799269
urcpp,827797986,hmanalai,User,2017-09-08T14:17:28Z,2021-04-27T17:53:46Z,https://api.github.com/repos/BCStudentSoftwareDevTeam/urcpp/issues/53,https://github.com/BCStudentSoftwareDevTeam/urcpp/issues/53#issuecomment-827797986
urcpp,827796396,hmanalai,User,2017-09-12T18:10:27Z,2021-04-27T17:51:20Z,https://api.github.com/repos/BCStudentSoftwareDevTeam/urcpp/issues/5,https://github.com/BCStudentSoftwareDevTeam/urcpp/issues/5#issuecomment-827796396
urcpp,827799347,hmanalai,User,2017-09-18T13:08:57Z,2021-04-27T17:55:52Z,https://api.github.com/repos/BCStudentSoftwareDevTeam/urcpp/issues/97,https://github.com/BCStudentSoftwareDevTeam/urcpp/issues/97#issuecomment-827799347
urcpp,827799428,hmanalai,User,2017-10-24T13:23:12Z,2021-04-27T17:56:00Z,https://api.github.com/repos/BCStudentSoftwareDevTeam/urcpp/issues/100,https://github.com/BCStudentSoftwareDevTeam/urcpp/issues/100#issuecomment-827799428
urcpp,827799461,hmanalai,User,2017-10-24T13:25:54Z,2021-04-27T17:56:04Z,https://api.github.com/repos/BCStudentSoftwareDevTeam/urcpp/issues/101,https://github.com/BCStudentSoftwareDevTeam/urcpp/issues/101#issuecomment-827799461
urcpp,827799217,hmanalai,User,2018-01-09T20:24:19Z,2021-04-27T17:55:42Z,https://api.github.com/repos/BCStudentSoftwareDevTeam/urcpp/issues/94,https://github.com/BCStudentSoftwareDevTeam/urcpp/issues/94#issuecomment-827799217
urcpp,827799222,hmanalai,User,2018-01-09T20:25:26Z,2021-04-27T17:55:42Z,https://api.github.com/repos/BCStudentSoftwareDevTeam/urcpp/issues/94,https://github.com/BCStudentSoftwareDevTeam/urcpp/issues/94#issuecomment-827799222
urcpp,827799273,hmanalai,User,2018-01-10T13:58:45Z,2021-04-27T17:55:46Z,https://api.github.com/repos/BCStudentSoftwareDevTeam/urcpp/issues/95,https://github.com/BCStudentSoftwareDevTeam/urcpp/issues/95#issuecomment-827799273
urcpp,827799223,hmanalai,User,2018-01-10T13:59:39Z,2021-04-27T17:55:42Z,https://api.github.com/repos/BCStudentSoftwareDevTeam/urcpp/issues/94,https://github.com/BCStudentSoftwareDevTeam/urcpp/issues/94#issuecomment-827799223
urcpp,827799226,hmanalai,User,2018-01-10T14:01:19Z,2021-04-27T17:55:43Z,https://api.github.com/repos/BCStudentSoftwareDevTeam/urcpp/issues/94,https://github.com/BCStudentSoftwareDevTeam/urcpp/issues/94#issuecomment-827799226
urcpp,827796676,hmanalai,User,2018-01-10T14:02:02Z,2021-04-27T17:51:46Z,https://api.github.com/repos/BCStudentSoftwareDevTeam/urcpp/issues/11,https://github.com/BCStudentSoftwareDevTeam/urcpp/issues/11#issuecomment-827796676
urcpp,827799789,hmanalai,User,2019-03-26T20:10:24Z,2021-04-27T17:56:34Z,https://api.github.com/repos/BCStudentSoftwareDevTeam/urcpp/issues/111,https://github.com/BCStudentSoftwareDevTeam/urcpp/issues/111#issuecomment-827799789
urcpp,827800039,hmanalai,User,2019-04-01T17:16:09Z,2021-04-27T17:56:56Z,https://api.github.com/repos/BCStudentSoftwareDevTeam/urcpp/issues/119,https://github.com/BCStudentSoftwareDevTeam/urcpp/issues/119#issuecomment-827800039
urcpp,827800131,hmanalai,User,2019-04-15T17:44:17Z,2021-04-27T17:57:04Z,https://api.github.com/repos/BCStudentSoftwareDevTeam/urcpp/issues/121,https://github.com/BCStudentSoftwareDevTeam/urcpp/issues/121#issuecomment-827800131
urcpp,827800074,hmanalai,User,2019-04-22T19:02:54Z,2021-04-27T17:56:59Z,https://api.github.com/repos/BCStudentSoftwareDevTeam/urcpp/issues/120,https://github.com/BCStudentSoftwareDevTeam/urcpp/issues/120#issuecomment-827800074
urcpp,827800076,hmanalai,User,2019-04-30T17:01:11Z,2021-04-27T17:57:00Z,https://api.github.com/repos/BCStudentSoftwareDevTeam/urcpp/issues/120,https://github.com/BCStudentSoftwareDevTeam/urcpp/issues/120#issuecomment-827800076
urcpp,827800079,hmanalai,User,2019-05-09T13:47:11Z,2021-04-27T17:57:00Z,https://api.github.com/repos/BCStudentSoftwareDevTeam/urcpp/issues/120,https://github.com/BCStudentSoftwareDevTeam/urcpp/issues/120#issuecomment-827800079
urcpp,827800343,hmanalai,User,2019-05-09T13:52:20Z,2021-04-27T17:57:24Z,https://api.github.com/repos/BCStudentSoftwareDevTeam/urcpp/issues/128,https://github.com/BCStudentSoftwareDevTeam/urcpp/issues/128#issuecomment-827800343
urcpp,827800312,hmanalai,User,2019-05-09T14:04:09Z,2021-04-27T17:57:21Z,https://api.github.com/repos/BCStudentSoftwareDevTeam/urcpp/issues/127,https://github.com/BCStudentSoftwareDevTeam/urcpp/issues/127#issuecomment-827800312
urcpp,827800377,hmanalai,User,2019-05-09T14:07:03Z,2021-04-27T17:57:28Z,https://api.github.com/repos/BCStudentSoftwareDevTeam/urcpp/issues/129,https://github.com/BCStudentSoftwareDevTeam/urcpp/issues/129#issuecomment-827800377
urcpp,827800479,hmanalai,User,2019-05-09T14:18:54Z,2021-04-27T17:57:39Z,https://api.github.com/repos/BCStudentSoftwareDevTeam/urcpp/issues/133,https://github.com/BCStudentSoftwareDevTeam/urcpp/issues/133#issuecomment-827800479
urcpp,827800403,hmanalai,User,2019-05-09T14:22:24Z,2021-04-27T17:57:31Z,https://api.github.com/repos/BCStudentSoftwareDevTeam/urcpp/issues/130,https://github.com/BCStudentSoftwareDevTeam/urcpp/issues/130#issuecomment-827800403
urcpp,827800532,hmanalai,User,2019-05-09T14:42:55Z,2021-04-27T17:57:45Z,https://api.github.com/repos/BCStudentSoftwareDevTeam/urcpp/issues/135,https://github.com/BCStudentSoftwareDevTeam/urcpp/issues/135#issuecomment-827800532
urcpp,827800405,hmanalai,User,2019-05-09T15:00:10Z,2021-04-27T17:57:31Z,https://api.github.com/repos/BCStudentSoftwareDevTeam/urcpp/issues/130,https://github.com/BCStudentSoftwareDevTeam/urcpp/issues/130#issuecomment-827800405
urcpp,827800222,hmanalai,User,2019-05-09T15:40:34Z,2021-04-27T17:57:12Z,https://api.github.com/repos/BCStudentSoftwareDevTeam/urcpp/issues/124,https://github.com/BCStudentSoftwareDevTeam/urcpp/issues/124#issuecomment-827800222
urcpp,827800534,hmanalai,User,2019-05-09T15:44:35Z,2021-04-27T17:57:45Z,https://api.github.com/repos/BCStudentSoftwareDevTeam/urcpp/issues/135,https://github.com/BCStudentSoftwareDevTeam/urcpp/issues/135#issuecomment-827800534
urcpp,827800593,hmanalai,User,2019-05-09T15:47:30Z,2021-04-27T17:57:51Z,https://api.github.com/repos/BCStudentSoftwareDevTeam/urcpp/issues/137,https://github.com/BCStudentSoftwareDevTeam/urcpp/issues/137#issuecomment-827800593
urcpp,827800409,hmanalai,User,2019-05-09T19:07:23Z,2021-04-27T17:57:31Z,https://api.github.com/repos/BCStudentSoftwareDevTeam/urcpp/issues/130,https://github.com/BCStudentSoftwareDevTeam/urcpp/issues/130#issuecomment-827800409
urcpp,827800225,hmanalai,User,2019-05-09T19:09:51Z,2021-04-27T17:57:12Z,https://api.github.com/repos/BCStudentSoftwareDevTeam/urcpp/issues/124,https://github.com/BCStudentSoftwareDevTeam/urcpp/issues/124#issuecomment-827800225
urcpp,827799711,hmanalai,User,2019-05-09T19:10:27Z,2021-04-27T17:56:28Z,https://api.github.com/repos/BCStudentSoftwareDevTeam/urcpp/issues/109,https://github.com/BCStudentSoftwareDevTeam/urcpp/issues/109#issuecomment-827799711
urcpp,827799557,hmanalai,User,2019-05-09T19:11:02Z,2021-04-27T17:56:12Z,https://api.github.com/repos/BCStudentSoftwareDevTeam/urcpp/issues/104,https://github.com/BCStudentSoftwareDevTeam/urcpp/issues/104#issuecomment-827799557
urcpp,827800014,hmanalai,User,2019-05-09T19:12:19Z,2021-04-27T17:56:54Z,https://api.github.com/repos/BCStudentSoftwareDevTeam/urcpp/issues/118,https://github.com/BCStudentSoftwareDevTeam/urcpp/issues/118#issuecomment-827800014
urcpp,827800016,hmanalai,User,2019-05-09T19:23:21Z,2021-04-27T17:56:54Z,https://api.github.com/repos/BCStudentSoftwareDevTeam/urcpp/issues/118,https://github.com/BCStudentSoftwareDevTeam/urcpp/issues/118#issuecomment-827800016
urcpp,827799274,hmanalai,User,2019-05-09T19:50:03Z,2021-04-27T17:55:46Z,https://api.github.com/repos/BCStudentSoftwareDevTeam/urcpp/issues/95,https://github.com/BCStudentSoftwareDevTeam/urcpp/issues/95#issuecomment-827799274
urcpp,827800595,hmanalai,User,2019-05-10T14:03:59Z,2021-04-27T17:57:51Z,https://api.github.com/repos/BCStudentSoftwareDevTeam/urcpp/issues/137,https://github.com/BCStudentSoftwareDevTeam/urcpp/issues/137#issuecomment-827800595
urcpp,827799811,hmanalai,User,2019-05-10T14:21:20Z,2021-04-27T17:56:37Z,https://api.github.com/repos/BCStudentSoftwareDevTeam/urcpp/issues/112,https://github.com/BCStudentSoftwareDevTeam/urcpp/issues/112#issuecomment-827799811
urcpp,827799813,hmanalai,User,2019-05-10T14:39:42Z,2021-04-27T17:56:37Z,https://api.github.com/repos/BCStudentSoftwareDevTeam/urcpp/issues/112,https://github.com/BCStudentSoftwareDevTeam/urcpp/issues/112#issuecomment-827799813
urcpp,827799974,hmanalai,User,2019-05-10T14:40:23Z,2021-04-27T17:56:51Z,https://api.github.com/repos/BCStudentSoftwareDevTeam/urcpp/issues/117,https://github.com/BCStudentSoftwareDevTeam/urcpp/issues/117#issuecomment-827799974
urcpp,827800270,hmanalai,User,2019-05-10T14:42:46Z,2021-04-27T17:57:16Z,https://api.github.com/repos/BCStudentSoftwareDevTeam/urcpp/issues/125,https://github.com/BCStudentSoftwareDevTeam/urcpp/issues/125#issuecomment-827800270
urcpp,827800596,hmanalai,User,2019-05-10T15:16:20Z,2021-04-27T17:57:51Z,https://api.github.com/repos/BCStudentSoftwareDevTeam/urcpp/issues/137,https://github.com/BCStudentSoftwareDevTeam/urcpp/issues/137#issuecomment-827800596
urcpp,827799560,hmanalai,User,2019-05-10T15:45:29Z,2021-04-27T17:56:12Z,https://api.github.com/repos/BCStudentSoftwareDevTeam/urcpp/issues/104,https://github.com/BCStudentSoftwareDevTeam/urcpp/issues/104#issuecomment-827799560
urcpp,827799566,hmanalai,User,2019-05-10T16:55:51Z,2021-04-27T17:56:12Z,https://api.github.com/repos/BCStudentSoftwareDevTeam/urcpp/issues/104,https://github.com/BCStudentSoftwareDevTeam/urcpp/issues/104#issuecomment-827799566
urcpp,827799713,hmanalai,User,2019-05-10T17:04:32Z,2021-04-27T17:56:28Z,https://api.github.com/repos/BCStudentSoftwareDevTeam/urcpp/issues/109,https://github.com/BCStudentSoftwareDevTeam/urcpp/issues/109#issuecomment-827799713
urcpp,827799714,hmanalai,User,2019-05-10T17:09:08Z,2021-04-27T17:56:28Z,https://api.github.com/repos/BCStudentSoftwareDevTeam/urcpp/issues/109,https://github.com/BCStudentSoftwareDevTeam/urcpp/issues/109#issuecomment-827799714
urcpp,827800537,hmanalai,User,2019-05-10T17:16:34Z,2021-04-27T17:57:45Z,https://api.github.com/repos/BCStudentSoftwareDevTeam/urcpp/issues/135,https://github.com/BCStudentSoftwareDevTeam/urcpp/issues/135#issuecomment-827800537
urcpp,827800382,hmanalai,User,2019-05-13T13:26:48Z,2021-04-27T17:57:28Z,https://api.github.com/repos/BCStudentSoftwareDevTeam/urcpp/issues/129,https://github.com/BCStudentSoftwareDevTeam/urcpp/issues/129#issuecomment-827800382
urcpp,827799672,hmanalai,User,2019-05-13T15:20:59Z,2021-04-27T17:56:24Z,https://api.github.com/repos/BCStudentSoftwareDevTeam/urcpp/issues/108,https://github.com/BCStudentSoftwareDevTeam/urcpp/issues/108#issuecomment-827799672
urcpp,827800626,hmanalai,User,2019-05-13T15:26:28Z,2021-04-27T17:57:55Z,https://api.github.com/repos/BCStudentSoftwareDevTeam/urcpp/issues/138,https://github.com/BCStudentSoftwareDevTeam/urcpp/issues/138#issuecomment-827800626
urcpp,827800167,hmanalai,User,2019-05-13T15:48:07Z,2021-04-27T17:57:07Z,https://api.github.com/repos/BCStudentSoftwareDevTeam/urcpp/issues/122,https://github.com/BCStudentSoftwareDevTeam/urcpp/issues/122#issuecomment-827800167
urcpp,827800629,hmanalai,User,2019-05-13T19:25:00Z,2021-04-27T17:57:55Z,https://api.github.com/repos/BCStudentSoftwareDevTeam/urcpp/issues/138,https://github.com/BCStudentSoftwareDevTeam/urcpp/issues/138#issuecomment-827800629
urcpp,827800271,hmanalai,User,2019-05-13T20:26:23Z,2021-04-27T17:57:16Z,https://api.github.com/repos/BCStudentSoftwareDevTeam/urcpp/issues/125,https://github.com/BCStudentSoftwareDevTeam/urcpp/issues/125#issuecomment-827800271
urcpp,827800559,hmanalai,User,2019-05-13T20:54:44Z,2021-04-27T17:57:47Z,https://api.github.com/repos/BCStudentSoftwareDevTeam/urcpp/issues/136,https://github.com/BCStudentSoftwareDevTeam/urcpp/issues/136#issuecomment-827800559
urcpp,827800564,hmanalai,User,2019-05-14T17:30:24Z,2021-04-27T17:57:48Z,https://api.github.com/repos/BCStudentSoftwareDevTeam/urcpp/issues/136,https://github.com/BCStudentSoftwareDevTeam/urcpp/issues/136#issuecomment-827800564
urcpp,827800567,hmanalai,User,2019-05-14T17:31:00Z,2021-04-27T17:57:48Z,https://api.github.com/repos/BCStudentSoftwareDevTeam/urcpp/issues/136,https://github.com/BCStudentSoftwareDevTeam/urcpp/issues/136#issuecomment-827800567
urcpp,827800572,hmanalai,User,2019-05-15T13:43:17Z,2021-04-27T17:57:48Z,https://api.github.com/repos/BCStudentSoftwareDevTeam/urcpp/issues/136,https://github.com/BCStudentSoftwareDevTeam/urcpp/issues/136#issuecomment-827800572
urcpp,827800746,hmanalai,User,2019-05-15T14:09:34Z,2021-04-27T17:58:08Z,https://api.github.com/repos/BCStudentSoftwareDevTeam/urcpp/issues/142,https://github.com/BCStudentSoftwareDevTeam/urcpp/issues/142#issuecomment-827800746
urcpp,827800681,hmanalai,User,2019-05-15T17:15:07Z,2021-04-27T17:58:02Z,https://api.github.com/repos/BCStudentSoftwareDevTeam/urcpp/issues/140,https://github.com/BCStudentSoftwareDevTeam/urcpp/issues/140#issuecomment-827800681
urcpp,827800751,hmanalai,User,2019-05-15T17:20:31Z,2021-04-27T17:58:08Z,https://api.github.com/repos/BCStudentSoftwareDevTeam/urcpp/issues/142,https://github.com/BCStudentSoftwareDevTeam/urcpp/issues/142#issuecomment-827800751
urcpp,827799676,hmanalai,User,2019-05-15T19:22:10Z,2021-04-27T17:56:24Z,https://api.github.com/repos/BCStudentSoftwareDevTeam/urcpp/issues/108,https://github.com/BCStudentSoftwareDevTeam/urcpp/issues/108#issuecomment-827799676
urcpp,827800683,hmanalai,User,2019-05-15T19:22:24Z,2021-04-27T17:58:02Z,https://api.github.com/repos/BCStudentSoftwareDevTeam/urcpp/issues/140,https://github.com/BCStudentSoftwareDevTeam/urcpp/issues/140#issuecomment-827800683
urcpp,827800169,hmanalai,User,2019-05-15T21:29:46Z,2021-04-27T17:57:07Z,https://api.github.com/repos/BCStudentSoftwareDevTeam/urcpp/issues/122,https://github.com/BCStudentSoftwareDevTeam/urcpp/issues/122#issuecomment-827800169
urcpp,827800540,hmanalai,User,2019-05-16T15:46:35Z,2021-04-27T17:57:45Z,https://api.github.com/repos/BCStudentSoftwareDevTeam/urcpp/issues/135,https://github.com/BCStudentSoftwareDevTeam/urcpp/issues/135#issuecomment-827800540
urcpp,827799278,hmanalai,User,2019-05-16T15:52:12Z,2021-04-27T17:55:47Z,https://api.github.com/repos/BCStudentSoftwareDevTeam/urcpp/issues/95,https://github.com/BCStudentSoftwareDevTeam/urcpp/issues/95#issuecomment-827799278
urcpp,827800083,hmanalai,User,2019-05-17T13:22:53Z,2021-04-27T17:57:00Z,https://api.github.com/repos/BCStudentSoftwareDevTeam/urcpp/issues/120,https://github.com/BCStudentSoftwareDevTeam/urcpp/issues/120#issuecomment-827800083
urcpp,827799717,hmanalai,User,2019-05-17T13:41:44Z,2021-04-27T17:56:28Z,https://api.github.com/repos/BCStudentSoftwareDevTeam/urcpp/issues/109,https://github.com/BCStudentSoftwareDevTeam/urcpp/issues/109#issuecomment-827799717
urcpp,827800764,hmanalai,User,2019-05-17T17:12:45Z,2021-04-27T17:58:10Z,https://api.github.com/repos/BCStudentSoftwareDevTeam/urcpp/issues/143,https://github.com/BCStudentSoftwareDevTeam/urcpp/issues/143#issuecomment-827800764
urcpp,827799977,hmanalai,User,2019-05-17T17:24:34Z,2021-04-27T17:56:51Z,https://api.github.com/repos/BCStudentSoftwareDevTeam/urcpp/issues/117,https://github.com/BCStudentSoftwareDevTeam/urcpp/issues/117#issuecomment-827799977
urcpp,827799720,hmanalai,User,2019-05-17T17:35:33Z,2021-04-27T17:56:28Z,https://api.github.com/repos/BCStudentSoftwareDevTeam/urcpp/issues/109,https://github.com/BCStudentSoftwareDevTeam/urcpp/issues/109#issuecomment-827799720
urcpp,827799979,hmanalai,User,2019-05-17T19:40:15Z,2021-04-27T17:56:51Z,https://api.github.com/repos/BCStudentSoftwareDevTeam/urcpp/issues/117,https://github.com/BCStudentSoftwareDevTeam/urcpp/issues/117#issuecomment-827799979
urcpp,827800792,hmanalai,User,2019-05-20T12:26:34Z,2021-04-27T17:58:13Z,https://api.github.com/repos/BCStudentSoftwareDevTeam/urcpp/issues/144,https://github.com/BCStudentSoftwareDevTeam/urcpp/issues/144#issuecomment-827800792
urcpp,827800597,hmanalai,User,2019-05-20T17:26:26Z,2021-04-27T17:57:51Z,https://api.github.com/repos/BCStudentSoftwareDevTeam/urcpp/issues/137,https://github.com/BCStudentSoftwareDevTeam/urcpp/issues/137#issuecomment-827800597
urcpp,827800643,hmanalai,User,2019-05-20T17:35:39Z,2021-04-27T17:57:58Z,https://api.github.com/repos/BCStudentSoftwareDevTeam/urcpp/issues/139,https://github.com/BCStudentSoftwareDevTeam/urcpp/issues/139#issuecomment-827800643
urcpp,827800504,hmanalai,User,2019-05-20T17:37:50Z,2021-04-27T17:57:42Z,https://api.github.com/repos/BCStudentSoftwareDevTeam/urcpp/issues/134,https://github.com/BCStudentSoftwareDevTeam/urcpp/issues/134#issuecomment-827800504
urcpp,827800230,hmanalai,User,2019-05-21T15:18:21Z,2021-04-27T17:57:13Z,https://api.github.com/repos/BCStudentSoftwareDevTeam/urcpp/issues/124,https://github.com/BCStudentSoftwareDevTeam/urcpp/issues/124#issuecomment-827800230
urcpp,827800241,hmanalai,User,2019-05-21T17:48:09Z,2021-04-27T17:57:14Z,https://api.github.com/repos/BCStudentSoftwareDevTeam/urcpp/issues/124,https://github.com/BCStudentSoftwareDevTeam/urcpp/issues/124#issuecomment-827800241
urcpp,827799607,hmanalai,User,2019-05-21T18:52:19Z,2021-04-27T17:56:16Z,https://api.github.com/repos/BCStudentSoftwareDevTeam/urcpp/issues/105,https://github.com/BCStudentSoftwareDevTeam/urcpp/issues/105#issuecomment-827799607
urcpp,827799941,hmanalai,User,2019-05-21T18:59:05Z,2021-04-27T17:56:48Z,https://api.github.com/repos/BCStudentSoftwareDevTeam/urcpp/issues/116,https://github.com/BCStudentSoftwareDevTeam/urcpp/issues/116#issuecomment-827799941
urcpp,827799867,hmanalai,User,2019-05-21T19:59:56Z,2021-04-27T17:56:42Z,https://api.github.com/repos/BCStudentSoftwareDevTeam/urcpp/issues/114,https://github.com/BCStudentSoftwareDevTeam/urcpp/issues/114#issuecomment-827799867
urcpp,827800767,hmanalai,User,2019-05-21T20:04:16Z,2021-04-27T17:58:11Z,https://api.github.com/repos/BCStudentSoftwareDevTeam/urcpp/issues/143,https://github.com/BCStudentSoftwareDevTeam/urcpp/issues/143#issuecomment-827800767
urcpp,827800648,hmanalai,User,2019-05-21T20:30:06Z,2021-04-27T17:57:58Z,https://api.github.com/repos/BCStudentSoftwareDevTeam/urcpp/issues/139,https://github.com/BCStudentSoftwareDevTeam/urcpp/issues/139#issuecomment-827800648
urcpp,827800824,hmanalai,User,2019-05-21T20:50:43Z,2021-04-27T17:58:16Z,https://api.github.com/repos/BCStudentSoftwareDevTeam/urcpp/issues/145,https://github.com/BCStudentSoftwareDevTeam/urcpp/issues/145#issuecomment-827800824
urcpp,827800825,hmanalai,User,2019-05-21T20:51:19Z,2021-04-27T17:58:16Z,https://api.github.com/repos/BCStudentSoftwareDevTeam/urcpp/issues/145,https://github.com/BCStudentSoftwareDevTeam/urcpp/issues/145#issuecomment-827800825
urcpp,827800651,hmanalai,User,2019-05-21T20:54:11Z,2021-04-27T17:57:58Z,https://api.github.com/repos/BCStudentSoftwareDevTeam/urcpp/issues/139,https://github.com/BCStudentSoftwareDevTeam/urcpp/issues/139#issuecomment-827800651
urcpp,827799281,hmanalai,User,2019-05-21T20:55:49Z,2021-04-27T17:55:47Z,https://api.github.com/repos/BCStudentSoftwareDevTeam/urcpp/issues/95,https://github.com/BCStudentSoftwareDevTeam/urcpp/issues/95#issuecomment-827799281
urcpp,827799869,hmanalai,User,2019-05-21T20:58:45Z,2021-04-27T17:56:42Z,https://api.github.com/repos/BCStudentSoftwareDevTeam/urcpp/issues/114,https://github.com/BCStudentSoftwareDevTeam/urcpp/issues/114#issuecomment-827799869
urcpp,827799871,hmanalai,User,2019-05-21T20:59:15Z,2021-04-27T17:56:42Z,https://api.github.com/repos/BCStudentSoftwareDevTeam/urcpp/issues/114,https://github.com/BCStudentSoftwareDevTeam/urcpp/issues/114#issuecomment-827799871
urcpp,827800795,hmanalai,User,2019-05-22T16:39:38Z,2021-04-27T17:58:13Z,https://api.github.com/repos/BCStudentSoftwareDevTeam/urcpp/issues/144,https://github.com/BCStudentSoftwareDevTeam/urcpp/issues/144#issuecomment-827800795
urcpp,827800770,hmanalai,User,2019-05-22T16:40:03Z,2021-04-27T17:58:11Z,https://api.github.com/repos/BCStudentSoftwareDevTeam/urcpp/issues/143,https://github.com/BCStudentSoftwareDevTeam/urcpp/issues/143#issuecomment-827800770
urcpp,827799876,hmanalai,User,2019-05-22T20:41:21Z,2021-04-27T17:56:43Z,https://api.github.com/repos/BCStudentSoftwareDevTeam/urcpp/issues/114,https://github.com/BCStudentSoftwareDevTeam/urcpp/issues/114#issuecomment-827799876
urcpp,827800828,hmanalai,User,2019-05-23T14:28:03Z,2021-04-27T17:58:16Z,https://api.github.com/repos/BCStudentSoftwareDevTeam/urcpp/issues/145,https://github.com/BCStudentSoftwareDevTeam/urcpp/issues/145#issuecomment-827800828
urcpp,827800654,hmanalai,User,2019-05-23T14:28:57Z,2021-04-27T17:57:58Z,https://api.github.com/repos/BCStudentSoftwareDevTeam/urcpp/issues/139,https://github.com/BCStudentSoftwareDevTeam/urcpp/issues/139#issuecomment-827800654
urcpp,827799517,hmanalai,User,2019-05-23T14:39:53Z,2021-04-27T17:56:09Z,https://api.github.com/repos/BCStudentSoftwareDevTeam/urcpp/issues/103,https://github.com/BCStudentSoftwareDevTeam/urcpp/issues/103#issuecomment-827799517
urcpp,827800883,hmanalai,User,2019-05-23T17:40:39Z,2021-04-27T17:58:21Z,https://api.github.com/repos/BCStudentSoftwareDevTeam/urcpp/issues/147,https://github.com/BCStudentSoftwareDevTeam/urcpp/issues/147#issuecomment-827800883
urcpp,827800854,hmanalai,User,2019-05-23T18:12:55Z,2021-04-27T17:58:18Z,https://api.github.com/repos/BCStudentSoftwareDevTeam/urcpp/issues/146,https://github.com/BCStudentSoftwareDevTeam/urcpp/issues/146#issuecomment-827800854
urcpp,827800505,hmanalai,User,2019-05-23T18:20:26Z,2021-04-27T17:57:42Z,https://api.github.com/repos/BCStudentSoftwareDevTeam/urcpp/issues/134,https://github.com/BCStudentSoftwareDevTeam/urcpp/issues/134#issuecomment-827800505
urcpp,827800506,hmanalai,User,2019-05-23T20:30:19Z,2021-04-27T17:57:42Z,https://api.github.com/repos/BCStudentSoftwareDevTeam/urcpp/issues/134,https://github.com/BCStudentSoftwareDevTeam/urcpp/issues/134#issuecomment-827800506
urcpp,827798727,hmanalai,User,2019-05-23T21:09:28Z,2021-04-27T17:54:56Z,https://api.github.com/repos/BCStudentSoftwareDevTeam/urcpp/issues/79,https://github.com/BCStudentSoftwareDevTeam/urcpp/issues/79#issuecomment-827798727
urcpp,827799569,hmanalai,User,2019-05-24T15:01:15Z,2021-04-27T17:56:13Z,https://api.github.com/repos/BCStudentSoftwareDevTeam/urcpp/issues/104,https://github.com/BCStudentSoftwareDevTeam/urcpp/issues/104#issuecomment-827799569
urcpp,827799982,hmanalai,User,2019-05-28T12:27:13Z,2021-04-27T17:56:52Z,https://api.github.com/repos/BCStudentSoftwareDevTeam/urcpp/issues/117,https://github.com/BCStudentSoftwareDevTeam/urcpp/issues/117#issuecomment-827799982
urcpp,827800246,hmanalai,User,2019-05-28T12:28:53Z,2021-04-27T17:57:14Z,https://api.github.com/repos/BCStudentSoftwareDevTeam/urcpp/issues/124,https://github.com/BCStudentSoftwareDevTeam/urcpp/issues/124#issuecomment-827800246
urcpp,827800798,hmanalai,User,2019-05-28T12:41:49Z,2021-04-27T17:58:14Z,https://api.github.com/repos/BCStudentSoftwareDevTeam/urcpp/issues/144,https://github.com/BCStudentSoftwareDevTeam/urcpp/issues/144#issuecomment-827800798
urcpp,827800772,hmanalai,User,2019-05-28T12:42:18Z,2021-04-27T17:58:11Z,https://api.github.com/repos/BCStudentSoftwareDevTeam/urcpp/issues/143,https://github.com/BCStudentSoftwareDevTeam/urcpp/issues/143#issuecomment-827800772
urcpp,827800599,hmanalai,User,2019-05-28T12:43:25Z,2021-04-27T17:57:52Z,https://api.github.com/repos/BCStudentSoftwareDevTeam/urcpp/issues/137,https://github.com/BCStudentSoftwareDevTeam/urcpp/issues/137#issuecomment-827800599
urcpp,827799877,hmanalai,User,2019-05-28T12:43:43Z,2021-04-27T17:56:43Z,https://api.github.com/repos/BCStudentSoftwareDevTeam/urcpp/issues/114,https://github.com/BCStudentSoftwareDevTeam/urcpp/issues/114#issuecomment-827799877
urcpp,827801004,hmanalai,User,2019-05-30T13:27:06Z,2021-04-27T17:58:30Z,https://api.github.com/repos/BCStudentSoftwareDevTeam/urcpp/issues/150,https://github.com/BCStudentSoftwareDevTeam/urcpp/issues/150#issuecomment-827801004
urcpp,827801006,hmanalai,User,2019-05-30T14:26:31Z,2021-04-27T17:58:31Z,https://api.github.com/repos/BCStudentSoftwareDevTeam/urcpp/issues/150,https://github.com/BCStudentSoftwareDevTeam/urcpp/issues/150#issuecomment-827801006
urcpp,827801180,hmanalai,User,2019-05-30T14:37:11Z,2021-04-27T17:58:47Z,https://api.github.com/repos/BCStudentSoftwareDevTeam/urcpp/issues/155,https://github.com/BCStudentSoftwareDevTeam/urcpp/issues/155#issuecomment-827801180
urcpp,827801186,hmanalai,User,2019-05-30T14:39:36Z,2021-04-27T17:58:47Z,https://api.github.com/repos/BCStudentSoftwareDevTeam/urcpp/issues/155,https://github.com/BCStudentSoftwareDevTeam/urcpp/issues/155#issuecomment-827801186
urcpp,827801137,hmanalai,User,2019-05-30T17:59:37Z,2021-04-27T17:58:44Z,https://api.github.com/repos/BCStudentSoftwareDevTeam/urcpp/issues/154,https://github.com/BCStudentSoftwareDevTeam/urcpp/issues/154#issuecomment-827801137
urcpp,827801143,hmanalai,User,2019-05-30T19:42:53Z,2021-04-27T17:58:44Z,https://api.github.com/repos/BCStudentSoftwareDevTeam/urcpp/issues/154,https://github.com/BCStudentSoftwareDevTeam/urcpp/issues/154#issuecomment-827801143
urcpp,827801111,hmanalai,User,2019-05-30T20:16:20Z,2021-04-27T17:58:41Z,https://api.github.com/repos/BCStudentSoftwareDevTeam/urcpp/issues/153,https://github.com/BCStudentSoftwareDevTeam/urcpp/issues/153#issuecomment-827801111
urcpp,827801112,hmanalai,User,2019-05-30T21:04:32Z,2021-04-27T17:58:41Z,https://api.github.com/repos/BCStudentSoftwareDevTeam/urcpp/issues/153,https://github.com/BCStudentSoftwareDevTeam/urcpp/issues/153#issuecomment-827801112
urcpp,827801055,hmanalai,User,2019-05-30T21:06:29Z,2021-04-27T17:58:36Z,https://api.github.com/repos/BCStudentSoftwareDevTeam/urcpp/issues/151,https://github.com/BCStudentSoftwareDevTeam/urcpp/issues/151#issuecomment-827801055
urcpp,827801114,hmanalai,User,2019-05-31T12:58:22Z,2021-04-27T17:58:41Z,https://api.github.com/repos/BCStudentSoftwareDevTeam/urcpp/issues/153,https://github.com/BCStudentSoftwareDevTeam/urcpp/issues/153#issuecomment-827801114
urcpp,827801146,hmanalai,User,2019-05-31T13:00:20Z,2021-04-27T17:58:44Z,https://api.github.com/repos/BCStudentSoftwareDevTeam/urcpp/issues/154,https://github.com/BCStudentSoftwareDevTeam/urcpp/issues/154#issuecomment-827801146
urcpp,827799519,hmanalai,User,2019-05-31T13:59:54Z,2021-04-27T17:56:09Z,https://api.github.com/repos/BCStudentSoftwareDevTeam/urcpp/issues/103,https://github.com/BCStudentSoftwareDevTeam/urcpp/issues/103#issuecomment-827799519
urcpp,827800928,hmanalai,User,2019-05-31T14:00:16Z,2021-04-27T17:58:24Z,https://api.github.com/repos/BCStudentSoftwareDevTeam/urcpp/issues/148,https://github.com/BCStudentSoftwareDevTeam/urcpp/issues/148#issuecomment-827800928
urcpp,827800929,hmanalai,User,2019-05-31T14:23:24Z,2021-04-27T17:58:24Z,https://api.github.com/repos/BCStudentSoftwareDevTeam/urcpp/issues/148,https://github.com/BCStudentSoftwareDevTeam/urcpp/issues/148#issuecomment-827800929
urcpp,827800934,hmanalai,User,2019-05-31T14:23:33Z,2021-04-27T17:58:24Z,https://api.github.com/repos/BCStudentSoftwareDevTeam/urcpp/issues/148,https://github.com/BCStudentSoftwareDevTeam/urcpp/issues/148#issuecomment-827800934
urcpp,827801247,hmanalai,User,2019-05-31T14:47:02Z,2021-04-27T17:58:53Z,https://api.github.com/repos/BCStudentSoftwareDevTeam/urcpp/issues/157,https://github.com/BCStudentSoftwareDevTeam/urcpp/issues/157#issuecomment-827801247
urcpp,827801250,hmanalai,User,2019-05-31T14:56:08Z,2021-04-27T17:58:53Z,https://api.github.com/repos/BCStudentSoftwareDevTeam/urcpp/issues/157,https://github.com/BCStudentSoftwareDevTeam/urcpp/issues/157#issuecomment-827801250
urcpp,827801255,hmanalai,User,2019-05-31T15:02:35Z,2021-04-27T17:58:53Z,https://api.github.com/repos/BCStudentSoftwareDevTeam/urcpp/issues/157,https://github.com/BCStudentSoftwareDevTeam/urcpp/issues/157#issuecomment-827801255
urcpp,827801216,hmanalai,User,2019-05-31T15:08:24Z,2021-04-27T17:58:50Z,https://api.github.com/repos/BCStudentSoftwareDevTeam/urcpp/issues/156,https://github.com/BCStudentSoftwareDevTeam/urcpp/issues/156#issuecomment-827801216
urcpp,827801219,hmanalai,User,2019-05-31T15:08:53Z,2021-04-27T17:58:50Z,https://api.github.com/repos/BCStudentSoftwareDevTeam/urcpp/issues/156,https://github.com/BCStudentSoftwareDevTeam/urcpp/issues/156#issuecomment-827801219
urcpp,827801327,hmanalai,User,2019-05-31T17:23:26Z,2021-04-27T17:58:59Z,https://api.github.com/repos/BCStudentSoftwareDevTeam/urcpp/issues/159,https://github.com/BCStudentSoftwareDevTeam/urcpp/issues/159#issuecomment-827801327
urcpp,827801057,hmanalai,User,2019-05-31T17:43:30Z,2021-04-27T17:58:36Z,https://api.github.com/repos/BCStudentSoftwareDevTeam/urcpp/issues/151,https://github.com/BCStudentSoftwareDevTeam/urcpp/issues/151#issuecomment-827801057
urcpp,827801433,hmanalai,User,2019-05-31T17:46:35Z,2021-04-27T17:59:09Z,https://api.github.com/repos/BCStudentSoftwareDevTeam/urcpp/issues/162,https://github.com/BCStudentSoftwareDevTeam/urcpp/issues/162#issuecomment-827801433
urcpp,827801435,hmanalai,User,2019-05-31T18:46:09Z,2021-04-27T17:59:09Z,https://api.github.com/repos/BCStudentSoftwareDevTeam/urcpp/issues/162,https://github.com/BCStudentSoftwareDevTeam/urcpp/issues/162#issuecomment-827801435
urcpp,827801438,hmanalai,User,2019-05-31T18:46:16Z,2021-04-27T17:59:09Z,https://api.github.com/repos/BCStudentSoftwareDevTeam/urcpp/issues/162,https://github.com/BCStudentSoftwareDevTeam/urcpp/issues/162#issuecomment-827801438
urcpp,827801329,hmanalai,User,2019-05-31T18:49:13Z,2021-04-27T17:59:00Z,https://api.github.com/repos/BCStudentSoftwareDevTeam/urcpp/issues/159,https://github.com/BCStudentSoftwareDevTeam/urcpp/issues/159#issuecomment-827801329
urcpp,827801279,hmanalai,User,2019-05-31T19:33:58Z,2021-04-27T17:58:56Z,https://api.github.com/repos/BCStudentSoftwareDevTeam/urcpp/issues/158,https://github.com/BCStudentSoftwareDevTeam/urcpp/issues/158#issuecomment-827801279
urcpp,827801359,hmanalai,User,2019-06-03T13:11:37Z,2021-04-27T17:59:02Z,https://api.github.com/repos/BCStudentSoftwareDevTeam/urcpp/issues/160,https://github.com/BCStudentSoftwareDevTeam/urcpp/issues/160#issuecomment-827801359
urcpp,827801442,hmanalai,User,2019-06-03T13:28:10Z,2021-04-27T17:59:09Z,https://api.github.com/repos/BCStudentSoftwareDevTeam/urcpp/issues/162,https://github.com/BCStudentSoftwareDevTeam/urcpp/issues/162#issuecomment-827801442
urcpp,827801058,hmanalai,User,2019-06-03T13:28:54Z,2021-04-27T17:58:36Z,https://api.github.com/repos/BCStudentSoftwareDevTeam/urcpp/issues/151,https://github.com/BCStudentSoftwareDevTeam/urcpp/issues/151#issuecomment-827801058
urcpp,827801189,hmanalai,User,2019-06-03T14:18:50Z,2021-04-27T17:58:48Z,https://api.github.com/repos/BCStudentSoftwareDevTeam/urcpp/issues/155,https://github.com/BCStudentSoftwareDevTeam/urcpp/issues/155#issuecomment-827801189
urcpp,827801195,hmanalai,User,2019-06-03T14:31:45Z,2021-04-27T17:58:48Z,https://api.github.com/repos/BCStudentSoftwareDevTeam/urcpp/issues/155,https://github.com/BCStudentSoftwareDevTeam/urcpp/issues/155#issuecomment-827801195
urcpp,827801556,hmanalai,User,2019-06-03T17:23:36Z,2021-04-27T17:59:19Z,https://api.github.com/repos/BCStudentSoftwareDevTeam/urcpp/issues/166,https://github.com/BCStudentSoftwareDevTeam/urcpp/issues/166#issuecomment-827801556
urcpp,827801464,hmanalai,User,2019-06-03T17:54:27Z,2021-04-27T17:59:11Z,https://api.github.com/repos/BCStudentSoftwareDevTeam/urcpp/issues/163,https://github.com/BCStudentSoftwareDevTeam/urcpp/issues/163#issuecomment-827801464
urcpp,827801220,hmanalai,User,2019-06-03T17:55:04Z,2021-04-27T17:58:50Z,https://api.github.com/repos/BCStudentSoftwareDevTeam/urcpp/issues/156,https://github.com/BCStudentSoftwareDevTeam/urcpp/issues/156#issuecomment-827801220
urcpp,827801560,hmanalai,User,2019-06-04T15:05:38Z,2021-04-27T17:59:19Z,https://api.github.com/repos/BCStudentSoftwareDevTeam/urcpp/issues/166,https://github.com/BCStudentSoftwareDevTeam/urcpp/issues/166#issuecomment-827801560
urcpp,827801607,hmanalai,User,2019-06-04T15:41:51Z,2021-04-27T17:59:24Z,https://api.github.com/repos/BCStudentSoftwareDevTeam/urcpp/issues/168,https://github.com/BCStudentSoftwareDevTeam/urcpp/issues/168#issuecomment-827801607
urcpp,827801610,hmanalai,User,2019-06-04T15:42:12Z,2021-04-27T17:59:25Z,https://api.github.com/repos/BCStudentSoftwareDevTeam/urcpp/issues/168,https://github.com/BCStudentSoftwareDevTeam/urcpp/issues/168#issuecomment-827801610
urcpp,827801618,hmanalai,User,2019-06-04T15:56:09Z,2021-04-27T17:59:25Z,https://api.github.com/repos/BCStudentSoftwareDevTeam/urcpp/issues/168,https://github.com/BCStudentSoftwareDevTeam/urcpp/issues/168#issuecomment-827801618
urcpp,827801585,hmanalai,User,2019-06-04T20:37:31Z,2021-04-27T17:59:22Z,https://api.github.com/repos/BCStudentSoftwareDevTeam/urcpp/issues/167,https://github.com/BCStudentSoftwareDevTeam/urcpp/issues/167#issuecomment-827801585
urcpp,827799526,hmanalai,User,2019-06-05T17:08:13Z,2021-04-27T17:56:10Z,https://api.github.com/repos/BCStudentSoftwareDevTeam/urcpp/issues/103,https://github.com/BCStudentSoftwareDevTeam/urcpp/issues/103#issuecomment-827799526
urcpp,827800976,hmanalai,User,2019-06-05T17:11:00Z,2021-04-27T17:58:27Z,https://api.github.com/repos/BCStudentSoftwareDevTeam/urcpp/issues/149,https://github.com/BCStudentSoftwareDevTeam/urcpp/issues/149#issuecomment-827800976
urcpp,827801286,hmanalai,User,2019-06-05T17:14:52Z,2021-04-27T17:58:56Z,https://api.github.com/repos/BCStudentSoftwareDevTeam/urcpp/issues/158,https://github.com/BCStudentSoftwareDevTeam/urcpp/issues/158#issuecomment-827801286
urcpp,827801495,hmanalai,User,2019-06-05T17:15:27Z,2021-04-27T17:59:14Z,https://api.github.com/repos/BCStudentSoftwareDevTeam/urcpp/issues/164,https://github.com/BCStudentSoftwareDevTeam/urcpp/issues/164#issuecomment-827801495
urcpp,827801527,hmanalai,User,2019-06-05T17:16:01Z,2021-04-27T17:59:17Z,https://api.github.com/repos/BCStudentSoftwareDevTeam/urcpp/issues/165,https://github.com/BCStudentSoftwareDevTeam/urcpp/issues/165#issuecomment-827801527
urcpp,827801639,hmanalai,User,2019-06-05T17:16:33Z,2021-04-27T17:59:27Z,https://api.github.com/repos/BCStudentSoftwareDevTeam/urcpp/issues/169,https://github.com/BCStudentSoftwareDevTeam/urcpp/issues/169#issuecomment-827801639
urcpp,827801361,hmanalai,User,2019-06-05T17:17:09Z,2021-04-27T17:59:02Z,https://api.github.com/repos/BCStudentSoftwareDevTeam/urcpp/issues/160,https://github.com/BCStudentSoftwareDevTeam/urcpp/issues/160#issuecomment-827801361
urcpp,827801674,hmanalai,User,2019-06-05T17:31:57Z,2021-04-27T17:59:31Z,https://api.github.com/repos/BCStudentSoftwareDevTeam/urcpp/issues/170,https://github.com/BCStudentSoftwareDevTeam/urcpp/issues/170#issuecomment-827801674
urcpp,827801397,hmanalai,User,2019-06-05T17:32:06Z,2021-04-27T17:59:06Z,https://api.github.com/repos/BCStudentSoftwareDevTeam/urcpp/issues/161,https://github.com/BCStudentSoftwareDevTeam/urcpp/issues/161#issuecomment-827801397
urcpp,827801676,hmanalai,User,2019-06-05T19:14:43Z,2021-04-27T17:59:31Z,https://api.github.com/repos/BCStudentSoftwareDevTeam/urcpp/issues/170,https://github.com/BCStudentSoftwareDevTeam/urcpp/issues/170#issuecomment-827801676
urcpp,827798730,hmanalai,User,2019-06-06T15:41:31Z,2021-04-27T17:54:56Z,https://api.github.com/repos/BCStudentSoftwareDevTeam/urcpp/issues/79,https://github.com/BCStudentSoftwareDevTeam/urcpp/issues/79#issuecomment-827798730
urcpp,827801679,hmanalai,User,2019-06-06T18:16:22Z,2021-04-27T17:59:31Z,https://api.github.com/repos/BCStudentSoftwareDevTeam/urcpp/issues/170,https://github.com/BCStudentSoftwareDevTeam/urcpp/issues/170#issuecomment-827801679
urcpp,827801723,hmanalai,User,2019-06-06T19:50:56Z,2021-04-27T17:59:35Z,https://api.github.com/repos/BCStudentSoftwareDevTeam/urcpp/issues/171,https://github.com/BCStudentSoftwareDevTeam/urcpp/issues/171#issuecomment-827801723
urcpp,827801726,hmanalai,User,2019-06-06T19:51:01Z,2021-04-27T17:59:35Z,https://api.github.com/repos/BCStudentSoftwareDevTeam/urcpp/issues/171,https://github.com/BCStudentSoftwareDevTeam/urcpp/issues/171#issuecomment-827801726
urcpp,827799570,hmanalai,User,2019-06-10T13:07:23Z,2021-04-27T17:56:13Z,https://api.github.com/repos/BCStudentSoftwareDevTeam/urcpp/issues/104,https://github.com/BCStudentSoftwareDevTeam/urcpp/issues/104#issuecomment-827799570
urcpp,827801333,hmanalai,User,2019-06-10T13:15:10Z,2021-04-27T17:59:00Z,https://api.github.com/repos/BCStudentSoftwareDevTeam/urcpp/issues/159,https://github.com/BCStudentSoftwareDevTeam/urcpp/issues/159#issuecomment-827801333
urcpp,827801755,hmanalai,User,2019-06-10T14:19:03Z,2021-04-27T17:59:37Z,https://api.github.com/repos/BCStudentSoftwareDevTeam/urcpp/issues/172,https://github.com/BCStudentSoftwareDevTeam/urcpp/issues/172#issuecomment-827801755
urcpp,827801761,hmanalai,User,2019-06-10T15:27:38Z,2021-04-27T17:59:38Z,https://api.github.com/repos/BCStudentSoftwareDevTeam/urcpp/issues/172,https://github.com/BCStudentSoftwareDevTeam/urcpp/issues/172#issuecomment-827801761
urcpp,827801791,hmanalai,User,2019-06-11T17:28:41Z,2021-04-27T17:59:41Z,https://api.github.com/repos/BCStudentSoftwareDevTeam/urcpp/issues/173,https://github.com/BCStudentSoftwareDevTeam/urcpp/issues/173#issuecomment-827801791
urcpp,827801794,hmanalai,User,2019-06-12T14:45:36Z,2021-04-27T17:59:41Z,https://api.github.com/repos/BCStudentSoftwareDevTeam/urcpp/issues/173,https://github.com/BCStudentSoftwareDevTeam/urcpp/issues/173#issuecomment-827801794
urcpp,827801799,hmanalai,User,2019-07-01T13:40:08Z,2021-04-27T17:59:41Z,https://api.github.com/repos/BCStudentSoftwareDevTeam/urcpp/issues/173,https://github.com/BCStudentSoftwareDevTeam/urcpp/issues/173#issuecomment-827801799
urcpp,827801683,hmanalai,User,2019-07-01T13:40:35Z,2021-04-27T17:59:31Z,https://api.github.com/repos/BCStudentSoftwareDevTeam/urcpp/issues/170,https://github.com/BCStudentSoftwareDevTeam/urcpp/issues/170#issuecomment-827801683
urcpp,827801588,hmanalai,User,2019-07-01T13:40:46Z,2021-04-27T17:59:22Z,https://api.github.com/repos/BCStudentSoftwareDevTeam/urcpp/issues/167,https://github.com/BCStudentSoftwareDevTeam/urcpp/issues/167#issuecomment-827801588
urcpp,827800887,hmanalai,User,2019-07-01T13:40:54Z,2021-04-27T17:58:21Z,https://api.github.com/repos/BCStudentSoftwareDevTeam/urcpp/issues/147,https://github.com/BCStudentSoftwareDevTeam/urcpp/issues/147#issuecomment-827800887
urcpp,827800508,hmanalai,User,2019-07-01T13:41:06Z,2021-04-27T17:57:43Z,https://api.github.com/repos/BCStudentSoftwareDevTeam/urcpp/issues/134,https://github.com/BCStudentSoftwareDevTeam/urcpp/issues/134#issuecomment-827800508
urcpp,827799572,hmanalai,User,2019-07-01T13:41:16Z,2021-04-27T17:56:13Z,https://api.github.com/repos/BCStudentSoftwareDevTeam/urcpp/issues/104,https://github.com/BCStudentSoftwareDevTeam/urcpp/issues/104#issuecomment-827799572
urcpp,827799286,hmanalai,User,2019-07-01T13:41:29Z,2021-04-27T17:55:47Z,https://api.github.com/repos/BCStudentSoftwareDevTeam/urcpp/issues/95,https://github.com/BCStudentSoftwareDevTeam/urcpp/issues/95#issuecomment-827799286
urcpp,827798731,hmanalai,User,2019-07-01T13:41:39Z,2021-04-27T17:54:56Z,https://api.github.com/repos/BCStudentSoftwareDevTeam/urcpp/issues/79,https://github.com/BCStudentSoftwareDevTeam/urcpp/issues/79#issuecomment-827798731
urcpp,827801817,hmanalai,User,2019-07-01T13:42:08Z,2021-04-27T17:59:43Z,https://api.github.com/repos/BCStudentSoftwareDevTeam/urcpp/issues/174,https://github.com/BCStudentSoftwareDevTeam/urcpp/issues/174#issuecomment-827801817
urcpp,827801762,hmanalai,User,2019-07-01T19:23:24Z,2021-04-27T17:59:38Z,https://api.github.com/repos/BCStudentSoftwareDevTeam/urcpp/issues/172,https://github.com/BCStudentSoftwareDevTeam/urcpp/issues/172#issuecomment-827801762
urcpp,827801764,hmanalai,User,2019-07-08T12:32:16Z,2021-04-27T17:59:38Z,https://api.github.com/repos/BCStudentSoftwareDevTeam/urcpp/issues/172,https://github.com/BCStudentSoftwareDevTeam/urcpp/issues/172#issuecomment-827801764
urcpp,827801766,hmanalai,User,2020-02-20T17:19:31Z,2021-04-27T17:59:38Z,https://api.github.com/repos/BCStudentSoftwareDevTeam/urcpp/issues/172,https://github.com/BCStudentSoftwareDevTeam/urcpp/issues/172#issuecomment-827801766
urcpp,1016746696,bryantal,User,2022-01-19T18:25:21Z,2022-01-19T18:25:21Z,https://api.github.com/repos/BCStudentSoftwareDevTeam/urcpp/issues/176,https://github.com/BCStudentSoftwareDevTeam/urcpp/issues/176#issuecomment-1016746696
urcpp,1370234218,sheggen,User,2023-01-03T21:18:07Z,2023-01-03T21:18:07Z,https://api.github.com/repos/BCStudentSoftwareDevTeam/urcpp/issues/179,https://github.com/BCStudentSoftwareDevTeam/urcpp/issues/179#issuecomment-1370234218
urcpp,1370239028,sheggen,User,2023-01-03T21:24:25Z,2023-01-03T21:24:25Z,https://api.github.com/repos/BCStudentSoftwareDevTeam/urcpp/issues/176,https://github.com/BCStudentSoftwareDevTeam/urcpp/issues/176#issuecomment-1370239028
urcpp,1894365073,sheggen,User,2024-01-16T19:18:48Z,2024-01-16T19:18:48Z,https://api.github.com/repos/BCStudentSoftwareDevTeam/urcpp/issues/176,https://github.com/BCStudentSoftwareDevTeam/urcpp/issues/176#issuecomment-1894365073
urcpp,1894381473,AndersonStettner,User,2024-01-16T19:30:16Z,2024-01-16T19:30:16Z,https://api.github.com/repos/BCStudentSoftwareDevTeam/urcpp/issues/183,https://github.com/BCStudentSoftwareDevTeam/urcpp/pull/183#issuecomment-1894381473
urcpp,1894382948,AndersonStettner,User,2024-01-16T19:31:16Z,2024-01-16T19:31:16Z,https://api.github.com/repos/BCStudentSoftwareDevTeam/urcpp/issues/176,https://github.com/BCStudentSoftwareDevTeam/urcpp/issues/176#issuecomment-1894382948
urcpp,1894383317,AndersonStettner,User,2024-01-16T19:31:32Z,2024-01-16T19:31:32Z,https://api.github.com/repos/BCStudentSoftwareDevTeam/urcpp/issues/179,https://github.com/BCStudentSoftwareDevTeam/urcpp/issues/179#issuecomment-1894383317
urcpp,1895878536,AndersonStettner,User,2024-01-17T14:04:01Z,2024-01-17T14:04:01Z,https://api.github.com/repos/BCStudentSoftwareDevTeam/urcpp/issues/187,https://github.com/BCStudentSoftwareDevTeam/urcpp/issues/187#issuecomment-1895878536
urcpp,2596484209,sheggen,User,2025-01-16T18:49:05Z,2025-01-16T18:49:05Z,https://api.github.com/repos/BCStudentSoftwareDevTeam/urcpp/issues/186,https://github.com/BCStudentSoftwareDevTeam/urcpp/issues/186#issuecomment-2596484209
urcpp,2598432919,sheggen,User,2025-01-17T14:01:52Z,2025-01-17T14:01:52Z,https://api.github.com/repos/BCStudentSoftwareDevTeam/urcpp/issues/185,https://github.com/BCStudentSoftwareDevTeam/urcpp/issues/185#issuecomment-2598432919
urcpp,2598452478,sheggen,User,2025-01-17T14:10:11Z,2025-01-17T14:10:11Z,https://api.github.com/repos/BCStudentSoftwareDevTeam/urcpp/issues/23,https://github.com/BCStudentSoftwareDevTeam/urcpp/issues/23#issuecomment-2598452478
urcpp,2634538771,hoerstl,User,2025-02-04T16:53:07Z,2025-02-04T16:53:49Z,https://api.github.com/repos/BCStudentSoftwareDevTeam/urcpp/issues/192,https://github.com/BCStudentSoftwareDevTeam/urcpp/pull/192#issuecomment-2634538771
urcpp,2640176508,hoerstl,User,2025-02-06T15:40:08Z,2025-02-06T16:25:59Z,https://api.github.com/repos/BCStudentSoftwareDevTeam/urcpp/issues/192,https://github.com/BCStudentSoftwareDevTeam/urcpp/pull/192#issuecomment-2640176508
urcpp,2640384216,hoerstl,User,2025-02-06T16:42:41Z,2025-02-06T16:42:41Z,https://api.github.com/repos/BCStudentSoftwareDevTeam/urcpp/issues/192,https://github.com/BCStudentSoftwareDevTeam/urcpp/pull/192#issuecomment-2640384216
urcpp,2657704636,ojmakinde,User,2025-02-13T21:02:55Z,2025-02-13T21:02:55Z,https://api.github.com/repos/BCStudentSoftwareDevTeam/urcpp/issues/191,https://github.com/BCStudentSoftwareDevTeam/urcpp/issues/191#issuecomment-2657704636
urcpp,2675286159,sheggen,User,2025-02-21T18:40:23Z,2025-02-21T18:40:23Z,https://api.github.com/repos/BCStudentSoftwareDevTeam/urcpp/issues/194,https://github.com/BCStudentSoftwareDevTeam/urcpp/pull/194#issuecomment-2675286159
urcpp,2767287725,bledsoef,User,2025-03-31T20:10:32Z,2025-03-31T20:10:32Z,https://api.github.com/repos/BCStudentSoftwareDevTeam/urcpp/issues/193,https://github.com/BCStudentSoftwareDevTeam/urcpp/issues/193#issuecomment-2767287725
urcpp,3618109468,sheggen,User,2025-12-05T18:45:51Z,2025-12-05T18:45:51Z,https://api.github.com/repos/BCStudentSoftwareDevTeam/urcpp/issues/180,https://github.com/BCStudentSoftwareDevTeam/urcpp/issues/180#issuecomment-3618109468
cas,852138890,bryantal,User,2016-06-07T13:49:47Z,2021-06-01T13:47:31Z,https://api.github.com/repos/BCStudentSoftwareDevTeam/cas/issues/4,https://github.com/BCStudentSoftwareDevTeam/cas/issues/4#issuecomment-852138890
cas,852138891,bryantal,User,2016-06-07T15:09:25Z,2021-06-01T13:47:31Z,https://api.github.com/repos/BCStudentSoftwareDevTeam/cas/issues/4,https://github.com/BCStudentSoftwareDevTeam/cas/issues/4#issuecomment-852138891
cas,852138950,bryantal,User,2016-06-07T15:43:37Z,2021-06-01T13:47:37Z,https://api.github.com/repos/BCStudentSoftwareDevTeam/cas/issues/5,https://github.com/BCStudentSoftwareDevTeam/cas/issues/5#issuecomment-852138950
cas,852138952,bryantal,User,2016-06-07T20:09:38Z,2021-06-01T13:47:37Z,https://api.github.com/repos/BCStudentSoftwareDevTeam/cas/issues/5,https://github.com/BCStudentSoftwareDevTeam/cas/issues/5#issuecomment-852138952
cas,852138893,bryantal,User,2016-06-07T20:09:48Z,2021-06-01T13:47:31Z,https://api.github.com/repos/BCStudentSoftwareDevTeam/cas/issues/4,https://github.com/BCStudentSoftwareDevTeam/cas/issues/4#issuecomment-852138893
cas,852139044,bryantal,User,2016-06-07T20:10:55Z,2021-06-01T13:47:44Z,https://api.github.com/repos/BCStudentSoftwareDevTeam/cas/issues/7,https://github.com/BCStudentSoftwareDevTeam/cas/issues/7#issuecomment-852139044
cas,852138988,bryantal,User,2016-06-07T20:24:31Z,2021-06-01T13:47:40Z,https://api.github.com/repos/BCStudentSoftwareDevTeam/cas/issues/6,https://github.com/BCStudentSoftwareDevTeam/cas/issues/6#issuecomment-852138988
cas,852138993,bryantal,User,2016-06-07T20:38:34Z,2021-06-01T13:47:41Z,https://api.github.com/repos/BCStudentSoftwareDevTeam/cas/issues/6,https://github.com/BCStudentSoftwareDevTeam/cas/issues/6#issuecomment-852138993
cas,852138995,bryantal,User,2016-06-08T13:52:20Z,2021-06-01T13:47:41Z,https://api.github.com/repos/BCStudentSoftwareDevTeam/cas/issues/6,https://github.com/BCStudentSoftwareDevTeam/cas/issues/6#issuecomment-852138995
cas,852139074,bryantal,User,2016-06-08T13:53:30Z,2021-06-01T13:47:46Z,https://api.github.com/repos/BCStudentSoftwareDevTeam/cas/issues/8,https://github.com/BCStudentSoftwareDevTeam/cas/issues/8#issuecomment-852139074
cas,852139148,bryantal,User,2016-06-08T14:10:45Z,2021-06-01T13:47:51Z,https://api.github.com/repos/BCStudentSoftwareDevTeam/cas/issues/10,https://github.com/BCStudentSoftwareDevTeam/cas/issues/10#issuecomment-852139148
cas,852139107,bryantal,User,2016-06-08T14:52:56Z,2021-06-01T13:47:49Z,https://api.github.com/repos/BCStudentSoftwareDevTeam/cas/issues/9,https://github.com/BCStudentSoftwareDevTeam/cas/issues/9#issuecomment-852139107
cas,852139177,bryantal,User,2016-06-08T15:44:50Z,2021-06-01T13:47:54Z,https://api.github.com/repos/BCStudentSoftwareDevTeam/cas/issues/11,https://github.com/BCStudentSoftwareDevTeam/cas/issues/11#issuecomment-852139177
cas,852139217,bryantal,User,2016-06-08T15:45:01Z,2021-06-01T13:47:56Z,https://api.github.com/repos/BCStudentSoftwareDevTeam/cas/issues/12,https://github.com/BCStudentSoftwareDevTeam/cas/issues/12#issuecomment-852139217
cas,852139149,bryantal,User,2016-06-08T19:35:47Z,2021-06-01T13:47:52Z,https://api.github.com/repos/BCStudentSoftwareDevTeam/cas/issues/10,https://github.com/BCStudentSoftwareDevTeam/cas/issues/10#issuecomment-852139149
cas,852139353,bryantal,User,2016-06-08T20:14:58Z,2021-06-01T13:48:07Z,https://api.github.com/repos/BCStudentSoftwareDevTeam/cas/issues/15,https://github.com/BCStudentSoftwareDevTeam/cas/issues/15#issuecomment-852139353
cas,852139152,bryantal,User,2016-06-08T20:52:05Z,2021-06-01T13:47:52Z,https://api.github.com/repos/BCStudentSoftwareDevTeam/cas/issues/10,https://github.com/BCStudentSoftwareDevTeam/cas/issues/10#issuecomment-852139152
cas,852139421,bryantal,User,2016-06-08T20:56:32Z,2021-06-01T13:48:11Z,https://api.github.com/repos/BCStudentSoftwareDevTeam/cas/issues/16,https://github.com/BCStudentSoftwareDevTeam/cas/issues/16#issuecomment-852139421
cas,852139257,bryantal,User,2016-06-08T22:02:01Z,2021-06-01T13:47:59Z,https://api.github.com/repos/BCStudentSoftwareDevTeam/cas/issues/13,https://github.com/BCStudentSoftwareDevTeam/cas/issues/13#issuecomment-852139257
cas,852139261,bryantal,User,2016-06-09T13:09:23Z,2021-06-01T13:48:00Z,https://api.github.com/repos/BCStudentSoftwareDevTeam/cas/issues/13,https://github.com/BCStudentSoftwareDevTeam/cas/issues/13#issuecomment-852139261
cas,852139303,bryantal,User,2016-06-09T13:30:40Z,2021-06-01T13:48:03Z,https://api.github.com/repos/BCStudentSoftwareDevTeam/cas/issues/14,https://github.com/BCStudentSoftwareDevTeam/cas/issues/14#issuecomment-852139303
cas,852139306,bryantal,User,2016-06-09T13:32:42Z,2021-06-01T13:48:04Z,https://api.github.com/repos/BCStudentSoftwareDevTeam/cas/issues/14,https://github.com/BCStudentSoftwareDevTeam/cas/issues/14#issuecomment-852139306
cas,852139309,bryantal,User,2016-06-09T17:13:52Z,2021-06-01T13:48:04Z,https://api.github.com/repos/BCStudentSoftwareDevTeam/cas/issues/14,https://github.com/BCStudentSoftwareDevTeam/cas/issues/14#issuecomment-852139309
cas,852139311,bryantal,User,2016-06-09T17:31:48Z,2021-06-01T13:48:04Z,https://api.github.com/repos/BCStudentSoftwareDevTeam/cas/issues/14,https://github.com/BCStudentSoftwareDevTeam/cas/issues/14#issuecomment-852139311
cas,852139466,bryantal,User,2016-06-09T20:37:33Z,2021-06-01T13:48:14Z,https://api.github.com/repos/BCStudentSoftwareDevTeam/cas/issues/17,https://github.com/BCStudentSoftwareDevTeam/cas/issues/17#issuecomment-852139466
cas,852139555,bryantal,User,2016-06-10T12:43:51Z,2021-06-01T13:48:20Z,https://api.github.com/repos/BCStudentSoftwareDevTeam/cas/issues/18,https://github.com/BCStudentSoftwareDevTeam/cas/issues/18#issuecomment-852139555
cas,852139617,bryantal,User,2016-06-10T12:46:52Z,2021-06-01T13:48:24Z,https://api.github.com/repos/BCStudentSoftwareDevTeam/cas/issues/19,https://github.com/BCStudentSoftwareDevTeam/cas/issues/19#issuecomment-852139617
cas,852139623,bryantal,User,2016-06-10T13:26:11Z,2021-06-01T13:48:24Z,https://api.github.com/repos/BCStudentSoftwareDevTeam/cas/issues/19,https://github.com/BCStudentSoftwareDevTeam/cas/issues/19#issuecomment-852139623
cas,852139628,bryantal,User,2016-06-10T13:34:31Z,2021-06-01T13:48:24Z,https://api.github.com/repos/BCStudentSoftwareDevTeam/cas/issues/19,https://github.com/BCStudentSoftwareDevTeam/cas/issues/19#issuecomment-852139628
cas,852139315,bryantal,User,2016-06-10T14:55:24Z,2021-06-01T13:48:04Z,https://api.github.com/repos/BCStudentSoftwareDevTeam/cas/issues/14,https://github.com/BCStudentSoftwareDevTeam/cas/issues/14#issuecomment-852139315
cas,852139786,bryantal,User,2016-06-10T14:58:55Z,2021-06-01T13:48:35Z,https://api.github.com/repos/BCStudentSoftwareDevTeam/cas/issues/23,https://github.com/BCStudentSoftwareDevTeam/cas/issues/23#issuecomment-852139786
cas,852139787,bryantal,User,2016-06-10T15:20:29Z,2021-06-01T13:48:35Z,https://api.github.com/repos/BCStudentSoftwareDevTeam/cas/issues/23,https://github.com/BCStudentSoftwareDevTeam/cas/issues/23#issuecomment-852139787
cas,852139788,bryantal,User,2016-06-10T15:55:04Z,2021-06-01T13:48:36Z,https://api.github.com/repos/BCStudentSoftwareDevTeam/cas/issues/23,https://github.com/BCStudentSoftwareDevTeam/cas/issues/23#issuecomment-852139788
cas,852139743,bryantal,User,2016-06-10T16:40:27Z,2021-06-01T13:48:33Z,https://api.github.com/repos/BCStudentSoftwareDevTeam/cas/issues/22,https://github.com/BCStudentSoftwareDevTeam/cas/issues/22#issuecomment-852139743
cas,852139631,bryantal,User,2016-06-10T16:57:04Z,2021-06-01T13:48:24Z,https://api.github.com/repos/BCStudentSoftwareDevTeam/cas/issues/19,https://github.com/BCStudentSoftwareDevTeam/cas/issues/19#issuecomment-852139631
cas,852139680,bryantal,User,2016-06-10T17:49:16Z,2021-06-01T13:48:28Z,https://api.github.com/repos/BCStudentSoftwareDevTeam/cas/issues/20,https://github.com/BCStudentSoftwareDevTeam/cas/issues/20#issuecomment-852139680
cas,852139748,bryantal,User,2016-06-10T17:59:48Z,2021-06-01T13:48:33Z,https://api.github.com/repos/BCStudentSoftwareDevTeam/cas/issues/22,https://github.com/BCStudentSoftwareDevTeam/cas/issues/22#issuecomment-852139748
cas,852139710,bryantal,User,2016-06-13T13:15:21Z,2021-06-01T13:48:30Z,https://api.github.com/repos/BCStudentSoftwareDevTeam/cas/issues/21,https://github.com/BCStudentSoftwareDevTeam/cas/issues/21#issuecomment-852139710
cas,852139713,bryantal,User,2016-06-13T14:26:33Z,2021-06-01T13:48:30Z,https://api.github.com/repos/BCStudentSoftwareDevTeam/cas/issues/21,https://github.com/BCStudentSoftwareDevTeam/cas/issues/21#issuecomment-852139713
cas,852139843,bryantal,User,2016-06-14T13:31:48Z,2021-06-01T13:48:40Z,https://api.github.com/repos/BCStudentSoftwareDevTeam/cas/issues/24,https://github.com/BCStudentSoftwareDevTeam/cas/issues/24#issuecomment-852139843
cas,852140172,bryantal,User,2016-06-14T15:31:10Z,2021-06-01T13:49:05Z,https://api.github.com/repos/BCStudentSoftwareDevTeam/cas/issues/32,https://github.com/BCStudentSoftwareDevTeam/cas/issues/32#issuecomment-852140172
cas,852140256,bryantal,User,2016-06-14T15:34:30Z,2021-06-01T13:49:11Z,https://api.github.com/repos/BCStudentSoftwareDevTeam/cas/issues/34,https://github.com/BCStudentSoftwareDevTeam/cas/issues/34#issuecomment-852140256
cas,852140174,bryantal,User,2016-06-14T16:52:14Z,2021-06-01T13:49:05Z,https://api.github.com/repos/BCStudentSoftwareDevTeam/cas/issues/32,https://github.com/BCStudentSoftwareDevTeam/cas/issues/32#issuecomment-852140174
cas,852139908,bryantal,User,2016-06-14T17:34:46Z,2021-06-01T13:48:45Z,https://api.github.com/repos/BCStudentSoftwareDevTeam/cas/issues/25,https://github.com/BCStudentSoftwareDevTeam/cas/issues/25#issuecomment-852139908
cas,852139938,bryantal,User,2016-06-14T17:38:25Z,2021-06-01T13:48:47Z,https://api.github.com/repos/BCStudentSoftwareDevTeam/cas/issues/26,https://github.com/BCStudentSoftwareDevTeam/cas/issues/26#issuecomment-852139938
cas,852140177,bryantal,User,2016-06-14T18:52:15Z,2021-06-01T13:49:05Z,https://api.github.com/repos/BCStudentSoftwareDevTeam/cas/issues/32,https://github.com/BCStudentSoftwareDevTeam/cas/issues/32#issuecomment-852140177
cas,852140183,bryantal,User,2016-06-14T19:12:08Z,2021-06-01T13:49:05Z,https://api.github.com/repos/BCStudentSoftwareDevTeam/cas/issues/32,https://github.com/BCStudentSoftwareDevTeam/cas/issues/32#issuecomment-852140183
cas,852140187,bryantal,User,2016-06-14T19:36:29Z,2021-06-01T13:49:06Z,https://api.github.com/repos/BCStudentSoftwareDevTeam/cas/issues/32,https://github.com/BCStudentSoftwareDevTeam/cas/issues/32#issuecomment-852140187
cas,852140409,bryantal,User,2016-06-15T16:17:06Z,2021-06-01T13:49:22Z,https://api.github.com/repos/BCStudentSoftwareDevTeam/cas/issues/37,https://github.com/BCStudentSoftwareDevTeam/cas/issues/37#issuecomment-852140409
cas,852140321,bryantal,User,2016-06-15T16:58:00Z,2021-06-01T13:49:16Z,https://api.github.com/repos/BCStudentSoftwareDevTeam/cas/issues/35,https://github.com/BCStudentSoftwareDevTeam/cas/issues/35#issuecomment-852140321
cas,852140323,bryantal,User,2016-06-15T17:00:12Z,2021-06-01T13:49:16Z,https://api.github.com/repos/BCStudentSoftwareDevTeam/cas/issues/35,https://github.com/BCStudentSoftwareDevTeam/cas/issues/35#issuecomment-852140323
cas,852140324,bryantal,User,2016-06-15T17:05:27Z,2021-06-01T13:49:16Z,https://api.github.com/repos/BCStudentSoftwareDevTeam/cas/issues/35,https://github.com/BCStudentSoftwareDevTeam/cas/issues/35#issuecomment-852140324
cas,852140328,bryantal,User,2016-06-15T17:10:00Z,2021-06-01T13:49:16Z,https://api.github.com/repos/BCStudentSoftwareDevTeam/cas/issues/35,https://github.com/BCStudentSoftwareDevTeam/cas/issues/35#issuecomment-852140328
cas,852140329,bryantal,User,2016-06-15T17:12:39Z,2021-06-01T13:49:16Z,https://api.github.com/repos/BCStudentSoftwareDevTeam/cas/issues/35,https://github.com/BCStudentSoftwareDevTeam/cas/issues/35#issuecomment-852140329
cas,852139993,bryantal,User,2016-06-15T18:45:50Z,2021-06-01T13:48:51Z,https://api.github.com/repos/BCStudentSoftwareDevTeam/cas/issues/27,https://github.com/BCStudentSoftwareDevTeam/cas/issues/27#issuecomment-852139993
cas,852139997,bryantal,User,2016-06-15T19:45:20Z,2021-06-01T13:48:51Z,https://api.github.com/repos/BCStudentSoftwareDevTeam/cas/issues/27,https://github.com/BCStudentSoftwareDevTeam/cas/issues/27#issuecomment-852139997
cas,852140226,bryantal,User,2016-06-15T20:35:20Z,2021-06-01T13:49:08Z,https://api.github.com/repos/BCStudentSoftwareDevTeam/cas/issues/33,https://github.com/BCStudentSoftwareDevTeam/cas/issues/33#issuecomment-852140226
cas,852140065,bryantal,User,2016-06-15T21:36:29Z,2021-06-01T13:48:57Z,https://api.github.com/repos/BCStudentSoftwareDevTeam/cas/issues/29,https://github.com/BCStudentSoftwareDevTeam/cas/issues/29#issuecomment-852140065
cas,852140525,bryantal,User,2016-06-16T12:24:16Z,2021-06-01T13:49:32Z,https://api.github.com/repos/BCStudentSoftwareDevTeam/cas/issues/39,https://github.com/BCStudentSoftwareDevTeam/cas/issues/39#issuecomment-852140525
cas,852140549,bryantal,User,2016-06-16T13:32:14Z,2021-06-01T13:49:33Z,https://api.github.com/repos/BCStudentSoftwareDevTeam/cas/issues/40,https://github.com/BCStudentSoftwareDevTeam/cas/issues/40#issuecomment-852140549
cas,852140444,bryantal,User,2016-06-16T13:33:37Z,2021-06-01T13:49:25Z,https://api.github.com/repos/BCStudentSoftwareDevTeam/cas/issues/38,https://github.com/BCStudentSoftwareDevTeam/cas/issues/38#issuecomment-852140444
cas,852140258,bryantal,User,2016-06-16T16:13:49Z,2021-06-01T13:49:11Z,https://api.github.com/repos/BCStudentSoftwareDevTeam/cas/issues/34,https://github.com/BCStudentSoftwareDevTeam/cas/issues/34#issuecomment-852140258
cas,852140261,bryantal,User,2016-06-17T14:18:31Z,2021-06-01T13:49:11Z,https://api.github.com/repos/BCStudentSoftwareDevTeam/cas/issues/34,https://github.com/BCStudentSoftwareDevTeam/cas/issues/34#issuecomment-852140261
cas,852140095,bryantal,User,2016-06-17T18:06:51Z,2021-06-01T13:48:59Z,https://api.github.com/repos/BCStudentSoftwareDevTeam/cas/issues/30,https://github.com/BCStudentSoftwareDevTeam/cas/issues/30#issuecomment-852140095
cas,852140364,bryantal,User,2016-06-17T18:23:47Z,2021-06-01T13:49:19Z,https://api.github.com/repos/BCStudentSoftwareDevTeam/cas/issues/36,https://github.com/BCStudentSoftwareDevTeam/cas/issues/36#issuecomment-852140364
cas,852140903,bryantal,User,2016-06-21T14:54:12Z,2021-06-01T13:49:56Z,https://api.github.com/repos/BCStudentSoftwareDevTeam/cas/issues/47,https://github.com/BCStudentSoftwareDevTeam/cas/issues/47#issuecomment-852140903
cas,852140987,bryantal,User,2016-06-21T14:59:54Z,2021-06-01T13:50:03Z,https://api.github.com/repos/BCStudentSoftwareDevTeam/cas/issues/49,https://github.com/BCStudentSoftwareDevTeam/cas/issues/49#issuecomment-852140987
cas,852140940,bryantal,User,2016-06-21T15:01:10Z,2021-06-01T13:49:59Z,https://api.github.com/repos/BCStudentSoftwareDevTeam/cas/issues/48,https://github.com/BCStudentSoftwareDevTeam/cas/issues/48#issuecomment-852140940
cas,852140991,bryantal,User,2016-06-21T15:02:49Z,2021-06-01T13:50:03Z,https://api.github.com/repos/BCStudentSoftwareDevTeam/cas/issues/49,https://github.com/BCStudentSoftwareDevTeam/cas/issues/49#issuecomment-852140991
cas,852140944,bryantal,User,2016-06-21T15:12:22Z,2021-06-01T13:49:59Z,https://api.github.com/repos/BCStudentSoftwareDevTeam/cas/issues/48,https://github.com/BCStudentSoftwareDevTeam/cas/issues/48#issuecomment-852140944
cas,852140586,bryantal,User,2016-06-21T15:21:05Z,2021-06-01T13:49:36Z,https://api.github.com/repos/BCStudentSoftwareDevTeam/cas/issues/41,https://github.com/BCStudentSoftwareDevTeam/cas/issues/41#issuecomment-852140586
cas,852140588,bryantal,User,2016-06-21T15:42:19Z,2021-06-01T13:49:36Z,https://api.github.com/repos/BCStudentSoftwareDevTeam/cas/issues/41,https://github.com/BCStudentSoftwareDevTeam/cas/issues/41#issuecomment-852140588
cas,852140592,bryantal,User,2016-06-21T15:43:30Z,2021-06-01T13:49:36Z,https://api.github.com/repos/BCStudentSoftwareDevTeam/cas/issues/41,https://github.com/BCStudentSoftwareDevTeam/cas/issues/41#issuecomment-852140592
cas,852140598,bryantal,User,2016-06-21T15:44:27Z,2021-06-01T13:49:36Z,https://api.github.com/repos/BCStudentSoftwareDevTeam/cas/issues/41,https://github.com/BCStudentSoftwareDevTeam/cas/issues/41#issuecomment-852140598
cas,852140677,bryantal,User,2016-06-21T15:54:19Z,2021-06-01T13:49:41Z,https://api.github.com/repos/BCStudentSoftwareDevTeam/cas/issues/43,https://github.com/BCStudentSoftwareDevTeam/cas/issues/43#issuecomment-852140677
cas,852140633,bryantal,User,2016-06-21T16:12:29Z,2021-06-01T13:49:39Z,https://api.github.com/repos/BCStudentSoftwareDevTeam/cas/issues/42,https://github.com/BCStudentSoftwareDevTeam/cas/issues/42#issuecomment-852140633
cas,852140801,bryantal,User,2016-06-21T19:05:11Z,2021-06-01T13:49:49Z,https://api.github.com/repos/BCStudentSoftwareDevTeam/cas/issues/45,https://github.com/BCStudentSoftwareDevTeam/cas/issues/45#issuecomment-852140801
cas,852140737,bryantal,User,2016-06-21T19:17:24Z,2021-06-01T13:49:45Z,https://api.github.com/repos/BCStudentSoftwareDevTeam/cas/issues/44,https://github.com/BCStudentSoftwareDevTeam/cas/issues/44#issuecomment-852140737
cas,852140741,bryantal,User,2016-06-21T19:17:40Z,2021-06-01T13:49:45Z,https://api.github.com/repos/BCStudentSoftwareDevTeam/cas/issues/44,https://github.com/BCStudentSoftwareDevTeam/cas/issues/44#issuecomment-852140741
cas,852140746,bryantal,User,2016-06-21T19:17:52Z,2021-06-01T13:49:45Z,https://api.github.com/repos/BCStudentSoftwareDevTeam/cas/issues/44,https://github.com/BCStudentSoftwareDevTeam/cas/issues/44#issuecomment-852140746
cas,852140854,bryantal,User,2016-06-21T20:57:23Z,2021-06-01T13:49:52Z,https://api.github.com/repos/BCStudentSoftwareDevTeam/cas/issues/46,https://github.com/BCStudentSoftwareDevTeam/cas/issues/46#issuecomment-852140854
cas,852140803,bryantal,User,2016-06-21T20:57:46Z,2021-06-01T13:49:49Z,https://api.github.com/repos/BCStudentSoftwareDevTeam/cas/issues/45,https://github.com/BCStudentSoftwareDevTeam/cas/issues/45#issuecomment-852140803
cas,852140807,bryantal,User,2016-06-28T15:46:30Z,2021-06-01T13:49:49Z,https://api.github.com/repos/BCStudentSoftwareDevTeam/cas/issues/45,https://github.com/BCStudentSoftwareDevTeam/cas/issues/45#issuecomment-852140807
cas,852140809,bryantal,User,2016-06-28T15:47:12Z,2021-06-01T13:49:49Z,https://api.github.com/repos/BCStudentSoftwareDevTeam/cas/issues/45,https://github.com/BCStudentSoftwareDevTeam/cas/issues/45#issuecomment-852140809
cas,852140812,bryantal,User,2016-06-28T15:49:11Z,2021-06-01T13:49:49Z,https://api.github.com/repos/BCStudentSoftwareDevTeam/cas/issues/45,https://github.com/BCStudentSoftwareDevTeam/cas/issues/45#issuecomment-852140812
cas,852140814,bryantal,User,2016-06-28T15:50:56Z,2021-06-01T13:49:50Z,https://api.github.com/repos/BCStudentSoftwareDevTeam/cas/issues/45,https://github.com/BCStudentSoftwareDevTeam/cas/issues/45#issuecomment-852140814
cas,852141051,bryantal,User,2016-06-28T15:51:26Z,2021-06-01T13:50:07Z,https://api.github.com/repos/BCStudentSoftwareDevTeam/cas/issues/50,https://github.com/BCStudentSoftwareDevTeam/cas/issues/50#issuecomment-852141051
cas,852140857,bryantal,User,2016-06-28T15:53:01Z,2021-06-01T13:49:52Z,https://api.github.com/repos/BCStudentSoftwareDevTeam/cas/issues/46,https://github.com/BCStudentSoftwareDevTeam/cas/issues/46#issuecomment-852140857
cas,852140860,bryantal,User,2016-06-28T16:02:43Z,2021-06-01T13:49:53Z,https://api.github.com/repos/BCStudentSoftwareDevTeam/cas/issues/46,https://github.com/BCStudentSoftwareDevTeam/cas/issues/46#issuecomment-852140860
cas,852140861,bryantal,User,2016-06-28T16:17:28Z,2021-06-01T13:49:53Z,https://api.github.com/repos/BCStudentSoftwareDevTeam/cas/issues/46,https://github.com/BCStudentSoftwareDevTeam/cas/issues/46#issuecomment-852140861
cas,852140863,bryantal,User,2016-06-28T17:30:12Z,2021-06-01T13:49:53Z,https://api.github.com/repos/BCStudentSoftwareDevTeam/cas/issues/46,https://github.com/BCStudentSoftwareDevTeam/cas/issues/46#issuecomment-852140863
cas,852140992,bryantal,User,2016-06-28T20:26:36Z,2021-06-01T13:50:03Z,https://api.github.com/repos/BCStudentSoftwareDevTeam/cas/issues/49,https://github.com/BCStudentSoftwareDevTeam/cas/issues/49#issuecomment-852140992
cas,852140996,bryantal,User,2016-06-28T20:26:43Z,2021-06-01T13:50:03Z,https://api.github.com/repos/BCStudentSoftwareDevTeam/cas/issues/49,https://github.com/BCStudentSoftwareDevTeam/cas/issues/49#issuecomment-852140996
cas,852140865,bryantal,User,2016-06-28T20:27:19Z,2021-06-01T13:49:53Z,https://api.github.com/repos/BCStudentSoftwareDevTeam/cas/issues/46,https://github.com/BCStudentSoftwareDevTeam/cas/issues/46#issuecomment-852140865
cas,852141097,bryantal,User,2016-06-28T20:47:06Z,2021-06-01T13:50:09Z,https://api.github.com/repos/BCStudentSoftwareDevTeam/cas/issues/51,https://github.com/BCStudentSoftwareDevTeam/cas/issues/51#issuecomment-852141097
cas,852141105,bryantal,User,2016-06-29T16:01:39Z,2021-06-01T13:50:09Z,https://api.github.com/repos/BCStudentSoftwareDevTeam/cas/issues/51,https://github.com/BCStudentSoftwareDevTeam/cas/issues/51#issuecomment-852141105
cas,852141227,bryantal,User,2016-06-29T17:32:27Z,2021-06-01T13:50:18Z,https://api.github.com/repos/BCStudentSoftwareDevTeam/cas/issues/54,https://github.com/BCStudentSoftwareDevTeam/cas/issues/54#issuecomment-852141227
cas,852141196,bryantal,User,2016-06-29T17:33:33Z,2021-06-01T13:50:15Z,https://api.github.com/repos/BCStudentSoftwareDevTeam/cas/issues/53,https://github.com/BCStudentSoftwareDevTeam/cas/issues/53#issuecomment-852141196
cas,852141398,bryantal,User,2016-06-30T15:55:44Z,2021-06-01T13:50:31Z,https://api.github.com/repos/BCStudentSoftwareDevTeam/cas/issues/58,https://github.com/BCStudentSoftwareDevTeam/cas/issues/58#issuecomment-852141398
cas,852141402,bryantal,User,2016-07-01T18:39:35Z,2021-06-01T13:50:31Z,https://api.github.com/repos/BCStudentSoftwareDevTeam/cas/issues/58,https://github.com/BCStudentSoftwareDevTeam/cas/issues/58#issuecomment-852141402
cas,852141407,bryantal,User,2016-07-01T18:41:31Z,2021-06-01T13:50:31Z,https://api.github.com/repos/BCStudentSoftwareDevTeam/cas/issues/58,https://github.com/BCStudentSoftwareDevTeam/cas/issues/58#issuecomment-852141407
cas,852141412,bryantal,User,2016-07-01T18:47:34Z,2021-06-01T13:50:31Z,https://api.github.com/repos/BCStudentSoftwareDevTeam/cas/issues/58,https://github.com/BCStudentSoftwareDevTeam/cas/issues/58#issuecomment-852141412
cas,852141414,bryantal,User,2016-07-01T18:57:07Z,2021-06-01T13:50:32Z,https://api.github.com/repos/BCStudentSoftwareDevTeam/cas/issues/58,https://github.com/BCStudentSoftwareDevTeam/cas/issues/58#issuecomment-852141414
cas,852141322,bryantal,User,2016-07-01T19:01:37Z,2021-06-01T13:50:25Z,https://api.github.com/repos/BCStudentSoftwareDevTeam/cas/issues/56,https://github.com/BCStudentSoftwareDevTeam/cas/issues/56#issuecomment-852141322
cas,852141277,bryantal,User,2016-07-01T19:04:56Z,2021-06-01T13:50:22Z,https://api.github.com/repos/BCStudentSoftwareDevTeam/cas/issues/55,https://github.com/BCStudentSoftwareDevTeam/cas/issues/55#issuecomment-852141277
cas,852141279,bryantal,User,2016-07-01T19:06:36Z,2021-06-01T13:50:22Z,https://api.github.com/repos/BCStudentSoftwareDevTeam/cas/issues/55,https://github.com/BCStudentSoftwareDevTeam/cas/issues/55#issuecomment-852141279
cas,852141462,bryantal,User,2016-07-11T13:21:29Z,2021-06-01T13:50:34Z,https://api.github.com/repos/BCStudentSoftwareDevTeam/cas/issues/59,https://github.com/BCStudentSoftwareDevTeam/cas/issues/59#issuecomment-852141462
cas,852141286,bryantal,User,2016-07-11T13:29:36Z,2021-06-01T13:50:22Z,https://api.github.com/repos/BCStudentSoftwareDevTeam/cas/issues/55,https://github.com/BCStudentSoftwareDevTeam/cas/issues/55#issuecomment-852141286
cas,852141904,bryantal,User,2016-07-11T15:10:51Z,2021-06-01T13:50:57Z,https://api.github.com/repos/BCStudentSoftwareDevTeam/cas/issues/67,https://github.com/BCStudentSoftwareDevTeam/cas/issues/67#issuecomment-852141904
cas,852141908,bryantal,User,2016-07-11T15:11:35Z,2021-06-01T13:50:57Z,https://api.github.com/repos/BCStudentSoftwareDevTeam/cas/issues/67,https://github.com/BCStudentSoftwareDevTeam/cas/issues/67#issuecomment-852141908
cas,852141911,bryantal,User,2016-07-11T15:32:16Z,2021-06-01T13:50:57Z,https://api.github.com/repos/BCStudentSoftwareDevTeam/cas/issues/67,https://github.com/BCStudentSoftwareDevTeam/cas/issues/67#issuecomment-852141911
cas,852141139,bryantal,User,2016-07-11T15:47:53Z,2021-06-01T13:50:12Z,https://api.github.com/repos/BCStudentSoftwareDevTeam/cas/issues/52,https://github.com/BCStudentSoftwareDevTeam/cas/issues/52#issuecomment-852141139
cas,852141143,bryantal,User,2016-07-11T15:48:12Z,2021-06-01T13:50:12Z,https://api.github.com/repos/BCStudentSoftwareDevTeam/cas/issues/52,https://github.com/BCStudentSoftwareDevTeam/cas/issues/52#issuecomment-852141143
cas,852141568,bryantal,User,2016-07-11T17:12:03Z,2021-06-01T13:50:41Z,https://api.github.com/repos/BCStudentSoftwareDevTeam/cas/issues/61,https://github.com/BCStudentSoftwareDevTeam/cas/issues/61#issuecomment-852141568
cas,852141574,bryantal,User,2016-07-11T17:12:22Z,2021-06-01T13:50:41Z,https://api.github.com/repos/BCStudentSoftwareDevTeam/cas/issues/61,https://github.com/BCStudentSoftwareDevTeam/cas/issues/61#issuecomment-852141574
cas,852141361,bryantal,User,2016-07-11T19:27:00Z,2021-06-01T13:50:28Z,https://api.github.com/repos/BCStudentSoftwareDevTeam/cas/issues/57,https://github.com/BCStudentSoftwareDevTeam/cas/issues/57#issuecomment-852141361
cas,852141364,bryantal,User,2016-07-11T19:27:16Z,2021-06-01T13:50:28Z,https://api.github.com/repos/BCStudentSoftwareDevTeam/cas/issues/57,https://github.com/BCStudentSoftwareDevTeam/cas/issues/57#issuecomment-852141364
cas,852141366,bryantal,User,2016-07-11T19:29:05Z,2021-06-01T13:50:28Z,https://api.github.com/repos/BCStudentSoftwareDevTeam/cas/issues/57,https://github.com/BCStudentSoftwareDevTeam/cas/issues/57#issuecomment-852141366
cas,852141933,bryantal,User,2016-07-11T20:57:49Z,2021-06-01T13:50:59Z,https://api.github.com/repos/BCStudentSoftwareDevTeam/cas/issues/68,https://github.com/BCStudentSoftwareDevTeam/cas/issues/68#issuecomment-852141933
cas,852141147,bryantal,User,2016-07-12T16:05:27Z,2021-06-01T13:50:12Z,https://api.github.com/repos/BCStudentSoftwareDevTeam/cas/issues/52,https://github.com/BCStudentSoftwareDevTeam/cas/issues/52#issuecomment-852141147
cas,852141647,bryantal,User,2016-07-13T20:53:07Z,2021-06-01T13:50:43Z,https://api.github.com/repos/BCStudentSoftwareDevTeam/cas/issues/62,https://github.com/BCStudentSoftwareDevTeam/cas/issues/62#issuecomment-852141647
cas,852141823,bryantal,User,2016-07-14T16:34:15Z,2021-06-01T13:50:50Z,https://api.github.com/repos/BCStudentSoftwareDevTeam/cas/issues/64,https://github.com/BCStudentSoftwareDevTeam/cas/issues/64#issuecomment-852141823
cas,852141937,bryantal,User,2016-07-14T16:34:27Z,2021-06-01T13:50:59Z,https://api.github.com/repos/BCStudentSoftwareDevTeam/cas/issues/68,https://github.com/BCStudentSoftwareDevTeam/cas/issues/68#issuecomment-852141937
cas,852141291,bryantal,User,2016-07-14T16:34:49Z,2021-06-01T13:50:22Z,https://api.github.com/repos/BCStudentSoftwareDevTeam/cas/issues/55,https://github.com/BCStudentSoftwareDevTeam/cas/issues/55#issuecomment-852141291
cas,852141655,bryantal,User,2016-07-14T16:35:27Z,2021-06-01T13:50:43Z,https://api.github.com/repos/BCStudentSoftwareDevTeam/cas/issues/62,https://github.com/BCStudentSoftwareDevTeam/cas/issues/62#issuecomment-852141655
cas,852141661,bryantal,User,2016-07-14T16:36:02Z,2021-06-01T13:50:44Z,https://api.github.com/repos/BCStudentSoftwareDevTeam/cas/issues/62,https://github.com/BCStudentSoftwareDevTeam/cas/issues/62#issuecomment-852141661
cas,852141668,bryantal,User,2016-07-14T16:36:14Z,2021-06-01T13:50:44Z,https://api.github.com/repos/BCStudentSoftwareDevTeam/cas/issues/62,https://github.com/BCStudentSoftwareDevTeam/cas/issues/62#issuecomment-852141668
cas,852141675,bryantal,User,2016-07-14T16:36:43Z,2021-06-01T13:50:44Z,https://api.github.com/repos/BCStudentSoftwareDevTeam/cas/issues/62,https://github.com/BCStudentSoftwareDevTeam/cas/issues/62#issuecomment-852141675
cas,852141856,bryantal,User,2016-07-14T19:43:58Z,2021-06-01T13:50:53Z,https://api.github.com/repos/BCStudentSoftwareDevTeam/cas/issues/65,https://github.com/BCStudentSoftwareDevTeam/cas/issues/65#issuecomment-852141856
cas,852142023,bryantal,User,2016-07-14T19:44:50Z,2021-06-01T13:51:05Z,https://api.github.com/repos/BCStudentSoftwareDevTeam/cas/issues/70,https://github.com/BCStudentSoftwareDevTeam/cas/issues/70#issuecomment-852142023
cas,852141681,bryantal,User,2016-07-14T19:45:10Z,2021-06-01T13:50:44Z,https://api.github.com/repos/BCStudentSoftwareDevTeam/cas/issues/62,https://github.com/BCStudentSoftwareDevTeam/cas/issues/62#issuecomment-852141681
cas,852141751,bryantal,User,2016-07-14T19:45:37Z,2021-06-01T13:50:47Z,https://api.github.com/repos/BCStudentSoftwareDevTeam/cas/issues/63,https://github.com/BCStudentSoftwareDevTeam/cas/issues/63#issuecomment-852141751
cas,852142093,bryantal,User,2016-07-14T19:45:57Z,2021-06-01T13:51:10Z,https://api.github.com/repos/BCStudentSoftwareDevTeam/cas/issues/72,https://github.com/BCStudentSoftwareDevTeam/cas/issues/72#issuecomment-852142093
cas,852142453,bryantal,User,2016-07-15T20:46:51Z,2021-06-01T13:51:35Z,https://api.github.com/repos/BCStudentSoftwareDevTeam/cas/issues/80,https://github.com/BCStudentSoftwareDevTeam/cas/issues/80#issuecomment-852142453
cas,852142169,bryantal,User,2016-07-15T22:14:18Z,2021-06-01T13:51:16Z,https://api.github.com/repos/BCStudentSoftwareDevTeam/cas/issues/74,https://github.com/BCStudentSoftwareDevTeam/cas/issues/74#issuecomment-852142169
cas,852142384,bryantal,User,2016-07-18T11:48:54Z,2021-06-01T13:51:31Z,https://api.github.com/repos/BCStudentSoftwareDevTeam/cas/issues/79,https://github.com/BCStudentSoftwareDevTeam/cas/issues/79#issuecomment-852142384
cas,852142389,bryantal,User,2016-07-18T11:51:31Z,2021-06-01T13:51:31Z,https://api.github.com/repos/BCStudentSoftwareDevTeam/cas/issues/79,https://github.com/BCStudentSoftwareDevTeam/cas/issues/79#issuecomment-852142389
cas,852142391,bryantal,User,2016-07-18T11:54:43Z,2021-06-01T13:51:31Z,https://api.github.com/repos/BCStudentSoftwareDevTeam/cas/issues/79,https://github.com/BCStudentSoftwareDevTeam/cas/issues/79#issuecomment-852142391
cas,852142395,bryantal,User,2016-07-18T11:59:42Z,2021-06-01T13:51:31Z,https://api.github.com/repos/BCStudentSoftwareDevTeam/cas/issues/79,https://github.com/BCStudentSoftwareDevTeam/cas/issues/79#issuecomment-852142395
cas,852142400,bryantal,User,2016-07-18T12:05:11Z,2021-06-01T13:51:31Z,https://api.github.com/repos/BCStudentSoftwareDevTeam/cas/issues/79,https://github.com/BCStudentSoftwareDevTeam/cas/issues/79#issuecomment-852142400
cas,852142403,bryantal,User,2016-07-18T12:14:37Z,2021-06-01T13:51:32Z,https://api.github.com/repos/BCStudentSoftwareDevTeam/cas/issues/79,https://github.com/BCStudentSoftwareDevTeam/cas/issues/79#issuecomment-852142403
cas,852142407,bryantal,User,2016-07-18T12:16:51Z,2021-06-01T13:51:32Z,https://api.github.com/repos/BCStudentSoftwareDevTeam/cas/issues/79,https://github.com/BCStudentSoftwareDevTeam/cas/issues/79#issuecomment-852142407
cas,852142412,bryantal,User,2016-07-18T12:42:43Z,2021-06-01T13:51:32Z,https://api.github.com/repos/BCStudentSoftwareDevTeam/cas/issues/79,https://github.com/BCStudentSoftwareDevTeam/cas/issues/79#issuecomment-852142412
cas,852142414,bryantal,User,2016-07-18T13:12:26Z,2021-06-01T13:51:32Z,https://api.github.com/repos/BCStudentSoftwareDevTeam/cas/issues/79,https://github.com/BCStudentSoftwareDevTeam/cas/issues/79#issuecomment-852142414
cas,852142127,bryantal,User,2016-07-18T13:22:10Z,2021-06-01T13:51:13Z,https://api.github.com/repos/BCStudentSoftwareDevTeam/cas/issues/73,https://github.com/BCStudentSoftwareDevTeam/cas/issues/73#issuecomment-852142127
cas,852142240,bryantal,User,2016-07-18T13:25:08Z,2021-06-01T13:51:20Z,https://api.github.com/repos/BCStudentSoftwareDevTeam/cas/issues/75,https://github.com/BCStudentSoftwareDevTeam/cas/issues/75#issuecomment-852142240
cas,852142284,bryantal,User,2016-07-18T13:39:45Z,2021-06-01T13:51:23Z,https://api.github.com/repos/BCStudentSoftwareDevTeam/cas/issues/76,https://github.com/BCStudentSoftwareDevTeam/cas/issues/76#issuecomment-852142284
cas,852142059,bryantal,User,2016-07-18T13:41:21Z,2021-06-01T13:51:08Z,https://api.github.com/repos/BCStudentSoftwareDevTeam/cas/issues/71,https://github.com/BCStudentSoftwareDevTeam/cas/issues/71#issuecomment-852142059
cas,852142460,bryantal,User,2016-07-18T13:42:27Z,2021-06-01T13:51:35Z,https://api.github.com/repos/BCStudentSoftwareDevTeam/cas/issues/80,https://github.com/BCStudentSoftwareDevTeam/cas/issues/80#issuecomment-852142460
cas,852142521,bryantal,User,2016-07-18T13:54:04Z,2021-06-01T13:51:40Z,https://api.github.com/repos/BCStudentSoftwareDevTeam/cas/issues/82,https://github.com/BCStudentSoftwareDevTeam/cas/issues/82#issuecomment-852142521
cas,852142526,bryantal,User,2016-07-18T14:03:31Z,2021-06-01T13:51:40Z,https://api.github.com/repos/BCStudentSoftwareDevTeam/cas/issues/82,https://github.com/BCStudentSoftwareDevTeam/cas/issues/82#issuecomment-852142526
cas,852142529,bryantal,User,2016-07-18T14:13:33Z,2021-06-01T13:51:40Z,https://api.github.com/repos/BCStudentSoftwareDevTeam/cas/issues/82,https://github.com/BCStudentSoftwareDevTeam/cas/issues/82#issuecomment-852142529
cas,852142492,bryantal,User,2016-07-18T15:09:08Z,2021-06-01T13:51:38Z,https://api.github.com/repos/BCStudentSoftwareDevTeam/cas/issues/81,https://github.com/BCStudentSoftwareDevTeam/cas/issues/81#issuecomment-852142492
cas,852142495,bryantal,User,2016-07-18T15:13:09Z,2021-06-01T13:51:38Z,https://api.github.com/repos/BCStudentSoftwareDevTeam/cas/issues/81,https://github.com/BCStudentSoftwareDevTeam/cas/issues/81#issuecomment-852142495
cas,852142685,bryantal,User,2016-07-18T15:31:48Z,2021-06-01T13:51:51Z,https://api.github.com/repos/BCStudentSoftwareDevTeam/cas/issues/85,https://github.com/BCStudentSoftwareDevTeam/cas/issues/85#issuecomment-852142685
cas,852142711,bryantal,User,2016-07-18T16:14:06Z,2021-06-01T13:51:53Z,https://api.github.com/repos/BCStudentSoftwareDevTeam/cas/issues/86,https://github.com/BCStudentSoftwareDevTeam/cas/issues/86#issuecomment-852142711
cas,852142778,bryantal,User,2016-07-18T16:46:36Z,2021-06-01T13:51:59Z,https://api.github.com/repos/BCStudentSoftwareDevTeam/cas/issues/88,https://github.com/BCStudentSoftwareDevTeam/cas/issues/88#issuecomment-852142778
cas,852142689,bryantal,User,2016-07-18T17:15:26Z,2021-06-01T13:51:51Z,https://api.github.com/repos/BCStudentSoftwareDevTeam/cas/issues/85,https://github.com/BCStudentSoftwareDevTeam/cas/issues/85#issuecomment-852142689
cas,852142636,bryantal,User,2016-07-18T17:31:50Z,2021-06-01T13:51:47Z,https://api.github.com/repos/BCStudentSoftwareDevTeam/cas/issues/84,https://github.com/BCStudentSoftwareDevTeam/cas/issues/84#issuecomment-852142636
cas,852142355,bryantal,User,2016-07-18T17:34:31Z,2021-06-01T13:51:28Z,https://api.github.com/repos/BCStudentSoftwareDevTeam/cas/issues/78,https://github.com/BCStudentSoftwareDevTeam/cas/issues/78#issuecomment-852142355
cas,852142819,bryantal,User,2016-07-18T17:42:19Z,2021-06-01T13:52:02Z,https://api.github.com/repos/BCStudentSoftwareDevTeam/cas/issues/89,https://github.com/BCStudentSoftwareDevTeam/cas/issues/89#issuecomment-852142819
cas,852142922,bryantal,User,2016-07-18T17:44:12Z,2021-06-01T13:52:08Z,https://api.github.com/repos/BCStudentSoftwareDevTeam/cas/issues/91,https://github.com/BCStudentSoftwareDevTeam/cas/issues/91#issuecomment-852142922
cas,852143003,bryantal,User,2016-07-18T17:49:46Z,2021-06-01T13:52:15Z,https://api.github.com/repos/BCStudentSoftwareDevTeam/cas/issues/93,https://github.com/BCStudentSoftwareDevTeam/cas/issues/93#issuecomment-852143003
cas,852143004,bryantal,User,2016-07-18T17:51:45Z,2021-06-01T13:52:15Z,https://api.github.com/repos/BCStudentSoftwareDevTeam/cas/issues/93,https://github.com/BCStudentSoftwareDevTeam/cas/issues/93#issuecomment-852143004
cas,852142175,bryantal,User,2016-07-18T18:12:01Z,2021-06-01T13:51:16Z,https://api.github.com/repos/BCStudentSoftwareDevTeam/cas/issues/74,https://github.com/BCStudentSoftwareDevTeam/cas/issues/74#issuecomment-852142175
cas,852142179,bryantal,User,2016-07-18T18:12:30Z,2021-06-01T13:51:16Z,https://api.github.com/repos/BCStudentSoftwareDevTeam/cas/issues/74,https://github.com/BCStudentSoftwareDevTeam/cas/issues/74#issuecomment-852142179
cas,852142951,bryantal,User,2016-07-18T18:17:16Z,2021-06-01T13:52:11Z,https://api.github.com/repos/BCStudentSoftwareDevTeam/cas/issues/92,https://github.com/BCStudentSoftwareDevTeam/cas/issues/92#issuecomment-852142951
cas,852142955,bryantal,User,2016-07-18T18:19:44Z,2021-06-01T13:52:11Z,https://api.github.com/repos/BCStudentSoftwareDevTeam/cas/issues/92,https://github.com/BCStudentSoftwareDevTeam/cas/issues/92#issuecomment-852142955
cas,852142885,bryantal,User,2016-07-18T18:33:19Z,2021-06-01T13:52:06Z,https://api.github.com/repos/BCStudentSoftwareDevTeam/cas/issues/90,https://github.com/BCStudentSoftwareDevTeam/cas/issues/90#issuecomment-852142885
cas,852143037,bryantal,User,2016-07-19T12:24:04Z,2021-06-01T13:52:18Z,https://api.github.com/repos/BCStudentSoftwareDevTeam/cas/issues/94,https://github.com/BCStudentSoftwareDevTeam/cas/issues/94#issuecomment-852143037
cas,852142183,bryantal,User,2016-07-19T17:21:04Z,2021-06-01T13:51:16Z,https://api.github.com/repos/BCStudentSoftwareDevTeam/cas/issues/74,https://github.com/BCStudentSoftwareDevTeam/cas/issues/74#issuecomment-852142183
cas,852143088,bryantal,User,2016-07-27T15:53:08Z,2021-06-01T13:52:22Z,https://api.github.com/repos/BCStudentSoftwareDevTeam/cas/issues/96,https://github.com/BCStudentSoftwareDevTeam/cas/issues/96#issuecomment-852143088
cas,852143059,bryantal,User,2016-07-27T17:04:20Z,2021-06-01T13:52:20Z,https://api.github.com/repos/BCStudentSoftwareDevTeam/cas/issues/95,https://github.com/BCStudentSoftwareDevTeam/cas/issues/95#issuecomment-852143059
cas,852143041,bryantal,User,2016-07-27T17:05:12Z,2021-06-01T13:52:18Z,https://api.github.com/repos/BCStudentSoftwareDevTeam/cas/issues/94,https://github.com/BCStudentSoftwareDevTeam/cas/issues/94#issuecomment-852143041
cas,852142823,bryantal,User,2016-07-27T17:05:32Z,2021-06-01T13:52:02Z,https://api.github.com/repos/BCStudentSoftwareDevTeam/cas/issues/89,https://github.com/BCStudentSoftwareDevTeam/cas/issues/89#issuecomment-852142823
cas,852142319,bryantal,User,2016-07-27T17:06:37Z,2021-06-01T13:51:25Z,https://api.github.com/repos/BCStudentSoftwareDevTeam/cas/issues/77,https://github.com/BCStudentSoftwareDevTeam/cas/issues/77#issuecomment-852142319
cas,852142188,bryantal,User,2016-07-27T17:07:03Z,2021-06-01T13:51:16Z,https://api.github.com/repos/BCStudentSoftwareDevTeam/cas/issues/74,https://github.com/BCStudentSoftwareDevTeam/cas/issues/74#issuecomment-852142188
cas,852142961,bryantal,User,2016-07-27T17:07:24Z,2021-06-01T13:52:12Z,https://api.github.com/repos/BCStudentSoftwareDevTeam/cas/issues/92,https://github.com/BCStudentSoftwareDevTeam/cas/issues/92#issuecomment-852142961
cas,852141989,bryantal,User,2016-07-27T17:08:15Z,2021-06-01T13:51:03Z,https://api.github.com/repos/BCStudentSoftwareDevTeam/cas/issues/69,https://github.com/BCStudentSoftwareDevTeam/cas/issues/69#issuecomment-852141989
cas,852140029,bryantal,User,2016-07-27T17:09:05Z,2021-06-01T13:48:54Z,https://api.github.com/repos/BCStudentSoftwareDevTeam/cas/issues/28,https://github.com/BCStudentSoftwareDevTeam/cas/issues/28#issuecomment-852140029
cas,852143172,bryantal,User,2016-07-28T14:33:42Z,2021-06-01T13:52:29Z,https://api.github.com/repos/BCStudentSoftwareDevTeam/cas/issues/99,https://github.com/BCStudentSoftwareDevTeam/cas/issues/99#issuecomment-852143172
cas,852143527,bryantal,User,2016-07-28T15:09:08Z,2021-06-01T13:52:57Z,https://api.github.com/repos/BCStudentSoftwareDevTeam/cas/issues/108,https://github.com/BCStudentSoftwareDevTeam/cas/issues/108#issuecomment-852143527
cas,852143457,bryantal,User,2016-07-28T15:09:39Z,2021-06-01T13:52:51Z,https://api.github.com/repos/BCStudentSoftwareDevTeam/cas/issues/106,https://github.com/BCStudentSoftwareDevTeam/cas/issues/106#issuecomment-852143457
cas,852143093,bryantal,User,2016-07-28T17:13:35Z,2021-06-01T13:52:23Z,https://api.github.com/repos/BCStudentSoftwareDevTeam/cas/issues/96,https://github.com/BCStudentSoftwareDevTeam/cas/issues/96#issuecomment-852143093
cas,852143383,bryantal,User,2016-07-28T19:11:42Z,2021-06-01T13:52:45Z,https://api.github.com/repos/BCStudentSoftwareDevTeam/cas/issues/104,https://github.com/BCStudentSoftwareDevTeam/cas/issues/104#issuecomment-852143383
cas,852143387,bryantal,User,2016-07-28T19:14:08Z,2021-06-01T13:52:46Z,https://api.github.com/repos/BCStudentSoftwareDevTeam/cas/issues/104,https://github.com/BCStudentSoftwareDevTeam/cas/issues/104#issuecomment-852143387
cas,852143392,bryantal,User,2016-07-28T20:15:03Z,2021-06-01T13:52:46Z,https://api.github.com/repos/BCStudentSoftwareDevTeam/cas/issues/104,https://github.com/BCStudentSoftwareDevTeam/cas/issues/104#issuecomment-852143392
cas,852143097,bryantal,User,2016-07-28T20:19:58Z,2021-06-01T13:52:23Z,https://api.github.com/repos/BCStudentSoftwareDevTeam/cas/issues/96,https://github.com/BCStudentSoftwareDevTeam/cas/issues/96#issuecomment-852143097
cas,852143342,bryantal,User,2016-07-29T14:29:59Z,2021-06-01T13:52:43Z,https://api.github.com/repos/BCStudentSoftwareDevTeam/cas/issues/103,https://github.com/BCStudentSoftwareDevTeam/cas/issues/103#issuecomment-852143342
cas,852143259,bryantal,User,2016-07-29T14:53:28Z,2021-06-01T13:52:36Z,https://api.github.com/repos/BCStudentSoftwareDevTeam/cas/issues/100,https://github.com/BCStudentSoftwareDevTeam/cas/issues/100#issuecomment-852143259
cas,852143307,bryantal,User,2016-07-29T16:07:30Z,2021-06-01T13:52:40Z,https://api.github.com/repos/BCStudentSoftwareDevTeam/cas/issues/102,https://github.com/BCStudentSoftwareDevTeam/cas/issues/102#issuecomment-852143307
cas,852143277,bryantal,User,2016-07-29T17:10:14Z,2021-06-01T13:52:38Z,https://api.github.com/repos/BCStudentSoftwareDevTeam/cas/issues/101,https://github.com/BCStudentSoftwareDevTeam/cas/issues/101#issuecomment-852143277
cas,852143147,bryantal,User,2016-07-29T17:27:14Z,2021-06-01T13:52:27Z,https://api.github.com/repos/BCStudentSoftwareDevTeam/cas/issues/98,https://github.com/BCStudentSoftwareDevTeam/cas/issues/98#issuecomment-852143147
cas,852143592,bryantal,User,2016-07-31T15:47:59Z,2021-06-01T13:53:02Z,https://api.github.com/repos/BCStudentSoftwareDevTeam/cas/issues/109,https://github.com/BCStudentSoftwareDevTeam/cas/issues/109#issuecomment-852143592
cas,852143655,bryantal,User,2016-07-31T15:49:20Z,2021-06-01T13:53:07Z,https://api.github.com/repos/BCStudentSoftwareDevTeam/cas/issues/110,https://github.com/BCStudentSoftwareDevTeam/cas/issues/110#issuecomment-852143655
cas,852143657,bryantal,User,2016-08-01T14:24:44Z,2021-06-01T13:53:07Z,https://api.github.com/repos/BCStudentSoftwareDevTeam/cas/issues/110,https://github.com/BCStudentSoftwareDevTeam/cas/issues/110#issuecomment-852143657
cas,852143174,bryantal,User,2016-08-01T17:58:08Z,2021-06-01T13:52:30Z,https://api.github.com/repos/BCStudentSoftwareDevTeam/cas/issues/99,https://github.com/BCStudentSoftwareDevTeam/cas/issues/99#issuecomment-852143174
cas,852143816,bryantal,User,2016-08-10T20:15:29Z,2021-06-01T13:53:21Z,https://api.github.com/repos/BCStudentSoftwareDevTeam/cas/issues/115,https://github.com/BCStudentSoftwareDevTeam/cas/issues/115#issuecomment-852143816
cas,852143758,bryantal,User,2016-08-10T20:18:15Z,2021-06-01T13:53:16Z,https://api.github.com/repos/BCStudentSoftwareDevTeam/cas/issues/113,https://github.com/BCStudentSoftwareDevTeam/cas/issues/113#issuecomment-852143758
cas,852143761,bryantal,User,2016-08-11T13:51:20Z,2021-06-01T13:53:16Z,https://api.github.com/repos/BCStudentSoftwareDevTeam/cas/issues/113,https://github.com/BCStudentSoftwareDevTeam/cas/issues/113#issuecomment-852143761
cas,852143822,bryantal,User,2016-08-11T13:51:47Z,2021-06-01T13:53:21Z,https://api.github.com/repos/BCStudentSoftwareDevTeam/cas/issues/115,https://github.com/BCStudentSoftwareDevTeam/cas/issues/115#issuecomment-852143822
cas,852143733,bryantal,User,2016-08-11T13:52:08Z,2021-06-01T13:53:13Z,https://api.github.com/repos/BCStudentSoftwareDevTeam/cas/issues/112,https://github.com/BCStudentSoftwareDevTeam/cas/issues/112#issuecomment-852143733
cas,852143699,bryantal,User,2016-08-11T13:52:23Z,2021-06-01T13:53:11Z,https://api.github.com/repos/BCStudentSoftwareDevTeam/cas/issues/111,https://github.com/BCStudentSoftwareDevTeam/cas/issues/111#issuecomment-852143699
cas,852139357,bryantal,User,2016-09-06T00:28:18Z,2021-06-01T13:48:07Z,https://api.github.com/repos/BCStudentSoftwareDevTeam/cas/issues/15,https://github.com/BCStudentSoftwareDevTeam/cas/issues/15#issuecomment-852139357
cas,852139362,bryantal,User,2016-09-06T00:28:34Z,2021-06-01T13:48:08Z,https://api.github.com/repos/BCStudentSoftwareDevTeam/cas/issues/15,https://github.com/BCStudentSoftwareDevTeam/cas/issues/15#issuecomment-852139362
cas,852144031,bryantal,User,2016-09-16T03:20:39Z,2021-06-01T13:53:38Z,https://api.github.com/repos/BCStudentSoftwareDevTeam/cas/issues/121,https://github.com/BCStudentSoftwareDevTeam/cas/issues/121#issuecomment-852144031
cas,852142595,bryantal,User,2016-09-16T03:22:32Z,2021-06-01T13:51:45Z,https://api.github.com/repos/BCStudentSoftwareDevTeam/cas/issues/83,https://github.com/BCStudentSoftwareDevTeam/cas/issues/83#issuecomment-852142595
cas,852144241,bryantal,User,2016-09-27T19:18:04Z,2021-06-01T13:53:53Z,https://api.github.com/repos/BCStudentSoftwareDevTeam/cas/issues/125,https://github.com/BCStudentSoftwareDevTeam/cas/issues/125#issuecomment-852144241
cas,852143926,bryantal,User,2016-10-14T16:25:18Z,2021-06-01T13:53:30Z,https://api.github.com/repos/BCStudentSoftwareDevTeam/cas/issues/118,https://github.com/BCStudentSoftwareDevTeam/cas/issues/118#issuecomment-852143926
cas,852143962,bryantal,User,2016-10-20T19:44:32Z,2021-06-01T13:53:33Z,https://api.github.com/repos/BCStudentSoftwareDevTeam/cas/issues/119,https://github.com/BCStudentSoftwareDevTeam/cas/issues/119#issuecomment-852143962
cas,852144057,bryantal,User,2016-10-20T19:54:43Z,2021-06-01T13:53:40Z,https://api.github.com/repos/BCStudentSoftwareDevTeam/cas/issues/122,https://github.com/BCStudentSoftwareDevTeam/cas/issues/122#issuecomment-852144057
cas,852144534,bryantal,User,2016-10-26T17:01:11Z,2021-06-01T13:54:15Z,https://api.github.com/repos/BCStudentSoftwareDevTeam/cas/issues/132,https://github.com/BCStudentSoftwareDevTeam/cas/issues/132#issuecomment-852144534
cas,852144389,bryantal,User,2016-10-26T17:48:53Z,2021-06-01T13:54:04Z,https://api.github.com/repos/BCStudentSoftwareDevTeam/cas/issues/129,https://github.com/BCStudentSoftwareDevTeam/cas/issues/129#issuecomment-852144389
cas,852139363,bryantal,User,2016-10-26T17:49:28Z,2021-06-01T13:48:08Z,https://api.github.com/repos/BCStudentSoftwareDevTeam/cas/issues/15,https://github.com/BCStudentSoftwareDevTeam/cas/issues/15#issuecomment-852139363
cas,852144245,bryantal,User,2016-10-26T18:11:08Z,2021-06-01T13:53:53Z,https://api.github.com/repos/BCStudentSoftwareDevTeam/cas/issues/125,https://github.com/BCStudentSoftwareDevTeam/cas/issues/125#issuecomment-852144245
cas,852144470,bryantal,User,2016-11-01T16:37:10Z,2021-06-01T13:54:10Z,https://api.github.com/repos/BCStudentSoftwareDevTeam/cas/issues/131,https://github.com/BCStudentSoftwareDevTeam/cas/issues/131#issuecomment-852144470
cas,852144474,bryantal,User,2016-11-01T17:13:33Z,2021-06-01T13:54:11Z,https://api.github.com/repos/BCStudentSoftwareDevTeam/cas/issues/131,https://github.com/BCStudentSoftwareDevTeam/cas/issues/131#issuecomment-852144474
cas,852144612,bryantal,User,2016-11-01T19:14:12Z,2021-06-01T13:54:21Z,https://api.github.com/repos/BCStudentSoftwareDevTeam/cas/issues/134,https://github.com/BCStudentSoftwareDevTeam/cas/issues/134#issuecomment-852144612
cas,852144616,bryantal,User,2016-11-01T19:23:55Z,2021-06-01T13:54:21Z,https://api.github.com/repos/BCStudentSoftwareDevTeam/cas/issues/134,https://github.com/BCStudentSoftwareDevTeam/cas/issues/134#issuecomment-852144616
cas,852144619,bryantal,User,2016-11-01T19:40:00Z,2021-06-01T13:54:21Z,https://api.github.com/repos/BCStudentSoftwareDevTeam/cas/issues/134,https://github.com/BCStudentSoftwareDevTeam/cas/issues/134#issuecomment-852144619
cas,852144622,bryantal,User,2016-11-01T21:16:05Z,2021-06-01T13:54:21Z,https://api.github.com/repos/BCStudentSoftwareDevTeam/cas/issues/134,https://github.com/BCStudentSoftwareDevTeam/cas/issues/134#issuecomment-852144622
cas,852144627,bryantal,User,2016-11-01T21:17:17Z,2021-06-01T13:54:21Z,https://api.github.com/repos/BCStudentSoftwareDevTeam/cas/issues/134,https://github.com/BCStudentSoftwareDevTeam/cas/issues/134#issuecomment-852144627
cas,852144666,bryantal,User,2016-11-02T18:23:16Z,2021-06-01T13:54:24Z,https://api.github.com/repos/BCStudentSoftwareDevTeam/cas/issues/135,https://github.com/BCStudentSoftwareDevTeam/cas/issues/135#issuecomment-852144666
cas,852144714,bryantal,User,2016-11-04T16:29:27Z,2021-06-01T13:54:28Z,https://api.github.com/repos/BCStudentSoftwareDevTeam/cas/issues/136,https://github.com/BCStudentSoftwareDevTeam/cas/issues/136#issuecomment-852144714
cas,852144720,bryantal,User,2016-11-10T17:51:53Z,2021-06-01T13:54:28Z,https://api.github.com/repos/BCStudentSoftwareDevTeam/cas/issues/136,https://github.com/BCStudentSoftwareDevTeam/cas/issues/136#issuecomment-852144720
cas,852140820,bryantal,User,2016-11-29T21:01:18Z,2021-06-01T13:49:50Z,https://api.github.com/repos/BCStudentSoftwareDevTeam/cas/issues/45,https://github.com/BCStudentSoftwareDevTeam/cas/issues/45#issuecomment-852140820
cas,852144131,bryantal,User,2017-02-14T13:55:25Z,2021-06-01T13:53:44Z,https://api.github.com/repos/BCStudentSoftwareDevTeam/cas/issues/123,https://github.com/BCStudentSoftwareDevTeam/cas/issues/123#issuecomment-852144131
cas,852144629,bryantal,User,2017-02-14T13:56:43Z,2021-06-01T13:54:21Z,https://api.github.com/repos/BCStudentSoftwareDevTeam/cas/issues/134,https://github.com/BCStudentSoftwareDevTeam/cas/issues/134#issuecomment-852144629
cas,852144761,bryantal,User,2017-02-14T13:59:00Z,2021-06-01T13:54:32Z,https://api.github.com/repos/BCStudentSoftwareDevTeam/cas/issues/137,https://github.com/BCStudentSoftwareDevTeam/cas/issues/137#issuecomment-852144761
cas,852144477,bryantal,User,2017-02-15T19:56:28Z,2021-06-01T13:54:11Z,https://api.github.com/repos/BCStudentSoftwareDevTeam/cas/issues/131,https://github.com/BCStudentSoftwareDevTeam/cas/issues/131#issuecomment-852144477
cas,852144668,bryantal,User,2017-02-15T19:57:46Z,2021-06-01T13:54:25Z,https://api.github.com/repos/BCStudentSoftwareDevTeam/cas/issues/135,https://github.com/BCStudentSoftwareDevTeam/cas/issues/135#issuecomment-852144668
cas,852144724,bryantal,User,2017-02-15T19:58:06Z,2021-06-01T13:54:28Z,https://api.github.com/repos/BCStudentSoftwareDevTeam/cas/issues/136,https://github.com/BCStudentSoftwareDevTeam/cas/issues/136#issuecomment-852144724
cas,852145182,bryantal,User,2017-02-15T20:20:49Z,2021-06-01T13:55:04Z,https://api.github.com/repos/BCStudentSoftwareDevTeam/cas/issues/146,https://github.com/BCStudentSoftwareDevTeam/cas/issues/146#issuecomment-852145182
cas,852145184,bryantal,User,2017-02-15T20:24:18Z,2021-06-01T13:55:05Z,https://api.github.com/repos/BCStudentSoftwareDevTeam/cas/issues/146,https://github.com/BCStudentSoftwareDevTeam/cas/issues/146#issuecomment-852145184
cas,852145186,bryantal,User,2017-02-15T20:28:49Z,2021-06-01T13:55:05Z,https://api.github.com/repos/BCStudentSoftwareDevTeam/cas/issues/146,https://github.com/BCStudentSoftwareDevTeam/cas/issues/146#issuecomment-852145186
cas,852144808,bryantal,User,2017-03-14T12:24:41Z,2021-06-01T13:54:35Z,https://api.github.com/repos/BCStudentSoftwareDevTeam/cas/issues/138,https://github.com/BCStudentSoftwareDevTeam/cas/issues/138#issuecomment-852144808
cas,852144810,bryantal,User,2017-03-14T12:26:37Z,2021-06-01T13:54:35Z,https://api.github.com/repos/BCStudentSoftwareDevTeam/cas/issues/138,https://github.com/BCStudentSoftwareDevTeam/cas/issues/138#issuecomment-852144810
cas,852144817,bryantal,User,2017-03-14T13:48:12Z,2021-06-01T13:54:35Z,https://api.github.com/repos/BCStudentSoftwareDevTeam/cas/issues/138,https://github.com/BCStudentSoftwareDevTeam/cas/issues/138#issuecomment-852144817
cas,852144823,bryantal,User,2017-03-14T16:41:59Z,2021-06-01T13:54:36Z,https://api.github.com/repos/BCStudentSoftwareDevTeam/cas/issues/138,https://github.com/BCStudentSoftwareDevTeam/cas/issues/138#issuecomment-852144823
cas,852144567,bryantal,User,2017-06-13T17:45:26Z,2021-06-01T13:54:17Z,https://api.github.com/repos/BCStudentSoftwareDevTeam/cas/issues/133,https://github.com/BCStudentSoftwareDevTeam/cas/issues/133#issuecomment-852144567
cas,852145023,bryantal,User,2017-06-13T18:22:57Z,2021-06-01T13:54:51Z,https://api.github.com/repos/BCStudentSoftwareDevTeam/cas/issues/143,https://github.com/BCStudentSoftwareDevTeam/cas/issues/143#issuecomment-852145023
cas,852145130,bryantal,User,2017-06-15T19:16:07Z,2021-06-01T13:55:00Z,https://api.github.com/repos/BCStudentSoftwareDevTeam/cas/issues/145,https://github.com/BCStudentSoftwareDevTeam/cas/issues/145#issuecomment-852145130
cas,852144135,bryantal,User,2017-06-16T13:01:37Z,2021-06-01T13:53:44Z,https://api.github.com/repos/BCStudentSoftwareDevTeam/cas/issues/123,https://github.com/BCStudentSoftwareDevTeam/cas/issues/123#issuecomment-852144135
cas,852145134,bryantal,User,2017-06-22T17:22:47Z,2021-06-01T13:55:00Z,https://api.github.com/repos/BCStudentSoftwareDevTeam/cas/issues/145,https://github.com/BCStudentSoftwareDevTeam/cas/issues/145#issuecomment-852145134
cas,852145071,bryantal,User,2017-06-22T19:18:34Z,2021-06-01T13:54:55Z,https://api.github.com/repos/BCStudentSoftwareDevTeam/cas/issues/144,https://github.com/BCStudentSoftwareDevTeam/cas/issues/144#issuecomment-852145071
cas,852145137,bryantal,User,2017-07-30T22:17:44Z,2021-06-01T13:55:00Z,https://api.github.com/repos/BCStudentSoftwareDevTeam/cas/issues/145,https://github.com/BCStudentSoftwareDevTeam/cas/issues/145#issuecomment-852145137
cas,852144427,bryantal,User,2017-07-30T22:18:33Z,2021-06-01T13:54:07Z,https://api.github.com/repos/BCStudentSoftwareDevTeam/cas/issues/130,https://github.com/BCStudentSoftwareDevTeam/cas/issues/130#issuecomment-852144427
cas,852145226,bryantal,User,2017-07-30T22:19:59Z,2021-06-01T13:55:09Z,https://api.github.com/repos/BCStudentSoftwareDevTeam/cas/issues/147,https://github.com/BCStudentSoftwareDevTeam/cas/issues/147#issuecomment-852145226
cas,852145027,bryantal,User,2017-07-30T22:21:22Z,2021-06-01T13:54:52Z,https://api.github.com/repos/BCStudentSoftwareDevTeam/cas/issues/143,https://github.com/BCStudentSoftwareDevTeam/cas/issues/143#issuecomment-852145027
cas,852145231,bryantal,User,2017-07-31T01:35:50Z,2021-06-01T13:55:09Z,https://api.github.com/repos/BCStudentSoftwareDevTeam/cas/issues/147,https://github.com/BCStudentSoftwareDevTeam/cas/issues/147#issuecomment-852145231
cas,852144327,bryantal,User,2017-08-29T14:07:10Z,2021-06-01T13:54:00Z,https://api.github.com/repos/BCStudentSoftwareDevTeam/cas/issues/128,https://github.com/BCStudentSoftwareDevTeam/cas/issues/128#issuecomment-852144327
cas,852144329,bryantal,User,2017-08-29T15:21:09Z,2021-06-01T13:54:00Z,https://api.github.com/repos/BCStudentSoftwareDevTeam/cas/issues/128,https://github.com/BCStudentSoftwareDevTeam/cas/issues/128#issuecomment-852144329
cas,852144333,bryantal,User,2017-08-29T16:13:43Z,2021-06-01T13:54:00Z,https://api.github.com/repos/BCStudentSoftwareDevTeam/cas/issues/128,https://github.com/BCStudentSoftwareDevTeam/cas/issues/128#issuecomment-852144333
cas,852144573,bryantal,User,2017-08-31T16:14:06Z,2021-06-01T13:54:17Z,https://api.github.com/repos/BCStudentSoftwareDevTeam/cas/issues/133,https://github.com/BCStudentSoftwareDevTeam/cas/issues/133#issuecomment-852144573
cas,852145652,bryantal,User,2017-09-07T17:20:34Z,2021-06-01T13:55:40Z,https://api.github.com/repos/BCStudentSoftwareDevTeam/cas/issues/156,https://github.com/BCStudentSoftwareDevTeam/cas/issues/156#issuecomment-852145652
cas,852144137,bryantal,User,2017-09-09T02:42:25Z,2021-06-01T13:53:45Z,https://api.github.com/repos/BCStudentSoftwareDevTeam/cas/issues/123,https://github.com/BCStudentSoftwareDevTeam/cas/issues/123#issuecomment-852144137
cas,852145233,bryantal,User,2017-09-09T02:42:53Z,2021-06-01T13:55:09Z,https://api.github.com/repos/BCStudentSoftwareDevTeam/cas/issues/147,https://github.com/BCStudentSoftwareDevTeam/cas/issues/147#issuecomment-852145233
cas,852140823,bryantal,User,2017-09-11T15:16:05Z,2021-06-01T13:49:50Z,https://api.github.com/repos/BCStudentSoftwareDevTeam/cas/issues/45,https://github.com/BCStudentSoftwareDevTeam/cas/issues/45#issuecomment-852140823
cas,852145237,bryantal,User,2017-09-12T00:23:49Z,2021-06-01T13:55:09Z,https://api.github.com/repos/BCStudentSoftwareDevTeam/cas/issues/147,https://github.com/BCStudentSoftwareDevTeam/cas/issues/147#issuecomment-852145237
cas,852145370,bryantal,User,2017-09-12T13:44:08Z,2021-06-01T13:55:19Z,https://api.github.com/repos/BCStudentSoftwareDevTeam/cas/issues/151,https://github.com/BCStudentSoftwareDevTeam/cas/issues/151#issuecomment-852145370
cas,852145188,bryantal,User,2017-09-12T13:44:08Z,2021-06-01T13:55:05Z,https://api.github.com/repos/BCStudentSoftwareDevTeam/cas/issues/146,https://github.com/BCStudentSoftwareDevTeam/cas/issues/146#issuecomment-852145188
cas,852145465,bryantal,User,2017-09-12T14:51:40Z,2021-06-01T13:55:28Z,https://api.github.com/repos/BCStudentSoftwareDevTeam/cas/issues/153,https://github.com/BCStudentSoftwareDevTeam/cas/issues/153#issuecomment-852145465
cas,852145473,bryantal,User,2017-09-12T15:42:39Z,2021-06-01T13:55:28Z,https://api.github.com/repos/BCStudentSoftwareDevTeam/cas/issues/153,https://github.com/BCStudentSoftwareDevTeam/cas/issues/153#issuecomment-852145473
cas,852145477,bryantal,User,2017-09-12T16:00:02Z,2021-06-01T13:55:28Z,https://api.github.com/repos/BCStudentSoftwareDevTeam/cas/issues/153,https://github.com/BCStudentSoftwareDevTeam/cas/issues/153#issuecomment-852145477
cas,852144143,bryantal,User,2017-09-12T17:27:42Z,2021-06-01T13:53:45Z,https://api.github.com/repos/BCStudentSoftwareDevTeam/cas/issues/123,https://github.com/BCStudentSoftwareDevTeam/cas/issues/123#issuecomment-852144143
cas,852145075,bryantal,User,2017-09-12T18:19:43Z,2021-06-01T13:54:55Z,https://api.github.com/repos/BCStudentSoftwareDevTeam/cas/issues/144,https://github.com/BCStudentSoftwareDevTeam/cas/issues/144#issuecomment-852145075
cas,852145301,bryantal,User,2017-09-13T13:02:28Z,2021-06-01T13:55:14Z,https://api.github.com/repos/BCStudentSoftwareDevTeam/cas/issues/149,https://github.com/BCStudentSoftwareDevTeam/cas/issues/149#issuecomment-852145301
cas,852145482,bryantal,User,2017-09-13T17:36:11Z,2021-06-01T13:55:28Z,https://api.github.com/repos/BCStudentSoftwareDevTeam/cas/issues/153,https://github.com/BCStudentSoftwareDevTeam/cas/issues/153#issuecomment-852145482
cas,852144827,bryantal,User,2017-09-14T12:11:26Z,2021-06-01T13:54:36Z,https://api.github.com/repos/BCStudentSoftwareDevTeam/cas/issues/138,https://github.com/BCStudentSoftwareDevTeam/cas/issues/138#issuecomment-852144827
cas,852144182,bryantal,User,2017-09-14T12:29:45Z,2021-06-01T13:53:48Z,https://api.github.com/repos/BCStudentSoftwareDevTeam/cas/issues/124,https://github.com/BCStudentSoftwareDevTeam/cas/issues/124#issuecomment-852144182
cas,852145190,bryantal,User,2017-09-14T13:18:38Z,2021-06-01T13:55:05Z,https://api.github.com/repos/BCStudentSoftwareDevTeam/cas/issues/146,https://github.com/BCStudentSoftwareDevTeam/cas/issues/146#issuecomment-852145190
cas,852143534,bryantal,User,2017-09-15T15:02:18Z,2021-06-01T13:52:57Z,https://api.github.com/repos/BCStudentSoftwareDevTeam/cas/issues/108,https://github.com/BCStudentSoftwareDevTeam/cas/issues/108#issuecomment-852143534
cas,852145275,bryantal,User,2017-09-18T19:58:04Z,2021-06-01T13:55:11Z,https://api.github.com/repos/BCStudentSoftwareDevTeam/cas/issues/148,https://github.com/BCStudentSoftwareDevTeam/cas/issues/148#issuecomment-852145275
cas,852145991,bryantal,User,2017-09-21T14:09:06Z,2021-06-01T13:56:08Z,https://api.github.com/repos/BCStudentSoftwareDevTeam/cas/issues/165,https://github.com/BCStudentSoftwareDevTeam/cas/issues/165#issuecomment-852145991
cas,852145992,bryantal,User,2017-09-25T02:26:36Z,2021-06-01T13:56:08Z,https://api.github.com/repos/BCStudentSoftwareDevTeam/cas/issues/165,https://github.com/BCStudentSoftwareDevTeam/cas/issues/165#issuecomment-852145992
cas,852145537,bryantal,User,2017-09-26T16:15:50Z,2021-06-01T13:55:32Z,https://api.github.com/repos/BCStudentSoftwareDevTeam/cas/issues/154,https://github.com/BCStudentSoftwareDevTeam/cas/issues/154#issuecomment-852145537
cas,852146690,bryantal,User,2017-09-27T14:37:25Z,2021-06-01T13:56:58Z,https://api.github.com/repos/BCStudentSoftwareDevTeam/cas/issues/178,https://github.com/BCStudentSoftwareDevTeam/cas/issues/178#issuecomment-852146690
cas,852146692,bryantal,User,2017-09-27T14:51:40Z,2021-06-01T13:56:58Z,https://api.github.com/repos/BCStudentSoftwareDevTeam/cas/issues/178,https://github.com/BCStudentSoftwareDevTeam/cas/issues/178#issuecomment-852146692
cas,852146541,bryantal,User,2017-09-27T19:50:08Z,2021-06-01T13:56:48Z,https://api.github.com/repos/BCStudentSoftwareDevTeam/cas/issues/176,https://github.com/BCStudentSoftwareDevTeam/cas/issues/176#issuecomment-852146541
cas,852146305,bryantal,User,2017-09-27T20:10:01Z,2021-06-01T13:56:32Z,https://api.github.com/repos/BCStudentSoftwareDevTeam/cas/issues/171,https://github.com/BCStudentSoftwareDevTeam/cas/issues/171#issuecomment-852146305
cas,852146204,bryantal,User,2017-09-27T20:38:13Z,2021-06-01T13:56:24Z,https://api.github.com/repos/BCStudentSoftwareDevTeam/cas/issues/169,https://github.com/BCStudentSoftwareDevTeam/cas/issues/169#issuecomment-852146204
cas,852146697,bryantal,User,2017-09-27T21:51:19Z,2021-06-01T13:56:58Z,https://api.github.com/repos/BCStudentSoftwareDevTeam/cas/issues/178,https://github.com/BCStudentSoftwareDevTeam/cas/issues/178#issuecomment-852146697
cas,852146308,bryantal,User,2017-09-27T21:51:19Z,2021-06-01T13:56:32Z,https://api.github.com/repos/BCStudentSoftwareDevTeam/cas/issues/171,https://github.com/BCStudentSoftwareDevTeam/cas/issues/171#issuecomment-852146308
cas,852146403,bryantal,User,2017-10-03T13:15:47Z,2021-06-01T13:56:38Z,https://api.github.com/repos/BCStudentSoftwareDevTeam/cas/issues/173,https://github.com/BCStudentSoftwareDevTeam/cas/issues/173#issuecomment-852146403
cas,852144994,bryantal,User,2017-10-03T13:47:50Z,2021-06-01T13:54:49Z,https://api.github.com/repos/BCStudentSoftwareDevTeam/cas/issues/142,https://github.com/BCStudentSoftwareDevTeam/cas/issues/142#issuecomment-852144994
cas,852145485,bryantal,User,2017-10-04T19:26:36Z,2021-06-01T13:55:28Z,https://api.github.com/repos/BCStudentSoftwareDevTeam/cas/issues/153,https://github.com/BCStudentSoftwareDevTeam/cas/issues/153#issuecomment-852145485
cas,852146820,bryantal,User,2017-10-04T20:33:01Z,2021-06-01T13:57:07Z,https://api.github.com/repos/BCStudentSoftwareDevTeam/cas/issues/181,https://github.com/BCStudentSoftwareDevTeam/cas/issues/181#issuecomment-852146820
cas,852146824,bryantal,User,2017-10-05T03:01:46Z,2021-06-01T13:57:07Z,https://api.github.com/repos/BCStudentSoftwareDevTeam/cas/issues/181,https://github.com/BCStudentSoftwareDevTeam/cas/issues/181#issuecomment-852146824
cas,852146026,bryantal,User,2017-10-05T13:20:41Z,2021-06-01T13:56:10Z,https://api.github.com/repos/BCStudentSoftwareDevTeam/cas/issues/166,https://github.com/BCStudentSoftwareDevTeam/cas/issues/166#issuecomment-852146026
cas,852146544,bryantal,User,2017-10-05T14:52:19Z,2021-06-01T13:56:48Z,https://api.github.com/repos/BCStudentSoftwareDevTeam/cas/issues/176,https://github.com/BCStudentSoftwareDevTeam/cas/issues/176#issuecomment-852146544
cas,852145950,bryantal,User,2017-10-05T14:52:43Z,2021-06-01T13:56:04Z,https://api.github.com/repos/BCStudentSoftwareDevTeam/cas/issues/164,https://github.com/BCStudentSoftwareDevTeam/cas/issues/164#issuecomment-852145950
cas,852146512,bryantal,User,2017-10-05T14:53:41Z,2021-06-01T13:56:45Z,https://api.github.com/repos/BCStudentSoftwareDevTeam/cas/issues/175,https://github.com/BCStudentSoftwareDevTeam/cas/issues/175#issuecomment-852146512
cas,852142597,bryantal,User,2017-10-05T14:54:00Z,2021-06-01T13:51:45Z,https://api.github.com/repos/BCStudentSoftwareDevTeam/cas/issues/83,https://github.com/BCStudentSoftwareDevTeam/cas/issues/83#issuecomment-852142597
cas,852145861,bryantal,User,2017-10-05T14:55:08Z,2021-06-01T13:55:57Z,https://api.github.com/repos/BCStudentSoftwareDevTeam/cas/issues/162,https://github.com/BCStudentSoftwareDevTeam/cas/issues/162#issuecomment-852145861
cas,852146956,bryantal,User,2017-10-05T17:37:51Z,2021-06-01T13:57:16Z,https://api.github.com/repos/BCStudentSoftwareDevTeam/cas/issues/183,https://github.com/BCStudentSoftwareDevTeam/cas/issues/183#issuecomment-852146956
cas,852144339,bryantal,User,2017-10-05T17:40:32Z,2021-06-01T13:54:00Z,https://api.github.com/repos/BCStudentSoftwareDevTeam/cas/issues/128,https://github.com/BCStudentSoftwareDevTeam/cas/issues/128#issuecomment-852144339
cas,852145486,bryantal,User,2017-10-05T18:06:47Z,2021-06-01T13:55:28Z,https://api.github.com/repos/BCStudentSoftwareDevTeam/cas/issues/153,https://github.com/BCStudentSoftwareDevTeam/cas/issues/153#issuecomment-852145486
cas,852146871,bryantal,User,2017-10-05T18:16:25Z,2021-06-01T13:57:10Z,https://api.github.com/repos/BCStudentSoftwareDevTeam/cas/issues/182,https://github.com/BCStudentSoftwareDevTeam/cas/issues/182#issuecomment-852146871
cas,852144829,bryantal,User,2017-10-05T18:39:10Z,2021-06-01T13:54:36Z,https://api.github.com/repos/BCStudentSoftwareDevTeam/cas/issues/138,https://github.com/BCStudentSoftwareDevTeam/cas/issues/138#issuecomment-852144829
cas,852144831,bryantal,User,2017-10-05T18:40:17Z,2021-06-01T13:54:36Z,https://api.github.com/repos/BCStudentSoftwareDevTeam/cas/issues/138,https://github.com/BCStudentSoftwareDevTeam/cas/issues/138#issuecomment-852144831
cas,852145489,bryantal,User,2017-10-05T18:40:17Z,2021-06-01T13:55:29Z,https://api.github.com/repos/BCStudentSoftwareDevTeam/cas/issues/153,https://github.com/BCStudentSoftwareDevTeam/cas/issues/153#issuecomment-852145489
cas,852146874,bryantal,User,2017-10-06T13:04:13Z,2021-06-01T13:57:11Z,https://api.github.com/repos/BCStudentSoftwareDevTeam/cas/issues/182,https://github.com/BCStudentSoftwareDevTeam/cas/issues/182#issuecomment-852146874
cas,852146700,bryantal,User,2017-10-06T13:19:47Z,2021-06-01T13:56:58Z,https://api.github.com/repos/BCStudentSoftwareDevTeam/cas/issues/178,https://github.com/BCStudentSoftwareDevTeam/cas/issues/178#issuecomment-852146700
cas,852146312,bryantal,User,2017-10-06T13:20:52Z,2021-06-01T13:56:32Z,https://api.github.com/repos/BCStudentSoftwareDevTeam/cas/issues/171,https://github.com/BCStudentSoftwareDevTeam/cas/issues/171#issuecomment-852146312
cas,852147075,bryantal,User,2017-10-06T15:09:33Z,2021-06-01T13:57:25Z,https://api.github.com/repos/BCStudentSoftwareDevTeam/cas/issues/186,https://github.com/BCStudentSoftwareDevTeam/cas/issues/186#issuecomment-852147075
cas,852145538,bryantal,User,2017-10-06T17:35:34Z,2021-06-01T13:55:32Z,https://api.github.com/repos/BCStudentSoftwareDevTeam/cas/issues/154,https://github.com/BCStudentSoftwareDevTeam/cas/issues/154#issuecomment-852145538
cas,852144429,bryantal,User,2017-10-06T17:38:26Z,2021-06-01T13:54:07Z,https://api.github.com/repos/BCStudentSoftwareDevTeam/cas/issues/130,https://github.com/BCStudentSoftwareDevTeam/cas/issues/130#issuecomment-852144429
cas,852146407,bryantal,User,2017-10-07T02:29:54Z,2021-06-01T13:56:39Z,https://api.github.com/repos/BCStudentSoftwareDevTeam/cas/issues/173,https://github.com/BCStudentSoftwareDevTeam/cas/issues/173#issuecomment-852146407
cas,852145030,bryantal,User,2017-10-09T19:19:04Z,2021-06-01T13:54:52Z,https://api.github.com/repos/BCStudentSoftwareDevTeam/cas/issues/143,https://github.com/BCStudentSoftwareDevTeam/cas/issues/143#issuecomment-852145030
cas,852145139,bryantal,User,2017-10-09T19:57:56Z,2021-06-01T13:55:01Z,https://api.github.com/repos/BCStudentSoftwareDevTeam/cas/issues/145,https://github.com/BCStudentSoftwareDevTeam/cas/issues/145#issuecomment-852145139
cas,852145779,bryantal,User,2017-10-09T20:00:23Z,2021-06-01T13:55:50Z,https://api.github.com/repos/BCStudentSoftwareDevTeam/cas/issues/159,https://github.com/BCStudentSoftwareDevTeam/cas/issues/159#issuecomment-852145779
cas,852145192,bryantal,User,2017-10-09T20:08:08Z,2021-06-01T13:55:05Z,https://api.github.com/repos/BCStudentSoftwareDevTeam/cas/issues/146,https://github.com/BCStudentSoftwareDevTeam/cas/issues/146#issuecomment-852145192
cas,852146774,bryantal,User,2017-10-10T12:30:19Z,2021-06-01T13:57:04Z,https://api.github.com/repos/BCStudentSoftwareDevTeam/cas/issues/180,https://github.com/BCStudentSoftwareDevTeam/cas/issues/180#issuecomment-852146774
cas,852145142,bryantal,User,2017-10-10T15:06:02Z,2021-06-01T13:55:01Z,https://api.github.com/repos/BCStudentSoftwareDevTeam/cas/issues/145,https://github.com/BCStudentSoftwareDevTeam/cas/issues/145#issuecomment-852145142
cas,852145033,bryantal,User,2017-10-10T16:04:33Z,2021-06-01T13:54:52Z,https://api.github.com/repos/BCStudentSoftwareDevTeam/cas/issues/143,https://github.com/BCStudentSoftwareDevTeam/cas/issues/143#issuecomment-852145033
cas,852147082,bryantal,User,2017-10-11T12:30:29Z,2021-06-01T13:57:26Z,https://api.github.com/repos/BCStudentSoftwareDevTeam/cas/issues/186,https://github.com/BCStudentSoftwareDevTeam/cas/issues/186#issuecomment-852147082
cas,852146736,bryantal,User,2017-10-12T12:51:00Z,2021-06-01T13:57:01Z,https://api.github.com/repos/BCStudentSoftwareDevTeam/cas/issues/179,https://github.com/BCStudentSoftwareDevTeam/cas/issues/179#issuecomment-852146736
cas,852146242,bryantal,User,2017-10-12T21:16:00Z,2021-06-01T13:56:27Z,https://api.github.com/repos/BCStudentSoftwareDevTeam/cas/issues/170,https://github.com/BCStudentSoftwareDevTeam/cas/issues/170#issuecomment-852146242
cas,852145302,bryantal,User,2017-10-13T12:21:53Z,2021-06-01T13:55:14Z,https://api.github.com/repos/BCStudentSoftwareDevTeam/cas/issues/149,https://github.com/BCStudentSoftwareDevTeam/cas/issues/149#issuecomment-852145302
cas,852145916,bryantal,User,2017-10-13T12:23:52Z,2021-06-01T13:56:01Z,https://api.github.com/repos/BCStudentSoftwareDevTeam/cas/issues/163,https://github.com/BCStudentSoftwareDevTeam/cas/issues/163#issuecomment-852145916
cas,852146247,bryantal,User,2017-10-13T20:06:32Z,2021-06-01T13:56:27Z,https://api.github.com/repos/BCStudentSoftwareDevTeam/cas/issues/170,https://github.com/BCStudentSoftwareDevTeam/cas/issues/170#issuecomment-852146247
cas,852146249,bryantal,User,2017-10-15T19:10:21Z,2021-06-01T13:56:28Z,https://api.github.com/repos/BCStudentSoftwareDevTeam/cas/issues/170,https://github.com/BCStudentSoftwareDevTeam/cas/issues/170#issuecomment-852146249
cas,852147133,bryantal,User,2017-10-15T19:14:42Z,2021-06-01T13:57:29Z,https://api.github.com/repos/BCStudentSoftwareDevTeam/cas/issues/187,https://github.com/BCStudentSoftwareDevTeam/cas/issues/187#issuecomment-852147133
cas,852146252,bryantal,User,2017-10-15T23:40:02Z,2021-06-01T13:56:28Z,https://api.github.com/repos/BCStudentSoftwareDevTeam/cas/issues/170,https://github.com/BCStudentSoftwareDevTeam/cas/issues/170#issuecomment-852146252
cas,852147136,bryantal,User,2017-10-17T14:16:26Z,2021-06-01T13:57:29Z,https://api.github.com/repos/BCStudentSoftwareDevTeam/cas/issues/187,https://github.com/BCStudentSoftwareDevTeam/cas/issues/187#issuecomment-852147136
cas,852146998,bryantal,User,2017-10-17T17:55:02Z,2021-06-01T13:57:19Z,https://api.github.com/repos/BCStudentSoftwareDevTeam/cas/issues/184,https://github.com/BCStudentSoftwareDevTeam/cas/issues/184#issuecomment-852146998
cas,852146877,bryantal,User,2017-10-26T17:34:11Z,2021-06-01T13:57:11Z,https://api.github.com/repos/BCStudentSoftwareDevTeam/cas/issues/182,https://github.com/BCStudentSoftwareDevTeam/cas/issues/182#issuecomment-852146877
cas,852146958,bryantal,User,2017-10-26T17:34:11Z,2021-06-01T13:57:16Z,https://api.github.com/repos/BCStudentSoftwareDevTeam/cas/issues/183,https://github.com/BCStudentSoftwareDevTeam/cas/issues/183#issuecomment-852146958
cas,852147089,bryantal,User,2017-10-26T17:34:11Z,2021-06-01T13:57:26Z,https://api.github.com/repos/BCStudentSoftwareDevTeam/cas/issues/186,https://github.com/BCStudentSoftwareDevTeam/cas/issues/186#issuecomment-852147089
cas,852146705,bryantal,User,2017-10-26T17:34:11Z,2021-06-01T13:56:59Z,https://api.github.com/repos/BCStudentSoftwareDevTeam/cas/issues/178,https://github.com/BCStudentSoftwareDevTeam/cas/issues/178#issuecomment-852146705
cas,852146255,bryantal,User,2017-10-26T17:34:11Z,2021-06-01T13:56:28Z,https://api.github.com/repos/BCStudentSoftwareDevTeam/cas/issues/170,https://github.com/BCStudentSoftwareDevTeam/cas/issues/170#issuecomment-852146255
cas,852146711,bryantal,User,2017-10-26T17:44:33Z,2021-06-01T13:56:59Z,https://api.github.com/repos/BCStudentSoftwareDevTeam/cas/issues/178,https://github.com/BCStudentSoftwareDevTeam/cas/issues/178#issuecomment-852146711
cas,852145542,bryantal,User,2017-10-31T15:02:08Z,2021-06-01T13:55:32Z,https://api.github.com/repos/BCStudentSoftwareDevTeam/cas/issues/154,https://github.com/BCStudentSoftwareDevTeam/cas/issues/154#issuecomment-852145542
cas,852147400,bryantal,User,2017-11-08T13:46:38Z,2021-06-01T13:57:49Z,https://api.github.com/repos/BCStudentSoftwareDevTeam/cas/issues/193,https://github.com/BCStudentSoftwareDevTeam/cas/issues/193#issuecomment-852147400
cas,852147403,bryantal,User,2017-11-21T17:12:55Z,2021-06-01T13:57:49Z,https://api.github.com/repos/BCStudentSoftwareDevTeam/cas/issues/193,https://github.com/BCStudentSoftwareDevTeam/cas/issues/193#issuecomment-852147403
cas,852147466,bryantal,User,2017-11-27T13:52:59Z,2021-06-01T13:57:54Z,https://api.github.com/repos/BCStudentSoftwareDevTeam/cas/issues/195,https://github.com/BCStudentSoftwareDevTeam/cas/issues/195#issuecomment-852147466
cas,852147435,bryantal,User,2017-11-27T13:53:29Z,2021-06-01T13:57:52Z,https://api.github.com/repos/BCStudentSoftwareDevTeam/cas/issues/194,https://github.com/BCStudentSoftwareDevTeam/cas/issues/194#issuecomment-852147435
cas,852147532,bryantal,User,2017-11-28T15:43:50Z,2021-06-01T13:58:00Z,https://api.github.com/repos/BCStudentSoftwareDevTeam/cas/issues/196,https://github.com/BCStudentSoftwareDevTeam/cas/issues/196#issuecomment-852147532
cas,852144433,bryantal,User,2017-11-30T14:58:40Z,2021-06-01T13:54:07Z,https://api.github.com/repos/BCStudentSoftwareDevTeam/cas/issues/130,https://github.com/BCStudentSoftwareDevTeam/cas/issues/130#issuecomment-852144433
cas,852148357,bryantal,User,2017-11-30T20:15:47Z,2021-06-01T13:59:04Z,https://api.github.com/repos/BCStudentSoftwareDevTeam/cas/issues/217,https://github.com/BCStudentSoftwareDevTeam/cas/issues/217#issuecomment-852148357
cas,852148050,bryantal,User,2017-11-30T20:17:11Z,2021-06-01T13:58:40Z,https://api.github.com/repos/BCStudentSoftwareDevTeam/cas/issues/210,https://github.com/BCStudentSoftwareDevTeam/cas/issues/210#issuecomment-852148050
cas,852148297,bryantal,User,2017-11-30T20:18:39Z,2021-06-01T13:58:59Z,https://api.github.com/repos/BCStudentSoftwareDevTeam/cas/issues/215,https://github.com/BCStudentSoftwareDevTeam/cas/issues/215#issuecomment-852148297
cas,852148003,bryantal,User,2017-11-30T22:15:29Z,2021-06-01T13:58:38Z,https://api.github.com/repos/BCStudentSoftwareDevTeam/cas/issues/209,https://github.com/BCStudentSoftwareDevTeam/cas/issues/209#issuecomment-852148003
cas,852144438,bryantal,User,2017-12-02T06:03:18Z,2021-06-01T13:54:07Z,https://api.github.com/repos/BCStudentSoftwareDevTeam/cas/issues/130,https://github.com/BCStudentSoftwareDevTeam/cas/issues/130#issuecomment-852144438
cas,852147759,bryantal,User,2017-12-04T22:19:19Z,2021-06-01T13:58:19Z,https://api.github.com/repos/BCStudentSoftwareDevTeam/cas/issues/203,https://github.com/BCStudentSoftwareDevTeam/cas/issues/203#issuecomment-852147759
cas,852147313,bryantal,User,2017-12-04T23:12:46Z,2021-06-01T13:57:43Z,https://api.github.com/repos/BCStudentSoftwareDevTeam/cas/issues/192,https://github.com/BCStudentSoftwareDevTeam/cas/issues/192#issuecomment-852147313
cas,852148052,bryantal,User,2017-12-05T13:25:23Z,2021-06-01T13:58:40Z,https://api.github.com/repos/BCStudentSoftwareDevTeam/cas/issues/210,https://github.com/BCStudentSoftwareDevTeam/cas/issues/210#issuecomment-852148052
cas,852147620,bryantal,User,2017-12-05T14:49:06Z,2021-06-01T13:58:08Z,https://api.github.com/repos/BCStudentSoftwareDevTeam/cas/issues/199,https://github.com/BCStudentSoftwareDevTeam/cas/issues/199#issuecomment-852147620
cas,852148531,bryantal,User,2017-12-05T15:06:52Z,2021-06-01T13:59:16Z,https://api.github.com/repos/BCStudentSoftwareDevTeam/cas/issues/220,https://github.com/BCStudentSoftwareDevTeam/cas/issues/220#issuecomment-852148531
cas,852147318,bryantal,User,2017-12-05T17:01:30Z,2021-06-01T13:57:43Z,https://api.github.com/repos/BCStudentSoftwareDevTeam/cas/issues/192,https://github.com/BCStudentSoftwareDevTeam/cas/issues/192#issuecomment-852147318
cas,852147762,bryantal,User,2017-12-05T18:32:13Z,2021-06-01T13:58:19Z,https://api.github.com/repos/BCStudentSoftwareDevTeam/cas/issues/203,https://github.com/BCStudentSoftwareDevTeam/cas/issues/203#issuecomment-852147762
cas,852148631,bryantal,User,2017-12-05T20:10:25Z,2021-06-01T13:59:23Z,https://api.github.com/repos/BCStudentSoftwareDevTeam/cas/issues/222,https://github.com/BCStudentSoftwareDevTeam/cas/issues/222#issuecomment-852148631
cas,852148360,bryantal,User,2017-12-07T18:16:13Z,2021-06-01T13:59:04Z,https://api.github.com/repos/BCStudentSoftwareDevTeam/cas/issues/217,https://github.com/BCStudentSoftwareDevTeam/cas/issues/217#issuecomment-852148360
cas,852148534,bryantal,User,2017-12-07T18:18:43Z,2021-06-01T13:59:16Z,https://api.github.com/repos/BCStudentSoftwareDevTeam/cas/issues/220,https://github.com/BCStudentSoftwareDevTeam/cas/issues/220#issuecomment-852148534
cas,852148932,bryantal,User,2017-12-07T21:05:09Z,2021-06-01T13:59:45Z,https://api.github.com/repos/BCStudentSoftwareDevTeam/cas/issues/230,https://github.com/BCStudentSoftwareDevTeam/cas/issues/230#issuecomment-852148932
cas,852148937,bryantal,User,2017-12-08T14:32:04Z,2021-06-01T13:59:45Z,https://api.github.com/repos/BCStudentSoftwareDevTeam/cas/issues/230,https://github.com/BCStudentSoftwareDevTeam/cas/issues/230#issuecomment-852148937
cas,852149124,bryantal,User,2017-12-11T15:44:58Z,2021-06-01T13:59:59Z,https://api.github.com/repos/BCStudentSoftwareDevTeam/cas/issues/235,https://github.com/BCStudentSoftwareDevTeam/cas/issues/235#issuecomment-852149124
cas,852149242,bryantal,User,2017-12-12T15:35:14Z,2021-06-01T14:00:07Z,https://api.github.com/repos/BCStudentSoftwareDevTeam/cas/issues/237,https://github.com/BCStudentSoftwareDevTeam/cas/issues/237#issuecomment-852149242
cas,852149250,bryantal,User,2017-12-12T15:49:21Z,2021-06-01T14:00:08Z,https://api.github.com/repos/BCStudentSoftwareDevTeam/cas/issues/237,https://github.com/BCStudentSoftwareDevTeam/cas/issues/237#issuecomment-852149250
cas,852144439,bryantal,User,2017-12-14T15:42:51Z,2021-06-01T13:54:08Z,https://api.github.com/repos/BCStudentSoftwareDevTeam/cas/issues/130,https://github.com/BCStudentSoftwareDevTeam/cas/issues/130#issuecomment-852144439
cas,852148755,bryantal,User,2018-01-02T15:13:48Z,2021-06-01T13:59:31Z,https://api.github.com/repos/BCStudentSoftwareDevTeam/cas/issues/224,https://github.com/BCStudentSoftwareDevTeam/cas/issues/224#issuecomment-852148755
cas,852144442,bryantal,User,2018-01-09T20:46:42Z,2021-06-01T13:54:08Z,https://api.github.com/repos/BCStudentSoftwareDevTeam/cas/issues/130,https://github.com/BCStudentSoftwareDevTeam/cas/issues/130#issuecomment-852144442
cas,852147590,bryantal,User,2018-01-11T15:57:30Z,2021-06-01T13:58:06Z,https://api.github.com/repos/BCStudentSoftwareDevTeam/cas/issues/198,https://github.com/BCStudentSoftwareDevTeam/cas/issues/198#issuecomment-852147590
cas,852148634,bryantal,User,2018-01-24T15:49:37Z,2021-06-01T13:59:23Z,https://api.github.com/repos/BCStudentSoftwareDevTeam/cas/issues/222,https://github.com/BCStudentSoftwareDevTeam/cas/issues/222#issuecomment-852148634
cas,852147320,bryantal,User,2018-01-24T15:51:38Z,2021-06-01T13:57:43Z,https://api.github.com/repos/BCStudentSoftwareDevTeam/cas/issues/192,https://github.com/BCStudentSoftwareDevTeam/cas/issues/192#issuecomment-852147320
cas,852148009,bryantal,User,2018-01-24T15:55:22Z,2021-06-01T13:58:38Z,https://api.github.com/repos/BCStudentSoftwareDevTeam/cas/issues/209,https://github.com/BCStudentSoftwareDevTeam/cas/issues/209#issuecomment-852148009
cas,852147594,bryantal,User,2018-01-24T16:00:46Z,2021-06-01T13:58:06Z,https://api.github.com/repos/BCStudentSoftwareDevTeam/cas/issues/198,https://github.com/BCStudentSoftwareDevTeam/cas/issues/198#issuecomment-852147594
cas,852146445,bryantal,User,2018-01-24T16:01:46Z,2021-06-01T13:56:41Z,https://api.github.com/repos/BCStudentSoftwareDevTeam/cas/issues/174,https://github.com/BCStudentSoftwareDevTeam/cas/issues/174#issuecomment-852146445
cas,852149502,bryantal,User,2018-01-26T16:10:05Z,2021-06-01T14:00:23Z,https://api.github.com/repos/BCStudentSoftwareDevTeam/cas/issues/241,https://github.com/BCStudentSoftwareDevTeam/cas/issues/241#issuecomment-852149502
cas,852149392,bryantal,User,2018-01-26T16:11:37Z,2021-06-01T14:00:16Z,https://api.github.com/repos/BCStudentSoftwareDevTeam/cas/issues/240,https://github.com/BCStudentSoftwareDevTeam/cas/issues/240#issuecomment-852149392
cas,852149655,bryantal,User,2018-02-13T15:55:12Z,2021-06-01T14:00:36Z,https://api.github.com/repos/BCStudentSoftwareDevTeam/cas/issues/245,https://github.com/BCStudentSoftwareDevTeam/cas/issues/245#issuecomment-852149655
cas,852149662,bryantal,User,2018-02-13T15:57:40Z,2021-06-01T14:00:37Z,https://api.github.com/repos/BCStudentSoftwareDevTeam/cas/issues/245,https://github.com/BCStudentSoftwareDevTeam/cas/issues/245#issuecomment-852149662
cas,852148454,bryantal,User,2018-02-19T17:57:50Z,2021-06-01T13:59:10Z,https://api.github.com/repos/BCStudentSoftwareDevTeam/cas/issues/219,https://github.com/BCStudentSoftwareDevTeam/cas/issues/219#issuecomment-852148454
cas,852149761,bryantal,User,2018-02-28T14:55:36Z,2021-06-01T14:00:43Z,https://api.github.com/repos/BCStudentSoftwareDevTeam/cas/issues/247,https://github.com/BCStudentSoftwareDevTeam/cas/issues/247#issuecomment-852149761
cas,852146449,bryantal,User,2018-06-12T14:51:50Z,2021-06-01T13:56:41Z,https://api.github.com/repos/BCStudentSoftwareDevTeam/cas/issues/174,https://github.com/BCStudentSoftwareDevTeam/cas/issues/174#issuecomment-852146449
cas,852148119,bryantal,User,2018-06-12T15:23:02Z,2021-06-01T13:58:46Z,https://api.github.com/repos/BCStudentSoftwareDevTeam/cas/issues/212,https://github.com/BCStudentSoftwareDevTeam/cas/issues/212#issuecomment-852148119
cas,852148209,bryantal,User,2018-06-12T15:24:40Z,2021-06-01T13:58:52Z,https://api.github.com/repos/BCStudentSoftwareDevTeam/cas/issues/213,https://github.com/BCStudentSoftwareDevTeam/cas/issues/213#issuecomment-852148209
cas,852148092,bryantal,User,2018-06-12T18:09:04Z,2021-06-01T13:58:44Z,https://api.github.com/repos/BCStudentSoftwareDevTeam/cas/issues/211,https://github.com/BCStudentSoftwareDevTeam/cas/issues/211#issuecomment-852148092
cas,852148215,bryantal,User,2018-06-12T18:59:20Z,2021-06-01T13:58:52Z,https://api.github.com/repos/BCStudentSoftwareDevTeam/cas/issues/213,https://github.com/BCStudentSoftwareDevTeam/cas/issues/213#issuecomment-852148215
cas,852149064,bryantal,User,2018-06-12T20:42:47Z,2021-06-01T13:59:55Z,https://api.github.com/repos/BCStudentSoftwareDevTeam/cas/issues/234,https://github.com/BCStudentSoftwareDevTeam/cas/issues/234#issuecomment-852149064
cas,852149067,bryantal,User,2018-06-12T20:45:32Z,2021-06-01T13:59:55Z,https://api.github.com/repos/BCStudentSoftwareDevTeam/cas/issues/234,https://github.com/BCStudentSoftwareDevTeam/cas/issues/234#issuecomment-852149067
cas,852148094,bryantal,User,2018-06-12T20:52:09Z,2021-06-01T13:58:44Z,https://api.github.com/repos/BCStudentSoftwareDevTeam/cas/issues/211,https://github.com/BCStudentSoftwareDevTeam/cas/issues/211#issuecomment-852148094
cas,852149998,bryantal,User,2018-06-13T13:50:17Z,2021-06-01T14:00:57Z,https://api.github.com/repos/BCStudentSoftwareDevTeam/cas/issues/252,https://github.com/BCStudentSoftwareDevTeam/cas/issues/252#issuecomment-852149998
cas,852149858,bryantal,User,2018-06-13T14:00:05Z,2021-06-01T14:00:48Z,https://api.github.com/repos/BCStudentSoftwareDevTeam/cas/issues/249,https://github.com/BCStudentSoftwareDevTeam/cas/issues/249#issuecomment-852149858
cas,852148272,bryantal,User,2018-06-13T14:29:01Z,2021-06-01T13:58:56Z,https://api.github.com/repos/BCStudentSoftwareDevTeam/cas/issues/214,https://github.com/BCStudentSoftwareDevTeam/cas/issues/214#issuecomment-852148272
cas,852149532,bryantal,User,2018-06-27T03:05:15Z,2021-06-01T14:00:26Z,https://api.github.com/repos/BCStudentSoftwareDevTeam/cas/issues/242,https://github.com/BCStudentSoftwareDevTeam/cas/issues/242#issuecomment-852149532
cas,852148218,bryantal,User,2018-07-03T15:08:35Z,2021-06-01T13:58:52Z,https://api.github.com/repos/BCStudentSoftwareDevTeam/cas/issues/213,https://github.com/BCStudentSoftwareDevTeam/cas/issues/213#issuecomment-852148218
cas,852149338,bryantal,User,2018-08-03T17:46:55Z,2021-06-01T14:00:12Z,https://api.github.com/repos/BCStudentSoftwareDevTeam/cas/issues/239,https://github.com/BCStudentSoftwareDevTeam/cas/issues/239#issuecomment-852149338
cas,852150590,bryantal,User,2018-08-14T19:20:05Z,2021-06-01T14:01:38Z,https://api.github.com/repos/BCStudentSoftwareDevTeam/cas/issues/263,https://github.com/BCStudentSoftwareDevTeam/cas/issues/263#issuecomment-852150590
cas,852149767,bryantal,User,2018-08-22T15:34:58Z,2021-06-01T14:00:43Z,https://api.github.com/repos/BCStudentSoftwareDevTeam/cas/issues/247,https://github.com/BCStudentSoftwareDevTeam/cas/issues/247#issuecomment-852149767
cas,852148414,bryantal,User,2018-08-22T15:38:06Z,2021-06-01T13:59:08Z,https://api.github.com/repos/BCStudentSoftwareDevTeam/cas/issues/218,https://github.com/BCStudentSoftwareDevTeam/cas/issues/218#issuecomment-852148414
cas,852150168,bryantal,User,2018-08-22T19:50:05Z,2021-06-01T14:01:08Z,https://api.github.com/repos/BCStudentSoftwareDevTeam/cas/issues/256,https://github.com/BCStudentSoftwareDevTeam/cas/issues/256#issuecomment-852150168
cas,852150169,bryantal,User,2018-08-23T17:44:23Z,2021-06-01T14:01:08Z,https://api.github.com/repos/BCStudentSoftwareDevTeam/cas/issues/256,https://github.com/BCStudentSoftwareDevTeam/cas/issues/256#issuecomment-852150169
cas,852150641,bryantal,User,2018-08-23T20:15:11Z,2021-06-01T14:01:41Z,https://api.github.com/repos/BCStudentSoftwareDevTeam/cas/issues/264,https://github.com/BCStudentSoftwareDevTeam/cas/issues/264#issuecomment-852150641
cas,852150298,bryantal,User,2018-08-24T22:07:02Z,2021-06-01T14:01:18Z,https://api.github.com/repos/BCStudentSoftwareDevTeam/cas/issues/258,https://github.com/BCStudentSoftwareDevTeam/cas/issues/258#issuecomment-852150298
cas,852150301,bryantal,User,2018-08-27T14:56:54Z,2021-06-01T14:01:18Z,https://api.github.com/repos/BCStudentSoftwareDevTeam/cas/issues/258,https://github.com/BCStudentSoftwareDevTeam/cas/issues/258#issuecomment-852150301
cas,852150438,bryantal,User,2018-08-27T17:55:15Z,2021-06-01T14:01:28Z,https://api.github.com/repos/BCStudentSoftwareDevTeam/cas/issues/260,https://github.com/BCStudentSoftwareDevTeam/cas/issues/260#issuecomment-852150438
cas,852149771,bryantal,User,2018-08-27T18:00:54Z,2021-06-01T14:00:43Z,https://api.github.com/repos/BCStudentSoftwareDevTeam/cas/issues/247,https://github.com/BCStudentSoftwareDevTeam/cas/issues/247#issuecomment-852149771
cas,852150521,bryantal,User,2018-08-28T17:54:21Z,2021-06-01T14:01:34Z,https://api.github.com/repos/BCStudentSoftwareDevTeam/cas/issues/262,https://github.com/BCStudentSoftwareDevTeam/cas/issues/262#issuecomment-852150521
cas,852150304,bryantal,User,2018-08-28T18:06:03Z,2021-06-01T14:01:19Z,https://api.github.com/repos/BCStudentSoftwareDevTeam/cas/issues/258,https://github.com/BCStudentSoftwareDevTeam/cas/issues/258#issuecomment-852150304
cas,852150647,bryantal,User,2018-08-29T17:43:30Z,2021-06-01T14:01:42Z,https://api.github.com/repos/BCStudentSoftwareDevTeam/cas/issues/264,https://github.com/BCStudentSoftwareDevTeam/cas/issues/264#issuecomment-852150647
cas,852150648,bryantal,User,2018-08-29T19:18:33Z,2021-06-01T14:01:42Z,https://api.github.com/repos/BCStudentSoftwareDevTeam/cas/issues/264,https://github.com/BCStudentSoftwareDevTeam/cas/issues/264#issuecomment-852150648
cas,852150651,bryantal,User,2018-08-29T19:21:07Z,2021-06-01T14:01:42Z,https://api.github.com/repos/BCStudentSoftwareDevTeam/cas/issues/264,https://github.com/BCStudentSoftwareDevTeam/cas/issues/264#issuecomment-852150651
cas,852150654,bryantal,User,2018-08-29T20:07:37Z,2021-06-01T14:01:42Z,https://api.github.com/repos/BCStudentSoftwareDevTeam/cas/issues/264,https://github.com/BCStudentSoftwareDevTeam/cas/issues/264#issuecomment-852150654
cas,852150871,bryantal,User,2018-08-29T20:32:33Z,2021-06-01T14:01:57Z,https://api.github.com/repos/BCStudentSoftwareDevTeam/cas/issues/268,https://github.com/BCStudentSoftwareDevTeam/cas/issues/268#issuecomment-852150871
cas,852150173,bryantal,User,2018-09-03T23:47:56Z,2021-06-01T14:01:08Z,https://api.github.com/repos/BCStudentSoftwareDevTeam/cas/issues/256,https://github.com/BCStudentSoftwareDevTeam/cas/issues/256#issuecomment-852150173
cas,852150309,bryantal,User,2018-09-04T17:48:45Z,2021-06-01T14:01:19Z,https://api.github.com/repos/BCStudentSoftwareDevTeam/cas/issues/258,https://github.com/BCStudentSoftwareDevTeam/cas/issues/258#issuecomment-852150309
cas,852150728,bryantal,User,2018-09-04T19:02:22Z,2021-06-01T14:01:47Z,https://api.github.com/repos/BCStudentSoftwareDevTeam/cas/issues/265,https://github.com/BCStudentSoftwareDevTeam/cas/issues/265#issuecomment-852150728
cas,852150177,bryantal,User,2018-09-04T19:04:53Z,2021-06-01T14:01:08Z,https://api.github.com/repos/BCStudentSoftwareDevTeam/cas/issues/256,https://github.com/BCStudentSoftwareDevTeam/cas/issues/256#issuecomment-852150177
cas,852148574,bryantal,User,2018-09-04T19:24:48Z,2021-06-01T13:59:19Z,https://api.github.com/repos/BCStudentSoftwareDevTeam/cas/issues/221,https://github.com/BCStudentSoftwareDevTeam/cas/issues/221#issuecomment-852148574
cas,852148576,bryantal,User,2018-09-04T20:12:00Z,2021-06-01T13:59:19Z,https://api.github.com/repos/BCStudentSoftwareDevTeam/cas/issues/221,https://github.com/BCStudentSoftwareDevTeam/cas/issues/221#issuecomment-852148576
cas,852148579,bryantal,User,2018-09-04T20:12:16Z,2021-06-01T13:59:20Z,https://api.github.com/repos/BCStudentSoftwareDevTeam/cas/issues/221,https://github.com/BCStudentSoftwareDevTeam/cas/issues/221#issuecomment-852148579
cas,852150467,bryantal,User,2018-09-05T03:01:08Z,2021-06-01T14:01:30Z,https://api.github.com/repos/BCStudentSoftwareDevTeam/cas/issues/261,https://github.com/BCStudentSoftwareDevTeam/cas/issues/261#issuecomment-852150467
cas,852150658,bryantal,User,2018-09-07T20:01:41Z,2021-06-01T14:01:43Z,https://api.github.com/repos/BCStudentSoftwareDevTeam/cas/issues/264,https://github.com/BCStudentSoftwareDevTeam/cas/issues/264#issuecomment-852150658
cas,852150442,bryantal,User,2018-09-07T20:19:08Z,2021-06-01T14:01:28Z,https://api.github.com/repos/BCStudentSoftwareDevTeam/cas/issues/260,https://github.com/BCStudentSoftwareDevTeam/cas/issues/260#issuecomment-852150442
cas,852150178,bryantal,User,2018-09-07T20:20:17Z,2021-06-01T14:01:08Z,https://api.github.com/repos/BCStudentSoftwareDevTeam/cas/issues/256,https://github.com/BCStudentSoftwareDevTeam/cas/issues/256#issuecomment-852150178
cas,852150731,bryantal,User,2018-09-07T20:20:44Z,2021-06-01T14:01:47Z,https://api.github.com/repos/BCStudentSoftwareDevTeam/cas/issues/265,https://github.com/BCStudentSoftwareDevTeam/cas/issues/265#issuecomment-852150731
cas,852150799,bryantal,User,2018-09-07T20:21:22Z,2021-06-01T14:01:52Z,https://api.github.com/repos/BCStudentSoftwareDevTeam/cas/issues/266,https://github.com/BCStudentSoftwareDevTeam/cas/issues/266#issuecomment-852150799
cas,852150312,bryantal,User,2018-09-07T20:21:48Z,2021-06-01T14:01:19Z,https://api.github.com/repos/BCStudentSoftwareDevTeam/cas/issues/258,https://github.com/BCStudentSoftwareDevTeam/cas/issues/258#issuecomment-852150312
cas,852150829,bryantal,User,2018-09-07T20:23:03Z,2021-06-01T14:01:54Z,https://api.github.com/repos/BCStudentSoftwareDevTeam/cas/issues/267,https://github.com/BCStudentSoftwareDevTeam/cas/issues/267#issuecomment-852150829
cas,852150043,bryantal,User,2018-09-07T20:24:09Z,2021-06-01T14:01:00Z,https://api.github.com/repos/BCStudentSoftwareDevTeam/cas/issues/253,https://github.com/BCStudentSoftwareDevTeam/cas/issues/253#issuecomment-852150043
cas,852150525,bryantal,User,2018-09-07T20:51:12Z,2021-06-01T14:01:35Z,https://api.github.com/repos/BCStudentSoftwareDevTeam/cas/issues/262,https://github.com/BCStudentSoftwareDevTeam/cas/issues/262#issuecomment-852150525
cas,852150735,bryantal,User,2018-09-10T14:57:42Z,2021-06-01T14:01:47Z,https://api.github.com/repos/BCStudentSoftwareDevTeam/cas/issues/265,https://github.com/BCStudentSoftwareDevTeam/cas/issues/265#issuecomment-852150735
cas,852150476,bryantal,User,2018-09-10T20:06:57Z,2021-06-01T14:01:31Z,https://api.github.com/repos/BCStudentSoftwareDevTeam/cas/issues/261,https://github.com/BCStudentSoftwareDevTeam/cas/issues/261#issuecomment-852150476
cas,852150182,bryantal,User,2018-09-11T16:59:09Z,2021-06-01T14:01:09Z,https://api.github.com/repos/BCStudentSoftwareDevTeam/cas/issues/256,https://github.com/BCStudentSoftwareDevTeam/cas/issues/256#issuecomment-852150182
cas,852150737,bryantal,User,2018-09-11T20:05:26Z,2021-06-01T14:01:47Z,https://api.github.com/repos/BCStudentSoftwareDevTeam/cas/issues/265,https://github.com/BCStudentSoftwareDevTeam/cas/issues/265#issuecomment-852150737
cas,852150314,bryantal,User,2018-09-11T20:39:58Z,2021-06-01T14:01:19Z,https://api.github.com/repos/BCStudentSoftwareDevTeam/cas/issues/258,https://github.com/BCStudentSoftwareDevTeam/cas/issues/258#issuecomment-852150314
cas,852150909,bryantal,User,2018-09-14T18:24:12Z,2021-06-01T14:02:01Z,https://api.github.com/repos/BCStudentSoftwareDevTeam/cas/issues/269,https://github.com/BCStudentSoftwareDevTeam/cas/issues/269#issuecomment-852150909
cas,852150740,bryantal,User,2018-09-24T15:09:07Z,2021-06-01T14:01:48Z,https://api.github.com/repos/BCStudentSoftwareDevTeam/cas/issues/265,https://github.com/BCStudentSoftwareDevTeam/cas/issues/265#issuecomment-852150740
cas,852151134,bryantal,User,2018-09-25T17:26:05Z,2021-06-01T14:02:16Z,https://api.github.com/repos/BCStudentSoftwareDevTeam/cas/issues/273,https://github.com/BCStudentSoftwareDevTeam/cas/issues/273#issuecomment-852151134
cas,852150963,bryantal,User,2018-09-25T17:40:47Z,2021-06-01T14:02:05Z,https://api.github.com/repos/BCStudentSoftwareDevTeam/cas/issues/270,https://github.com/BCStudentSoftwareDevTeam/cas/issues/270#issuecomment-852150963
cas,852151137,bryantal,User,2018-09-25T19:31:21Z,2021-06-01T14:02:16Z,https://api.github.com/repos/BCStudentSoftwareDevTeam/cas/issues/273,https://github.com/BCStudentSoftwareDevTeam/cas/issues/273#issuecomment-852151137
cas,852151139,bryantal,User,2018-09-25T19:32:45Z,2021-06-01T14:02:16Z,https://api.github.com/repos/BCStudentSoftwareDevTeam/cas/issues/273,https://github.com/BCStudentSoftwareDevTeam/cas/issues/273#issuecomment-852151139
cas,852151140,bryantal,User,2018-09-26T17:58:10Z,2021-06-01T14:02:17Z,https://api.github.com/repos/BCStudentSoftwareDevTeam/cas/issues/273,https://github.com/BCStudentSoftwareDevTeam/cas/issues/273#issuecomment-852151140
cas,852151257,bryantal,User,2018-09-27T15:14:19Z,2021-06-01T14:02:26Z,https://api.github.com/repos/BCStudentSoftwareDevTeam/cas/issues/276,https://github.com/BCStudentSoftwareDevTeam/cas/issues/276#issuecomment-852151257
cas,852150316,bryantal,User,2018-09-27T15:45:07Z,2021-06-01T14:01:20Z,https://api.github.com/repos/BCStudentSoftwareDevTeam/cas/issues/258,https://github.com/BCStudentSoftwareDevTeam/cas/issues/258#issuecomment-852150316
cas,852151261,bryantal,User,2018-09-27T15:45:09Z,2021-06-01T14:02:26Z,https://api.github.com/repos/BCStudentSoftwareDevTeam/cas/issues/276,https://github.com/BCStudentSoftwareDevTeam/cas/issues/276#issuecomment-852151261
cas,852151263,bryantal,User,2018-09-28T18:05:09Z,2021-06-01T14:02:26Z,https://api.github.com/repos/BCStudentSoftwareDevTeam/cas/issues/276,https://github.com/BCStudentSoftwareDevTeam/cas/issues/276#issuecomment-852151263
cas,852151202,bryantal,User,2018-10-01T16:14:23Z,2021-06-01T14:02:22Z,https://api.github.com/repos/BCStudentSoftwareDevTeam/cas/issues/275,https://github.com/BCStudentSoftwareDevTeam/cas/issues/275#issuecomment-852151202
cas,852151203,bryantal,User,2018-10-01T16:51:52Z,2021-06-01T14:02:22Z,https://api.github.com/repos/BCStudentSoftwareDevTeam/cas/issues/275,https://github.com/BCStudentSoftwareDevTeam/cas/issues/275#issuecomment-852151203
cas,852150661,bryantal,User,2018-10-01T16:56:33Z,2021-06-01T14:01:43Z,https://api.github.com/repos/BCStudentSoftwareDevTeam/cas/issues/264,https://github.com/BCStudentSoftwareDevTeam/cas/issues/264#issuecomment-852150661
cas,852150664,bryantal,User,2018-10-02T17:23:04Z,2021-06-01T14:01:43Z,https://api.github.com/repos/BCStudentSoftwareDevTeam/cas/issues/264,https://github.com/BCStudentSoftwareDevTeam/cas/issues/264#issuecomment-852150664
cas,852151264,bryantal,User,2018-10-02T17:24:14Z,2021-06-01T14:02:26Z,https://api.github.com/repos/BCStudentSoftwareDevTeam/cas/issues/276,https://github.com/BCStudentSoftwareDevTeam/cas/issues/276#issuecomment-852151264
cas,852150966,bryantal,User,2018-10-02T17:26:39Z,2021-06-01T14:02:05Z,https://api.github.com/repos/BCStudentSoftwareDevTeam/cas/issues/270,https://github.com/BCStudentSoftwareDevTeam/cas/issues/270#issuecomment-852150966
cas,852150479,bryantal,User,2018-10-02T17:27:44Z,2021-06-01T14:01:31Z,https://api.github.com/repos/BCStudentSoftwareDevTeam/cas/issues/261,https://github.com/BCStudentSoftwareDevTeam/cas/issues/261#issuecomment-852150479
cas,852150529,bryantal,User,2018-10-02T17:30:24Z,2021-06-01T14:01:35Z,https://api.github.com/repos/BCStudentSoftwareDevTeam/cas/issues/262,https://github.com/BCStudentSoftwareDevTeam/cas/issues/262#issuecomment-852150529
cas,852150046,bryantal,User,2018-10-02T17:30:55Z,2021-06-01T14:01:00Z,https://api.github.com/repos/BCStudentSoftwareDevTeam/cas/issues/253,https://github.com/BCStudentSoftwareDevTeam/cas/issues/253#issuecomment-852150046
cas,852150481,bryantal,User,2018-10-02T17:31:54Z,2021-06-01T14:01:31Z,https://api.github.com/repos/BCStudentSoftwareDevTeam/cas/issues/261,https://github.com/BCStudentSoftwareDevTeam/cas/issues/261#issuecomment-852150481
cas,852151069,bryantal,User,2018-10-02T18:47:25Z,2021-06-01T14:02:12Z,https://api.github.com/repos/BCStudentSoftwareDevTeam/cas/issues/272,https://github.com/BCStudentSoftwareDevTeam/cas/issues/272#issuecomment-852151069
cas,852151074,bryantal,User,2018-10-04T16:04:56Z,2021-06-01T14:02:12Z,https://api.github.com/repos/BCStudentSoftwareDevTeam/cas/issues/272,https://github.com/BCStudentSoftwareDevTeam/cas/issues/272#issuecomment-852151074
cas,852151305,bryantal,User,2018-10-05T16:03:48Z,2021-06-01T14:02:29Z,https://api.github.com/repos/BCStudentSoftwareDevTeam/cas/issues/277,https://github.com/BCStudentSoftwareDevTeam/cas/issues/277#issuecomment-852151305
cas,852151077,bryantal,User,2018-10-05T16:47:50Z,2021-06-01T14:02:12Z,https://api.github.com/repos/BCStudentSoftwareDevTeam/cas/issues/272,https://github.com/BCStudentSoftwareDevTeam/cas/issues/272#issuecomment-852151077
cas,852150832,bryantal,User,2018-10-05T16:56:54Z,2021-06-01T14:01:55Z,https://api.github.com/repos/BCStudentSoftwareDevTeam/cas/issues/267,https://github.com/BCStudentSoftwareDevTeam/cas/issues/267#issuecomment-852150832
cas,852151080,bryantal,User,2018-10-10T15:55:00Z,2021-06-01T14:02:12Z,https://api.github.com/repos/BCStudentSoftwareDevTeam/cas/issues/272,https://github.com/BCStudentSoftwareDevTeam/cas/issues/272#issuecomment-852151080
cas,852151350,bryantal,User,2018-10-11T15:44:10Z,2021-06-01T14:02:32Z,https://api.github.com/repos/BCStudentSoftwareDevTeam/cas/issues/278,https://github.com/BCStudentSoftwareDevTeam/cas/issues/278#issuecomment-852151350
cas,852151422,bryantal,User,2018-10-11T19:31:35Z,2021-06-01T14:02:37Z,https://api.github.com/repos/BCStudentSoftwareDevTeam/cas/issues/279,https://github.com/BCStudentSoftwareDevTeam/cas/issues/279#issuecomment-852151422
cas,852151452,bryantal,User,2018-10-12T20:16:49Z,2021-06-01T14:02:39Z,https://api.github.com/repos/BCStudentSoftwareDevTeam/cas/issues/280,https://github.com/BCStudentSoftwareDevTeam/cas/issues/280#issuecomment-852151452
cas,852151171,bryantal,User,2018-10-12T21:12:34Z,2021-06-01T14:02:19Z,https://api.github.com/repos/BCStudentSoftwareDevTeam/cas/issues/274,https://github.com/BCStudentSoftwareDevTeam/cas/issues/274#issuecomment-852151171
cas,852150391,bryantal,User,2018-10-15T19:13:53Z,2021-06-01T14:01:25Z,https://api.github.com/repos/BCStudentSoftwareDevTeam/cas/issues/259,https://github.com/BCStudentSoftwareDevTeam/cas/issues/259#issuecomment-852150391
cas,852150318,bryantal,User,2018-10-15T19:15:01Z,2021-06-01T14:01:20Z,https://api.github.com/repos/BCStudentSoftwareDevTeam/cas/issues/258,https://github.com/BCStudentSoftwareDevTeam/cas/issues/258#issuecomment-852150318
cas,852150443,bryantal,User,2018-10-15T22:49:43Z,2021-06-01T14:01:28Z,https://api.github.com/repos/BCStudentSoftwareDevTeam/cas/issues/260,https://github.com/BCStudentSoftwareDevTeam/cas/issues/260#issuecomment-852150443
cas,852150048,bryantal,User,2018-10-16T17:27:47Z,2021-06-01T14:01:00Z,https://api.github.com/repos/BCStudentSoftwareDevTeam/cas/issues/253,https://github.com/BCStudentSoftwareDevTeam/cas/issues/253#issuecomment-852150048
cas,852151008,bryantal,User,2018-10-23T19:12:25Z,2021-06-01T14:02:08Z,https://api.github.com/repos/BCStudentSoftwareDevTeam/cas/issues/271,https://github.com/BCStudentSoftwareDevTeam/cas/issues/271#issuecomment-852151008
cas,852151010,bryantal,User,2018-10-24T19:51:58Z,2021-06-01T14:02:08Z,https://api.github.com/repos/BCStudentSoftwareDevTeam/cas/issues/271,https://github.com/BCStudentSoftwareDevTeam/cas/issues/271#issuecomment-852151010
cas,852151014,bryantal,User,2018-10-24T19:52:40Z,2021-06-01T14:02:08Z,https://api.github.com/repos/BCStudentSoftwareDevTeam/cas/issues/271,https://github.com/BCStudentSoftwareDevTeam/cas/issues/271#issuecomment-852151014
cas,852150484,bryantal,User,2018-10-24T19:53:23Z,2021-06-01T14:01:31Z,https://api.github.com/repos/BCStudentSoftwareDevTeam/cas/issues/261,https://github.com/BCStudentSoftwareDevTeam/cas/issues/261#issuecomment-852150484
cas,852150486,bryantal,User,2018-10-24T19:53:46Z,2021-06-01T14:01:31Z,https://api.github.com/repos/BCStudentSoftwareDevTeam/cas/issues/261,https://github.com/BCStudentSoftwareDevTeam/cas/issues/261#issuecomment-852150486
cas,852150487,bryantal,User,2018-10-24T19:53:56Z,2021-06-01T14:01:32Z,https://api.github.com/repos/BCStudentSoftwareDevTeam/cas/issues/261,https://github.com/BCStudentSoftwareDevTeam/cas/issues/261#issuecomment-852150487
cas,852151354,bryantal,User,2018-10-25T14:30:12Z,2021-06-01T14:02:32Z,https://api.github.com/repos/BCStudentSoftwareDevTeam/cas/issues/278,https://github.com/BCStudentSoftwareDevTeam/cas/issues/278#issuecomment-852151354
cas,852151629,bryantal,User,2018-11-06T20:00:35Z,2021-06-01T14:02:53Z,https://api.github.com/repos/BCStudentSoftwareDevTeam/cas/issues/285,https://github.com/BCStudentSoftwareDevTeam/cas/issues/285#issuecomment-852151629
cas,852150257,bryantal,User,2018-11-15T18:36:52Z,2021-06-01T14:01:15Z,https://api.github.com/repos/BCStudentSoftwareDevTeam/cas/issues/257,https://github.com/BCStudentSoftwareDevTeam/cas/issues/257#issuecomment-852150257
cas,852150260,bryantal,User,2018-11-15T18:55:14Z,2021-06-01T14:01:15Z,https://api.github.com/repos/BCStudentSoftwareDevTeam/cas/issues/257,https://github.com/BCStudentSoftwareDevTeam/cas/issues/257#issuecomment-852150260
cas,852150743,bryantal,User,2018-11-29T02:48:37Z,2021-06-01T14:01:48Z,https://api.github.com/repos/BCStudentSoftwareDevTeam/cas/issues/265,https://github.com/BCStudentSoftwareDevTeam/cas/issues/265#issuecomment-852150743
cas,852151017,bryantal,User,2018-12-04T19:08:50Z,2021-06-01T14:02:08Z,https://api.github.com/repos/BCStudentSoftwareDevTeam/cas/issues/271,https://github.com/BCStudentSoftwareDevTeam/cas/issues/271#issuecomment-852151017
cas,852151934,bryantal,User,2018-12-05T21:44:15Z,2021-06-01T14:03:16Z,https://api.github.com/repos/BCStudentSoftwareDevTeam/cas/issues/292,https://github.com/BCStudentSoftwareDevTeam/cas/issues/292#issuecomment-852151934
cas,852151833,bryantal,User,2018-12-10T16:20:50Z,2021-06-01T14:03:09Z,https://api.github.com/repos/BCStudentSoftwareDevTeam/cas/issues/290,https://github.com/BCStudentSoftwareDevTeam/cas/issues/290#issuecomment-852151833
cas,852151730,bryantal,User,2018-12-10T16:23:47Z,2021-06-01T14:03:00Z,https://api.github.com/repos/BCStudentSoftwareDevTeam/cas/issues/287,https://github.com/BCStudentSoftwareDevTeam/cas/issues/287#issuecomment-852151730
cas,852151760,bryantal,User,2019-01-10T20:24:13Z,2021-06-01T14:03:03Z,https://api.github.com/repos/BCStudentSoftwareDevTeam/cas/issues/288,https://github.com/BCStudentSoftwareDevTeam/cas/issues/288#issuecomment-852151760
cas,852150536,bryantal,User,2019-01-10T20:26:39Z,2021-06-01T14:01:35Z,https://api.github.com/repos/BCStudentSoftwareDevTeam/cas/issues/262,https://github.com/BCStudentSoftwareDevTeam/cas/issues/262#issuecomment-852150536
cas,852151889,bryantal,User,2019-01-10T21:25:05Z,2021-06-01T14:03:13Z,https://api.github.com/repos/BCStudentSoftwareDevTeam/cas/issues/291,https://github.com/BCStudentSoftwareDevTeam/cas/issues/291#issuecomment-852151889
cas,852151799,bryantal,User,2019-01-16T19:40:54Z,2021-06-01T14:03:07Z,https://api.github.com/repos/BCStudentSoftwareDevTeam/cas/issues/289,https://github.com/BCStudentSoftwareDevTeam/cas/issues/289#issuecomment-852151799
cas,852151764,bryantal,User,2019-01-16T19:43:09Z,2021-06-01T14:03:03Z,https://api.github.com/repos/BCStudentSoftwareDevTeam/cas/issues/288,https://github.com/BCStudentSoftwareDevTeam/cas/issues/288#issuecomment-852151764
cas,852151768,bryantal,User,2019-01-17T20:46:33Z,2021-06-01T14:03:03Z,https://api.github.com/repos/BCStudentSoftwareDevTeam/cas/issues/288,https://github.com/BCStudentSoftwareDevTeam/cas/issues/288#issuecomment-852151768
cas,852151583,bryantal,User,2019-01-17T20:57:21Z,2021-06-01T14:02:50Z,https://api.github.com/repos/BCStudentSoftwareDevTeam/cas/issues/284,https://github.com/BCStudentSoftwareDevTeam/cas/issues/284#issuecomment-852151583
cas,852151676,bryantal,User,2019-01-21T17:11:36Z,2021-06-01T14:02:56Z,https://api.github.com/repos/BCStudentSoftwareDevTeam/cas/issues/286,https://github.com/BCStudentSoftwareDevTeam/cas/issues/286#issuecomment-852151676
cas,852151684,bryantal,User,2019-01-22T18:26:59Z,2021-06-01T14:02:56Z,https://api.github.com/repos/BCStudentSoftwareDevTeam/cas/issues/286,https://github.com/BCStudentSoftwareDevTeam/cas/issues/286#issuecomment-852151684
cas,852151771,bryantal,User,2019-01-24T06:10:24Z,2021-06-01T14:03:04Z,https://api.github.com/repos/BCStudentSoftwareDevTeam/cas/issues/288,https://github.com/BCStudentSoftwareDevTeam/cas/issues/288#issuecomment-852151771
cas,852151773,bryantal,User,2019-01-24T21:02:51Z,2021-06-01T14:03:04Z,https://api.github.com/repos/BCStudentSoftwareDevTeam/cas/issues/288,https://github.com/BCStudentSoftwareDevTeam/cas/issues/288#issuecomment-852151773
cas,852152144,bryantal,User,2019-01-28T14:01:18Z,2021-06-01T14:03:32Z,https://api.github.com/repos/BCStudentSoftwareDevTeam/cas/issues/298,https://github.com/BCStudentSoftwareDevTeam/cas/issues/298#issuecomment-852152144
cas,852152147,bryantal,User,2019-01-28T17:50:27Z,2021-06-01T14:03:33Z,https://api.github.com/repos/BCStudentSoftwareDevTeam/cas/issues/298,https://github.com/BCStudentSoftwareDevTeam/cas/issues/298#issuecomment-852152147
cas,852152099,bryantal,User,2019-01-29T15:13:01Z,2021-06-01T14:03:29Z,https://api.github.com/repos/BCStudentSoftwareDevTeam/cas/issues/297,https://github.com/BCStudentSoftwareDevTeam/cas/issues/297#issuecomment-852152099
cas,852145337,bryantal,User,2019-01-29T15:30:36Z,2021-06-01T13:55:17Z,https://api.github.com/repos/BCStudentSoftwareDevTeam/cas/issues/150,https://github.com/BCStudentSoftwareDevTeam/cas/issues/150#issuecomment-852145337
cas,852146453,bryantal,User,2019-01-29T15:35:14Z,2021-06-01T13:56:41Z,https://api.github.com/repos/BCStudentSoftwareDevTeam/cas/issues/174,https://github.com/BCStudentSoftwareDevTeam/cas/issues/174#issuecomment-852146453
cas,852147326,bryantal,User,2019-01-29T15:37:32Z,2021-06-01T13:57:44Z,https://api.github.com/repos/BCStudentSoftwareDevTeam/cas/issues/192,https://github.com/BCStudentSoftwareDevTeam/cas/issues/192#issuecomment-852147326
cas,852149695,bryantal,User,2019-01-29T15:43:39Z,2021-06-01T14:00:39Z,https://api.github.com/repos/BCStudentSoftwareDevTeam/cas/issues/246,https://github.com/BCStudentSoftwareDevTeam/cas/issues/246#issuecomment-852149695
cas,852149773,bryantal,User,2019-01-29T15:45:29Z,2021-06-01T14:00:43Z,https://api.github.com/repos/BCStudentSoftwareDevTeam/cas/issues/247,https://github.com/BCStudentSoftwareDevTeam/cas/issues/247#issuecomment-852149773
cas,852149912,bryantal,User,2019-01-29T15:47:41Z,2021-06-01T14:00:52Z,https://api.github.com/repos/BCStudentSoftwareDevTeam/cas/issues/250,https://github.com/BCStudentSoftwareDevTeam/cas/issues/250#issuecomment-852149912
cas,852149955,bryantal,User,2019-01-29T15:50:04Z,2021-06-01T14:00:55Z,https://api.github.com/repos/BCStudentSoftwareDevTeam/cas/issues/251,https://github.com/BCStudentSoftwareDevTeam/cas/issues/251#issuecomment-852149955
cas,852149916,bryantal,User,2019-01-29T15:50:22Z,2021-06-01T14:00:52Z,https://api.github.com/repos/BCStudentSoftwareDevTeam/cas/issues/250,https://github.com/BCStudentSoftwareDevTeam/cas/issues/250#issuecomment-852149916
cas,852149956,bryantal,User,2019-01-29T15:51:33Z,2021-06-01T14:00:55Z,https://api.github.com/repos/BCStudentSoftwareDevTeam/cas/issues/251,https://github.com/BCStudentSoftwareDevTeam/cas/issues/251#issuecomment-852149956
cas,852150085,bryantal,User,2019-01-29T15:52:10Z,2021-06-01T14:01:02Z,https://api.github.com/repos/BCStudentSoftwareDevTeam/cas/issues/254,https://github.com/BCStudentSoftwareDevTeam/cas/issues/254#issuecomment-852150085
cas,852150088,bryantal,User,2019-01-29T15:53:19Z,2021-06-01T14:01:03Z,https://api.github.com/repos/BCStudentSoftwareDevTeam/cas/issues/254,https://github.com/BCStudentSoftwareDevTeam/cas/issues/254#issuecomment-852150088
cas,852147327,bryantal,User,2019-01-29T15:55:21Z,2021-06-01T13:57:44Z,https://api.github.com/repos/BCStudentSoftwareDevTeam/cas/issues/192,https://github.com/BCStudentSoftwareDevTeam/cas/issues/192#issuecomment-852147327
cas,852150184,bryantal,User,2019-01-29T16:01:10Z,2021-06-01T14:01:09Z,https://api.github.com/repos/BCStudentSoftwareDevTeam/cas/issues/256,https://github.com/BCStudentSoftwareDevTeam/cas/issues/256#issuecomment-852150184
cas,852150266,bryantal,User,2019-01-29T16:01:54Z,2021-06-01T14:01:15Z,https://api.github.com/repos/BCStudentSoftwareDevTeam/cas/issues/257,https://github.com/BCStudentSoftwareDevTeam/cas/issues/257#issuecomment-852150266
cas,852150540,bryantal,User,2019-01-29T16:05:09Z,2021-06-01T14:01:35Z,https://api.github.com/repos/BCStudentSoftwareDevTeam/cas/issues/262,https://github.com/BCStudentSoftwareDevTeam/cas/issues/262#issuecomment-852150540
cas,852150745,bryantal,User,2019-01-29T16:07:06Z,2021-06-01T14:01:48Z,https://api.github.com/repos/BCStudentSoftwareDevTeam/cas/issues/265,https://github.com/BCStudentSoftwareDevTeam/cas/issues/265#issuecomment-852150745
cas,852150801,bryantal,User,2019-01-29T16:09:36Z,2021-06-01T14:01:52Z,https://api.github.com/repos/BCStudentSoftwareDevTeam/cas/issues/266,https://github.com/BCStudentSoftwareDevTeam/cas/issues/266#issuecomment-852150801
cas,852152104,bryantal,User,2019-01-29T16:12:01Z,2021-06-01T14:03:29Z,https://api.github.com/repos/BCStudentSoftwareDevTeam/cas/issues/297,https://github.com/BCStudentSoftwareDevTeam/cas/issues/297#issuecomment-852152104
cas,852150910,bryantal,User,2019-01-29T16:12:44Z,2021-06-01T14:02:01Z,https://api.github.com/repos/BCStudentSoftwareDevTeam/cas/issues/269,https://github.com/BCStudentSoftwareDevTeam/cas/issues/269#issuecomment-852150910
cas,852151019,bryantal,User,2019-01-29T16:17:03Z,2021-06-01T14:02:08Z,https://api.github.com/repos/BCStudentSoftwareDevTeam/cas/issues/271,https://github.com/BCStudentSoftwareDevTeam/cas/issues/271#issuecomment-852151019
cas,852151485,bryantal,User,2019-01-29T16:37:42Z,2021-06-01T14:02:42Z,https://api.github.com/repos/BCStudentSoftwareDevTeam/cas/issues/281,https://github.com/BCStudentSoftwareDevTeam/cas/issues/281#issuecomment-852151485
cas,852151518,bryantal,User,2019-01-29T16:38:46Z,2021-06-01T14:02:44Z,https://api.github.com/repos/BCStudentSoftwareDevTeam/cas/issues/282,https://github.com/BCStudentSoftwareDevTeam/cas/issues/282#issuecomment-852151518
cas,852151687,bryantal,User,2019-01-29T16:39:46Z,2021-06-01T14:02:57Z,https://api.github.com/repos/BCStudentSoftwareDevTeam/cas/issues/286,https://github.com/BCStudentSoftwareDevTeam/cas/issues/286#issuecomment-852151687
cas,852151894,bryantal,User,2019-01-29T16:40:38Z,2021-06-01T14:03:13Z,https://api.github.com/repos/BCStudentSoftwareDevTeam/cas/issues/291,https://github.com/BCStudentSoftwareDevTeam/cas/issues/291#issuecomment-852151894
cas,852151975,bryantal,User,2019-01-29T16:42:11Z,2021-06-01T14:03:18Z,https://api.github.com/repos/BCStudentSoftwareDevTeam/cas/issues/293,https://github.com/BCStudentSoftwareDevTeam/cas/issues/293#issuecomment-852151975
cas,852152187,bryantal,User,2019-01-29T16:56:15Z,2021-06-01T14:03:35Z,https://api.github.com/repos/BCStudentSoftwareDevTeam/cas/issues/299,https://github.com/BCStudentSoftwareDevTeam/cas/issues/299#issuecomment-852152187
cas,852150915,bryantal,User,2019-01-29T19:03:39Z,2021-06-01T14:02:01Z,https://api.github.com/repos/BCStudentSoftwareDevTeam/cas/issues/269,https://github.com/BCStudentSoftwareDevTeam/cas/issues/269#issuecomment-852150915
cas,852150749,bryantal,User,2019-01-30T16:14:49Z,2021-06-01T14:01:48Z,https://api.github.com/repos/BCStudentSoftwareDevTeam/cas/issues/265,https://github.com/BCStudentSoftwareDevTeam/cas/issues/265#issuecomment-852150749
cas,852151690,bryantal,User,2019-01-30T16:32:52Z,2021-06-01T14:02:57Z,https://api.github.com/repos/BCStudentSoftwareDevTeam/cas/issues/286,https://github.com/BCStudentSoftwareDevTeam/cas/issues/286#issuecomment-852151690
cas,852146458,bryantal,User,2019-01-30T16:40:48Z,2021-06-01T13:56:42Z,https://api.github.com/repos/BCStudentSoftwareDevTeam/cas/issues/174,https://github.com/BCStudentSoftwareDevTeam/cas/issues/174#issuecomment-852146458
cas,852149698,bryantal,User,2019-01-30T17:02:04Z,2021-06-01T14:00:39Z,https://api.github.com/repos/BCStudentSoftwareDevTeam/cas/issues/246,https://github.com/BCStudentSoftwareDevTeam/cas/issues/246#issuecomment-852149698
cas,852151525,bryantal,User,2019-01-31T15:37:24Z,2021-06-01T14:02:45Z,https://api.github.com/repos/BCStudentSoftwareDevTeam/cas/issues/282,https://github.com/BCStudentSoftwareDevTeam/cas/issues/282#issuecomment-852151525
cas,852149703,bryantal,User,2019-01-31T15:41:40Z,2021-06-01T14:00:39Z,https://api.github.com/repos/BCStudentSoftwareDevTeam/cas/issues/246,https://github.com/BCStudentSoftwareDevTeam/cas/issues/246#issuecomment-852149703
cas,852150190,bryantal,User,2019-02-01T20:45:49Z,2021-06-01T14:01:09Z,https://api.github.com/repos/BCStudentSoftwareDevTeam/cas/issues/256,https://github.com/BCStudentSoftwareDevTeam/cas/issues/256#issuecomment-852150190
cas,852149704,bryantal,User,2019-02-04T17:44:00Z,2021-06-01T14:00:40Z,https://api.github.com/repos/BCStudentSoftwareDevTeam/cas/issues/246,https://github.com/BCStudentSoftwareDevTeam/cas/issues/246#issuecomment-852149704
cas,852149711,bryantal,User,2019-02-04T17:44:23Z,2021-06-01T14:00:40Z,https://api.github.com/repos/BCStudentSoftwareDevTeam/cas/issues/246,https://github.com/BCStudentSoftwareDevTeam/cas/issues/246#issuecomment-852149711
cas,852152109,bryantal,User,2019-02-04T17:54:24Z,2021-06-01T14:03:29Z,https://api.github.com/repos/BCStudentSoftwareDevTeam/cas/issues/297,https://github.com/BCStudentSoftwareDevTeam/cas/issues/297#issuecomment-852152109
cas,852152113,bryantal,User,2019-02-04T17:55:14Z,2021-06-01T14:03:29Z,https://api.github.com/repos/BCStudentSoftwareDevTeam/cas/issues/297,https://github.com/BCStudentSoftwareDevTeam/cas/issues/297#issuecomment-852152113
cas,852152215,bryantal,User,2019-02-04T18:38:15Z,2021-06-01T14:03:38Z,https://api.github.com/repos/BCStudentSoftwareDevTeam/cas/issues/300,https://github.com/BCStudentSoftwareDevTeam/cas/issues/300#issuecomment-852152215
cas,852152114,bryantal,User,2019-02-05T00:58:18Z,2021-06-01T14:03:29Z,https://api.github.com/repos/BCStudentSoftwareDevTeam/cas/issues/297,https://github.com/BCStudentSoftwareDevTeam/cas/issues/297#issuecomment-852152114
cas,852152120,bryantal,User,2019-02-05T00:58:34Z,2021-06-01T14:03:29Z,https://api.github.com/repos/BCStudentSoftwareDevTeam/cas/issues/297,https://github.com/BCStudentSoftwareDevTeam/cas/issues/297#issuecomment-852152120
cas,852152363,bryantal,User,2019-02-06T20:04:42Z,2021-06-01T14:03:50Z,https://api.github.com/repos/BCStudentSoftwareDevTeam/cas/issues/304,https://github.com/BCStudentSoftwareDevTeam/cas/issues/304#issuecomment-852152363
cas,852152364,bryantal,User,2019-02-07T21:19:11Z,2021-06-01T14:03:50Z,https://api.github.com/repos/BCStudentSoftwareDevTeam/cas/issues/304,https://github.com/BCStudentSoftwareDevTeam/cas/issues/304#issuecomment-852152364
cas,852152682,bryantal,User,2019-02-12T19:27:27Z,2021-06-01T14:04:18Z,https://api.github.com/repos/BCStudentSoftwareDevTeam/cas/issues/312,https://github.com/BCStudentSoftwareDevTeam/cas/issues/312#issuecomment-852152682
cas,852152412,bryantal,User,2019-02-12T21:03:50Z,2021-06-01T14:03:54Z,https://api.github.com/repos/BCStudentSoftwareDevTeam/cas/issues/305,https://github.com/BCStudentSoftwareDevTeam/cas/issues/305#issuecomment-852152412
cas,852152531,bryantal,User,2019-02-13T19:48:40Z,2021-06-01T14:04:06Z,https://api.github.com/repos/BCStudentSoftwareDevTeam/cas/issues/308,https://github.com/BCStudentSoftwareDevTeam/cas/issues/308#issuecomment-852152531
cas,852152338,bryantal,User,2019-02-25T21:53:23Z,2021-06-01T14:03:48Z,https://api.github.com/repos/BCStudentSoftwareDevTeam/cas/issues/303,https://github.com/BCStudentSoftwareDevTeam/cas/issues/303#issuecomment-852152338
cas,852152252,bryantal,User,2019-03-13T19:18:49Z,2021-06-01T14:03:40Z,https://api.github.com/repos/BCStudentSoftwareDevTeam/cas/issues/301,https://github.com/BCStudentSoftwareDevTeam/cas/issues/301#issuecomment-852152252
cas,852153167,bryantal,User,2019-03-13T21:31:54Z,2021-06-01T14:04:54Z,https://api.github.com/repos/BCStudentSoftwareDevTeam/cas/issues/324,https://github.com/BCStudentSoftwareDevTeam/cas/issues/324#issuecomment-852153167
cas,852153052,bryantal,User,2019-03-14T13:38:38Z,2021-06-01T14:04:45Z,https://api.github.com/repos/BCStudentSoftwareDevTeam/cas/issues/322,https://github.com/BCStudentSoftwareDevTeam/cas/issues/322#issuecomment-852153052
cas,852152846,bryantal,User,2019-03-14T13:50:01Z,2021-06-01T14:04:31Z,https://api.github.com/repos/BCStudentSoftwareDevTeam/cas/issues/316,https://github.com/BCStudentSoftwareDevTeam/cas/issues/316#issuecomment-852152846
cas,852151490,bryantal,User,2019-03-14T13:54:42Z,2021-06-01T14:02:42Z,https://api.github.com/repos/BCStudentSoftwareDevTeam/cas/issues/281,https://github.com/BCStudentSoftwareDevTeam/cas/issues/281#issuecomment-852151490
cas,852150918,bryantal,User,2019-03-14T14:04:13Z,2021-06-01T14:02:01Z,https://api.github.com/repos/BCStudentSoftwareDevTeam/cas/issues/269,https://github.com/BCStudentSoftwareDevTeam/cas/issues/269#issuecomment-852150918
cas,852152259,bryantal,User,2019-03-21T20:16:53Z,2021-06-01T14:03:41Z,https://api.github.com/repos/BCStudentSoftwareDevTeam/cas/issues/301,https://github.com/BCStudentSoftwareDevTeam/cas/issues/301#issuecomment-852152259
cas,852152653,bryantal,User,2019-03-25T19:27:43Z,2021-06-01T14:04:16Z,https://api.github.com/repos/BCStudentSoftwareDevTeam/cas/issues/311,https://github.com/BCStudentSoftwareDevTeam/cas/issues/311#issuecomment-852152653
cas,852152660,bryantal,User,2019-03-28T18:11:14Z,2021-06-01T14:04:16Z,https://api.github.com/repos/BCStudentSoftwareDevTeam/cas/issues/311,https://github.com/BCStudentSoftwareDevTeam/cas/issues/311#issuecomment-852152660
cas,852152307,bryantal,User,2019-03-28T20:17:49Z,2021-06-01T14:03:45Z,https://api.github.com/repos/BCStudentSoftwareDevTeam/cas/issues/302,https://github.com/BCStudentSoftwareDevTeam/cas/issues/302#issuecomment-852152307
cas,852152947,bryantal,User,2019-04-01T16:56:06Z,2021-06-01T14:04:39Z,https://api.github.com/repos/BCStudentSoftwareDevTeam/cas/issues/319,https://github.com/BCStudentSoftwareDevTeam/cas/issues/319#issuecomment-852152947
cas,852153250,bryantal,User,2019-04-04T02:47:25Z,2021-06-01T14:05:01Z,https://api.github.com/repos/BCStudentSoftwareDevTeam/cas/issues/327,https://github.com/BCStudentSoftwareDevTeam/cas/issues/327#issuecomment-852153250
cas,852153252,bryantal,User,2019-04-04T02:48:01Z,2021-06-01T14:05:02Z,https://api.github.com/repos/BCStudentSoftwareDevTeam/cas/issues/327,https://github.com/BCStudentSoftwareDevTeam/cas/issues/327#issuecomment-852153252
cas,852152661,bryantal,User,2019-04-04T19:30:42Z,2021-06-01T14:04:17Z,https://api.github.com/repos/BCStudentSoftwareDevTeam/cas/issues/311,https://github.com/BCStudentSoftwareDevTeam/cas/issues/311#issuecomment-852152661
cas,852153435,bryantal,User,2019-04-11T20:09:43Z,2021-06-01T14:05:16Z,https://api.github.com/repos/BCStudentSoftwareDevTeam/cas/issues/331,https://github.com/BCStudentSoftwareDevTeam/cas/issues/331#issuecomment-852153435
cas,852153441,bryantal,User,2019-04-12T19:09:17Z,2021-06-01T14:05:16Z,https://api.github.com/repos/BCStudentSoftwareDevTeam/cas/issues/331,https://github.com/BCStudentSoftwareDevTeam/cas/issues/331#issuecomment-852153441
cas,852152950,bryantal,User,2019-04-17T17:33:45Z,2021-06-01T14:04:39Z,https://api.github.com/repos/BCStudentSoftwareDevTeam/cas/issues/319,https://github.com/BCStudentSoftwareDevTeam/cas/issues/319#issuecomment-852152950
cas,852149716,bryantal,User,2019-05-17T17:51:40Z,2021-06-01T14:00:40Z,https://api.github.com/repos/BCStudentSoftwareDevTeam/cas/issues/246,https://github.com/BCStudentSoftwareDevTeam/cas/issues/246#issuecomment-852149716
cas,852153635,bryantal,User,2019-05-20T17:22:16Z,2021-06-01T14:05:29Z,https://api.github.com/repos/BCStudentSoftwareDevTeam/cas/issues/336,https://github.com/BCStudentSoftwareDevTeam/cas/issues/336#issuecomment-852153635
cas,852153639,bryantal,User,2019-05-20T21:13:18Z,2021-06-01T14:05:29Z,https://api.github.com/repos/BCStudentSoftwareDevTeam/cas/issues/336,https://github.com/BCStudentSoftwareDevTeam/cas/issues/336#issuecomment-852153639
cas,852153668,bryantal,User,2019-05-23T18:05:22Z,2021-06-01T14:05:31Z,https://api.github.com/repos/BCStudentSoftwareDevTeam/cas/issues/337,https://github.com/BCStudentSoftwareDevTeam/cas/issues/337#issuecomment-852153668
cas,852152472,bryantal,User,2019-05-24T18:17:00Z,2021-06-01T14:04:00Z,https://api.github.com/repos/BCStudentSoftwareDevTeam/cas/issues/306,https://github.com/BCStudentSoftwareDevTeam/cas/issues/306#issuecomment-852152472
cas,852153119,bryantal,User,2019-05-24T18:18:00Z,2021-06-01T14:04:51Z,https://api.github.com/repos/BCStudentSoftwareDevTeam/cas/issues/323,https://github.com/BCStudentSoftwareDevTeam/cas/issues/323#issuecomment-852153119
cas,852152499,bryantal,User,2019-05-24T18:18:45Z,2021-06-01T14:04:03Z,https://api.github.com/repos/BCStudentSoftwareDevTeam/cas/issues/307,https://github.com/BCStudentSoftwareDevTeam/cas/issues/307#issuecomment-852152499
cas,852153378,bryantal,User,2019-05-24T18:18:59Z,2021-06-01T14:05:12Z,https://api.github.com/repos/BCStudentSoftwareDevTeam/cas/issues/330,https://github.com/BCStudentSoftwareDevTeam/cas/issues/330#issuecomment-852153378
cas,852152759,bryantal,User,2019-05-24T18:19:13Z,2021-06-01T14:04:25Z,https://api.github.com/repos/BCStudentSoftwareDevTeam/cas/issues/314,https://github.com/BCStudentSoftwareDevTeam/cas/issues/314#issuecomment-852152759
cas,852146466,bryantal,User,2019-05-24T18:19:28Z,2021-06-01T13:56:42Z,https://api.github.com/repos/BCStudentSoftwareDevTeam/cas/issues/174,https://github.com/BCStudentSoftwareDevTeam/cas/issues/174#issuecomment-852146466
cas,852149917,bryantal,User,2019-05-24T18:21:13Z,2021-06-01T14:00:52Z,https://api.github.com/repos/BCStudentSoftwareDevTeam/cas/issues/250,https://github.com/BCStudentSoftwareDevTeam/cas/issues/250#issuecomment-852149917
cas,852152266,bryantal,User,2019-05-24T19:14:01Z,2021-06-01T14:03:41Z,https://api.github.com/repos/BCStudentSoftwareDevTeam/cas/issues/301,https://github.com/BCStudentSoftwareDevTeam/cas/issues/301#issuecomment-852152266
cas,852150195,bryantal,User,2019-05-24T19:20:09Z,2021-06-01T14:01:09Z,https://api.github.com/repos/BCStudentSoftwareDevTeam/cas/issues/256,https://github.com/BCStudentSoftwareDevTeam/cas/issues/256#issuecomment-852150195
cas,852153740,bryantal,User,2019-06-03T20:04:22Z,2021-06-01T14:05:37Z,https://api.github.com/repos/BCStudentSoftwareDevTeam/cas/issues/339,https://github.com/BCStudentSoftwareDevTeam/cas/issues/339#issuecomment-852153740
cas,852153641,bryantal,User,2019-06-03T20:31:19Z,2021-06-01T14:05:30Z,https://api.github.com/repos/BCStudentSoftwareDevTeam/cas/issues/336,https://github.com/BCStudentSoftwareDevTeam/cas/issues/336#issuecomment-852153641
cas,852153603,bryantal,User,2019-06-03T20:34:27Z,2021-06-01T14:05:27Z,https://api.github.com/repos/BCStudentSoftwareDevTeam/cas/issues/335,https://github.com/BCStudentSoftwareDevTeam/cas/issues/335#issuecomment-852153603
cas,852153777,bryantal,User,2019-09-25T16:09:39Z,2021-06-01T14:05:40Z,https://api.github.com/repos/BCStudentSoftwareDevTeam/cas/issues/340,https://github.com/BCStudentSoftwareDevTeam/cas/issues/340#issuecomment-852153777
cas,852153812,bryantal,User,2019-09-27T17:54:25Z,2021-06-01T14:05:42Z,https://api.github.com/repos/BCStudentSoftwareDevTeam/cas/issues/341,https://github.com/BCStudentSoftwareDevTeam/cas/issues/341#issuecomment-852153812
cas,852153216,bryantal,User,2019-09-30T20:07:29Z,2021-06-01T14:04:59Z,https://api.github.com/repos/BCStudentSoftwareDevTeam/cas/issues/326,https://github.com/BCStudentSoftwareDevTeam/cas/issues/326#issuecomment-852153216
cas,852153218,bryantal,User,2019-09-30T20:07:59Z,2021-06-01T14:04:59Z,https://api.github.com/repos/BCStudentSoftwareDevTeam/cas/issues/326,https://github.com/BCStudentSoftwareDevTeam/cas/issues/326#issuecomment-852153218
cas,852153814,bryantal,User,2019-11-25T14:51:24Z,2021-06-01T14:05:42Z,https://api.github.com/repos/BCStudentSoftwareDevTeam/cas/issues/341,https://github.com/BCStudentSoftwareDevTeam/cas/issues/341#issuecomment-852153814
cas,852153856,bryantal,User,2019-11-25T14:53:21Z,2021-06-01T14:05:44Z,https://api.github.com/repos/BCStudentSoftwareDevTeam/cas/issues/342,https://github.com/BCStudentSoftwareDevTeam/cas/issues/342#issuecomment-852153856
cas,852153912,bryantal,User,2019-11-25T14:53:48Z,2021-06-01T14:05:48Z,https://api.github.com/repos/BCStudentSoftwareDevTeam/cas/issues/343,https://github.com/BCStudentSoftwareDevTeam/cas/issues/343#issuecomment-852153912
cas,852154013,bryantal,User,2020-01-30T19:58:56Z,2021-06-01T14:05:56Z,https://api.github.com/repos/BCStudentSoftwareDevTeam/cas/issues/346,https://github.com/BCStudentSoftwareDevTeam/cas/issues/346#issuecomment-852154013
cas,852154016,bryantal,User,2020-01-30T20:00:14Z,2021-06-01T14:05:56Z,https://api.github.com/repos/BCStudentSoftwareDevTeam/cas/issues/346,https://github.com/BCStudentSoftwareDevTeam/cas/issues/346#issuecomment-852154016
cas,852154133,bryantal,User,2020-01-30T20:06:38Z,2021-06-01T14:06:05Z,https://api.github.com/repos/BCStudentSoftwareDevTeam/cas/issues/350,https://github.com/BCStudentSoftwareDevTeam/cas/issues/350#issuecomment-852154133
cas,852153605,bryantal,User,2020-01-30T20:25:01Z,2021-06-01T14:05:27Z,https://api.github.com/repos/BCStudentSoftwareDevTeam/cas/issues/335,https://github.com/BCStudentSoftwareDevTeam/cas/issues/335#issuecomment-852153605
cas,852153607,bryantal,User,2020-01-30T20:25:13Z,2021-06-01T14:05:27Z,https://api.github.com/repos/BCStudentSoftwareDevTeam/cas/issues/335,https://github.com/BCStudentSoftwareDevTeam/cas/issues/335#issuecomment-852153607
cas,852154137,bryantal,User,2020-02-05T16:15:57Z,2021-06-01T14:06:05Z,https://api.github.com/repos/BCStudentSoftwareDevTeam/cas/issues/350,https://github.com/BCStudentSoftwareDevTeam/cas/issues/350#issuecomment-852154137
cas,852153916,bryantal,User,2020-02-12T15:14:06Z,2021-06-01T14:05:48Z,https://api.github.com/repos/BCStudentSoftwareDevTeam/cas/issues/343,https://github.com/BCStudentSoftwareDevTeam/cas/issues/343#issuecomment-852153916
cas,852153917,bryantal,User,2020-02-12T15:14:32Z,2021-06-01T14:05:49Z,https://api.github.com/repos/BCStudentSoftwareDevTeam/cas/issues/343,https://github.com/BCStudentSoftwareDevTeam/cas/issues/343#issuecomment-852153917
cas,852152474,bryantal,User,2020-02-12T15:45:27Z,2021-06-01T14:04:00Z,https://api.github.com/repos/BCStudentSoftwareDevTeam/cas/issues/306,https://github.com/BCStudentSoftwareDevTeam/cas/issues/306#issuecomment-852152474
cas,852152477,bryantal,User,2020-02-12T15:45:37Z,2021-06-01T14:04:01Z,https://api.github.com/repos/BCStudentSoftwareDevTeam/cas/issues/306,https://github.com/BCStudentSoftwareDevTeam/cas/issues/306#issuecomment-852152477
cas,852153527,bryantal,User,2020-02-12T15:58:42Z,2021-06-01T14:05:22Z,https://api.github.com/repos/BCStudentSoftwareDevTeam/cas/issues/333,https://github.com/BCStudentSoftwareDevTeam/cas/issues/333#issuecomment-852153527
cas,852153530,bryantal,User,2020-02-12T15:58:56Z,2021-06-01T14:05:22Z,https://api.github.com/repos/BCStudentSoftwareDevTeam/cas/issues/333,https://github.com/BCStudentSoftwareDevTeam/cas/issues/333#issuecomment-852153530
cas,852153484,bryantal,User,2020-02-12T16:04:56Z,2021-06-01T14:05:19Z,https://api.github.com/repos/BCStudentSoftwareDevTeam/cas/issues/332,https://github.com/BCStudentSoftwareDevTeam/cas/issues/332#issuecomment-852153484
cas,852153488,bryantal,User,2020-02-12T16:05:05Z,2021-06-01T14:05:19Z,https://api.github.com/repos/BCStudentSoftwareDevTeam/cas/issues/332,https://github.com/BCStudentSoftwareDevTeam/cas/issues/332#issuecomment-852153488
cas,852154236,bryantal,User,2020-05-20T21:09:50Z,2021-06-01T14:06:12Z,https://api.github.com/repos/BCStudentSoftwareDevTeam/cas/issues/353,https://github.com/BCStudentSoftwareDevTeam/cas/issues/353#issuecomment-852154236
cas,852154354,bryantal,User,2020-06-01T19:24:15Z,2021-06-01T14:06:22Z,https://api.github.com/repos/BCStudentSoftwareDevTeam/cas/issues/356,https://github.com/BCStudentSoftwareDevTeam/cas/issues/356#issuecomment-852154354
cas,852155024,bryantal,User,2021-02-09T16:55:20Z,2021-06-01T14:07:13Z,https://api.github.com/repos/BCStudentSoftwareDevTeam/cas/issues/375,https://github.com/BCStudentSoftwareDevTeam/cas/issues/375#issuecomment-852155024
cas,852155116,bryantal,User,2021-02-10T16:42:54Z,2021-06-01T14:07:22Z,https://api.github.com/repos/BCStudentSoftwareDevTeam/cas/issues/378,https://github.com/BCStudentSoftwareDevTeam/cas/issues/378#issuecomment-852155116
cas,852155062,bryantal,User,2021-02-24T14:07:09Z,2021-06-01T14:07:16Z,https://api.github.com/repos/BCStudentSoftwareDevTeam/cas/issues/376,https://github.com/BCStudentSoftwareDevTeam/cas/issues/376#issuecomment-852155062
cas,852155236,bryantal,User,2021-02-24T14:15:55Z,2021-06-01T14:07:31Z,https://api.github.com/repos/BCStudentSoftwareDevTeam/cas/issues/381,https://github.com/BCStudentSoftwareDevTeam/cas/issues/381#issuecomment-852155236
cas,852155028,bryantal,User,2021-03-02T15:48:29Z,2021-06-01T14:07:14Z,https://api.github.com/repos/BCStudentSoftwareDevTeam/cas/issues/375,https://github.com/BCStudentSoftwareDevTeam/cas/issues/375#issuecomment-852155028
cas,852155196,bryantal,User,2021-03-09T15:07:31Z,2021-06-01T14:07:29Z,https://api.github.com/repos/BCStudentSoftwareDevTeam/cas/issues/380,https://github.com/BCStudentSoftwareDevTeam/cas/issues/380#issuecomment-852155196
cas,852155343,bryantal,User,2021-04-04T15:19:43Z,2021-06-01T14:07:39Z,https://api.github.com/repos/BCStudentSoftwareDevTeam/cas/issues/384,https://github.com/BCStudentSoftwareDevTeam/cas/issues/384#issuecomment-852155343
cas,852155301,bryantal,User,2021-04-05T14:47:26Z,2021-06-01T14:07:36Z,https://api.github.com/repos/BCStudentSoftwareDevTeam/cas/issues/383,https://github.com/BCStudentSoftwareDevTeam/cas/issues/383#issuecomment-852155301
cas,852155410,bryantal,User,2021-04-06T17:37:12Z,2021-06-01T14:07:44Z,https://api.github.com/repos/BCStudentSoftwareDevTeam/cas/issues/385,https://github.com/BCStudentSoftwareDevTeam/cas/issues/385#issuecomment-852155410
cas,852155085,bryantal,User,2021-04-13T15:09:17Z,2021-06-01T14:07:19Z,https://api.github.com/repos/BCStudentSoftwareDevTeam/cas/issues/377,https://github.com/BCStudentSoftwareDevTeam/cas/issues/377#issuecomment-852155085
cas,852154831,bryantal,User,2021-05-03T19:16:52Z,2021-06-01T14:06:58Z,https://api.github.com/repos/BCStudentSoftwareDevTeam/cas/issues/370,https://github.com/BCStudentSoftwareDevTeam/cas/issues/370#issuecomment-852154831
cas,852154764,bryantal,User,2021-05-04T14:57:53Z,2021-06-01T14:06:53Z,https://api.github.com/repos/BCStudentSoftwareDevTeam/cas/issues/368,https://github.com/BCStudentSoftwareDevTeam/cas/issues/368#issuecomment-852154764
cas,852154797,bryantal,User,2021-05-04T16:25:59Z,2021-06-01T14:06:56Z,https://api.github.com/repos/BCStudentSoftwareDevTeam/cas/issues/369,https://github.com/BCStudentSoftwareDevTeam/cas/issues/369#issuecomment-852154797
cas,852154801,bryantal,User,2021-05-04T16:27:02Z,2021-06-01T14:06:56Z,https://api.github.com/repos/BCStudentSoftwareDevTeam/cas/issues/369,https://github.com/BCStudentSoftwareDevTeam/cas/issues/369#issuecomment-852154801
cas,852154710,bryantal,User,2021-05-10T15:29:47Z,2021-06-01T14:06:48Z,https://api.github.com/repos/BCStudentSoftwareDevTeam/cas/issues/366,https://github.com/BCStudentSoftwareDevTeam/cas/issues/366#issuecomment-852154710
cas,852154614,bryantal,User,2021-05-10T15:48:53Z,2021-06-01T14:06:41Z,https://api.github.com/repos/BCStudentSoftwareDevTeam/cas/issues/363,https://github.com/BCStudentSoftwareDevTeam/cas/issues/363#issuecomment-852154614
cas,852154618,bryantal,User,2021-05-10T15:49:13Z,2021-06-01T14:06:41Z,https://api.github.com/repos/BCStudentSoftwareDevTeam/cas/issues/363,https://github.com/BCStudentSoftwareDevTeam/cas/issues/363#issuecomment-852154618
cas,852154642,bryantal,User,2021-05-10T16:25:41Z,2021-06-01T14:06:43Z,https://api.github.com/repos/BCStudentSoftwareDevTeam/cas/issues/364,https://github.com/BCStudentSoftwareDevTeam/cas/issues/364#issuecomment-852154642
cas,852154391,bryantal,User,2021-05-11T16:17:43Z,2021-06-01T14:06:24Z,https://api.github.com/repos/BCStudentSoftwareDevTeam/cas/issues/357,https://github.com/BCStudentSoftwareDevTeam/cas/issues/357#issuecomment-852154391
cas,853262474,bryantal,User,2021-06-02T17:57:17Z,2021-06-02T17:57:17Z,https://api.github.com/repos/BCStudentSoftwareDevTeam/cas/issues/361,https://github.com/BCStudentSoftwareDevTeam/cas/issues/361#issuecomment-853262474
cas,853266297,bryantal,User,2021-06-02T18:01:42Z,2021-06-02T18:01:42Z,https://api.github.com/repos/BCStudentSoftwareDevTeam/cas/issues/387,https://github.com/BCStudentSoftwareDevTeam/cas/pull/387#issuecomment-853266297
cas,853332278,escalerapadronl,User,2021-06-02T19:39:12Z,2021-06-02T19:39:12Z,https://api.github.com/repos/BCStudentSoftwareDevTeam/cas/issues/312,https://github.com/BCStudentSoftwareDevTeam/cas/issues/312#issuecomment-853332278
cas,853395068,Sandesh-L,User,2021-06-02T21:27:31Z,2021-06-02T21:27:31Z,https://api.github.com/repos/BCStudentSoftwareDevTeam/cas/issues/334,https://github.com/BCStudentSoftwareDevTeam/cas/issues/334#issuecomment-853395068
cas,853937370,Ebenezer997,User,2021-06-03T15:00:27Z,2021-06-03T15:00:27Z,https://api.github.com/repos/BCStudentSoftwareDevTeam/cas/issues/373,https://github.com/BCStudentSoftwareDevTeam/cas/issues/373#issuecomment-853937370
cas,853940900,tylerpar99,User,2021-06-03T15:05:05Z,2021-06-03T15:05:05Z,https://api.github.com/repos/BCStudentSoftwareDevTeam/cas/issues/334,https://github.com/BCStudentSoftwareDevTeam/cas/issues/334#issuecomment-853940900
cas,854038983,Sandesh-L,User,2021-06-03T17:12:16Z,2021-06-03T17:12:16Z,https://api.github.com/repos/BCStudentSoftwareDevTeam/cas/issues/390,https://github.com/BCStudentSoftwareDevTeam/cas/issues/390#issuecomment-854038983
cas,854740352,zachneill,User,2021-06-04T13:53:21Z,2021-06-04T13:53:21Z,https://api.github.com/repos/BCStudentSoftwareDevTeam/cas/issues/392,https://github.com/BCStudentSoftwareDevTeam/cas/pull/392#issuecomment-854740352
cas,854745725,Sandesh-L,User,2021-06-04T14:01:31Z,2021-06-04T14:01:31Z,https://api.github.com/repos/BCStudentSoftwareDevTeam/cas/issues/393,https://github.com/BCStudentSoftwareDevTeam/cas/issues/393#issuecomment-854745725
cas,855423703,sheggen,User,2021-06-06T16:18:33Z,2021-06-06T16:18:33Z,https://api.github.com/repos/BCStudentSoftwareDevTeam/cas/issues/373,https://github.com/BCStudentSoftwareDevTeam/cas/issues/373#issuecomment-855423703
cas,856253404,escalerapadronl,User,2021-06-07T20:59:38Z,2021-06-07T20:59:38Z,https://api.github.com/repos/BCStudentSoftwareDevTeam/cas/issues/338,https://github.com/BCStudentSoftwareDevTeam/cas/issues/338#issuecomment-856253404
cas,856254781,zachneill,User,2021-06-07T21:02:02Z,2021-06-07T21:02:02Z,https://api.github.com/repos/BCStudentSoftwareDevTeam/cas/issues/396,https://github.com/BCStudentSoftwareDevTeam/cas/pull/396#issuecomment-856254781
cas,856255256,Sandesh-L,User,2021-06-07T21:02:59Z,2021-06-07T21:02:59Z,https://api.github.com/repos/BCStudentSoftwareDevTeam/cas/issues/281,https://github.com/BCStudentSoftwareDevTeam/cas/issues/281#issuecomment-856255256
cas,856282296,zachneill,User,2021-06-07T21:38:08Z,2021-06-07T21:38:08Z,https://api.github.com/repos/BCStudentSoftwareDevTeam/cas/issues/398,https://github.com/BCStudentSoftwareDevTeam/cas/pull/398#issuecomment-856282296
cas,856846390,bryantal,User,2021-06-08T15:02:27Z,2021-06-08T15:02:27Z,https://api.github.com/repos/BCStudentSoftwareDevTeam/cas/issues/367,https://github.com/BCStudentSoftwareDevTeam/cas/issues/367#issuecomment-856846390
cas,857024141,sreynit02,User,2021-06-08T19:06:55Z,2021-06-08T19:08:09Z,https://api.github.com/repos/BCStudentSoftwareDevTeam/cas/issues/362,https://github.com/BCStudentSoftwareDevTeam/cas/issues/362#issuecomment-857024141
cas,857024869,Karina-Agliullova,User,2021-06-08T19:07:43Z,2021-06-08T19:07:43Z,https://api.github.com/repos/BCStudentSoftwareDevTeam/cas/issues/358,https://github.com/BCStudentSoftwareDevTeam/cas/issues/358#issuecomment-857024869
cas,857025242,gastonjarju,User,2021-06-08T19:08:07Z,2021-06-08T19:11:35Z,https://api.github.com/repos/BCStudentSoftwareDevTeam/cas/issues/371,https://github.com/BCStudentSoftwareDevTeam/cas/issues/371#issuecomment-857025242
cas,857779714,bryantal,User,2021-06-09T15:06:57Z,2021-06-09T15:06:57Z,https://api.github.com/repos/BCStudentSoftwareDevTeam/cas/issues/393,https://github.com/BCStudentSoftwareDevTeam/cas/issues/393#issuecomment-857779714
cas,857780169,bryantal,User,2021-06-09T15:07:10Z,2021-06-09T15:07:10Z,https://api.github.com/repos/BCStudentSoftwareDevTeam/cas/issues/354,https://github.com/BCStudentSoftwareDevTeam/cas/issues/354#issuecomment-857780169
cas,857791515,bryantal,User,2021-06-09T15:15:36Z,2021-06-09T15:15:36Z,https://api.github.com/repos/BCStudentSoftwareDevTeam/cas/issues/352,https://github.com/BCStudentSoftwareDevTeam/cas/issues/352#issuecomment-857791515
cas,857877633,sanginovs,User,2021-06-09T17:10:18Z,2021-06-09T17:10:18Z,https://api.github.com/repos/BCStudentSoftwareDevTeam/cas/issues/316,https://github.com/BCStudentSoftwareDevTeam/cas/issues/316#issuecomment-857877633
cas,857892763,zachneill,User,2021-06-09T17:30:46Z,2021-06-09T17:30:46Z,https://api.github.com/repos/BCStudentSoftwareDevTeam/cas/issues/404,https://github.com/BCStudentSoftwareDevTeam/cas/pull/404#issuecomment-857892763
cas,857953241,bryantal,User,2021-06-09T18:29:03Z,2021-06-09T18:29:03Z,https://api.github.com/repos/BCStudentSoftwareDevTeam/cas/issues/316,https://github.com/BCStudentSoftwareDevTeam/cas/issues/316#issuecomment-857953241
cas,858014503,bryantal,User,2021-06-09T19:07:30Z,2021-06-09T19:07:30Z,https://api.github.com/repos/BCStudentSoftwareDevTeam/cas/issues/347,https://github.com/BCStudentSoftwareDevTeam/cas/issues/347#issuecomment-858014503
cas,858015666,bryantal,User,2021-06-09T19:08:36Z,2021-06-09T19:08:36Z,https://api.github.com/repos/BCStudentSoftwareDevTeam/cas/issues/344,https://github.com/BCStudentSoftwareDevTeam/cas/issues/344#issuecomment-858015666
cas,858016643,bryantal,User,2021-06-09T19:09:40Z,2021-06-09T19:09:40Z,https://api.github.com/repos/BCStudentSoftwareDevTeam/cas/issues/342,https://github.com/BCStudentSoftwareDevTeam/cas/issues/342#issuecomment-858016643
cas,858042802,bryantal,User,2021-06-09T19:43:23Z,2021-06-09T19:43:23Z,https://api.github.com/repos/BCStudentSoftwareDevTeam/cas/issues/342,https://github.com/BCStudentSoftwareDevTeam/cas/issues/342#issuecomment-858042802
cas,858723002,bryantal,User,2021-06-10T15:31:27Z,2021-06-10T15:31:27Z,https://api.github.com/repos/BCStudentSoftwareDevTeam/cas/issues/403,https://github.com/BCStudentSoftwareDevTeam/cas/issues/403#issuecomment-858723002
cas,858723100,bryantal,User,2021-06-10T15:31:34Z,2021-06-10T15:31:34Z,https://api.github.com/repos/BCStudentSoftwareDevTeam/cas/issues/408,https://github.com/BCStudentSoftwareDevTeam/cas/issues/408#issuecomment-858723100
cas,858731343,bryantal,User,2021-06-10T15:42:11Z,2021-06-10T15:42:11Z,https://api.github.com/repos/BCStudentSoftwareDevTeam/cas/issues/409,https://github.com/BCStudentSoftwareDevTeam/cas/issues/409#issuecomment-858731343
cas,858824788,zachneill,User,2021-06-10T17:36:24Z,2021-06-10T17:36:24Z,https://api.github.com/repos/BCStudentSoftwareDevTeam/cas/issues/410,https://github.com/BCStudentSoftwareDevTeam/cas/issues/410#issuecomment-858824788
cas,859897570,Sandesh-L,User,2021-06-11T20:35:15Z,2021-06-11T20:35:15Z,https://api.github.com/repos/BCStudentSoftwareDevTeam/cas/issues/414,https://github.com/BCStudentSoftwareDevTeam/cas/issues/414#issuecomment-859897570
cas,859900067,Sandesh-L,User,2021-06-11T20:40:38Z,2021-06-11T20:40:38Z,https://api.github.com/repos/BCStudentSoftwareDevTeam/cas/issues/352,https://github.com/BCStudentSoftwareDevTeam/cas/issues/352#issuecomment-859900067
cas,933498383,sheggen,User,2021-10-04T13:41:05Z,2021-10-04T13:41:05Z,https://api.github.com/repos/BCStudentSoftwareDevTeam/cas/issues/57,https://github.com/BCStudentSoftwareDevTeam/cas/issues/57#issuecomment-933498383
cas,971923274,bryantal,User,2021-11-17T19:56:12Z,2021-11-17T19:56:12Z,https://api.github.com/repos/BCStudentSoftwareDevTeam/cas/issues/418,https://github.com/BCStudentSoftwareDevTeam/cas/issues/418#issuecomment-971923274
cas,973011562,bryantal,User,2021-11-18T16:10:41Z,2021-11-18T16:10:41Z,https://api.github.com/repos/BCStudentSoftwareDevTeam/cas/issues/334,https://github.com/BCStudentSoftwareDevTeam/cas/issues/334#issuecomment-973011562
cas,1027275876,sreynit02,User,2022-02-01T20:52:49Z,2022-02-01T20:52:49Z,https://api.github.com/repos/BCStudentSoftwareDevTeam/cas/issues/420,https://github.com/BCStudentSoftwareDevTeam/cas/pull/420#issuecomment-1027275876
cas,2361173228,sheggen,User,2024-09-19T14:33:34Z,2024-09-19T14:33:34Z,https://api.github.com/repos/BCStudentSoftwareDevTeam/cas/issues/410,https://github.com/BCStudentSoftwareDevTeam/cas/issues/410#issuecomment-2361173228
cas,2427731389,hoerstl,User,2024-10-21T21:14:15Z,2024-10-21T21:14:15Z,https://api.github.com/repos/BCStudentSoftwareDevTeam/cas/issues/434,https://github.com/BCStudentSoftwareDevTeam/cas/pull/434#issuecomment-2427731389
cas,2471626192,Karina-Agliullova,User,2024-11-12T21:31:48Z,2024-11-12T21:31:48Z,https://api.github.com/repos/BCStudentSoftwareDevTeam/cas/issues/434,https://github.com/BCStudentSoftwareDevTeam/cas/pull/434#issuecomment-2471626192
cas,3618113026,sheggen,User,2025-12-05T18:46:59Z,2025-12-05T18:46:59Z,https://api.github.com/repos/BCStudentSoftwareDevTeam/cas/issues/354,https://github.com/BCStudentSoftwareDevTeam/cas/issues/354#issuecomment-3618113026
cas,3910347600,Karina-Agliullova,User,2026-02-16T20:09:49Z,2026-02-16T20:09:49Z,https://api.github.com/repos/BCStudentSoftwareDevTeam/cas/issues/435,https://github.com/BCStudentSoftwareDevTeam/cas/issues/435#issuecomment-3910347600
