repo,number,title,author,author_type,state,draft,created_at,updated_at,closed_at,merged_at,merged,merged_by,merged_by_type,additions,deletions,changed_files,commits,conversation_comments,review_comments,html_url,hours_to_merge,days_to_merge,closed_without_merge,teammate_merge
bcsr,70,ReadMe and Database Setup,sreynit02,User,open,False,2022-02-08 20:48:12+00:00,2022-02-25T19:12:32Z,,,False,,,67,122,4,6,0,3,https://github.com/BCStudentSoftwareDevTeam/bcsr/pull/70,,,False,False
bcsr,72,Master,AndersonStettner,User,closed,False,2023-01-12 20:09:14+00:00,2023-05-04T15:21:56Z,2023-05-04 15:21:56+00:00,,False,,,80,16,9,11,0,0,https://github.com/BCStudentSoftwareDevTeam/bcsr/pull/72,,,True,False
bcsr,78,Course materials,sheggen,User,open,False,2024-08-07 15:27:49+00:00,2024-08-07T15:27:49Z,,,False,,,190,80,38,5,0,0,https://github.com/BCStudentSoftwareDevTeam/bcsr/pull/78,,,False,False
bcsr,82,Add Course Search,bakobagassas,User,closed,False,2026-04-07 21:07:54+00:00,2026-04-13T18:03:28Z,2026-04-13 18:02:52+00:00,2026-04-13 18:02:52+00:00,True,,,93,2,119,12,0,0,https://github.com/BCStudentSoftwareDevTeam/bcsr/pull/82,140.91611111111112,5.87150462962963,False,True
bcsr,83,added name to contributors list,bakobagassas,User,open,False,2026-04-13 20:54:29+00:00,2026-04-13T20:54:29Z,,,False,,,3,0,1,1,0,0,https://github.com/BCStudentSoftwareDevTeam/bcsr/pull/83,,,False,False
bcsr,97,fix keep footer at bottom of page using flexbox (fixes #96),shubhrai23,User,open,False,2026-08-11 21:16:29+00:00,2026-08-14T23:11:13Z,,,False,,,9,9,1,3,0,1,https://github.com/BCStudentSoftwareDevTeam/bcsr/pull/97,,,False,False
bcsr,106,readme updated for WSL in window set up,MImran2002,User,open,False,2026-08-20 12:50:10+00:00,2026-09-15T21:18:12Z,,,False,,,225,71,5,8,0,39,https://github.com/BCStudentSoftwareDevTeam/bcsr/pull/106,,,False,False
bcsr,112,Fix NameError: import Deadline model in deadlineManagement.py,baobao1355,User,open,False,2026-09-12 22:48:52+00:00,2026-09-15T15:49:46Z,,,False,,,1,0,1,1,1,0,https://github.com/BCStudentSoftwareDevTeam/bcsr/pull/112,,,False,False
bcsr,113,Input type enforcement,bakobagassas,User,open,False,2026-09-14 23:46:44+00:00,2026-09-15T15:41:00Z,,,False,,,7,0,2,6,0,1,https://github.com/BCStudentSoftwareDevTeam/bcsr/pull/113,,,False,False
bcsr,114,Implemented Calendar date picker,zapataa0,User,open,False,2026-09-15 04:07:12+00:00,2026-09-15T16:00:02Z,,,False,,,230,77,7,15,0,3,https://github.com/BCStudentSoftwareDevTeam/bcsr/pull/114,,,False,False
bcsr,116,fix: syllabus upload paths containing spaces,armutlutost,User,open,False,2026-09-15 14:51:29+00:00,2026-09-15T14:51:29Z,,,False,,,19,19,2,1,0,0,https://github.com/BCStudentSoftwareDevTeam/bcsr/pull/116,,,False,False
bcsr,117,Fix footer positioning on short pages,armutlutost,User,open,False,2026-09-15 15:03:36+00:00,2026-09-15T15:03:36Z,,,False,,,27,20,3,2,0,0,https://github.com/BCStudentSoftwareDevTeam/bcsr/pull/117,,,False,False
bcsr,118,Fix upcoming deadline display and date formatting,armutlutost,User,open,False,2026-09-15 15:13:19+00:00,2026-09-15T15:13:19Z,,,False,,,16,8,2,1,0,0,https://github.com/BCStudentSoftwareDevTeam/bcsr/pull/118,,,False,False
bcsr,119,Clarify deadline creation form fields,armutlutost,User,open,False,2026-09-15 15:13:31+00:00,2026-09-15T15:13:31Z,,,False,,,11,10,1,1,0,0,https://github.com/BCStudentSoftwareDevTeam/bcsr/pull/119,,,False,False
bcsr,120,Differentiate deadline edit action buttons,armutlutost,User,open,False,2026-09-15 15:14:00+00:00,2026-09-15T15:14:00Z,,,False,,,3,3,1,1,0,0,https://github.com/BCStudentSoftwareDevTeam/bcsr/pull/120,,,False,False
bcsr,121,103 flash message,conwelld,User,open,False,2026-09-15 15:46:50+00:00,2026-09-15T15:47:03Z,,,False,,,232,72,7,11,0,0,https://github.com/BCStudentSoftwareDevTeam/bcsr/pull/121,,,False,False
celts,17,Differentiate prerequisite and event issue15,sreynit02,User,closed,False,2021-06-16 14:19:42+00:00,2021-07-02T15:08:00Z,2021-07-02 15:07:56+00:00,2021-07-02 15:07:56+00:00,True,,,101,26,7,7,4,0,https://github.com/BCStudentSoftwareDevTeam/celts/pull/17,384.8038888888889,16.03349537037037,False,True
celts,20,Issues 3.8 and 3.8.1 merged. Checking the user on eligibility to register for an event.,Karina-Agliullova,User,closed,False,2021-06-17 18:32:08+00:00,2021-07-12T21:47:41Z,2021-07-12 21:47:37+00:00,2021-07-12 21:47:37+00:00,True,,,277,27,6,32,1,27,https://github.com/BCStudentSoftwareDevTeam/celts/pull/20,603.2580555555555,25.135752314814813,False,True
celts,25,Bootstrap 5 templates,romano-w,User,closed,False,2021-06-18 18:06:48+00:00,2021-06-23T15:42:45Z,2021-06-23 15:42:42+00:00,2021-06-23 15:42:41+00:00,True,,,275,5,12,3,0,0,https://github.com/BCStudentSoftwareDevTeam/celts/pull/25,117.59805555555556,4.899918981481481,False,True
celts,26,Populate Upcoming Events on Webpage,sreynit02,User,closed,False,2021-06-18 19:16:48+00:00,2021-07-08T13:07:33Z,2021-07-08 13:07:21+00:00,2021-07-08 13:07:21+00:00,True,,,179,69,8,15,1,21,https://github.com/BCStudentSoftwareDevTeam/celts/pull/26,473.8425,19.7434375,False,True
celts,29,Created Volunteer Indicate Interest Section,gastonjarju,User,closed,False,2021-06-21 19:33:41+00:00,2021-07-13T16:28:54Z,2021-07-13 16:28:51+00:00,2021-07-13 16:28:51+00:00,True,,,195,2,10,32,1,33,https://github.com/BCStudentSoftwareDevTeam/celts/pull/29,524.9194444444445,21.87164351851852,False,True
celts,31,Fixed footer spacing ,romano-w,User,closed,False,2021-06-23 17:39:54+00:00,2021-06-24T18:21:34Z,2021-06-24 18:21:30+00:00,2021-06-24 18:21:30+00:00,True,,,6,2,5,1,0,0,https://github.com/BCStudentSoftwareDevTeam/celts/pull/31,24.69333333333333,1.0288888888888887,False,True
celts,32,Issue 3.10. Viewing service transcript 21,Karina-Agliullova,User,closed,False,2021-06-24 18:55:20+00:00,2021-07-08T19:11:19Z,2021-07-08 19:11:16+00:00,2021-07-08 19:11:16+00:00,True,,,345,51,11,37,1,30,https://github.com/BCStudentSoftwareDevTeam/celts/pull/32,336.2655555555556,14.011064814814816,False,True
celts,35,Base template responsive update,romano-w,User,closed,False,2021-06-27 17:27:56+00:00,2021-06-28T15:04:30Z,2021-06-28 15:04:22+00:00,2021-06-28 15:04:22+00:00,True,,,35,6,3,12,2,0,https://github.com/BCStudentSoftwareDevTeam/celts/pull/35,21.607222222222223,0.9003009259259259,False,True
celts,37,Created a page where admins can create new events,Sandesh-L,User,closed,False,2021-07-06 19:14:29+00:00,2021-07-27T18:08:20Z,2021-07-27 18:08:15+00:00,2021-07-27 18:08:15+00:00,True,,,550,6,15,49,2,44,https://github.com/BCStudentSoftwareDevTeam/celts/pull/37,502.8961111111111,20.95400462962963,False,True
celts,38,PR for Issue #30,tylerpar99,User,closed,False,2021-07-07 17:28:43+00:00,2021-07-08T17:40:16Z,2021-07-08 17:40:11+00:00,2021-07-08 17:40:11+00:00,True,,,183,2,7,38,1,2,https://github.com/BCStudentSoftwareDevTeam/celts/pull/38,24.191111111111113,1.007962962962963,False,True
celts,47,PR for Warning label track hours issue 45(This issue is based off of branch: track_volunteer_hours_issue42),tylerpar99,User,closed,False,2021-07-15 15:27:52+00:00,2021-08-06T13:33:05Z,2021-08-06 13:33:01+00:00,2021-08-06 13:33:01+00:00,True,,,175,124,12,17,1,10,https://github.com/BCStudentSoftwareDevTeam/celts/pull/47,526.0858333333333,21.920243055555556,False,True
celts,48,Added `programCategory` Table ,sreynit02,User,closed,False,2021-07-15 15:43:03+00:00,2023-05-10T14:21:24Z,2021-07-22 20:26:19+00:00,,False,,,68,3,4,2,1,0,https://github.com/BCStudentSoftwareDevTeam/celts/pull/48,,,True,False
celts,50,PR for Create future terms issue 49,zachneill,User,closed,False,2021-07-15 18:26:39+00:00,2021-07-30T16:14:28Z,2021-07-30 16:14:23+00:00,2021-07-30 16:14:23+00:00,True,,,29,6,5,8,1,3,https://github.com/BCStudentSoftwareDevTeam/celts/pull/50,357.79555555555555,14.908148148148149,False,True
celts,52,Add recurring event issue46,Sandesh-L,User,closed,False,2021-07-16 17:24:46+00:00,2021-07-28T17:00:37Z,2021-07-28 17:00:34+00:00,2021-07-28 17:00:34+00:00,True,,,159,53,9,9,1,5,https://github.com/BCStudentSoftwareDevTeam/celts/pull/52,287.5966666666667,11.983194444444445,False,True
celts,53,Administrator view event details issue#39,tylerpar99,User,closed,False,2021-07-20 19:25:11+00:00,2023-05-10T14:21:26Z,2021-07-30 17:06:58+00:00,,False,,,163,49,12,17,0,0,https://github.com/BCStudentSoftwareDevTeam/celts/pull/53,,,True,False
celts,54,Celts kiosk mode issue#51,tylerpar99,User,closed,False,2021-07-21 15:13:41+00:00,2021-07-30T17:51:30Z,2021-07-30 17:51:27+00:00,2021-07-30 17:51:27+00:00,True,,,242,19,7,28,0,15,https://github.com/BCStudentSoftwareDevTeam/celts/pull/54,218.62944444444443,9.109560185185185,False,True
celts,55,Delete event issue 43,tylerpar99,User,closed,False,2021-07-21 15:37:38+00:00,2021-07-28T21:17:19Z,2021-07-28 21:17:16+00:00,2021-07-28 21:17:16+00:00,True,,,273,60,14,28,0,11,https://github.com/BCStudentSoftwareDevTeam/celts/pull/55,173.66055555555556,7.235856481481481,False,True
celts,57,Track volunteer hours issue42,gastonjarju,User,closed,False,2021-07-22 18:47:30+00:00,2021-07-30T14:44:19Z,2021-07-30 14:44:16+00:00,2021-07-30 14:44:16+00:00,True,,,498,12,9,32,0,26,https://github.com/BCStudentSoftwareDevTeam/celts/pull/57,187.94611111111112,7.831087962962964,False,True
celts,58,PR Volunteer event management all event page,zachneill,User,closed,False,2021-07-22 20:26:14+00:00,2021-07-30T16:10:12Z,2021-07-30 16:10:09+00:00,2021-07-30 16:10:08+00:00,True,,,254,25,6,50,0,6,https://github.com/BCStudentSoftwareDevTeam/celts/pull/58,187.73166666666665,7.822152777777777,False,True
celts,59,Populate Create Events Page with Template (In Progress),sreynit02,User,closed,False,2021-07-23 17:28:27+00:00,2023-05-10T14:21:26Z,2021-09-17 14:49:48+00:00,,False,,,286,233,6,11,0,0,https://github.com/BCStudentSoftwareDevTeam/celts/pull/59,,,True,False
celts,60,Event form #8,Ebenezer997,User,closed,False,2021-07-26 21:41:47+00:00,2021-08-04T16:45:54Z,2021-08-04 16:45:51+00:00,2021-08-04 16:45:51+00:00,True,,,337,143,22,28,3,11,https://github.com/BCStudentSoftwareDevTeam/celts/pull/60,211.0677777777778,8.794490740740741,False,True
celts,62,Create student search page issue#4,gastonjarju,User,closed,False,2021-07-28 21:18:26+00:00,2021-07-30T16:03:37Z,2021-07-30 16:03:26+00:00,2021-07-30 16:03:26+00:00,True,,,194,11,8,11,0,3,https://github.com/BCStudentSoftwareDevTeam/celts/pull/62,42.75,1.78125,False,True
celts,65,volunteer search on the sidebar now leads to the volunteer search page,Sandesh-L,User,closed,False,2021-07-29 17:50:11+00:00,2021-07-30T16:19:11Z,2021-07-30 16:19:08+00:00,2021-07-30 16:19:08+00:00,True,,,196,13,9,14,0,3,https://github.com/BCStudentSoftwareDevTeam/celts/pull/65,22.4825,0.9367708333333334,False,True
celts,66,Add term dropdown event management,Karina-Agliullova,User,closed,False,2021-07-30 14:26:53+00:00,2021-07-30T16:50:49Z,2021-07-30 16:50:26+00:00,2021-07-30 16:50:26+00:00,True,,,24,4,3,7,0,3,https://github.com/BCStudentSoftwareDevTeam/celts/pull/66,2.3925,0.0996875,False,True
celts,70,Connected edit events and track volunteers page.,Sandesh-L,User,closed,False,2021-08-03 20:59:29+00:00,2021-08-05T01:37:35Z,2021-08-05 01:37:32+00:00,2021-08-05 01:37:32+00:00,True,,,85,72,2,5,0,1,https://github.com/BCStudentSoftwareDevTeam/celts/pull/70,28.634166666666665,1.1930902777777777,False,True
celts,72,Admins cannot create events in the past,gastonjarju,User,closed,False,2021-08-04 19:17:19+00:00,2021-08-04T19:51:38Z,2021-08-04 19:51:36+00:00,2021-08-04 19:51:35+00:00,True,,,3,1,2,1,0,0,https://github.com/BCStudentSoftwareDevTeam/celts/pull/72,0.5711111111111111,0.023796296296296298,False,True
celts,73,Fix Footer Positioning,gastonjarju,User,closed,False,2021-08-05 14:39:12+00:00,2021-08-05T19:47:11Z,2021-08-05 19:47:08+00:00,2021-08-05 19:47:08+00:00,True,,,14,11,1,3,1,0,https://github.com/BCStudentSoftwareDevTeam/celts/pull/73,5.1322222222222225,0.2138425925925926,False,True
celts,75,Fix me issue#74,gastonjarju,User,closed,False,2021-08-06 19:55:12+00:00,2023-05-10T14:21:47Z,2021-08-19 18:51:53+00:00,2021-08-19 18:51:53+00:00,True,,,71,12,7,6,0,2,https://github.com/BCStudentSoftwareDevTeam/celts/pull/75,310.9447222222222,12.956030092592592,False,True
celts,87,Volunteer profile combined,bryantal,User,closed,False,2021-08-23 13:41:17+00:00,2021-09-14T17:17:10Z,2021-09-14 17:16:36+00:00,2021-09-14 17:16:36+00:00,True,,,103,83,10,21,0,14,https://github.com/BCStudentSoftwareDevTeam/celts/pull/87,531.5886111111112,22.149525462962966,False,True
celts,90,Make Navbar Accessible ,sreynit02,User,closed,False,2021-08-23 14:56:46+00:00,2021-08-31T16:55:30Z,2021-08-31 16:55:26+00:00,2021-08-31 16:55:26+00:00,True,,,19,6,6,10,1,9,https://github.com/BCStudentSoftwareDevTeam/celts/pull/90,193.9777777777778,8.082407407407407,False,True
celts,91,(Small)Fix Create Event Page,sreynit02,User,closed,False,2021-08-23 15:57:26+00:00,2023-05-10T14:21:49Z,2021-08-24 14:51:06+00:00,,False,,,7,4,1,1,0,0,https://github.com/BCStudentSoftwareDevTeam/celts/pull/91,,,True,False
celts,93,Fixed import issue by adding any import that was missing.,tylerpar99,User,closed,False,2021-08-23 17:47:32+00:00,2021-08-23T17:54:00Z,2021-08-23 17:53:58+00:00,2021-08-23 17:53:57+00:00,True,,,5,2,1,1,0,0,https://github.com/BCStudentSoftwareDevTeam/celts/pull/93,0.10694444444444444,0.004456018518518518,False,True
celts,94,Issue #82 - Landing page,Karina-Agliullova,User,closed,False,2021-08-26 19:40:10+00:00,2021-09-17T14:54:38Z,2021-09-17 14:54:35+00:00,2021-09-17 14:54:35+00:00,True,,,26,33,4,5,3,0,https://github.com/BCStudentSoftwareDevTeam/celts/pull/94,523.2402777777778,21.801678240740742,False,True
celts,97,Fixes Cancel Event Button Not Redirecting Correctly,hmanalai,User,closed,False,2021-08-26 21:23:50+00:00,2021-08-30T17:25:48Z,2021-08-30 17:25:45+00:00,2021-08-30 17:25:45+00:00,True,,,2,2,1,1,0,0,https://github.com/BCStudentSoftwareDevTeam/celts/pull/97,92.03194444444445,3.834664351851852,False,True
celts,98,Table for issue 78,zachneill,User,closed,False,2021-08-27 16:56:12+00:00,2021-09-02T14:17:55Z,2021-09-02 14:17:51+00:00,2021-09-02 14:17:51+00:00,True,,,208,4,7,10,0,13,https://github.com/BCStudentSoftwareDevTeam/celts/pull/98,141.36083333333335,5.8900347222222225,False,True
celts,102,Consolidate student search methods,mupotsal,User,closed,False,2021-08-31 14:47:55+00:00,2021-09-17T14:33:40Z,2021-09-17 14:33:37+00:00,2021-09-17 14:33:37+00:00,True,,,19,66,7,12,1,3,https://github.com/BCStudentSoftwareDevTeam/celts/pull/102,407.76166666666666,16.990069444444444,False,True
celts,103,fixed the interest switches,sreynit02,User,closed,False,2021-08-31 15:48:48+00:00,2021-09-02T14:11:39Z,2021-09-02 14:11:37+00:00,2021-09-02 14:11:37+00:00,True,,,1,1,1,1,0,0,https://github.com/BCStudentSoftwareDevTeam/celts/pull/103,46.38027777777778,1.9325115740740741,False,True
celts,106,Fixed test_participants.py Test Failure,bryantal,User,closed,False,2021-09-01 20:15:15+00:00,2021-09-02T14:12:38Z,2021-09-02 14:12:34+00:00,2021-09-02 14:12:34+00:00,True,,,1,1,1,1,0,0,https://github.com/BCStudentSoftwareDevTeam/celts/pull/106,17.955277777777777,0.7481365740740741,False,True
celts,107,Refactor volunteer view of event form,mupotsal,User,closed,False,2021-09-03 13:30:08+00:00,2021-09-14T17:38:29Z,2021-09-14 17:38:24+00:00,2021-09-14 17:38:24+00:00,True,,,54,26,2,9,1,3,https://github.com/BCStudentSoftwareDevTeam/celts/pull/107,268.1377777777778,11.172407407407407,False,True
celts,110,Volunteer Remove RSVP Error,sreynit02,User,closed,False,2021-09-07 14:36:35+00:00,2021-09-14T17:32:16Z,2021-09-14 17:32:09+00:00,2021-09-14 17:32:09+00:00,True,,,5,4,1,5,0,2,https://github.com/BCStudentSoftwareDevTeam/celts/pull/110,170.9261111111111,7.121921296296296,False,True
celts,111,Fixes Flash Messages,hmanalai,User,closed,False,2021-09-09 20:47:14+00:00,2021-09-14T17:36:21Z,2021-09-14 17:36:07+00:00,2021-09-14 17:36:07+00:00,True,,,9,17,5,3,0,0,https://github.com/BCStudentSoftwareDevTeam/celts/pull/111,116.81472222222222,4.867280092592592,False,True
celts,112,Link to kiosk,mupotsal,User,closed,False,2021-09-10 12:52:56+00:00,2021-09-17T14:48:06Z,2021-09-17 14:47:58+00:00,2021-09-17 14:47:58+00:00,True,,,13,7,1,4,1,2,https://github.com/BCStudentSoftwareDevTeam/celts/pull/112,169.91722222222222,7.079884259259259,False,True
celts,115,Fixes issue #89 volunteering upcoming events  links to Events.,Ebenezer997,User,closed,False,2021-09-13 14:08:44+00:00,2021-09-17T15:11:14Z,2021-09-17 15:11:12+00:00,2021-09-17 15:11:11+00:00,True,,,5,6,3,18,0,1,https://github.com/BCStudentSoftwareDevTeam/celts/pull/115,97.04083333333334,4.043368055555556,False,True
celts,118,Fixes Sidebar Breaking on Smaller Screens,hmanalai,User,closed,False,2021-09-14 19:22:09+00:00,2021-09-17T14:52:53Z,2021-09-17 14:52:50+00:00,2021-09-17 14:52:50+00:00,True,,,0,1,1,1,0,0,https://github.com/BCStudentSoftwareDevTeam/celts/pull/118,67.51138888888889,2.812974537037037,False,True
celts,120,Clean up the Sidebar,Karina-Agliullova,User,closed,False,2021-09-16 17:18:52+00:00,2021-09-17T14:41:37Z,2021-09-17 14:41:35+00:00,2021-09-17 14:41:35+00:00,True,,,3,14,1,1,0,0,https://github.com/BCStudentSoftwareDevTeam/celts/pull/120,21.378611111111113,0.8907754629629631,False,True
celts,121,Volunteer rsvp status,sreynit02,User,closed,False,2021-09-17 13:43:21+00:00,2021-10-01T14:40:14Z,2021-10-01 14:40:11+00:00,2021-10-01 14:40:10+00:00,True,,,55,51,11,21,4,10,https://github.com/BCStudentSoftwareDevTeam/celts/pull/121,336.94694444444445,14.03945601851852,False,True
celts,123,Fixing test data,Ebenezer997,User,closed,False,2021-09-20 14:13:04+00:00,2021-10-19T14:47:32Z,2021-10-19 14:47:29+00:00,2021-10-19 14:47:29+00:00,True,,,66,45,4,10,1,1,https://github.com/BCStudentSoftwareDevTeam/celts/pull/123,696.5736111111111,29.02390046296296,False,True
celts,125,Added Contributors page,Ebenezer997,User,closed,False,2021-09-22 15:15:54+00:00,2021-09-28T18:49:26Z,2021-09-28 18:49:21+00:00,2021-09-28 18:49:21+00:00,True,,,78,0,3,7,1,5,https://github.com/BCStudentSoftwareDevTeam/celts/pull/125,147.5575,6.148229166666667,False,True
celts,126,Vs transcript interface #96,MayJue,User,closed,False,2021-09-22 17:36:11+00:00,2021-10-29T20:31:30Z,2021-10-29 20:31:26+00:00,2021-10-29 20:31:26+00:00,True,,,387,87,8,32,1,25,https://github.com/BCStudentSoftwareDevTeam/celts/pull/126,890.9208333333333,37.12170138888889,False,True
celts,131,Note model change,mupotsal,User,closed,False,2021-09-28 14:46:53+00:00,2021-09-30T21:27:42Z,2021-09-30 21:27:37+00:00,2021-09-30 21:27:37+00:00,True,,,85,24,5,7,2,4,https://github.com/BCStudentSoftwareDevTeam/celts/pull/131,54.67888888888889,2.278287037037037,False,True
celts,132,Creates a Global Search User Js File,hmanalai,User,closed,False,2021-09-28 17:57:20+00:00,2021-10-07T18:40:43Z,2021-10-07 18:40:40+00:00,2021-10-07 18:40:40+00:00,True,,,190,229,9,13,2,3,https://github.com/BCStudentSoftwareDevTeam/celts/pull/132,216.72222222222223,9.030092592592593,False,True
celts,133,Allow admins to send email through the event list page,Sandesh-L,User,closed,False,2021-09-29 23:35:32+00:00,2023-05-10T14:26:26Z,2022-03-21 17:19:51+00:00,2022-03-21 17:19:51+00:00,True,,,321,37,13,64,2,45,https://github.com/BCStudentSoftwareDevTeam/celts/pull/133,4145.738611111111,172.73910879629628,False,True
celts,134,Volunteer profile sidebar,sreynit02,User,closed,False,2021-09-30 14:26:07+00:00,2021-10-01T14:37:38Z,2021-10-01 14:37:35+00:00,2021-10-01 14:37:35+00:00,True,,,13,5,1,9,1,1,https://github.com/BCStudentSoftwareDevTeam/celts/pull/134,24.191111111111113,1.007962962962963,False,True
celts,136,Slc admin view issue117,tylerpar99,User,closed,False,2021-09-30 17:15:21+00:00,2021-11-17T15:51:08Z,2021-11-17 15:50:35+00:00,2021-11-17 15:50:35+00:00,True,,,219,3,5,17,0,19,https://github.com/BCStudentSoftwareDevTeam/celts/pull/136,1150.5872222222222,47.94113425925926,False,True
celts,141,Create Back button on Kiosk page,zachneill,User,closed,False,2021-10-01 16:48:36+00:00,2021-10-01T17:57:17Z,2021-10-01 17:57:08+00:00,2021-10-01 17:57:08+00:00,True,,,5,3,1,2,0,0,https://github.com/BCStudentSoftwareDevTeam/celts/pull/141,1.1422222222222222,0.047592592592592596,False,True
celts,145,Faculty service learning proposal issue#76,hmanalai,User,closed,False,2021-10-10 18:26:39+00:00,2021-12-08T18:45:59Z,2021-12-08 18:45:56+00:00,2021-12-08 18:45:56+00:00,True,,,712,141,21,54,2,6,https://github.com/BCStudentSoftwareDevTeam/celts/pull/145,1416.3213888888888,59.0133912037037,False,True
celts,146,Admin Management Page,sreynit02,User,closed,False,2021-10-12 15:12:27+00:00,2021-10-18T14:53:23Z,2021-10-18 14:53:20+00:00,2021-10-18 14:53:19+00:00,True,,,217,6,9,17,1,12,https://github.com/BCStudentSoftwareDevTeam/celts/pull/146,143.6811111111111,5.9867129629629625,False,True
celts,147,Fixes Remove Volunteer Functionality in Track Volunteer Page,hmanalai,User,closed,False,2021-10-14 17:42:13+00:00,2023-05-10T14:26:04Z,2021-10-29 15:17:39+00:00,2021-10-29 15:17:39+00:00,True,,,297,215,7,15,3,13,https://github.com/BCStudentSoftwareDevTeam/celts/pull/147,357.59055555555557,14.899606481481483,False,True
celts,148,Changes Current Term in Admin Management,zachneill,User,closed,False,2021-10-15 19:28:28+00:00,2021-10-26T13:56:12Z,2021-10-26 13:56:07+00:00,2021-10-26 13:56:07+00:00,True,,,112,16,8,19,0,22,https://github.com/BCStudentSoftwareDevTeam/celts/pull/148,258.4608333333333,10.769201388888888,False,True
celts,149,Demo branch,mupotsal,User,closed,False,2021-10-19 14:53:55+00:00,2021-10-26T14:55:45Z,2021-10-26 14:55:42+00:00,2021-10-26 14:55:42+00:00,True,,,17,11,6,10,1,6,https://github.com/BCStudentSoftwareDevTeam/celts/pull/149,168.02972222222223,7.001238425925926,False,True
celts,150,Event list rework issue135,MayJue,User,closed,False,2021-10-20 18:49:38+00:00,2021-10-25T19:06:06Z,2021-10-25 19:06:02+00:00,2021-10-25 19:06:02+00:00,True,,,221,153,5,11,1,10,https://github.com/BCStudentSoftwareDevTeam/celts/pull/150,120.27333333333333,5.011388888888889,False,True
celts,155,Frontend Consistency to Main Titles,zachneill,User,closed,False,2021-10-22 21:34:56+00:00,2023-05-10T14:26:03Z,2021-10-23 14:47:57+00:00,2021-10-23 14:47:57+00:00,True,,,46,46,8,1,0,0,https://github.com/BCStudentSoftwareDevTeam/celts/pull/155,17.216944444444444,0.7173726851851852,False,True
celts,161,Remove RSVP button from createEvent Page,sreynit02,User,closed,False,2021-10-28 15:09:43+00:00,2021-11-02T14:37:15Z,2021-11-02 14:37:12+00:00,2021-11-02 14:37:12+00:00,True,,,7,8,1,8,0,6,https://github.com/BCStudentSoftwareDevTeam/celts/pull/161,119.45805555555556,4.977418981481482,False,True
celts,162,Add RSVP status to Interest Table,sreynit02,User,closed,False,2021-10-29 13:11:18+00:00,2021-10-29T15:24:50Z,2021-10-29 15:24:06+00:00,2021-10-29 15:24:06+00:00,True,,,9,1,3,1,0,0,https://github.com/BCStudentSoftwareDevTeam/celts/pull/162,2.2133333333333334,0.09222222222222222,False,True
celts,163,Change Event Name,sreynit02,User,closed,False,2021-10-29 15:26:38+00:00,2021-11-02T13:48:20Z,2021-11-02 13:48:17+00:00,2021-11-02 13:48:17+00:00,True,,,37,37,3,4,0,3,https://github.com/BCStudentSoftwareDevTeam/celts/pull/163,94.36083333333333,3.931701388888889,False,True
celts,165,Fixes Course Proposals Page,zachneill,User,closed,False,2021-10-29 20:28:16+00:00,2023-05-10T14:26:29Z,2021-12-10 17:22:32+00:00,,False,,,144,64,6,26,4,18,https://github.com/BCStudentSoftwareDevTeam/celts/pull/165,,,True,False
celts,166,Track voluneteers add buttons,Ebenezer997,User,closed,False,2021-10-31 17:50:20+00:00,2021-11-04T16:12:39Z,2021-11-04 16:11:03+00:00,2021-11-04 16:11:03+00:00,True,,,27,20,3,9,2,5,https://github.com/BCStudentSoftwareDevTeam/celts/pull/166,94.34527777777778,3.931053240740741,False,True
celts,169,Volunteer profile admin view issue#5,gastonjarju,User,closed,False,2021-11-01 18:17:37+00:00,2023-05-10T14:22:29Z,2022-04-01 19:02:02+00:00,,False,,,545,99,11,119,4,88,https://github.com/BCStudentSoftwareDevTeam/celts/pull/169,,,True,False
celts,170,Fixes test suite for development.,tylerpar99,User,closed,False,2021-11-01 18:27:05+00:00,2021-11-01T19:12:59Z,2021-11-01 19:12:56+00:00,2021-11-01 19:12:56+00:00,True,,,32,21,2,2,0,0,https://github.com/BCStudentSoftwareDevTeam/celts/pull/170,0.7641666666666667,0.03184027777777778,False,True
celts,172,Search fix,mupotsal,User,closed,False,2021-11-01 21:03:11+00:00,2021-11-02T13:45:24Z,2021-11-02 13:45:21+00:00,2021-11-02 13:45:21+00:00,True,,,2,2,2,3,0,2,https://github.com/BCStudentSoftwareDevTeam/celts/pull/172,16.70277777777778,0.6959490740740741,False,True
celts,173,Remove attended column,Karina-Agliullova,User,closed,False,2021-11-02 18:46:41+00:00,2021-11-02T18:52:00Z,2021-11-02 18:51:48+00:00,2021-11-02 18:51:48+00:00,True,,,31,55,4,5,0,0,https://github.com/BCStudentSoftwareDevTeam/celts/pull/173,0.08527777777777777,0.0035532407407407405,False,True
celts,181,fixed issue about adding the user as admin twice,mupotsal,User,closed,False,2021-11-04 14:56:12+00:00,2021-11-04T15:13:13Z,2021-11-04 15:13:09+00:00,2021-11-04 15:13:09+00:00,True,,,20,8,1,1,0,0,https://github.com/BCStudentSoftwareDevTeam/celts/pull/181,0.2825,0.011770833333333333,False,True
celts,182,Fixes kiosk entry not showing up in track volunteer page,hmanalai,User,closed,False,2021-11-04 17:58:25+00:00,2021-11-04T18:01:11Z,2021-11-04 18:01:07+00:00,2021-11-04 18:01:07+00:00,True,,,13,11,2,1,0,0,https://github.com/BCStudentSoftwareDevTeam/celts/pull/182,0.045,0.001875,False,True
celts,183,Cleaning test data,Karina-Agliullova,User,closed,False,2021-11-04 18:17:59+00:00,2023-05-10T14:26:10Z,2021-11-04 18:35:05+00:00,2021-11-04 18:35:05+00:00,True,bryantal,User,26,97,1,3,0,0,https://github.com/BCStudentSoftwareDevTeam/celts/pull/183,0.285,0.011874999999999998,False,True
celts,184,Adding user to event participant when added through add volunteer,hmanalai,User,closed,False,2021-11-04 18:24:33+00:00,2023-05-10T14:26:11Z,2021-11-04 18:34:54+00:00,2021-11-04 18:34:54+00:00,True,bryantal,User,1,0,1,1,0,0,https://github.com/BCStudentSoftwareDevTeam/celts/pull/184,0.1725,0.0071874999999999994,False,True
celts,185,Fixes the issue with current term not changing,hmanalai,User,closed,False,2021-11-04 18:58:53+00:00,2023-05-10T14:26:16Z,2021-11-04 19:02:54+00:00,2021-11-04 19:02:54+00:00,True,bryantal,User,5,1,1,1,0,0,https://github.com/BCStudentSoftwareDevTeam/celts/pull/185,0.06694444444444445,0.002789351851851852,False,True
celts,186,Fixed the name in test data,Karina-Agliullova,User,closed,False,2021-11-04 18:59:55+00:00,2023-05-10T14:26:16Z,2021-11-04 19:03:19+00:00,2021-11-04 19:03:19+00:00,True,bryantal,User,1,1,1,1,0,0,https://github.com/BCStudentSoftwareDevTeam/celts/pull/186,0.056666666666666664,0.002361111111111111,False,True
celts,188,Adds Tabs to Link Service Transcript and Upcoming Events,zachneill,User,closed,False,2021-11-05 21:00:05+00:00,2021-11-05T21:21:46Z,2021-11-05 21:18:34+00:00,,False,,,187,79,9,9,1,0,https://github.com/BCStudentSoftwareDevTeam/celts/pull/188,,,True,False
celts,189,Adds Tabs to Link Service Transcript and Upcoming Events,zachneill,User,closed,False,2021-11-05 21:19:05+00:00,2021-11-09T16:21:24Z,2021-11-09 16:21:20+00:00,2021-11-09 16:21:20+00:00,True,,,54,33,2,4,0,0,https://github.com/BCStudentSoftwareDevTeam/celts/pull/189,91.0375,3.7932291666666664,False,True
celts,191,Time selector fix for Firefox and Safari,sreynit02,User,closed,False,2021-11-09 15:50:37+00:00,2022-03-22T17:13:59Z,2022-03-22 17:13:56+00:00,2022-03-22 17:13:56+00:00,True,,,64,41,2,16,4,10,https://github.com/BCStudentSoftwareDevTeam/celts/pull/191,3193.388611111111,133.0578587962963,False,True
celts,197,Extend and Restrict Sidebar to Bottom of Page,zachneill,User,closed,False,2021-11-12 16:24:40+00:00,2021-11-15T16:29:47Z,2021-11-15 16:29:44+00:00,2021-11-15 16:29:44+00:00,True,,,81,88,2,5,0,0,https://github.com/BCStudentSoftwareDevTeam/celts/pull/197,72.08444444444444,3.0035185185185185,False,True
celts,198,Background check,sreynit02,User,closed,False,2021-11-15 16:56:36+00:00,2021-12-08T18:04:30Z,2021-12-08 18:04:27+00:00,2021-12-08 18:04:27+00:00,True,,,175,6,11,21,1,27,https://github.com/BCStudentSoftwareDevTeam/celts/pull/198,553.1308333333334,23.047118055555558,False,True
celts,206,Manage service learning faculty,Ebenezer997,User,closed,False,2021-11-24 15:58:31+00:00,2022-03-24T17:37:25Z,2022-03-24 17:37:23+00:00,2022-03-24 17:37:23+00:00,True,,,58,30,6,13,1,26,https://github.com/BCStudentSoftwareDevTeam/celts/pull/206,2881.6477777777777,120.0686574074074,False,True
celts,207,Fix search logic issue199,tylerpar99,User,closed,False,2021-11-24 17:48:16+00:00,2021-12-08T17:07:29Z,2021-12-08 17:07:26+00:00,2021-12-08 17:07:25+00:00,True,,,1,1,1,2,0,0,https://github.com/BCStudentSoftwareDevTeam/celts/pull/207,335.31916666666666,13.971631944444445,False,True
celts,209,Student admin permissions,mupotsal,User,closed,False,2021-11-26 20:36:17+00:00,2022-04-01T13:36:08Z,2022-04-01 13:33:40+00:00,2022-04-01 13:33:40+00:00,True,,,249,40,12,40,0,36,https://github.com/BCStudentSoftwareDevTeam/celts/pull/209,3016.956388888889,125.7065162037037,False,True
celts,210,Creates an Email handler Class ,hmanalai,User,closed,False,2021-12-15 14:58:25+00:00,2022-03-21T17:21:33Z,2022-03-21 17:19:48+00:00,2022-03-21 17:19:48+00:00,True,,,550,49,16,87,0,17,https://github.com/BCStudentSoftwareDevTeam/celts/pull/210,2306.356388888889,96.09818287037037,False,True
celts,211,Admin logs,Ebenezer997,User,closed,False,2021-12-20 14:32:25+00:00,2022-04-12T18:50:14Z,2022-04-12 18:50:12+00:00,2022-04-12 18:50:12+00:00,True,,,276,168,18,38,2,34,https://github.com/BCStudentSoftwareDevTeam/celts/pull/211,2716.296388888889,113.17901620370371,False,True
celts,212,Add New Term ,mupotsal,User,closed,False,2021-12-20 16:43:16+00:00,2022-02-22T16:46:58Z,2022-02-22 16:46:55+00:00,2022-02-22 16:46:55+00:00,True,,,206,46,13,37,0,20,https://github.com/BCStudentSoftwareDevTeam/celts/pull/212,1536.0608333333332,64.00253472222222,False,True
celts,213,Match participants,mupotsal,User,closed,False,2021-12-30 15:04:08+00:00,2021-12-30T15:07:38Z,2021-12-30 15:07:38+00:00,,False,,,466,21,15,24,0,0,https://github.com/BCStudentSoftwareDevTeam/celts/pull/213,,,True,False
celts,214,Match participants,mupotsal,User,closed,False,2021-12-30 15:20:14+00:00,2023-05-10T14:22:33Z,2022-07-25 00:00:11+00:00,,False,,,386,75,16,58,2,58,https://github.com/BCStudentSoftwareDevTeam/celts/pull/214,,,True,False
celts,215,Fix contrast issue on the Volunteer Profile page,gastonjarju,User,closed,False,2021-12-31 00:43:55+00:00,2023-05-10T14:26:40Z,2022-04-22 19:52:02+00:00,2022-04-22 19:52:02+00:00,True,,,456,92,10,104,1,0,https://github.com/BCStudentSoftwareDevTeam/celts/pull/215,2707.135277777778,112.79730324074075,False,True
celts,216,Datepicker volunteer profile admin view issue#5,gastonjarju,User,closed,False,2022-01-03 21:22:11+00:00,2023-05-10T14:26:40Z,2022-04-22 19:52:02+00:00,2022-04-22 19:52:02+00:00,True,,,467,92,10,108,1,0,https://github.com/BCStudentSoftwareDevTeam/celts/pull/216,2614.4975,108.93739583333333,False,True
celts,217,Ban button fix me,gastonjarju,User,closed,False,2022-01-06 00:46:57+00:00,2022-04-22T19:52:04Z,2022-04-22 19:52:01+00:00,2022-04-22 19:52:00+00:00,True,,,201,30,6,17,1,0,https://github.com/BCStudentSoftwareDevTeam/celts/pull/217,2563.0841666666665,106.79517361111111,False,True
celts,218,Sidebar Accessibility,hmanalai,User,closed,False,2022-02-09 19:52:27+00:00,2022-02-22T17:49:07Z,2022-02-22 17:49:05+00:00,2022-02-22 17:49:05+00:00,True,,,21,8,2,7,2,2,https://github.com/BCStudentSoftwareDevTeam/celts/pull/218,309.94388888888886,12.914328703703703,False,True
celts,220,Fixes edit event and track volunteer accessibility,hmanalai,User,closed,False,2022-02-16 20:17:02+00:00,2022-02-23T17:48:31Z,2022-02-23 17:48:24+00:00,2022-02-23 17:48:24+00:00,True,,,209,236,7,7,0,2,https://github.com/BCStudentSoftwareDevTeam/celts/pull/220,165.52277777777778,6.896782407407407,False,True
celts,221,Create Event page accessibility,hmanalai,User,closed,False,2022-02-16 20:40:09+00:00,2022-02-22T14:22:53Z,2022-02-22 14:22:39+00:00,2022-02-22 14:22:39+00:00,True,,,6,15,1,2,0,0,https://github.com/BCStudentSoftwareDevTeam/celts/pull/221,137.70833333333334,5.737847222222222,False,True
celts,222,Admin Management Accessibility,hmanalai,User,closed,False,2022-02-18 19:24:17+00:00,2022-02-23T21:46:21Z,2022-02-23 21:46:17+00:00,2022-02-23 21:46:17+00:00,True,,,44,52,4,4,0,1,https://github.com/BCStudentSoftwareDevTeam/celts/pull/222,122.36666666666666,5.0986111111111105,False,True
celts,223,Course Proposal Accessibility,hmanalai,User,closed,False,2022-02-21 21:47:38+00:00,2022-02-22T14:19:56Z,2022-02-22 14:19:52+00:00,2022-02-22 14:19:52+00:00,True,,,178,172,4,2,0,0,https://github.com/BCStudentSoftwareDevTeam/celts/pull/223,16.537222222222223,0.689050925925926,False,True
celts,224,Fixes current term and current user,hmanalai,User,closed,False,2022-02-22 19:40:55+00:00,2022-02-24T15:04:53Z,2022-02-24 15:04:51+00:00,2022-02-24 15:04:51+00:00,True,,,8,4,1,1,0,0,https://github.com/BCStudentSoftwareDevTeam/celts/pull/224,43.39888888888889,1.8082870370370372,False,True
celts,225,Fixed track volunteer save button,hmanalai,User,closed,False,2022-02-24 20:42:33+00:00,2022-02-24T20:44:14Z,2022-02-24 20:44:04+00:00,2022-02-24 20:44:04+00:00,True,,,11,11,2,1,0,0,https://github.com/BCStudentSoftwareDevTeam/celts/pull/225,0.025277777777777777,0.0010532407407407407,False,True
celts,226,Sidebar Accessibility,hmanalai,User,closed,False,2022-03-02 20:33:13+00:00,2022-03-22T18:50:37Z,2022-03-22 18:50:34+00:00,2022-03-22 18:50:34+00:00,True,,,52,54,14,4,1,0,https://github.com/BCStudentSoftwareDevTeam/celts/pull/226,478.2891666666667,19.92871527777778,False,True
celts,227,Resetting Program Eligibility Each Term,hmanalai,User,closed,False,2022-03-09 18:39:01+00:00,2022-04-22T12:32:13Z,2022-04-22 12:32:09+00:00,2022-04-22 12:32:09+00:00,True,,,169,58,12,14,1,0,https://github.com/BCStudentSoftwareDevTeam/celts/pull/227,1049.8855555555556,43.74523148148148,False,True
celts,229,Warning about past event instead of disabling email button,hmanalai,User,closed,False,2022-03-14 20:15:34+00:00,2022-03-22T14:25:17Z,2022-03-22 14:25:14+00:00,2022-03-22 14:25:14+00:00,True,,,28,8,3,2,0,1,https://github.com/BCStudentSoftwareDevTeam/celts/pull/229,186.1611111111111,7.756712962962962,False,True
celts,230,Fixed the current term selection in create event page,hmanalai,User,closed,False,2022-03-15 21:02:35+00:00,2022-03-21T17:29:56Z,2022-03-21 17:29:53+00:00,2022-03-21 17:29:53+00:00,True,,,3,6,2,1,0,0,https://github.com/BCStudentSoftwareDevTeam/celts/pull/230,140.455,5.852291666666667,False,True
celts,234,Create Edit SLC Proposals Page,zachneill,User,closed,False,2022-03-18 16:31:32+00:00,2022-04-12T18:38:08Z,2022-04-12 18:38:05+00:00,2022-04-12 18:38:05+00:00,True,,,398,201,17,31,0,26,https://github.com/BCStudentSoftwareDevTeam/celts/pull/234,602.1091666666666,25.087881944444444,False,True
celts,236,Order event list 205,tylerpar99,User,closed,False,2022-04-15 14:37:12+00:00,2022-04-26T17:37:17Z,2022-04-26 17:37:14+00:00,2022-04-26 17:37:14+00:00,True,,,22,14,2,19,0,4,https://github.com/BCStudentSoftwareDevTeam/celts/pull/236,267.00055555555554,11.125023148148147,False,True
celts,239,Search logic fix 238,tylerpar99,User,closed,False,2022-04-19 18:34:12+00:00,2022-04-19T19:34:55Z,2022-04-19 19:34:52+00:00,2022-04-19 19:34:52+00:00,True,,,5,4,4,5,0,0,https://github.com/BCStudentSoftwareDevTeam/celts/pull/239,1.011111111111111,0.04212962962962963,False,True
celts,240,Rework sidebar 237,tylerpar99,User,closed,False,2022-04-19 19:49:06+00:00,2022-04-26T18:16:02Z,2022-04-26 18:14:57+00:00,2022-04-26 18:14:56+00:00,True,,,42,27,5,8,0,2,https://github.com/BCStudentSoftwareDevTeam/celts/pull/240,166.43055555555554,6.934606481481481,False,True
celts,247,Fixes the footer in volunteer profile page,hmanalai,User,closed,False,2022-04-25 18:24:48+00:00,2022-04-26T17:43:57Z,2022-04-26 17:43:55+00:00,2022-04-26 17:43:55+00:00,True,,,6,9,1,1,0,0,https://github.com/BCStudentSoftwareDevTeam/celts/pull/247,23.31861111111111,0.9716087962962963,False,True
celts,248,Updating Test Data and Adding Faculty User to Switch User Dropdown,bryantal,User,closed,False,2022-04-25 18:37:52+00:00,2022-06-13T18:44:49Z,2022-06-13 18:44:46+00:00,2022-06-13 18:44:46+00:00,True,,,31,3,4,13,1,0,https://github.com/BCStudentSoftwareDevTeam/celts/pull/248,1176.115,49.00479166666667,False,True
celts,249,List view 243,tylerpar99,User,closed,False,2022-04-26 17:33:11+00:00,2022-04-26T18:16:45Z,2022-04-26 18:16:17+00:00,2022-04-26 18:16:16+00:00,True,,,11,6,2,8,0,1,https://github.com/BCStudentSoftwareDevTeam/celts/pull/249,0.7180555555555556,0.02991898148148148,False,True
celts,250,Links Course Proposals Admin view and link add course button to creation page.,tylerpar99,User,closed,False,2022-04-26 19:15:21+00:00,2022-04-26T20:48:12Z,2022-04-26 20:48:09+00:00,2022-04-26 20:48:09+00:00,True,,,29,20,3,2,0,0,https://github.com/BCStudentSoftwareDevTeam/celts/pull/250,1.5466666666666666,0.06444444444444444,False,True
celts,253,Added labels in the ban modal Issue #241,Karina-Agliullova,User,closed,False,2022-04-28 20:53:11+00:00,2022-05-03T19:45:24Z,2022-05-03 19:44:27+00:00,2022-05-03 19:44:27+00:00,True,,,3,3,1,3,0,2,https://github.com/BCStudentSoftwareDevTeam/celts/pull/253,118.85444444444444,4.952268518518518,False,True
celts,260,Merge Proposal Management with Service Learning under Admin Log,sreynit02,User,closed,False,2022-05-02 16:49:46+00:00,2022-05-03T19:43:25Z,2022-05-03 19:43:22+00:00,2022-05-03 19:43:22+00:00,True,,,116,133,7,5,0,0,https://github.com/BCStudentSoftwareDevTeam/celts/pull/260,26.893333333333334,1.1205555555555555,False,True
celts,269,Updated titles on all the pages Issue #259,Karina-Agliullova,User,closed,False,2022-05-10 20:11:56+00:00,2022-06-16T20:57:16Z,2022-06-16 20:57:14+00:00,2022-06-16 20:57:14+00:00,True,,,20,1,19,10,1,1,https://github.com/BCStudentSoftwareDevTeam/celts/pull/269,888.755,37.03145833333333,False,True
celts,270,Readme updates,sheggen,User,closed,False,2022-05-11 20:01:28+00:00,2022-06-14T18:48:59Z,2022-06-14 18:48:56+00:00,2022-06-14 18:48:56+00:00,True,,,7,3,1,7,0,0,https://github.com/BCStudentSoftwareDevTeam/celts/pull/270,814.7911111111111,33.949629629629634,False,True
celts,273,Got rid of the error flash when user marked interest in volunteer pro…,AndersonStettner,User,closed,False,2022-06-03 18:01:01+00:00,2022-06-16T14:18:08Z,2022-06-16 14:18:05+00:00,2022-06-16 14:18:05+00:00,True,,,7,3,2,6,0,3,https://github.com/BCStudentSoftwareDevTeam/celts/pull/273,308.28444444444443,12.845185185185185,False,True
celts,275,Ban list,AndersonStettner,User,closed,False,2022-06-08 16:47:53+00:00,2022-06-16T14:18:59Z,2022-06-16 14:18:57+00:00,2022-06-16 14:18:57+00:00,True,,,5,3,2,4,0,0,https://github.com/BCStudentSoftwareDevTeam/celts/pull/275,189.51777777777778,7.896574074074074,False,True
celts,276,Changed the link for the cancel button so it goes to the right page.,AndersonStettner,User,closed,False,2022-06-09 19:04:26+00:00,2022-06-15T18:16:07Z,2022-06-15 18:16:04+00:00,2022-06-15 18:16:04+00:00,True,,,1,1,1,1,0,0,https://github.com/BCStudentSoftwareDevTeam/celts/pull/276,143.1938888888889,5.9664120370370375,False,True
celts,277,Updated Readme for title change,sheggen,User,closed,False,2022-06-13 15:15:29+00:00,2023-05-10T14:22:33Z,2022-06-14 18:44:38+00:00,,False,,,2,1,1,2,0,0,https://github.com/BCStudentSoftwareDevTeam/celts/pull/277,,,True,False
celts,278,Changed header name,Boorclark,User,closed,False,2022-06-13 17:35:48+00:00,2022-06-14T15:09:47Z,2022-06-14 15:09:47+00:00,,False,,,2,2,1,1,0,0,https://github.com/BCStudentSoftwareDevTeam/celts/pull/278,,,True,False
celts,279,Added words to title of page,bledsoef,User,closed,False,2022-06-13 17:39:33+00:00,2022-06-14T12:53:12Z,2022-06-14 12:53:11+00:00,,False,,,1,1,1,1,0,0,https://github.com/BCStudentSoftwareDevTeam/celts/pull/279,,,True,False
celts,280,changed the title,solijonovam,User,closed,False,2022-06-13 17:49:51+00:00,2023-05-10T14:22:34Z,2022-06-14 18:44:31+00:00,,False,,,1,1,1,1,0,0,https://github.com/BCStudentSoftwareDevTeam/celts/pull/280,,,True,False
celts,281,Change Event List header to Cool Event Header,martinj2-dot,User,closed,False,2022-06-13 17:53:18+00:00,2023-05-10T14:22:37Z,2022-06-14 18:44:28+00:00,,False,,,1,1,1,1,0,0,https://github.com/BCStudentSoftwareDevTeam/celts/pull/281,,,True,False
celts,282,Changed the title from Events Lists to Exciting Programs,nartehi,User,closed,False,2022-06-13 17:53:31+00:00,2023-05-10T14:22:34Z,2022-06-14 18:44:25+00:00,,False,,,1,1,1,1,0,0,https://github.com/BCStudentSoftwareDevTeam/celts/pull/282,,,True,False
celts,283,changed the header,mohamudm1,User,closed,False,2022-06-13 17:59:17+00:00,2023-05-10T14:22:38Z,2022-06-14 18:44:22+00:00,,False,,,4,2,1,1,0,0,https://github.com/BCStudentSoftwareDevTeam/celts/pull/283,,,True,False
celts,284,changed the title,gahimbaref,User,closed,False,2022-06-13 18:17:47+00:00,2023-05-10T14:22:35Z,2022-06-14 18:44:16+00:00,,False,,,1,1,1,1,0,0,https://github.com/BCStudentSoftwareDevTeam/celts/pull/284,,,True,False
celts,285,Eligible students,AndersonStettner,User,closed,True,2022-06-13 19:31:42+00:00,2022-06-13T21:30:55Z,2022-06-13 21:30:55+00:00,,False,,,2,1,2,3,0,0,https://github.com/BCStudentSoftwareDevTeam/celts/pull/285,,,True,False
celts,286,Added custom error pages and routed abort calls to associated error page ,martinj2-dot,User,closed,False,2022-06-13 20:36:09+00:00,2022-06-17T18:07:14Z,2022-06-17 18:07:11+00:00,2022-06-17 18:07:11+00:00,True,,,73,2,6,8,0,5,https://github.com/BCStudentSoftwareDevTeam/celts/pull/286,93.51722222222222,3.8965509259259257,False,True
celts,287,Issue #261 Resolved Error and Changes Needed,Boorclark,User,closed,False,2022-06-13 20:50:27+00:00,2022-06-16T20:54:49Z,2022-06-16 20:54:47+00:00,2022-06-16 20:54:47+00:00,True,,,23,16,4,4,0,6,https://github.com/BCStudentSoftwareDevTeam/celts/pull/287,72.07222222222222,3.0030092592592594,False,True
celts,288,fixes issue 272 allows faculty to view only course proposal,qasema,User,closed,False,2022-06-13 20:58:37+00:00,2022-06-17T18:05:00Z,2022-06-17 18:04:59+00:00,2022-06-17 18:04:59+00:00,True,,,17,8,1,3,0,1,https://github.com/BCStudentSoftwareDevTeam/celts/pull/288,93.1061111111111,3.879421296296296,False,True
celts,289,Deleted obsolete file and included file directory,martinj2-dot,User,closed,False,2022-06-14 18:13:02+00:00,2022-06-15T18:26:31Z,2022-06-15 18:26:28+00:00,2022-06-15 18:26:28+00:00,True,,,0,106,1,1,0,0,https://github.com/BCStudentSoftwareDevTeam/celts/pull/289,24.22388888888889,1.0093287037037038,False,True
celts,290,Admin log issue #266,bledsoef,User,closed,False,2022-06-14 18:52:02+00:00,2022-06-14T19:39:33Z,2022-06-14 19:39:31+00:00,2022-06-14 19:39:31+00:00,True,,,5,1,1,6,0,0,https://github.com/BCStudentSoftwareDevTeam/celts/pull/290,0.7913888888888889,0.03297453703703704,False,True
celts,291,"fixes issue 262, admin is able to view the event table to add Student…",solijonovam,User,closed,False,2022-06-14 19:18:38+00:00,2022-06-15T18:17:15Z,2022-06-15 18:17:03+00:00,2022-06-15 18:17:03+00:00,True,,,1,0,1,1,0,0,https://github.com/BCStudentSoftwareDevTeam/celts/pull/291,22.97361111111111,0.9572337962962963,False,True
celts,293,Added previous participants option to Email Template.,Boorclark,User,closed,True,2022-06-15 15:25:37+00:00,2022-06-21T17:14:20Z,2022-06-21 17:14:19+00:00,,False,,,1,0,1,1,0,0,https://github.com/BCStudentSoftwareDevTeam/celts/pull/293,,,True,False
celts,294,Got rid of Student-Led Program Training in Templates,Boorclark,User,closed,False,2022-06-15 17:26:43+00:00,2022-06-15T18:21:43Z,2022-06-15 18:21:41+00:00,2022-06-15 18:21:40+00:00,True,,,1,10,2,1,0,0,https://github.com/BCStudentSoftwareDevTeam/celts/pull/294,0.9158333333333334,0.03815972222222223,False,True
celts,295,Volunteer profile change,mohamudm1,User,closed,False,2022-06-15 19:57:43+00:00,2022-06-15T19:58:20Z,2022-06-15 19:58:04+00:00,,False,,,1,1,1,1,0,0,https://github.com/BCStudentSoftwareDevTeam/celts/pull/295,,,True,False
celts,296,changed ban indicator issue#264,gahimbaref,User,closed,False,2022-06-15 20:20:21+00:00,2022-06-17T18:27:01Z,2022-06-17 18:26:54+00:00,2022-06-17 18:26:54+00:00,True,,,12,6,1,6,0,3,https://github.com/BCStudentSoftwareDevTeam/celts/pull/296,46.10916666666667,1.9212152777777778,False,True
celts,297,"submits check boxes that makes student staff as program manager, rela…",qasema,User,closed,False,2022-06-15 20:52:04+00:00,2022-06-24T14:33:19Z,2022-06-24 14:33:19+00:00,,False,,,211,97,15,4,2,6,https://github.com/BCStudentSoftwareDevTeam/celts/pull/297,,,True,False
celts,299,Issue#268 admin check permessions,martinj2-dot,User,closed,False,2022-06-16 14:55:23+00:00,2022-06-30T20:35:16Z,2022-06-30 20:35:12+00:00,2022-06-30 20:35:12+00:00,True,,,147,13,4,23,2,14,https://github.com/BCStudentSoftwareDevTeam/celts/pull/299,341.6636111111111,14.235983796296296,False,True
celts,300,Refactored the model: studentManager to programManager,martinj2-dot,User,closed,False,2022-06-16 17:56:39+00:00,2022-06-23T19:43:17Z,2022-06-23 19:43:14+00:00,2022-06-23 19:43:14+00:00,True,,,14,14,6,2,1,1,https://github.com/BCStudentSoftwareDevTeam/celts/pull/300,169.7763888888889,7.074016203703704,False,True
celts,301,#242 Event Time Selector - Addressed Changes Requested,Boorclark,User,closed,False,2022-06-16 18:12:45+00:00,2022-06-30T17:39:20Z,2022-06-30 17:39:17+00:00,2022-06-30 17:39:17+00:00,True,,,97,25,5,22,1,23,https://github.com/BCStudentSoftwareDevTeam/celts/pull/301,335.4422222222222,13.976759259259259,False,True
celts,302,Eligible students,AndersonStettner,User,closed,False,2022-06-16 21:08:24+00:00,2022-07-07T13:21:55Z,2022-07-07 13:21:52+00:00,2022-07-07 13:21:51+00:00,True,,,130,8,8,55,0,6,https://github.com/BCStudentSoftwareDevTeam/celts/pull/302,496.2241666666667,20.676006944444445,False,True
celts,304,Issue303 all volunteer training,mohamudm1,User,closed,False,2022-06-17 19:49:37+00:00,2022-06-22T18:29:00Z,2022-06-22 18:28:57+00:00,2022-06-22 18:28:57+00:00,True,,,2,5,1,2,0,0,https://github.com/BCStudentSoftwareDevTeam/celts/pull/304,118.65555555555555,4.943981481481481,False,True
celts,305,Last email sent issue 187,nartehi,User,closed,False,2022-06-17 20:32:16+00:00,2022-06-23T15:26:15Z,2022-06-23 15:26:12+00:00,2022-06-23 15:26:12+00:00,True,,,101,17,8,15,0,10,https://github.com/BCStudentSoftwareDevTeam/celts/pull/305,138.89888888888888,5.7874537037037035,False,True
celts,306,Resolve merge,solijonovam,User,closed,False,2022-06-20 13:39:27+00:00,2022-06-30T19:23:20Z,2022-06-30 19:23:17+00:00,2022-06-30 19:23:17+00:00,True,,,79,9,5,9,5,1,https://github.com/BCStudentSoftwareDevTeam/celts/pull/306,245.73055555555555,10.238773148148148,False,True
celts,307,Added datePassed attribute to setBackgroundCheck functions,Boorclark,User,closed,False,2022-06-20 13:39:42+00:00,2022-06-23T18:32:38Z,2022-06-23 18:32:34+00:00,2022-06-23 18:32:34+00:00,True,,,22,15,6,5,1,3,https://github.com/BCStudentSoftwareDevTeam/celts/pull/307,76.88111111111111,3.2033796296296297,False,True
celts,309,Activity log 292,solijonovam,User,closed,False,2022-06-21 14:45:18+00:00,2022-06-21T14:49:47Z,2022-06-21 14:49:29+00:00,,False,,,84,3,6,4,0,0,https://github.com/BCStudentSoftwareDevTeam/celts/pull/309,,,True,False
celts,310,Activity log query issue 292,bledsoef,User,closed,False,2022-06-21 15:07:01+00:00,2022-06-22T20:12:57Z,2022-06-22 20:12:52+00:00,2022-06-22 20:12:52+00:00,True,,,1,1,1,3,1,0,https://github.com/BCStudentSoftwareDevTeam/celts/pull/310,29.0975,1.2123958333333333,False,True
celts,312,fixed allTrainingsEvent query,gahimbaref,User,closed,False,2022-06-21 15:47:59+00:00,2022-06-23T18:40:09Z,2022-06-23 18:40:06+00:00,2022-06-23 18:40:06+00:00,True,,,34,18,2,4,0,0,https://github.com/BCStudentSoftwareDevTeam/celts/pull/312,50.868611111111115,2.119525462962963,False,True
celts,314,Reduced Queries in Volunteer Profile by 25% ,Boorclark,User,closed,False,2022-06-22 20:00:59+00:00,2022-07-01T13:50:04Z,2022-07-01 13:48:09+00:00,2022-07-01 13:48:09+00:00,True,,,35,20,5,7,2,2,https://github.com/BCStudentSoftwareDevTeam/celts/pull/314,209.7861111111111,8.741087962962963,False,True
celts,315,Recurring event issue 255,solijonovam,User,closed,False,2022-06-23 14:29:36+00:00,2022-06-23T19:36:19Z,2022-06-23 19:36:12+00:00,2022-06-23 19:36:12+00:00,True,,,120,27,7,14,0,12,https://github.com/BCStudentSoftwareDevTeam/celts/pull/315,5.11,0.21291666666666667,False,True
celts,317,Made ban button require date/note,gahimbaref,User,closed,False,2022-06-23 20:42:57+00:00,2022-06-27T18:29:24Z,2022-06-27 18:29:12+00:00,,False,,,112,120,4,8,3,0,https://github.com/BCStudentSoftwareDevTeam/celts/pull/317,,,True,False
celts,319,Issue257 accessing Tracy,Boorclark,User,closed,False,2022-06-24 15:27:52+00:00,2022-07-18T21:02:21Z,2022-07-18 21:02:16+00:00,2022-07-18 21:02:15+00:00,True,,,105,13,7,9,0,2,https://github.com/BCStudentSoftwareDevTeam/celts/pull/319,581.5730555555556,24.23221064814815,False,True
celts,320,Banning UI#308 v2,mohamudm1,User,closed,False,2022-06-24 20:40:18+00:00,2023-05-10T14:26:42Z,2022-06-24 20:40:49+00:00,,False,,,112,119,4,6,0,0,https://github.com/BCStudentSoftwareDevTeam/celts/pull/320,,,True,False
celts,321,Ban button disabled by default,mohamudm1,User,closed,False,2022-06-24 20:44:16+00:00,2022-06-27T14:14:08Z,2022-06-27 14:14:04+00:00,2022-06-27 14:14:04+00:00,True,,,2,2,2,1,0,0,https://github.com/BCStudentSoftwareDevTeam/celts/pull/321,65.49666666666667,2.729027777777778,False,True
celts,322,Changed edit button centering on Ban UI,Boorclark,User,closed,False,2022-06-24 20:46:21+00:00,2022-06-28T18:53:12Z,2022-06-28 18:53:08+00:00,2022-06-28 18:53:08+00:00,True,,,11,9,2,4,1,0,https://github.com/BCStudentSoftwareDevTeam/celts/pull/322,94.11305555555556,3.921377314814815,False,True
celts,323,Renamed Facilitator table to EventFacilitator throughout Application,Boorclark,User,closed,False,2022-06-27 15:18:48+00:00,2022-06-27T18:07:17Z,2022-06-27 18:07:14+00:00,2022-06-27 18:07:14+00:00,True,,,24,17,8,2,0,0,https://github.com/BCStudentSoftwareDevTeam/celts/pull/323,2.8072222222222223,0.1169675925925926,False,True
celts,325,Added edit button for course proposal,gahimbaref,User,closed,False,2022-06-27 18:09:22+00:00,2022-07-01T14:07:29Z,2022-07-01 14:07:25+00:00,2022-07-01 14:07:25+00:00,True,,,38,3,3,5,0,3,https://github.com/BCStudentSoftwareDevTeam/celts/pull/325,91.9675,3.8319791666666667,False,True
celts,327,Add slinstructor,mohamudm1,User,closed,False,2022-06-27 20:11:31+00:00,2022-07-08T13:53:35Z,2022-07-08 13:53:33+00:00,2022-07-08 13:53:33+00:00,True,,,68,49,8,14,0,19,https://github.com/BCStudentSoftwareDevTeam/celts/pull/327,257.7005555555556,10.73752314814815,False,True
celts,328,put tests into their own seperate functions,AndersonStettner,User,closed,False,2022-06-27 21:07:17+00:00,2022-07-13T15:24:10Z,2022-07-13 15:24:07+00:00,2022-07-13 15:24:07+00:00,True,,,92,91,5,33,0,4,https://github.com/BCStudentSoftwareDevTeam/celts/pull/328,378.28055555555557,15.761689814814815,False,True
celts,330,Onetime events display138,Boorclark,User,closed,False,2022-06-28 15:48:29+00:00,2022-07-01T14:13:04Z,2022-07-01 14:13:01+00:00,2022-07-01 14:13:01+00:00,True,,,27,23,5,4,0,2,https://github.com/BCStudentSoftwareDevTeam/celts/pull/330,70.4088888888889,2.933703703703704,False,True
celts,331,Issue#267 create program setting,bledsoef,User,closed,False,2022-06-28 17:13:11+00:00,2022-07-01T19:55:00Z,2022-07-01 19:54:54+00:00,2022-07-01 19:54:54+00:00,True,,,239,58,13,24,0,25,https://github.com/BCStudentSoftwareDevTeam/celts/pull/331,74.69527777777778,3.1123032407407405,False,True
celts,334,Issue #332 -- Suggested Inputs on Date/Time Pickers,Boorclark,User,closed,False,2022-06-28 17:42:08+00:00,2022-06-30T14:34:41Z,2022-06-30 14:34:38+00:00,2022-06-30 14:34:38+00:00,True,,,5,5,1,1,0,0,https://github.com/BCStudentSoftwareDevTeam/celts/pull/334,44.875,1.8697916666666667,False,True
celts,343,Added new flash message for search student page,Boorclark,User,closed,False,2022-06-28 20:21:05+00:00,2022-07-01T15:47:02Z,2022-07-01 15:46:57+00:00,2022-07-01 15:46:56+00:00,True,,,5,1,1,4,0,3,https://github.com/BCStudentSoftwareDevTeam/celts/pull/343,67.43083333333334,2.8096180555555557,False,True
celts,345,refactored ProgramManager permissions,qasema,User,closed,False,2022-06-29 19:55:53+00:00,2022-07-13T18:49:51Z,2022-07-13 18:48:31+00:00,2022-07-13 18:48:30+00:00,True,,,30,14,6,7,5,7,https://github.com/BCStudentSoftwareDevTeam/celts/pull/345,334.87694444444446,13.95320601851852,False,True
celts,346,Added Attachment Functionality to Emails,Boorclark,User,closed,False,2022-06-29 20:35:18+00:00,2022-07-08T14:54:18Z,2022-07-08 14:54:16+00:00,2022-07-08 14:54:16+00:00,True,,,61,26,6,18,1,22,https://github.com/BCStudentSoftwareDevTeam/celts/pull/346,210.3161111111111,8.763171296296296,False,True
celts,347,Course Proposal No Longer Accessible to Stu/StuStaff,Boorclark,User,closed,False,2022-06-30 14:47:16+00:00,2022-06-30T19:59:57Z,2022-06-30 19:59:53+00:00,2022-06-30 19:59:53+00:00,True,,,11,7,2,2,0,0,https://github.com/BCStudentSoftwareDevTeam/celts/pull/347,5.210277777777778,0.21709490740740742,False,True
celts,348,Reminder emails,bledsoef,User,closed,False,2022-06-30 17:47:48+00:00,2023-05-10T14:22:31Z,2022-06-30 19:47:08+00:00,,False,,,146,38,12,27,0,0,https://github.com/BCStudentSoftwareDevTeam/celts/pull/348,,,True,False
celts,352, Removed the recurring event tap from All Volunteer Training,mohamudm1,User,closed,False,2022-07-01 16:02:25+00:00,2022-07-14T14:46:51Z,2022-07-14 14:46:48+00:00,2022-07-14 14:46:48+00:00,True,,,166,75,2,16,1,4,https://github.com/BCStudentSoftwareDevTeam/celts/pull/352,310.7397222222222,12.947488425925926,False,True
celts,353,Changed Phone Number Formatting (test_data.py),nartehi,User,closed,False,2022-07-01 19:19:28+00:00,2022-07-01T19:44:18Z,2022-07-01 19:44:10+00:00,,False,,,10,27,2,8,0,0,https://github.com/BCStudentSoftwareDevTeam/celts/pull/353,,,True,False
celts,354,Redid formatting for user phonenumber test data,Boorclark,User,closed,False,2022-07-01 19:44:47+00:00,2022-07-06T14:00:34Z,2022-07-06 14:00:27+00:00,2022-07-06 14:00:27+00:00,True,,,10,10,1,1,0,0,https://github.com/BCStudentSoftwareDevTeam/celts/pull/354,114.2611111111111,4.760879629629629,False,True
celts,358,I legit only capitalized 2 P's,Boorclark,User,closed,False,2022-07-01 20:32:50+00:00,2022-07-05T20:57:34Z,2022-07-05 20:46:13+00:00,2022-07-05 20:46:13+00:00,True,,,1,1,1,1,0,0,https://github.com/BCStudentSoftwareDevTeam/celts/pull/358,96.22305555555556,4.009293981481481,False,True
celts,359,Got rid of if not program conditional,Boorclark,User,closed,False,2022-07-04 13:12:33+00:00,2022-07-06T20:14:06Z,2022-07-06 20:14:03+00:00,2022-07-06 20:14:03+00:00,True,,,1,5,1,1,0,2,https://github.com/BCStudentSoftwareDevTeam/celts/pull/359,55.025,2.292708333333333,False,True
celts,361,fixed broken profile page due to type,qasema,User,closed,False,2022-07-05 13:29:59+00:00,2023-05-10T14:35:04Z,2022-07-05 17:40:31+00:00,,False,,,1,1,1,1,2,0,https://github.com/BCStudentSoftwareDevTeam/celts/pull/361,,,True,False
celts,362,fixed the data duplicate of the course proposal edit,qasema,User,closed,False,2022-07-05 15:25:15+00:00,2022-07-06T20:23:31Z,2022-07-06 20:23:29+00:00,2022-07-06 20:23:29+00:00,True,,,3,1,1,2,0,2,https://github.com/BCStudentSoftwareDevTeam/celts/pull/362,28.970555555555556,1.2071064814814816,False,True
celts,363,Formatted Time for Display on Edit,Boorclark,User,closed,False,2022-07-05 17:35:41+00:00,2022-07-07T14:04:01Z,2022-07-07 14:03:57+00:00,2022-07-07 14:03:57+00:00,True,,,10,10,3,4,0,9,https://github.com/BCStudentSoftwareDevTeam/celts/pull/363,44.471111111111114,1.8529629629629631,False,True
celts,365,Created approve button. Updates and approves SL Courses in the database,gahimbaref,User,closed,False,2022-07-05 17:51:10+00:00,2022-07-08T13:08:32Z,2022-07-08 13:08:28+00:00,2022-07-08 13:08:28+00:00,True,,,35,3,3,5,0,3,https://github.com/BCStudentSoftwareDevTeam/celts/pull/365,67.28833333333333,2.8036805555555553,False,True
celts,370,made the save event button redirect to events list,bledsoef,User,closed,False,2022-07-05 19:12:29+00:00,2022-07-07T13:27:47Z,2022-07-07 13:27:42+00:00,2022-07-07 13:27:42+00:00,True,,,3,2,1,2,0,0,https://github.com/BCStudentSoftwareDevTeam/celts/pull/370,42.25361111111111,1.7605671296296297,False,True
celts,373,Added names to contributors file,nartehi,User,closed,False,2022-07-05 20:37:16+00:00,2022-07-06T14:07:03Z,2022-07-06 14:07:00+00:00,2022-07-06 14:07:00+00:00,True,,,20,0,1,3,0,3,https://github.com/BCStudentSoftwareDevTeam/celts/pull/373,17.495555555555555,0.7289814814814815,False,True
celts,384,moved Events List to the top of the sidebar,gahimbaref,User,closed,False,2022-07-06 17:20:47+00:00,2022-07-07T13:54:06Z,2022-07-07 13:54:02+00:00,2022-07-07 13:54:02+00:00,True,,,40,54,2,4,0,0,https://github.com/BCStudentSoftwareDevTeam/celts/pull/384,20.554166666666667,0.8564236111111111,False,True
celts,385,Banning user end date 379,thawpt,User,closed,False,2022-07-06 20:08:56+00:00,2023-05-10T14:34:44Z,2022-07-06 20:09:58+00:00,,False,,,69,25,11,13,0,0,https://github.com/BCStudentSoftwareDevTeam/celts/pull/385,,,True,False
celts,386,removed end date for when banning users,thawpt,User,closed,False,2022-07-06 20:38:12+00:00,2023-05-10T14:34:40Z,2022-07-25 13:34:27+00:00,,False,,,19,52,6,1,1,0,https://github.com/BCStudentSoftwareDevTeam/celts/pull/386,,,True,False
celts,387,Corrected phone number format,nartehi,User,closed,False,2022-07-06 21:00:15+00:00,2023-05-10T14:34:35Z,2022-07-06 21:01:28+00:00,,False,,,1,1,1,1,0,0,https://github.com/BCStudentSoftwareDevTeam/celts/pull/387,,,True,False
celts,390,Send to Registrar button to only show for current or future terms,gahimbaref,User,closed,False,2022-07-07 15:51:45+00:00,2022-07-13T15:41:56Z,2022-07-13 15:41:53+00:00,2022-07-13 15:41:53+00:00,True,,,75,7,3,7,1,1,https://github.com/BCStudentSoftwareDevTeam/celts/pull/390,143.83555555555554,5.993148148148148,False,True
celts,391,Automated recurring emails 202,bledsoef,User,closed,False,2022-07-07 17:26:45+00:00,2022-07-07T21:04:37Z,2022-07-07 21:02:37+00:00,2022-07-07 21:02:37+00:00,True,,,101,7,5,17,0,7,https://github.com/BCStudentSoftwareDevTeam/celts/pull/391,3.597777777777778,0.1499074074074074,False,True
celts,392,Updated Background Check Date Display #374,Boorclark,User,closed,False,2022-07-07 18:35:36+00:00,2022-07-13T19:05:10Z,2022-07-13 19:05:08+00:00,2022-07-13 19:05:08+00:00,True,,,80,51,3,20,1,7,https://github.com/BCStudentSoftwareDevTeam/celts/pull/392,144.4922222222222,6.020509259259259,False,True
celts,393,My Profile in the sidebar highlight,Lyisus,User,closed,False,2022-07-07 18:50:46+00:00,2022-07-07T19:57:34Z,2022-07-07 19:57:31+00:00,2022-07-07 19:57:31+00:00,True,,,1,1,1,1,0,0,https://github.com/BCStudentSoftwareDevTeam/celts/pull/393,1.1125,0.04635416666666667,False,True
celts,418,Call reset_database.sh from Celts directory,Lyisus,User,closed,False,2022-07-08 20:09:03+00:00,2022-07-11T13:36:27Z,2022-07-11 13:36:24+00:00,2022-07-11 13:36:24+00:00,True,,,3,2,1,1,0,0,https://github.com/BCStudentSoftwareDevTeam/celts/pull/418,65.45583333333333,2.727326388888889,False,True
celts,419,Review button modal,qasema,User,closed,False,2022-07-08 20:31:39+00:00,2022-07-14T19:55:50Z,2022-07-14 19:55:47+00:00,2022-07-14 19:55:47+00:00,True,,,184,86,6,21,1,27,https://github.com/BCStudentSoftwareDevTeam/celts/pull/419,143.40222222222224,5.975092592592593,False,True
celts,420,Readjusted the headers of the course proposal management page,mohamudm1,User,closed,False,2022-07-11 14:16:59+00:00,2022-07-12T14:04:29Z,2022-07-12 14:04:26+00:00,2022-07-12 14:04:26+00:00,True,,,1,1,1,2,0,0,https://github.com/BCStudentSoftwareDevTeam/celts/pull/420,23.79083333333333,0.9912847222222222,False,True
celts,421,Make new student view 389,thawpt,User,closed,False,2022-07-11 14:30:12+00:00,2022-07-13T14:41:27Z,2022-07-13 14:41:23+00:00,2022-07-13 14:41:23+00:00,True,,,226,30,8,14,0,17,https://github.com/BCStudentSoftwareDevTeam/celts/pull/421,48.18638888888889,2.007766203703704,False,True
celts,422,Added an end time to the events list display.,bledsoef,User,closed,False,2022-07-11 14:57:07+00:00,2022-07-11T18:58:43Z,2022-07-11 18:58:34+00:00,2022-07-11 18:58:34+00:00,True,,,2,2,1,1,0,0,https://github.com/BCStudentSoftwareDevTeam/celts/pull/422,4.024166666666667,0.16767361111111112,False,True
celts,423,Changed case of Habitat for Humanity,bledsoef,User,closed,False,2022-07-11 15:02:29+00:00,2022-07-11T18:57:14Z,2022-07-11 18:56:41+00:00,2022-07-11 18:56:41+00:00,True,,,1,1,1,1,0,0,https://github.com/BCStudentSoftwareDevTeam/celts/pull/423,3.9033333333333333,0.1626388888888889,False,True
celts,424,renamed program and semester,thawpt,User,closed,False,2022-07-11 15:16:57+00:00,2022-07-11T18:53:50Z,2022-07-11 18:53:47+00:00,2022-07-11 18:53:47+00:00,True,,,2,2,1,1,0,0,https://github.com/BCStudentSoftwareDevTeam/celts/pull/424,3.613888888888889,0.15057870370370371,False,True
celts,425,Reorganized event date and times,gahimbaref,User,closed,False,2022-07-11 15:23:16+00:00,2022-07-11T19:32:51Z,2022-07-11 19:32:48+00:00,2022-07-11 19:32:48+00:00,True,,,28,26,1,1,0,0,https://github.com/BCStudentSoftwareDevTeam/celts/pull/425,4.158888888888889,0.17328703703703704,False,True
celts,426,Swapped the edit events and track volunteers tab,bledsoef,User,closed,False,2022-07-11 15:23:30+00:00,2022-07-12T13:28:31Z,2022-07-12 13:28:28+00:00,2022-07-12 13:28:27+00:00,True,,,4,4,2,1,0,0,https://github.com/BCStudentSoftwareDevTeam/celts/pull/426,22.0825,0.9201041666666666,False,True
celts,427,Add past participants issue#255,solijonovam,User,closed,False,2022-07-11 15:28:03+00:00,2022-07-14T19:45:15Z,2022-07-14 19:45:05+00:00,2022-07-14 19:45:05+00:00,True,,,195,127,6,41,0,20,https://github.com/BCStudentSoftwareDevTeam/celts/pull/427,76.2838888888889,3.1784953703703707,False,True
celts,428,Remove and rename invitations column 412,thawpt,User,closed,False,2022-07-11 15:31:35+00:00,2023-05-10T14:36:43Z,2022-07-11 15:31:53+00:00,,False,,,5,5,2,2,0,0,https://github.com/BCStudentSoftwareDevTeam/celts/pull/428,,,True,False
celts,429,Changed wording on recurring slider,bledsoef,User,closed,False,2022-07-11 15:37:21+00:00,2022-07-11T18:50:07Z,2022-07-11 18:50:04+00:00,2022-07-11 18:50:04+00:00,True,,,1,1,1,1,0,0,https://github.com/BCStudentSoftwareDevTeam/celts/pull/429,3.2119444444444443,0.1338310185185185,False,True
celts,430,renamed email to invite and removed name of column,thawpt,User,closed,False,2022-07-11 15:41:46+00:00,2022-07-11T18:46:49Z,2022-07-11 18:45:10+00:00,2022-07-11 18:45:10+00:00,True,,,3,3,1,1,0,0,https://github.com/BCStudentSoftwareDevTeam/celts/pull/430,3.0566666666666666,0.12736111111111112,False,True
celts,432,hid service transcript from student staff,gahimbaref,User,closed,False,2022-07-11 17:54:13+00:00,2022-07-12T14:03:42Z,2022-07-12 14:03:39+00:00,2022-07-12 14:03:39+00:00,True,,,2,0,1,3,0,2,https://github.com/BCStudentSoftwareDevTeam/celts/pull/432,20.157222222222224,0.8398842592592594,False,True
celts,433,Add training purpose 394,mohamudm1,User,closed,False,2022-07-11 18:35:02+00:00,2023-05-10T14:36:32Z,2022-07-11 18:43:04+00:00,,False,,,432,423,2,13,1,0,https://github.com/BCStudentSoftwareDevTeam/celts/pull/433,,,True,False
celts,434,Found date inconsistencies and fixed them.,bledsoef,User,closed,False,2022-07-11 18:36:58+00:00,2022-07-13T19:03:29Z,2022-07-13 19:03:26+00:00,2022-07-13 19:03:26+00:00,True,,,5,12,4,7,1,8,https://github.com/BCStudentSoftwareDevTeam/celts/pull/434,48.44111111111111,2.0183796296296297,False,True
celts,435,add the event program field under the training and education tab,qasema,User,closed,False,2022-07-11 18:58:54+00:00,2022-07-12T13:31:20Z,2022-07-12 13:31:17+00:00,2022-07-12 13:31:17+00:00,True,,,9,1,1,3,0,1,https://github.com/BCStudentSoftwareDevTeam/celts/pull/435,18.539722222222224,0.772488425925926,False,True
celts,437,Handle Large Texts Across the Application,Lyisus,User,closed,False,2022-07-11 20:04:01+00:00,2022-07-19T18:17:24Z,2022-07-19 18:17:20+00:00,2022-07-19 18:17:20+00:00,True,,,10,9,4,6,0,0,https://github.com/BCStudentSoftwareDevTeam/celts/pull/437,190.22194444444443,7.925914351851851,False,True
celts,438,fix service transcript print to print only one page,qasema,User,closed,False,2022-07-11 20:56:11+00:00,2022-07-12T13:20:26Z,2022-07-12 13:20:19+00:00,2022-07-12 13:20:19+00:00,True,,,3,1,1,1,0,0,https://github.com/BCStudentSoftwareDevTeam/celts/pull/438,16.40222222222222,0.6834259259259259,False,True
celts,443,set time picker to default time 12 pm,qasema,User,closed,False,2022-07-12 14:04:51+00:00,2022-07-12T18:26:14Z,2022-07-12 18:26:10+00:00,2022-07-12 18:26:10+00:00,True,,,13,3,1,3,0,1,https://github.com/BCStudentSoftwareDevTeam/celts/pull/443,4.355277777777777,0.1814699074074074,False,True
celts,447,Changed the facilitators selector into a search bar,mohamudm1,User,closed,False,2022-07-12 18:39:27+00:00,2022-07-21T20:12:31Z,2022-07-21 20:12:25+00:00,2022-07-21 20:12:25+00:00,True,,,127,85,6,42,1,20,https://github.com/BCStudentSoftwareDevTeam/celts/pull/447,217.54944444444445,9.064560185185185,False,True
celts,449,Email all issue397,thawpt,User,closed,False,2022-07-12 19:42:52+00:00,2022-07-15T15:53:02Z,2022-07-15 15:52:58+00:00,2022-07-15 15:52:58+00:00,True,,,10,4,1,11,1,3,https://github.com/BCStudentSoftwareDevTeam/celts/pull/449,68.16833333333334,2.8403472222222224,False,True
celts,450,Faculty and Student RSVP button,bledsoef,User,closed,False,2022-07-12 19:45:19+00:00,2022-07-13T13:28:29Z,2022-07-13 13:27:54+00:00,2022-07-13 13:27:54+00:00,True,,,7,10,3,2,0,0,https://github.com/BCStudentSoftwareDevTeam/celts/pull/450,17.709722222222222,0.7379050925925926,False,True
celts,451,Renaming page and fixing links,thawpt,User,closed,False,2022-07-12 20:53:17+00:00,2022-07-13T21:00:06Z,2022-07-13 20:59:53+00:00,2022-07-13 20:59:53+00:00,True,,,22,14,10,5,0,2,https://github.com/BCStudentSoftwareDevTeam/celts/pull/451,24.11,1.0045833333333334,False,True
celts,452,Improved the header on the 'Course Proposals' page and added a period to the recurring event selector on the create event page.,AndersonStettner,User,closed,False,2022-07-13 14:08:05+00:00,2022-07-13T14:53:30Z,2022-07-13 14:53:23+00:00,2022-07-13 14:53:23+00:00,True,,,2,2,2,2,0,0,https://github.com/BCStudentSoftwareDevTeam/celts/pull/452,0.755,0.03145833333333333,False,True
celts,453,added padding to separate event types and remove headers,thawpt,User,closed,False,2022-07-13 14:24:50+00:00,2022-07-13T14:45:02Z,2022-07-13 14:44:56+00:00,2022-07-13 14:44:56+00:00,True,,,1,2,1,1,0,0,https://github.com/BCStudentSoftwareDevTeam/celts/pull/453,0.335,0.013958333333333335,False,True
celts,455,Refactor Create Event Page #442,Boorclark,User,closed,False,2022-07-13 18:42:12+00:00,2022-07-14T16:06:55Z,2022-07-14 16:06:51+00:00,2022-07-14 16:06:51+00:00,True,,,249,376,9,13,2,4,https://github.com/BCStudentSoftwareDevTeam/celts/pull/455,21.410833333333333,0.8921180555555556,False,True
celts,456,fix the hasPrivilege issue,qasema,User,closed,False,2022-07-13 19:29:25+00:00,2022-07-13T19:32:18Z,2022-07-13 19:32:15+00:00,2022-07-13 19:32:15+00:00,True,,,5,7,4,1,0,0,https://github.com/BCStudentSoftwareDevTeam/celts/pull/456,0.04722222222222222,0.0019675925925925924,False,True
celts,457,Changed what templates program managers can access,bledsoef,User,closed,False,2022-07-13 19:51:53+00:00,2022-07-13T20:20:02Z,2022-07-13 20:19:59+00:00,2022-07-13 20:19:59+00:00,True,,,15,21,3,3,0,0,https://github.com/BCStudentSoftwareDevTeam/celts/pull/457,0.4683333333333333,0.01951388888888889,False,True
celts,459,Made separate function for getTemplates and updated getPrograms.,bledsoef,User,closed,False,2022-07-13 20:42:51+00:00,2022-07-14T15:13:33Z,2022-07-14 15:13:30+00:00,2022-07-14 15:13:30+00:00,True,,,66,14,4,3,0,2,https://github.com/BCStudentSoftwareDevTeam/celts/pull/459,18.510833333333334,0.7712847222222222,False,True
celts,460,Changed 'Interested?' to 'Notify' and 'Completed Training' to just 'Training',AndersonStettner,User,closed,False,2022-07-13 21:36:53+00:00,2022-07-14T13:32:00Z,2022-07-14 13:31:57+00:00,2022-07-14 13:31:57+00:00,True,,,2,2,1,1,0,0,https://github.com/BCStudentSoftwareDevTeam/celts/pull/460,15.917777777777777,0.6632407407407407,False,True
celts,463,Test fixes issue #462,AndersonStettner,User,closed,False,2022-07-14 13:34:45+00:00,2022-07-14T13:35:31Z,2022-07-14 13:35:27+00:00,2022-07-14 13:35:27+00:00,True,,,1,1,1,1,0,0,https://github.com/BCStudentSoftwareDevTeam/celts/pull/463,0.011666666666666667,0.00048611111111111115,False,True
celts,465,Test 2,AndersonStettner,User,closed,False,2022-07-14 13:41:30+00:00,2022-07-14T13:43:07Z,2022-07-14 13:43:02+00:00,2022-07-14 13:43:02+00:00,True,,,1,1,1,2,0,0,https://github.com/BCStudentSoftwareDevTeam/celts/pull/465,0.025555555555555557,0.0010648148148148149,False,True
celts,467,Back to normal,AndersonStettner,User,closed,False,2022-07-14 13:45:07+00:00,2022-07-14T13:45:35Z,2022-07-14 13:45:31+00:00,2022-07-14 13:45:31+00:00,True,,,1,1,1,1,0,0,https://github.com/BCStudentSoftwareDevTeam/celts/pull/467,0.006666666666666667,0.0002777777777777778,False,True
celts,469,Test,AndersonStettner,User,closed,False,2022-07-14 13:51:00+00:00,2022-07-14T13:51:29Z,2022-07-14 13:51:23+00:00,2022-07-14 13:51:23+00:00,True,,,1,1,1,1,0,0,https://github.com/BCStudentSoftwareDevTeam/celts/pull/469,0.006388888888888889,0.0002662037037037037,False,True
celts,470,got rid of comment used for testing,AndersonStettner,User,closed,False,2022-07-14 13:53:52+00:00,2022-07-14T13:56:46Z,2022-07-14 13:56:43+00:00,2022-07-14 13:56:43+00:00,True,,,1,1,1,1,0,0,https://github.com/BCStudentSoftwareDevTeam/celts/pull/470,0.0475,0.001979166666666667,False,True
celts,471,Issue#445 add multiple volunteers,martinj2-dot,User,closed,False,2022-07-14 13:59:09+00:00,2022-07-20T15:24:25Z,2022-07-20 15:24:21+00:00,2022-07-20 15:24:21+00:00,True,,,55,35,3,14,0,10,https://github.com/BCStudentSoftwareDevTeam/celts/pull/471,145.42,6.059166666666666,False,True
celts,473,Added links to the programs on volunteer page,Boorclark,User,closed,False,2022-07-14 15:04:43+00:00,2022-07-14T16:11:16Z,2022-07-14 16:11:09+00:00,2022-07-14 16:11:09+00:00,True,,,16,1,2,1,0,0,https://github.com/BCStudentSoftwareDevTeam/celts/pull/473,1.1072222222222223,0.046134259259259264,False,True
celts,474,Instructor duplicate 472,qasema,User,closed,False,2022-07-14 19:19:25+00:00,2022-07-15T13:24:48Z,2022-07-15 13:24:44+00:00,2022-07-15 13:24:44+00:00,True,,,5,1,1,5,0,0,https://github.com/BCStudentSoftwareDevTeam/celts/pull/474,18.08861111111111,0.7536921296296296,False,True
celts,475,Changed the getNonProgramEvents function to getOtherEvents,bledsoef,User,closed,False,2022-07-14 19:32:26+00:00,2022-07-15T13:53:45Z,2022-07-15 13:53:28+00:00,2022-07-15 13:53:28+00:00,True,,,32,22,4,2,0,0,https://github.com/BCStudentSoftwareDevTeam/celts/pull/475,18.350555555555555,0.7646064814814815,False,True
celts,479,Fixed and refactored test_events.py,AndersonStettner,User,closed,False,2022-07-15 15:01:06+00:00,2022-07-15T16:13:47Z,2022-07-15 16:13:44+00:00,2022-07-15 16:13:44+00:00,True,,,224,212,3,8,0,0,https://github.com/BCStudentSoftwareDevTeam/celts/pull/479,1.2105555555555556,0.05043981481481482,False,True
celts,482,Course proposal dropdown functionality 441,bledsoef,User,closed,False,2022-07-15 18:28:19+00:00,2022-07-19T15:03:42Z,2022-07-19 15:03:39+00:00,2022-07-19 15:03:39+00:00,True,,,247,75,11,11,1,25,https://github.com/BCStudentSoftwareDevTeam/celts/pull/482,92.58888888888889,3.8578703703703705,False,True
celts,483,Issue#454 edit program settings,qasema,User,closed,False,2022-07-15 19:05:53+00:00,2022-07-22T18:12:20Z,2022-07-22 18:12:17+00:00,2022-07-22 18:12:17+00:00,True,,,47,41,5,17,1,11,https://github.com/BCStudentSoftwareDevTeam/celts/pull/483,167.10666666666665,6.962777777777777,False,True
celts,484,Cleaned up staff and admin program selection/view 376,bledsoef,User,closed,False,2022-07-15 20:32:47+00:00,2022-07-18T23:47:09Z,2022-07-18 23:47:06+00:00,2022-07-18 23:47:06+00:00,True,,,14,10,1,4,0,2,https://github.com/BCStudentSoftwareDevTeam/celts/pull/484,75.23861111111111,3.13494212962963,False,True
celts,486,Update phone#478,qasema,User,closed,False,2022-07-18 13:37:55+00:00,2022-07-21T21:39:14Z,2022-07-21 21:39:10+00:00,2022-07-21 21:39:10+00:00,True,,,30,3,3,11,0,6,https://github.com/BCStudentSoftwareDevTeam/celts/pull/486,80.02083333333333,3.334201388888889,False,True
celts,487,Display upcoming events 408,Boorclark,User,closed,False,2022-07-18 13:58:54+00:00,2022-07-20T13:24:48Z,2022-07-20 13:24:43+00:00,2022-07-20 13:24:43+00:00,True,,,20,20,4,7,0,4,https://github.com/BCStudentSoftwareDevTeam/celts/pull/487,47.430277777777775,1.9762615740740739,False,True
celts,488,Reduced Queries for Service Learning Course Proposals ,Boorclark,User,closed,False,2022-07-18 15:41:56+00:00,2022-07-19T00:32:25Z,2022-07-19 00:32:22+00:00,2022-07-19 00:32:22+00:00,True,,,12,7,1,1,0,0,https://github.com/BCStudentSoftwareDevTeam/celts/pull/488,8.840555555555556,0.3683564814814815,False,True
celts,489,Fixing test_userManagement ,AndersonStettner,User,closed,False,2022-07-18 16:35:37+00:00,2022-07-20T13:29:28Z,2022-07-20 13:29:24+00:00,2022-07-20 13:29:24+00:00,True,,,182,170,10,10,0,4,https://github.com/BCStudentSoftwareDevTeam/celts/pull/489,44.896388888888886,1.8706828703703702,False,True
celts,490,Minor example code removal,zachneill,User,closed,False,2022-07-18 20:44:12+00:00,2023-05-10T14:23:25Z,2022-07-22 15:53:06+00:00,,False,,,3,3,2,2,0,3,https://github.com/BCStudentSoftwareDevTeam/celts/pull/490,,,True,False
celts,501,Fixed spelling and added a conditional in jinja,Boorclark,User,closed,False,2022-07-19 16:01:11+00:00,2022-07-19T16:36:45Z,2022-07-19 16:36:41+00:00,2022-07-19 16:36:41+00:00,True,,,5,3,2,1,0,0,https://github.com/BCStudentSoftwareDevTeam/celts/pull/501,0.5916666666666667,0.024652777777777777,False,True
celts,507,Changed instances of managment to management,bledsoef,User,closed,False,2022-07-19 17:15:47+00:00,2022-07-19T18:29:12Z,2022-07-19 18:23:17+00:00,2022-07-19 18:23:17+00:00,True,,,2,2,2,1,0,0,https://github.com/BCStudentSoftwareDevTeam/celts/pull/507,1.125,0.046875,False,True
celts,508,Added Conditional to Fix Invalid Privilege's Issue,Boorclark,User,closed,False,2022-07-19 17:42:30+00:00,2022-07-19T18:11:09Z,2022-07-19 18:11:05+00:00,2022-07-19 18:11:05+00:00,True,,,18,12,1,1,0,0,https://github.com/BCStudentSoftwareDevTeam/celts/pull/508,0.47638888888888886,0.019849537037037037,False,True
celts,511,Service Learning Course Proposal Extra Page Pop-up,mohamudm1,User,closed,False,2022-07-19 19:53:47+00:00,2023-05-10T14:23:26Z,2022-07-19 19:56:26+00:00,,False,,,179,33,9,32,1,0,https://github.com/BCStudentSoftwareDevTeam/celts/pull/511,,,True,False
celts,512,Service Learning Course Proposal Extra Page Pop-up ,mohamudm1,User,closed,False,2022-07-19 20:16:43+00:00,2022-07-20T13:32:31Z,2022-07-20 13:32:28+00:00,2022-07-20 13:32:28+00:00,True,,,4,2,1,2,0,0,https://github.com/BCStudentSoftwareDevTeam/celts/pull/512,17.2625,0.7192708333333333,False,True
celts,513,Fixed ban and unban tests in test_users.py file ,AndersonStettner,User,closed,False,2022-07-19 20:17:07+00:00,2022-07-20T13:41:07Z,2022-07-20 13:41:04+00:00,2022-07-20 13:41:04+00:00,True,,,10,27,2,1,0,0,https://github.com/BCStudentSoftwareDevTeam/celts/pull/513,17.399166666666666,0.7249652777777778,False,True
celts,515,Fixed User Management UI To Show Student Staff and Admins,Boorclark,User,closed,False,2022-07-20 13:39:40+00:00,2022-07-20T14:44:41Z,2022-07-20 14:44:34+00:00,2022-07-20 14:44:34+00:00,True,,,76,53,3,4,0,10,https://github.com/BCStudentSoftwareDevTeam/celts/pull/515,1.0816666666666668,0.04506944444444445,False,True
celts,517,Got Rid of Unneeded Term Button,Boorclark,User,closed,False,2022-07-20 14:11:23+00:00,2022-07-20T15:10:32Z,2022-07-20 15:10:28+00:00,2022-07-20 15:10:28+00:00,True,,,12,15,3,1,0,0,https://github.com/BCStudentSoftwareDevTeam/celts/pull/517,0.9847222222222223,0.0410300925925926,False,True
celts,520,fixed isProgramManagerForEvent now that is a user object,AndersonStettner,User,closed,False,2022-07-20 14:40:46+00:00,2022-07-20T14:45:27Z,2022-07-20 14:45:22+00:00,2022-07-20 14:45:22+00:00,True,,,2,2,2,1,0,0,https://github.com/BCStudentSoftwareDevTeam/celts/pull/520,0.07666666666666666,0.003194444444444444,False,True
celts,523,Redirected the user to the course proposals page when the they click cancel,mohamudm1,User,closed,False,2022-07-20 15:54:33+00:00,2022-07-22T18:26:42Z,2022-07-22 18:26:39+00:00,2022-07-22 18:26:39+00:00,True,,,5,4,3,3,0,1,https://github.com/BCStudentSoftwareDevTeam/celts/pull/523,50.535,2.105625,False,True
celts,524,SLC Status Wording Change,Boorclark,User,closed,False,2022-07-20 17:34:35+00:00,2022-07-20T20:04:56Z,2022-07-20 20:04:52+00:00,2022-07-20 20:04:52+00:00,True,,,78,73,14,4,0,3,https://github.com/BCStudentSoftwareDevTeam/celts/pull/524,2.504722222222222,0.10436342592592592,False,True
celts,525,Made flash messages show and not be wiped away on reload,bledsoef,User,closed,False,2022-07-20 17:38:01+00:00,2022-07-20T18:47:22Z,2022-07-20 18:47:18+00:00,2022-07-20 18:47:18+00:00,True,,,8,5,2,1,0,0,https://github.com/BCStudentSoftwareDevTeam/celts/pull/525,1.1547222222222222,0.04811342592592593,False,True
celts,526,Removed add button and moved functionality to drop down and enter key.,bledsoef,User,closed,False,2022-07-20 18:49:12+00:00,2022-07-21T21:30:19Z,2022-07-21 21:30:16+00:00,2022-07-21 21:30:16+00:00,True,,,44,34,3,3,0,4,https://github.com/BCStudentSoftwareDevTeam/celts/pull/526,26.684444444444445,1.1118518518518519,False,True
celts,527,New course,solijonovam,User,closed,False,2022-07-20 19:18:07+00:00,2022-07-27T14:31:45Z,2022-07-27 14:31:39+00:00,2022-07-27 14:31:39+00:00,True,,,401,314,15,20,0,14,https://github.com/BCStudentSoftwareDevTeam/celts/pull/527,163.22555555555556,6.801064814814815,False,True
celts,528,Fixed a small bug resulted from fixing the extra page on the service learning proposal,mohamudm1,User,closed,False,2022-07-20 19:23:23+00:00,2022-07-20T19:37:46Z,2022-07-20 19:37:43+00:00,2022-07-20 19:37:43+00:00,True,,,2,2,1,2,0,0,https://github.com/BCStudentSoftwareDevTeam/celts/pull/528,0.2388888888888889,0.009953703703703704,False,True
celts,529,Moved searchStudentPage.html and deleted home.html,Boorclark,User,closed,False,2022-07-20 19:23:41+00:00,2022-07-20T19:40:59Z,2022-07-20 19:39:10+00:00,2022-07-20 19:39:10+00:00,True,,,0,6,2,1,0,0,https://github.com/BCStudentSoftwareDevTeam/celts/pull/529,0.25805555555555554,0.010752314814814814,False,True
celts,530,Disable ban button after click,bledsoef,User,closed,False,2022-07-20 19:36:36+00:00,2022-07-20T19:48:35Z,2022-07-20 19:48:31+00:00,2022-07-20 19:48:31+00:00,True,,,1,0,1,1,0,0,https://github.com/BCStudentSoftwareDevTeam/celts/pull/530,0.1986111111111111,0.008275462962962962,False,True
celts,531,added admin to route,Boorclark,User,closed,False,2022-07-20 19:48:28+00:00,2022-07-20T19:49:07Z,2022-07-20 19:49:03+00:00,2022-07-20 19:49:03+00:00,True,,,1,1,1,1,0,0,https://github.com/BCStudentSoftwareDevTeam/celts/pull/531,0.009722222222222222,0.0004050925925925926,False,True
celts,533,added conditional to check if program is an all volunteer training,Boorclark,User,closed,False,2022-07-20 20:16:38+00:00,2022-07-21T15:19:13Z,2022-07-21 15:19:08+00:00,2022-07-21 15:19:08+00:00,True,,,1,1,1,1,0,0,https://github.com/BCStudentSoftwareDevTeam/celts/pull/533,19.041666666666668,0.7934027777777778,False,True
celts,534,Fixing Upcoming events and refactoring its test,AndersonStettner,User,closed,False,2022-07-20 21:57:57+00:00,2022-07-22T11:49:56Z,2022-07-22 11:49:53+00:00,2022-07-22 11:49:53+00:00,True,,,79,35,2,9,0,5,https://github.com/BCStudentSoftwareDevTeam/celts/pull/534,37.86555555555555,1.5777314814814813,False,True
celts,536,Updates UI for Mobile Responsiveness ,Boorclark,User,closed,False,2022-07-21 14:45:07+00:00,2022-07-21T21:31:22Z,2022-07-21 21:30:58+00:00,2022-07-21 21:30:58+00:00,True,,,22,16,6,2,0,2,https://github.com/BCStudentSoftwareDevTeam/celts/pull/536,6.764166666666667,0.2818402777777778,False,True
celts,537,Made the save event button disable after form submit,bledsoef,User,closed,False,2022-07-21 14:53:37+00:00,2022-07-21T19:18:35Z,2022-07-21 19:18:32+00:00,2022-07-21 19:18:32+00:00,True,,,8,3,2,2,0,2,https://github.com/BCStudentSoftwareDevTeam/celts/pull/537,4.415277777777778,0.1839699074074074,False,True
celts,539,Made log out button work,bledsoef,User,closed,False,2022-07-21 15:16:54+00:00,2022-07-21T16:29:11Z,2022-07-21 16:29:08+00:00,2022-07-21 16:29:08+00:00,True,,,6,1,2,1,0,0,https://github.com/BCStudentSoftwareDevTeam/celts/pull/539,1.2038888888888888,0.05016203703703703,False,True
celts,543,added edit and save buttons for instructor's phone number,gahimbaref,User,closed,False,2022-07-21 17:23:42+00:00,2022-07-23T07:10:07Z,2022-07-23 07:10:02+00:00,2022-07-23 07:10:02+00:00,True,,,208,170,7,12,0,4,https://github.com/BCStudentSoftwareDevTeam/celts/pull/543,37.772222222222226,1.5738425925925927,False,True
celts,544,Stadarize Buttons and Links Accross the app,Lyisus,User,closed,False,2022-07-21 17:51:43+00:00,2022-07-25T18:59:20Z,2022-07-25 18:59:15+00:00,2022-07-25 18:59:15+00:00,True,AndersonStettner,User,1,1,1,2,1,0,https://github.com/BCStudentSoftwareDevTeam/celts/pull/544,97.12555555555555,4.046898148148148,False,True
celts,545,Make headings consistent542,nartehi,User,closed,False,2022-07-21 17:59:33+00:00,2022-07-21T18:02:51Z,2022-07-21 18:02:46+00:00,2022-07-21 18:02:46+00:00,True,,,3,3,2,10,0,0,https://github.com/BCStudentSoftwareDevTeam/celts/pull/545,0.05361111111111111,0.0022337962962962962,False,True
celts,547,Show trainings upon on hover,bledsoef,User,closed,False,2022-07-21 18:18:53+00:00,2022-07-22T18:28:24Z,2022-07-22 18:27:41+00:00,2022-07-22 18:27:41+00:00,True,,,104,34,5,9,1,11,https://github.com/BCStudentSoftwareDevTeam/celts/pull/547,24.14666666666667,1.0061111111111112,False,True
celts,548,Disables the submit as well as save and approve buttons to be spammed ,mohamudm1,User,closed,False,2022-07-21 18:24:16+00:00,2022-07-21T21:41:24Z,2022-07-21 21:41:20+00:00,2022-07-21 21:41:20+00:00,True,,,12,10,1,1,0,0,https://github.com/BCStudentSoftwareDevTeam/celts/pull/548,3.2844444444444445,0.13685185185185186,False,True
celts,551,Fixed Datetime Warning on Volunteer Profile Page,Boorclark,User,closed,False,2022-07-21 19:20:14+00:00,2022-07-21T20:14:06Z,2022-07-21 20:14:03+00:00,2022-07-21 20:14:03+00:00,True,,,7,3,2,1,0,0,https://github.com/BCStudentSoftwareDevTeam/celts/pull/551,0.8969444444444444,0.03737268518518518,False,True
celts,552,added exception handling for IsADirectoryError,Boorclark,User,closed,False,2022-07-21 19:46:49+00:00,2022-07-22T17:52:31Z,2022-07-22 17:52:27+00:00,2022-07-22 17:52:27+00:00,True,,,6,2,1,2,0,2,https://github.com/BCStudentSoftwareDevTeam/celts/pull/552,22.093888888888888,0.9205787037037036,False,True
celts,554,Got rid of the tags used for styling and used CSS instead,mohamudm1,User,closed,False,2022-07-21 20:30:58+00:00,2022-07-22T18:51:48Z,2022-07-22 18:51:44+00:00,2022-07-22 18:51:44+00:00,True,,,7,4,3,3,1,1,https://github.com/BCStudentSoftwareDevTeam/celts/pull/554,22.34611111111111,0.9310879629629629,False,True
celts,557,Fixed the incorrect formatting of dates when making an event for a test,AndersonStettner,User,closed,False,2022-07-22 13:30:21+00:00,2022-07-22T13:33:12Z,2022-07-22 13:33:09+00:00,2022-07-22 13:33:09+00:00,True,,,6,6,1,1,0,0,https://github.com/BCStudentSoftwareDevTeam/celts/pull/557,0.04666666666666667,0.0019444444444444446,False,True
celts,566,Disabled the remove and add volunteer buttons after click,bledsoef,User,closed,False,2022-07-22 18:37:03+00:00,2022-07-27T15:13:51Z,2022-07-27 15:13:48+00:00,2022-07-27 15:13:48+00:00,True,,,3,0,1,4,0,6,https://github.com/BCStudentSoftwareDevTeam/celts/pull/566,116.6125,4.858854166666666,False,True
celts,568,Display Event Facilitators,Lyisus,User,closed,False,2022-07-22 19:02:17+00:00,2023-05-10T14:23:28Z,2022-07-27 15:42:30+00:00,,False,,,20,10,3,3,1,1,https://github.com/BCStudentSoftwareDevTeam/celts/pull/568,,,True,False
celts,569,Updated template instead of replaced it with new data,bledsoef,User,closed,False,2022-07-22 19:13:49+00:00,2022-07-25T00:08:03Z,2022-07-25 00:07:57+00:00,2022-07-25 00:07:57+00:00,True,,,1,1,1,1,0,0,https://github.com/BCStudentSoftwareDevTeam/celts/pull/569,52.90222222222222,2.2042592592592594,False,True
celts,572,Redirected student event view on My Profile,Boorclark,User,closed,False,2022-07-22 19:41:49+00:00,2022-07-22T20:00:34Z,2022-07-22 20:00:30+00:00,2022-07-22 20:00:30+00:00,True,,,5,6,2,2,0,0,https://github.com/BCStudentSoftwareDevTeam/celts/pull/572,0.3113888888888889,0.012974537037037036,False,True
celts,573,Fixed my oopsie,bledsoef,User,closed,False,2022-07-22 19:58:59+00:00,2022-07-22T19:59:54Z,2022-07-22 19:59:51+00:00,2022-07-22 19:59:51+00:00,True,,,1,1,1,1,0,0,https://github.com/BCStudentSoftwareDevTeam/celts/pull/573,0.014444444444444444,0.0006018518518518518,False,True
celts,586,Changed wording on admin log for background check ,bledsoef,User,closed,False,2022-07-25 01:44:30+00:00,2022-07-25T19:35:20Z,2022-07-25 19:35:17+00:00,2022-07-25 19:35:17+00:00,True,,,13,5,1,1,0,0,https://github.com/BCStudentSoftwareDevTeam/celts/pull/586,17.84638888888889,0.7435995370370371,False,True
celts,589,Made it so the Course Proposals link on the sidebar would not show up twice for those that were faculty and admin,AndersonStettner,User,closed,False,2022-07-25 14:22:50+00:00,2022-07-25T15:44:01Z,2022-07-25 15:43:57+00:00,2022-07-25 15:43:57+00:00,True,,,2,2,2,2,0,0,https://github.com/BCStudentSoftwareDevTeam/celts/pull/589,1.3519444444444444,0.056331018518518516,False,True
celts,590,Redesign event view page,mohamudm1,User,closed,False,2022-07-25 14:51:15+00:00,2022-07-28T13:56:53Z,2022-07-28 13:56:34+00:00,2022-07-28 13:56:34+00:00,True,,,71,68,2,9,1,6,https://github.com/BCStudentSoftwareDevTeam/celts/pull/590,71.0886111111111,2.9620254629629628,False,True
celts,592, centered flash messages on admin management page and  on other pages,nartehi,User,closed,False,2022-07-25 15:18:31+00:00,2022-08-01T19:46:29Z,2022-08-01 19:46:18+00:00,2022-08-01 19:46:18+00:00,True,,,10,2,2,7,1,0,https://github.com/BCStudentSoftwareDevTeam/celts/pull/592,172.46305555555554,7.185960648148147,False,True
celts,599, changed volunteer search to student search,nartehi,User,closed,False,2022-07-25 17:38:33+00:00,2022-07-25T18:53:11Z,2022-07-25 18:53:07+00:00,2022-07-25 18:53:07+00:00,True,,,1,1,1,1,0,0,https://github.com/BCStudentSoftwareDevTeam/celts/pull/599,1.2427777777777778,0.05178240740740741,False,True
celts,600,removed testName from sender Name field in Program Management,gahimbaref,User,closed,False,2022-07-25 17:42:39+00:00,2022-07-27T15:18:53Z,2022-07-27 15:16:05+00:00,2022-07-27 15:16:05+00:00,True,,,24,24,3,3,0,2,https://github.com/BCStudentSoftwareDevTeam/celts/pull/600,45.55722222222222,1.8982175925925926,False,True
celts,601,Made program column not display for bonner events,bledsoef,User,closed,False,2022-07-25 18:16:01+00:00,2022-07-25T18:46:42Z,2022-07-25 18:46:38+00:00,2022-07-25 18:46:38+00:00,True,,,15,11,1,1,0,0,https://github.com/BCStudentSoftwareDevTeam/celts/pull/601,0.5102777777777778,0.021261574074074075,False,True
celts,604,Showed modal on delete button click to confirm and moved delete button,bledsoef,User,closed,False,2022-07-26 14:01:57+00:00,2022-07-27T19:43:58Z,2022-07-27 19:43:55+00:00,2022-07-27 19:43:55+00:00,True,,,24,8,1,3,0,2,https://github.com/BCStudentSoftwareDevTeam/celts/pull/604,29.699444444444445,1.237476851851852,False,True
celts,605,Added a isBonnerScholar flag in the user model and used it to hide the Bonner Programs tab from normal students.,AndersonStettner,User,closed,False,2022-07-26 14:28:31+00:00,2022-07-28T14:37:24Z,2022-07-28 14:37:21+00:00,2022-07-28 14:37:21+00:00,True,,,20,15,4,4,0,1,https://github.com/BCStudentSoftwareDevTeam/celts/pull/605,48.147222222222226,2.0061342592592593,False,True
celts,606,Issue#383 allow multiple attachments,qasema,User,closed,False,2022-07-26 14:29:50+00:00,2022-08-02T20:10:41Z,2022-08-02 20:10:38+00:00,2022-08-02 20:10:38+00:00,True,,,272,31,20,36,0,20,https://github.com/BCStudentSoftwareDevTeam/celts/pull/606,173.68,7.236666666666667,False,True
celts,607,Fixed formatting on My Profile page,Boorclark,User,closed,False,2022-07-26 14:47:55+00:00,2022-07-27T19:44:34Z,2022-07-27 19:44:31+00:00,2022-07-27 19:44:31+00:00,True,,,9,28,2,2,0,5,https://github.com/BCStudentSoftwareDevTeam/celts/pull/607,28.94333333333333,1.2059722222222222,False,True
celts,608,Makes the event list tabs responsive to different screen sizes,mohamudm1,User,closed,False,2022-07-26 16:00:03+00:00,2022-08-02T14:30:21Z,2022-08-02 14:30:19+00:00,2022-08-02 14:30:19+00:00,True,,,5,5,1,6,0,3,https://github.com/BCStudentSoftwareDevTeam/celts/pull/608,166.50444444444443,6.937685185185185,False,True
celts,611,Rename recurring events on deletion,bledsoef,User,closed,False,2022-07-26 18:28:19+00:00,2022-07-27T21:18:21Z,2022-07-27 21:18:17+00:00,2022-07-27 21:18:17+00:00,True,,,111,51,2,7,0,0,https://github.com/BCStudentSoftwareDevTeam/celts/pull/611,26.83277777777778,1.1180324074074075,False,True
celts,613,Fixed Reference Error shown in Create Event console,Boorclark,User,closed,False,2022-07-26 18:51:17+00:00,2022-07-27T15:21:04Z,2022-07-27 15:21:00+00:00,2022-07-27 15:21:00+00:00,True,,,10,4,2,1,0,0,https://github.com/BCStudentSoftwareDevTeam/celts/pull/613,20.495277777777776,0.8539699074074073,False,True
celts,614,Display Next Event Data of Recurring Events,Lyisus,User,closed,False,2022-07-26 20:13:38+00:00,2022-08-02T15:47:04Z,2022-08-02 15:47:02+00:00,2022-08-02 15:47:02+00:00,True,,,13,1,2,6,0,3,https://github.com/BCStudentSoftwareDevTeam/celts/pull/614,163.55666666666667,6.814861111111111,False,True
celts,617,Admin view 570,thawpt,User,closed,False,2022-07-26 20:57:38+00:00,2022-07-28T15:08:11Z,2022-07-28 15:08:07+00:00,2022-07-28 15:08:07+00:00,True,,,69,37,10,8,0,0,https://github.com/BCStudentSoftwareDevTeam/celts/pull/617,42.17472222222222,1.7572800925925927,False,True
celts,619,Replace Facilitator Search 583,Boorclark,User,closed,False,2022-07-27 14:58:35+00:00,2022-08-02T20:45:16Z,2022-08-02 20:45:13+00:00,2022-08-02 20:45:13+00:00,True,,,170,329,20,16,3,23,https://github.com/BCStudentSoftwareDevTeam/celts/pull/619,149.77722222222224,6.240717592592593,False,True
celts,620,"Fixed the phone number input box in ""My Profile""",Boorclark,User,closed,False,2022-07-27 17:15:30+00:00,2022-08-02T15:44:04Z,2022-08-02 15:39:44+00:00,2022-08-02 15:39:44+00:00,True,,,52,61,7,7,1,9,https://github.com/BCStudentSoftwareDevTeam/celts/pull/620,142.4038888888889,5.933495370370371,False,True
celts,621,Fixed conditionals and column name,Boorclark,User,closed,False,2022-07-27 20:45:22+00:00,2022-08-01T19:59:37Z,2022-08-01 19:59:21+00:00,2022-08-01 19:59:21+00:00,True,,,19,13,4,3,0,4,https://github.com/BCStudentSoftwareDevTeam/celts/pull/621,119.23305555555555,4.968043981481482,False,True
celts,625,Admin logs saves various actions across the interface ,mohamudm1,User,closed,False,2022-07-28 15:18:53+00:00,2022-08-02T20:34:56Z,2022-08-02 20:34:53+00:00,2022-08-02 20:34:53+00:00,True,,,16,8,4,8,0,3,https://github.com/BCStudentSoftwareDevTeam/celts/pull/625,125.26666666666667,5.219444444444444,False,True
celts,628,Reduce queries on the admins manageServiceLearning page,AndersonStettner,User,closed,False,2022-08-01 20:27:10+00:00,2022-08-05T02:34:51Z,2022-08-05 02:34:47+00:00,2022-08-05 02:34:47+00:00,True,,,25,15,4,18,0,7,https://github.com/BCStudentSoftwareDevTeam/celts/pull/628,78.12694444444445,3.255289351851852,False,True
celts,629,Refactored Service Transcript Page,Boorclark,User,closed,False,2022-08-02 14:22:24+00:00,2022-08-05T15:18:39Z,2022-08-05 15:18:36+00:00,2022-08-05 15:18:36+00:00,True,,,192,176,6,14,2,19,https://github.com/BCStudentSoftwareDevTeam/celts/pull/629,72.93666666666667,3.0390277777777777,False,True
celts,632,"Fixed extra spacing on ""My Profile"" page",Boorclark,User,closed,False,2022-08-02 19:41:59+00:00,2022-08-02T20:41:23Z,2022-08-02 20:41:19+00:00,2022-08-02 20:41:19+00:00,True,,,0,4,1,1,0,0,https://github.com/BCStudentSoftwareDevTeam/celts/pull/632,0.9888888888888889,0.04120370370370371,False,True
celts,633,removed invitation column title and added conditionals on RSVP button,gahimbaref,User,closed,False,2022-08-02 19:45:03+00:00,2022-08-04T18:18:57Z,2022-08-04 18:18:53+00:00,2022-08-04 18:18:53+00:00,True,,,14,14,2,4,0,3,https://github.com/BCStudentSoftwareDevTeam/celts/pull/633,46.56388888888889,1.9401620370370372,False,True
celts,636,urlized links,thawpt,User,closed,False,2022-08-03 13:54:54+00:00,2022-08-03T14:41:15Z,2022-08-03 14:41:12+00:00,2022-08-03 14:41:12+00:00,True,,,1,2,1,2,0,0,https://github.com/BCStudentSoftwareDevTeam/celts/pull/636,0.7716666666666666,0.03215277777777777,False,True
celts,638,"Distinguishes between events happening now, later today and upcoming events",mohamudm1,User,closed,False,2022-08-03 15:29:05+00:00,2022-08-04T18:17:04Z,2022-08-04 18:17:01+00:00,2022-08-04 18:17:01+00:00,True,,,8,3,4,5,0,0,https://github.com/BCStudentSoftwareDevTeam/celts/pull/638,26.79888888888889,1.1166203703703703,False,True
celts,640,Issue#383 allow multiple attachments,martinj2-dot,User,closed,False,2022-08-03 18:00:29+00:00,2022-08-05T15:20:10Z,2022-08-05 15:20:08+00:00,2022-08-05 15:20:08+00:00,True,,,9,5,3,13,0,4,https://github.com/BCStudentSoftwareDevTeam/celts/pull/640,45.3275,1.8886458333333334,False,True
celts,641,Adding volunteer hours issue 622,bledsoef,User,closed,False,2022-08-03 19:41:45+00:00,2022-08-17T16:38:00Z,2022-08-17 16:37:57+00:00,2022-08-17 16:37:57+00:00,True,,,167,211,15,12,1,7,https://github.com/BCStudentSoftwareDevTeam/celts/pull/641,332.93666666666667,13.872361111111111,False,True
celts,645,Full username functionality 639,Boorclark,User,closed,False,2022-08-04 15:44:06+00:00,2022-08-04T18:07:37Z,2022-08-04 18:07:17+00:00,2022-08-04 18:07:17+00:00,True,,,1,2,1,2,0,0,https://github.com/BCStudentSoftwareDevTeam/celts/pull/645,2.386388888888889,0.09943287037037037,False,True
celts,666,added js to make message fade,thawpt,User,closed,False,2022-08-04 17:32:29+00:00,2022-08-05T19:45:57Z,2022-08-05 19:45:51+00:00,2022-08-05 19:45:51+00:00,True,,,4,0,1,4,0,7,https://github.com/BCStudentSoftwareDevTeam/celts/pull/666,26.22277777777778,1.0926157407407409,False,True
celts,668,Refactored SLC Occurrence across application,Boorclark,User,closed,False,2022-08-04 18:07:07+00:00,2022-08-05T20:01:53Z,2022-08-05 20:01:51+00:00,2022-08-05 20:01:50+00:00,True,,,22,22,6,5,0,7,https://github.com/BCStudentSoftwareDevTeam/celts/pull/668,25.911944444444444,1.0796643518518518,False,True
celts,669,Makes sure Bonner program event trainings do not show up for some user,mohamudm1,User,closed,False,2022-08-04 20:07:20+00:00,2022-08-16T21:24:51Z,2022-08-16 21:24:49+00:00,2022-08-16 21:24:48+00:00,True,,,125,10,3,8,1,6,https://github.com/BCStudentSoftwareDevTeam/celts/pull/669,289.2911111111111,12.053796296296296,False,True
celts,670,changed length,thawpt,User,closed,False,2022-08-04 20:10:58+00:00,2022-08-04T20:39:01Z,2022-08-04 20:38:58+00:00,2022-08-04 20:38:58+00:00,True,AndersonStettner,User,1,1,1,1,0,0,https://github.com/BCStudentSoftwareDevTeam/celts/pull/670,0.4666666666666667,0.019444444444444445,False,True
celts,671,renamed sidebar and page title,thawpt,User,closed,False,2022-08-04 20:20:53+00:00,2022-08-04T20:34:30Z,2022-08-04 20:34:28+00:00,2022-08-04 20:34:28+00:00,True,AndersonStettner,User,2,2,2,1,0,0,https://github.com/BCStudentSoftwareDevTeam/celts/pull/671,0.2263888888888889,0.009432870370370371,False,True
celts,673,Background Check Rework & New Modal,Boorclark,User,closed,False,2022-08-05 18:16:03+00:00,2022-08-17T16:07:22Z,2022-08-17 16:07:19+00:00,2022-08-17 16:07:19+00:00,True,,,148,96,12,13,2,6,https://github.com/BCStudentSoftwareDevTeam/celts/pull/673,285.8544444444444,11.910601851851851,False,True
celts,674,Removed all the extra spaces that were in the text boxes throughout the SLC Prop.,AndersonStettner,User,closed,False,2022-08-08 15:30:01+00:00,2022-08-10T14:29:42Z,2022-08-10 14:29:33+00:00,2022-08-10 14:29:33+00:00,True,,,7,8,2,1,0,0,https://github.com/BCStudentSoftwareDevTeam/celts/pull/674,46.992222222222225,1.9580092592592593,False,True
celts,675,Reduced queries on My Profile page (65 to 22 for student view),AndersonStettner,User,closed,False,2022-08-08 18:47:38+00:00,2022-08-10T14:27:11Z,2022-08-10 14:27:07+00:00,2022-08-10 14:27:07+00:00,True,,,43,33,4,7,1,0,https://github.com/BCStudentSoftwareDevTeam/celts/pull/675,43.658055555555556,1.819085648148148,False,True
celts,677,The add volunteers button now focuses on the search bar,mohamudm1,User,closed,False,2022-08-09 15:46:33+00:00,2022-08-10T14:28:31Z,2022-08-10 14:28:28+00:00,2022-08-10 14:28:28+00:00,True,,,4,0,1,1,1,0,https://github.com/BCStudentSoftwareDevTeam/celts/pull/677,22.698611111111113,0.945775462962963,False,True
celts,679,Reduced queries on Events List page (from 62 to 22 for student),AndersonStettner,User,closed,False,2022-08-09 19:49:51+00:00,2022-08-12T18:24:05Z,2022-08-12 18:24:02+00:00,2022-08-12 18:24:02+00:00,True,,,55,29,10,13,1,0,https://github.com/BCStudentSoftwareDevTeam/celts/pull/679,70.56972222222223,2.940405092592593,False,True
celts,682,When the User clicks renew they are now taken to the edit page for that newly renewed proposal,AndersonStettner,User,closed,False,2022-08-11 16:12:01+00:00,2022-08-17T16:09:52Z,2022-08-17 16:09:49+00:00,2022-08-17 16:09:49+00:00,True,,,9,6,3,6,1,2,https://github.com/BCStudentSoftwareDevTeam/celts/pull/682,143.96333333333334,5.998472222222222,False,True
celts,683,Added the users participation history to volunteerProfile,AndersonStettner,User,closed,False,2022-08-12 13:30:37+00:00,2022-08-17T16:09:28Z,2022-08-17 16:09:26+00:00,2022-08-17 16:09:26+00:00,True,,,130,53,7,15,1,5,https://github.com/BCStudentSoftwareDevTeam/celts/pull/683,122.64694444444444,5.1102893518518515,False,True
celts,684,Profile refactor,AndersonStettner,User,closed,False,2022-08-12 18:50:45+00:00,2022-08-19T15:22:51Z,2022-08-19 15:22:49+00:00,2022-08-19 15:22:49+00:00,True,,,305,257,13,28,1,6,https://github.com/BCStudentSoftwareDevTeam/celts/pull/684,164.53444444444443,6.855601851851851,False,True
celts,687,added the service transcrip link back to the user profile page,AndersonStettner,User,closed,False,2022-08-19 17:13:36+00:00,2022-08-19T17:14:23Z,2022-08-19 17:14:21+00:00,2022-08-19 17:14:21+00:00,True,,,4,0,1,1,0,0,https://github.com/BCStudentSoftwareDevTeam/celts/pull/687,0.0125,0.0005208333333333333,False,True
celts,699,Renamed accordion on User Profile from Interest to Programs,AndersonStettner,User,closed,False,2022-08-19 19:30:29+00:00,2022-08-22T14:36:22Z,2022-08-22 14:36:18+00:00,2022-08-22 14:36:18+00:00,True,,,4,4,2,1,1,0,https://github.com/BCStudentSoftwareDevTeam/celts/pull/699,67.09694444444445,2.7957060185185187,False,True
celts,700,removed outdated TODO,AndersonStettner,User,closed,False,2022-08-22 14:37:28+00:00,2022-08-23T19:56:51Z,2022-08-23 19:56:48+00:00,2022-08-23 19:56:48+00:00,True,,,0,2,1,1,0,0,https://github.com/BCStudentSoftwareDevTeam/celts/pull/700,29.322222222222223,1.2217592592592592,False,True
celts,704,added .execute to the end of the union,AndersonStettner,User,closed,False,2022-08-23 19:56:55+00:00,2022-08-23T19:57:25Z,2022-08-23 19:57:20+00:00,2022-08-23 19:57:20+00:00,True,,,1,1,1,1,0,0,https://github.com/BCStudentSoftwareDevTeam/celts/pull/704,0.006944444444444444,0.00028935185185185184,False,True
celts,705,Removed the recurring event toggler from All Volunteer Training Page,mohamudm1,User,closed,False,2022-08-25 19:08:58+00:00,2022-08-25T19:32:36Z,2022-08-25 19:21:14+00:00,2022-08-25 19:21:14+00:00,True,AndersonStettner,User,1,1,1,1,0,0,https://github.com/BCStudentSoftwareDevTeam/celts/pull/705,0.20444444444444446,0.008518518518518519,False,True
celts,706,changed link name under view event,gahimbaref,User,closed,False,2022-08-25 19:34:58+00:00,2022-09-02T14:24:52Z,2022-09-02 14:24:50+00:00,2022-09-02 14:24:50+00:00,True,AndersonStettner,User,5,3,2,5,1,2,https://github.com/BCStudentSoftwareDevTeam/celts/pull/706,186.8311111111111,7.78462962962963,False,True
celts,707,fix accodion conditional,qasema,User,closed,False,2022-08-25 20:08:05+00:00,2022-09-02T20:17:43Z,2022-09-02 20:17:37+00:00,2022-09-02 20:17:37+00:00,True,AndersonStettner,User,4,4,1,3,1,1,https://github.com/BCStudentSoftwareDevTeam/celts/pull/707,192.1588888888889,8.00662037037037,False,True
celts,710,Typing in time when creating an event - Issue #656,Karina-Agliullova,User,closed,False,2022-08-26 18:06:33+00:00,2022-09-08T19:48:43Z,2022-09-08 19:48:40+00:00,2022-09-08 19:48:40+00:00,True,AndersonStettner,User,3,3,1,3,0,4,https://github.com/BCStudentSoftwareDevTeam/celts/pull/710,313.70194444444445,13.070914351851853,False,True
celts,711,Fixing View Button in Eligibility Table - Issue #695,Karina-Agliullova,User,closed,False,2022-08-26 18:39:02+00:00,2022-09-12T13:56:00Z,2022-09-12 13:55:58+00:00,2022-09-12 13:55:58+00:00,True,AndersonStettner,User,2,2,1,2,0,1,https://github.com/BCStudentSoftwareDevTeam/celts/pull/711,403.28222222222223,16.803425925925925,False,True
celts,713,User profile phone input save/edit ,Boorclark,User,closed,True,2022-08-29 20:09:30+00:00,2022-09-26T19:54:29Z,2022-09-26 19:54:29+00:00,,False,,,28,13,4,9,0,2,https://github.com/BCStudentSoftwareDevTeam/celts/pull/713,,,True,False
celts,715, Saves the admin logs for background checks in accordance with the new status ,mohamudm1,User,closed,False,2022-08-30 16:02:59+00:00,2022-09-06T13:32:08Z,2022-09-06 13:32:04+00:00,2022-09-06 13:32:04+00:00,True,AndersonStettner,User,5,3,2,6,0,0,https://github.com/BCStudentSoftwareDevTeam/celts/pull/715,165.48472222222222,6.895196759259259,False,True
celts,718,Only show upcoming recurring event 575,tylerpar99,User,closed,False,2022-08-31 12:48:33+00:00,2022-09-02T13:04:24Z,2022-09-02 13:04:22+00:00,2022-09-02 13:04:22+00:00,True,,,51,5,2,3,1,2,https://github.com/BCStudentSoftwareDevTeam/celts/pull/718,48.26361111111111,2.0109837962962964,False,True
celts,719,Increase readability of the Admin Logs,AndersonStettner,User,closed,False,2022-08-31 15:30:45+00:00,2023-02-14T15:23:31Z,2022-09-12 14:14:31+00:00,2022-09-12 14:14:31+00:00,True,tylerpar99,User,35,16,3,12,1,5,https://github.com/BCStudentSoftwareDevTeam/celts/pull/719,286.7294444444444,11.947060185185185,False,True
celts,720,Issue#701 update program manager notification,martinj2-dot,User,closed,False,2022-08-31 17:44:37+00:00,2022-09-16T13:18:39Z,2022-09-16 13:18:35+00:00,2022-09-16 13:18:35+00:00,True,tylerpar99,User,58,4,2,24,2,11,https://github.com/BCStudentSoftwareDevTeam/celts/pull/720,379.5661111111111,15.81525462962963,False,True
celts,725,changed email to invite,thawpt,User,closed,False,2022-09-02 15:00:31+00:00,2022-09-02T18:41:39Z,2022-09-02 18:41:34+00:00,2022-09-02 18:41:34+00:00,True,martinj2-dot,User,1,1,1,1,0,0,https://github.com/BCStudentSoftwareDevTeam/celts/pull/725,3.6841666666666666,0.15350694444444443,False,True
celts,727,Fixed the name,AndersonStettner,User,closed,False,2022-09-02 20:46:44+00:00,2023-02-14T15:23:34Z,2022-09-08 20:53:39+00:00,2022-09-08 20:53:39+00:00,True,Lyisus,User,1,2,2,3,2,0,https://github.com/BCStudentSoftwareDevTeam/celts/pull/727,144.11527777777778,6.004803240740741,False,True
celts,730,formatting with black auto-formatter ,AndersonStettner,User,closed,True,2022-09-07 16:04:27+00:00,2023-02-14T15:23:31Z,2022-09-12 18:15:34+00:00,,False,,,3339,2061,69,2,0,0,https://github.com/BCStudentSoftwareDevTeam/celts/pull/730,,,True,False
celts,737,Program on event page 680,thawpt,User,closed,False,2022-09-08 20:53:05+00:00,2022-11-18T20:26:25Z,2022-11-18 20:24:01+00:00,,False,,,35,15,3,8,2,9,https://github.com/BCStudentSoftwareDevTeam/celts/pull/737,,,True,False
celts,738,Added rollbacks to tests that did not have them causing them to leave admin logs in the database after the tests had all run,AndersonStettner,User,closed,False,2022-09-09 14:19:43+00:00,2022-09-12T13:10:04Z,2022-09-12 13:09:56+00:00,2022-09-12 13:09:56+00:00,True,tylerpar99,User,91,78,2,1,0,0,https://github.com/BCStudentSoftwareDevTeam/celts/pull/738,70.83694444444444,2.9515393518518516,False,True
celts,739,Add banned users indicators,zachneill,User,closed,False,2022-09-09 18:57:44+00:00,2022-11-29T21:53:32Z,2022-10-07 18:29:56+00:00,2022-10-07 18:29:56+00:00,True,martinj2-dot,User,166,58,9,22,0,27,https://github.com/BCStudentSoftwareDevTeam/celts/pull/739,671.5366666666666,27.980694444444442,False,True
celts,740,Implement New Logo and Name,zachneill,User,closed,False,2022-09-09 20:16:05+00:00,2022-09-12T18:15:24Z,2022-09-12 18:15:21+00:00,2022-09-12 18:15:21+00:00,True,,,2,2,6,2,1,0,https://github.com/BCStudentSoftwareDevTeam/celts/pull/740,69.98777777777778,2.9161574074074075,False,True
celts,741,Added All Volunteer Trainings to Training and Education tab in Events List,AndersonStettner,User,closed,False,2022-09-12 18:13:09+00:00,2022-09-12T18:16:20Z,2022-09-12 18:16:17+00:00,2022-09-12 18:16:17+00:00,True,,,6,5,1,2,0,0,https://github.com/BCStudentSoftwareDevTeam/celts/pull/741,0.052222222222222225,0.002175925925925926,False,True
celts,743,Make event validation more specific,AndersonStettner,User,closed,False,2022-09-13 21:08:49+00:00,2022-09-14T15:31:22Z,2022-09-14 15:31:19+00:00,2022-09-14 15:31:19+00:00,True,,,7,4,2,2,0,0,https://github.com/BCStudentSoftwareDevTeam/celts/pull/743,18.375,0.765625,False,True
celts,744,Removed duplicate entry in event participant when volunteers are added through kiosk,AndersonStettner,User,closed,False,2022-09-14 16:45:55+00:00,2022-09-14T16:52:54Z,2022-09-14 16:52:50+00:00,2022-09-14 16:52:49+00:00,True,,,14,2,2,1,0,0,https://github.com/BCStudentSoftwareDevTeam/celts/pull/744,0.115,0.004791666666666667,False,True
celts,750,Delete Recurring Events,sreynit02,User,closed,False,2022-09-14 21:01:20+00:00,2022-10-05T16:29:02Z,2022-10-05 16:29:00+00:00,2022-10-05 16:29:00+00:00,True,AndersonStettner,User,109,19,4,11,1,10,https://github.com/BCStudentSoftwareDevTeam/celts/pull/750,499.4611111111111,20.81087962962963,False,True
celts,751,"Add new background check type, disable save after press, and allow deletion of BG check",AndersonStettner,User,closed,False,2022-09-15 15:37:16+00:00,2022-09-21T14:19:24Z,2022-09-21 14:09:42+00:00,2022-09-21 14:09:42+00:00,True,,,119,127,13,16,1,3,https://github.com/BCStudentSoftwareDevTeam/celts/pull/751,142.54055555555556,5.939189814814815,False,True
celts,752,added another if statement in js to check if both fields are empty,thawpt,User,closed,True,2022-09-15 19:42:55+00:00,2023-05-10T14:23:35Z,2022-09-16 16:03:51+00:00,,False,,,4,1,1,1,0,0,https://github.com/BCStudentSoftwareDevTeam/celts/pull/752,,,True,False
celts,759,Fixing timepicker when creating an event,Karina-Agliullova,User,closed,False,2022-09-16 18:35:20+00:00,2022-10-26T17:19:36Z,2022-10-26 17:19:36+00:00,,False,,,8,6,2,10,3,0,https://github.com/BCStudentSoftwareDevTeam/celts/pull/759,,,True,False
celts,760,Volunteer duplicates,gastonjarju,User,closed,False,2022-09-16 19:21:48+00:00,2023-05-10T14:23:40Z,2022-09-23 18:48:45+00:00,2022-09-23 18:48:45+00:00,True,sreynit02,User,19,13,3,5,0,2,https://github.com/BCStudentSoftwareDevTeam/celts/pull/760,167.44916666666666,6.977048611111111,False,True
celts,761,Recurring end date,gastonjarju,User,closed,False,2022-09-16 20:02:12+00:00,2023-05-10T14:23:35Z,2022-09-16 20:38:42+00:00,,False,,,101,24,10,10,1,0,https://github.com/BCStudentSoftwareDevTeam/celts/pull/761,,,True,False
celts,762,Firefox kiosk error,zachneill,User,closed,False,2022-09-16 20:27:04+00:00,2023-05-10T14:23:41Z,2022-09-20 19:43:48+00:00,2022-09-20 19:43:48+00:00,True,sreynit02,User,3,0,1,1,0,0,https://github.com/BCStudentSoftwareDevTeam/celts/pull/762,95.27888888888889,3.9699537037037036,False,True
celts,763,Recurring end date,zachneill,User,closed,False,2022-09-16 20:38:27+00:00,2023-05-10T14:23:41Z,2022-09-20 19:50:48+00:00,2022-09-20 19:50:48+00:00,True,sreynit02,User,2,2,1,1,0,0,https://github.com/BCStudentSoftwareDevTeam/celts/pull/763,95.20583333333333,3.9669097222222223,False,True
celts,766,Fixed footer that was not going across the full page,AndersonStettner,User,closed,False,2022-09-23 14:31:35+00:00,2022-09-23T14:34:33Z,2022-09-23 14:34:29+00:00,2022-09-23 14:34:29+00:00,True,,,62,61,1,1,0,0,https://github.com/BCStudentSoftwareDevTeam/celts/pull/766,0.04833333333333333,0.002013888888888889,False,True
celts,767,add period,AndersonStettner,User,closed,False,2022-09-26 14:20:00+00:00,2022-09-26T15:25:58Z,2022-09-26 15:25:46+00:00,2022-09-26 15:25:46+00:00,True,,,1,1,1,1,0,0,https://github.com/BCStudentSoftwareDevTeam/celts/pull/767,1.096111111111111,0.04567129629629629,False,True
celts,770,Allow events to be created on past days,AndersonStettner,User,closed,False,2022-09-30 18:05:03+00:00,2022-10-12T17:28:45Z,2022-10-12 17:28:41+00:00,2022-10-12 17:28:41+00:00,True,AndersonStettner,User,30,4,2,10,0,1,https://github.com/BCStudentSoftwareDevTeam/celts/pull/770,287.3938888888889,11.974745370370371,False,False
celts,773,Increase word limit 747,thawpt,User,closed,False,2022-10-03 19:01:30+00:00,2022-11-10T21:26:58Z,2022-11-10 21:26:55+00:00,2022-11-10 21:26:55+00:00,True,AndersonStettner,User,26,5,6,20,3,0,https://github.com/BCStudentSoftwareDevTeam/celts/pull/773,914.4236111111111,38.1009837962963,False,True
celts,774,Change phone number edits,AndersonStettner,User,closed,False,2022-10-03 19:12:24+00:00,2022-10-15T04:28:30Z,2022-10-14 20:56:16+00:00,2022-10-14 20:56:15+00:00,True,gahimbaref,User,89,60,6,28,2,3,https://github.com/BCStudentSoftwareDevTeam/celts/pull/774,265.73083333333335,11.072118055555556,False,True
celts,775,Added a program column in event table and a CELTS-sponsored event program,gahimbaref,User,closed,True,2022-10-06 20:56:01+00:00,2023-04-20T13:30:21Z,2023-04-20 13:29:58+00:00,,False,,,106,65,8,40,1,9,https://github.com/BCStudentSoftwareDevTeam/celts/pull/775,,,True,False
celts,777,Change sorting order of events on Events List page.,AndersonStettner,User,closed,False,2022-10-07 16:08:42+00:00,2022-10-28T14:02:41Z,2022-10-28 14:02:39+00:00,2022-10-28 14:02:39+00:00,True,,,71,56,4,12,0,3,https://github.com/BCStudentSoftwareDevTeam/celts/pull/777,501.89916666666664,20.912465277777777,False,True
celts,778,Add Notes to User Profile,zachneill,User,closed,False,2022-10-07 22:02:11+00:00,2023-02-08T19:30:20Z,2023-02-08 19:28:00+00:00,2023-02-08 19:28:00+00:00,True,,,459,138,12,26,9,12,https://github.com/BCStudentSoftwareDevTeam/celts/pull/778,2973.430277777778,123.89292824074074,False,True
celts,779,Food check box,thawpt,User,closed,False,2022-10-10 19:11:58+00:00,2022-10-12T12:23:47Z,2022-10-12 12:23:45+00:00,2022-10-12 12:23:44+00:00,True,AndersonStettner,User,36,14,5,15,1,2,https://github.com/BCStudentSoftwareDevTeam/celts/pull/779,41.19611111111111,1.7165046296296296,False,True
celts,780,User profile hyperlinks,thawpt,User,closed,False,2022-10-10 21:21:28+00:00,2022-10-11T16:55:40Z,2022-10-11 16:55:37+00:00,2022-10-11 16:55:37+00:00,True,AndersonStettner,User,7,8,1,8,1,0,https://github.com/BCStudentSoftwareDevTeam/celts/pull/780,19.569166666666668,0.8153819444444445,False,True
celts,781,fixed the tests,AndersonStettner,User,closed,False,2022-10-12 13:19:18+00:00,2022-10-12T17:15:02Z,2022-10-12 17:15:00+00:00,2022-10-12 17:15:00+00:00,True,AndersonStettner,User,8,5,1,1,0,0,https://github.com/BCStudentSoftwareDevTeam/celts/pull/781,3.9283333333333332,0.16368055555555555,False,False
celts,782,Banned permissions,AndersonStettner,User,closed,False,2022-10-12 14:33:47+00:00,2022-10-21T16:42:49Z,2022-10-21 16:42:45+00:00,2022-10-21 16:42:45+00:00,True,,,87,49,2,12,1,1,https://github.com/BCStudentSoftwareDevTeam/celts/pull/782,218.14944444444444,9.089560185185185,False,True
celts,783,Auto Populate Event Location ,sreynit02,User,closed,False,2022-10-14 19:01:43+00:00,2022-11-21T16:55:49Z,2022-11-21 16:55:46+00:00,2022-11-21 16:55:46+00:00,True,,,22,5,6,12,1,9,https://github.com/BCStudentSoftwareDevTeam/celts/pull/783,909.9008333333334,37.912534722222226,False,True
celts,784,Changed Capitalization of an Import in requirements.txt,bledsoef,User,closed,False,2022-10-17 12:42:30+00:00,2023-05-10T14:23:43Z,2022-10-17 14:14:17+00:00,,False,,,1,1,1,1,0,0,https://github.com/BCStudentSoftwareDevTeam/celts/pull/784,,,True,False
celts,787,Program Managers can now edit events,AndersonStettner,User,closed,False,2022-10-17 16:40:19+00:00,2022-10-21T13:58:35Z,2022-10-21 13:58:31+00:00,2022-10-21 13:58:31+00:00,True,bledsoef,User,2,3,1,1,1,0,https://github.com/BCStudentSoftwareDevTeam/celts/pull/787,93.30333333333333,3.8876388888888886,False,True
celts,788,test,AndersonStettner,User,closed,True,2022-10-17 18:40:58+00:00,2022-10-17T18:41:03Z,2022-10-17 18:41:01+00:00,,False,,,1,1,1,1,0,0,https://github.com/BCStudentSoftwareDevTeam/celts/pull/788,,,True,False
celts,790,Ban modal reloads to the correct accordion.,AndersonStettner,User,closed,False,2022-10-18 18:35:27+00:00,2022-10-21T13:18:57Z,2022-10-21 13:18:52+00:00,2022-10-21 13:18:52+00:00,True,tylerpar99,User,1,1,1,1,1,0,https://github.com/BCStudentSoftwareDevTeam/celts/pull/790,66.72361111111111,2.780150462962963,False,True
celts,791,Fixed file input to allow various file types,martinj2-dot,User,closed,False,2022-10-20 15:14:51+00:00,2022-10-21T13:58:27Z,2022-10-21 13:58:23+00:00,2022-10-21 13:58:23+00:00,True,tylerpar99,User,3,1,1,2,0,1,https://github.com/BCStudentSoftwareDevTeam/celts/pull/791,22.725555555555555,0.9468981481481481,False,True
celts,793,Can now create nonProgram events,AndersonStettner,User,closed,False,2022-10-24 13:28:43+00:00,2023-02-14T15:23:42Z,2022-10-24 16:55:37+00:00,2022-10-24 16:55:37+00:00,True,,,10,10,1,2,1,0,https://github.com/BCStudentSoftwareDevTeam/celts/pull/793,3.4483333333333333,0.14368055555555556,False,True
celts,795,Change user profile header,AndersonStettner,User,closed,False,2022-10-31 19:19:10+00:00,2022-11-11T18:57:01Z,2022-11-11 18:56:58+00:00,2022-11-11 18:56:58+00:00,True,,,10,10,1,3,1,0,https://github.com/BCStudentSoftwareDevTeam/celts/pull/795,263.63,10.984583333333333,False,True
celts,796,The time when a user RSVPd to an event is now shown on the participants table.,AndersonStettner,User,closed,False,2022-11-09 18:29:20+00:00,2022-11-11T18:55:32Z,2022-11-11 18:55:29+00:00,2022-11-11 18:55:29+00:00,True,,,12,1,3,2,1,0,https://github.com/BCStudentSoftwareDevTeam/celts/pull/796,48.435833333333335,2.0181597222222223,False,True
celts,798,New CELTS Landing Page,zachneill,User,closed,False,2022-11-17 02:26:36+00:00,2023-02-08T19:31:20Z,2023-02-08 19:30:00+00:00,,False,,,1,1,1,1,3,0,https://github.com/BCStudentSoftwareDevTeam/celts/pull/798,,,True,False
celts,800,Refactor admin slc proposal interaction,AndersonStettner,User,closed,False,2022-11-17 18:21:32+00:00,2022-11-30T20:33:00Z,2022-11-30 20:30:54+00:00,2022-11-30 20:30:54+00:00,True,,,77,21,5,8,3,4,https://github.com/BCStudentSoftwareDevTeam/celts/pull/800,314.1561111111111,13.089837962962962,False,True
celts,801,Add program name under event name Issue680,sreynit02,User,closed,False,2022-11-18 19:17:58+00:00,2023-02-14T15:23:02Z,2022-11-18 21:47:45+00:00,2022-11-18 21:47:45+00:00,True,qasema,User,15,2,2,4,0,0,https://github.com/BCStudentSoftwareDevTeam/celts/pull/801,2.4963888888888888,0.1040162037037037,False,True
celts,802,User diet,thawpt,User,closed,False,2022-11-29 20:23:54+00:00,2023-02-08T19:31:15Z,2023-02-08 19:29:56+00:00,,False,,,112,31,8,21,4,6,https://github.com/BCStudentSoftwareDevTeam/celts/pull/802,,,True,False
celts,803,Time check,thawpt,User,closed,False,2022-11-29 21:48:21+00:00,2023-01-24T13:36:19Z,2023-01-24 13:36:14+00:00,2023-01-24 13:36:14+00:00,True,AndersonStettner,User,59,37,4,16,2,7,https://github.com/BCStudentSoftwareDevTeam/celts/pull/803,1335.7980555555555,55.65825231481481,False,True
celts,805,resolved all comments,AndersonStettner,User,closed,False,2022-12-01 16:11:05+00:00,2022-12-01T16:14:14Z,2022-12-01 16:13:59+00:00,2022-12-01 16:13:59+00:00,True,,,6,6,2,1,0,0,https://github.com/BCStudentSoftwareDevTeam/celts/pull/805,0.04833333333333333,0.002013888888888889,False,True
celts,806,fixed the test,AndersonStettner,User,closed,False,2022-12-02 17:50:33+00:00,2023-02-14T15:23:00Z,2022-12-02 17:57:50+00:00,2022-12-02 17:57:50+00:00,True,sreynit02,User,1,1,1,1,0,0,https://github.com/BCStudentSoftwareDevTeam/celts/pull/806,0.1213888888888889,0.0050578703703703706,False,True
celts,807,Changed color of SLC modal buttons,AndersonStettner,User,closed,False,2022-12-05 16:33:09+00:00,2022-12-07T20:51:55Z,2022-12-07 20:50:57+00:00,2022-12-07 20:50:57+00:00,True,,,3,3,1,1,1,0,https://github.com/BCStudentSoftwareDevTeam/celts/pull/807,52.29666666666667,2.179027777777778,False,True
celts,815,Add reminder to update dietary restrictions on View Event Page,sreynit02,User,closed,False,2022-12-09 17:52:34+00:00,2023-02-08T19:30:57Z,2023-02-08 19:29:52+00:00,,False,,,1,1,1,1,4,0,https://github.com/BCStudentSoftwareDevTeam/celts/pull/815,,,True,False
celts,816,Send recommendation functionality,martinj2-dot,User,closed,False,2022-12-13 20:39:35+00:00,2023-04-25T16:55:54Z,2023-02-08 19:28:00+00:00,2023-02-08 19:27:59+00:00,True,,,117,4,7,37,2,3,https://github.com/BCStudentSoftwareDevTeam/celts/pull/816,1366.8066666666666,56.95027777777778,False,True
celts,817,Fixed Brian's mistake,AndersonStettner,User,closed,False,2023-01-04 19:04:00+00:00,2023-01-04T19:04:41Z,2023-01-04 19:04:37+00:00,2023-01-04 19:04:37+00:00,True,,,5,3,2,1,0,0,https://github.com/BCStudentSoftwareDevTeam/celts/pull/817,0.010277777777777778,0.00042824074074074075,False,True
celts,818,Forgot to remove comment,AndersonStettner,User,closed,False,2023-01-04 19:06:00+00:00,2023-01-04T19:08:20Z,2023-01-04 19:06:40+00:00,2023-01-04 19:06:40+00:00,True,,,0,2,1,1,0,0,https://github.com/BCStudentSoftwareDevTeam/celts/pull/818,0.011111111111111112,0.000462962962962963,False,True
celts,819,Mega branch,AndersonStettner,User,closed,False,2023-01-05 17:31:43+00:00,2023-02-08T19:28:01Z,2023-02-08 19:27:57+00:00,2023-02-08 19:27:57+00:00,True,,,1229,273,51,143,0,0,https://github.com/BCStudentSoftwareDevTeam/celts/pull/819,817.9372222222222,34.08071759259259,False,True
celts,821,Fixed text on first page of SLC Proposal,AndersonStettner,User,closed,False,2023-01-09 14:34:29+00:00,2023-01-09T14:39:29Z,2023-01-09 14:39:26+00:00,2023-01-09 14:39:26+00:00,True,,,8,5,1,1,0,0,https://github.com/BCStudentSoftwareDevTeam/celts/pull/821,0.0825,0.0034375,False,True
celts,822,Rework SLC Proposal Forms,AndersonStettner,User,closed,False,2023-01-09 18:17:32+00:00,2023-04-10T15:14:26Z,2023-04-10 15:14:26+00:00,,False,,,0,0,0,0,0,4,https://github.com/BCStudentSoftwareDevTeam/celts/pull/822,,,True,False
celts,823,fix events test,AndersonStettner,User,closed,False,2023-01-24 15:14:35+00:00,2023-01-24T21:12:24Z,2023-01-24 21:12:06+00:00,2023-01-24 21:12:06+00:00,True,,,9,10,2,1,0,0,https://github.com/BCStudentSoftwareDevTeam/celts/pull/823,5.958611111111111,0.24827546296296296,False,True
celts,824,upgrade flask to 2.2.2,qasema,User,closed,False,2023-01-25 20:59:04+00:00,2023-02-08T19:42:12Z,2023-02-08 19:42:08+00:00,2023-02-08 19:42:08+00:00,True,,,3,3,1,1,0,0,https://github.com/BCStudentSoftwareDevTeam/celts/pull/824,334.71777777777777,13.946574074074073,False,True
celts,825,made area for responses in slc course proposal accept links,gahimbaref,User,closed,False,2023-01-30 16:15:19+00:00,2023-02-03T18:13:39Z,2023-02-03 18:13:35+00:00,2023-02-03 18:13:35+00:00,True,AndersonStettner,User,28,20,3,5,0,0,https://github.com/BCStudentSoftwareDevTeam/celts/pull/825,97.97111111111111,4.082129629629629,False,True
celts,826,Slc proposal edit permissions Issue#804,Karina-Agliullova,User,closed,False,2023-01-30 21:26:57+00:00,2023-04-25T16:52:23Z,2023-04-24 20:03:44+00:00,2023-04-24 20:03:44+00:00,True,sreynit02,User,43,24,3,35,3,12,https://github.com/BCStudentSoftwareDevTeam/celts/pull/826,2014.6130555555555,83.94221064814815,False,True
celts,833,Slc question character counter,thawpt,User,closed,False,2023-02-02 21:49:07+00:00,2023-03-22T16:19:50Z,2023-03-22 16:19:47+00:00,2023-03-22 16:19:47+00:00,True,AndersonStettner,User,28,8,3,10,2,7,https://github.com/BCStudentSoftwareDevTeam/celts/pull/833,1146.5111111111112,47.7712962962963,False,True
celts,834,change ID names and added labels back in.,AndersonStettner,User,closed,False,2023-02-03 18:44:25+00:00,2023-02-14T15:23:14Z,2023-02-03 19:43:32+00:00,2023-02-03 19:43:32+00:00,True,tylerpar99,User,24,24,2,1,0,0,https://github.com/BCStudentSoftwareDevTeam/celts/pull/834,0.9852777777777778,0.041053240740740744,False,True
celts,835,Issue 813 event list,qasema,User,closed,False,2023-02-06 21:48:45+00:00,2023-07-24T15:30:34Z,2023-07-24 15:30:30+00:00,2023-07-24 15:30:30+00:00,True,,,72,70,5,67,10,35,https://github.com/BCStudentSoftwareDevTeam/celts/pull/835,4025.695833333333,167.73732638888887,False,True
celts,836,Removed the banned column on the Volunteer Tracker for event,bledsoef,User,closed,False,2023-02-07 14:22:42+00:00,2023-02-14T15:23:18Z,2023-02-08 16:12:34+00:00,2023-02-08 16:12:34+00:00,True,sreynit02,User,7,12,2,2,0,0,https://github.com/BCStudentSoftwareDevTeam/celts/pull/836,25.83111111111111,1.0762962962962963,False,True
celts,838,Mega issues,AndersonStettner,User,closed,True,2023-02-09 17:44:30+00:00,2023-02-14T15:22:51Z,2023-02-09 17:50:50+00:00,,False,,,632,185,30,61,0,0,https://github.com/BCStudentSoftwareDevTeam/celts/pull/838,,,True,False
celts,839,Fix last few mega branch issues.,AndersonStettner,User,closed,False,2023-02-09 17:50:33+00:00,2023-02-28T15:43:09Z,2023-02-28 15:43:05+00:00,2023-02-28 15:43:04+00:00,True,,,95,69,17,16,4,1,https://github.com/BCStudentSoftwareDevTeam/celts/pull/839,453.8752777777778,18.911469907407408,False,True
celts,841,Adjusted requirements.txt to work with Python 3.11,bledsoef,User,closed,False,2023-02-15 13:52:47+00:00,2023-02-15T16:07:07Z,2023-02-15 16:06:59+00:00,2023-02-15 16:06:59+00:00,True,,,2,2,1,1,0,0,https://github.com/BCStudentSoftwareDevTeam/celts/pull/841,2.236666666666667,0.09319444444444445,False,True
celts,842,Renamed getUserParticipatedEvents to getUserParticipatedTrainingEvents so it is named after what it actually does.,AndersonStettner,User,closed,False,2023-02-22 15:29:48+00:00,2023-02-22T15:36:01Z,2023-02-22 15:35:57+00:00,2023-02-22 15:35:57+00:00,True,,,18,18,4,1,0,0,https://github.com/BCStudentSoftwareDevTeam/celts/pull/842,0.1025,0.004270833333333333,False,True
celts,844,Fix Program Management table behavior ,AndersonStettner,User,closed,False,2023-02-24 16:27:21+00:00,2023-02-28T15:44:45Z,2023-02-28 15:44:41+00:00,2023-02-28 15:44:41+00:00,True,,,87,86,1,2,1,0,https://github.com/BCStudentSoftwareDevTeam/celts/pull/844,95.28888888888889,3.9703703703703703,False,True
celts,846,show rsvp history in track volunteers,gahimbaref,User,closed,True,2023-03-02 20:48:22+00:00,2023-05-10T14:53:28Z,2023-05-10 13:48:17+00:00,,False,,,78,15,7,24,5,15,https://github.com/BCStudentSoftwareDevTeam/celts/pull/846,,,True,False
celts,847,"Food provided is now checked when ""This event requires RSVP"" is checked.",bledsoef,User,closed,False,2023-03-03 14:53:11+00:00,2023-04-25T16:54:58Z,2023-03-15 19:25:00+00:00,2023-03-15 19:25:00+00:00,True,tylerpar99,User,11,10,2,1,2,0,https://github.com/BCStudentSoftwareDevTeam/celts/pull/847,292.53027777777777,12.188761574074073,False,True
celts,848,Changed the default end time of an event to be an hour after the default start time.,AndersonStettner,User,closed,False,2023-03-06 15:32:08+00:00,2023-03-15T17:46:36Z,2023-03-15 17:46:17+00:00,2023-03-15 17:46:16+00:00,True,,,1,1,1,1,0,0,https://github.com/BCStudentSoftwareDevTeam/celts/pull/848,218.23555555555555,9.093148148148147,False,True
celts,849,Add ability to limit event RSVP and add a RSVP waitlist,AndersonStettner,User,closed,True,2023-03-08 17:04:32+00:00,2023-05-15T14:11:50Z,2023-05-10 13:46:48+00:00,,False,,,140,53,12,23,4,1,https://github.com/BCStudentSoftwareDevTeam/celts/pull/849,,,True,False
celts,850,Email Ashley SLC submitted courses Issue#831,Karina-Agliullova,User,closed,True,2023-03-08 21:18:22+00:00,2025-05-02T14:11:43Z,2025-05-02 14:11:43+00:00,,False,,,55,28,3,16,1,0,https://github.com/BCStudentSoftwareDevTeam/celts/pull/850,,,True,False
celts,851,Jenkins test,bledsoef,User,closed,False,2023-03-16 13:25:10+00:00,2023-03-20T19:27:37Z,2023-03-20 19:27:35+00:00,,False,,,141,28,10,18,0,0,https://github.com/BCStudentSoftwareDevTeam/celts/pull/851,,,True,False
celts,852,Test setting up Jenkins,AndersonStettner,User,closed,False,2023-03-20 19:35:32+00:00,2023-03-21T17:43:02Z,2023-03-21 17:43:00+00:00,,False,,,131,28,10,21,0,0,https://github.com/BCStudentSoftwareDevTeam/celts/pull/852,,,True,False
celts,853,CI with Jenkins,bledsoef,User,closed,True,2023-03-24 14:23:56+00:00,2023-04-28T14:21:12Z,2023-04-28 14:21:10+00:00,,False,,,40,7,4,88,0,0,https://github.com/BCStudentSoftwareDevTeam/celts/pull/853,,,True,False
celts,855,Add a student's major and class level to the User table,sreynit02,User,closed,False,2023-03-27 15:28:59+00:00,2023-04-10T14:41:25Z,2023-04-10 14:41:21+00:00,2023-04-10 14:41:21+00:00,True,AndersonStettner,User,34,2,4,4,1,0,https://github.com/BCStudentSoftwareDevTeam/celts/pull/855,335.2061111111111,13.966921296296297,False,True
celts,860,changed wording on landing page buttons and made sure Bonner does not show for non Bonner users,AndersonStettner,User,closed,False,2023-03-29 17:46:43+00:00,2023-03-29T18:52:12Z,2023-03-29 18:49:54+00:00,2023-03-29 18:49:54+00:00,True,,,3,3,2,1,0,0,https://github.com/BCStudentSoftwareDevTeam/celts/pull/860,1.0530555555555556,0.04387731481481482,False,True
celts,861,changed programs link at bottom of user profile programs section,AndersonStettner,User,closed,False,2023-03-29 18:52:05+00:00,2023-03-29T18:52:35Z,2023-03-29 18:52:31+00:00,2023-03-29 18:52:31+00:00,True,,,1,1,1,1,0,0,https://github.com/BCStudentSoftwareDevTeam/celts/pull/861,0.007222222222222222,0.0003009259259259259,False,True
celts,863,Slc forms refactor,AndersonStettner,User,closed,False,2023-04-10 15:23:40+00:00,2023-06-28T12:51:56Z,2023-05-24 14:12:47+00:00,2023-05-24 14:12:47+00:00,True,,,1170,370,39,123,4,7,https://github.com/BCStudentSoftwareDevTeam/celts/pull/863,1054.818611111111,43.95077546296296,False,True
celts,865,Views count,qasema,User,closed,False,2023-04-19 19:20:41+00:00,2023-05-01T15:43:50Z,2023-05-01 15:42:46+00:00,2023-05-01 15:42:46+00:00,True,,,181,94,6,16,2,28,https://github.com/BCStudentSoftwareDevTeam/celts/pull/865,284.36805555555554,11.848668981481481,False,True
celts,866,Fix package pull,bledsoef,User,closed,False,2023-04-19 20:01:01+00:00,2023-06-14T17:36:00Z,2023-04-20 13:17:46+00:00,2023-04-20 13:17:46+00:00,True,,,149,142,8,13,0,0,https://github.com/BCStudentSoftwareDevTeam/celts/pull/866,17.279166666666665,0.7199652777777777,False,True
celts,867,removed useless requirement,AndersonStettner,User,closed,False,2023-04-21 13:58:16+00:00,2023-04-21T14:00:05Z,2023-04-21 14:00:01+00:00,2023-04-21 14:00:01+00:00,True,,,0,1,1,1,0,0,https://github.com/BCStudentSoftwareDevTeam/celts/pull/867,0.029166666666666667,0.0012152777777777778,False,True
celts,868,example github action?,AndersonStettner,User,closed,True,2023-04-21 14:13:28+00:00,2023-04-21T14:34:35Z,2023-04-21 14:17:53+00:00,,False,,,42,0,1,1,0,0,https://github.com/BCStudentSoftwareDevTeam/celts/pull/868,,,True,False
celts,869,Create actionTests.yml,AndersonStettner,User,closed,False,2023-04-24 14:18:47+00:00,2023-04-24T14:28:01Z,2023-04-24 14:27:55+00:00,2023-04-24 14:27:54+00:00,True,,,40,0,1,2,0,0,https://github.com/BCStudentSoftwareDevTeam/celts/pull/869,0.15194444444444444,0.006331018518518518,False,True
celts,870,Add requirement caching,AndersonStettner,User,closed,False,2023-04-24 14:59:15+00:00,2023-04-25T16:53:44Z,2023-04-24 15:15:05+00:00,2023-04-24 15:15:05+00:00,True,,,1,0,1,1,0,0,https://github.com/BCStudentSoftwareDevTeam/celts/pull/870,0.2638888888888889,0.01099537037037037,False,True
celts,871,Break action,AndersonStettner,User,closed,False,2023-04-24 15:07:54+00:00,2023-04-24T15:15:02Z,2023-04-24 15:15:00+00:00,,False,,,43,1,2,11,0,0,https://github.com/BCStudentSoftwareDevTeam/celts/pull/871,,,True,False
celts,872,Jenkins test,AndersonStettner,User,closed,False,2023-04-24 18:04:20+00:00,2023-04-25T16:53:58Z,2023-04-24 18:04:23+00:00,,False,,,131,28,10,22,0,0,https://github.com/BCStudentSoftwareDevTeam/celts/pull/872,,,True,False
celts,873,Break something,AndersonStettner,User,closed,False,2023-04-26 14:12:02+00:00,2023-04-26T17:30:20Z,2023-04-26 17:30:16+00:00,,False,,,1089,297,41,113,0,0,https://github.com/BCStudentSoftwareDevTeam/celts/pull/873,,,True,False
celts,874,Break to see new action,AndersonStettner,User,closed,False,2023-04-26 14:50:56+00:00,2023-04-26T14:52:09Z,2023-04-26 14:52:01+00:00,,False,,,54,1,3,21,0,0,https://github.com/BCStudentSoftwareDevTeam/celts/pull/874,,,True,False
celts,875,simplified run_tests.sh and made it so we can add verbose flag when running the tests,AndersonStettner,User,closed,False,2023-04-26 16:08:44+00:00,2023-04-26T17:20:51Z,2023-04-26 17:19:41+00:00,2023-04-26 17:19:40+00:00,True,,,4,49,2,1,0,0,https://github.com/BCStudentSoftwareDevTeam/celts/pull/875,1.1822222222222223,0.04925925925925926,False,True
celts,876,Update README testing and pr documentation,AndersonStettner,User,closed,False,2023-04-26 18:40:40+00:00,2023-05-04T13:59:11Z,2023-05-04 13:58:16+00:00,2023-05-04 13:58:16+00:00,True,,,20,1,1,10,1,0,https://github.com/BCStudentSoftwareDevTeam/celts/pull/876,187.29333333333332,7.803888888888888,False,True
celts,877,Spreadsheet,AndersonStettner,User,closed,False,2023-05-01 14:24:54+00:00,2023-05-24T18:45:25Z,2023-05-11 15:14:34+00:00,2023-05-11 15:14:34+00:00,True,,,253,11,6,54,1,4,https://github.com/BCStudentSoftwareDevTeam/celts/pull/877,240.82777777777778,10.034490740740742,False,True
celts,878,added coverage back,AndersonStettner,User,closed,False,2023-05-02 19:52:31+00:00,2023-05-04T13:50:27Z,2023-05-04 13:49:22+00:00,2023-05-04 13:49:22+00:00,True,,,28,9,4,41,1,0,https://github.com/BCStudentSoftwareDevTeam/celts/pull/878,41.9475,1.7478125,False,True
celts,879,"Add RSVP history, limit, and waitlist",AndersonStettner,User,closed,True,2023-05-10 13:43:19+00:00,2023-05-15T14:18:57Z,2023-05-15 14:18:53+00:00,,False,,,223,69,16,49,3,0,https://github.com/BCStudentSoftwareDevTeam/celts/pull/879,,,True,False
celts,880,Refactor functions746,AndersonStettner,User,closed,True,2023-05-10 14:12:31+00:00,2023-06-08T16:27:03Z,2023-06-08 16:27:03+00:00,,False,,,181,123,5,19,1,0,https://github.com/BCStudentSoftwareDevTeam/celts/pull/880,,,True,False
celts,881,add defensive driving to the background check,AndersonStettner,User,closed,True,2023-05-10 14:16:12+00:00,2023-05-10T17:29:07Z,2023-05-10 17:29:04+00:00,,False,,,4,1,2,1,1,0,https://github.com/BCStudentSoftwareDevTeam/celts/pull/881,,,True,False
celts,882,Attachment issues when creating recurring events,Karina-Agliullova,User,closed,True,2023-05-10 20:28:18+00:00,2023-05-11T12:59:13Z,2023-05-11 12:59:10+00:00,,False,,,25,15,1,1,0,0,https://github.com/BCStudentSoftwareDevTeam/celts/pull/882,,,True,False
celts,885,Rsvp Limit and Waitlist ,AndersonStettner,User,closed,False,2023-05-15 14:16:32+00:00,2023-06-15T14:09:13Z,2023-06-15 14:09:08+00:00,2023-06-15 14:09:08+00:00,True,,,378,171,17,60,2,1,https://github.com/BCStudentSoftwareDevTeam/celts/pull/885,743.8766666666667,30.99486111111111,False,True
celts,903,renamed 'Download File' to 'Download Course List',ananyabhat29,User,closed,False,2023-05-19 15:25:49+00:00,2023-05-19T15:38:34Z,2023-05-19 15:37:29+00:00,2023-05-19 15:37:29+00:00,True,AndersonStettner,User,1,1,1,1,1,0,https://github.com/BCStudentSoftwareDevTeam/celts/pull/903,0.19444444444444445,0.008101851851851851,False,True
celts,904,Bringing in Dev work,AndersonStettner,User,closed,False,2023-05-24 14:14:45+00:00,2023-07-10T18:20:35Z,2023-07-10 18:20:35+00:00,2023-07-10 18:20:35+00:00,True,,,3113,1209,89,635,1,0,https://github.com/BCStudentSoftwareDevTeam/celts/pull/904,1132.0972222222222,47.17071759259259,False,True
celts,905,Added check to only run coverage if the action is run on a pull request,AndersonStettner,User,closed,False,2023-05-24 14:27:05+00:00,2023-05-24T14:34:28Z,2023-05-24 14:33:40+00:00,2023-05-24 14:33:40+00:00,True,AndersonStettner,User,1,1,1,2,1,0,https://github.com/BCStudentSoftwareDevTeam/celts/pull/905,0.10972222222222222,0.004571759259259259,False,False
celts,906,Update actionTests.yml,AndersonStettner,User,closed,False,2023-05-24 14:43:37+00:00,2023-05-24T14:45:47Z,2023-05-24 14:45:44+00:00,2023-05-24 14:45:44+00:00,True,AndersonStettner,User,6,2,1,1,1,0,https://github.com/BCStudentSoftwareDevTeam/celts/pull/906,0.035277777777777776,0.0014699074074074074,False,False
celts,909,Update README.md,AndersonStettner,User,closed,False,2023-06-09 13:19:23+00:00,2023-06-09T14:06:28Z,2023-06-09 14:06:24+00:00,2023-06-09 14:06:24+00:00,True,,,1,1,1,1,1,0,https://github.com/BCStudentSoftwareDevTeam/celts/pull/909,0.7836111111111111,0.032650462962962964,False,True
celts,911,Added names to default.yml,ojmakinde,User,closed,False,2023-06-12 19:02:38+00:00,2023-06-12T19:05:12Z,2023-06-12 19:05:09+00:00,2023-06-12 19:05:09+00:00,True,,,4,0,1,1,1,0,https://github.com/BCStudentSoftwareDevTeam/celts/pull/911,0.041944444444444444,0.0017476851851851852,False,True
celts,912,Stevenson and Lawrence are on the scene!,hoerstl,User,closed,False,2023-06-12 19:06:40+00:00,2023-06-12T19:10:46Z,2023-06-12 19:10:26+00:00,2023-06-12 19:10:26+00:00,True,AndersonStettner,User,5,1,1,2,1,0,https://github.com/BCStudentSoftwareDevTeam/celts/pull/912,0.06277777777777778,0.002615740740740741,False,True
celts,913,Adding new interns names,azabeli,User,closed,False,2023-06-12 19:09:56+00:00,2023-06-12T19:13:17Z,2023-06-12 19:13:13+00:00,,False,,,2,2,1,2,1,0,https://github.com/BCStudentSoftwareDevTeam/celts/pull/913,,,True,False
celts,914,Added New Contributor's Names and Roles,Mercy-Eze,User,closed,False,2023-06-12 19:15:56+00:00,2023-06-12T19:42:41Z,2023-06-12 19:42:14+00:00,2023-06-12 19:42:14+00:00,True,,,3,0,1,2,1,0,https://github.com/BCStudentSoftwareDevTeam/celts/pull/914,0.43833333333333335,0.01826388888888889,False,True
celts,917,Bineta and Liliane are here as well!,azabeli,User,closed,False,2023-06-12 19:26:43+00:00,2023-06-12T19:45:15Z,2023-06-12 19:44:29+00:00,2023-06-12 19:44:29+00:00,True,,,4,0,1,2,1,0,https://github.com/BCStudentSoftwareDevTeam/celts/pull/917,0.2961111111111111,0.012337962962962962,False,True
celts,918,Moved text to the second line,stevensonmichel,User,closed,False,2023-06-12 20:13:53+00:00,2023-06-13T13:39:29Z,2023-06-13 13:39:01+00:00,2023-06-13 13:39:01+00:00,True,,,1,1,1,2,1,0,https://github.com/BCStudentSoftwareDevTeam/celts/pull/918,17.41888888888889,0.7257870370370371,False,True
celts,920,We have change the back button color to Grey,michelmonc,User,closed,False,2023-06-12 20:31:24+00:00,2023-06-13T14:30:48Z,2023-06-13 14:30:43+00:00,2023-06-13 14:30:43+00:00,True,,,1,1,1,2,1,0,https://github.com/BCStudentSoftwareDevTeam/celts/pull/920,17.988611111111112,0.749525462962963,False,True
celts,921,Added is creator check to editing or creating an SLC Proposal,AndersonStettner,User,closed,False,2023-06-12 20:37:18+00:00,2023-06-12T20:47:03Z,2023-06-12 20:47:00+00:00,2023-06-12 20:47:00+00:00,True,AndersonStettner,User,3,1,1,2,1,0,https://github.com/BCStudentSoftwareDevTeam/celts/pull/921,0.16166666666666665,0.00673611111111111,False,False
celts,922,Pair programmers added student major and class to user profile,ojmakinde,User,closed,False,2023-06-12 20:42:46+00:00,2023-06-13T15:23:04Z,2023-06-13 15:23:01+00:00,2023-06-13 15:23:01+00:00,True,,,12,2,1,6,1,2,https://github.com/BCStudentSoftwareDevTeam/celts/pull/922,18.670833333333334,0.7779513888888889,False,True
celts,923,Buttons now open a new window when clicked. target='_blank',hoerstl,User,closed,False,2023-06-13 12:54:35+00:00,2023-06-13T14:03:26Z,2023-06-13 14:03:22+00:00,2023-06-13 14:03:22+00:00,True,,,2,2,1,2,1,0,https://github.com/BCStudentSoftwareDevTeam/celts/pull/923,1.146388888888889,0.04776620370370371,False,True
celts,924,bloo,AndersonStettner,User,closed,False,2023-06-13 13:59:28+00:00,2023-06-13T14:02:01Z,2023-06-13 14:01:59+00:00,,False,,,1,1,1,1,1,0,https://github.com/BCStudentSoftwareDevTeam/celts/pull/924,,,True,False
celts,925,cancel button was moved to the right,doucoureb,User,closed,False,2023-06-13 14:55:10+00:00,2023-06-13T19:07:23Z,2023-06-13 19:07:18+00:00,2023-06-13 19:07:18+00:00,True,,,2,2,1,2,1,0,https://github.com/BCStudentSoftwareDevTeam/celts/pull/925,4.202222222222222,0.17509259259259258,False,True
celts,926,889 button change,ojmakinde,User,closed,False,2023-06-13 15:03:57+00:00,2023-06-16T18:19:57Z,2023-06-16 18:19:54+00:00,2023-06-16 18:19:54+00:00,True,AndersonStettner,User,1,1,1,5,2,0,https://github.com/BCStudentSoftwareDevTeam/celts/pull/926,75.26583333333333,3.1360763888888887,False,True
celts,927,Sucessfully added faculty name to hyperlink on Course Management Page,Mercy-Eze,User,closed,False,2023-06-13 15:28:14+00:00,2023-06-15T14:59:52Z,2023-06-15 14:59:49+00:00,2023-06-15 14:59:48+00:00,True,,,1,1,1,7,1,1,https://github.com/BCStudentSoftwareDevTeam/celts/pull/927,47.52611111111111,1.9802546296296297,False,True
celts,928,Liliane and Bineta changed the Kiosk route,azabeli,User,closed,False,2023-06-13 18:11:35+00:00,2023-06-15T16:58:55Z,2023-06-15 16:58:51+00:00,,False,,,105,122,2,2,1,1,https://github.com/BCStudentSoftwareDevTeam/celts/pull/928,,,True,False
celts,930,Changed Image,hoerstl,User,closed,False,2023-06-13 19:38:13+00:00,2023-06-15T14:14:06Z,2023-06-15 14:14:02+00:00,2023-06-15 14:14:02+00:00,True,,,1,1,1,4,1,0,https://github.com/BCStudentSoftwareDevTeam/celts/pull/930,42.596944444444446,1.7748726851851853,False,True
celts,931,making the drop down disappear when the bonner button is checked,doucoureb,User,closed,False,2023-06-14 17:29:54+00:00,2023-07-17T20:05:51Z,2023-07-17 20:05:47+00:00,2023-07-17 20:05:47+00:00,True,,,193,102,6,16,3,7,https://github.com/BCStudentSoftwareDevTeam/celts/pull/931,794.5980555555556,33.10825231481481,False,True
celts,932,Dynamically Hides Sidebar,hoerstl,User,closed,False,2023-06-14 19:29:38+00:00,2023-06-14T20:07:12Z,2023-06-14 20:07:09+00:00,2023-06-14 20:07:09+00:00,True,AndersonStettner,User,1,1,1,1,1,0,https://github.com/BCStudentSoftwareDevTeam/celts/pull/932,0.6252777777777778,0.02605324074074074,False,True
celts,934,Restricted permissions to the course management page,hoerstl,User,closed,False,2023-06-15 13:43:42+00:00,2023-06-15T14:35:41Z,2023-06-15 14:35:36+00:00,2023-06-15 14:35:36+00:00,True,hoerstl,User,9,6,1,6,2,2,https://github.com/BCStudentSoftwareDevTeam/celts/pull/934,0.865,0.036041666666666666,False,False
celts,935,Fixingroute2,azabeli,User,closed,False,2023-06-15 15:01:17+00:00,2023-08-18T14:40:43Z,2023-06-15 16:58:39+00:00,,False,,,105,121,2,4,1,0,https://github.com/BCStudentSoftwareDevTeam/celts/pull/935,,,True,False
celts,936, fixed the route issue and the indentation,azabeli,User,closed,False,2023-06-15 18:29:11+00:00,2023-06-15T18:30:32Z,2023-06-15 18:30:29+00:00,2023-06-15 18:30:29+00:00,True,,,2,2,2,1,1,0,https://github.com/BCStudentSoftwareDevTeam/celts/pull/936,0.021666666666666667,0.0009027777777777778,False,True
celts,937,Allow the creator of the Course Proposal to renew it,stevensonmichel,User,closed,False,2023-06-15 19:15:35+00:00,2023-06-21T13:29:47Z,2023-06-21 13:29:44+00:00,2023-06-21 13:29:44+00:00,True,AndersonStettner,User,48,33,3,15,3,4,https://github.com/BCStudentSoftwareDevTeam/celts/pull/937,138.23583333333335,5.759826388888889,False,True
celts,938,896 dietary restrictions page,andersoncedu,User,closed,False,2023-06-16 14:12:17+00:00,2023-06-28T17:47:30Z,2023-06-28 17:47:27+00:00,2023-06-28 17:47:27+00:00,True,AndersonStettner,User,89,0,3,35,1,4,https://github.com/BCStudentSoftwareDevTeam/celts/pull/938,291.5861111111111,12.149421296296296,False,True
celts,939,improved the ids,azabeli,User,closed,False,2023-06-16 15:08:35+00:00,2023-07-19T15:00:28Z,2023-07-19 15:00:27+00:00,2023-07-19 15:00:27+00:00,True,,,7,8,5,8,2,1,https://github.com/BCStudentSoftwareDevTeam/celts/pull/939,791.8644444444444,32.99435185185185,False,True
celts,940,a button to email the registrar requesting Student SL Course participation,doucoureb,User,closed,False,2023-06-16 17:26:24+00:00,2023-07-25T15:24:18Z,2023-07-25 15:24:13+00:00,2023-07-25 15:24:13+00:00,True,,,771,315,21,87,2,43,https://github.com/BCStudentSoftwareDevTeam/celts/pull/940,933.9636111111112,38.91515046296296,False,True
celts,945,Moved the POST for Track Volunteers page to be above the GET,AndersonStettner,User,closed,False,2023-06-16 19:14:30+00:00,2023-06-16T19:17:02Z,2023-06-16 19:16:57+00:00,2023-06-16 19:16:57+00:00,True,,,15,16,1,2,1,0,https://github.com/BCStudentSoftwareDevTeam/celts/pull/945,0.04083333333333333,0.0017013888888888888,False,True
celts,946,Added conditional to route to search for userinput before redirecting…,andersoncedu,User,closed,False,2023-06-16 20:36:30+00:00,2023-06-22T12:51:07Z,2023-06-22 12:51:04+00:00,2023-06-22 12:51:04+00:00,True,AndersonStettner,User,9,4,1,4,1,1,https://github.com/BCStudentSoftwareDevTeam/celts/pull/946,136.24277777777777,5.676782407407408,False,True
celts,947,Combined tables as requested in the issue on Github.,andersoncedu,User,closed,False,2023-06-20 14:16:11+00:00,2023-06-20T19:03:25Z,2023-06-20 19:03:25+00:00,,False,,,29,31,2,1,1,1,https://github.com/BCStudentSoftwareDevTeam/celts/pull/947,,,True,False
celts,948,942 change events list to event in url,ojmakinde,User,closed,False,2023-06-20 14:54:43+00:00,2023-06-21T14:09:20Z,2023-06-21 14:09:16+00:00,,False,,,32,32,14,4,1,1,https://github.com/BCStudentSoftwareDevTeam/celts/pull/948,,,True,False
celts,949,Ordered the data by programName when retrieving data with PeeWee,andersoncedu,User,closed,False,2023-06-20 15:51:25+00:00,2023-06-20T17:25:06Z,2023-06-20 17:25:04+00:00,2023-06-20 17:25:03+00:00,True,AndersonStettner,User,2,2,1,1,1,0,https://github.com/BCStudentSoftwareDevTeam/celts/pull/949,1.5605555555555555,0.06502314814814815,False,True
celts,950,942 change events list to event,ojmakinde,User,closed,False,2023-06-20 19:29:06+00:00,2023-06-20T19:54:31Z,2023-06-20 19:54:28+00:00,2023-06-20 19:54:28+00:00,True,AndersonStettner,User,22,22,10,5,1,0,https://github.com/BCStudentSoftwareDevTeam/celts/pull/950,0.42277777777777775,0.01761574074074074,False,True
celts,951,Sample branch,ojmakinde,User,closed,False,2023-06-20 19:33:31+00:00,2023-06-20T19:46:29Z,2023-06-20 19:46:26+00:00,,False,,,23,22,11,6,0,0,https://github.com/BCStudentSoftwareDevTeam/celts/pull/951,,,True,False
celts,952,SLC questions,stevensonmichel,User,closed,False,2023-06-20 20:34:33+00:00,2023-06-28T20:24:59Z,2023-06-28 20:24:56+00:00,2023-06-28 20:24:56+00:00,True,AndersonStettner,User,33,13,5,19,2,10,https://github.com/BCStudentSoftwareDevTeam/celts/pull/952,191.83972222222224,7.99332175925926,False,True
celts,954,Merged Previous and Current Volunteer Modals,hoerstl,User,closed,False,2023-06-21 18:55:21+00:00,2023-06-28T14:46:27Z,2023-06-28 14:46:23+00:00,2023-06-28 14:46:23+00:00,True,AndersonStettner,User,54,48,2,17,1,11,https://github.com/BCStudentSoftwareDevTeam/celts/pull/954,163.85055555555556,6.827106481481482,False,True
celts,955,943 Navigation Tab for Event Page,andersoncedu,User,closed,False,2023-06-22 20:41:39+00:00,2023-06-27T14:03:39Z,2023-06-27 14:03:35+00:00,2023-06-27 14:03:35+00:00,True,AndersonStettner,User,87,108,5,13,4,3,https://github.com/BCStudentSoftwareDevTeam/celts/pull/955,113.36555555555556,4.723564814814815,False,True
celts,956,Fixed production backup and a weird flicker on page load on Admin Logs page,AndersonStettner,User,closed,False,2023-06-22 20:56:51+00:00,2023-06-22T20:59:13Z,2023-06-22 20:59:10+00:00,2023-06-22 20:59:10+00:00,True,,,56,11,3,1,1,0,https://github.com/BCStudentSoftwareDevTeam/celts/pull/956,0.03861111111111111,0.0016087962962962963,False,True
celts,959,Pagination Permanent,hoerstl,User,closed,False,2023-06-23 17:42:31+00:00,2023-06-23T17:48:23Z,2023-06-23 17:48:22+00:00,,False,,,159,9,6,25,1,0,https://github.com/BCStudentSoftwareDevTeam/celts/pull/959,,,True,False
celts,960,Fixed the pagination for the track volunteers table.,hoerstl,User,closed,False,2023-06-23 18:04:58+00:00,2023-06-26T13:22:49Z,2023-06-26 13:22:46+00:00,2023-06-26 13:22:46+00:00,True,AndersonStettner,User,19,9,2,1,1,0,https://github.com/BCStudentSoftwareDevTeam/celts/pull/960,67.29666666666667,2.804027777777778,False,True
celts,961,Fixed Crash error,hoerstl,User,closed,False,2023-06-23 21:00:25+00:00,2023-06-23T21:00:47Z,2023-06-23 21:00:35+00:00,2023-06-23 21:00:35+00:00,True,hoerstl,User,58,48,4,2,0,0,https://github.com/BCStudentSoftwareDevTeam/celts/pull/961,0.002777777777777778,0.00011574074074074075,False,False
celts,962,Issue2,stevensonmichel,User,closed,False,2023-06-27 13:28:15+00:00,2023-06-27T13:40:39Z,2023-06-27 13:40:37+00:00,,False,,,2,0,1,4,0,0,https://github.com/BCStudentSoftwareDevTeam/celts/pull/962,,,True,False
celts,963,Issue1,stevensonmichel,User,closed,False,2023-06-27 13:29:52+00:00,2023-06-27T13:40:50Z,2023-06-27 13:40:47+00:00,,False,,,1,0,1,2,0,0,https://github.com/BCStudentSoftwareDevTeam/celts/pull/963,,,True,False
celts,964,Add icon,doucoureb,User,closed,False,2023-06-27 13:45:54+00:00,2023-07-13T21:43:39Z,2023-07-13 21:42:06+00:00,2023-07-13 21:42:06+00:00,True,,,141,67,5,32,2,10,https://github.com/BCStudentSoftwareDevTeam/celts/pull/964,391.93666666666667,16.330694444444443,False,True
celts,965,Add participants,doucoureb,User,closed,False,2023-06-27 14:02:18+00:00,2023-07-05T16:07:22Z,2023-07-05 16:07:16+00:00,,False,,,21,42,6,6,2,2,https://github.com/BCStudentSoftwareDevTeam/celts/pull/965,,,True,False
celts,966,Added RSVP Logs Tab to All Events,hoerstl,User,closed,False,2023-06-27 18:42:33+00:00,2023-07-05T14:41:20Z,2023-07-05 14:41:16+00:00,2023-07-05 14:41:16+00:00,True,,,219,113,22,23,1,4,https://github.com/BCStudentSoftwareDevTeam/celts/pull/966,187.97861111111112,7.83244212962963,False,True
celts,967,Data has been removed from URL of the Ajax request and added restriction in route,Mercy-Eze,User,closed,False,2023-06-27 19:37:43+00:00,2023-07-03T16:11:01Z,2023-07-03 16:09:36+00:00,2023-07-03 16:09:36+00:00,True,,,11,7,2,2,1,2,https://github.com/BCStudentSoftwareDevTeam/celts/pull/967,140.5313888888889,5.855474537037037,False,True
celts,968,792 refactor program events table,michelmonc,User,closed,False,2023-06-28 15:06:00+00:00,2023-07-13T15:23:59Z,2023-07-13 15:23:49+00:00,2023-07-13 15:23:49+00:00,True,,,190,339,27,16,2,27,https://github.com/BCStudentSoftwareDevTeam/celts/pull/968,360.2969444444444,15.012372685185184,False,True
celts,970,Fixed the file upload box,hoerstl,User,closed,False,2023-06-30 19:18:55+00:00,2023-07-05T14:05:46Z,2023-07-05 14:05:42+00:00,2023-07-05 14:05:42+00:00,True,,,97,35,3,9,1,14,https://github.com/BCStudentSoftwareDevTeam/celts/pull/970,114.77972222222222,4.7824884259259255,False,True
celts,971,845 file attachment fix,ojmakinde,User,closed,False,2023-07-03 14:31:29+00:00,2023-07-05T20:48:45Z,2023-07-05 20:48:25+00:00,2023-07-05 20:48:25+00:00,True,,,144,52,5,20,1,17,https://github.com/BCStudentSoftwareDevTeam/celts/pull/971,54.282222222222224,2.2617592592592595,False,True
celts,975,Creating a new table for RSVP'd participants that did not attend,hoerstl,User,closed,False,2023-07-07 14:31:53+00:00,2023-07-11T13:07:27Z,2023-07-11 13:07:18+00:00,2023-07-11 13:07:18+00:00,True,,,405,218,8,24,1,5,https://github.com/BCStudentSoftwareDevTeam/celts/pull/975,94.59027777777777,3.941261574074074,False,True
celts,977,Mobile kiosk mode,Mercy-Eze,User,closed,False,2023-07-10 13:25:54+00:00,2023-08-08T20:44:26Z,2023-08-08 20:44:22+00:00,2023-08-08 20:44:22+00:00,True,,,133,92,5,22,2,12,https://github.com/BCStudentSoftwareDevTeam/celts/pull/977,703.3077777777778,29.304490740740743,False,True
celts,980,Email functionality restoration,andersoncedu,User,closed,False,2023-07-10 15:05:53+00:00,2023-07-26T19:06:03Z,2023-07-26 19:06:00+00:00,2023-07-26 19:06:00+00:00,True,,,524,260,21,82,4,18,https://github.com/BCStudentSoftwareDevTeam/celts/pull/980,388.00194444444446,16.166747685185186,False,True
celts,1000,updated event to work with program_id and removed programevent table,AndersonStettner,User,closed,False,2023-07-13 17:00:13+00:00,2023-07-13T18:52:09Z,2023-07-13 18:52:04+00:00,2023-07-13 18:52:04+00:00,True,,,8,33,1,1,1,0,https://github.com/BCStudentSoftwareDevTeam/celts/pull/1000,1.8641666666666667,0.07767361111111111,False,True
celts,1001,Fixed landing page for non Bonner students,AndersonStettner,User,closed,False,2023-07-13 19:01:17+00:00,2023-07-13T19:23:20Z,2023-07-13 19:23:10+00:00,2023-07-13 19:23:10+00:00,True,,,6,5,1,3,1,0,https://github.com/BCStudentSoftwareDevTeam/celts/pull/1001,0.3647222222222222,0.015196759259259259,False,True
celts,1005,979 syllabus upload button change,ojmakinde,User,closed,False,2023-07-14 20:03:44+00:00,2023-07-20T14:10:58Z,2023-07-20 14:10:54+00:00,2023-07-20 14:10:54+00:00,True,,,191,266,12,23,2,8,https://github.com/BCStudentSoftwareDevTeam/celts/pull/1005,138.11944444444444,5.754976851851851,False,True
celts,1006,Fixed All Volunteer and Other CELTS Events event creation,AndersonStettner,User,closed,False,2023-07-17 18:59:47+00:00,2023-07-18T14:39:04Z,2023-07-18 14:39:00+00:00,2023-07-18 14:39:00+00:00,True,,,6,7,4,2,2,0,https://github.com/BCStudentSoftwareDevTeam/celts/pull/1006,19.65361111111111,0.8189004629629629,False,True
celts,1007,Saving files for courses and events without duplication,michelmonc,User,closed,False,2023-07-17 20:01:05+00:00,2023-07-21T13:55:46Z,2023-07-21 13:55:43+00:00,2023-07-21 13:55:43+00:00,True,,,38,8,2,17,3,10,https://github.com/BCStudentSoftwareDevTeam/celts/pull/1007,89.91055555555556,3.7462731481481484,False,True
celts,1008,Removed call to program.id which should have been program.,andersoncedu,User,closed,False,2023-07-18 13:13:08+00:00,2023-07-18T16:32:47Z,2023-07-18 16:32:27+00:00,2023-07-18 16:32:27+00:00,True,,,5,5,2,4,2,1,https://github.com/BCStudentSoftwareDevTeam/celts/pull/1008,3.3219444444444446,0.13841435185185186,False,True
celts,1009,link to reccuring event fixed and file saved,doucoureb,User,closed,False,2023-07-18 15:57:47+00:00,2023-07-20T14:54:45Z,2023-07-20 14:54:42+00:00,2023-07-20 14:54:42+00:00,True,,,1,1,1,3,4,0,https://github.com/BCStudentSoftwareDevTeam/celts/pull/1009,46.94861111111111,1.9561921296296296,False,True
celts,1010,Event default location,doucoureb,User,closed,False,2023-07-19 18:49:27+00:00,2023-07-20T14:59:26Z,2023-07-20 14:59:08+00:00,2023-07-20 14:59:08+00:00,True,,,5,1,1,7,5,0,https://github.com/BCStudentSoftwareDevTeam/celts/pull/1010,20.16138888888889,0.8400578703703704,False,True
celts,1011,995 faculty emailing,michelmonc,User,closed,False,2023-07-21 18:26:34+00:00,2023-08-07T19:13:03Z,2023-08-07 19:12:59+00:00,2023-08-07 19:12:59+00:00,True,,,249,242,5,19,2,10,https://github.com/BCStudentSoftwareDevTeam/celts/pull/1011,408.7736111111111,17.032233796296296,False,True
celts,1012,999 training hover,hoerstl,User,closed,False,2023-07-25 17:19:48+00:00,2023-08-09T14:52:57Z,2023-08-09 14:52:54+00:00,2023-08-09 14:52:54+00:00,True,,,344,251,14,52,2,10,https://github.com/BCStudentSoftwareDevTeam/celts/pull/1012,357.5516666666667,14.897986111111111,False,True
celts,1013,691 celts sponsored program,ojmakinde,User,closed,False,2023-07-27 18:57:18+00:00,2023-08-09T12:49:20Z,2023-08-09 12:48:56+00:00,2023-08-09 12:48:56+00:00,True,,,305,316,16,29,1,21,https://github.com/BCStudentSoftwareDevTeam/celts/pull/1013,305.86055555555555,12.744189814814815,False,True
celts,1014,Implementation of Canceled event Concept,Mercy-Eze,User,closed,False,2023-07-27 19:30:37+00:00,2023-08-07T13:32:17Z,2023-08-07 13:32:11+00:00,2023-08-07 13:32:11+00:00,True,,,193,76,11,45,1,36,https://github.com/BCStudentSoftwareDevTeam/celts/pull/1014,258.0261111111111,10.751087962962963,False,True
celts,1015,996 refactor dietary restriction,azabeli,User,closed,False,2023-07-27 23:15:15+00:00,2023-08-08T22:20:18Z,2023-08-08 22:20:15+00:00,2023-08-08 22:20:15+00:00,True,,,343,85,11,37,2,11,https://github.com/BCStudentSoftwareDevTeam/celts/pull/1015,287.0833333333333,11.961805555555555,False,True
celts,1018,Fix prod backup,AndersonStettner,User,closed,False,2023-08-01 18:02:31+00:00,2023-08-01T19:34:45Z,2023-08-01 19:22:05+00:00,2023-08-01 19:22:05+00:00,True,,,5,4,2,2,1,0,https://github.com/BCStudentSoftwareDevTeam/celts/pull/1018,1.326111111111111,0.055254629629629626,False,True
celts,1022,992 emergency contact information,hoerstl,User,closed,False,2023-08-02 16:09:02+00:00,2023-08-07T15:24:10Z,2023-08-07 15:22:47+00:00,2023-08-07 15:22:47+00:00,True,,,633,17,16,50,1,15,https://github.com/BCStudentSoftwareDevTeam/celts/pull/1022,119.22916666666667,4.967881944444445,False,True
celts,1023,Renamed Non-Attended Accordion,AndersonStettner,User,closed,False,2023-08-03 15:23:25+00:00,2023-08-07T13:09:19Z,2023-08-07 13:09:12+00:00,2023-08-07 13:09:12+00:00,True,,,2,2,1,1,1,0,https://github.com/BCStudentSoftwareDevTeam/celts/pull/1023,93.76305555555555,3.9067939814814814,False,True
celts,1024,Reformatted queries in volunteer.py,AndersonStettner,User,closed,False,2023-08-04 15:32:39+00:00,2023-08-07T13:11:03Z,2023-08-07 13:11:00+00:00,2023-08-07 13:11:00+00:00,True,,,5,8,1,2,1,0,https://github.com/BCStudentSoftwareDevTeam/celts/pull/1024,69.63916666666667,2.9016319444444445,False,True
celts,1026,Delete attachment flash message color,AndersonStettner,User,closed,False,2023-08-09 15:43:21+00:00,2023-08-09T18:06:43Z,2023-08-09 18:06:40+00:00,2023-08-09 18:06:40+00:00,True,,,1,1,1,2,1,0,https://github.com/BCStudentSoftwareDevTeam/celts/pull/1026,2.388611111111111,0.09952546296296295,False,True
celts,1027,Fix Program Trainings section on Event View,AndersonStettner,User,closed,False,2023-08-09 18:03:25+00:00,2023-08-09T19:26:38Z,2023-08-09 19:12:00+00:00,2023-08-09 19:12:00+00:00,True,,,13,12,2,6,1,0,https://github.com/BCStudentSoftwareDevTeam/celts/pull/1027,1.1430555555555555,0.04762731481481481,False,True
celts,1036,"CELTS asked for new data for reports, added the new queries for that data to `spreadsheet.py`",AndersonStettner,User,closed,False,2023-08-14 15:37:25+00:00,2023-08-14T15:39:35Z,2023-08-14 15:39:32+00:00,,False,,,53,51,2,7,1,0,https://github.com/BCStudentSoftwareDevTeam/celts/pull/1036,,,True,False
celts,1037,"CELTS asked for new data for reports, added the new queries for that data to `spreadsheet.py`",AndersonStettner,User,closed,False,2023-08-14 15:41:34+00:00,2023-08-23T13:08:33Z,2023-08-22 17:06:44+00:00,2023-08-22 17:06:44+00:00,True,,,68,10,2,13,1,0,https://github.com/BCStudentSoftwareDevTeam/celts/pull/1037,193.41944444444445,8.05914351851852,False,True
celts,1038,Turn email on View Events page into mailtolink,stevensonmichel,User,closed,False,2023-08-15 14:15:57+00:00,2023-08-15T14:24:12Z,2023-08-15 14:24:09+00:00,2023-08-15 14:24:09+00:00,True,AndersonStettner,User,1,1,1,1,1,0,https://github.com/BCStudentSoftwareDevTeam/celts/pull/1038,0.13666666666666666,0.005694444444444444,False,True
celts,1039,Attendance Limit for RSVP,stevensonmichel,User,closed,False,2023-08-15 15:26:14+00:00,2023-08-17T17:34:27Z,2023-08-17 17:34:24+00:00,2023-08-17 17:34:24+00:00,True,AndersonStettner,User,1,1,1,2,1,1,https://github.com/BCStudentSoftwareDevTeam/celts/pull/1039,50.13611111111111,2.08900462962963,False,True
celts,1041,Add upcoming event count to student led accordion.,AndersonStettner,User,closed,False,2023-08-16 15:57:04+00:00,2023-08-22T16:59:59Z,2023-08-22 16:59:50+00:00,2023-08-22 16:59:50+00:00,True,,,121,13,6,9,2,0,https://github.com/BCStudentSoftwareDevTeam/celts/pull/1041,145.04611111111112,6.043587962962963,False,True
celts,1042,Creation of log for dietary restrictions,stevensonmichel,User,closed,False,2023-08-17 18:45:04+00:00,2023-08-28T14:31:39Z,2023-08-28 14:31:35+00:00,2023-08-28 14:31:35+00:00,True,AndersonStettner,User,8,1,1,5,2,0,https://github.com/BCStudentSoftwareDevTeam/celts/pull/1042,259.7752777777778,10.823969907407408,False,True
celts,1046,Fixed dietary restriction section on user profile.,AndersonStettner,User,closed,False,2023-08-22 15:53:22+00:00,2023-08-22T16:52:22Z,2023-08-22 16:49:51+00:00,2023-08-22 16:49:51+00:00,True,,,1,4,2,1,1,0,https://github.com/BCStudentSoftwareDevTeam/celts/pull/1046,0.9413888888888889,0.03922453703703704,False,True
celts,1051,Fixed RSVP limit 0,AndersonStettner,User,closed,False,2023-08-23 13:43:03+00:00,2023-08-25T19:57:12Z,2023-08-25 19:57:10+00:00,2023-08-25 19:57:10+00:00,True,,,1,1,1,1,2,0,https://github.com/BCStudentSoftwareDevTeam/celts/pull/1051,54.235277777777775,2.2598032407407405,False,True
celts,1052,Change of flash message for multiple added volunteers,stevensonmichel,User,closed,False,2023-08-23 17:44:02+00:00,2023-08-28T20:07:54Z,2023-08-28 20:07:50+00:00,2023-08-28 20:07:50+00:00,True,AndersonStettner,User,20,3,1,3,2,0,https://github.com/BCStudentSoftwareDevTeam/celts/pull/1052,122.39666666666666,5.099861111111111,False,True
celts,1054,Bonner bug,ojmakinde,User,closed,False,2023-08-25 20:19:38+00:00,2023-08-28T16:47:48Z,2023-08-28 16:47:30+00:00,2023-08-28 16:47:30+00:00,True,,,9,1,2,6,1,0,https://github.com/BCStudentSoftwareDevTeam/celts/pull/1054,68.46444444444444,2.852685185185185,False,True
celts,1057,fixed upcoming event counter for student led events,AndersonStettner,User,closed,False,2023-08-29 14:01:12+00:00,2023-08-29T18:07:45Z,2023-08-29 18:07:42+00:00,2023-08-29 18:07:42+00:00,True,,,2,3,2,3,1,0,https://github.com/BCStudentSoftwareDevTeam/celts/pull/1057,4.108333333333333,0.17118055555555556,False,True
celts,1058,Added Emergency contact info to Volunteer Details,andersoncedu,User,closed,False,2023-08-29 16:02:46+00:00,2023-10-18T13:31:45Z,2023-10-18 13:31:41+00:00,2023-10-18 13:31:40+00:00,True,AndersonStettner,User,33,21,3,18,5,11,https://github.com/BCStudentSoftwareDevTeam/celts/pull/1058,1197.4816666666666,49.89506944444444,False,True
celts,1063,Student admin,qasema,User,open,True,2023-09-01 20:59:27+00:00,2024-08-25T03:22:09Z,,,False,,,569,264,15,44,12,23,https://github.com/BCStudentSoftwareDevTeam/celts/pull/1063,,,False,False
celts,1064,View past event toggle,azabeli,User,closed,False,2023-09-01 21:04:26+00:00,2023-09-06T20:31:08Z,2023-09-06 20:31:04+00:00,,False,,,50,15,4,17,1,0,https://github.com/BCStudentSoftwareDevTeam/celts/pull/1064,,,True,False
celts,1065,978 Add toast notification to Bonner Cohort,andersoncedu,User,closed,False,2023-09-05 15:40:06+00:00,2023-10-24T15:14:44Z,2023-10-24 15:14:40+00:00,2023-10-24 15:14:40+00:00,True,AndersonStettner,User,5,0,1,15,5,8,https://github.com/BCStudentSoftwareDevTeam/celts/pull/1065,1175.576111111111,48.98233796296296,False,True
celts,1067,Toggle view past events,Karina-Agliullova,User,closed,False,2023-09-06 19:48:29+00:00,2023-09-06T20:30:43Z,2023-09-06 20:30:37+00:00,,False,,,44,9,3,17,1,0,https://github.com/BCStudentSoftwareDevTeam/celts/pull/1067,,,True,False
celts,1068,Test random branch to push,Karina-Agliullova,User,closed,True,2023-09-06 19:52:43+00:00,2023-09-06T19:54:00Z,2023-09-06 19:53:56+00:00,,False,,,39,0,3,18,0,0,https://github.com/BCStudentSoftwareDevTeam/celts/pull/1068,,,True,False
celts,1069,Fixed the toggle issue for viewing past events,Karina-Agliullova,User,closed,False,2023-09-06 20:24:53+00:00,2023-10-06T17:14:21Z,2023-10-06 17:14:18+00:00,2023-10-06 17:14:18+00:00,True,AndersonStettner,User,5,5,1,4,5,0,https://github.com/BCStudentSoftwareDevTeam/celts/pull/1069,716.8236111111111,29.86765046296296,False,True
celts,1070,Allow Student Staff to be added as CELTS-Link Admin through the UI,AndersonStettner,User,closed,False,2023-09-07 15:21:58+00:00,2023-09-07T15:47:43Z,2023-09-07 15:47:40+00:00,2023-09-07 15:47:40+00:00,True,,,22,18,5,3,1,0,https://github.com/BCStudentSoftwareDevTeam/celts/pull/1070,0.42833333333333334,0.017847222222222223,False,True
celts,1071,Pull in Production ,AndersonStettner,User,closed,False,2023-09-07 16:04:24+00:00,2023-09-07T16:08:38Z,2023-09-07 16:08:38+00:00,2023-09-07 16:08:38+00:00,True,AndersonStettner,User,22,18,5,5,1,0,https://github.com/BCStudentSoftwareDevTeam/celts/pull/1071,0.07055555555555555,0.002939814814814815,False,False
celts,1072,Fixed the remove button,Karina-Agliullova,User,closed,False,2023-09-11 19:01:33+00:00,2024-04-19T18:28:50Z,2024-04-19 18:24:51+00:00,2024-04-19 18:24:51+00:00,True,bledsoef,User,54,42,2,23,5,5,https://github.com/BCStudentSoftwareDevTeam/celts/pull/1072,5303.388333333333,220.97451388888888,False,True
celts,1074,fixed the search button functionality,azabeli,User,closed,False,2023-09-13 21:15:40+00:00,2023-09-19T17:06:01Z,2023-09-19 17:05:59+00:00,2023-09-19 17:05:59+00:00,True,AndersonStettner,User,7,1,2,2,2,0,https://github.com/BCStudentSoftwareDevTeam/celts/pull/1074,139.8386111111111,5.826608796296296,False,True
celts,1076,Pull Production into Development,AndersonStettner,User,closed,False,2023-09-15 13:49:33+00:00,2023-09-15T13:51:06Z,2023-09-15 13:51:05+00:00,2023-09-15 13:51:05+00:00,True,,,4,8,1,3,1,0,https://github.com/BCStudentSoftwareDevTeam/celts/pull/1076,0.025555555555555557,0.0010648148148148149,False,True
celts,1080,Celts labor,AndersonStettner,User,closed,True,2023-09-21 19:09:51+00:00,2023-10-10T18:55:17Z,2023-10-10 18:54:10+00:00,,False,,,198,79,6,15,1,0,https://github.com/BCStudentSoftwareDevTeam/celts/pull/1080,,,True,False
celts,1081,allow past terms to be selected when creating an event,AndersonStettner,User,closed,False,2023-09-22 14:19:56+00:00,2023-09-22T14:50:08Z,2023-09-22 14:50:08+00:00,,False,,,9,2,3,8,1,0,https://github.com/BCStudentSoftwareDevTeam/celts/pull/1081,,,True,False
celts,1082,Event images,qasema,User,closed,False,2023-09-25 20:44:30+00:00,2023-10-18T16:00:25Z,2023-10-18 16:00:22+00:00,2023-10-18 16:00:22+00:00,True,AndersonStettner,User,104,16,6,19,5,11,https://github.com/BCStudentSoftwareDevTeam/celts/pull/1082,547.2644444444444,22.802685185185183,False,True
celts,1083,Fix counter on Event List when the only upcoming event for a program is canceled,AndersonStettner,User,closed,False,2023-09-27 13:19:05+00:00,2023-09-27T13:30:50Z,2023-09-27 13:30:42+00:00,2023-09-27 13:30:42+00:00,True,,,1,1,1,2,1,0,https://github.com/BCStudentSoftwareDevTeam/celts/pull/1083,0.19361111111111112,0.00806712962962963,False,True
celts,1086,removed unnecessary save from admin and RSVP logs,AndersonStettner,User,closed,False,2023-10-09 13:39:11+00:00,2023-10-09T13:40:58Z,2023-10-09 13:40:55+00:00,2023-10-09 13:40:55+00:00,True,,,3,4,1,1,1,0,https://github.com/BCStudentSoftwareDevTeam/celts/pull/1086,0.028888888888888888,0.0012037037037037036,False,True
celts,1087,Countdown on event view,doucoureb,User,closed,False,2023-10-12 01:51:41+00:00,2024-04-17T13:29:31Z,2024-04-17 13:29:29+00:00,2024-04-17 13:29:29+00:00,True,AndersonStettner,User,192,32,5,52,5,8,https://github.com/BCStudentSoftwareDevTeam/celts/pull/1087,4523.63,188.48458333333335,False,True
celts,1088,Celts labor,AndersonStettner,User,closed,False,2023-10-12 19:01:52+00:00,2023-12-14T18:14:51Z,2023-12-14 18:14:41+00:00,2023-12-14 18:14:41+00:00,True,,,536,87,15,42,3,3,https://github.com/BCStudentSoftwareDevTeam/celts/pull/1088,1511.213611111111,62.96723379629629,False,True
celts,1089,FLASK_ENV Changes.,ojmakinde,User,closed,False,2023-10-12 19:13:09+00:00,2023-11-13T16:03:07Z,2023-11-13 16:03:02+00:00,2023-11-13 16:03:02+00:00,True,,,16,18,8,21,4,4,https://github.com/BCStudentSoftwareDevTeam/celts/pull/1089,764.8313888888889,31.86797453703704,False,True
celts,1090,update program links,qasema,User,closed,False,2023-10-12 20:31:11+00:00,2024-02-19T21:30:13Z,2024-02-19 21:30:10+00:00,2024-02-19 21:30:09+00:00,True,AndersonStettner,User,85,56,9,26,9,3,https://github.com/BCStudentSoftwareDevTeam/celts/pull/1090,3120.9827777777778,130.04094907407406,False,True
celts,1091,Renew/Reschedule Canceled Events Issue 986,andersoncedu,User,closed,False,2023-10-13 14:50:38+00:00,2024-03-19T19:31:34Z,2024-03-19 19:31:23+00:00,2024-03-19 19:31:23+00:00,True,bledsoef,User,297,127,6,48,14,42,https://github.com/BCStudentSoftwareDevTeam/celts/pull/1091,3796.679166666667,158.19496527777778,False,True
celts,1092,Minor models,Karina-Agliullova,User,closed,False,2023-10-16 19:38:18+00:00,2023-10-19T17:47:24Z,2023-10-19 17:47:19+00:00,2023-10-19 17:47:19+00:00,True,,,17,0,4,5,1,0,https://github.com/BCStudentSoftwareDevTeam/celts/pull/1092,70.15027777777777,2.9229282407407404,False,True
celts,1093,Celts minor skel,AndersonStettner,User,closed,False,2023-10-19 14:02:32+00:00,2023-10-19T15:57:06Z,2023-10-19 15:48:35+00:00,2023-10-19 15:48:35+00:00,True,,,70,0,12,9,1,0,https://github.com/BCStudentSoftwareDevTeam/celts/pull/1093,1.7675,0.07364583333333334,False,True
celts,1095,Clean student managers - issue 957,andersoncedu,User,closed,False,2023-10-20 12:17:51+00:00,2023-10-31T14:38:48Z,2023-10-31 14:38:44+00:00,2023-10-31 14:38:44+00:00,True,AndersonStettner,User,26,2,2,4,3,0,https://github.com/BCStudentSoftwareDevTeam/celts/pull/1095,266.34805555555556,11.097835648148148,False,True
celts,1096,Minor page 989,bledsoef,User,closed,False,2023-10-24 02:56:22+00:00,2023-12-12T20:38:12Z,2023-12-12 20:37:41+00:00,2023-12-12 20:37:41+00:00,True,,,477,6,10,20,9,10,https://github.com/BCStudentSoftwareDevTeam/celts/pull/1096,1193.6886111111112,49.73702546296297,False,True
celts,1097,fixed displayFilesMacro,AndersonStettner,User,closed,False,2023-10-26 12:48:11+00:00,2023-10-26T13:03:54Z,2023-10-26 13:03:51+00:00,2023-10-26 13:03:51+00:00,True,,,23,25,1,1,1,0,https://github.com/BCStudentSoftwareDevTeam/celts/pull/1097,0.2611111111111111,0.01087962962962963,False,True
celts,1098,fixed prod backup,AndersonStettner,User,closed,False,2023-10-26 15:02:21+00:00,2023-10-26T15:25:30Z,2023-10-26 15:25:27+00:00,2023-10-26 15:25:27+00:00,True,,,4,2,1,1,1,0,https://github.com/BCStudentSoftwareDevTeam/celts/pull/1098,0.385,0.016041666666666666,False,True
celts,1099,Change SLC default hours to 20 - issue1034,andersoncedu,User,closed,False,2023-10-27 13:30:25+00:00,2023-11-13T21:31:31Z,2023-10-30 17:30:08+00:00,2023-10-30 17:30:08+00:00,True,AndersonStettner,User,2,1,2,6,2,0,https://github.com/BCStudentSoftwareDevTeam/celts/pull/1099,75.99527777777777,3.166469907407407,False,True
celts,1101,Remove unnecessary queries issue1100,andersoncedu,User,closed,False,2023-10-27 15:04:53+00:00,2023-11-13T20:12:24Z,2023-11-13 20:12:20+00:00,2023-11-13 20:12:20+00:00,True,,,18,7,2,9,1,5,https://github.com/BCStudentSoftwareDevTeam/celts/pull/1101,413.12416666666667,17.213506944444443,False,True
celts,1102,884 generalize spreadsheet,andersoncedu,User,closed,False,2023-11-17 15:54:39+00:00,2024-04-18T17:03:33Z,2024-04-18 17:03:25+00:00,2024-04-18 17:03:24+00:00,True,AndersonStettner,User,450,45,2,55,4,127,https://github.com/BCStudentSoftwareDevTeam/celts/pull/1102,3673.1458333333335,153.04774305555557,False,True
celts,1103,Request other community engagement,azabeli,User,closed,True,2023-11-17 21:27:17+00:00,2024-01-23T20:19:30Z,2024-01-23 20:19:30+00:00,,False,,,204,10,7,22,3,3,https://github.com/BCStudentSoftwareDevTeam/celts/pull/1103,,,True,False
celts,1105,Cce Minor Admin Page,gahimbaref,User,closed,True,2023-12-15 18:54:25+00:00,2024-01-23T20:19:05Z,2024-01-23 20:19:05+00:00,,False,,,275,17,12,24,1,0,https://github.com/BCStudentSoftwareDevTeam/celts/pull/1105,,,True,False
celts,1106,Minor integration,AndersonStettner,User,closed,False,2023-12-18 20:48:37+00:00,2024-03-01T17:44:48Z,2024-02-27 15:00:20+00:00,2024-02-27 15:00:20+00:00,True,AndersonStettner,User,2283,1349,50,137,7,78,https://github.com/BCStudentSoftwareDevTeam/celts/pull/1106,1698.1952777777778,70.75813657407407,False,False
celts,1107,1053 Improve logging for import_users.py,daizenj,User,closed,True,2023-12-22 01:28:48+00:00,2024-04-12T18:25:27Z,2024-04-12 18:25:27+00:00,,False,,,28,15,2,3,2,0,https://github.com/BCStudentSoftwareDevTeam/celts/pull/1107,,,True,False
celts,1108,1078 Fix lingering email validity message,daizenj,User,closed,True,2023-12-27 20:46:00+00:00,2023-12-27T20:52:14Z,2023-12-27 20:51:56+00:00,,False,,,50,28,3,2,0,0,https://github.com/BCStudentSoftwareDevTeam/celts/pull/1108,,,True,False
celts,1109,Fix lingering email validity message,daizenj,User,closed,False,2023-12-27 20:54:06+00:00,2024-01-19T17:10:20Z,2024-01-19 17:10:20+00:00,2024-01-19 17:10:20+00:00,True,bledsoef,User,23,14,1,4,0,0,https://github.com/BCStudentSoftwareDevTeam/celts/pull/1109,548.2705555555556,22.84460648148148,False,True
celts,1110,modified actions script to make sure our workflow stull works on forked pull requests,AndersonStettner,User,closed,False,2024-01-04 14:17:21+00:00,2024-01-04T17:46:31Z,2024-01-04 17:46:29+00:00,2024-01-04 17:46:29+00:00,True,,,1,1,1,5,1,0,https://github.com/BCStudentSoftwareDevTeam/celts/pull/1110,3.4855555555555555,0.1452314814814815,False,True
celts,1111,Creation of UI for Imported Courses,stevensonmichel,User,closed,False,2024-01-04 18:16:14+00:00,2024-05-07T15:15:56Z,2024-05-07 15:15:52+00:00,2024-05-07 15:15:52+00:00,True,AndersonStettner,User,610,178,14,118,18,96,https://github.com/BCStudentSoftwareDevTeam/celts/pull/1111,2972.9938888888887,123.87474537037036,False,True
celts,1112,working on script,AndersonStettner,User,closed,False,2024-01-04 19:33:33+00:00,2024-01-04T19:40:19Z,2024-01-04 19:40:15+00:00,2024-01-04 19:40:15+00:00,True,AndersonStettner,User,2,2,1,1,1,0,https://github.com/BCStudentSoftwareDevTeam/celts/pull/1112,0.11166666666666666,0.004652777777777777,False,False
celts,1113,Add test for saveOtherEngagementRequest,daizenj,User,closed,False,2024-01-05 04:09:58+00:00,2024-01-10T20:37:26Z,2024-01-10 20:37:26+00:00,2024-01-10 20:37:26+00:00,True,AndersonStettner,User,54,6,4,2,0,2,https://github.com/BCStudentSoftwareDevTeam/celts/pull/1113,136.45777777777778,5.685740740740741,False,True
celts,1114,Format Update Supervisor Doc field,daizenj,User,closed,False,2024-01-09 17:31:28+00:00,2024-01-10T20:37:24Z,2024-01-10 20:37:24+00:00,2024-01-10 20:37:24+00:00,True,AndersonStettner,User,68,12,5,5,0,0,https://github.com/BCStudentSoftwareDevTeam/celts/pull/1114,27.09888888888889,1.1291203703703705,False,True
celts,1116,1115 event attachment filenames,hoerstl,User,closed,False,2024-01-16 20:20:38+00:00,2024-01-19T16:40:22Z,2024-01-19 16:40:17+00:00,2024-01-19 16:40:17+00:00,True,bledsoef,User,7,4,3,5,1,0,https://github.com/BCStudentSoftwareDevTeam/celts/pull/1116,68.3275,2.846979166666667,False,True
celts,1118,117 volunteer status,azabeli,User,closed,False,2024-01-23 17:41:33+00:00,2024-01-31T22:09:41Z,2024-01-31 22:09:41+00:00,2024-01-31 22:09:41+00:00,True,gahimbaref,User,7,6,3,13,4,4,https://github.com/BCStudentSoftwareDevTeam/celts/pull/1118,196.4688888888889,8.186203703703704,False,True
celts,1119,Refactor Manage Volunteers Controller,bledsoef,User,closed,False,2024-01-24 19:28:33+00:00,2024-03-01T19:01:53Z,2024-03-01 19:01:49+00:00,2024-03-01 19:01:49+00:00,True,bledsoef,User,254,160,14,21,2,10,https://github.com/BCStudentSoftwareDevTeam/celts/pull/1119,887.5544444444445,36.981435185185184,False,False
celts,1126,Changed language on manage volunteers button and modal to be more descriptive,bledsoef,User,closed,False,2024-02-07 15:31:20+00:00,2024-03-13T15:26:03Z,2024-03-13 15:26:03+00:00,2024-03-13 15:26:03+00:00,True,andersoncedu,User,41,26,3,18,7,10,https://github.com/BCStudentSoftwareDevTeam/celts/pull/1126,839.9119444444444,34.99633101851852,False,True
celts,1127,Reorganized the SLC logic and test suites,azabeli,User,closed,False,2024-02-08 18:34:39+00:00,2024-03-18T18:03:11Z,2024-03-18 18:02:26+00:00,2024-03-18 18:02:26+00:00,True,AndersonStettner,User,639,672,22,24,1,19,https://github.com/BCStudentSoftwareDevTeam/celts/pull/1127,935.4630555555556,38.97762731481482,False,True
celts,1129,Update README.md to include SSDT documentation section,Karina-Agliullova,User,closed,False,2024-02-15 21:25:40+00:00,2024-02-16T16:36:34Z,2024-02-16 16:36:34+00:00,2024-02-16 16:36:34+00:00,True,bledsoef,User,5,0,1,1,1,0,https://github.com/BCStudentSoftwareDevTeam/celts/pull/1129,19.18166666666667,0.7992361111111111,False,True
celts,1136,Fixed the upcoming event for Bonner's bug,bledsoef,User,closed,False,2024-02-19 19:33:28+00:00,2024-02-19T21:42:26Z,2024-02-19 21:42:23+00:00,2024-02-19 21:42:23+00:00,True,AndersonStettner,User,1,1,1,2,1,0,https://github.com/BCStudentSoftwareDevTeam/celts/pull/1136,2.1486111111111112,0.08952546296296297,False,True
celts,1139,Update Production,AndersonStettner,User,closed,False,2024-03-13 12:46:26+00:00,2024-03-13T13:13:02Z,2024-03-13 13:13:01+00:00,2024-03-13 13:13:01+00:00,True,,,3305,1079,95,422,1,0,https://github.com/BCStudentSoftwareDevTeam/celts/pull/1139,0.44305555555555554,0.018460648148148146,False,True
celts,1140,Production backup ,AndersonStettner,User,closed,False,2024-03-13 14:02:01+00:00,2024-03-13T14:03:04Z,2024-03-13 14:02:09+00:00,2024-03-13 14:02:09+00:00,True,AndersonStettner,User,137,32,2,3,1,0,https://github.com/BCStudentSoftwareDevTeam/celts/pull/1140,0.0022222222222222222,9.259259259259259e-05,False,False
celts,1153,Fixed SLC term bug,bledsoef,User,closed,False,2024-03-13 18:15:14+00:00,2024-03-13T18:16:56Z,2024-03-13 18:16:50+00:00,2024-03-13 18:16:50+00:00,True,,,2,2,1,1,1,0,https://github.com/BCStudentSoftwareDevTeam/celts/pull/1153,0.02666666666666667,0.0011111111111111111,False,True
celts,1154,Updated sidebar display to show unapproved courses and interested students,bledsoef,User,closed,False,2024-03-13 18:35:18+00:00,2024-04-04T21:07:57Z,2024-04-04 21:07:32+00:00,2024-04-04 21:07:32+00:00,True,bledsoef,User,67,8,4,12,8,3,https://github.com/BCStudentSoftwareDevTeam/celts/pull/1154,530.5372222222222,22.105717592592594,False,False
celts,1155,Event Attachment no longer contains Event ID on Event View page,AndersonStettner,User,closed,False,2024-03-15 15:20:08+00:00,2024-03-18T17:17:46Z,2024-03-18 17:17:42+00:00,2024-03-18 17:17:42+00:00,True,AndersonStettner,User,9,6,3,3,1,0,https://github.com/BCStudentSoftwareDevTeam/celts/pull/1155,73.95944444444444,3.0816435185185185,False,False
celts,1160,Clean up Test Data and refactor CELTS Labor tests to not rely on test data,AndersonStettner,User,closed,False,2024-03-19 13:07:13+00:00,2024-03-28T16:29:02Z,2024-03-28 16:28:52+00:00,2024-03-28 16:28:52+00:00,True,,,108,63,3,9,1,0,https://github.com/BCStudentSoftwareDevTeam/celts/pull/1160,219.36083333333335,9.140034722222223,False,True
celts,1168,Add a new column to the CCE Minor Progress table to indicate that they requested engagement,azabeli,User,closed,False,2024-04-02 21:24:55+00:00,2024-04-10T15:49:36Z,2024-04-10 15:49:33+00:00,2024-04-10 15:49:33+00:00,True,AndersonStettner,User,44,21,4,19,2,0,https://github.com/BCStudentSoftwareDevTeam/celts/pull/1168,186.41055555555556,7.767106481481481,False,True
celts,1169,1133 bonner cohort control,hoerstl,User,closed,False,2024-04-02 22:26:01+00:00,2024-04-19T17:47:55Z,2024-04-19 17:47:55+00:00,2024-04-19 17:47:55+00:00,True,azabeli,User,56,21,4,20,3,18,https://github.com/BCStudentSoftwareDevTeam/celts/pull/1169,403.365,16.806875,False,True
celts,1172,Events that have no requirements now display a check instead of an X,bledsoef,User,closed,False,2024-04-04 20:42:34+00:00,2024-04-04T21:14:40Z,2024-04-04 21:14:40+00:00,2024-04-04 21:14:40+00:00,True,bledsoef,User,3,3,2,3,2,0,https://github.com/BCStudentSoftwareDevTeam/celts/pull/1172,0.535,0.022291666666666668,False,False
celts,1174,Fixed SLC Submit and approve button,bledsoef,User,closed,False,2024-04-08 18:03:01+00:00,2024-04-16T18:22:30Z,2024-04-08 18:38:12+00:00,2024-04-08 18:38:12+00:00,True,stevensonmichel,User,4,4,1,1,2,0,https://github.com/BCStudentSoftwareDevTeam/celts/pull/1174,0.5863888888888888,0.02443287037037037,False,True
celts,1175,Fix data table responsiveness on the minor admin page ,AndersonStettner,User,closed,False,2024-04-09 13:28:22+00:00,2024-04-09T13:34:29Z,2024-04-09 13:34:27+00:00,2024-04-09 13:34:27+00:00,True,,,7,11,3,4,2,0,https://github.com/BCStudentSoftwareDevTeam/celts/pull/1175,0.10138888888888889,0.004224537037037037,False,True
celts,1176,Selectively remove service transcript entry for banned programs,gahimbaref,User,closed,False,2024-04-09 19:48:22+00:00,2024-12-11T13:35:40Z,2024-12-11 13:35:37+00:00,2024-12-11 13:35:37+00:00,True,,,180,56,10,81,3,23,https://github.com/BCStudentSoftwareDevTeam/celts/pull/1176,5897.7875,245.74114583333335,False,True
celts,1177,Containerize application,AndersonStettner,User,closed,False,2024-04-10 16:09:49+00:00,2024-04-12T15:49:40Z,2024-04-12 15:42:49+00:00,2024-04-12 15:42:49+00:00,True,,,81,9,5,25,1,0,https://github.com/BCStudentSoftwareDevTeam/celts/pull/1177,47.55,1.98125,False,True
celts,1178,Ask for additional information for Community-Engaged Summer Experienceadded some additional information,azabeli,User,closed,True,2024-04-12 18:29:07+00:00,2024-04-24T16:03:50Z,2024-04-24 16:03:50+00:00,,False,,,116,68,3,7,1,0,https://github.com/BCStudentSoftwareDevTeam/celts/pull/1178,,,True,False
celts,1181,Updated readme with link to permissions matrix,bledsoef,User,closed,False,2024-04-17 18:30:03+00:00,2024-05-07T15:26:31Z,2024-05-07 15:26:31+00:00,2024-05-07 15:26:31+00:00,True,stevensonmichel,User,4,0,1,3,1,1,https://github.com/BCStudentSoftwareDevTeam/celts/pull/1181,476.9411111111111,19.872546296296296,False,True
celts,1182,1145 email minor interest,hoerstl,User,closed,False,2024-04-18 20:50:54+00:00,2024-05-01T19:01:59Z,2024-05-01 19:01:56+00:00,2024-05-01 19:01:56+00:00,True,AndersonStettner,User,53,45,7,10,9,2,https://github.com/BCStudentSoftwareDevTeam/celts/pull/1182,310.1838888888889,12.924328703703702,False,True
celts,1183,Add a graduated flag and display it on the CCE Minor Progress table,azabeli,User,closed,True,2024-04-25 21:39:33+00:00,2024-08-25T02:51:48Z,2024-08-25 02:51:48+00:00,,False,,,11,6,3,1,1,0,https://github.com/BCStudentSoftwareDevTeam/celts/pull/1183,,,True,False
celts,1184,1151 other community experience rework,hoerstl,User,closed,False,2024-04-30 20:09:09+00:00,2024-05-02T20:17:18Z,2024-05-02 20:17:15+00:00,2024-05-02 20:17:15+00:00,True,AndersonStettner,User,133,52,8,9,3,1,https://github.com/BCStudentSoftwareDevTeam/celts/pull/1184,48.135,2.0056249999999998,False,True
celts,1185,ali works now,ali-ramazani,User,closed,False,2024-06-10 20:01:34+00:00,2024-06-11T14:37:56Z,2024-06-11 14:37:42+00:00,2024-06-11 14:37:42+00:00,True,ali-ramazani,User,8,0,3,3,2,0,https://github.com/BCStudentSoftwareDevTeam/celts/pull/1185,18.602222222222224,0.7750925925925927,False,False
celts,1186,demo push,AravDe,User,closed,False,2024-06-11 14:21:41+00:00,2024-06-11T14:23:40Z,2024-06-11 14:22:33+00:00,,False,,,2,1,1,1,1,0,https://github.com/BCStudentSoftwareDevTeam/celts/pull/1186,,,True,False
celts,1187,Seedy new branch,seedyjahateh,User,closed,False,2024-06-11 14:34:26+00:00,2024-06-18T16:29:19Z,2024-06-18 16:29:19+00:00,,False,,,3,1,2,2,2,0,https://github.com/BCStudentSoftwareDevTeam/celts/pull/1187,,,True,False
celts,1188,Mustafa14 new branch,Ndiayem14,User,closed,False,2024-06-11 14:34:37+00:00,2024-06-18T16:29:13Z,2024-06-18 16:29:12+00:00,,False,,,3,1,2,2,2,0,https://github.com/BCStudentSoftwareDevTeam/celts/pull/1188,,,True,False
celts,1189,Added Contributors Information ,Mahak1729,User,closed,False,2024-06-11 14:37:31+00:00,2024-06-18T16:29:24Z,2024-06-18 16:29:24+00:00,,False,,,18,14,3,8,3,0,https://github.com/BCStudentSoftwareDevTeam/celts/pull/1189,,,True,False
celts,1190,Anna and Imran added names in the contributor list,vungc,User,closed,False,2024-06-11 14:40:11+00:00,2024-06-11T14:50:07Z,2024-06-11 14:50:04+00:00,2024-06-11 14:50:04+00:00,True,,,4,0,1,2,1,0,https://github.com/BCStudentSoftwareDevTeam/celts/pull/1190,0.16472222222222221,0.006863425925925926,False,True
celts,1191,We added our names to the list of contributors in default.yml file.,seedyjahateh,User,closed,False,2024-06-11 14:50:25+00:00,2024-06-11T15:28:13Z,2024-06-11 15:28:13+00:00,2024-06-11 15:28:13+00:00,True,Karina-Agliullova,User,6,2,1,3,1,0,https://github.com/BCStudentSoftwareDevTeam/celts/pull/1191,0.63,0.02625,False,True
celts,1192,Added my name to the list of contributors,Kafui123,User,closed,False,2024-06-11 14:52:21+00:00,2024-06-11T15:31:53Z,2024-06-11 15:31:53+00:00,2024-06-11 15:31:53+00:00,True,Karina-Agliullova,User,2,0,1,6,3,0,https://github.com/BCStudentSoftwareDevTeam/celts/pull/1192,0.6588888888888889,0.027453703703703702,False,True
celts,1193,Adding name to the contributors,eunsungw,User,closed,False,2024-06-11 14:54:25+00:00,2024-06-11T15:07:47Z,2024-06-11 15:07:00+00:00,2024-06-11 15:07:00+00:00,True,,,3,2,2,5,2,0,https://github.com/BCStudentSoftwareDevTeam/celts/pull/1193,0.20972222222222223,0.008738425925925926,False,True
celts,1194,Josh test branch,thealphagurlux,User,closed,False,2024-06-11 14:54:48+00:00,2024-06-18T16:29:59Z,2024-06-18 16:29:57+00:00,2024-06-18 16:29:57+00:00,True,,,15,3,1,9,1,0,https://github.com/BCStudentSoftwareDevTeam/celts/pull/1194,169.58583333333334,7.066076388888889,False,True
celts,1195,Added my name in contributers ,dixita9,User,closed,False,2024-06-11 14:55:13+00:00,2024-06-18T19:55:07Z,2024-06-18 19:55:02+00:00,,False,,,16,0,2,4,1,4,https://github.com/BCStudentSoftwareDevTeam/celts/pull/1195,,,True,False
celts,1196,Arav,AravDe,User,closed,False,2024-06-11 14:57:18+00:00,2024-06-18T16:29:30Z,2024-06-18 16:29:30+00:00,,False,,,3,1,2,6,2,0,https://github.com/BCStudentSoftwareDevTeam/celts/pull/1196,,,True,False
celts,1197,fixed dash in names of steve and ana,ali-ramazani,User,closed,False,2024-06-11 15:07:54+00:00,2024-06-12T20:46:00Z,2024-06-12 20:14:00+00:00,2024-06-12 20:14:00+00:00,True,,,41,14,6,5,1,0,https://github.com/BCStudentSoftwareDevTeam/celts/pull/1197,29.101666666666667,1.2125694444444444,False,True
celts,1198,changed 'faculty' to 'instructor' in the main page proposal,vungc,User,closed,False,2024-06-11 17:45:23+00:00,2024-06-12T15:31:56Z,2024-06-12 15:31:41+00:00,,False,,,12,2,2,3,2,0,https://github.com/BCStudentSoftwareDevTeam/celts/pull/1198,,,True,False
celts,1200,To uncheck event attachment,Ndiayem14,User,closed,False,2024-06-11 20:52:43+00:00,2024-06-12T21:07:31Z,2024-06-12 21:07:30+00:00,,False,,,66,3,3,4,3,0,https://github.com/BCStudentSoftwareDevTeam/celts/pull/1200,,,True,False
celts,1201,Removed an unused function from volunteers.py,WackyWeaver,User,closed,False,2024-06-11 21:39:33+00:00,2024-06-12T20:02:28Z,2024-06-12 20:02:24+00:00,2024-06-12 20:02:24+00:00,True,,,1,18,2,1,2,0,https://github.com/BCStudentSoftwareDevTeam/celts/pull/1201,22.38083333333333,0.9325347222222221,False,True
celts,1202,Aa issue1,AravDe,User,closed,False,2024-06-12 12:45:56+00:00,2024-06-18T20:25:09Z,2024-06-18 20:24:54+00:00,2024-06-18 20:24:54+00:00,True,,,11,3,2,11,1,2,https://github.com/BCStudentSoftwareDevTeam/celts/pull/1202,151.64944444444444,6.318726851851852,False,True
celts,1203,CELTS Grammar Corrections | Mahak & Gertrude,Mahak1729,User,closed,False,2024-06-12 15:05:16+00:00,2024-06-12T19:52:58Z,2024-06-12 19:52:58+00:00,,False,,,13,13,4,4,2,0,https://github.com/BCStudentSoftwareDevTeam/celts/pull/1203,,,True,False
celts,1204,Made buttons to be not congested and for them to be responsive to smaller screens,vungc,User,closed,False,2024-06-12 15:07:18+00:00,2024-06-12T15:31:51Z,2024-06-12 15:31:48+00:00,2024-06-12 15:31:48+00:00,True,,,26,5,3,5,1,0,https://github.com/BCStudentSoftwareDevTeam/celts/pull/1204,0.4083333333333333,0.017013888888888887,False,True
celts,1205,Create Event delete button correction,JohnCox2211,User,closed,False,2024-06-12 15:10:59+00:00,2024-06-12T20:47:51Z,2024-06-12 20:47:48+00:00,2024-06-12 20:47:48+00:00,True,,,4,1,1,16,1,0,https://github.com/BCStudentSoftwareDevTeam/celts/pull/1205,5.613611111111111,0.23390046296296296,False,True
celts,1207,Grabbed CPO information from the TRACY DB and displayed in the user profile UI,WackyWeaver,User,closed,False,2024-06-12 18:51:19+00:00,2024-06-12T20:14:02Z,2024-06-12 20:13:58+00:00,2024-06-12 20:13:58+00:00,True,,,39,12,6,8,1,0,https://github.com/BCStudentSoftwareDevTeam/celts/pull/1207,1.3775,0.05739583333333333,False,True
celts,1208,CELTS Grammar Corrections 1.1 | Mahak & Gertrude ,Mahak1729,User,closed,False,2024-06-12 19:17:37+00:00,2024-06-18T15:49:37Z,2024-06-18 15:35:38+00:00,2024-06-18 15:35:38+00:00,True,,,19,13,3,4,1,2,https://github.com/BCStudentSoftwareDevTeam/celts/pull/1208,140.30027777777778,5.8458449074074075,False,True
celts,1209,Uncheck event file,Ndiayem14,User,closed,False,2024-06-12 20:03:42+00:00,2024-06-28T21:00:37Z,2024-06-28 21:00:37+00:00,,False,,,74,4,3,7,2,15,https://github.com/BCStudentSoftwareDevTeam/celts/pull/1209,,,True,False
celts,1211,fixed date past rendering issue,ali-ramazani,User,closed,False,2024-06-13 12:47:47+00:00,2024-06-18T21:08:19Z,2024-06-18 21:08:16+00:00,2024-06-18 21:08:16+00:00,True,,,112,44,15,9,4,3,https://github.com/BCStudentSoftwareDevTeam/celts/pull/1211,128.3413888888889,5.347557870370371,False,True
celts,1212,Added full name to the emergency contact updates in admin logs | Kafui Gle and Eun Sung,Kafui123,User,closed,False,2024-06-13 20:16:59+00:00,2024-07-03T18:19:18Z,2024-07-03 18:19:18+00:00,,False,,,13,5,1,2,2,0,https://github.com/BCStudentSoftwareDevTeam/celts/pull/1212,,,True,False
celts,1214,Changed faculty and course labels and made the course name to also show the course number ,MImran2002,User,closed,False,2024-06-14 14:56:00+00:00,2024-07-08T19:59:16Z,2024-07-08 19:59:12+00:00,2024-07-08 19:59:12+00:00,True,,,38,2,3,18,4,10,https://github.com/BCStudentSoftwareDevTeam/celts/pull/1214,581.0533333333333,24.210555555555555,False,True
celts,1215,Event logic comments,JohnCox2211,User,closed,False,2024-06-14 15:19:11+00:00,2024-08-25T03:19:48Z,2024-08-25 03:19:48+00:00,,False,,,155,52,1,13,3,1,https://github.com/BCStudentSoftwareDevTeam/celts/pull/1215,,,True,False
celts,1216,deleted the mediaquery from slcNewProposal.css and added bootstrap breakpoints for slcnewProposal.html,MImran2002,User,closed,False,2024-06-14 19:02:07+00:00,2024-06-28T21:00:05Z,2024-06-28 21:00:02+00:00,2024-06-28 21:00:02+00:00,True,,,4,23,2,3,1,0,https://github.com/BCStudentSoftwareDevTeam/celts/pull/1216,337.96527777777777,14.081886574074074,False,True
celts,1217,Changed admin logs to Activity Logs ,Mbeweg,User,closed,False,2024-06-14 21:20:26+00:00,2024-06-18T19:54:11Z,2024-06-18 19:54:06+00:00,2024-06-18 19:54:06+00:00,True,,,69,69,17,4,1,0,https://github.com/BCStudentSoftwareDevTeam/celts/pull/1217,94.56111111111112,3.9400462962962965,False,True
celts,1218,Graduation flag,ali-ramazani,User,closed,False,2024-06-17 12:55:27+00:00,2024-08-25T05:04:57Z,2024-08-25 05:04:54+00:00,2024-08-25 05:04:54+00:00,True,bledsoef,User,8,1,3,12,5,0,https://github.com/BCStudentSoftwareDevTeam/celts/pull/1218,1648.1575,68.67322916666667,False,True
celts,1219,X button fix (On import participants page),thealphagurlux,User,closed,False,2024-06-17 13:30:29+00:00,2024-07-26T14:07:25Z,2024-07-26 14:07:25+00:00,,False,,,8,5,3,17,3,0,https://github.com/BCStudentSoftwareDevTeam/celts/pull/1219,,,True,False
celts,1220,Renew btn issue,ali-ramazani,User,closed,False,2024-06-17 15:50:51+00:00,2024-07-02T21:02:58Z,2024-07-02 21:02:58+00:00,,False,,,32,14,9,12,2,0,https://github.com/BCStudentSoftwareDevTeam/celts/pull/1220,,,True,False
celts,1221,Check/Uncheck event file - New branch ,Ndiayem14,User,closed,False,2024-06-17 18:35:39+00:00,2024-06-26T15:42:03Z,2024-06-26 15:42:00+00:00,2024-06-26 15:42:00+00:00,True,,,84,88,6,9,1,0,https://github.com/BCStudentSoftwareDevTeam/celts/pull/1221,213.10583333333332,8.879409722222222,False,True
celts,1222,Defensive Driving Background Check Option Added ,thealphagurlux,User,closed,False,2024-06-17 19:05:50+00:00,2024-06-17T20:22:42Z,2024-06-17 20:22:39+00:00,2024-06-17 20:22:39+00:00,True,,,6,3,2,7,2,0,https://github.com/BCStudentSoftwareDevTeam/celts/pull/1222,1.2802777777777778,0.05334490740740741,False,True
celts,1224,Add Interested students,AravDe,User,closed,False,2024-06-17 19:15:16+00:00,2024-07-16T20:43:40Z,2024-07-16 20:43:34+00:00,2024-07-16 20:43:33+00:00,True,,,111,5,4,12,1,11,https://github.com/BCStudentSoftwareDevTeam/celts/pull/1224,697.4713888888889,29.06130787037037,False,True
celts,1226,Check uncheck display final branch,Ndiayem14,User,closed,False,2024-06-18 16:00:34+00:00,2024-07-29T20:14:49Z,2024-07-29 20:14:49+00:00,,False,,,94,107,8,10,2,0,https://github.com/BCStudentSoftwareDevTeam/celts/pull/1226,,,True,False
celts,1227,Negative service hours on SLC proposals,JohnCox2211,User,closed,False,2024-06-18 16:52:38+00:00,2024-06-18T19:52:36Z,2024-06-18 19:52:33+00:00,2024-06-18 19:52:33+00:00,True,,,2,0,1,4,2,0,https://github.com/BCStudentSoftwareDevTeam/celts/pull/1227,2.998611111111111,0.12494212962962963,False,True
celts,1229,Added remove buttons in the interested students list,dixita9,User,closed,False,2024-06-19 13:55:06+00:00,2024-06-28T21:12:41Z,2024-06-28 21:12:13+00:00,2024-06-28 21:12:13+00:00,True,,,42,3,4,5,1,0,https://github.com/BCStudentSoftwareDevTeam/celts/pull/1229,223.28527777777776,9.30355324074074,False,True
celts,1230,created RSVP logs for each bonner of selected cohorts,WackyWeaver,User,closed,False,2024-06-20 19:10:06+00:00,2024-07-01T12:55:21Z,2024-06-28 16:38:38+00:00,2024-06-28 16:38:38+00:00,True,,,46,8,4,6,1,0,https://github.com/BCStudentSoftwareDevTeam/celts/pull/1230,189.47555555555556,7.894814814814815,False,True
celts,1231,Indicate Event in progress ,AravDe,User,closed,False,2024-06-20 19:25:36+00:00,2024-07-16T20:49:32Z,2024-07-16 20:49:28+00:00,2024-07-16 20:49:28+00:00,True,,,28,16,6,17,1,10,https://github.com/BCStudentSoftwareDevTeam/celts/pull/1231,625.3977777777778,26.058240740740743,False,True
celts,1232,Ask for additional information for Community-Engaged Summer Experience | Eun Sung & Kafui,eunsungw,User,closed,False,2024-06-21 13:50:07+00:00,2024-07-09T20:04:03Z,2024-07-09 20:04:03+00:00,,False,,,78,61,1,6,1,0,https://github.com/BCStudentSoftwareDevTeam/celts/pull/1232,,,True,False
celts,1233,Slc status final branch,seedyjahateh,User,closed,False,2024-06-21 14:52:44+00:00,2024-07-23T15:01:02Z,2024-07-23 15:01:00+00:00,2024-07-23 15:01:00+00:00,True,,,12,6,6,4,2,12,https://github.com/BCStudentSoftwareDevTeam/celts/pull/1233,768.1377777777777,32.00574074074074,False,True
celts,1234,CCE minor completed all requirements,seedyjahateh,User,closed,False,2024-06-21 18:27:38+00:00,2024-06-28T20:32:58Z,2024-06-28 20:31:36+00:00,,False,,,31,6,7,3,3,0,https://github.com/BCStudentSoftwareDevTeam/celts/pull/1234,,,True,False
celts,1237,fixed datepicker issue,ali-ramazani,User,closed,False,2024-06-24 17:46:23+00:00,2024-07-01T19:07:13Z,2024-07-01 19:07:13+00:00,,False,,,120,96,3,2,3,0,https://github.com/BCStudentSoftwareDevTeam/celts/pull/1237,,,True,False
celts,1240,Enhanced 'import_users.py' script using logging module,ali-ramazani,User,closed,False,2024-06-24 19:12:16+00:00,2025-04-16T15:28:35Z,2025-04-16 15:28:30+00:00,2025-04-16 15:28:30+00:00,True,,,187,86,4,21,5,3,https://github.com/BCStudentSoftwareDevTeam/celts/pull/1240,7100.270555555556,295.8446064814815,False,True
celts,1242,fixed issue with course proposal edit/view functionality ,ali-ramazani,User,closed,False,2024-06-24 20:59:48+00:00,2024-06-27T19:25:49Z,2024-06-27 19:25:45+00:00,2024-06-27 19:25:45+00:00,True,,,7,2,1,2,1,0,https://github.com/BCStudentSoftwareDevTeam/celts/pull/1242,70.4325,2.9346875000000003,False,True
celts,1243,fixed issue with course withdrawal on slcmanagement,Ndiayem14,User,closed,False,2024-06-25 17:42:02+00:00,2024-08-25T03:12:25Z,2024-08-25 03:12:19+00:00,,False,,,1,1,1,2,4,0,https://github.com/BCStudentSoftwareDevTeam/celts/pull/1243,,,True,False
celts,1245,fixed action issue in course review,ali-ramazani,User,closed,False,2024-06-26 15:13:20+00:00,2024-07-01T19:49:08Z,2024-07-01 19:49:08+00:00,,False,,,127,2,2,4,3,0,https://github.com/BCStudentSoftwareDevTeam/celts/pull/1245,,,True,False
celts,1246,Removed rows from canceled course proposals,WackyWeaver,User,closed,False,2024-06-26 15:13:32+00:00,2024-07-31T13:37:36Z,2024-07-31 13:37:32+00:00,2024-07-31 13:37:32+00:00,True,,,27,8,4,10,1,11,https://github.com/BCStudentSoftwareDevTeam/celts/pull/1246,838.4,34.93333333333333,False,True
celts,1247,Added full name to emergency contact updates as well as insurance updates in admin logs (updated),JohnCox2211,User,closed,False,2024-06-26 20:40:16+00:00,2024-07-18T20:39:07Z,2024-07-18 20:38:30+00:00,,False,,,25,26,6,7,3,2,https://github.com/BCStudentSoftwareDevTeam/celts/pull/1247,,,True,False
celts,1248,Reports tab UI,WackyWeaver,User,closed,False,2024-06-27 14:38:53+00:00,2024-07-02T20:03:00Z,2024-07-02 20:03:00+00:00,,False,,,46,2,4,5,1,0,https://github.com/BCStudentSoftwareDevTeam/celts/pull/1248,,,True,False
celts,1249,Redesign the display for uploaded files in events and courses | Eun Sung & Mahak,eunsungw,User,closed,False,2024-06-27 18:23:49+00:00,2024-07-01T15:57:57Z,2024-07-01 15:57:54+00:00,2024-07-01 15:57:54+00:00,True,,,43,9,3,6,1,2,https://github.com/BCStudentSoftwareDevTeam/celts/pull/1249,93.56805555555556,3.8986689814814817,False,True
celts,1250,Toggle fullscreen,MImran2002,User,closed,False,2024-06-27 18:24:31+00:00,2024-07-01T20:03:21Z,2024-07-01 20:03:21+00:00,,False,,,204,103,3,13,1,0,https://github.com/BCStudentSoftwareDevTeam/celts/pull/1250,,,True,False
celts,1251,Download reports UI - dynamic year dropdown added,seedyjahateh,User,closed,False,2024-06-27 20:59:14+00:00,2024-07-22T20:57:38Z,2024-07-22 20:56:57+00:00,2024-07-22 20:56:57+00:00,True,,,54,0,3,12,4,15,https://github.com/BCStudentSoftwareDevTeam/celts/pull/1251,599.9619444444445,24.998414351851853,False,True
celts,1252,Import courses,AravDe,User,closed,False,2024-06-28 14:17:10+00:00,2024-07-31T15:32:10Z,2024-07-31 15:32:07+00:00,2024-07-31 15:32:07+00:00,True,,,57,18,1,29,3,14,https://github.com/BCStudentSoftwareDevTeam/celts/pull/1252,793.2491666666666,33.05204861111111,False,True
celts,1253,New branch (cce-minor-completed-all-requirement),seedyjahateh,User,closed,False,2024-06-28 20:28:27+00:00,2024-07-23T15:26:50Z,2024-07-23 15:26:50+00:00,,False,,,9,0,1,2,3,0,https://github.com/BCStudentSoftwareDevTeam/celts/pull/1253,,,True,False
celts,1254,Date picker browser issue #1237,ali-ramazani,User,closed,False,2024-07-01 19:06:04+00:00,2024-07-03T16:10:16Z,2024-07-03 16:10:15+00:00,,False,,,7,4,2,3,3,0,https://github.com/BCStudentSoftwareDevTeam/celts/pull/1254,,,True,False
celts,1255,fixed action issue in course review,ali-ramazani,User,closed,False,2024-07-01 19:53:28+00:00,2024-08-22T17:08:20Z,2024-08-22 17:08:20+00:00,,False,,,24,0,1,1,3,0,https://github.com/BCStudentSoftwareDevTeam/celts/pull/1255,,,True,False
celts,1256,Toggle fullscreen,MImran2002,User,closed,False,2024-07-01 20:04:35+00:00,2024-07-08T13:52:13Z,2024-07-08 13:52:10+00:00,2024-07-08 13:52:10+00:00,True,,,165,137,3,15,4,0,https://github.com/BCStudentSoftwareDevTeam/celts/pull/1256,161.79305555555555,6.741377314814815,False,True
celts,1258,fixed renew button issue in course proposal page,ali-ramazani,User,closed,False,2024-07-02 21:02:25+00:00,2024-08-25T03:14:18Z,2024-08-25 03:14:16+00:00,,False,,,1,0,1,3,3,0,https://github.com/BCStudentSoftwareDevTeam/celts/pull/1258,,,True,False
celts,1260,fixed date picker issue in create event,ali-ramazani,User,closed,False,2024-07-03 16:08:47+00:00,2024-07-08T21:07:17Z,2024-07-08 21:07:13+00:00,2024-07-08 21:07:13+00:00,True,,,127,120,2,8,2,0,https://github.com/BCStudentSoftwareDevTeam/celts/pull/1260,124.9738888888889,5.20724537037037,False,True
celts,1264,changed the capital 'A' to a lowercase 'a' in the title of CELTS-Sponsored Event,vungc,User,closed,False,2024-07-10 14:47:00+00:00,2024-07-10T14:53:32Z,2024-07-10 14:53:27+00:00,2024-07-10 14:53:27+00:00,True,,,1,1,1,1,2,0,https://github.com/BCStudentSoftwareDevTeam/celts/pull/1264,0.1075,0.004479166666666667,False,True
celts,1266,TimeStr variable undefined on 'Create Events' Page,thealphagurlux,User,closed,False,2024-07-10 18:39:12+00:00,2024-07-15T19:02:26Z,2024-07-15 19:02:26+00:00,,False,,,33,21,7,15,1,0,https://github.com/BCStudentSoftwareDevTeam/celts/pull/1266,,,True,False
celts,1269,Added Asterisks on required fields,vungc,User,closed,False,2024-07-10 20:09:31+00:00,2024-07-11T20:06:15Z,2024-07-11 20:01:52+00:00,2024-07-11 20:01:52+00:00,True,,,14,7,2,5,2,0,https://github.com/BCStudentSoftwareDevTeam/celts/pull/1269,23.8725,0.9946875,False,True
celts,1271,View Past Events toggle on event list page,vungc,User,closed,False,2024-07-12 14:03:28+00:00,2024-07-23T12:30:40Z,2024-07-23 12:29:03+00:00,,False,,,27,13,2,4,4,0,https://github.com/BCStudentSoftwareDevTeam/celts/pull/1271,,,True,False
celts,1272,"We added icons for the status such as Approved, In progress and Submi…",Ndiayem14,User,closed,False,2024-07-12 14:57:54+00:00,2024-07-15T19:18:17Z,2024-07-15 19:16:10+00:00,2024-07-15 19:16:10+00:00,True,,,13,5,1,7,4,0,https://github.com/BCStudentSoftwareDevTeam/celts/pull/1272,76.30444444444444,3.1793518518518518,False,True
celts,1275,Created two tables for programs and templates.,Mbeweg,User,closed,False,2024-07-12 20:32:20+00:00,2024-07-17T18:08:30Z,2024-07-17 18:08:27+00:00,2024-07-17 18:08:27+00:00,True,,,19,10,1,2,1,0,https://github.com/BCStudentSoftwareDevTeam/celts/pull/1275,117.60194444444444,4.900081018518518,False,True
celts,1277,First Update,eunsungw,User,closed,False,2024-07-15 15:05:13+00:00,2024-07-15T15:10:32Z,2024-07-15 15:09:24+00:00,2024-07-15 15:09:24+00:00,True,,,8,1,2,1,1,0,https://github.com/BCStudentSoftwareDevTeam/celts/pull/1277,0.06972222222222223,0.002905092592592593,False,True
celts,1278,fixed timeStr issue,ali-ramazani,User,closed,False,2024-07-15 18:54:59+00:00,2024-07-15T19:01:41Z,2024-07-15 19:00:42+00:00,2024-07-15 19:00:42+00:00,True,,,3,3,1,3,1,0,https://github.com/BCStudentSoftwareDevTeam/celts/pull/1278,0.09527777777777778,0.003969907407407407,False,True
celts,1280,Modifying the title of All Volunteer Training,vungc,User,closed,False,2024-07-16 17:50:18+00:00,2024-07-17T14:51:16Z,2024-07-17 14:51:13+00:00,2024-07-17 14:51:13+00:00,True,,,2,2,1,2,1,0,https://github.com/BCStudentSoftwareDevTeam/celts/pull/1280,21.01527777777778,0.8756365740740741,False,True
celts,1281,Refactor Program Management section of Admin Settings,Kafui123,User,closed,False,2024-07-16 20:15:48+00:00,2024-12-02T20:55:33Z,2024-12-02 20:55:19+00:00,2024-12-02 20:55:19+00:00,True,WackyWeaver,User,433,125,29,87,8,59,https://github.com/BCStudentSoftwareDevTeam/celts/pull/1281,3336.658611111111,139.02744212962963,False,True
celts,1282,Multiple offering events,dixita9,User,closed,False,2024-07-17 15:47:02+00:00,2024-08-01T15:15:00Z,2024-08-01 15:14:54+00:00,2024-08-01 15:14:54+00:00,True,,,993,356,8,214,1,35,https://github.com/BCStudentSoftwareDevTeam/celts/pull/1282,359.46444444444444,14.977685185185186,False,True
celts,1284,"Signifies for the progress on the CCE Minor page, we added icons",Mbeweg,User,closed,False,2024-07-18 18:42:18+00:00,2024-07-22T16:16:35Z,2024-07-22 16:16:32+00:00,2024-07-22 16:16:32+00:00,True,,,9,0,1,1,1,0,https://github.com/BCStudentSoftwareDevTeam/celts/pull/1284,93.57055555555556,3.8987731481481482,False,True
celts,1285,Added full name to emergency contact updates as well as insurance updates in admin logs (Updated) | Eun Sung & Mustafa,eunsungw,User,closed,False,2024-07-18 20:38:00+00:00,2024-07-24T12:22:00Z,2024-07-24 12:21:57+00:00,2024-07-24 12:21:57+00:00,True,,,6,3,1,2,1,0,https://github.com/BCStudentSoftwareDevTeam/celts/pull/1285,135.7325,5.655520833333333,False,True
celts,1286,Undo button for event deletion,WackyWeaver,User,closed,False,2024-07-19 14:46:18+00:00,2024-07-31T15:13:27Z,2024-07-31 15:13:21+00:00,2024-07-31 15:13:21+00:00,True,,,95,53,9,36,2,11,https://github.com/BCStudentSoftwareDevTeam/celts/pull/1286,288.4508333333333,12.018784722222222,False,True
celts,1288,Timepicker issue,ali-ramazani,User,closed,False,2024-07-22 17:44:05+00:00,2024-11-21T20:26:57Z,2024-11-14 20:07:53+00:00,,False,,,41,32,2,13,4,12,https://github.com/BCStudentSoftwareDevTeam/celts/pull/1288,,,True,False
celts,1290,View Past Events Toggle Resolved,vungc,User,closed,False,2024-07-22 20:15:27+00:00,2024-07-22T20:56:22Z,2024-07-22 20:56:20+00:00,2024-07-22 20:56:20+00:00,True,,,45,23,3,6,1,0,https://github.com/BCStudentSoftwareDevTeam/celts/pull/1290,0.6813888888888889,0.028391203703703707,False,True
celts,1292,RSVP Toggle Also Toggles Food,JohnCox2211,User,closed,False,2024-07-23 13:49:51+00:00,2024-07-23T16:17:27Z,2024-07-23 16:17:24+00:00,2024-07-23 16:17:24+00:00,True,,,0,8,1,2,2,0,https://github.com/BCStudentSoftwareDevTeam/celts/pull/1292,2.4591666666666665,0.10246527777777777,False,True
celts,1293,Profile UI for CCE Minor Experiences.,seedyjahateh,User,closed,False,2024-07-23 13:51:55+00:00,2025-03-13T20:48:41Z,2025-03-13 20:48:41+00:00,,False,,,649,434,21,65,4,94,https://github.com/BCStudentSoftwareDevTeam/celts/pull/1293,,,True,False
celts,1296,"Create Events Page: Split the toggle buttons into 2 sections, and make one of 3 toggles required ",JohnCox2211,User,closed,False,2024-07-24 20:35:10+00:00,2024-07-25T18:57:11Z,2024-07-25 18:57:07+00:00,2024-07-25 18:57:07+00:00,True,,,64,25,3,16,2,1,https://github.com/BCStudentSoftwareDevTeam/celts/pull/1296,22.365833333333335,0.9319097222222222,False,True
celts,1297,Changes to the invite cohort,Mbeweg,User,closed,False,2024-07-25 18:35:14+00:00,2025-01-30T20:52:14Z,2025-01-30 20:52:11+00:00,2025-01-30 20:52:11+00:00,True,,,323,98,9,37,4,37,https://github.com/BCStudentSoftwareDevTeam/celts/pull/1297,4538.2825,189.0951041666667,False,True
celts,1298,linked cancel and close buttons in course management import preview,JohnCox2211,User,closed,False,2024-07-25 20:42:50+00:00,2024-07-25T20:45:02Z,2024-07-25 20:44:58+00:00,2024-07-25 20:44:58+00:00,True,,,3,3,2,1,1,0,https://github.com/BCStudentSoftwareDevTeam/celts/pull/1298,0.035555555555555556,0.0014814814814814814,False,True
celts,1300,Generalized spreadsheet.py and refactored test_spreadsheet.py ,WackyWeaver,User,closed,False,2024-07-31 13:24:32+00:00,2025-04-04T17:08:39Z,2024-07-31 16:48:48+00:00,2024-07-31 16:48:48+00:00,True,,,403,512,3,35,1,1,https://github.com/BCStudentSoftwareDevTeam/celts/pull/1300,3.4044444444444446,0.14185185185185187,False,True
celts,1304,Events list indicators,JohnCox2211,User,closed,False,2024-07-31 20:44:58+00:00,2024-09-06T21:01:29Z,2024-09-06 21:01:29+00:00,2024-09-06 21:01:29+00:00,True,bledsoef,User,95,37,3,22,3,0,https://github.com/BCStudentSoftwareDevTeam/celts/pull/1304,888.2752777777778,37.01146990740741,False,True
celts,1305,Toggle correction for All Volunteer Event creation,JohnCox2211,User,closed,False,2024-07-31 20:50:58+00:00,2024-08-25T03:26:29Z,2024-08-25 03:26:26+00:00,2024-08-25 03:26:26+00:00,True,bledsoef,User,2,2,2,3,1,0,https://github.com/BCStudentSoftwareDevTeam/celts/pull/1305,582.5911111111111,24.27462962962963,False,True
celts,1309,Added Pull Request Template,ojmakinde,User,closed,False,2024-08-22 19:15:50+00:00,2024-08-27T18:47:16Z,2024-08-27 18:47:13+00:00,2024-08-27 18:47:13+00:00,True,,,12,0,1,4,1,0,https://github.com/BCStudentSoftwareDevTeam/celts/pull/1309,119.52305555555556,4.980127314814815,False,True
celts,1310,Added in a let to fix withdrawals on chrome,bledsoef,User,closed,False,2024-08-22 19:33:21+00:00,2024-08-22T19:36:45Z,2024-08-22 19:36:42+00:00,2024-08-22 19:36:42+00:00,True,,,1,1,1,1,1,0,https://github.com/BCStudentSoftwareDevTeam/celts/pull/1310,0.05583333333333333,0.0023263888888888887,False,True
celts,1312,Added in a let to fix renewals on chrome,bledsoef,User,closed,False,2024-08-22 19:54:09+00:00,2024-08-22T19:56:08Z,2024-08-22 19:56:06+00:00,2024-08-22 19:56:06+00:00,True,,,2,2,1,2,1,0,https://github.com/BCStudentSoftwareDevTeam/celts/pull/1312,0.0325,0.0013541666666666667,False,True
celts,1316,Fixed unapprove and approve functionality on review modal,bledsoef,User,closed,False,2024-08-25 18:59:09+00:00,2024-08-30T16:40:05Z,2024-08-30 16:40:00+00:00,2024-08-30 16:40:00+00:00,True,,,12,4,3,2,1,0,https://github.com/BCStudentSoftwareDevTeam/celts/pull/1316,117.68083333333334,4.903368055555556,False,True
celts,1317,Fixed Save Button Spacing,ojmakinde,User,closed,False,2024-08-27 21:56:39+00:00,2024-08-29T21:16:14Z,2024-08-29 21:16:11+00:00,2024-08-29 21:16:11+00:00,True,bledsoef,User,9,7,2,3,1,0,https://github.com/BCStudentSoftwareDevTeam/celts/pull/1317,47.32555555555555,1.9718981481481481,False,True
celts,1327,Validate for Duplicate Event Entries within Multiple Offering Modal,hoerstl,User,closed,False,2024-08-28 21:09:22+00:00,2024-09-18T19:57:21Z,2024-09-18 19:57:21+00:00,2024-09-18 19:57:21+00:00,True,bledsoef,User,540,284,7,25,5,5,https://github.com/BCStudentSoftwareDevTeam/celts/pull/1327,502.7997222222222,20.949988425925927,False,True
celts,1328,Fix User Profile Events,ojmakinde,User,closed,False,2024-08-29 21:25:41+00:00,2024-08-30T13:49:14Z,2024-08-30 13:47:56+00:00,2024-08-30 13:47:56+00:00,True,,,19,4,3,4,1,0,https://github.com/BCStudentSoftwareDevTeam/celts/pull/1328,16.370833333333334,0.6821180555555556,False,True
celts,1329,Change Student Led Fields,ojmakinde,User,closed,False,2024-09-03 17:47:07+00:00,2024-09-04T16:18:02Z,2024-09-04 16:17:57+00:00,2024-09-04 16:17:57+00:00,True,,,5,5,3,3,1,0,https://github.com/BCStudentSoftwareDevTeam/celts/pull/1329,22.51388888888889,0.9380787037037037,False,True
celts,1332,Fix start date,vungc,User,closed,False,2024-09-04 19:22:35+00:00,2024-09-05T21:26:53Z,2024-09-05 21:26:50+00:00,2024-09-05 21:26:50+00:00,True,bledsoef,User,3,13,1,5,1,0,https://github.com/BCStudentSoftwareDevTeam/celts/pull/1332,26.070833333333333,1.0862847222222223,False,True
celts,1334,Refactor templates,vungc,User,closed,False,2024-09-05 21:23:53+00:00,2024-09-13T16:55:01Z,2024-09-13 16:53:57+00:00,2024-09-13 16:53:57+00:00,True,bledsoef,User,15,188,21,10,2,0,https://github.com/BCStudentSoftwareDevTeam/celts/pull/1334,187.5011111111111,7.812546296296296,False,True
celts,1337,Repeating Events Refactor,ojmakinde,User,closed,True,2024-09-06 19:56:33+00:00,2024-11-08T19:53:43Z,2024-11-08 19:53:43+00:00,,False,,,377,472,14,43,1,0,https://github.com/BCStudentSoftwareDevTeam/celts/pull/1337,,,True,False
celts,1341,Datepicker issue multiple course offering,ali-ramazani,User,closed,False,2024-09-14 21:07:09+00:00,2024-11-18T21:06:27Z,2024-11-18 21:06:27+00:00,,False,,,27,5,2,4,3,0,https://github.com/BCStudentSoftwareDevTeam/celts/pull/1341,,,True,False
celts,1342,Event List Hotfix,ojmakinde,User,closed,False,2024-09-17 13:13:28+00:00,2024-09-17T13:31:37Z,2024-09-17 13:17:22+00:00,2024-09-17 13:17:22+00:00,True,,,1,1,1,1,1,0,https://github.com/BCStudentSoftwareDevTeam/celts/pull/1342,0.065,0.0027083333333333334,False,True
celts,1345,Date picker #1343,Mbeweg,User,closed,False,2024-10-02 17:56:14+00:00,2024-10-02T19:24:04Z,2024-10-02 19:24:04+00:00,,False,,,31,1,2,5,1,0,https://github.com/BCStudentSoftwareDevTeam/celts/pull/1345,,,True,False
celts,1346,Date picker 1343,doucoureb,User,closed,False,2024-10-02 19:26:10+00:00,2024-10-14T20:01:04Z,2024-10-14 20:01:04+00:00,2024-10-14 20:01:04+00:00,True,WackyWeaver,User,40,25,1,16,1,9,https://github.com/BCStudentSoftwareDevTeam/celts/pull/1346,288.58166666666665,12.02423611111111,False,True
celts,1349,Multiple Offerings and Recurring Events Refactor,ojmakinde,User,closed,False,2024-10-20 23:12:56+00:00,2025-01-29T15:46:45Z,2025-01-29 15:40:27+00:00,2025-01-29 15:40:27+00:00,True,,,742,702,12,76,11,11,https://github.com/BCStudentSoftwareDevTeam/celts/pull/1349,2416.458611111111,100.68577546296297,False,True
celts,1355,Interface graduation management ,thealphagurlux,User,closed,False,2024-10-25 19:20:13+00:00,2025-04-25T21:32:50Z,2025-04-25 21:32:47+00:00,2025-04-25 21:32:47+00:00,True,bledsoef,User,543,57,18,77,2,37,https://github.com/BCStudentSoftwareDevTeam/celts/pull/1355,4370.209444444445,182.0920601851852,False,True
celts,1356,Fix Firefox Timepicker on Create Event,bledsoef,User,closed,False,2024-11-15 20:12:36+00:00,2024-12-03T20:34:17Z,2024-12-03 20:34:14+00:00,2024-12-03 20:34:14+00:00,True,bledsoef,User,82,33,2,11,2,0,https://github.com/BCStudentSoftwareDevTeam/celts/pull/1356,432.36055555555555,18.01502314814815,False,False
celts,1359,Fixed bug with deleting recurring events,bledsoef,User,closed,False,2024-11-22 20:51:54+00:00,2024-11-25T18:38:23Z,2024-11-22 23:48:03+00:00,2024-11-22 23:48:03+00:00,True,bledsoef,User,1,2,1,2,1,0,https://github.com/BCStudentSoftwareDevTeam/celts/pull/1359,2.9358333333333335,0.1223263888888889,False,False
celts,1360,Adding fix to same day multiple time offering,WackyWeaver,User,closed,False,2024-11-22 21:03:55+00:00,2024-12-03T20:44:41Z,2024-12-03 20:44:33+00:00,2024-12-03 20:44:33+00:00,True,bledsoef,User,6,6,1,6,1,0,https://github.com/BCStudentSoftwareDevTeam/celts/pull/1360,263.6772222222222,10.986550925925926,False,True
celts,1362,Remove all occurences of endDate,bledsoef,User,closed,False,2024-11-23 02:59:59+00:00,2025-01-29T20:26:05Z,2025-01-29 20:26:02+00:00,2025-01-29 20:26:02+00:00,True,,,98,160,17,7,3,0,https://github.com/BCStudentSoftwareDevTeam/celts/pull/1362,1625.4341666666667,67.72642361111112,False,True
celts,1363,Fixed Spacing on Delete Modal for Repeating Events,ojmakinde,User,closed,False,2024-12-03 17:25:39+00:00,2024-12-03T18:19:46Z,2024-12-03 18:15:23+00:00,2024-12-03 18:15:23+00:00,True,,,4,4,1,1,1,0,https://github.com/BCStudentSoftwareDevTeam/celts/pull/1363,0.8288888888888889,0.03453703703703704,False,True
celts,1382,Odd Spacing on the manageServiceLearningFaculty.html page,hoerstl,User,closed,False,2025-01-14 14:23:19+00:00,2025-01-14T15:28:17Z,2025-01-14 15:28:04+00:00,2025-01-14 15:28:04+00:00,True,,,3,7,3,1,0,0,https://github.com/BCStudentSoftwareDevTeam/celts/pull/1382,1.0791666666666666,0.04496527777777778,False,True
celts,1383,Clarified Form Validation for Instructors on the SLC Page,hoerstl,User,closed,False,2025-01-16 14:58:53+00:00,2025-01-30T19:37:39Z,2025-01-30 19:37:36+00:00,2025-01-30 19:37:36+00:00,True,,,43,17,4,4,1,0,https://github.com/BCStudentSoftwareDevTeam/celts/pull/1383,340.6452777777778,14.19355324074074,False,True
celts,1384,Addition of Undo Action When Deleting Background Check,stevensonmichel,User,closed,False,2025-01-17 20:33:47+00:00,2025-01-30T19:42:29Z,2025-01-30 19:42:22+00:00,2025-01-30 19:42:22+00:00,True,,,77,14,8,11,1,1,https://github.com/BCStudentSoftwareDevTeam/celts/pull/1384,311.1430555555556,12.964293981481482,False,True
celts,1386,remove 3.7 from CI,bledsoef,User,closed,False,2025-01-28 21:28:11+00:00,2025-01-29T13:09:11Z,2025-01-29 13:09:08+00:00,2025-01-29 13:09:08+00:00,True,,,1,1,1,1,1,0,https://github.com/BCStudentSoftwareDevTeam/celts/pull/1386,15.6825,0.6534375,False,True
celts,1387,Sorted Terms in Events List Page,stevensonmichel,User,closed,False,2025-01-30 18:32:36+00:00,2025-02-12T21:59:51Z,2025-02-12 21:42:50+00:00,2025-02-12 21:42:50+00:00,True,bledsoef,User,23,5,3,9,3,0,https://github.com/BCStudentSoftwareDevTeam/celts/pull/1387,315.17055555555555,13.13210648148148,False,True
celts,1388,Added Export Bonner Spreadsheet Features,WackyWeaver,User,closed,False,2025-01-30 19:12:22+00:00,2025-05-07T15:13:55Z,2025-05-07 15:13:55+00:00,2025-05-07 15:13:54+00:00,True,Karina-Agliullova,User,175,16,8,29,5,4,https://github.com/BCStudentSoftwareDevTeam/celts/pull/1388,2324.0255555555555,96.83439814814814,False,True
celts,1389,Fixed Show Past Events Toggle on Past Terms,bledsoef,User,closed,False,2025-01-30 22:16:36+00:00,2025-03-10T19:59:57Z,2025-03-10 19:59:40+00:00,2025-03-10 19:59:40+00:00,True,MImran2002,User,12,5,3,5,2,0,https://github.com/BCStudentSoftwareDevTeam/celts/pull/1389,933.7177777777778,38.90490740740741,False,True
celts,1390,Program management fields issue,Kafui123,User,closed,False,2025-01-30 22:18:29+00:00,2025-02-03T21:55:43Z,2025-01-31 19:51:18+00:00,,False,,,545,293,18,59,0,0,https://github.com/BCStudentSoftwareDevTeam/celts/pull/1390,,,True,False
celts,1392,Focused Student Search on Student Search Page page load,bledsoef,User,closed,False,2025-01-31 19:50:56+00:00,2025-01-31T21:01:41Z,2025-01-31 21:01:35+00:00,2025-01-31 21:01:35+00:00,True,,,11,9,1,1,1,0,https://github.com/BCStudentSoftwareDevTeam/celts/pull/1392,1.1775,0.0490625,False,True
celts,1393,Fixed PR Template,ojmakinde,User,closed,False,2025-02-03 19:50:57+00:00,2025-02-03T22:16:53Z,2025-02-03 22:16:53+00:00,,False,,,1,1,1,1,2,0,https://github.com/BCStudentSoftwareDevTeam/celts/pull/1393,,,True,False
celts,1394,Python ver. 3.12 CI Fix,ojmakinde,User,closed,False,2025-02-03 20:06:13+00:00,2025-02-07T15:48:46Z,2025-02-07 15:48:42+00:00,2025-02-07 15:48:42+00:00,True,,,11,10,2,6,1,0,https://github.com/BCStudentSoftwareDevTeam/celts/pull/1394,91.70805555555556,3.8211689814814815,False,True
celts,1396,Program management,Kafui123,User,closed,False,2025-02-03 22:03:32+00:00,2025-02-05T21:26:32Z,2025-02-05 21:26:07+00:00,2025-02-05 21:26:07+00:00,True,,,9,9,2,7,2,0,https://github.com/BCStudentSoftwareDevTeam/celts/pull/1396,47.37638888888889,1.9740162037037037,False,True
celts,1400,Service transcript checkbox,bledsoef,User,closed,False,2025-02-03 22:13:59+00:00,2025-02-03T22:14:05Z,2025-02-03 22:14:05+00:00,,False,,,100,89,4,2,0,0,https://github.com/BCStudentSoftwareDevTeam/celts/pull/1400,,,True,False
celts,1401,Viewpastevent toggle,bledsoef,User,closed,False,2025-02-03 22:16:02+00:00,2025-02-03T22:16:19Z,2025-02-03 22:16:19+00:00,,False,,,27,13,2,4,0,0,https://github.com/BCStudentSoftwareDevTeam/celts/pull/1401,,,True,False
celts,1404,CCE Minor Engagement,MImran2002,User,closed,False,2025-02-07 00:09:37+00:00,2025-02-12T21:34:38Z,2025-02-12 21:34:29+00:00,2025-02-12 21:34:29+00:00,True,bledsoef,User,103,37,4,11,1,0,https://github.com/BCStudentSoftwareDevTeam/celts/pull/1404,141.41444444444446,5.892268518518519,False,True
celts,1407,Engagement Event Tab,WackyWeaver,User,closed,False,2025-02-07 20:58:26+00:00,2025-02-13T21:37:43Z,2025-02-13 21:37:38+00:00,2025-02-13 21:37:38+00:00,True,bledsoef,User,67,16,5,6,1,0,https://github.com/BCStudentSoftwareDevTeam/celts/pull/1407,144.65333333333334,6.027222222222222,False,True
celts,1409,Created New CCE Minor Portal,bledsoef,User,closed,False,2025-02-07 21:30:41+00:00,2025-04-04T20:23:10Z,2025-04-04 20:23:03+00:00,2025-04-04 20:23:03+00:00,True,bledsoef,User,1028,655,25,112,4,2,https://github.com/BCStudentSoftwareDevTeam/celts/pull/1409,1342.8727777777779,55.95303240740741,False,False
celts,1410,Potential fix for Python 3.7 CI woes,ojmakinde,User,closed,True,2025-02-10 14:14:42+00:00,2025-02-10T14:54:30Z,2025-02-10 14:53:07+00:00,,False,,,12,5,2,5,1,0,https://github.com/BCStudentSoftwareDevTeam/celts/pull/1410,,,True,False
celts,1416,Add Birthday to User Profile,bledsoef,User,closed,False,2025-02-18 20:12:04+00:00,2025-03-10T19:46:43Z,2025-03-10 19:46:43+00:00,,False,,,93,1,5,5,1,43,https://github.com/BCStudentSoftwareDevTeam/celts/pull/1416,,,True,False
celts,1417,Delete event hours,MImran2002,User,closed,False,2025-02-21 23:02:48+00:00,2025-03-12T20:23:52Z,2025-03-12 20:23:52+00:00,2025-03-12 20:23:52+00:00,True,bledsoef,User,3,3,2,3,1,0,https://github.com/BCStudentSoftwareDevTeam/celts/pull/1417,453.3511111111111,18.889629629629628,False,True
celts,1418,Add ability to attach files in CCE Minor Proposals,bledsoef,User,closed,False,2025-02-24 22:26:24+00:00,2025-04-08T19:14:08Z,2025-04-08 19:14:02+00:00,2025-04-08 19:14:02+00:00,True,bledsoef,User,40,15,9,16,1,0,https://github.com/BCStudentSoftwareDevTeam/celts/pull/1418,1028.793888888889,42.86641203703704,False,False
celts,1421,Creation of Declared Status for Interested Students in CCE Minor,stevensonmichel,User,closed,False,2025-03-04 16:58:56+00:00,2025-04-03T22:29:39Z,2025-04-03 22:29:34+00:00,2025-04-03 22:29:34+00:00,True,bledsoef,User,336,93,9,23,1,24,https://github.com/BCStudentSoftwareDevTeam/celts/pull/1421,725.5105555555556,30.229606481481483,False,True
celts,1422,Centralized Program Manager Administration Implementation,ojmakinde,User,closed,False,2025-03-05 14:55:50+00:00,2025-03-31T20:48:37Z,2025-03-31 20:48:32+00:00,2025-03-31 20:48:32+00:00,True,bledsoef,User,258,39,9,33,2,10,https://github.com/BCStudentSoftwareDevTeam/celts/pull/1422,629.8783333333333,26.244930555555555,False,True
celts,1425,CCE Minor Withdrawal Functionality,Kafui123,User,closed,False,2025-03-11 21:11:07+00:00,2025-04-17T19:47:27Z,2025-04-17 19:47:25+00:00,2025-04-17 19:47:24+00:00,True,bledsoef,User,171,34,12,41,2,21,https://github.com/BCStudentSoftwareDevTeam/celts/pull/1425,886.6047222222222,36.94186342592592,False,True
celts,1426,Program Training Display Fix,ojmakinde,User,closed,False,2025-03-13 21:44:26+00:00,2025-03-26T21:07:54Z,2025-03-26 21:07:49+00:00,2025-03-26 21:07:49+00:00,True,bledsoef,User,25,21,4,6,1,2,https://github.com/BCStudentSoftwareDevTeam/celts/pull/1426,311.38972222222225,12.97457175925926,False,True
celts,1428,CCE Minor Core Functionality (Edit/View/Withdraw/Modify),bledsoef,User,closed,False,2025-03-17 23:04:32+00:00,2026-03-24T18:36:18Z,2026-03-24 18:35:04+00:00,2026-03-24 18:35:04+00:00,True,,,909,487,20,105,17,11,https://github.com/BCStudentSoftwareDevTeam/celts/pull/1428,8923.50888888889,371.8128703703704,False,True
celts,1429,Simplified/Refactored getParticipationStatusForTrainings,hoerstl,User,closed,False,2025-03-18 16:28:39+00:00,2025-03-20T16:13:10Z,2025-03-20 16:13:10+00:00,,False,,,19,12,1,1,1,1,https://github.com/BCStudentSoftwareDevTeam/celts/pull/1429,,,True,False
celts,1433,Removed trainings from flash messages upon event RSVP,bledsoef,User,closed,True,2025-03-28 18:34:14+00:00,2025-04-28T18:44:41Z,2025-04-28 18:44:41+00:00,,False,,,1,5,1,2,1,0,https://github.com/BCStudentSoftwareDevTeam/celts/pull/1433,,,True,False
celts,1435,Cce spreadsheet,WackyWeaver,User,closed,False,2025-03-28 20:40:45+00:00,2025-04-08T20:56:55Z,2025-04-08 20:56:54+00:00,2025-04-08 20:56:54+00:00,True,MImran2002,User,72,7,4,7,1,2,https://github.com/BCStudentSoftwareDevTeam/celts/pull/1435,264.26916666666665,11.011215277777778,False,True
celts,1436,Approval functionality,Kafui123,User,closed,False,2025-04-02 20:27:16+00:00,2025-04-25T21:33:22Z,2025-04-25 21:33:18+00:00,2025-04-25 21:33:18+00:00,True,bledsoef,User,11,11,3,8,0,0,https://github.com/BCStudentSoftwareDevTeam/celts/pull/1436,553.1005555555555,23.04585648148148,False,True
celts,1437,Bonner checkmark profile,MImran2002,User,open,False,2025-04-03 23:24:07+00:00,2025-12-18T20:14:57Z,,,False,,,362,81,9,55,15,20,https://github.com/BCStudentSoftwareDevTeam/celts/pull/1437,,,False,False
celts,1438,resolved the variable error that happened with finn and steven's merg…,MImran2002,User,closed,False,2025-04-10 19:39:31+00:00,2025-04-10T19:41:10Z,2025-04-10 19:41:09+00:00,2025-04-10 19:41:09+00:00,True,WackyWeaver,User,1,1,1,1,1,0,https://github.com/BCStudentSoftwareDevTeam/celts/pull/1438,0.02722222222222222,0.0011342592592592591,False,True
celts,1439,Report Data Visualization,MImran2002,User,open,False,2025-04-11 21:02:49+00:00,2025-12-18T21:00:04Z,,,False,,,257,17,4,25,3,8,https://github.com/BCStudentSoftwareDevTeam/celts/pull/1439,,,False,False
celts,1440,fixed all volunteer training bug,bledsoef,User,closed,False,2025-04-14 20:36:47+00:00,2025-04-15T12:47:36Z,2025-04-15 12:47:31+00:00,2025-04-15 12:47:31+00:00,True,,,8,4,1,2,1,0,https://github.com/BCStudentSoftwareDevTeam/celts/pull/1440,16.17888888888889,0.6741203703703703,False,True
celts,1457,hotfix sustained community engagements,bledsoef,User,closed,False,2025-04-16 20:51:27+00:00,2025-04-16T20:54:00Z,2025-04-16 20:53:01+00:00,2025-04-16 20:53:01+00:00,True,MImran2002,User,1,1,1,3,1,0,https://github.com/BCStudentSoftwareDevTeam/celts/pull/1457,0.026111111111111113,0.001087962962962963,False,True
celts,1471,Globally hide graduated students,bledsoef,User,open,False,2025-04-24 03:31:34+00:00,2025-12-18T16:05:16Z,,,False,,,148,48,20,6,0,0,https://github.com/BCStudentSoftwareDevTeam/celts/pull/1471,,,False,False
celts,1475,1473 add completed status,bledsoef,User,closed,False,2025-04-25 22:27:05+00:00,2025-11-18T20:27:56Z,2025-11-18 20:27:12+00:00,,False,,,84,7,8,7,1,0,https://github.com/BCStudentSoftwareDevTeam/celts/pull/1475,,,True,False
celts,1476,Addition of Steve and Lawrence to Test Data,stevensonmichel,User,closed,False,2025-05-02 16:10:57+00:00,2025-05-02T16:20:45Z,2025-05-02 16:20:44+00:00,2025-05-02 16:20:44+00:00,True,WackyWeaver,User,32,0,1,3,1,0,https://github.com/BCStudentSoftwareDevTeam/celts/pull/1476,0.16305555555555556,0.006793981481481482,False,True
celts,1478,Added new names with roles,vazquezsotoj,User,closed,False,2025-06-09 17:29:23+00:00,2025-06-09T17:32:27Z,2025-06-09 17:32:27+00:00,,False,,,4,0,1,1,1,0,https://github.com/BCStudentSoftwareDevTeam/celts/pull/1478,,,True,False
celts,1479,Solved Contributor Issue,vazquezsotoj,User,closed,False,2025-06-09 17:36:13+00:00,2025-06-09T17:39:35Z,2025-06-09 17:39:31+00:00,2025-06-09 17:39:31+00:00,True,,,4,0,1,2,1,0,https://github.com/BCStudentSoftwareDevTeam/celts/pull/1479,0.055,0.0022916666666666667,False,True
celts,1480,added name,GalinaP7,User,closed,False,2025-06-09 17:52:07+00:00,2025-06-09T18:56:42Z,2025-06-09 18:56:42+00:00,2025-06-09 18:56:41+00:00,True,Karina-Agliullova,User,2,0,1,2,1,0,https://github.com/BCStudentSoftwareDevTeam/celts/pull/1480,1.076111111111111,0.04483796296296296,False,True
celts,1481,Added our names and roles in contributors,BesherKitaz,User,closed,False,2025-06-09 17:54:37+00:00,2025-06-09T20:04:40Z,2025-06-09 20:04:39+00:00,2025-06-09 20:04:39+00:00,True,Karina-Agliullova,User,2,1,1,7,1,0,https://github.com/BCStudentSoftwareDevTeam/celts/pull/1481,2.167222222222222,0.09030092592592592,False,True
celts,1482,We added our names on the database contributor page,Shenderaz,User,closed,False,2025-06-09 17:55:30+00:00,2025-06-09T18:07:06Z,2025-06-09 18:07:02+00:00,2025-06-09 18:07:02+00:00,True,,,5,1,1,2,1,0,https://github.com/BCStudentSoftwareDevTeam/celts/pull/1482,0.1922222222222222,0.00800925925925926,False,True
celts,1483,added new name,adjagbodjouf,User,closed,False,2025-06-09 17:56:56+00:00,2025-06-09T17:57:34Z,2025-06-09 17:57:33+00:00,,False,,,2,0,1,1,0,0,https://github.com/BCStudentSoftwareDevTeam/celts/pull/1483,,,True,False
celts,1484,Added 'Mathewos Ayelework' to the contributors section with role of '…,mathew2005,User,closed,False,2025-06-09 17:59:29+00:00,2025-06-09T18:45:16Z,2025-06-09 18:45:16+00:00,,False,,,1,0,1,2,2,0,https://github.com/BCStudentSoftwareDevTeam/celts/pull/1484,,,True,False
celts,1485,added the name,bakobagassas,User,closed,False,2025-06-09 18:04:37+00:00,2025-06-09T18:12:19Z,2025-06-09 18:12:11+00:00,2025-06-09 18:12:11+00:00,True,,,2,0,1,4,1,0,https://github.com/BCStudentSoftwareDevTeam/celts/pull/1485,0.12611111111111112,0.00525462962962963,False,True
celts,1486,Added my name to contributors,Jonimz,User,closed,False,2025-06-09 18:12:35+00:00,2025-06-09T18:27:21Z,2025-06-09 18:27:21+00:00,2025-06-09 18:27:21+00:00,True,Karina-Agliullova,User,2,0,1,2,1,0,https://github.com/BCStudentSoftwareDevTeam/celts/pull/1486,0.2461111111111111,0.01025462962962963,False,True
celts,1487,"Added my name ""Ariana Meatchem"" to the contributer section",Meatchema,User,closed,False,2025-06-09 18:43:08+00:00,2025-06-09T19:18:52Z,2025-06-09 19:18:52+00:00,2025-06-09 19:18:52+00:00,True,Meatchema,User,2,0,1,4,1,0,https://github.com/BCStudentSoftwareDevTeam/celts/pull/1487,0.5955555555555555,0.024814814814814814,False,False
celts,1488,Ruehaile,RueHaile,User,closed,False,2025-06-09 18:43:37+00:00,2025-06-09T19:31:04Z,2025-06-09 19:31:04+00:00,2025-06-09 19:31:04+00:00,True,Karina-Agliullova,User,2,0,1,9,1,0,https://github.com/BCStudentSoftwareDevTeam/celts/pull/1488,0.7908333333333334,0.03295138888888889,False,True
celts,1489,Mathewos,mathew2005,User,closed,False,2025-06-09 18:47:35+00:00,2025-06-09T20:04:38Z,2025-06-09 20:04:38+00:00,2025-06-09 20:04:38+00:00,True,Karina-Agliullova,User,7,1,1,15,1,0,https://github.com/BCStudentSoftwareDevTeam/celts/pull/1489,1.2841666666666667,0.05350694444444445,False,True
celts,1490,added new name,adjagbodjouf,User,closed,False,2025-06-09 18:49:21+00:00,2025-06-09T19:03:22Z,2025-06-09 19:03:22+00:00,2025-06-09 19:03:22+00:00,True,Karina-Agliullova,User,2,0,1,3,1,0,https://github.com/BCStudentSoftwareDevTeam/celts/pull/1490,0.2336111111111111,0.009733796296296296,False,True
celts,1491,Mybranch,adjagbodjouf,User,closed,False,2025-06-09 19:03:06+00:00,2025-06-09T19:04:21Z,2025-06-09 19:04:21+00:00,,False,,,2,0,1,2,0,0,https://github.com/BCStudentSoftwareDevTeam/celts/pull/1491,,,True,False
celts,1492,Fixed link to the commmunity and civic engagement minor link,adjagbodjouf,User,closed,False,2025-06-10 14:14:42+00:00,2025-06-10T14:48:51Z,2025-06-10 14:48:51+00:00,2025-06-10 14:48:51+00:00,True,Karina-Agliullova,User,1,1,1,3,1,0,https://github.com/BCStudentSoftwareDevTeam/celts/pull/1492,0.5691666666666667,0.02371527777777778,False,True
celts,1493,Added our Names,Jsmi8334,User,closed,False,2025-06-10 14:24:25+00:00,2025-06-10T14:33:35Z,2025-06-10 14:33:32+00:00,2025-06-10 14:33:32+00:00,True,,,4,0,1,1,1,0,https://github.com/BCStudentSoftwareDevTeam/celts/pull/1493,0.15194444444444444,0.006331018518518518,False,True
celts,1494,Verbiage change for RSVP,Jsmi8334,User,closed,False,2025-06-10 15:31:52+00:00,2025-06-10T15:50:53Z,2025-06-10 15:50:53+00:00,2025-06-10 15:50:53+00:00,True,Karina-Agliullova,User,1,1,1,2,1,0,https://github.com/BCStudentSoftwareDevTeam/celts/pull/1494,0.3169444444444444,0.013206018518518518,False,True
celts,1495,Finsbranch,adjagbodjouf,User,closed,False,2025-06-10 15:50:35+00:00,2025-06-10T17:33:34Z,2025-06-10 17:33:34+00:00,2025-06-10 17:33:34+00:00,True,sheggen,User,3,1,2,4,1,0,https://github.com/BCStudentSoftwareDevTeam/celts/pull/1495,1.716388888888889,0.0715162037037037,False,True
celts,1497,fixed footer in Bonner Management,Arohasina,User,closed,False,2025-06-10 17:19:39+00:00,2025-06-10T20:46:17Z,2025-06-10 20:46:17+00:00,2025-06-10 20:46:17+00:00,True,sheggen,User,12,2,2,6,2,1,https://github.com/BCStudentSoftwareDevTeam/celts/pull/1497,3.443888888888889,0.14349537037037038,False,True
celts,1498,Added a View Service Transcript button under Participation History,PuskarC,User,closed,False,2025-06-10 17:21:12+00:00,2025-06-10T20:41:35Z,2025-06-10 20:41:35+00:00,2025-06-10 20:41:35+00:00,True,sheggen,User,10,3,2,2,1,0,https://github.com/BCStudentSoftwareDevTeam/celts/pull/1498,3.339722222222222,0.1391550925925926,False,True
celts,1499,Made it so that changes to interest status checkbox are saved. Changed successful save message as well,adjagbodjouf,User,closed,False,2025-06-10 18:03:32+00:00,2025-06-12T13:58:50Z,2025-06-12 13:58:50+00:00,2025-06-12 13:58:50+00:00,True,Karina-Agliullova,User,2,2,1,6,2,0,https://github.com/BCStudentSoftwareDevTeam/celts/pull/1499,43.92166666666667,1.8300694444444445,False,True
celts,1500,"Fixed print button position on ""View Service Transcript"" page #1458",Jonimz,User,closed,False,2025-06-10 21:05:44+00:00,2025-06-13T14:44:51Z,2025-06-13 14:44:51+00:00,,False,,,19,2,3,6,2,0,https://github.com/BCStudentSoftwareDevTeam/celts/pull/1500,,,True,False
celts,1501,fixed confirmation toast message in the admin managment,petrosyantsa,User,closed,False,2025-06-11 15:15:54+00:00,2025-06-11T17:36:21Z,2025-06-11 17:36:21+00:00,2025-06-11 17:36:20+00:00,True,Karina-Agliullova,User,1,0,1,4,1,0,https://github.com/BCStudentSoftwareDevTeam/celts/pull/1501,2.3405555555555555,0.09752314814814815,False,True
celts,1502,Redesigned Service Transcript Webpage  issue #1459,vazquezsotoj,User,closed,False,2025-06-11 20:34:24+00:00,2025-06-13T14:42:36Z,2025-06-13 14:42:36+00:00,2025-06-13 14:42:36+00:00,True,Karina-Agliullova,User,22,18,1,5,2,0,https://github.com/BCStudentSoftwareDevTeam/celts/pull/1502,42.13666666666666,1.7556944444444442,False,True
celts,1503,Insuranceinfo,Meatchema,User,closed,False,2025-06-11 20:42:41+00:00,2025-06-17T18:34:21Z,2025-06-17 18:34:21+00:00,2025-06-17 18:34:20+00:00,True,Karina-Agliullova,User,20,5,2,12,5,10,https://github.com/BCStudentSoftwareDevTeam/celts/pull/1503,141.86083333333335,5.910868055555556,False,True
celts,1504,Newbugfix,RueHaile,User,closed,True,2025-06-11 23:29:35+00:00,2025-06-24T17:17:35Z,2025-06-24 17:17:25+00:00,,False,,,6,6,3,2,1,0,https://github.com/BCStudentSoftwareDevTeam/celts/pull/1504,,,True,False
celts,1505,Minorbox minimization,bakobagassas,User,closed,False,2025-06-12 15:16:04+00:00,2025-06-12T20:56:35Z,2025-06-12 20:56:34+00:00,,False,,,17,1,2,3,2,0,https://github.com/BCStudentSoftwareDevTeam/celts/pull/1505,,,True,False
celts,1506,Minor list update,bakobagassas,User,closed,False,2025-06-12 18:28:39+00:00,2025-06-12T20:46:46Z,2025-06-12 20:46:45+00:00,,False,,,17,1,2,4,2,0,https://github.com/BCStudentSoftwareDevTeam/celts/pull/1506,,,True,False
celts,1507,Accordion design 1453,jjijon7000,User,closed,False,2025-06-12 19:55:14+00:00,2025-08-08T16:35:16Z,2025-08-08 16:35:12+00:00,2025-08-08 16:35:12+00:00,True,,,140,130,6,38,6,3,https://github.com/BCStudentSoftwareDevTeam/celts/pull/1507,1364.6661111111111,56.86108796296296,False,True
celts,1509,Update statuses on course proposals 1472,adjagbodjouf,User,closed,False,2025-06-13 13:55:49+00:00,2025-06-24T21:27:46Z,2025-06-24 21:27:39+00:00,2025-06-24 21:27:39+00:00,True,,,40,33,14,19,1,8,https://github.com/BCStudentSoftwareDevTeam/celts/pull/1509,271.53055555555557,11.31377314814815,False,True
celts,1510,"Deleted the ""allow start date to be in the past"" toggle",BesherKitaz,User,closed,False,2025-06-13 13:58:48+00:00,2025-06-17T17:59:42Z,2025-06-17 17:59:42+00:00,2025-06-17 17:59:42+00:00,True,Karina-Agliullova,User,93,35,2,15,7,0,https://github.com/BCStudentSoftwareDevTeam/celts/pull/1510,100.015,4.167291666666666,False,True
celts,1511,fixes print button location on profile,RueHaile,User,closed,False,2025-06-13 14:42:10+00:00,2025-06-17T18:32:12Z,2025-06-17 18:32:12+00:00,2025-06-17 18:32:12+00:00,True,Karina-Agliullova,User,6,5,2,7,1,2,https://github.com/BCStudentSoftwareDevTeam/celts/pull/1511,99.8338888888889,4.159745370370371,False,True
celts,1512,Event page restructure 1442,Arohasina,User,closed,False,2025-06-13 15:14:17+00:00,2025-06-16T15:29:59Z,2025-06-16 15:29:59+00:00,2025-06-16 15:29:59+00:00,True,Karina-Agliullova,User,14,10,1,4,1,2,https://github.com/BCStudentSoftwareDevTeam/celts/pull/1512,72.26166666666667,3.010902777777778,False,True
celts,1513,Multi offer modal should have a different validation,BesherKitaz,User,closed,False,2025-06-13 17:20:00+00:00,2025-06-24T20:02:46Z,2025-06-24 20:02:21+00:00,2025-06-24 20:02:21+00:00,True,,,7,10,2,16,3,0,https://github.com/BCStudentSoftwareDevTeam/celts/pull/1513,266.7058333333333,11.112743055555555,False,True
celts,1515,finsihed issues and added button to celts labor,jjijon7000,User,closed,False,2025-06-16 15:40:30+00:00,2025-07-08T14:36:28Z,2025-07-08 14:36:24+00:00,2025-07-08 14:36:24+00:00,True,,,8,19,1,12,1,4,https://github.com/BCStudentSoftwareDevTeam/celts/pull/1515,526.9316666666666,21.95548611111111,False,True
celts,1516,Dietary restrictions volunteer details 1450,adjagbodjouf,User,closed,False,2025-06-16 19:21:10+00:00,2025-06-20T15:07:51Z,2025-06-20 15:07:24+00:00,2025-06-20 15:07:24+00:00,True,,,31,11,4,16,1,0,https://github.com/BCStudentSoftwareDevTeam/celts/pull/1516,91.77055555555556,3.8237731481481485,False,True
celts,1524,Default Event Location Not Populated When Edit Program Modal is Open,PuskarC,User,closed,False,2025-06-17 15:44:42+00:00,2025-06-17T19:12:02Z,2025-06-17 19:11:59+00:00,2025-06-17 19:11:59+00:00,True,,,1,1,1,2,1,0,https://github.com/BCStudentSoftwareDevTeam/celts/pull/1524,3.4547222222222222,0.14394675925925926,False,True
celts,1525,Event Name Population in Main Page,BesherKitaz,User,closed,False,2025-06-17 17:52:58+00:00,2025-06-23T18:49:11Z,2025-06-23 18:49:08+00:00,2025-06-23 18:49:08+00:00,True,,,28,5,2,17,1,8,https://github.com/BCStudentSoftwareDevTeam/celts/pull/1525,144.9361111111111,6.03900462962963,False,True
celts,1526,Replaced the Javascript with anchor tag for the service transcript ,PuskarC,User,closed,False,2025-06-17 18:05:49+00:00,2025-07-02T12:41:30Z,2025-07-02 12:41:28+00:00,2025-07-02 12:41:28+00:00,True,,,1,6,2,4,1,0,https://github.com/BCStudentSoftwareDevTeam/celts/pull/1526,354.5941666666667,14.774756944444446,False,True
celts,1527,Date Picker For Banning Volunteer ,GalinaP7,User,closed,False,2025-06-17 18:23:45+00:00,2025-06-20T14:45:12Z,2025-06-20 14:45:09+00:00,2025-06-20 14:45:09+00:00,True,,,10,9,4,15,1,7,https://github.com/BCStudentSoftwareDevTeam/celts/pull/1527,68.35666666666667,2.8481944444444447,False,True
celts,1528,"Renamed the Kiosk Mode page to Scanner Entry, for clarification.",PuskarC,User,closed,False,2025-06-17 18:48:01+00:00,2025-07-02T12:36:53Z,2025-07-02 12:36:50+00:00,2025-07-02 12:36:50+00:00,True,,,3,3,3,6,1,0,https://github.com/BCStudentSoftwareDevTeam/celts/pull/1528,353.81361111111113,14.742233796296297,False,True
celts,1529,Making an Accordion for the CCE Minor and Changing Buttons,Meatchema,User,closed,False,2025-06-17 19:19:55+00:00,2025-07-03T20:21:28Z,2025-07-03 20:21:25+00:00,2025-07-03 20:21:25+00:00,True,,,148,122,10,36,10,43,https://github.com/BCStudentSoftwareDevTeam/celts/pull/1529,385.025,16.042708333333334,False,True
celts,1531,Event title for celts sponsored,GalinaP7,User,closed,False,2025-06-17 20:24:42+00:00,2025-06-25T19:46:50Z,2025-06-25 19:46:50+00:00,2025-06-25 19:46:50+00:00,True,GalinaP7,User,17,11,5,14,3,5,https://github.com/BCStudentSoftwareDevTeam/celts/pull/1531,191.36888888888888,7.973703703703703,False,False
celts,1532,Fixed UI problems with the health issues star 1530,adjagbodjouf,User,closed,False,2025-06-18 18:21:54+00:00,2025-06-20T13:27:39Z,2025-06-20 13:27:35+00:00,2025-06-20 13:27:35+00:00,True,,,6,3,1,2,1,0,https://github.com/BCStudentSoftwareDevTeam/celts/pull/1532,43.094722222222224,1.795613425925926,False,True
celts,1533,Labor only option,BesherKitaz,User,closed,False,2025-06-19 20:19:20+00:00,2025-06-24T21:03:20Z,2025-06-24 21:03:17+00:00,2025-06-24 21:03:17+00:00,True,,,36,25,6,11,2,1,https://github.com/BCStudentSoftwareDevTeam/celts/pull/1533,120.7325,5.030520833333333,False,True
celts,1534,Fixed the sticky withdraw action on the course propsal page,PuskarC,User,closed,False,2025-06-20 17:55:59+00:00,2025-07-16T19:04:58Z,2025-06-20 19:58:00+00:00,2025-06-20 19:58:00+00:00,True,sheggen,User,6,2,1,3,1,0,https://github.com/BCStudentSoftwareDevTeam/celts/pull/1534,2.033611111111111,0.0847337962962963,False,True
celts,1536,Event participant none hours,GalinaP7,User,closed,False,2025-06-23 15:10:06+00:00,2025-06-24T17:20:18Z,2025-06-24 17:19:33+00:00,2025-06-24 17:19:33+00:00,True,,,51,34,4,8,1,2,https://github.com/BCStudentSoftwareDevTeam/celts/pull/1536,26.1575,1.0898958333333333,False,True
celts,1537,User management refactor,BesherKitaz,User,closed,False,2025-06-23 15:37:06+00:00,2025-06-26T19:19:24Z,2025-06-26 19:19:21+00:00,2025-06-26 19:19:21+00:00,True,,,114,67,5,13,2,23,https://github.com/BCStudentSoftwareDevTeam/celts/pull/1537,75.70416666666667,3.1543402777777776,False,True
celts,1541,Filename error on Event view page,PuskarC,User,closed,False,2025-06-24 19:32:24+00:00,2025-06-24T19:59:15Z,2025-06-24 19:59:13+00:00,2025-06-24 19:59:13+00:00,True,,,6,2,1,2,1,0,https://github.com/BCStudentSoftwareDevTeam/celts/pull/1541,0.4469444444444444,0.018622685185185183,False,True
celts,1542,1454 travel forms button,mathew2005,User,closed,False,2025-06-25 15:44:33+00:00,2025-07-16T18:59:33Z,2025-07-16 18:59:29+00:00,2025-07-16 18:59:29+00:00,True,,,101,43,7,19,4,11,https://github.com/BCStudentSoftwareDevTeam/celts/pull/1542,507.24888888888887,21.13537037037037,False,True
celts,1543,Editing toasts flashes #1385,Jsmi8334,User,closed,False,2025-06-26 17:29:03+00:00,2025-07-11T14:38:57Z,2025-07-11 14:38:54+00:00,2025-07-11 14:38:54+00:00,True,,,462,302,10,58,10,23,https://github.com/BCStudentSoftwareDevTeam/celts/pull/1543,357.1641666666667,14.881840277777778,False,True
celts,1544,Labor tab,bakobagassas,User,closed,False,2025-06-26 17:39:39+00:00,2025-07-10T20:21:37Z,2025-07-10 20:21:37+00:00,2025-07-10 20:21:37+00:00,True,Karina-Agliullova,User,733,9,14,30,12,17,https://github.com/BCStudentSoftwareDevTeam/celts/pull/1544,338.69944444444445,14.112476851851852,False,True
celts,1546,Added a Location field for every single event listing,PuskarC,User,closed,False,2025-06-30 14:20:14+00:00,2026-01-12T17:09:02Z,2026-01-12 17:09:01+00:00,2026-01-12 17:09:01+00:00,True,,,251,161,5,60,14,23,https://github.com/BCStudentSoftwareDevTeam/celts/pull/1546,4706.813055555555,196.11721064814813,False,True
celts,1547,Program manager 1545,jjijon7000,User,closed,False,2025-06-30 15:21:13+00:00,2025-07-15T18:36:18Z,2025-07-15 18:15:27+00:00,2025-07-15 18:15:27+00:00,True,,,77,32,5,15,3,20,https://github.com/BCStudentSoftwareDevTeam/celts/pull/1547,362.9038888888889,15.120995370370371,False,True
celts,1548,Bonner Requirement functionality,vazquezsotoj,User,closed,False,2025-06-30 19:23:39+00:00,2025-07-01T14:46:50Z,2025-07-01 14:46:50+00:00,,False,,,162,95,6,19,0,0,https://github.com/BCStudentSoftwareDevTeam/celts/pull/1548,,,True,False
celts,1550,Bonner req functions,bakobagassas,User,closed,False,2025-07-01 17:35:37+00:00,2025-07-02T17:47:37Z,2025-07-02 17:47:37+00:00,,False,,,172,156,7,20,0,0,https://github.com/BCStudentSoftwareDevTeam/celts/pull/1550,,,True,False
celts,1551,New req,bakobagassas,User,closed,False,2025-07-01 17:41:10+00:00,2025-09-12T17:54:19Z,2025-09-12 17:54:19+00:00,,False,,,158,188,7,60,2,32,https://github.com/BCStudentSoftwareDevTeam/celts/pull/1551,,,True,False
celts,1556,Save button on Create Event page ,Shenderaz,User,closed,False,2025-07-02 14:15:05+00:00,2025-08-08T20:55:28Z,2025-08-08 20:55:27+00:00,,False,,,32,9,3,11,4,3,https://github.com/BCStudentSoftwareDevTeam/celts/pull/1556,,,True,False
celts,1562,#1560 Footer Issue,jjijon7000,User,closed,False,2025-07-08 13:42:21+00:00,2025-07-08T14:15:06Z,2025-07-08 14:15:04+00:00,2025-07-08 14:15:04+00:00,True,,,1,1,1,1,1,0,https://github.com/BCStudentSoftwareDevTeam/celts/pull/1562,0.5452777777777778,0.022719907407407407,False,True
celts,1566,Remove Dash,petrosyantsa,User,closed,False,2025-07-09 17:52:09+00:00,2025-07-11T18:41:43Z,2025-07-11 18:41:38+00:00,2025-07-11 18:41:38+00:00,True,,,1,1,1,3,1,0,https://github.com/BCStudentSoftwareDevTeam/celts/pull/1566,48.82472222222222,2.034363425925926,False,True
celts,1568,Admin report page ,Arohasina,User,closed,False,2025-07-10 20:12:41+00:00,2025-07-28T19:45:55Z,2025-07-28 19:45:55+00:00,2025-07-28 19:45:55+00:00,True,Karina-Agliullova,User,172,76,3,25,9,5,https://github.com/BCStudentSoftwareDevTeam/celts/pull/1568,431.5538888888889,17.981412037037035,False,True
celts,1578,changed the name from student-led services to Volunteer programs,bakobagassas,User,closed,False,2025-07-14 18:21:21+00:00,2025-07-18T18:08:54Z,2025-07-18 18:08:54+00:00,,False,,,63,28,8,11,2,1,https://github.com/BCStudentSoftwareDevTeam/celts/pull/1578,,,True,False
celts,1579,Added a new filter for the labor history,PuskarC,User,closed,False,2025-07-14 18:59:17+00:00,2025-07-15T19:29:49Z,2025-07-15 19:29:49+00:00,,False,,,1,0,1,2,3,0,https://github.com/BCStudentSoftwareDevTeam/celts/pull/1579,,,True,False
celts,1580,Added Placeholder for Insurance Information,PuskarC,User,closed,False,2025-07-15 13:56:05+00:00,2025-07-15T19:02:02Z,2025-07-15 19:01:59+00:00,2025-07-15 19:01:59+00:00,True,,,7,7,1,3,1,0,https://github.com/BCStudentSoftwareDevTeam/celts/pull/1580,5.098333333333334,0.21243055555555557,False,True
celts,1581,1558 event blank,mathew2005,User,closed,False,2025-07-15 16:10:55+00:00,2025-09-12T12:26:27Z,2025-09-12 12:26:24+00:00,2025-09-12 12:26:24+00:00,True,,,20,18,4,15,3,0,https://github.com/BCStudentSoftwareDevTeam/celts/pull/1581,1412.2580555555555,58.844085648148145,False,True
celts,1582,Logging Labor Management Events,BesherKitaz,User,closed,True,2025-07-16 14:29:23+00:00,2025-09-12T17:59:51Z,2025-09-12 17:59:51+00:00,,False,,,9,3,3,1,1,0,https://github.com/BCStudentSoftwareDevTeam/celts/pull/1582,,,True,False
celts,1583,Prevent banned users from being added as volunteers to programs they were banned from,Arohasina,User,closed,False,2025-07-17 19:27:32+00:00,2025-08-08T19:42:28Z,2025-08-08 19:42:28+00:00,,False,,,36,36,1,1,2,0,https://github.com/BCStudentSoftwareDevTeam/celts/pull/1583,,,True,False
celts,1584,Changed Event List Groupings,bakobagassas,User,closed,False,2025-07-21 14:18:30+00:00,2025-12-17T17:33:58Z,2025-12-17 17:33:55+00:00,2025-12-17 17:33:55+00:00,True,,,230,174,16,53,12,13,https://github.com/BCStudentSoftwareDevTeam/celts/pull/1584,3579.2569444444443,149.1357060185185,False,True
celts,1585,Dietary fix userProfile,Jsmi8334,User,closed,False,2025-07-21 19:09:52+00:00,2025-07-22T20:16:17Z,2025-07-22 20:16:02+00:00,,False,,,174,77,5,24,1,0,https://github.com/BCStudentSoftwareDevTeam/celts/pull/1585,,,True,False
celts,1586,Insurance info error,Arohasina,User,closed,False,2025-07-21 19:16:41+00:00,2025-08-08T19:39:03Z,2025-08-08 19:39:02+00:00,,False,,,18,12,1,4,3,0,https://github.com/BCStudentSoftwareDevTeam/celts/pull/1586,,,True,False
celts,1587,CCE minor redesign,petrosyantsa,User,closed,False,2025-07-21 19:21:22+00:00,2025-09-12T18:05:06Z,2025-09-12 18:05:06+00:00,,False,,,78,27,6,10,2,0,https://github.com/BCStudentSoftwareDevTeam/celts/pull/1587,,,True,False
celts,1588,Labor tab,adjagbodjouf,User,closed,False,2025-07-22 17:33:41+00:00,2025-10-14T19:18:30Z,2025-10-14 19:18:30+00:00,,False,,,823,276,24,18,1,1,https://github.com/BCStudentSoftwareDevTeam/celts/pull/1588,,,True,False
celts,1589,Working Code Checkpoint: Added html file and JS file,Meatchema,User,closed,False,2025-07-22 17:37:28+00:00,2025-07-22T19:54:23Z,2025-07-22 19:54:23+00:00,2025-07-22 19:54:23+00:00,True,Karina-Agliullova,User,39,40,2,1,1,0,https://github.com/BCStudentSoftwareDevTeam/celts/pull/1589,2.2819444444444446,0.09508101851851852,False,True
celts,1590,New changes added,Meatchema,User,closed,False,2025-07-22 20:22:19+00:00,2025-07-22T20:22:30Z,2025-07-22 20:22:26+00:00,,False,,,102,102,2,1,0,0,https://github.com/BCStudentSoftwareDevTeam/celts/pull/1590,,,True,False
celts,1603,Cce minor management,petrosyantsa,User,closed,False,2025-08-01 17:40:41+00:00,2025-09-12T18:07:55Z,2025-09-12 18:07:54+00:00,,False,,,22,2,3,2,2,0,https://github.com/BCStudentSoftwareDevTeam/celts/pull/1603,,,True,False
celts,1604,Add a list of training options to create event page,Arohasina,User,open,False,2025-08-01 18:08:57+00:00,2026-09-15T22:16:38Z,,,False,,,79,19,6,20,1,16,https://github.com/BCStudentSoftwareDevTeam/celts/pull/1604,,,False,False
celts,1608,Second Summer Production Release,Karina-Agliullova,User,closed,True,2025-08-22 19:50:22+00:00,2025-11-11T17:55:03Z,2025-11-11 17:55:03+00:00,,False,,,295,245,21,74,1,0,https://github.com/BCStudentSoftwareDevTeam/celts/pull/1608,,,True,False
celts,1610,Create event hot fix,ojmakinde,User,closed,False,2025-08-27 20:31:16+00:00,2025-09-04T18:21:04Z,2025-09-04 18:20:55+00:00,,False,,,25,4,2,4,2,0,https://github.com/BCStudentSoftwareDevTeam/celts/pull/1610,,,True,False
celts,1611,Fix all vol training series,ojmakinde,User,closed,False,2025-08-27 21:17:44+00:00,2025-08-28T16:44:44Z,2025-08-28 16:44:41+00:00,2025-08-28 16:44:41+00:00,True,,,19,19,2,4,1,0,https://github.com/BCStudentSoftwareDevTeam/celts/pull/1611,19.449166666666667,0.8103819444444444,False,True
celts,1613,Voulnteer name fix,MImran2002,User,closed,False,2025-08-27 23:20:49+00:00,2025-08-27T23:20:55Z,2025-08-27 23:20:55+00:00,,False,,,201,36,9,19,0,0,https://github.com/BCStudentSoftwareDevTeam/celts/pull/1613,,,True,False
celts,1614,The language has been changed to prevent confusion,MImran2002,User,closed,False,2025-08-27 23:38:19+00:00,2025-09-04T18:49:22Z,2025-09-04 18:49:21+00:00,,False,,,14,0,2,1,2,0,https://github.com/BCStudentSoftwareDevTeam/celts/pull/1614,,,True,False
celts,1615,The language has been changed to prevent confusion,Karina-Agliullova,User,closed,False,2025-08-28 19:39:39+00:00,2025-09-04T18:48:52Z,2025-09-04 18:48:49+00:00,2025-09-04 18:48:49+00:00,True,,,14,0,2,3,1,0,https://github.com/BCStudentSoftwareDevTeam/celts/pull/1615,167.15277777777777,6.9646990740740735,False,True
celts,1616,Program Manager Hotfix,ojmakinde,User,closed,False,2025-08-30 18:23:23+00:00,2025-09-04T18:37:11Z,2025-09-04 18:37:07+00:00,2025-09-04 18:37:07+00:00,True,,,5,4,1,3,1,0,https://github.com/BCStudentSoftwareDevTeam/celts/pull/1616,120.22888888888889,5.009537037037037,False,True
celts,1622,Fixed issue with syncing hours on service transcript and spreasheet,Karina-Agliullova,User,closed,False,2025-09-04 19:48:26+00:00,2025-09-08T17:39:22Z,2025-09-08 17:39:22+00:00,,False,,,6,3,2,2,1,0,https://github.com/BCStudentSoftwareDevTeam/celts/pull/1622,,,True,False
celts,1623,Reports,bakobagassas,User,closed,False,2025-09-05 17:17:27+00:00,2025-09-11T17:17:25Z,2025-09-11 17:17:25+00:00,,False,,,25,25,2,3,2,2,https://github.com/BCStudentSoftwareDevTeam/celts/pull/1623,,,True,False
celts,1628,Frequency and name required,bakobagassas,User,closed,False,2025-09-16 16:11:41+00:00,2025-10-16T17:10:31Z,2025-10-16 17:01:16+00:00,2025-10-16 17:01:16+00:00,True,,,16,3,2,4,3,0,https://github.com/BCStudentSoftwareDevTeam/celts/pull/1628,720.8263888888889,30.03443287037037,False,True
celts,1633,flash message,bakobagassas,User,closed,False,2025-10-11 22:03:54+00:00,2025-10-16T16:16:13Z,2025-10-16 16:16:06+00:00,2025-10-16 16:16:06+00:00,True,,,1,0,1,2,1,1,https://github.com/BCStudentSoftwareDevTeam/celts/pull/1633,114.20333333333333,4.758472222222222,False,True
celts,1635,"Pushing the issues I have worked individually, Resolving 4 separate Issues",eunsungw,User,closed,False,2025-11-05 02:03:52+00:00,2025-11-11T13:42:14Z,2025-11-11 13:42:14+00:00,,False,,,248,19,4,2,5,0,https://github.com/BCStudentSoftwareDevTeam/celts/pull/1635,,,True,False
celts,1637,Added Edit Functionality to Notes on User Profile,eunsungw,User,closed,False,2025-11-12 19:39:41+00:00,2025-11-12T20:50:08Z,2025-11-12 20:50:08+00:00,,False,,,215,2,3,1,1,12,https://github.com/BCStudentSoftwareDevTeam/celts/pull/1637,,,True,False
celts,1638,Program managers can now see background check,bakobagassas,User,closed,False,2025-11-13 20:13:13+00:00,2025-11-24T16:54:14Z,2025-11-24 16:53:41+00:00,2025-11-24 16:53:41+00:00,True,,,66,51,2,13,0,10,https://github.com/BCStudentSoftwareDevTeam/celts/pull/1638,260.6744444444444,10.861435185185185,False,True
celts,1643,fix: allow sidebar to scroll on small screen heights,adityashirsatrao007,User,closed,False,2025-12-10 16:51:06+00:00,2026-01-14T16:14:38Z,2026-01-14 16:14:23+00:00,,False,,,1,1,1,1,1,0,https://github.com/BCStudentSoftwareDevTeam/celts/pull/1643,,,True,False
celts,1647,Events header,bakobagassas,User,closed,False,2025-12-18 15:14:48+00:00,2026-03-25T20:01:22Z,2026-03-25 20:01:22+00:00,2026-03-25 20:01:22+00:00,True,Karina-Agliullova,User,187,33,5,21,6,2,https://github.com/BCStudentSoftwareDevTeam/celts/pull/1647,2332.7761111111113,97.19900462962964,False,True
celts,1664,1660 CCE minor students not showing,Kafui123,User,closed,False,2026-01-20 20:59:22+00:00,2026-03-11T19:38:05Z,2026-03-11 19:38:05+00:00,2026-03-11 19:38:05+00:00,True,Jonimz,User,154,73,8,31,6,38,https://github.com/BCStudentSoftwareDevTeam/celts/pull/1664,1198.6452777777777,49.943553240740734,False,True
celts,1665,Requirement Spreadsheet,MImran2002,User,closed,False,2026-01-20 22:33:14+00:00,2026-01-22T17:28:16Z,2026-01-22 17:27:03+00:00,2026-01-22 17:27:03+00:00,True,,,10,14,2,9,1,0,https://github.com/BCStudentSoftwareDevTeam/celts/pull/1665,42.89694444444444,1.7873726851851852,False,True
celts,1666,Fixed insurance check box issue.,Jonimz,User,closed,False,2026-01-21 20:53:49+00:00,2026-01-23T14:16:59Z,2026-01-23 14:16:59+00:00,2026-01-23 14:16:59+00:00,True,Karina-Agliullova,User,1,2,2,3,1,2,https://github.com/BCStudentSoftwareDevTeam/celts/pull/1666,41.38611111111111,1.7244212962962964,False,True
celts,1667,Fix volunteer RSVP language in non-RSVP event,Meatchema,User,open,False,2026-01-22 21:47:51+00:00,2026-06-03T19:34:56Z,,,False,,,159,56,9,28,16,9,https://github.com/BCStudentSoftwareDevTeam/celts/pull/1667,,,False,False
celts,1668,Non enrolled and graduated students,bakobagassas,User,closed,False,2026-01-23 18:34:08+00:00,2026-02-17T20:05:42Z,2026-02-17 20:05:38+00:00,2026-02-17 20:05:38+00:00,True,,,224,49,6,29,6,3,https://github.com/BCStudentSoftwareDevTeam/celts/pull/1668,601.525,25.063541666666666,False,True
celts,1669,Delete button redesign ,bakobagassas,User,closed,False,2026-01-26 18:47:37+00:00,2026-02-10T21:56:49Z,2026-02-10 21:56:48+00:00,2026-02-10 21:56:48+00:00,True,Karina-Agliullova,User,18,10,2,9,4,0,https://github.com/BCStudentSoftwareDevTeam/celts/pull/1669,363.15305555555557,15.131377314814815,False,True
celts,1670,1670 Change Title in Bonner Management Accordion,Kafui123,User,closed,False,2026-01-28 23:14:05+00:00,2026-02-03T21:30:04Z,2026-01-29 20:19:07+00:00,2026-01-29 20:19:07+00:00,True,MImran2002,User,1,1,1,1,1,0,https://github.com/BCStudentSoftwareDevTeam/celts/pull/1670,21.08388888888889,0.8784953703703704,False,True
celts,1671,"Student position is edited to display ""current manager""",MImran2002,User,closed,False,2026-01-29 20:51:40+00:00,2026-02-10T21:22:22Z,2026-02-10 21:22:14+00:00,2026-02-10 21:22:14+00:00,True,bakobagassas,User,1,1,1,2,2,0,https://github.com/BCStudentSoftwareDevTeam/celts/pull/1671,288.50944444444445,12.021226851851852,False,True
celts,1672,1597 edit event btn,Shenderaz,User,closed,False,2026-01-29 23:26:54+00:00,2026-02-03T20:02:25Z,2026-02-03 20:02:25+00:00,2026-02-03 20:02:25+00:00,True,Arohasina,User,3,0,1,3,1,0,https://github.com/BCStudentSoftwareDevTeam/celts/pull/1672,116.59194444444445,4.857997685185185,False,True
celts,1673,Test spreadsheet 1641,Arohasina,User,closed,False,2026-02-03 20:32:13+00:00,2026-02-12T20:46:04Z,2026-02-12 20:45:54+00:00,2026-02-12 20:45:53+00:00,True,Meatchema,User,597,280,2,13,3,13,https://github.com/BCStudentSoftwareDevTeam/celts/pull/1673,216.2277777777778,9.009490740740741,False,True
celts,1675,Paging issue,bakobagassas,User,closed,False,2026-02-16 19:51:23+00:00,2026-03-06T19:14:46Z,2026-03-06 19:14:45+00:00,2026-03-06 19:14:45+00:00,True,ojmakinde,User,45,44,2,17,1,1,https://github.com/BCStudentSoftwareDevTeam/celts/pull/1675,431.38944444444445,17.974560185185187,False,True
celts,1677,Added and Delete Note Buttons,Jonimz,User,closed,False,2026-02-18 20:37:39+00:00,2026-03-24T18:42:24Z,2026-03-24 18:12:27+00:00,2026-03-24 18:12:27+00:00,True,ojmakinde,User,104,10,5,17,2,10,https://github.com/BCStudentSoftwareDevTeam/celts/pull/1677,813.58,33.899166666666666,False,True
celts,1678,Graduation management first page,Meatchema,User,closed,True,2026-02-18 21:25:14+00:00,2026-02-18T21:27:23Z,2026-02-18 21:27:23+00:00,,False,,,22,9,3,14,1,0,https://github.com/BCStudentSoftwareDevTeam/celts/pull/1678,,,True,False
celts,1679,Graduation management first page,Meatchema,User,closed,False,2026-02-19 14:21:38+00:00,2026-04-14T18:17:11Z,2026-04-14 18:17:11+00:00,2026-04-14 18:17:11+00:00,True,JohnCox2211,User,4,9,3,34,5,15,https://github.com/BCStudentSoftwareDevTeam/celts/pull/1679,1299.9258333333332,54.163576388888885,False,True
celts,1681,training message,bakobagassas,User,closed,False,2026-02-23 18:37:39+00:00,2026-02-26T20:24:47Z,2026-02-26 20:24:47+00:00,2026-02-26 20:24:47+00:00,True,JohnCox2211,User,1,7,1,2,1,0,https://github.com/BCStudentSoftwareDevTeam/celts/pull/1681,73.78555555555556,3.0743981481481484,False,True
celts,1684,Labor attendance report 1626,Arohasina,User,closed,False,2026-02-25 22:53:02+00:00,2026-05-02T19:59:38Z,2026-05-02 19:59:38+00:00,2026-05-02 19:59:38+00:00,True,MImran2002,User,112,3,2,30,2,44,https://github.com/BCStudentSoftwareDevTeam/celts/pull/1684,1581.11,65.87958333333333,False,True
celts,1685,Removed labor meetings from participation history,Karina-Agliullova,User,closed,False,2026-02-26 22:23:32+00:00,2026-05-07T16:29:35Z,2026-05-07 16:29:35+00:00,,False,,,4,2,2,4,0,5,https://github.com/BCStudentSoftwareDevTeam/celts/pull/1685,,,True,False
celts,1687,Make Start Date appear,bakobagassas,User,closed,False,2026-03-09 18:57:41+00:00,2026-03-31T19:44:36Z,2026-03-31 19:44:36+00:00,2026-03-31 19:44:36+00:00,True,JohnCox2211,User,19,18,5,14,2,3,https://github.com/BCStudentSoftwareDevTeam/celts/pull/1687,528.7819444444444,22.032581018518517,False,True
celts,1688,1597 edit event btn,Shenderaz,User,closed,False,2026-03-26 19:25:07+00:00,2026-04-20T17:13:58Z,2026-04-20 17:13:58+00:00,2026-04-20 17:13:58+00:00,True,bakobagassas,User,9,3,1,6,2,4,https://github.com/BCStudentSoftwareDevTeam/celts/pull/1688,597.8141666666667,24.90892361111111,False,True
celts,1691,Transcript,bakobagassas,User,closed,False,2026-03-30 19:23:27+00:00,2026-04-07T20:13:24Z,2026-04-07 20:13:23+00:00,2026-04-07 20:13:23+00:00,True,MImran2002,User,81,0,4,9,1,3,https://github.com/BCStudentSoftwareDevTeam/celts/pull/1691,192.8322222222222,8.034675925925926,False,True
celts,1693,Added a report for graduating seniors with volunteer hours,Karina-Agliullova,User,closed,False,2026-04-02 21:29:34+00:00,2026-04-10T21:09:01Z,2026-04-10 21:09:01+00:00,,False,,,119,0,2,4,1,0,https://github.com/BCStudentSoftwareDevTeam/celts/pull/1693,,,True,False
celts,1694,Marking Volunteers as Attended from the RSVP List Wipes Current Volunteer Names Fix,JohnCox2211,User,closed,False,2026-04-07 19:12:34+00:00,2026-04-27T16:40:57Z,2026-04-27 16:40:56+00:00,2026-04-27 16:40:56+00:00,True,bakobagassas,User,31,16,2,10,2,0,https://github.com/BCStudentSoftwareDevTeam/celts/pull/1694,477.47277777777776,19.894699074074072,False,True
celts,1696,Added reports for graduating seniors,Karina-Agliullova,User,closed,False,2026-04-10 20:03:09+00:00,2026-04-13T13:13:40Z,2026-04-13 13:13:39+00:00,2026-04-13 13:13:39+00:00,True,,,132,1,2,3,1,0,https://github.com/BCStudentSoftwareDevTeam/celts/pull/1696,65.175,2.7156249999999997,False,True
celts,1699,Participation type,MImran2002,User,closed,False,2026-04-27 16:56:36+00:00,2026-05-02T21:13:50Z,2026-05-02 21:13:50+00:00,,False,,,129,9,5,13,2,1,https://github.com/BCStudentSoftwareDevTeam/celts/pull/1699,,,True,False
celts,1701,Added a term to the Unique Volunteers list,Karina-Agliullova,User,closed,False,2026-04-27 20:34:51+00:00,2026-04-28T14:12:02Z,2026-04-28 14:07:29+00:00,2026-04-28 14:07:29+00:00,True,,,13,6,1,1,1,0,https://github.com/BCStudentSoftwareDevTeam/celts/pull/1701,17.54388888888889,0.7309953703703704,False,True
celts,1702,solved the responsiveness issue,bakobagassas,User,closed,False,2026-04-28 19:06:11+00:00,2026-06-08T15:36:15Z,2026-06-08 15:36:11+00:00,2026-06-08 15:36:11+00:00,True,,,61,47,2,10,3,0,https://github.com/BCStudentSoftwareDevTeam/celts/pull/1702,980.5,40.854166666666664,False,True
celts,1703,Participationtypes,MImran2002,User,closed,False,2026-05-02 21:13:38+00:00,2026-05-04T17:05:50Z,2026-05-04 17:05:50+00:00,2026-05-04 17:05:50+00:00,True,RueHaile,User,104,7,3,4,1,0,https://github.com/BCStudentSoftwareDevTeam/celts/pull/1703,43.87,1.8279166666666666,False,True
celts,1704,Reports fix,Karina-Agliullova,User,closed,True,2026-05-05 20:30:34+00:00,2026-05-05T20:30:47Z,2026-05-05 20:30:47+00:00,,False,,,141,7,2,8,0,0,https://github.com/BCStudentSoftwareDevTeam/celts/pull/1704,,,True,False
celts,1705,Reports for grad seniors hotfix,Karina-Agliullova,User,closed,False,2026-05-05 20:31:42+00:00,2026-05-06T16:30:14Z,2026-05-06 16:30:14+00:00,2026-05-06 16:30:14+00:00,True,,,32,28,2,2,1,0,https://github.com/BCStudentSoftwareDevTeam/celts/pull/1705,19.975555555555555,0.8323148148148148,False,True
celts,1707,Removed labor meetings from participation history,Karina-Agliullova,User,closed,False,2026-05-07 16:30:35+00:00,2026-06-02T17:30:43Z,2026-06-02 17:30:43+00:00,2026-06-02 17:30:43+00:00,True,MImran2002,User,5,1,1,1,1,0,https://github.com/BCStudentSoftwareDevTeam/celts/pull/1707,625.0022222222223,26.041759259259262,False,True
celts,1708,Added my Name to the list,BhushanSah,User,closed,False,2026-06-15 19:35:34+00:00,2026-06-16T15:23:50Z,2026-06-16 15:23:50+00:00,2026-06-16 15:23:50+00:00,True,,,8,6,3,4,1,0,https://github.com/BCStudentSoftwareDevTeam/celts/pull/1708,19.804444444444446,0.8251851851851852,False,False
celts,1709,Added Artem Kurasov to the list of the contributors of the CELTS website,ArtemKurasov,User,closed,False,2026-06-15 19:38:51+00:00,2026-06-17T13:56:54Z,2026-06-17 13:56:54+00:00,2026-06-17 13:56:54+00:00,True,MImran2002,User,2,0,1,2,1,0,https://github.com/BCStudentSoftwareDevTeam/celts/pull/1709,42.30083333333334,1.7625347222222223,False,True
celts,1710,Add daniel rukwasha contributor to the list,DanielRukwasha,User,closed,False,2026-06-15 19:38:58+00:00,2026-06-17T14:58:01Z,2026-06-17 14:58:01+00:00,2026-06-17 14:58:01+00:00,True,MImran2002,User,2,0,1,6,1,0,https://github.com/BCStudentSoftwareDevTeam/celts/pull/1710,43.3175,1.8048958333333334,False,True
celts,1711,added my name to the list,brightfietsop-ux,User,closed,False,2026-06-15 19:42:32+00:00,2026-06-17T15:17:44Z,2026-06-17 15:17:43+00:00,2026-06-17 15:17:43+00:00,True,MImran2002,User,3,1,1,6,1,0,https://github.com/BCStudentSoftwareDevTeam/celts/pull/1711,43.58638888888889,1.8160995370370372,False,True
celts,1712,John and alpha name update,NYABUTOA,User,closed,False,2026-06-15 19:43:35+00:00,2026-06-17T15:46:52Z,2026-06-17 15:46:52+00:00,2026-06-17 15:46:52+00:00,True,MImran2002,User,4,0,1,3,1,0,https://github.com/BCStudentSoftwareDevTeam/celts/pull/1712,44.054722222222225,1.835613425925926,False,True
celts,1713,Added name on contributer list,nahom70,User,closed,False,2026-06-15 19:45:01+00:00,2026-06-17T19:43:09Z,2026-06-17 19:43:09+00:00,2026-06-17 19:43:09+00:00,True,MImran2002,User,2,0,1,3,1,0,https://github.com/BCStudentSoftwareDevTeam/celts/pull/1713,47.96888888888889,1.9987037037037039,False,True
celts,1714,"Added ""Julius Fritz"" to the list of team members",fritzj2,User,closed,False,2026-06-15 20:03:30+00:00,2026-06-17T13:49:54Z,2026-06-17 13:49:54+00:00,2026-06-17 13:49:54+00:00,True,MImran2002,User,2,0,1,3,1,0,https://github.com/BCStudentSoftwareDevTeam/celts/pull/1714,41.77333333333333,1.7405555555555556,False,True
celts,1715,Added my name to ssdt,zhytkovd,User,closed,False,2026-06-15 20:04:57+00:00,2026-06-15T20:27:46Z,2026-06-15 20:27:46+00:00,2026-06-15 20:27:46+00:00,True,sheggen,User,3,1,2,1,2,0,https://github.com/BCStudentSoftwareDevTeam/celts/pull/1715,0.38027777777777777,0.015844907407407408,False,True
celts,1716,added my name to the contributer list,conwelld,User,closed,False,2026-06-15 20:07:24+00:00,2026-06-18T13:17:47Z,2026-06-18 13:17:47+00:00,2026-06-18 13:17:47+00:00,True,MImran2002,User,3,1,1,4,1,1,https://github.com/BCStudentSoftwareDevTeam/celts/pull/1716,65.17305555555555,2.7155439814814812,False,True
celts,1717,Munsakad celts,munsakad,User,closed,False,2026-06-15 20:27:46+00:00,2026-06-17T16:41:23Z,2026-06-17 16:41:23+00:00,2026-06-17 16:41:23+00:00,True,MImran2002,User,2,0,1,31,2,0,https://github.com/BCStudentSoftwareDevTeam/celts/pull/1717,44.22694444444444,1.8427893518518517,False,True
celts,1718,Added name to Contributors page. (Andrew Carnes),ACBerea,User,closed,False,2026-06-15 20:57:36+00:00,2026-06-17T19:03:35Z,2026-06-17 19:03:35+00:00,2026-06-17 19:03:35+00:00,True,sheggen,User,2,0,1,9,1,2,https://github.com/BCStudentSoftwareDevTeam/celts/pull/1718,46.09972222222222,1.9208217592592591,False,True
celts,1719,Chris3,BetterRocket,User,closed,False,2026-06-15 21:19:46+00:00,2026-06-17T19:15:04Z,2026-06-17 19:15:03+00:00,,False,,,4,1,2,3,1,0,https://github.com/BCStudentSoftwareDevTeam/celts/pull/1719,,,True,False
celts,1720,Bhushan&artem,BhushanSah,User,closed,False,2026-06-16 15:15:22+00:00,2026-06-16T15:23:51Z,2026-06-16 15:23:48+00:00,2026-06-16 15:23:48+00:00,True,,,8,6,3,4,1,0,https://github.com/BCStudentSoftwareDevTeam/celts/pull/1720,0.14055555555555554,0.005856481481481481,False,True
celts,1721,Redesign Designated Service-Learning Imported Courses #1601,johnlolonga19,User,closed,False,2026-06-16 15:50:32+00:00,2026-06-16T19:37:52Z,2026-06-16 19:37:52+00:00,2026-06-16 19:37:52+00:00,True,MImran2002,User,26,3,1,5,1,3,https://github.com/BCStudentSoftwareDevTeam/celts/pull/1721,3.7888888888888888,0.15787037037037036,False,True
celts,1722,scaling issues on buttons on course proposals is fixed,munsakad,User,closed,False,2026-06-16 17:41:49+00:00,2026-06-22T17:51:16Z,2026-06-22 15:32:26+00:00,2026-06-22 15:32:26+00:00,True,,,65,50,3,20,2,2,https://github.com/BCStudentSoftwareDevTeam/celts/pull/1722,141.8436111111111,5.910150462962963,False,True
celts,1723,Fixed rendering error in the 'On Transcript' column for StudentStaff,zhytkovd,User,closed,False,2026-06-16 17:42:36+00:00,2026-06-17T13:35:29Z,2026-06-17 13:35:29+00:00,2026-06-17 13:35:29+00:00,True,MImran2002,User,3,1,1,5,2,2,https://github.com/BCStudentSoftwareDevTeam/celts/pull/1723,19.88138888888889,0.8283912037037037,False,True
celts,1724,Admin tab intuitiveness,nahom70,User,closed,False,2026-06-16 19:51:44+00:00,2026-06-17T19:48:22Z,2026-06-17 19:48:22+00:00,2026-06-17 19:48:22+00:00,True,MImran2002,User,20,5,2,9,1,0,https://github.com/BCStudentSoftwareDevTeam/celts/pull/1724,23.94388888888889,0.997662037037037,False,True
celts,1725,toggle name change,johnlolonga19,User,closed,False,2026-06-16 19:58:36+00:00,2026-06-17T15:15:01Z,2026-06-17 15:15:01+00:00,2026-06-17 15:15:01+00:00,True,MImran2002,User,1,1,1,2,2,0,https://github.com/BCStudentSoftwareDevTeam/celts/pull/1725,19.273611111111112,0.8030671296296297,False,True
celts,1726,Reworded the event text to be less vague,zhytkovd,User,closed,False,2026-06-16 20:50:24+00:00,2026-06-17T19:59:12Z,2026-06-17 19:59:12+00:00,2026-06-17 19:59:11+00:00,True,MImran2002,User,1,1,1,8,3,1,https://github.com/BCStudentSoftwareDevTeam/celts/pull/1726,23.14638888888889,0.9644328703703704,False,True
celts,1727,exception handling in slcManagement.js,munsakad,User,closed,False,2026-06-16 20:51:55+00:00,2026-06-22T20:59:06Z,2026-06-22 20:58:02+00:00,2026-06-22 20:58:02+00:00,True,,,8,8,2,16,1,6,https://github.com/BCStudentSoftwareDevTeam/celts/pull/1727,144.10194444444446,6.004247685185185,False,True
celts,1728,Fix: Allow sidebar to scroll on small screen heights. Issue #1643.,ACBerea,User,closed,False,2026-06-16 20:59:54+00:00,2026-06-17T16:04:58Z,2026-06-17 16:04:57+00:00,2026-06-17 16:04:57+00:00,True,MImran2002,User,2,2,2,2,1,0,https://github.com/BCStudentSoftwareDevTeam/celts/pull/1728,19.08416666666667,0.7951736111111112,False,True
celts,1729,1130 event view tabs,BhushanSah,User,closed,False,2026-06-17 13:54:40+00:00,2026-06-17T15:43:15Z,2026-06-17 15:42:49+00:00,2026-06-17 15:42:49+00:00,True,,,5,5,3,6,1,0,https://github.com/BCStudentSoftwareDevTeam/celts/pull/1729,1.8025,0.07510416666666667,False,True
celts,1731,Fixed Phrasing in the PR Template,ArtemKurasov,User,closed,False,2026-06-17 19:03:34+00:00,2026-06-17T19:32:41Z,2026-06-17 19:32:41+00:00,2026-06-17 19:32:41+00:00,True,MImran2002,User,1,1,1,2,1,0,https://github.com/BCStudentSoftwareDevTeam/celts/pull/1731,0.48527777777777775,0.020219907407407405,False,True
celts,1732,added name to contributor list,BetterRocket,User,closed,False,2026-06-17 19:38:17+00:00,2026-06-18T18:50:26Z,2026-06-18 18:50:19+00:00,2026-06-18 18:50:19+00:00,True,,,2,0,1,3,1,0,https://github.com/BCStudentSoftwareDevTeam/celts/pull/1732,23.200555555555557,0.9666898148148149,False,True
celts,1734,added the reason for ban statement and asterix,johnlolonga19,User,closed,False,2026-06-17 21:01:47+00:00,2026-06-18T19:12:23Z,2026-06-18 19:12:22+00:00,2026-06-18 19:12:22+00:00,True,MImran2002,User,1,1,1,6,2,2,https://github.com/BCStudentSoftwareDevTeam/celts/pull/1734,22.176388888888887,0.9240162037037036,False,True
celts,1735,Daniel back button,DanielRukwasha,User,closed,False,2026-06-18 18:48:27+00:00,2026-09-09T18:24:32Z,2026-09-09 18:23:45+00:00,2026-09-09 18:23:45+00:00,True,,,21,5,3,20,6,5,https://github.com/BCStudentSoftwareDevTeam/celts/pull/1735,1991.5883333333334,82.98284722222222,False,True
celts,1737,Add a CCE Minor Note feature attached to the Notes section in the User profile,munsakad,User,closed,False,2026-06-20 01:51:00+00:00,2026-09-04T14:16:09Z,2026-09-04 14:16:09+00:00,2026-09-04 14:16:09+00:00,True,MImran2002,User,438,248,12,39,5,16,https://github.com/BCStudentSoftwareDevTeam/celts/pull/1737,1836.4191666666666,76.51746527777777,False,True
celts,1738,Bonner req,DanielRukwasha,User,closed,False,2026-06-23 13:21:04+00:00,2026-08-04T17:31:47Z,2026-08-04 17:31:47+00:00,,False,,,30,11,3,15,4,0,https://github.com/BCStudentSoftwareDevTeam/celts/pull/1738,,,True,False
celts,1754,Change button text from 'Edit Volunteer' to 'Edit Personal',TruCoded,User,closed,False,2026-07-02 19:15:57+00:00,2026-09-02T19:14:55Z,2026-09-02 19:14:55+00:00,,False,,,1,1,1,1,1,0,https://github.com/BCStudentSoftwareDevTeam/celts/pull/1754,,,True,False
celts,1755,Adding campusgroup api integration,sheggen,User,open,False,2026-07-06 21:24:56+00:00,2026-09-15T15:53:56Z,,,False,,,409,20,13,16,1,0,https://github.com/BCStudentSoftwareDevTeam/celts/pull/1755,,,False,False
celts,1756,Built signature page and updated profile to show signature status,sheggen,User,closed,False,2026-07-10 21:35:49+00:00,2026-08-07T11:45:51Z,2026-08-07 11:45:51+00:00,2026-08-07 11:45:51+00:00,True,,,1784,449,51,56,0,1,https://github.com/BCStudentSoftwareDevTeam/celts/pull/1756,662.1672222222222,27.590300925925927,False,True
celts,1758,Changed the text from 'Edit Volunteer Information' -> 'Edit Personal Information',fritzj2,User,closed,False,2026-07-16 15:59:36+00:00,2026-07-20T21:03:18Z,2026-07-20 21:03:18+00:00,2026-07-20 21:03:18+00:00,True,MImran2002,User,4,4,1,2,1,0,https://github.com/BCStudentSoftwareDevTeam/celts/pull/1758,101.06166666666667,4.210902777777778,False,True
celts,1759,Graduation filter,BhushanSah,User,closed,False,2026-07-16 17:02:56+00:00,2026-07-20T21:06:36Z,2026-07-20 21:06:36+00:00,2026-07-20 21:06:36+00:00,True,MImran2002,User,4,9,1,4,2,0,https://github.com/BCStudentSoftwareDevTeam/celts/pull/1759,100.06111111111112,4.1692129629629635,False,True
celts,1760,Separate zero-hour events into Education and Training section,BhushanSah,User,closed,False,2026-07-16 17:23:43+00:00,2026-07-20T21:08:41Z,2026-07-20 21:08:41+00:00,2026-07-20 21:08:41+00:00,True,MImran2002,User,35,26,1,2,1,0,https://github.com/BCStudentSoftwareDevTeam/celts/pull/1760,99.74944444444445,4.156226851851852,False,True
celts,1762,Changed wording of Manage Proposals to My Proposals if the user is a student.,ACBerea,User,closed,False,2026-07-16 18:16:27+00:00,2026-07-20T21:11:37Z,2026-07-20 21:11:37+00:00,2026-07-20 21:11:37+00:00,True,MImran2002,User,1,1,1,4,1,5,https://github.com/BCStudentSoftwareDevTeam/celts/pull/1762,98.91944444444445,4.1216435185185185,False,True
celts,1763,Fixed Banned terminology on UI to ineligible and Unbanned to Eligible,nahom70,User,closed,False,2026-07-16 18:25:59+00:00,2026-08-04T17:35:52Z,2026-08-04 17:35:51+00:00,2026-08-04 17:35:51+00:00,True,MImran2002,User,25,19,3,2,1,0,https://github.com/BCStudentSoftwareDevTeam/celts/pull/1763,455.1644444444444,18.965185185185184,False,True
celts,1765,solved issue service hours not being displayed in participation history,conwelld,User,closed,False,2026-07-16 19:33:58+00:00,2026-09-09T15:40:32Z,2026-09-09 15:40:27+00:00,2026-09-09 15:40:27+00:00,True,,,39,12,4,9,1,2,https://github.com/BCStudentSoftwareDevTeam/celts/pull/1765,1316.1080555555557,54.83783564814815,False,True
celts,1766,Fixing the List of Summer Terms on the Request Summer Proposal page ,ArtemKurasov,User,closed,True,2026-07-16 20:56:40+00:00,2026-07-17T14:50:30Z,2026-07-17 14:50:30+00:00,,False,,,45,1,3,2,0,0,https://github.com/BCStudentSoftwareDevTeam/celts/pull/1766,,,True,False
celts,1767,Fixing the List of Summer Terms on the Request Summer Proposal page,ArtemKurasov,User,open,False,2026-07-17 14:49:58+00:00,2026-09-11T13:54:38Z,,,False,,,121,9,5,17,2,11,https://github.com/BCStudentSoftwareDevTeam/celts/pull/1767,,,False,False
celts,1768,Fix volunteer spreadsheet tests for updated term and senior results,BhushanSah,User,closed,False,2026-07-17 16:36:25+00:00,2026-07-17T16:42:45Z,2026-07-17 16:42:45+00:00,,False,,,85,59,2,2,1,0,https://github.com/BCStudentSoftwareDevTeam/celts/pull/1768,,,True,False
celts,1769,Fix volunteer spreadsheet tests for term and senior results,BhushanSah,User,closed,False,2026-07-17 16:42:31+00:00,2026-07-20T21:01:21Z,2026-07-20 21:01:21+00:00,2026-07-20 21:01:21+00:00,True,MImran2002,User,50,33,1,1,1,0,https://github.com/BCStudentSoftwareDevTeam/celts/pull/1769,76.31388888888888,3.17974537037037,False,True
celts,1770,Celts labor input,MImran2002,User,closed,False,2026-07-27 14:47:00+00:00,2026-07-27T15:20:24Z,2026-07-27 15:20:24+00:00,,False,,,71,22,7,8,1,0,https://github.com/BCStudentSoftwareDevTeam/celts/pull/1770,,,True,False
celts,1771,Celts labor api,MImran2002,User,closed,False,2026-07-27 15:17:22+00:00,2026-09-09T17:45:46Z,2026-09-09 17:45:02+00:00,2026-09-09 17:45:02+00:00,True,,,58,31,9,19,1,6,https://github.com/BCStudentSoftwareDevTeam/celts/pull/1771,1058.4611111111112,44.1025462962963,False,True
celts,1774,Created a New Operations Team Role.,ACBerea,User,closed,False,2026-08-06 20:29:49+00:00,2026-08-07T18:38:00Z,2026-08-07 18:37:57+00:00,2026-08-07 18:37:57+00:00,True,,,135,33,13,17,2,8,https://github.com/BCStudentSoftwareDevTeam/celts/pull/1774,22.135555555555555,0.9223148148148148,False,True
celts,1777,now student staff and program manager flags can edit event detials,MImran2002,User,closed,False,2026-08-13 21:25:53+00:00,2026-08-14T16:51:16Z,2026-08-14 16:51:12+00:00,2026-08-14 16:51:12+00:00,True,,,4,3,1,2,0,0,https://github.com/BCStudentSoftwareDevTeam/celts/pull/1777,19.421944444444446,0.8092476851851852,False,True
celts,1794,signature now working,MImran2002,User,closed,False,2026-08-20 16:28:27+00:00,2026-08-25T13:28:45Z,2026-08-25 13:28:45+00:00,2026-08-25 13:28:45+00:00,True,,,2,4,1,1,1,0,https://github.com/BCStudentSoftwareDevTeam/celts/pull/1794,117.005,4.875208333333333,False,True
celts,1796,Hotfix: Use Native Date Input for Eligibility,MImran2002,User,closed,False,2026-08-21 18:38:37+00:00,2026-08-25T13:51:29Z,2026-08-25 13:51:26+00:00,2026-08-25 13:51:25+00:00,True,,,15,9,1,4,0,0,https://github.com/BCStudentSoftwareDevTeam/celts/pull/1796,91.21333333333334,3.800555555555556,False,True
celts,1799,filter added for rosters to exclude graduated students,MImran2002,User,closed,False,2026-08-25 18:21:02+00:00,2026-09-08T16:34:02Z,2026-09-08 16:33:56+00:00,2026-09-08 16:33:56+00:00,True,,,12,3,5,9,2,0,https://github.com/BCStudentSoftwareDevTeam/celts/pull/1799,334.215,13.925624999999998,False,True
celts,1801,implemented peewee query for term instead of cache,MImran2002,User,closed,False,2026-08-27 13:35:39+00:00,2026-09-08T16:25:47Z,2026-09-08 16:25:47+00:00,2026-09-08 16:25:47+00:00,True,,,2,7,1,5,1,0,https://github.com/BCStudentSoftwareDevTeam/celts/pull/1801,290.8355555555556,12.11814814814815,False,True
celts,1802,Rosters' Program Specific column wrongly marks Attended ,MImran2002,User,closed,False,2026-09-04 01:02:34+00:00,2026-09-08T16:21:58Z,2026-09-08 16:21:52+00:00,2026-09-08 16:21:52+00:00,True,,,9,6,2,3,1,0,https://github.com/BCStudentSoftwareDevTeam/celts/pull/1802,111.32166666666667,4.638402777777778,False,True
celts,1811,All Celts Training now appears in participation history,MImran2002,User,open,False,2026-09-14 15:18:57+00:00,2026-09-15T22:04:47Z,,,False,,,32,2,3,2,1,1,https://github.com/BCStudentSoftwareDevTeam/celts/pull/1811,,,False,False
lsf,334,Test Form Creation and Approval Process - IN PROCESS,bryantal,User,closed,False,2022-05-31 17:01:03+00:00,2025-08-19T12:29:01Z,2025-08-19 12:28:57+00:00,,False,,,278,0,2,1,0,0,https://github.com/BCStudentSoftwareDevTeam/lsf/pull/334,,,True,False
lsf,335,Position Description Interface,bryantal,User,open,False,2022-05-31 17:06:09+00:00,2026-07-01T15:25:02Z,,,False,,,1655,94,30,59,0,0,https://github.com/BCStudentSoftwareDevTeam/lsf/pull/335,,,False,False
lsf,336,Labor Admin Overload Visibility #issue306,bryantal,User,closed,False,2022-05-31 17:07:13+00:00,2022-08-03T14:12:09Z,2022-08-03 14:12:04+00:00,2022-08-03 14:12:04+00:00,True,,,57,26,5,5,9,0,https://github.com/BCStudentSoftwareDevTeam/lsf/pull/336,1533.0808333333334,63.87836805555556,False,True
lsf,337,Overload Process Test Suites (#issue305),bryantal,User,open,False,2022-05-31 17:19:17+00:00,2026-07-01T15:25:03Z,,,False,,,135,1,2,12,0,0,https://github.com/BCStudentSoftwareDevTeam/lsf/pull/337,,,False,False
lsf,338,Format fin aid overload issue#321 NOT FINISHED! NEEDS A REVIEW,bryantal,User,closed,False,2022-05-31 17:20:20+00:00,2025-08-19T12:31:52Z,2025-08-19 12:31:52+00:00,,False,,,105,48,3,2,0,0,https://github.com/BCStudentSoftwareDevTeam/lsf/pull/338,,,True,False
lsf,339,Pull Spring and Fall terms out of the Term select - IN PROCESS,bryantal,User,closed,False,2022-05-31 17:21:16+00:00,2025-08-18T20:47:48Z,2025-08-18 20:47:44+00:00,,False,,,196,112,5,9,1,0,https://github.com/BCStudentSoftwareDevTeam/lsf/pull/339,,,True,False
lsf,340,Fixes My Current Students page to go to right place,bryantal,User,closed,False,2022-05-31 17:22:03+00:00,2023-04-26T12:52:29Z,2023-04-26 12:52:29+00:00,,False,,,17,19,3,1,1,0,https://github.com/BCStudentSoftwareDevTeam/lsf/pull/340,,,True,False
lsf,341,Add dates to primary checks,bryantal,User,closed,False,2022-05-31 17:23:01+00:00,2025-08-19T12:28:00Z,2025-08-19 12:27:55+00:00,,False,,,265,678,11,18,1,0,https://github.com/BCStudentSoftwareDevTeam/lsf/pull/341,,,True,False
lsf,360,Added Start Date and End Date on Labor History Modal,sreynit02,User,closed,False,2022-08-24 21:10:24+00:00,2022-08-25T14:32:23Z,2022-08-25 14:32:01+00:00,2022-08-25 14:32:01+00:00,True,,,7,1,1,2,0,0,https://github.com/BCStudentSoftwareDevTeam/lsf/pull/360,17.360277777777778,0.7233449074074074,False,True
lsf,361,Show pending form on student labor history page,thawpt,User,closed,False,2022-08-25 20:10:47+00:00,2022-09-16T12:02:25Z,2022-09-16 12:02:15+00:00,2022-09-16 12:02:15+00:00,True,tylerpar99,User,2,1,2,2,0,0,https://github.com/BCStudentSoftwareDevTeam/lsf/pull/361,519.8577777777778,21.66074074074074,False,True
lsf,367,Add note section for third party Approvers ,sreynit02,User,closed,False,2022-09-05 18:19:55+00:00,2022-11-21T15:24:10Z,2022-11-21 15:24:07+00:00,2022-11-21 15:24:07+00:00,True,,,75,43,10,23,7,2,https://github.com/BCStudentSoftwareDevTeam/lsf/pull/367,1845.07,76.87791666666666,False,True
lsf,383,Allow Supervisors Limited Student and Form Search Capabilities,bledsoef,User,closed,False,2022-09-19 14:15:01+00:00,2022-10-26T17:37:49Z,2022-10-26 17:37:44+00:00,2022-10-26 17:37:44+00:00,True,,,328,50,14,19,0,13,https://github.com/BCStudentSoftwareDevTeam/lsf/pull/383,891.3786111111111,37.140775462962964,False,True
lsf,384,Fixed dates showing when user leaves term management page,martinj2-dot,User,closed,False,2022-09-22 15:01:39+00:00,2022-09-23T20:07:29Z,2022-09-23 20:07:28+00:00,2022-09-23 20:07:28+00:00,True,sreynit02,User,8,6,1,2,0,0,https://github.com/BCStudentSoftwareDevTeam/lsf/pull/384,29.096944444444443,1.212372685185185,False,True
lsf,385,Supervisor UI enhancements 364,bledsoef,User,closed,True,2022-09-30 19:26:01+00:00,2022-10-07T13:44:57Z,2022-10-07 13:44:57+00:00,,False,,,58,13,6,12,1,0,https://github.com/BCStudentSoftwareDevTeam/lsf/pull/385,,,True,False
lsf,386,Turn Form Search into Supervisor Portal,bledsoef,User,closed,False,2022-10-12 12:57:10+00:00,2022-11-21T14:54:32Z,2022-11-21 14:54:24+00:00,2022-11-21 14:54:24+00:00,True,,,596,1497,18,26,4,4,https://github.com/BCStudentSoftwareDevTeam/lsf/pull/386,961.9538888888889,40.08141203703703,False,True
lsf,387,All labor admins and supervisors should be able to evaluate any student in their department.,tylerpar99,User,closed,False,2022-10-17 13:27:25+00:00,2022-12-07T20:50:41Z,2022-12-07 20:50:38+00:00,2022-12-07 20:50:38+00:00,True,,,633,1512,24,40,1,1,https://github.com/BCStudentSoftwareDevTeam/lsf/pull/387,1231.3869444444445,51.30778935185185,False,True
lsf,394,Introduce SupervisorDepartment Table to Allow Supervisors to add Other Supervisors to Their Departments,bledsoef,User,closed,False,2022-12-05 13:29:22+00:00,2023-08-29T16:24:43Z,2023-08-29 16:24:42+00:00,2023-08-29 16:24:42+00:00,True,,,301,51,13,19,0,14,https://github.com/BCStudentSoftwareDevTeam/lsf/pull/394,6410.922222222222,267.12175925925925,False,True
lsf,395,Supervisor search presets,tylerpar99,User,closed,False,2022-12-14 16:30:59+00:00,2023-08-29T16:24:45Z,2023-08-29 16:24:40+00:00,2023-08-29 16:24:40+00:00,True,,,596,232,20,66,1,7,https://github.com/BCStudentSoftwareDevTeam/lsf/pull/395,6191.894722222222,257.9956134259259,False,True
lsf,398,Allow Students and Supervisor to Withdraw Overload Forms,sreynit02,User,closed,False,2023-01-13 21:10:01+00:00,2023-01-31T20:15:14Z,2023-01-31 20:15:10+00:00,2023-01-31 20:15:10+00:00,True,AndersonStettner,User,30,14,3,1,0,0,https://github.com/BCStudentSoftwareDevTeam/lsf/pull/398,431.0858333333333,17.96190972222222,False,True
lsf,399,changed charfield to textfield and removed character limits,gahimbaref,User,closed,False,2023-01-18 15:38:34+00:00,2023-02-09T15:42:56Z,2023-02-09 15:42:52+00:00,2023-02-09 15:42:51+00:00,True,AndersonStettner,User,13,9,6,3,7,0,https://github.com/BCStudentSoftwareDevTeam/lsf/pull/399,528.0713888888889,22.002974537037037,False,True
lsf,400,updated lsf when modifying hours,sreynit02,User,closed,False,2023-01-19 22:00:12+00:00,2023-01-26T21:12:25Z,2023-01-26 21:12:24+00:00,,False,,,10,1,1,1,2,0,https://github.com/BCStudentSoftwareDevTeam/lsf/pull/400,,,True,False
lsf,401,Update students tracy 371,solijonovam,User,closed,False,2023-01-23 20:52:34+00:00,2023-02-10T20:27:52Z,2023-02-10 20:27:42+00:00,2023-02-10 20:27:41+00:00,True,,,115,8,5,5,0,0,https://github.com/BCStudentSoftwareDevTeam/lsf/pull/401,431.5852777777778,17.982719907407407,False,True
lsf,402,Date submitted eval 396,tylerpar99,User,closed,False,2023-01-26 21:23:56+00:00,2023-02-14T21:30:22Z,2023-02-14 21:30:17+00:00,2023-02-14 21:30:17+00:00,True,,,14,1,3,10,0,1,https://github.com/BCStudentSoftwareDevTeam/lsf/pull/402,456.10583333333335,19.004409722222224,False,True
lsf,403,Reset evals 397,solijonovam,User,closed,False,2023-02-01 20:57:01+00:00,2023-02-10T21:46:54Z,2023-02-10 21:46:54+00:00,2023-02-10 21:46:54+00:00,True,sreynit02,User,146,3,5,12,1,3,https://github.com/BCStudentSoftwareDevTeam/lsf/pull/403,216.83138888888888,9.034641203703703,False,True
lsf,404,Production,bledsoef,User,closed,False,2023-02-13 19:48:07+00:00,2023-02-13T19:51:14Z,2023-02-13 19:51:14+00:00,2023-02-13 19:51:14+00:00,True,,,86,39,3,13,0,0,https://github.com/BCStudentSoftwareDevTeam/lsf/pull/404,0.051944444444444446,0.0021643518518518518,False,True
lsf,406,Update departments account and org from Tracy.,tylerpar99,User,closed,False,2023-02-21 21:47:23+00:00,2025-08-18T20:44:49Z,2025-08-18 20:39:20+00:00,,False,,,53,11,6,3,1,3,https://github.com/BCStudentSoftwareDevTeam/lsf/pull/406,,,True,False
lsf,407,Add link to student overload reason for admins: issue 374,solijonovam,User,closed,False,2023-02-27 20:50:15+00:00,2023-03-23T20:08:06Z,2023-03-23 20:08:06+00:00,2023-03-23 20:08:06+00:00,True,sreynit02,User,24,14,3,6,0,0,https://github.com/BCStudentSoftwareDevTeam/lsf/pull/407,575.2975,23.97072916666667,False,True
lsf,409,Error student overload 373,solijonovam,User,closed,False,2023-03-20 20:52:28+00:00,2025-08-18T20:50:08Z,2025-08-18 20:50:06+00:00,2025-08-18 20:50:06+00:00,True,,,5,7,3,5,0,1,https://github.com/BCStudentSoftwareDevTeam/lsf/pull/409,21167.960555555557,881.9983564814816,False,True
lsf,413,Fewer form confirmation 381,tylerpar99,User,open,True,2023-04-26 19:07:12+00:00,2026-07-01T15:25:04Z,,,False,,,100,76,5,14,2,0,https://github.com/BCStudentSoftwareDevTeam/lsf/pull/413,,,False,False
lsf,416,updated pyodbc version,AndersonStettner,User,closed,False,2023-06-14 19:00:47+00:00,2023-07-18T18:28:16Z,2023-07-18 18:28:13+00:00,2023-07-18 18:28:13+00:00,True,AndersonStettner,User,3,3,1,3,0,0,https://github.com/BCStudentSoftwareDevTeam/lsf/pull/416,815.4572222222222,33.97738425925926,False,False
lsf,420,Added email button to email labor student position information,andersoncedu,User,closed,False,2023-08-25 15:13:48+00:00,2023-10-05T12:37:58Z,2023-10-05 12:37:55+00:00,2023-10-05 12:37:54+00:00,True,AndersonStettner,User,34,17,3,5,2,7,https://github.com/BCStudentSoftwareDevTeam/lsf/pull/420,981.4016666666666,40.89173611111111,False,True
lsf,421,Added endpoint for CELTS to hit to get CELTS labor info,AndersonStettner,User,closed,False,2023-08-25 16:44:28+00:00,2023-11-20T15:50:55Z,2023-11-20 15:50:52+00:00,2023-11-20 15:50:52+00:00,True,,,217,3,8,37,4,6,https://github.com/BCStudentSoftwareDevTeam/lsf/pull/421,2087.1066666666666,86.96277777777777,False,True
lsf,422,Dev Release,hoerstl,User,closed,False,2023-08-28 15:30:58+00:00,2023-08-29T13:36:38Z,2023-08-29 13:36:38+00:00,,False,,,1212,1717,54,160,0,0,https://github.com/BCStudentSoftwareDevTeam/lsf/pull/422,,,True,False
lsf,426,423 inactive supervisors,hoerstl,User,closed,False,2023-09-06 15:54:46+00:00,2023-12-08T16:58:48Z,2023-12-08 16:58:45+00:00,2023-12-08 16:58:45+00:00,True,AndersonStettner,User,43,13,7,19,2,7,https://github.com/BCStudentSoftwareDevTeam/lsf/pull/426,2233.066388888889,93.04443287037037,False,True
lsf,427,added button for resubmitting forms to banner,gahimbaref,User,closed,False,2023-09-08 21:17:35+00:00,2025-08-18T20:36:07Z,2025-08-18 20:36:06+00:00,,False,,,54,1,3,11,4,4,https://github.com/BCStudentSoftwareDevTeam/lsf/pull/427,,,True,False
lsf,428,425 inactive departments,hoerstl,User,closed,False,2023-09-12 21:32:58+00:00,2024-01-11T21:25:54Z,2024-01-11 21:25:54+00:00,2024-01-11 21:25:54+00:00,True,hoerstl,User,269,59,12,29,5,2,https://github.com/BCStudentSoftwareDevTeam/lsf/pull/428,2903.882222222222,120.99509259259258,False,False
lsf,429,417 adjustment error,hoerstl,User,closed,False,2023-09-18 15:26:21+00:00,2023-10-17T13:51:12Z,2023-10-17 13:51:09+00:00,2023-10-17 13:51:09+00:00,True,AndersonStettner,User,12,15,1,6,3,0,https://github.com/BCStudentSoftwareDevTeam/lsf/pull/429,694.4133333333333,28.933888888888887,False,True
lsf,430,424 supervisor department,andersoncedu,User,closed,False,2023-09-19 15:21:03+00:00,2024-04-02T13:08:31Z,2024-04-02 13:08:28+00:00,2024-04-02 13:08:28+00:00,True,AndersonStettner,User,232,39,11,26,4,42,https://github.com/BCStudentSoftwareDevTeam/lsf/pull/430,4701.790277777778,195.90792824074074,False,True
lsf,432,Fix tests in lsf issue431,andersoncedu,User,closed,False,2023-10-03 16:07:39+00:00,2023-10-25T17:31:19Z,2023-10-25 17:31:16+00:00,2023-10-25 17:31:16+00:00,True,AndersonStettner,User,12,4,2,1,1,0,https://github.com/BCStudentSoftwareDevTeam/lsf/pull/432,529.3936111111111,22.05806712962963,False,True
lsf,433,added staging env check to endpoints,AndersonStettner,User,closed,False,2023-11-20 16:30:50+00:00,2023-11-20T16:31:42Z,2023-11-20 16:31:37+00:00,2023-11-20 16:31:37+00:00,True,,,2,2,1,1,0,0,https://github.com/BCStudentSoftwareDevTeam/lsf/pull/433,0.013055555555555556,0.0005439814814814816,False,True
lsf,434,344 fix labor history ordering,doucoureb,User,closed,False,2024-02-13 19:30:06+00:00,2024-04-02T18:17:45Z,2024-04-02 18:17:42+00:00,2024-04-02 18:17:42+00:00,True,AndersonStettner,User,128,24,7,24,3,14,https://github.com/BCStudentSoftwareDevTeam/lsf/pull/434,1174.7933333333333,48.94972222222222,False,True
lsf,436,Containerize lsf,AndersonStettner,User,closed,False,2024-04-15 15:05:54+00:00,2024-04-16T13:46:31Z,2024-04-16 13:46:22+00:00,2024-04-16 13:46:22+00:00,True,,,72,369,9,7,0,0,https://github.com/BCStudentSoftwareDevTeam/lsf/pull/436,22.674444444444443,0.9447685185185185,False,True
lsf,437,converted line endings from LF to CRLF,bledsoef,User,closed,False,2024-08-29 20:18:00+00:00,2024-08-29T20:30:47Z,2024-08-29 20:28:45+00:00,2024-08-29 20:28:45+00:00,True,,,3605,3607,10,1,0,0,https://github.com/BCStudentSoftwareDevTeam/lsf/pull/437,0.17916666666666667,0.007465277777777778,False,True
lsf,438,Make Development Ready to Deploy,bledsoef,User,closed,False,2024-08-29 21:14:46+00:00,2024-09-06T04:00:01Z,2024-09-06 04:00:00+00:00,,False,,,0,39,2,1,2,0,https://github.com/BCStudentSoftwareDevTeam/lsf/pull/438,,,True,False
lsf,444,Fix supervisor portal errors,bledsoef,User,closed,False,2024-09-06 04:44:52+00:00,2024-10-04T19:06:41Z,2024-10-04 19:06:41+00:00,2024-10-04 19:06:41+00:00,True,stevensonmichel,User,3,46,3,7,5,2,https://github.com/BCStudentSoftwareDevTeam/lsf/pull/444,686.3636111111111,28.598483796296296,False,True
lsf,445,Refactor supervisor portal UI,bledsoef,User,closed,False,2024-09-06 05:21:50+00:00,2024-10-09T19:16:31Z,2024-10-09 19:16:31+00:00,2024-10-09 19:16:31+00:00,True,hoerstl,User,65,71,5,17,4,2,https://github.com/BCStudentSoftwareDevTeam/lsf/pull/445,805.9113888888888,33.5796412037037,False,True
lsf,447,Add additional form search filters,bledsoef,User,closed,False,2024-09-19 20:03:40+00:00,2024-11-05T19:06:20Z,2024-11-05 19:06:17+00:00,2024-11-05 19:06:17+00:00,True,,,437,333,5,33,2,1,https://github.com/BCStudentSoftwareDevTeam/lsf/pull/447,1127.0436111111112,46.960150462962964,False,True
lsf,459,Create simple and advanced views for supervisor portal,WackyWeaver,User,closed,False,2024-10-17 17:34:47+00:00,2024-11-19T19:35:04Z,2024-11-19 19:35:01+00:00,2024-11-19 19:35:01+00:00,True,,,176,43,3,37,0,3,https://github.com/BCStudentSoftwareDevTeam/lsf/pull/459,794.0038888888889,33.08349537037037,False,True
lsf,462,Add permission for admin students for New Labor Status Form,stevensonmichel,User,closed,False,2024-11-05 17:06:21+00:00,2024-11-18T20:09:15Z,2024-11-18 20:09:11+00:00,2024-11-18 20:09:11+00:00,True,bledsoef,User,6,1,2,4,0,2,https://github.com/BCStudentSoftwareDevTeam/lsf/pull/462,315.0472222222222,13.126967592592592,False,True
lsf,464,Fixed links to labor history and form history,bledsoef,User,closed,False,2024-11-22 20:14:49+00:00,2024-11-22T21:08:24Z,2024-11-22 21:06:59+00:00,2024-11-22 21:06:59+00:00,True,,,8,11,2,2,0,0,https://github.com/BCStudentSoftwareDevTeam/lsf/pull/464,0.8694444444444445,0.03622685185185185,False,True
lsf,466,Fix Tracy Connection in the Devcontainer,hoerstl,User,closed,True,2024-12-03 20:54:01+00:00,2025-08-18T20:34:50Z,2025-08-18 20:34:49+00:00,,False,,,14,9,1,2,3,0,https://github.com/BCStudentSoftwareDevTeam/lsf/pull/466,,,True,False
lsf,467,Email Student Confirmation - Student Approval/Denial,Karina-Agliullova,User,closed,False,2025-02-05 21:18:11+00:00,2025-03-20T15:53:58Z,2025-03-20 15:53:53+00:00,2025-03-20 15:53:53+00:00,True,,,492,200,38,26,1,4,https://github.com/BCStudentSoftwareDevTeam/lsf/pull/467,1026.595,42.774791666666665,False,True
lsf,473,Modified the reset database script to use required args,ojmakinde,User,closed,False,2025-03-28 19:09:37+00:00,2025-03-31T14:30:24Z,2025-03-31 14:30:24+00:00,2025-03-31 14:30:24+00:00,True,,,32,2,4,2,0,0,https://github.com/BCStudentSoftwareDevTeam/lsf/pull/473,67.3463888888889,2.806099537037037,False,True
lsf,474,Fixed text for Student Confirmation Page,Karina-Agliullova,User,closed,False,2025-04-01 18:12:02+00:00,2025-04-01T20:20:04Z,2025-04-01 20:20:04+00:00,2025-04-01 20:20:04+00:00,True,,,6,6,1,2,0,0,https://github.com/BCStudentSoftwareDevTeam/lsf/pull/474,2.133888888888889,0.08891203703703704,False,True
lsf,475,Email confirmation script updates for secondaries,Karina-Agliullova,User,closed,False,2025-04-01 21:22:25+00:00,2025-04-29T15:06:07Z,2025-04-29 15:06:07+00:00,,False,,,77,5,3,3,0,0,https://github.com/BCStudentSoftwareDevTeam/lsf/pull/475,,,True,False
lsf,477,Simple View Update: Student Focused,WackyWeaver,User,closed,False,2025-04-11 15:52:16+00:00,2025-04-30T20:55:13Z,2025-04-30 20:55:13+00:00,2025-04-30 20:55:13+00:00,True,WackyWeaver,User,37,10,1,11,1,0,https://github.com/BCStudentSoftwareDevTeam/lsf/pull/477,461.0491666666667,19.210381944444446,False,False
lsf,479,Fix for LSF Downloads + QOL Improvements,ojmakinde,User,closed,False,2025-04-18 17:18:32+00:00,2025-04-29T20:12:17Z,2025-04-29 20:12:13+00:00,2025-04-29 20:12:13+00:00,True,,,137,99,6,10,0,0,https://github.com/BCStudentSoftwareDevTeam/lsf/pull/479,266.89472222222224,11.120613425925926,False,True
lsf,486,added recent contributors and fixed dependency error,WackyWeaver,User,closed,False,2025-05-02 16:27:06+00:00,2025-08-18T20:46:43Z,2025-08-18 20:46:39+00:00,2025-08-18 20:46:39+00:00,True,,,20,0,2,1,0,0,https://github.com/BCStudentSoftwareDevTeam/lsf/pull/486,2596.3258333333333,108.18024305555555,False,True
lsf,487,Disable Download Button if Supervisor Portal Returns No Results,GalinaP7,User,closed,False,2025-06-25 19:05:45+00:00,2025-06-26T14:54:23Z,2025-06-26 14:54:13+00:00,2025-06-26 14:54:13+00:00,True,,,15,1,1,2,0,0,https://github.com/BCStudentSoftwareDevTeam/lsf/pull/487,19.807777777777776,0.825324074074074,False,True
lsf,488,improved the ui of the pending labor status forms based on the github…,jjijon7000,User,closed,False,2025-06-25 19:41:13+00:00,2025-06-26T19:15:49Z,2025-06-26 19:15:46+00:00,2025-06-26 19:15:46+00:00,True,,,10,2,3,1,0,0,https://github.com/BCStudentSoftwareDevTeam/lsf/pull/488,23.575833333333332,0.9823263888888888,False,True
lsf,490,Imported load_config function from loadConfig.py to contributors.py,mathew2005,User,closed,False,2025-06-26 18:31:32+00:00,2025-06-26T19:45:29Z,2025-06-26 19:45:26+00:00,2025-06-26 19:45:26+00:00,True,,,1,20,2,4,0,2,https://github.com/BCStudentSoftwareDevTeam/lsf/pull/490,1.2316666666666667,0.051319444444444445,False,True
lsf,491,Disabled The Download Button When No Data In Table,GalinaP7,User,closed,False,2025-06-26 18:55:21+00:00,2025-06-26T19:11:58Z,2025-06-26 19:10:55+00:00,2025-06-26 19:10:55+00:00,True,,,15,1,1,1,0,0,https://github.com/BCStudentSoftwareDevTeam/lsf/pull/491,0.2594444444444444,0.010810185185185185,False,True
lsf,492,Logout issue 451,RueHaile,User,closed,False,2025-07-03 14:26:42+00:00,2025-08-18T16:00:07Z,2025-08-18 16:00:07+00:00,,False,,,15,7,3,3,6,0,https://github.com/BCStudentSoftwareDevTeam/lsf/pull/492,,,True,False
lsf,493,resubmit button on approved forms,jjijon7000,User,closed,False,2025-07-03 14:58:08+00:00,2025-08-18T20:25:35Z,2025-08-18 20:25:31+00:00,,False,,,38,3,2,2,2,5,https://github.com/BCStudentSoftwareDevTeam/lsf/pull/493,,,True,False
lsf,494,Organizingtest - Reorganzing LSF Directory Structure,BesherKitaz,User,closed,False,2025-07-03 18:20:16+00:00,2025-10-29T17:54:16Z,2025-10-29 17:54:09+00:00,2025-10-29 17:54:09+00:00,True,,,1735,1666,43,43,1,19,https://github.com/BCStudentSoftwareDevTeam/lsf/pull/494,2831.5647222222224,117.98186342592594,False,True
lsf,495,Labor release form,Meatchema,User,closed,False,2025-07-10 19:45:39+00:00,2025-08-19T12:17:14Z,2025-08-19 12:17:11+00:00,2025-08-19 12:17:11+00:00,True,,,68,14,8,13,1,8,https://github.com/BCStudentSoftwareDevTeam/lsf/pull/495,952.5255555555556,39.68856481481482,False,True
lsf,497,Auto-focus on search bar in student search page,BesherKitaz,User,closed,False,2025-07-14 20:35:45+00:00,2025-07-22T20:10:08Z,2025-07-22 20:09:56+00:00,2025-07-22 20:09:56+00:00,True,,,7,1,2,2,0,0,https://github.com/BCStudentSoftwareDevTeam/lsf/pull/497,191.56972222222223,7.982071759259259,False,True
lsf,498,Pending Form Errors,GalinaP7,User,closed,False,2025-07-14 21:51:35+00:00,2025-07-29T15:31:37Z,2025-07-29 15:31:27+00:00,2025-07-29 15:31:27+00:00,True,,,603,49,6,25,0,13,https://github.com/BCStudentSoftwareDevTeam/lsf/pull/498,353.6644444444444,14.736018518518518,False,True
lsf,500,fixed Student Search results to show preferred name not legal first name,Arohasina,User,closed,False,2025-07-15 14:36:34+00:00,2025-07-22T19:40:29Z,2025-07-22 19:40:29+00:00,,False,,,1,1,1,1,2,0,https://github.com/BCStudentSoftwareDevTeam/lsf/pull/500,,,True,False
lsf,509,Download button issue,RueHaile,User,closed,False,2025-07-21 14:59:02+00:00,2025-08-18T16:37:52Z,2025-08-18 16:37:52+00:00,,False,,,40,11,4,3,1,8,https://github.com/BCStudentSoftwareDevTeam/lsf/pull/509,,,True,False
lsf,510,Approvedreluctantly 508,mathew2005,User,closed,True,2025-07-22 00:19:10+00:00,2025-08-19T12:35:01Z,2025-07-30 13:22:03+00:00,,False,,,18,35,13,2,0,0,https://github.com/BCStudentSoftwareDevTeam/lsf/pull/510,,,True,False
lsf,511,Creation of required-permissions branch,Jsmi8334,User,closed,False,2025-07-29 20:09:04+00:00,2025-08-01T15:03:01Z,2025-08-01 15:02:58+00:00,2025-08-01 15:02:58+00:00,True,,,71,15,2,2,0,0,https://github.com/BCStudentSoftwareDevTeam/lsf/pull/511,66.89833333333333,2.7874305555555554,False,True
lsf,512,Approvedreluctantly 508,jjijon7000,User,closed,False,2025-07-30 13:48:03+00:00,2025-08-19T12:35:00Z,2025-08-19 12:34:50+00:00,,False,,,18,35,13,2,1,0,https://github.com/BCStudentSoftwareDevTeam/lsf/pull/512,,,True,False
lsf,525,Default Term Correction,ojmakinde,User,closed,False,2025-08-22 15:36:36+00:00,2025-09-30T15:30:51Z,2025-09-30 15:30:51+00:00,2025-09-30 15:30:51+00:00,True,Karina-Agliullova,User,36,49,3,2,0,0,https://github.com/BCStudentSoftwareDevTeam/lsf/pull/525,935.9041666666667,38.996006944444446,False,True
lsf,528,Optimize Supervisor Portal Loading Time,ojmakinde,User,closed,False,2025-09-02 19:19:10+00:00,2025-09-08T20:31:28Z,2025-09-08 20:31:27+00:00,,False,,,40,34,4,7,2,0,https://github.com/BCStudentSoftwareDevTeam/lsf/pull/528,,,True,False
lsf,529,Dynamic search and load time optimization,JohnCox2211,User,closed,False,2025-09-08 20:28:14+00:00,2025-11-19T19:36:09Z,2025-11-19 19:29:34+00:00,2025-11-19 19:29:34+00:00,True,,,429,201,5,45,1,1,https://github.com/BCStudentSoftwareDevTeam/lsf/pull/529,1727.0222222222221,71.95925925925926,False,True
lsf,532,Created Pull Request Template,ojmakinde,User,closed,False,2025-09-11 16:35:03+00:00,2025-09-11T16:38:44Z,2025-09-11 16:38:40+00:00,2025-09-11 16:38:39+00:00,True,,,14,0,1,2,0,0,https://github.com/BCStudentSoftwareDevTeam/lsf/pull/532,0.06,0.0025,False,True
lsf,535,Student can approve from labor history form,ali-ramazani,User,closed,False,2025-09-12 14:03:21+00:00,2025-09-12T14:08:51Z,2025-09-12 14:08:51+00:00,,False,,,1684,1613,40,33,1,0,https://github.com/BCStudentSoftwareDevTeam/lsf/pull/535,,,True,False
lsf,538,Add 'Approve' button in labor history form labor modal,ali-ramazani,User,closed,False,2025-09-12 14:21:34+00:00,2025-11-24T18:02:26Z,2025-11-24 18:02:21+00:00,2025-11-24 18:02:21+00:00,True,,,13,1,3,7,7,1,https://github.com/BCStudentSoftwareDevTeam/lsf/pull/538,1755.6797222222222,73.15332175925926,False,True
lsf,539,added flash message,bakobagassas,User,closed,False,2025-09-16 18:08:35+00:00,2025-10-03T14:59:05Z,2025-10-03 14:58:54+00:00,,False,,,1,1,1,1,0,0,https://github.com/BCStudentSoftwareDevTeam/lsf/pull/539,,,True,False
lsf,540,Administrator remove fix,JohnCox2211,User,closed,False,2025-09-16 20:23:25+00:00,2025-11-11T17:43:31Z,2025-11-11 17:43:27+00:00,2025-11-11 17:43:27+00:00,True,,,188,176,4,16,6,6,https://github.com/BCStudentSoftwareDevTeam/lsf/pull/540,1341.3338888888889,55.88891203703704,False,True
lsf,541,Form expiration script,RueHaile,User,closed,False,2025-09-23 22:26:08+00:00,2025-11-20T22:13:50Z,2025-11-20 22:13:30+00:00,,False,,,175,22,9,15,5,15,https://github.com/BCStudentSoftwareDevTeam/lsf/pull/541,,,True,False
lsf,542,Labor history status,JohnCox2211,User,closed,False,2025-09-29 21:11:13+00:00,2025-11-07T19:48:54Z,2025-11-07 19:48:51+00:00,2025-11-07 19:48:51+00:00,True,,,48,14,4,18,5,0,https://github.com/BCStudentSoftwareDevTeam/lsf/pull/542,934.6272222222223,38.94280092592593,False,True
lsf,544,Flash message after form approval,JohnCox2211,User,closed,False,2025-10-13 19:28:29+00:00,2025-11-11T17:49:00Z,2025-11-11 17:49:00+00:00,2025-11-11 17:49:00+00:00,True,,,13,11,3,10,6,0,https://github.com/BCStudentSoftwareDevTeam/lsf/pull/544,694.3419444444445,28.930914351851854,False,True
lsf,546,Labor release form admin,RueHaile,User,closed,False,2025-10-16 21:44:14+00:00,2025-11-25T21:25:14Z,2025-11-25 21:25:11+00:00,2025-11-25 21:25:11+00:00,True,,,220,37,10,42,10,20,https://github.com/BCStudentSoftwareDevTeam/lsf/pull/546,959.6825,39.98677083333333,False,True
lsf,550,527 student reasons,Kafui123,User,open,False,2025-11-13 01:43:39+00:00,2026-07-01T15:25:04Z,,,False,,,300,92,29,35,4,13,https://github.com/BCStudentSoftwareDevTeam/lsf/pull/550,,,False,False
lsf,551,505 student approval for modified and adjusted forms,Meatchema,User,open,True,2025-11-13 21:25:29+00:00,2026-07-01T15:25:05Z,,,False,,,211,16,10,14,0,0,https://github.com/BCStudentSoftwareDevTeam/lsf/pull/551,,,False,False
lsf,556,Overload modal fix,BesherKitaz,User,open,False,2025-12-17 19:50:54+00:00,2026-07-01T15:25:07Z,,,False,,,76,35,2,2,0,0,https://github.com/BCStudentSoftwareDevTeam/lsf/pull/556,,,False,False
lsf,558,Labor History datetime Quick Fix,JohnCox2211,User,closed,False,2026-01-20 20:09:19+00:00,2026-01-21T23:15:06Z,2026-01-21 23:15:06+00:00,2026-01-21 23:15:06+00:00,True,MImran2002,User,1,2,1,1,1,0,https://github.com/BCStudentSoftwareDevTeam/lsf/pull/558,27.09638888888889,1.1290162037037037,False,True
lsf,563,Overload Information in Labor History Enhancement,JohnCox2211,User,closed,False,2026-01-29 20:29:47+00:00,2026-06-05T20:20:56Z,2026-06-05 20:20:56+00:00,2026-06-05 20:20:55+00:00,True,MImran2002,User,97,55,4,19,10,19,https://github.com/BCStudentSoftwareDevTeam/lsf/pull/563,3047.8522222222223,126.9938425925926,False,True
lsf,564,Erratic loads,RueHaile,User,closed,False,2026-02-02 21:40:57+00:00,2026-04-14T20:36:11Z,2026-04-14 20:36:10+00:00,2026-04-14 20:36:10+00:00,True,MImran2002,User,69,34,5,24,12,8,https://github.com/BCStudentSoftwareDevTeam/lsf/pull/564,1702.9202777777778,70.95501157407408,False,True
lsf,565,Requirements.txt Upgrades,ojmakinde,User,open,False,2026-02-27 18:33:17+00:00,2026-07-01T15:25:07Z,,,False,,,117,92,6,3,0,0,https://github.com/BCStudentSoftwareDevTeam/lsf/pull/565,,,False,False
lsf,566,Tracy dependency,MImran2002,User,open,False,2026-03-04 19:13:41+00:00,2026-07-01T15:25:08Z,,,False,,,616,157,21,11,0,3,https://github.com/BCStudentSoftwareDevTeam/lsf/pull/566,,,False,False
lsf,567,Removed evaluation column from term management page,Jonimz,User,closed,False,2026-03-16 18:56:02+00:00,2026-09-16T15:08:24Z,2026-09-16 15:08:20+00:00,2026-09-16 15:08:20+00:00,True,,,11,1053,14,33,2,5,https://github.com/BCStudentSoftwareDevTeam/lsf/pull/567,4412.205,183.841875,False,True
lsf,568,Overload reason responsive,MImran2002,User,closed,False,2026-03-16 23:19:37+00:00,2026-03-18T14:26:49Z,2026-03-18 14:26:39+00:00,,False,,,786,190,21,10,1,0,https://github.com/BCStudentSoftwareDevTeam/lsf/pull/568,,,True,False
lsf,569,sidebar made responsive,MImran2002,User,closed,False,2026-03-18 14:11:50+00:00,2026-03-25T20:55:45Z,2026-03-25 20:55:45+00:00,2026-03-25 20:55:45+00:00,True,Arohasina,User,109,16,6,4,3,2,https://github.com/BCStudentSoftwareDevTeam/lsf/pull/569,174.73194444444445,7.2804976851851855,False,True
lsf,570,Labor History Form Ordering,JohnCox2211,User,closed,False,2026-03-26 20:01:55+00:00,2026-04-01T19:16:48Z,2026-04-01 19:16:48+00:00,2026-04-01 19:16:48+00:00,True,Arohasina,User,4,3,1,3,0,2,https://github.com/BCStudentSoftwareDevTeam/lsf/pull/570,143.24805555555557,5.968668981481482,False,True
lsf,571,526 contrasting confirmation messages,Kafui123,User,closed,False,2026-04-02 18:53:52+00:00,2026-09-15T15:26:08Z,2026-09-15 15:26:07+00:00,2026-09-15 15:26:07+00:00,True,bakobagassas,User,447,391,14,34,4,29,https://github.com/BCStudentSoftwareDevTeam/lsf/pull/571,3980.5375,165.85572916666666,False,True
lsf,581,this change is made because term with recent peewee update is broken …,MImran2002,User,closed,False,2026-06-08 16:15:05+00:00,2026-06-10T14:23:23Z,2026-06-10 14:23:20+00:00,2026-06-10 14:23:19+00:00,True,,,1,1,1,1,0,0,https://github.com/BCStudentSoftwareDevTeam/lsf/pull/581,46.13722222222222,1.9223842592592593,False,True
lsf,582,Issue #574 rename Labor Program,conwelld,User,open,False,2026-06-16 20:14:59+00:00,2026-08-05T15:19:03Z,,,False,,,51,51,11,19,2,2,https://github.com/BCStudentSoftwareDevTeam/lsf/pull/582,,,False,False
lsf,583,Fixed issue #531; Now  remove and discard has consistant msg flash color,nahom70,User,open,False,2026-06-17 19:58:46+00:00,2026-07-09T13:34:52Z,,,False,,,21,15,6,7,2,3,https://github.com/BCStudentSoftwareDevTeam/lsf/pull/583,,,False,False
lsf,584,Add Visual Indicators for Administration Nav Menu Fix,ACBerea,User,closed,False,2026-06-18 17:34:50+00:00,2026-06-22T18:12:31Z,2026-06-22 17:58:49+00:00,2026-06-22 17:58:49+00:00,True,,,15,4,3,8,0,0,https://github.com/BCStudentSoftwareDevTeam/lsf/pull/584,96.39972222222222,4.016655092592592,False,True
lsf,586,Highlight inactive students and supervisors in pending forms,BhushanSah,User,closed,False,2026-06-19 14:24:22+00:00,2026-06-22T20:23:07Z,2026-06-22 20:23:03+00:00,2026-06-22 20:23:03+00:00,True,,,51,9,4,7,0,3,https://github.com/BCStudentSoftwareDevTeam/lsf/pull/586,77.97805555555556,3.249085648148148,False,True
lsf,587,Remove old function calls from pending forms page,NYABUTOA,User,closed,False,2026-06-19 18:45:51+00:00,2026-07-06T21:11:46Z,2026-07-06 21:11:45+00:00,,False,,,4,4,1,4,2,0,https://github.com/BCStudentSoftwareDevTeam/lsf/pull/587,,,True,False
lsf,588,Add a CCE Minor Note feature attached to the Notes section in the User profile,munsakad,User,closed,False,2026-06-19 20:56:44+00:00,2026-06-19T21:01:07Z,2026-06-19 21:01:07+00:00,,False,,,5,5,1,1,0,0,https://github.com/BCStudentSoftwareDevTeam/lsf/pull/588,,,True,False
lsf,589,Added more details in the email tracker. Redacts new information,fritzj2,User,open,False,2026-06-22 20:41:24+00:00,2026-09-15T20:07:19Z,,,False,,,41,12,5,21,3,8,https://github.com/BCStudentSoftwareDevTeam/lsf/pull/589,,,False,False
lsf,590,Add --skip-ssl fix to readme,BetterRocket,User,closed,False,2026-06-22 21:13:13+00:00,2026-06-23T13:42:33Z,2026-06-23 13:42:33+00:00,2026-06-23 13:42:33+00:00,True,,,1,0,1,5,0,1,https://github.com/BCStudentSoftwareDevTeam/lsf/pull/590,16.488888888888887,0.687037037037037,False,True
lsf,592,Contributors list,BhushanSah,User,closed,False,2026-06-23 14:01:55+00:00,2026-07-08T18:02:44Z,2026-07-08 18:02:43+00:00,,False,,,47,31,5,7,5,2,https://github.com/BCStudentSoftwareDevTeam/lsf/pull/592,,,True,False
lsf,593,Default Error for department ,NYABUTOA,User,closed,False,2026-06-23 16:07:41+00:00,2026-07-01T15:07:54Z,2026-07-01 13:56:11+00:00,2026-07-01 13:56:11+00:00,True,johnlolonga19,User,3,1,2,1,1,0,https://github.com/BCStudentSoftwareDevTeam/lsf/pull/593,189.80833333333334,7.908680555555556,False,True
lsf,596,"changed migrate_db.sh data to add PositionHistory, and added dummy da…",conwelld,User,closed,False,2026-06-30 21:35:06+00:00,2026-07-06T21:02:56Z,2026-07-06 21:02:56+00:00,2026-07-06 21:02:56+00:00,True,MImran2002,User,62,11,4,13,0,5,https://github.com/BCStudentSoftwareDevTeam/lsf/pull/596,143.4638888888889,5.977662037037038,False,True
lsf,597,Nahom dee alpha peewee attribute,nahom70,User,closed,False,2026-07-01 14:01:33+00:00,2026-07-01T14:55:01Z,2026-07-01 14:55:01+00:00,2026-07-01 14:55:01+00:00,True,munsakad,User,23,0,1,6,0,0,https://github.com/BCStudentSoftwareDevTeam/lsf/pull/597,0.8911111111111111,0.03712962962962963,False,True
lsf,598,Adding Position History & Dummy Data for Department Members ,ArtemKurasov,User,closed,False,2026-07-01 14:11:04+00:00,2026-07-08T19:18:42Z,2026-07-08 19:18:41+00:00,,False,,,48,11,7,5,1,0,https://github.com/BCStudentSoftwareDevTeam/lsf/pull/598,,,True,False
lsf,599,Update setup,MImran2002,User,closed,False,2026-07-01 14:45:45+00:00,2026-07-06T14:56:53Z,2026-07-06 14:56:48+00:00,2026-07-06 14:56:48+00:00,True,,,10,0,1,3,0,0,https://github.com/BCStudentSoftwareDevTeam/lsf/pull/599,120.18416666666667,5.0076736111111115,False,True
lsf,600,Pee wee attribute cg bs,BhushanSah,User,closed,False,2026-07-01 15:03:48+00:00,2026-07-01T15:04:50Z,2026-07-01 15:04:35+00:00,2026-07-01 15:04:35+00:00,True,BhushanSah,User,126,3,2,4,0,0,https://github.com/BCStudentSoftwareDevTeam/lsf/pull/600,0.013055555555555556,0.0005439814814814816,False,False
lsf,601,Allocation demo data jj,BhushanSah,User,closed,False,2026-07-01 15:08:46+00:00,2026-07-01T15:09:20Z,2026-07-01 15:09:20+00:00,2026-07-01 15:09:20+00:00,True,BhushanSah,User,163,2,3,7,0,0,https://github.com/BCStudentSoftwareDevTeam/lsf/pull/601,0.009444444444444445,0.0003935185185185185,False,False
lsf,624,Dp position card,nahom70,User,closed,False,2026-07-06 15:16:29+00:00,2026-07-06T15:16:42Z,2026-07-06 15:16:42+00:00,2026-07-06 15:16:42+00:00,True,nahom70,User,151,35,5,21,0,0,https://github.com/BCStudentSoftwareDevTeam/lsf/pull/624,0.003611111111111111,0.00015046296296296295,False,False
lsf,625,603,BhushanSah,User,closed,False,2026-07-06 15:28:01+00:00,2026-07-06T15:41:52Z,2026-07-06 15:41:52+00:00,,False,,,239,14,7,19,0,0,https://github.com/BCStudentSoftwareDevTeam/lsf/pull/625,,,True,False
lsf,626,Manage members card #603,BhushanSah,User,closed,False,2026-07-06 15:43:22+00:00,2026-07-08T14:53:53Z,2026-07-08 14:53:53+00:00,,False,,,104,15,5,18,0,0,https://github.com/BCStudentSoftwareDevTeam/lsf/pull/626,,,True,False
lsf,627,Manage positions page #611,nahom70,User,closed,False,2026-07-06 15:47:26+00:00,2026-07-22T15:03:09Z,2026-07-22 15:02:06+00:00,,False,,,102,102,8,131,2,12,https://github.com/BCStudentSoftwareDevTeam/lsf/pull/627,,,True,False
lsf,628,Manage Departments Draft,zhytkovd,User,closed,False,2026-07-06 15:48:29+00:00,2026-07-13T21:24:47Z,2026-07-13 21:24:47+00:00,,False,,,795,129,16,31,0,0,https://github.com/BCStudentSoftwareDevTeam/lsf/pull/628,,,True,False
lsf,629,Creating a Manage Staff page,ArtemKurasov,User,closed,True,2026-07-06 15:50:57+00:00,2026-07-28T18:23:31Z,2026-07-28 18:23:31+00:00,,False,,,3319,303,30,285,0,0,https://github.com/BCStudentSoftwareDevTeam/lsf/pull/629,,,True,False
lsf,630,Card1 alloc,conwelld,User,open,False,2026-07-06 15:54:19+00:00,2026-07-06T15:54:19Z,,,False,,,342,14,10,19,0,0,https://github.com/BCStudentSoftwareDevTeam/lsf/pull/630,,,False,False
lsf,631,Dp position card,fritzj2,User,open,True,2026-07-06 15:57:57+00:00,2026-07-08T15:59:28Z,,,False,,,622,15,13,88,0,0,https://github.com/BCStudentSoftwareDevTeam/lsf/pull/631,,,False,False
lsf,632,Pee wee attribute,nahom70,User,closed,False,2026-07-06 19:59:01+00:00,2026-07-06T19:59:10Z,2026-07-06 19:59:10+00:00,2026-07-06 19:59:10+00:00,True,nahom70,User,253,0,5,14,0,0,https://github.com/BCStudentSoftwareDevTeam/lsf/pull/632,0.0025,0.00010416666666666667,False,False
lsf,633,Fixed the footer and made the button centered in contributors list,BhushanSah,User,closed,False,2026-07-06 20:32:20+00:00,2026-07-09T14:37:06Z,2026-07-08 17:54:30+00:00,2026-07-08 17:54:30+00:00,True,MImran2002,User,48,9,5,2,0,0,https://github.com/BCStudentSoftwareDevTeam/lsf/pull/633,45.36944444444445,1.8903935185185186,False,True
lsf,634,Add Department Actions Menu (#621),DanielRukwasha,User,open,False,2026-07-07 11:04:12+00:00,2026-09-15T20:33:38Z,,,False,,,2062,706,49,17,3,0,https://github.com/BCStudentSoftwareDevTeam/lsf/pull/634,,,False,False
lsf,635,Pee wee attribute,nahom70,User,closed,False,2026-07-07 15:54:18+00:00,2026-07-07T15:55:34Z,2026-07-07 15:55:34+00:00,2026-07-07 15:55:34+00:00,True,nahom70,User,63,8,4,15,0,0,https://github.com/BCStudentSoftwareDevTeam/lsf/pull/635,0.021111111111111112,0.0008796296296296296,False,False
lsf,636,Wire Current Allocation card to real backend data (#602),DanielRukwasha,User,closed,False,2026-07-07 18:41:01+00:00,2026-07-21T15:13:00Z,2026-07-21 15:13:00+00:00,,False,,,167,171,3,4,2,0,https://github.com/BCStudentSoftwareDevTeam/lsf/pull/636,,,True,False
lsf,637,Members only,BhushanSah,User,closed,False,2026-07-08 14:53:15+00:00,2026-07-08T20:02:15Z,2026-07-08 20:02:15+00:00,,False,,,725,14,14,79,0,0,https://github.com/BCStudentSoftwareDevTeam/lsf/pull/637,,,True,False
lsf,638,Display allocation warning during pending LSF approval (#622),DanielRukwasha,User,open,False,2026-07-08 15:42:14+00:00,2026-09-15T20:47:36Z,,,False,,,520,387,18,21,2,0,https://github.com/BCStudentSoftwareDevTeam/lsf/pull/638,,,False,False
lsf,639,Add Positions Card into the Department Portal,fritzj2,User,closed,False,2026-07-08 15:49:15+00:00,2026-07-13T17:52:52Z,2026-07-13 17:52:51+00:00,2026-07-13 17:52:51+00:00,True,MImran2002,User,256,22,11,43,2,15,https://github.com/BCStudentSoftwareDevTeam/lsf/pull/639,122.06,5.085833333333333,False,True
lsf,641,Members only,BhushanSah,User,closed,False,2026-07-08 20:10:55+00:00,2026-07-10T20:03:27Z,2026-07-10 20:02:42+00:00,,False,,,356,24,13,89,2,3,https://github.com/BCStudentSoftwareDevTeam/lsf/pull/641,,,True,False
lsf,642,Adding the Manage Members Page + Fixing the Demo Data Discrepancies ,ArtemKurasov,User,closed,False,2026-07-08 20:57:50+00:00,2026-07-14T15:14:45Z,2026-07-14 15:14:44+00:00,2026-07-14 15:14:44+00:00,True,MImran2002,User,1205,72,17,92,0,0,https://github.com/BCStudentSoftwareDevTeam/lsf/pull/642,138.28166666666667,5.761736111111111,False,True
lsf,643,Demo data fix dpb,conwelld,User,closed,False,2026-07-09 15:15:40+00:00,2026-07-10T14:46:04Z,2026-07-10 14:46:04+00:00,2026-07-10 14:46:04+00:00,True,MImran2002,User,203,24,2,10,1,7,https://github.com/BCStudentSoftwareDevTeam/lsf/pull/643,23.506666666666668,0.9794444444444445,False,True
lsf,645,Members card,BetterRocket,User,closed,False,2026-07-13 14:45:36+00:00,2026-07-13T20:31:36Z,2026-07-13 20:31:36+00:00,2026-07-13 20:31:36+00:00,True,MImran2002,User,129,17,4,13,0,3,https://github.com/BCStudentSoftwareDevTeam/lsf/pull/645,5.766666666666667,0.24027777777777778,False,True
lsf,646,Add over-allocation warning on labor status form (#615),DanielRukwasha,User,open,False,2026-07-13 15:49:24+00:00,2026-09-15T20:20:25Z,,,False,,,671,144,11,23,1,11,https://github.com/BCStudentSoftwareDevTeam/lsf/pull/646,,,False,False
lsf,647,added allocation card to department portal page ,conwelld,User,closed,False,2026-07-13 17:09:47+00:00,2026-07-14T15:52:35Z,2026-07-14 15:52:35+00:00,2026-07-14 15:52:35+00:00,True,MImran2002,User,284,75,6,38,0,16,https://github.com/BCStudentSoftwareDevTeam/lsf/pull/647,22.713333333333335,0.946388888888889,False,True
lsf,648,Manage Departments Page Update,ACBerea,User,open,False,2026-07-13 21:33:44+00:00,2026-09-11T17:52:05Z,,,False,,,1779,323,27,119,0,9,https://github.com/BCStudentSoftwareDevTeam/lsf/pull/648,,,False,False
lsf,649,Adding the Manage Members Page,brightfietsop-ux,User,open,False,2026-07-20 19:05:16+00:00,2026-09-14T14:01:53Z,,,False,,,1162,81,16,105,7,94,https://github.com/BCStudentSoftwareDevTeam/lsf/pull/649,,,False,False
lsf,650,Allocation card revert merge,conwelld,User,closed,False,2026-07-20 19:11:06+00:00,2026-07-21T14:56:22Z,2026-07-21 14:56:22+00:00,,False,,,2262,339,32,209,0,0,https://github.com/BCStudentSoftwareDevTeam/lsf/pull/650,,,True,False
lsf,651,Members card,BhushanSah,User,closed,False,2026-07-20 19:51:50+00:00,2026-07-29T20:18:02Z,2026-07-29 20:18:02+00:00,2026-07-29 20:18:02+00:00,True,MImran2002,User,365,42,9,32,0,22,https://github.com/BCStudentSoftwareDevTeam/lsf/pull/651,216.43666666666667,9.018194444444445,False,True
lsf,652,Add a Position card (fixed) into department Portal,fritzj2,User,closed,False,2026-07-20 20:06:40+00:00,2026-07-28T17:32:35Z,2026-07-28 17:32:35+00:00,2026-07-28 17:32:34+00:00,True,MImran2002,User,356,22,13,24,0,18,https://github.com/BCStudentSoftwareDevTeam/lsf/pull/652,189.43166666666667,7.892986111111111,False,True
lsf,653,new-allocation-card implementation,conwelld,User,closed,False,2026-07-21 14:56:06+00:00,2026-07-21T14:58:00Z,2026-07-21 14:58:00+00:00,,False,,,1421,334,26,211,0,0,https://github.com/BCStudentSoftwareDevTeam/lsf/pull/653,,,True,False
lsf,654,changes in new-allocation-card,conwelld,User,closed,False,2026-07-21 14:58:52+00:00,2026-09-01T21:53:46Z,2026-09-01 21:53:46+00:00,2026-09-01 21:53:46+00:00,True,MImran2002,User,439,60,8,40,2,60,https://github.com/BCStudentSoftwareDevTeam/lsf/pull/654,1014.915,42.288125,False,True
lsf,655,Removed --skip-ssl from reset_database.sh,BetterRocket,User,closed,False,2026-07-21 15:49:15+00:00,2026-07-27T12:19:40Z,2026-07-27 12:19:40+00:00,2026-07-27 12:19:40+00:00,True,,,5,5,1,1,1,0,https://github.com/BCStudentSoftwareDevTeam/lsf/pull/655,140.50694444444446,5.854456018518519,False,True
lsf,656,Manage Positions Page ,NYABUTOA,User,closed,False,2026-07-21 19:34:44+00:00,2026-07-22T15:05:14Z,2026-07-22 15:05:13+00:00,,False,,,80,79,8,15,2,4,https://github.com/BCStudentSoftwareDevTeam/lsf/pull/656,,,True,False
lsf,658,Manage positions page implementation,conwelld,User,closed,False,2026-07-22 18:17:14+00:00,2026-08-03T14:11:28Z,2026-08-03 14:11:27+00:00,2026-08-03 14:11:27+00:00,True,MImran2002,User,179,27,10,21,0,19,https://github.com/BCStudentSoftwareDevTeam/lsf/pull/658,283.9036111111111,11.82931712962963,False,True
lsf,660,Created an Individual Positions Detail Page,ACBerea,User,closed,False,2026-07-30 16:03:55+00:00,2026-08-04T21:18:30Z,2026-08-04 21:18:29+00:00,2026-08-04 21:18:29+00:00,True,MImran2002,User,983,41,16,28,0,7,https://github.com/BCStudentSoftwareDevTeam/lsf/pull/660,125.24277777777777,5.218449074074074,False,True
lsf,661,added my name to the contributor list,brightfietsop-ux,User,closed,False,2026-07-30 19:09:12+00:00,2026-07-30T19:10:27Z,2026-07-30 19:10:15+00:00,2026-07-30 19:10:15+00:00,True,brightfietsop-ux,User,3,1,1,1,0,0,https://github.com/BCStudentSoftwareDevTeam/lsf/pull/661,0.0175,0.0007291666666666667,False,False
lsf,662,Annual Position Review Button,johnlolonga19,User,open,False,2026-08-03 18:15:54+00:00,2026-09-16T22:48:54Z,,,False,,,592,136,15,34,1,41,https://github.com/BCStudentSoftwareDevTeam/lsf/pull/662,,,False,False
lsf,663,Editpositionpagealpha,NYABUTOA,User,closed,False,2026-08-03 21:33:55+00:00,2026-08-04T14:12:02Z,2026-08-04 14:12:02+00:00,,False,,,716,37,16,24,0,0,https://github.com/BCStudentSoftwareDevTeam/lsf/pull/663,,,True,False
lsf,664,Edit position page,NYABUTOA,User,open,False,2026-08-04 16:03:08+00:00,2026-08-07T17:50:43Z,,,False,,,244,7,6,9,4,30,https://github.com/BCStudentSoftwareDevTeam/lsf/pull/664,,,False,False
lsf,665,Standardizing Allocation Logic,BetterRocket,User,closed,False,2026-08-04 18:29:02+00:00,2026-08-04T20:06:58Z,2026-08-04 20:06:58+00:00,2026-08-04 20:06:58+00:00,True,MImran2002,User,315,0,2,5,0,4,https://github.com/BCStudentSoftwareDevTeam/lsf/pull/665,1.6322222222222222,0.06800925925925926,False,True
lsf,666,Adding an Allocation Review & an Allocation Request Pages,ArtemKurasov,User,closed,True,2026-08-05 20:49:56+00:00,2026-08-05T20:50:46Z,2026-08-05 20:50:46+00:00,,False,,,748,78,16,16,0,0,https://github.com/BCStudentSoftwareDevTeam/lsf/pull/666,,,True,False
lsf,667,Create a page for departments to view their allocations,fritzj2,User,closed,False,2026-08-05 20:58:34+00:00,2026-08-25T18:35:49Z,2026-08-25 18:35:49+00:00,2026-08-25 18:35:49+00:00,True,MImran2002,User,1240,19,11,62,1,19,https://github.com/BCStudentSoftwareDevTeam/lsf/pull/667,477.62083333333334,19.900868055555556,False,True
lsf,668, Adding an Allocation Review & an Allocation Request Pages,ArtemKurasov,User,closed,False,2026-08-05 20:59:27+00:00,2026-08-21T20:47:09Z,2026-08-21 20:47:09+00:00,2026-08-21 20:47:09+00:00,True,MImran2002,User,788,282,19,31,0,12,https://github.com/BCStudentSoftwareDevTeam/lsf/pull/668,383.795,15.991458333333334,False,True
lsf,669,Labor position review page,nahom70,User,open,True,2026-08-07 14:16:36+00:00,2026-09-15T00:08:59Z,,,False,,,1505,286,19,83,0,0,https://github.com/BCStudentSoftwareDevTeam/lsf/pull/669,,,False,False
lsf,670,Create Logic to Notify Academic Advisors of Overloads,ACBerea,User,open,False,2026-08-07 20:23:07+00:00,2026-08-07T20:23:07Z,,,False,,,30,8,4,13,0,0,https://github.com/BCStudentSoftwareDevTeam/lsf/pull/670,,,False,False
lsf,671,New backend logic for the Manage Departmetnts table.,zhytkovd,User,open,False,2026-08-08 23:57:42+00:00,2026-09-15T15:55:13Z,,,False,,,790,2199,30,10,0,0,https://github.com/BCStudentSoftwareDevTeam/lsf/pull/671,,,False,False
urcpp,177,Setup updates,sreynit02,User,closed,False,2022-02-15 20:55:57+00:00,2022-03-22T14:57:28Z,2022-03-22 14:57:27+00:00,2022-03-22 14:57:27+00:00,True,,,55,26,5,12,0,6,https://github.com/BCStudentSoftwareDevTeam/urcpp/pull/177,834.025,34.751041666666666,False,True
urcpp,178,Closing Time was Set Before Midnight,sreynit02,User,closed,False,2022-02-18 19:04:47+00:00,2022-03-22T14:58:58Z,2022-03-22 14:58:55+00:00,2022-03-22 14:58:55+00:00,True,,,1,1,1,3,0,0,https://github.com/BCStudentSoftwareDevTeam/urcpp/pull/178,763.9022222222222,31.82925925925926,False,True
urcpp,181,Stipend ,Lyisus,User,closed,False,2022-03-15 19:36:24+00:00,2022-03-22T14:57:29Z,2022-03-22 14:57:26+00:00,2022-03-22 14:57:26+00:00,True,,,186,126,13,18,0,0,https://github.com/BCStudentSoftwareDevTeam/urcpp/pull/181,163.35055555555556,6.806273148148148,False,True
urcpp,183,Setup Instructions + Closing time + Stipend Field,sreynit02,User,open,False,2022-04-06 19:30:50+00:00,2024-01-16T19:30:17Z,,,False,,,80,76,2,4,1,0,https://github.com/BCStudentSoftwareDevTeam/urcpp/pull/183,,,False,False
urcpp,192,Improving the Devcontainer,hoerstl,User,closed,False,2025-02-04 16:52:48+00:00,2025-02-13T16:19:13Z,2025-02-13 16:18:55+00:00,2025-02-13 16:18:55+00:00,True,,,67,29,7,3,3,0,https://github.com/BCStudentSoftwareDevTeam/urcpp/pull/192,215.43527777777777,8.976469907407408,False,True
urcpp,194,Fixing presentation of proposal due time,sheggen,User,open,False,2025-02-13 19:12:42+00:00,2025-02-21T18:40:24Z,,,False,,,4,4,2,1,1,0,https://github.com/BCStudentSoftwareDevTeam/urcpp/pull/194,,,False,False
urcpp,195,Fix devcontainer,hoerstl,User,closed,False,2025-03-14 14:32:51+00:00,2025-10-02T17:39:22Z,2025-10-02 17:39:05+00:00,2025-10-02 17:39:05+00:00,True,,,9,10,5,4,0,0,https://github.com/BCStudentSoftwareDevTeam/urcpp/pull/195,4851.103888888889,202.1293287037037,False,True
cas,386,added min='0',zachneill,User,closed,False,2021-06-02 15:01:18+00:00,2021-06-03T13:10:40Z,2021-06-02 15:01:29+00:00,,False,,,1,1,1,1,0,0,https://github.com/BCStudentSoftwareDevTeam/cas/pull/386,,,True,False
cas,387,Fixes issue 361 Room Capacity Number Input Allows Negative Values,zachneill,User,closed,False,2021-06-02 15:06:33+00:00,2021-06-03T13:10:40Z,2021-06-03 13:10:26+00:00,2021-06-03 13:10:26+00:00,True,,,1,1,1,1,1,0,https://github.com/BCStudentSoftwareDevTeam/cas/pull/387,22.064722222222223,0.9193634259259259,False,True
cas,388,centered submit button,tylerpar99,User,closed,False,2021-06-02 15:26:05+00:00,2021-06-03T13:12:36Z,2021-06-03 13:08:10+00:00,2021-06-03 13:08:09+00:00,True,,,4,4,1,1,0,0,https://github.com/BCStudentSoftwareDevTeam/cas/pull/388,21.70111111111111,0.9042129629629629,False,True
cas,389,removed jinja conditional that checks for approved_special_topics,Sandesh-L,User,closed,False,2021-06-02 21:08:57+00:00,2021-06-03T13:12:26Z,2021-06-03 13:06:42+00:00,2021-06-03 13:06:42+00:00,True,,,0,2,1,1,0,0,https://github.com/BCStudentSoftwareDevTeam/cas/pull/389,15.9625,0.6651041666666667,False,True
cas,391,CAS #358: Wording When Scheduling a Course,sreynit02,User,closed,False,2021-06-03 16:20:07+00:00,2021-09-17T15:27:24Z,2021-09-17 15:27:18+00:00,2021-09-17 15:27:18+00:00,True,,,3,1,1,2,0,1,https://github.com/BCStudentSoftwareDevTeam/cas/pull/391,2543.119722222222,105.96332175925926,False,True
cas,392,changed footer class in css and added navbar-fixed-bottom to footer.html,zachneill,User,closed,False,2021-06-04 13:46:21+00:00,2021-06-10T13:06:05Z,2021-06-10 13:06:02+00:00,2021-06-10 13:06:02+00:00,True,,,2,2,2,1,1,0,https://github.com/BCStudentSoftwareDevTeam/cas/pull/392,143.32805555555555,5.972002314814815,False,True
cas,394,Added an option to credit load for edit special topics for admin,Sandesh-L,User,closed,False,2021-06-04 15:02:18+00:00,2021-09-17T15:25:06Z,2021-09-17 15:25:03+00:00,2021-09-17 15:25:03+00:00,True,,,3,0,1,1,0,0,https://github.com/BCStudentSoftwareDevTeam/cas/pull/394,2520.3791666666666,105.01579861111111,False,True
cas,395,Cross listed course,gastonjarju,User,closed,False,2021-06-04 19:14:23+00:00,2021-09-17T15:24:11Z,2021-09-17 15:24:09+00:00,2021-09-17 15:24:09+00:00,True,,,5,1,2,6,0,0,https://github.com/BCStudentSoftwareDevTeam/cas/pull/395,2516.1627777777776,104.84011574074073,False,True
cas,396,Handling cancel image upload 373,zachneill,User,closed,False,2021-06-07 16:35:04+00:00,2022-02-24T16:27:37Z,2022-02-24 16:27:34+00:00,2022-02-24 16:27:34+00:00,True,,,4,10,4,8,2,1,https://github.com/BCStudentSoftwareDevTeam/cas/pull/396,6287.875,261.9947916666667,False,True
cas,397,Properly routing custom error pages.,tylerpar99,User,closed,False,2021-06-07 20:03:10+00:00,2021-09-17T15:21:11Z,2021-09-17 15:20:10+00:00,2021-09-17 15:20:10+00:00,True,,,29,22,7,2,0,0,https://github.com/BCStudentSoftwareDevTeam/cas/pull/397,2443.2833333333333,101.80347222222223,False,True
cas,398,Added closing table tag and fixed line break,zachneill,User,closed,False,2021-06-07 21:37:27+00:00,2021-09-17T15:18:49Z,2021-09-17 15:18:44+00:00,2021-09-17 15:18:44+00:00,True,,,4,4,1,1,1,0,https://github.com/BCStudentSoftwareDevTeam/cas/pull/398,2441.6880555555554,101.7370023148148,False,True
cas,399,CAS Issue #362 Modal on top of the modal,Karina-Agliullova,User,closed,False,2021-06-08 18:49:59+00:00,2021-09-17T15:34:39Z,2021-09-17 15:34:36+00:00,2021-09-17 15:34:36+00:00,True,,,28,22,1,6,0,0,https://github.com/BCStudentSoftwareDevTeam/cas/pull/399,2420.743611111111,100.86431712962963,False,True
cas,401,CAS Issue #400 Accessibility dropdown previewer,Karina-Agliullova,User,closed,False,2021-06-09 14:51:28+00:00,2021-09-17T15:35:11Z,2021-09-17 15:35:07+00:00,2021-09-17 15:35:07+00:00,True,,,1,1,1,1,0,0,https://github.com/BCStudentSoftwareDevTeam/cas/pull/401,2400.7275,100.0303125,False,True
cas,402,"Fixed error for overlapping modals and added 'x' icon to popover, then made popover on editActiveCourses into a tooltip.",tylerpar99,User,closed,False,2021-06-09 15:20:08+00:00,2021-11-17T19:22:09Z,2021-09-17 15:37:27+00:00,2021-09-17 15:37:27+00:00,True,,,64,38,8,4,1,0,https://github.com/BCStudentSoftwareDevTeam/cas/pull/402,2400.288611111111,100.01202546296297,False,True
cas,404,Users and current users dropdown does not disappear 367,zachneill,User,closed,False,2021-06-09 17:28:13+00:00,2021-09-17T15:33:53Z,2021-09-17 15:33:53+00:00,2021-09-17 15:33:53+00:00,True,,,30,18,1,1,1,0,https://github.com/BCStudentSoftwareDevTeam/cas/pull/404,2398.0944444444444,99.92060185185186,False,True
cas,407,clicking edit course x modal takes you to the right pages,zachneill,User,closed,False,2021-06-10 15:28:56+00:00,2021-11-19T20:18:10Z,2021-11-19 20:17:02+00:00,2021-11-19 20:17:02+00:00,True,,,37,3,5,9,0,1,https://github.com/BCStudentSoftwareDevTeam/cas/pull/407,3892.8016666666667,162.20006944444444,False,True
cas,411,footer does not overlay over buttons,zachneill,User,closed,False,2021-06-10 17:46:02+00:00,2021-09-09T14:22:29Z,2021-09-09 14:22:20+00:00,2021-09-09 14:22:20+00:00,True,,,2,2,1,1,0,0,https://github.com/BCStudentSoftwareDevTeam/cas/pull/411,2180.605,90.85854166666667,False,True
cas,413,Added conditional for admin to view all courses,tylerpar99,User,closed,False,2021-06-11 19:03:03+00:00,2021-11-17T16:29:05Z,2021-11-17 16:29:04+00:00,,False,,,49,49,1,4,1,2,https://github.com/BCStudentSoftwareDevTeam/cas/pull/413,,,True,False
cas,420,Ordering Course Name Alphabetically,sreynit02,User,closed,False,2022-02-01 20:51:12+00:00,2022-02-07T19:55:02Z,2022-02-07 19:55:02+00:00,2022-02-07 19:55:02+00:00,True,,,2,2,2,2,1,0,https://github.com/BCStudentSoftwareDevTeam/cas/pull/420,143.0638888888889,5.96099537037037,False,True
cas,421,CAS: Crosslisted Functionality Broken ,mupotsal,User,closed,False,2022-02-07 16:14:18+00:00,2022-02-07T20:03:50Z,2022-02-07 20:03:42+00:00,2022-02-07 20:03:42+00:00,True,,,21,10,2,1,0,0,https://github.com/BCStudentSoftwareDevTeam/cas/pull/421,3.8233333333333333,0.15930555555555556,False,True
cas,422,Crosslisted feature,mupotsal,User,closed,False,2022-02-15 20:43:06+00:00,2022-02-28T15:59:45Z,2022-02-24 16:30:14+00:00,2022-02-24 16:30:14+00:00,True,,,16,10,2,2,1,0,https://github.com/BCStudentSoftwareDevTeam/cas/pull/422,211.78555555555556,8.824398148148148,False,True
cas,423,Crosslisted feature,mupotsal,User,closed,False,2022-02-28 17:39:15+00:00,2022-03-23T15:11:12Z,2022-03-23 15:11:08+00:00,2022-03-23 15:11:08+00:00,True,,,10,19,2,2,0,0,https://github.com/BCStudentSoftwareDevTeam/cas/pull/423,549.5313888888888,22.8971412037037,False,True
cas,429,Containerized CAS dev environment,AndersonStettner,User,closed,False,2024-04-17 13:10:37+00:00,2024-04-17T14:35:26Z,2024-04-17 14:35:20+00:00,2024-04-17 14:35:20+00:00,True,,,74,6,5,6,0,0,https://github.com/BCStudentSoftwareDevTeam/cas/pull/429,1.4119444444444444,0.05883101851851852,False,True
cas,434,432 fix division scrolling,hoerstl,User,closed,False,2024-10-21 21:12:20+00:00,2024-12-20T21:18:03Z,2024-12-20 21:18:00+00:00,2024-12-20 21:18:00+00:00,True,,,287,380,21,14,2,0,https://github.com/BCStudentSoftwareDevTeam/cas/pull/434,1440.0944444444444,60.003935185185185,False,True
